N,P,K,Soil_pH,Soil_Moisture,Soil_Type,Organic_Carbon,Temperature,Humidity,Rainfall,Sunlight_Hours,Wind_Speed,Region,Altitude,Season,Crop_Type,Irrigation_Type,Fertilizer_Used,Pesticide_Used,Crop_Yield_ton_per_hectare,r
136,96,113,4.83,42.97,Silt,0.45,18.59,31.89,607.18,8.75,5.49,East,765,Kharif,Sugarcane,Rainfed,274.02,2.72,72.53,0.5986584841970366
117,90,86,7.21,26.91,Clay,1.29,15.14,42.03,1045.25,7.24,10.21,North,57,Rabi,Sugarcane,Sprinkler,231.33,21.83,75.1,0.7080725777960455
51,39,65,5.59,48.78,Clay,1.0,15.43,69.11,1501.43,8.06,9.42,West,1681,Zaid,Sugarcane,Canal,235.21,8.19,75.13,0.29214464853521815
44,57,20,5.85,53.12,Silt,0.64,28.84,52.07,1108.74,6.29,2.15,Central,1601,Kharif,Sugarcane,Rainfed,225.57,9.48,73.6,0.19967378215835974
137,51,80,6.82,18.55,Clay,1.3,26.05,71.88,474.07,7.04,3.9,Central,2022,Zaid,Sugarcane,Sprinkler,304.68,3.39,75.45,0.5924145688620425
160,61,33,6.14,25.82,Loamy,1.55,33.42,64.94,847.42,9.09,2.87,East,523,Kharif,Sugarcane,Rainfed,326.09,11.65,75.78,0.17052412368729153
164,28,96,6.2,25.98,Clay,0.35,37.91,67.63,307.14,10.05,12.58,Central,1412,Zaid,Sugarcane,Drip,128.45,17.69,73.16,0.9488855372533332
119,44,57,4.9,53.76,Clay,1.21,24.54,57.36,1770.52,4.46,10.31,East,925,Kharif,Sugarcane,Sprinkler,321.39,2.99,75.51,0.034388521115218396
33,56,124,7.85,52.15,Loamy,0.53,28.77,77.68,401.03,6.06,3.49,North,956,Rabi,Sugarcane,Sprinkler,267.4,6.63,75.98,0.045227288910538066
69,77,101,5.91,38.85,Silt,1.17,30.03,88.5,2119.33,8.29,7.0,West,101,Rabi,Sugarcane,Drip,349.95,13.98,77.11,0.14092422497476265
82,71,20,5.62,62.86,Sandy,0.98,20.47,63.3,955.52,6.12,11.49,South,298,Zaid,Sugarcane,Rainfed,126.04,1.2,73.72,0.9868869366005173
153,57,84,6.06,49.09,Sandy,0.52,38.02,81.34,1220.4,10.73,5.27,West,52,Kharif,Sugarcane,Drip,113.85,5.45,74.59,0.1987156815341724
44,56,144,5.56,19.32,Loamy,1.4,20.14,55.7,2352.53,4.82,1.91,Central,1389,Zaid,Sugarcane,Sprinkler,308.0,24.3,76.42,0.8154614284548342
57,42,67,7.48,49.9,Sandy,0.84,12.74,75.01,1853.02,8.93,9.45,South,1187,Kharif,Sugarcane,Canal,221.51,16.22,74.67,0.1195942459383017
164,40,21,5.85,62.79,Silt,0.72,23.02,89.59,2353.06,9.35,3.87,South,338,Kharif,Sugarcane,Canal,184.6,14.89,76.56,0.713244787222995
133,69,61,6.65,48.64,Clay,0.87,21.89,80.29,2752.35,6.51,7.7,Central,508,Zaid,Sugarcane,Rainfed,277.19,9.76,79.11,0.10789142699330445
64,37,29,4.83,56.81,Loamy,0.86,33.28,84.85,756.79,5.72,15.25,North,487,Kharif,Sugarcane,Drip,231.42,17.94,72.4,0.03142918568673425
130,48,52,6.13,51.52,Sandy,1.39,21.64,47.94,1702.9,9.62,10.23,South,881,Rabi,Sugarcane,Canal,231.63,18.41,76.07,0.6364104112637804
160,83,88,7.88,30.99,Clay,0.63,30.96,84.17,2550.33,7.73,9.78,East,51,Zaid,Sugarcane,Drip,136.05,8.1,75.77,0.3143559810763267
71,59,102,8.04,36.72,Sandy,0.81,19.91,42.58,1127.52,7.97,10.56,East,189,Kharif,Sugarcane,Rainfed,294.99,19.36,74.92,0.16122128725400442
81,51,122,5.66,29.7,Sandy,0.88,13.35,34.86,1973.26,8.23,15.81,East,107,Rabi,Sugarcane,Canal,113.86,14.16,74.61,0.8714605901877177
65,17,48,7.59,15.26,Silt,1.15,15.77,37.46,1307.37,10.81,7.24,Central,463,Zaid,Sugarcane,Sprinkler,163.81,8.88,72.39,0.8074401551640625
157,67,76,6.66,58.05,Silt,1.39,25.96,88.96,1273.23,9.99,12.77,West,1525,Kharif,Sugarcane,Drip,156.84,23.93,75.33,0.5187906217433661
121,67,132,6.71,19.78,Silt,0.87,24.76,32.91,1550.12,5.77,4.13,Central,530,Zaid,Sugarcane,Drip,266.12,0.95,76.18,0.7030189588951778
91,40,110,8.2,60.36,Loamy,1.16,13.55,47.31,2033.93,8.31,15.93,East,1385,Kharif,Sugarcane,Sprinkler,82.03,19.82,73.06,0.6095643339798968
88,43,62,7.31,17.88,Clay,0.73,24.46,66.24,1246.21,10.04,11.35,South,1885,Rabi,Sugarcane,Drip,348.62,5.93,74.43,0.05147875124998935
81,71,115,6.74,18.58,Sandy,0.72,22.99,81.97,847.13,5.76,9.53,East,785,Rabi,Sugarcane,Sprinkler,221.81,24.89,74.83,0.489452760277563
41,17,77,5.8,16.6,Clay,1.37,22.83,79.04,2618.96,10.02,9.23,East,1957,Zaid,Sugarcane,Rainfed,191.63,14.51,75.41,0.9856504541106007
68,32,115,5.62,24.88,Clay,1.19,30.57,42.3,2619.5,4.52,10.32,North,571,Rabi,Sugarcane,Rainfed,247.88,17.26,77.75,0.2420552715115004
82,25,106,4.91,40.72,Loamy,1.24,31.16,47.17,340.72,5.14,12.33,West,759,Rabi,Sugarcane,Drip,309.74,24.12,73.9,0.016587828927856152
152,91,75,5.79,57.19,Clay,1.54,14.14,31.2,484.07,7.96,9.1,West,1188,Rabi,Sugarcane,Sprinkler,227.1,23.98,75.04,0.22649577519793795
153,26,147,4.83,21.68,Silt,0.67,32.13,49.45,1843.19,10.29,3.64,West,687,Zaid,Sugarcane,Canal,327.48,2.96,75.59,0.877339353380981
125,18,131,5.05,58.9,Sandy,0.97,38.67,58.18,2368.73,6.62,12.35,North,1542,Kharif,Sugarcane,Drip,224.68,11.91,76.2,0.9004180571633305
31,43,62,7.76,18.93,Loamy,0.4,27.81,77.87,845.38,10.7,4.75,South,1301,Kharif,Sugarcane,Sprinkler,85.82,7.36,72.95,0.005061583846218687
77,37,33,7.57,16.02,Loamy,0.78,25.93,76.87,1666.87,5.9,13.48,Central,124,Kharif,Sugarcane,Drip,219.79,6.92,72.89,0.5487337893665861
128,42,20,6.38,22.83,Sandy,1.58,13.1,62.0,2785.99,9.15,3.66,South,1342,Kharif,Sugarcane,Rainfed,221.57,22.32,76.17,0.7121792213475359
77,24,84,6.25,63.51,Loamy,0.51,13.08,37.39,1260.54,5.57,9.12,West,717,Zaid,Sugarcane,Drip,72.7,0.82,74.25,0.3253996981592677
160,61,144,6.85,23.03,Sandy,1.42,21.77,41.65,655.48,4.78,15.1,North,376,Kharif,Sugarcane,Sprinkler,228.91,18.94,74.93,0.7464914051180241
128,33,60,6.79,64.75,Clay,1.54,29.33,49.54,1545.48,6.75,15.53,North,777,Rabi,Sugarcane,Canal,284.5,10.0,76.49,0.3930977246667604
111,34,115,6.2,62.4,Loamy,1.2,29.84,38.69,2521.74,4.93,6.48,East,1222,Zaid,Sugarcane,Rainfed,107.47,20.51,75.72,0.5769038846263591
177,31,139,6.1,44.86,Clay,1.06,21.39,87.07,1838.68,7.2,12.54,Central,670,Zaid,Sugarcane,Canal,172.85,5.91,75.79,0.17711067940704894
157,68,89,5.14,50.01,Silt,1.29,27.65,46.75,2549.99,8.35,15.97,Central,1629,Zaid,Sugarcane,Rainfed,97.63,20.65,75.5,0.9404585843529143
62,36,22,6.8,21.1,Clay,0.86,27.62,72.69,2450.87,7.72,4.82,North,845,Zaid,Sugarcane,Canal,91.62,8.33,73.93,0.9283185625877254
146,54,70,6.43,39.96,Loamy,0.65,30.17,62.12,2628.67,5.19,17.15,West,122,Rabi,Sugarcane,Drip,342.56,17.77,78.61,0.35949115121975517
53,47,120,6.77,42.41,Silt,0.76,29.73,84.72,1641.17,4.43,5.67,East,1664,Kharif,Sugarcane,Sprinkler,285.22,2.58,75.46,0.9132405525564713
75,51,62,5.01,44.69,Sandy,0.95,12.23,58.69,357.85,10.35,4.97,Central,992,Zaid,Sugarcane,Drip,181.36,1.95,72.73,0.5015162946871996
124,50,92,4.92,31.62,Silt,1.16,32.62,66.28,2502.7,10.06,10.11,East,414,Rabi,Sugarcane,Canal,270.03,13.22,76.83,0.7982951789667752
145,35,114,7.16,62.28,Silt,0.99,22.83,84.14,1510.56,7.59,1.45,West,244,Kharif,Sugarcane,Sprinkler,67.61,3.65,74.69,0.7019668772577033
83,58,105,7.68,44.23,Silt,1.15,20.08,59.81,2651.88,4.4,10.89,South,763,Rabi,Sugarcane,Drip,201.47,20.3,76.02,0.093981939840869
133,63,123,7.91,57.2,Silt,1.42,16.32,62.03,1610.4,5.52,8.79,South,2065,Kharif,Sugarcane,Rainfed,154.12,10.88,74.78,0.46559801813246016
166,78,141,8.08,43.18,Clay,1.24,15.96,38.12,2457.86,9.91,2.22,West,2186,Rabi,Sugarcane,Drip,279.15,23.22,78.31,0.5222432600548044
99,92,144,5.27,48.76,Sandy,1.11,24.76,40.69,2133.49,5.11,16.43,Central,1585,Rabi,Sugarcane,Rainfed,186.94,20.01,76.6,0.5543540525114007
37,81,77,4.99,32.86,Loamy,1.15,21.69,33.08,473.54,6.87,16.99,North,1475,Kharif,Sugarcane,Drip,130.05,2.44,72.15,0.3559726786512616
123,45,113,5.68,15.21,Sandy,0.48,37.26,59.9,2355.13,5.8,7.79,East,926,Rabi,Sugarcane,Drip,195.25,6.8,74.74,0.09783416065100148
128,36,45,7.97,49.36,Sandy,0.94,26.94,46.53,1036.86,8.19,17.52,East,502,Rabi,Sugarcane,Sprinkler,240.85,22.76,72.12,0.4734717707805657
81,15,69,6.14,37.28,Silt,1.43,13.24,82.74,601.79,8.8,8.37,Central,1692,Kharif,Sugarcane,Rainfed,340.96,15.66,75.2,0.43385164923797304
174,61,92,6.21,25.94,Clay,0.49,37.67,87.07,1952.77,7.91,10.91,North,1514,Kharif,Sugarcane,Sprinkler,70.07,21.54,74.58,0.5031362585800877
169,28,84,5.93,30.08,Clay,0.34,33.35,88.67,1725.04,4.98,10.92,West,1795,Zaid,Sugarcane,Drip,291.28,15.14,76.49,0.45825289049151663
158,58,83,5.21,18.93,Loamy,0.95,13.61,58.95,1543.09,6.16,3.82,West,865,Rabi,Sugarcane,Canal,328.61,7.14,75.32,0.5456167893159349
147,61,135,5.87,62.45,Clay,0.46,19.22,61.06,2511.61,5.7,16.9,West,436,Zaid,Sugarcane,Rainfed,304.7,17.75,76.61,0.10077800137742665
51,30,113,7.67,49.49,Loamy,1.03,13.82,64.08,754.8,9.02,8.33,South,229,Rabi,Sugarcane,Drip,155.96,8.59,72.59,0.023271935735825866
62,64,73,5.64,20.62,Sandy,0.63,39.4,41.15,1517.34,6.84,8.97,West,1791,Kharif,Sugarcane,Sprinkler,65.35,9.81,72.87,0.9905051420006733
52,34,71,7.92,62.59,Sandy,1.5,36.12,32.28,2188.56,5.55,5.55,North,1799,Rabi,Sugarcane,Sprinkler,241.22,18.5,73.88,0.37201808579278317
167,48,56,4.87,64.41,Clay,1.37,17.32,82.7,2019.5,6.1,16.21,West,1319,Kharif,Sugarcane,Sprinkler,137.47,21.55,75.02,0.42899402737501835
125,59,30,5.0,52.63,Clay,0.57,27.01,37.43,1475.49,7.39,8.44,West,1025,Zaid,Sugarcane,Canal,223.48,7.22,74.18,0.7545428740846823
98,94,85,5.01,60.46,Clay,1.01,23.47,36.89,407.62,6.74,7.24,East,364,Rabi,Sugarcane,Drip,251.52,1.84,74.68,0.9025529066795667
53,92,85,6.55,15.13,Clay,0.81,35.66,30.75,1590.21,6.27,16.39,East,607,Zaid,Sugarcane,Drip,275.95,3.12,75.22,0.32004960103061175
109,92,87,5.54,41.1,Sandy,1.15,29.45,85.91,837.82,4.64,2.16,North,1695,Zaid,Sugarcane,Sprinkler,348.4,11.94,76.15,0.8955232284962005
103,38,143,6.14,64.55,Clay,1.35,38.65,88.28,902.0,5.29,1.29,West,2054,Rabi,Sugarcane,Sprinkler,340.29,2.65,77.08,0.29321077169806453
41,94,105,5.7,63.94,Sandy,1.21,13.8,31.17,2701.53,4.84,12.17,South,412,Kharif,Sugarcane,Drip,72.04,1.57,76.05,0.7896181427945539
124,89,41,6.38,22.39,Loamy,0.62,39.11,53.53,2390.66,6.69,5.36,East,1860,Rabi,Sugarcane,Sprinkler,253.02,12.06,75.63,0.09120610304869037
119,70,44,7.94,53.25,Clay,0.33,20.38,82.95,799.98,8.73,11.61,East,493,Rabi,Sugarcane,Canal,153.59,9.14,72.17,0.14299168205283586
130,27,46,7.69,17.77,Silt,1.02,39.15,41.82,2795.96,5.14,15.18,East,304,Zaid,Sugarcane,Canal,226.36,17.31,74.03,0.08483771408519192
125,80,146,5.91,23.41,Clay,1.53,39.71,75.82,611.48,10.1,17.13,West,117,Zaid,Sugarcane,Sprinkler,168.07,12.02,72.35,0.3706421470668909
41,19,108,5.04,63.6,Silt,1.4,21.97,56.57,2101.72,6.94,11.87,South,1691,Zaid,Sugarcane,Sprinkler,120.78,11.96,73.12,0.9472485773838587
129,60,79,6.24,20.98,Silt,1.07,37.52,46.47,1993.48,6.03,12.21,East,1631,Zaid,Sugarcane,Rainfed,249.25,22.7,75.38,0.11752624677710488
173,89,94,7.27,32.26,Clay,0.47,21.82,76.14,539.81,5.86,6.31,Central,653,Rabi,Sugarcane,Sprinkler,256.93,4.45,74.73,0.012154474689816341
86,49,135,5.91,17.78,Clay,1.05,22.72,53.04,1707.4,5.07,1.55,South,84,Zaid,Sugarcane,Canal,241.21,23.71,75.84,0.5230978441701488
162,73,79,7.68,31.68,Clay,1.49,19.32,51.38,895.58,9.15,7.46,East,2123,Zaid,Sugarcane,Rainfed,119.6,1.77,71.84,0.901158010490989
105,61,24,5.38,48.89,Clay,1.15,17.74,51.19,2592.38,7.04,15.03,Central,1717,Kharif,Sugarcane,Canal,96.94,8.6,73.55,0.9504114840765587
170,93,34,5.97,17.1,Silt,1.35,26.29,48.02,896.55,9.14,13.14,Central,1157,Kharif,Sugarcane,Rainfed,318.86,6.86,74.03,0.1881211597237613
138,78,101,6.62,42.38,Sandy,0.76,27.76,63.51,1703.22,5.1,12.02,East,121,Zaid,Sugarcane,Sprinkler,233.44,9.56,74.4,0.5360963663441204
174,70,74,6.56,21.52,Sandy,1.3,19.77,54.51,2571.38,8.8,10.42,Central,812,Kharif,Sugarcane,Canal,311.12,5.27,77.86,0.6847311725538793
120,69,45,5.88,55.12,Silt,1.43,39.22,88.5,359.26,7.93,6.6,North,1127,Rabi,Sugarcane,Canal,290.17,18.46,75.7,0.9327284833540133
68,16,133,4.95,22.51,Silt,0.58,30.34,52.29,1771.89,4.7,4.88,West,2066,Zaid,Sugarcane,Rainfed,211.02,18.91,74.22,0.026366974497252005
155,98,31,5.23,58.91,Loamy,0.54,14.09,65.83,1239.96,4.43,4.21,South,1478,Kharif,Sugarcane,Canal,229.95,20.28,76.06,0.9872761293149445
134,43,91,6.94,30.22,Silt,1.03,38.55,66.04,1717.5,9.46,2.37,South,1155,Kharif,Sugarcane,Canal,291.43,17.93,76.27,0.8421189231357087
121,55,44,6.06,62.35,Silt,1.4,37.51,61.95,1870.1,7.47,9.49,Central,1190,Zaid,Sugarcane,Canal,302.69,0.9,77.36,0.4148195023376652
178,75,37,7.49,49.57,Silt,0.31,32.04,47.92,1097.96,5.27,9.96,East,1687,Rabi,Sugarcane,Canal,190.79,3.24,73.55,0.944765729882428
49,58,136,7.0,55.69,Clay,1.54,38.54,71.43,2478.72,9.96,2.2,West,891,Zaid,Sugarcane,Rainfed,347.77,7.32,78.52,0.12915941515149498
32,74,147,7.06,42.97,Sandy,0.54,30.45,38.1,1041.87,6.36,8.64,North,1373,Kharif,Sugarcane,Canal,193.69,1.32,75.06,0.7723183917356393
173,26,57,7.38,56.82,Sandy,0.72,32.57,30.21,2677.99,5.72,13.45,South,1293,Kharif,Sugarcane,Canal,170.55,1.08,73.99,0.5201635011119934
131,52,107,6.8,53.32,Loamy,0.88,33.66,88.83,1636.96,6.27,6.75,West,850,Zaid,Sugarcane,Drip,239.59,8.42,74.42,0.876653602658345
130,74,33,6.13,46.42,Silt,0.94,24.64,52.52,1029.59,5.43,4.35,East,2059,Kharif,Sugarcane,Drip,313.99,12.22,76.14,0.014544665667881929
75,54,77,4.87,48.5,Loamy,0.51,13.58,87.71,1109.87,9.52,8.89,North,644,Zaid,Sugarcane,Rainfed,130.62,3.95,74.64,0.43747492202372906
76,27,63,7.22,52.79,Loamy,1.07,22.0,84.23,2031.78,7.54,5.48,South,525,Zaid,Sugarcane,Drip,204.71,20.64,76.04,0.39654278232127016
85,98,37,6.56,47.66,Silt,0.58,39.27,36.23,2074.08,5.59,10.96,Central,1692,Rabi,Sugarcane,Rainfed,136.37,13.68,74.37,0.8623637087467452
92,29,108,7.35,52.43,Clay,1.12,15.99,45.6,1424.03,8.07,10.2,South,1000,Kharif,Sugarcane,Canal,124.44,17.69,74.07,0.07586332810866392
56,39,69,5.68,54.72,Clay,1.14,21.14,70.25,314.83,8.97,13.52,North,874,Zaid,Sugarcane,Rainfed,158.4,0.97,73.76,0.15190269351229435
134,23,113,7.62,58.8,Sandy,1.22,30.64,36.21,1219.64,10.01,2.36,Central,309,Rabi,Sugarcane,Sprinkler,79.35,13.84,74.41,0.6408747448032146
35,29,117,8.15,46.99,Silt,1.24,16.23,83.13,1895.19,10.7,8.61,South,952,Kharif,Sugarcane,Canal,165.09,12.85,73.43,0.6675577385210272
52,47,65,5.18,30.34,Loamy,0.5,10.2,75.52,1828.92,9.75,13.75,South,551,Kharif,Sugarcane,Canal,176.91,0.18,73.87,0.2785903390319586
82,91,107,5.61,22.53,Sandy,0.31,22.04,50.74,1472.78,6.16,1.83,North,1177,Zaid,Sugarcane,Drip,240.64,10.39,76.16,0.17701048427674682
80,88,60,6.88,44.75,Clay,1.33,36.2,68.85,1808.95,10.69,1.73,Central,2195,Rabi,Sugarcane,Drip,93.61,9.51,73.47,0.6903948286293653
141,90,42,7.26,43.76,Clay,1.09,23.66,42.83,438.23,10.5,16.76,North,1304,Zaid,Sugarcane,Canal,92.53,2.49,72.59,0.7474709381337565
127,93,111,6.97,24.59,Clay,0.44,17.52,66.28,2403.72,9.35,3.33,West,486,Zaid,Sugarcane,Drip,185.81,12.5,76.18,0.5326172664550232
120,48,55,5.36,20.45,Silt,1.08,10.87,35.03,447.98,10.82,13.41,North,877,Kharif,Sugarcane,Sprinkler,265.96,20.56,72.33,0.02007119777772637
80,73,99,5.81,47.92,Loamy,1.48,16.21,43.16,343.9,9.53,13.31,North,335,Kharif,Sugarcane,Canal,326.46,18.71,74.79,0.890527280739895
162,47,50,7.3,50.23,Silt,1.02,12.34,89.12,2144.42,6.35,10.47,East,1616,Rabi,Sugarcane,Drip,324.7,7.17,76.91,0.6791023191444896
140,65,29,6.63,39.68,Sandy,0.66,12.32,31.64,2559.55,9.08,4.93,South,2139,Kharif,Sugarcane,Drip,319.58,17.6,77.64,0.6057748193568872
54,21,108,5.16,17.57,Sandy,0.82,14.42,86.82,962.19,6.82,11.17,West,356,Kharif,Sugarcane,Rainfed,281.84,3.59,73.98,0.8967654246264252
90,64,35,7.82,36.02,Loamy,1.58,20.58,84.04,467.57,4.89,10.58,West,840,Zaid,Sugarcane,Drip,348.33,18.39,76.0,0.25790282704493983
99,36,98,6.71,15.27,Loamy,1.53,13.32,78.78,1141.01,10.08,2.1,East,287,Rabi,Sugarcane,Canal,169.29,1.44,74.45,0.9293759891275858
74,36,82,5.6,50.68,Clay,1.5,23.23,78.0,1186.31,10.68,14.97,East,199,Kharif,Sugarcane,Rainfed,211.24,6.14,75.47,0.507610378684455
85,23,78,5.3,62.81,Silt,1.26,14.36,67.24,995.88,7.71,3.86,South,2094,Rabi,Sugarcane,Rainfed,189.9,6.35,73.86,0.5812382214226123
123,81,149,7.69,58.21,Clay,1.26,17.01,38.83,570.67,9.72,17.78,West,64,Rabi,Sugarcane,Drip,238.62,12.1,74.34,0.1543627152742023
90,40,36,7.34,51.33,Loamy,0.7,37.81,46.48,2760.84,8.55,14.51,South,828,Zaid,Sugarcane,Sprinkler,345.18,3.37,78.3,0.3366042781939206
43,29,132,6.03,34.56,Sandy,1.41,12.89,88.27,1784.08,9.51,11.89,Central,1546,Kharif,Sugarcane,Rainfed,192.66,24.17,76.2,0.12429722348554473
140,30,126,5.89,40.7,Loamy,0.77,12.82,49.25,885.41,9.91,4.81,Central,1091,Zaid,Sugarcane,Drip,140.26,17.64,75.78,0.741120649290059
136,84,100,7.23,30.35,Sandy,1.42,20.75,79.56,1959.49,9.08,14.58,South,82,Zaid,Sugarcane,Drip,206.42,20.37,74.07,0.5744731131799119
47,80,125,6.53,19.59,Sandy,1.53,19.69,42.34,2478.55,8.04,9.57,West,1579,Kharif,Sugarcane,Drip,339.16,12.83,76.85,0.8418287767582721
57,48,85,6.34,53.67,Clay,1.38,14.74,39.89,2593.58,9.93,13.33,North,1623,Rabi,Sugarcane,Drip,137.06,1.81,76.73,0.16426579793099294
140,61,53,8.0,55.95,Silt,1.01,19.02,69.15,846.64,6.5,5.73,South,1520,Rabi,Sugarcane,Rainfed,141.2,3.18,73.42,0.3838912213732114
112,74,115,7.39,20.96,Clay,1.46,16.05,52.03,2166.9,6.27,8.26,Central,534,Kharif,Sugarcane,Sprinkler,332.07,4.88,74.72,0.9398321236134751
130,38,55,5.35,56.51,Loamy,1.49,12.56,65.16,474.39,10.08,8.27,South,1329,Zaid,Sugarcane,Rainfed,192.37,23.16,74.78,0.3349056146570861
50,37,128,7.79,51.93,Loamy,0.94,31.63,83.55,2019.75,6.46,4.22,North,53,Rabi,Sugarcane,Sprinkler,167.2,24.87,74.21,0.24848913981446574
33,48,71,7.27,49.73,Loamy,0.61,27.91,64.05,2304.62,6.58,3.79,North,281,Rabi,Sugarcane,Sprinkler,279.88,22.68,75.0,0.5698896848713165
84,84,21,5.93,47.6,Loamy,0.58,31.32,74.2,851.78,7.11,7.08,North,1433,Zaid,Sugarcane,Drip,153.01,22.77,73.15,0.8464522917345182
166,94,106,7.08,25.11,Silt,1.05,11.43,76.5,1054.21,7.59,7.17,South,2065,Rabi,Sugarcane,Sprinkler,255.84,5.49,75.37,0.12748866233198242
69,31,108,8.08,33.75,Silt,1.45,12.98,66.96,1183.44,5.45,6.51,North,223,Zaid,Sugarcane,Drip,242.76,6.57,73.72,0.14991742734877378
33,64,93,7.65,53.35,Silt,1.06,21.95,40.95,2080.47,9.51,2.9,South,1209,Kharif,Sugarcane,Rainfed,318.01,16.52,77.68,0.6939484444671
55,33,58,6.81,42.12,Clay,0.85,27.56,80.66,1254.21,4.32,4.07,East,1136,Zaid,Sugarcane,Canal,196.58,6.52,73.35,0.9472833396118153
162,22,67,5.64,33.4,Clay,1.53,32.45,81.83,524.05,9.26,17.84,North,537,Rabi,Sugarcane,Sprinkler,324.9,4.27,73.0,0.5862298320167972
142,46,126,5.81,56.38,Clay,0.44,19.47,64.81,1928.2,10.79,2.72,Central,1948,Rabi,Sugarcane,Drip,220.75,1.93,76.68,0.5651331835892089
169,79,47,4.91,57.89,Silt,0.94,20.47,30.77,600.29,9.45,12.62,East,1768,Rabi,Sugarcane,Sprinkler,320.85,18.11,76.81,0.6966508238768923
106,19,126,6.76,34.24,Clay,0.56,12.09,80.87,848.46,10.84,2.53,South,2086,Kharif,Sugarcane,Canal,287.99,24.03,75.61,0.11323804584075525
167,24,137,7.22,42.93,Silt,1.5,27.05,57.8,1316.1,8.11,3.16,West,1821,Rabi,Sugarcane,Rainfed,94.98,3.42,75.28,0.8698963620621283
159,60,100,7.02,35.94,Clay,1.47,12.83,33.04,2095.75,8.16,1.19,South,1633,Zaid,Sugarcane,Drip,128.76,21.64,75.17,0.5188380571260721
92,62,67,5.43,63.37,Sandy,0.41,33.98,63.0,1023.91,10.83,4.36,West,1288,Zaid,Sugarcane,Sprinkler,88.85,21.27,74.96,0.8028534485980114
102,41,77,6.97,41.61,Clay,0.56,29.49,52.44,2454.26,8.36,13.7,South,1832,Zaid,Sugarcane,Sprinkler,349.64,6.74,77.31,0.3334991716911442
46,32,49,7.79,31.85,Clay,1.52,30.77,78.41,1710.13,7.93,14.79,North,1280,Rabi,Sugarcane,Canal,210.1,16.6,73.9,0.3981686935909433
172,88,58,7.89,44.81,Clay,1.07,31.81,63.41,1347.08,8.34,11.57,West,1124,Rabi,Sugarcane,Sprinkler,139.21,22.49,75.0,0.9198556164127605
98,17,94,7.67,43.38,Sandy,0.53,12.13,80.91,994.55,9.55,2.42,East,1537,Kharif,Sugarcane,Rainfed,62.03,14.66,73.47,0.22460482293998196
166,48,65,5.85,45.49,Silt,0.87,34.5,30.73,1684.31,5.92,8.7,East,385,Zaid,Sugarcane,Rainfed,200.35,16.98,76.79,0.4189254495045479
105,56,79,6.66,49.2,Clay,0.3,21.02,74.21,732.63,10.83,5.72,West,975,Kharif,Sugarcane,Rainfed,96.7,20.76,74.37,0.9148459010681
179,56,77,5.06,49.14,Clay,1.29,15.57,79.95,2120.11,5.81,5.0,Central,1406,Rabi,Sugarcane,Canal,142.66,1.1,74.44,0.6635373720167106
101,51,68,6.73,41.37,Silt,1.15,21.42,74.8,939.93,8.05,11.72,Central,744,Kharif,Sugarcane,Canal,179.25,9.42,75.02,0.41462412372702373
89,32,131,6.59,48.35,Sandy,1.05,22.78,31.9,1148.32,9.96,5.22,Central,1186,Kharif,Sugarcane,Rainfed,339.59,10.61,76.55,0.5953850173200438
64,33,104,6.78,51.71,Sandy,1.08,30.19,36.89,2055.55,6.23,2.18,Central,1317,Kharif,Sugarcane,Sprinkler,159.63,21.0,72.82,0.7499604703991778
152,31,117,6.9,39.15,Clay,0.31,36.03,36.03,2653.96,7.13,12.16,West,561,Kharif,Sugarcane,Sprinkler,111.68,13.53,78.31,0.20513964048200717
118,86,29,7.07,59.34,Silt,0.78,22.37,69.54,1231.78,4.42,4.42,Central,1977,Zaid,Sugarcane,Drip,271.82,5.39,76.34,0.5648411332626164
175,21,81,6.04,59.74,Loamy,0.35,21.11,45.84,1429.99,4.69,7.51,Central,735,Rabi,Sugarcane,Drip,159.6,11.96,74.43,0.4532888347480276
133,76,74,6.4,25.41,Sandy,1.54,30.71,32.8,2274.16,8.46,12.28,North,1745,Zaid,Sugarcane,Canal,110.65,23.85,74.19,0.5596403313082179
43,31,47,5.39,44.99,Sandy,1.05,27.87,60.7,2793.12,9.1,14.38,West,550,Rabi,Sugarcane,Sprinkler,236.89,4.64,75.44,0.1552402459307125
61,34,120,6.09,41.65,Silt,0.78,16.37,58.89,1400.08,4.61,18.0,Central,462,Kharif,Sugarcane,Sprinkler,235.01,4.12,76.37,0.18192813049527112
172,62,88,7.09,52.9,Clay,0.7,26.8,48.37,1970.05,4.7,14.06,West,1743,Zaid,Sugarcane,Rainfed,63.94,19.66,74.82,0.6439995432390158
82,27,98,5.08,49.76,Loamy,1.54,29.73,51.54,2309.05,7.87,13.83,West,1671,Zaid,Sugarcane,Sprinkler,150.74,8.23,75.35,0.02538635566034486
126,27,140,7.68,54.54,Clay,1.05,39.01,46.79,1725.06,7.94,6.9,South,1990,Kharif,Sugarcane,Drip,255.44,11.5,76.74,0.6527461078518747
115,55,89,5.11,37.72,Sandy,0.86,14.74,59.79,2130.71,10.58,15.6,North,1107,Rabi,Sugarcane,Drip,97.45,7.55,73.51,0.09944139275934516
95,91,122,7.17,59.32,Silt,1.1,11.37,68.05,731.01,4.94,13.73,West,995,Rabi,Sugarcane,Canal,76.56,7.08,72.41,0.24317219099945409
39,15,121,5.68,41.94,Clay,0.8,33.85,68.88,2148.86,7.73,15.67,South,1409,Zaid,Sugarcane,Canal,271.94,0.46,74.49,0.7222669318556592
147,24,75,5.17,29.82,Silt,1.56,32.97,63.61,2399.14,5.21,2.25,South,637,Kharif,Sugarcane,Drip,101.3,13.36,74.27,0.20498429541582097
76,81,127,7.48,27.28,Clay,0.65,17.87,63.25,1483.32,8.71,16.99,North,182,Zaid,Sugarcane,Rainfed,262.88,16.33,73.66,0.5830415609696922
144,50,77,6.51,31.81,Silt,1.23,14.77,87.21,1677.75,5.85,6.98,West,1828,Rabi,Sugarcane,Sprinkler,121.51,11.85,75.78,0.2594234334312925
65,28,116,7.01,56.06,Loamy,1.08,24.57,74.14,2351.34,6.04,1.08,West,2177,Rabi,Sugarcane,Sprinkler,228.29,15.83,77.36,0.3796924081672669
136,49,115,5.83,15.96,Sandy,0.4,23.91,67.52,404.86,5.23,13.08,Central,1286,Rabi,Sugarcane,Rainfed,336.13,0.36,74.39,0.42521350446923345
140,68,117,7.05,24.32,Sandy,1.05,10.41,73.49,998.49,4.7,11.06,North,1175,Kharif,Sugarcane,Sprinkler,169.2,12.29,74.59,0.6334782198261473
60,25,112,4.83,51.45,Loamy,0.89,35.83,88.33,1968.59,9.29,12.76,North,688,Kharif,Sugarcane,Canal,347.39,1.75,75.14,0.274055220687206
92,74,143,7.35,35.05,Loamy,1.37,10.32,34.03,383.55,6.48,8.66,West,752,Rabi,Sugarcane,Sprinkler,280.35,4.7,75.35,0.7190459051842455
54,51,92,5.47,50.85,Sandy,0.9,37.46,61.43,539.3,9.14,15.4,East,1864,Kharif,Sugarcane,Rainfed,87.71,8.41,73.65,0.297121715623175
119,35,129,4.8,22.08,Clay,0.36,20.65,55.32,1074.12,8.59,16.11,West,1133,Zaid,Sugarcane,Sprinkler,238.92,13.4,74.95,0.5664046402968972
104,28,141,6.04,40.65,Clay,1.15,32.74,85.49,2245.25,11.0,9.59,West,1800,Zaid,Sugarcane,Canal,263.43,8.17,75.19,0.47605040219909966
157,98,42,6.6,25.35,Silt,0.93,19.65,89.82,2269.07,10.92,15.24,East,1872,Kharif,Sugarcane,Canal,116.85,13.82,73.18,0.2622640442998251
110,94,69,6.9,41.29,Sandy,1.18,22.27,89.57,1863.64,5.75,3.96,Central,1191,Rabi,Sugarcane,Canal,71.9,22.32,74.12,0.7281887562036033
177,25,54,7.73,16.43,Sandy,0.47,16.61,38.75,480.36,5.9,1.72,Central,361,Rabi,Sugarcane,Sprinkler,137.09,24.35,72.3,0.4348273386037462
147,62,58,6.93,60.75,Clay,0.32,30.64,89.77,2713.1,10.7,6.19,West,129,Zaid,Sugarcane,Rainfed,194.71,20.99,76.21,0.2464020332391068
133,78,93,6.87,59.05,Loamy,0.93,34.76,31.66,754.6,4.72,1.31,Central,2173,Zaid,Sugarcane,Drip,168.78,2.14,76.06,0.6946964708544268
152,83,51,7.94,43.81,Loamy,0.46,31.83,70.54,2653.38,7.87,12.7,East,1764,Zaid,Sugarcane,Sprinkler,79.99,11.7,73.39,0.9173135754622428
30,50,96,4.88,51.65,Loamy,1.37,22.86,30.1,2005.71,7.94,2.46,West,1222,Kharif,Sugarcane,Canal,271.43,15.72,74.4,0.6587833667107174
161,24,99,6.95,61.02,Loamy,0.84,31.08,76.25,1148.76,6.56,12.07,Central,280,Rabi,Sugarcane,Canal,169.51,8.51,74.89,0.987668007996647
61,70,37,8.08,64.03,Loamy,0.3,35.88,44.44,2216.3,10.44,17.53,Central,1711,Rabi,Sugarcane,Rainfed,222.72,1.47,73.21,0.5679452305526295
84,47,133,5.05,17.22,Clay,1.43,28.91,64.07,1151.28,10.78,7.2,Central,1340,Kharif,Sugarcane,Rainfed,137.28,19.87,71.72,0.9243961953765304
164,94,115,7.45,24.01,Silt,1.06,39.68,83.68,1770.81,8.45,13.63,Central,1141,Rabi,Sugarcane,Drip,222.97,3.97,73.37,0.9442664891134339
122,93,63,7.18,50.55,Loamy,1.2,23.17,87.96,540.03,7.91,6.45,North,1101,Zaid,Sugarcane,Canal,222.87,17.38,74.3,0.47421421665746377
80,50,74,5.36,63.66,Silt,1.46,13.02,45.88,1932.97,9.94,8.25,East,623,Zaid,Sugarcane,Sprinkler,271.28,0.53,77.13,0.12056688577727881
64,41,53,8.06,17.99,Silt,1.19,18.78,51.96,1544.49,10.23,2.89,South,2154,Zaid,Sugarcane,Drip,201.7,17.62,73.06,0.7247667715287615
107,40,97,7.43,45.87,Loamy,0.53,20.71,85.33,777.96,8.34,9.12,South,799,Rabi,Sugarcane,Sprinkler,63.33,13.65,71.73,0.5394912923753372
149,26,23,6.47,50.4,Loamy,1.27,27.49,70.14,951.17,10.91,1.51,Central,402,Kharif,Sugarcane,Sprinkler,236.88,20.03,76.65,0.3187525029320699
173,31,93,7.02,32.11,Loamy,0.53,33.91,65.86,1927.38,7.28,12.88,Central,272,Rabi,Sugarcane,Rainfed,287.0,5.43,77.03,0.8859777482361871
176,38,27,5.27,58.38,Silt,1.03,38.45,84.06,2653.53,7.34,17.8,West,1874,Zaid,Sugarcane,Rainfed,159.37,4.42,74.95,0.9979341105333375
49,80,37,7.4,34.81,Silt,0.75,15.12,78.92,363.7,10.02,14.78,Central,738,Zaid,Sugarcane,Canal,129.83,9.1,71.89,0.23877714576830233
54,74,124,5.46,25.19,Silt,1.13,20.11,58.11,1173.06,4.43,3.54,North,2032,Zaid,Sugarcane,Rainfed,341.71,0.07,75.03,0.9447320222914103
127,70,139,5.58,57.03,Loamy,1.54,22.35,44.34,2707.04,4.93,5.1,North,1715,Rabi,Sugarcane,Sprinkler,115.0,1.53,76.16,0.9427317741351257
114,15,65,6.15,37.87,Silt,0.47,36.78,52.65,1442.83,6.85,3.19,South,2122,Kharif,Sugarcane,Canal,187.16,19.62,75.45,0.22048620907017535
58,67,92,7.25,55.14,Loamy,0.53,28.47,30.91,1821.65,8.74,11.87,South,179,Kharif,Sugarcane,Rainfed,253.64,21.89,77.22,0.4084532130706987
40,62,61,7.25,55.47,Loamy,0.99,37.15,70.93,2719.35,9.93,5.91,North,1153,Rabi,Sugarcane,Rainfed,76.27,11.32,75.65,0.2597537837603262
84,93,131,5.27,44.27,Sandy,1.03,17.4,46.07,2221.59,9.07,3.19,North,2143,Zaid,Sugarcane,Rainfed,191.06,0.86,75.53,0.8512069140487687
179,26,79,7.14,23.02,Loamy,0.31,27.08,60.96,1623.03,8.73,10.52,North,1980,Rabi,Sugarcane,Canal,319.77,16.88,77.45,0.480586577326648
62,96,33,7.61,42.87,Silt,0.71,32.38,88.23,2621.63,8.29,6.3,Central,1956,Zaid,Sugarcane,Rainfed,216.87,18.04,76.29,0.34780920790219305
46,85,125,6.25,38.21,Loamy,0.87,14.96,71.07,1038.79,6.07,7.48,East,1676,Zaid,Sugarcane,Drip,252.5,1.71,76.16,0.8505817290942419
71,94,54,7.81,51.88,Silt,0.94,16.01,82.68,1066.27,7.48,7.4,West,665,Rabi,Sugarcane,Sprinkler,138.3,8.54,73.82,0.6974714616692836
46,56,107,6.97,26.23,Silt,0.4,38.39,89.14,2498.24,4.1,16.91,Central,1616,Zaid,Sugarcane,Drip,257.25,24.44,76.38,0.8179670241190622
103,17,49,7.11,31.6,Silt,0.98,28.88,40.83,2632.89,7.06,10.8,West,1163,Zaid,Sugarcane,Canal,98.14,6.05,74.69,0.8321341779577419
91,45,40,6.83,18.86,Clay,0.37,25.57,39.6,1808.51,4.23,1.37,East,1472,Zaid,Sugarcane,Canal,156.16,5.63,75.62,0.9811861780274235
61,16,39,6.7,40.96,Silt,0.59,38.99,34.14,1201.79,5.64,15.37,North,212,Kharif,Sugarcane,Drip,205.86,3.36,74.02,0.6878857223008134
146,63,36,7.53,20.77,Loamy,1.16,23.09,61.24,1774.72,8.02,16.99,Central,1739,Rabi,Sugarcane,Rainfed,284.28,4.71,75.75,0.8715368061523763
166,44,107,5.72,60.5,Sandy,1.45,10.29,54.06,1166.46,5.15,3.25,South,976,Zaid,Sugarcane,Rainfed,340.03,5.44,79.22,0.9688778552856915
101,99,146,7.19,56.4,Silt,0.99,30.81,50.4,1907.14,10.08,11.9,North,348,Kharif,Sugarcane,Drip,298.97,10.18,77.13,0.13008624013063197
160,57,96,5.18,29.94,Clay,1.43,16.69,32.81,1576.64,5.59,9.77,South,16,Kharif,Sugarcane,Rainfed,205.84,9.72,73.22,0.42618130223597295
68,89,140,7.45,22.36,Silt,1.26,20.74,72.42,1511.74,7.37,2.32,South,1141,Rabi,Sugarcane,Rainfed,275.25,2.97,75.51,0.7948095487499294
63,48,142,7.57,23.65,Sandy,0.63,17.43,69.69,385.13,5.94,14.59,West,656,Kharif,Sugarcane,Drip,71.75,23.03,70.98,0.9436159201675989
170,92,90,4.83,59.99,Sandy,1.35,36.1,49.24,1385.61,5.56,9.84,South,220,Rabi,Sugarcane,Canal,338.83,9.57,78.53,0.6385259476640855
75,61,97,7.61,18.92,Loamy,0.5,19.67,44.87,1406.59,7.59,12.32,South,1630,Kharif,Sugarcane,Rainfed,121.65,8.2,70.87,0.8940992036791344
149,74,26,7.31,34.11,Clay,0.97,28.58,57.22,2540.77,5.71,6.09,Central,1450,Kharif,Sugarcane,Sprinkler,268.61,6.42,78.19,0.770921844644052
117,44,81,7.9,35.56,Loamy,0.63,10.97,64.35,2512.09,8.85,1.32,North,586,Rabi,Sugarcane,Canal,198.95,10.6,73.9,0.06420893707513409
33,30,59,6.83,17.2,Clay,0.89,26.51,41.83,1495.35,7.28,9.15,South,1201,Rabi,Sugarcane,Drip,191.62,19.13,75.2,0.4552201490818012
177,62,34,6.01,41.58,Sandy,0.41,23.92,66.62,883.57,5.49,7.97,West,815,Rabi,Sugarcane,Drip,79.39,17.1,72.88,0.3924935564066848
136,65,100,5.03,43.79,Silt,1.5,37.12,38.92,1972.43,6.13,9.34,East,466,Rabi,Sugarcane,Sprinkler,262.85,5.92,75.46,0.039618825348357145
34,81,113,6.94,43.71,Loamy,0.52,14.06,70.79,2444.93,7.74,16.82,West,1479,Kharif,Sugarcane,Sprinkler,178.9,11.81,74.78,0.49888815345135606
76,24,56,7.4,42.81,Loamy,1.22,24.19,31.77,1023.16,5.07,13.79,West,1182,Rabi,Sugarcane,Canal,149.12,10.77,71.8,0.702464970544104
90,68,62,7.96,34.96,Sandy,0.76,16.3,73.25,1159.27,8.11,15.68,North,955,Rabi,Sugarcane,Canal,293.95,4.28,75.27,0.08786649914483335
154,59,94,7.97,58.3,Loamy,0.88,25.39,84.05,1563.08,7.19,6.45,South,587,Rabi,Sugarcane,Sprinkler,102.65,21.62,73.22,0.8005866991090829
171,53,122,5.46,20.29,Silt,1.22,12.23,30.09,541.73,9.81,15.89,West,2139,Rabi,Sugarcane,Canal,254.97,9.44,74.75,0.6364302495436367
127,53,41,5.44,42.81,Sandy,0.3,26.22,76.08,1279.8,7.58,11.93,Central,2137,Rabi,Sugarcane,Drip,109.0,6.51,73.91,0.03158614482564204
40,35,135,7.88,48.56,Loamy,1.02,27.4,56.63,2754.13,7.45,8.24,East,1041,Zaid,Sugarcane,Rainfed,124.23,14.31,74.25,0.9362122462436898
96,96,123,6.69,34.58,Silt,1.48,36.94,87.71,2718.93,8.64,6.56,North,1979,Kharif,Sugarcane,Rainfed,192.52,1.34,75.36,0.5412963353010705
54,21,65,7.92,42.44,Silt,0.64,37.89,86.45,2629.54,10.93,4.87,East,696,Kharif,Sugarcane,Drip,117.09,20.64,72.41,0.08011484638467514
34,92,67,8.05,26.8,Sandy,0.75,32.36,80.04,624.27,4.55,10.15,West,404,Zaid,Sugarcane,Sprinkler,96.87,9.88,71.07,0.8948166560605276
175,91,124,4.93,19.18,Silt,1.02,12.03,56.51,2253.23,10.52,17.36,North,425,Zaid,Sugarcane,Canal,269.26,19.04,75.12,0.08162998203058958
66,62,95,7.8,27.33,Clay,0.89,39.01,71.42,2171.35,9.46,7.01,East,1002,Rabi,Sugarcane,Drip,136.29,15.85,74.78,0.0603520839905638
57,95,103,5.66,55.3,Clay,0.85,15.34,77.59,652.63,9.61,16.41,West,470,Rabi,Sugarcane,Sprinkler,192.12,5.65,74.2,0.15954468011318834
91,24,46,5.79,19.08,Clay,1.02,29.49,41.49,1639.86,7.75,7.64,East,1728,Zaid,Sugarcane,Sprinkler,178.73,18.3,74.4,0.18211791568869928
96,95,123,6.29,17.44,Sandy,0.48,14.86,30.23,1780.92,9.69,16.29,East,801,Zaid,Sugarcane,Rainfed,331.58,12.0,74.58,0.498195716453139
77,48,61,5.25,60.47,Loamy,1.23,24.99,80.33,2436.88,8.01,11.8,West,727,Rabi,Sugarcane,Canal,145.09,11.7,75.11,0.727169069766308
136,81,79,7.24,40.59,Clay,1.41,11.12,38.41,1106.72,9.63,3.64,North,1359,Zaid,Sugarcane,Sprinkler,193.79,8.36,77.4,0.9007018640112585
42,19,73,7.86,35.85,Sandy,0.95,22.05,39.49,333.9,4.14,12.69,West,945,Zaid,Sugarcane,Canal,116.09,18.45,71.25,0.733113022415281
142,54,112,5.54,58.01,Silt,1.01,37.26,30.99,1548.6,10.21,7.13,North,1322,Zaid,Sugarcane,Drip,190.82,21.48,75.12,0.7158249646820886
46,33,78,5.0,22.62,Silt,1.22,23.93,63.82,2486.6,4.86,17.16,East,1058,Rabi,Sugarcane,Canal,236.35,22.94,74.96,0.909032520665641
177,64,120,5.88,38.98,Silt,0.57,33.84,75.39,2070.17,7.2,17.25,East,1145,Zaid,Sugarcane,Sprinkler,295.66,21.31,75.05,0.5929508514349274
46,93,114,7.27,40.85,Clay,1.4,18.31,30.72,1167.59,5.96,15.62,North,345,Kharif,Sugarcane,Canal,316.51,17.29,75.59,0.9694123223352875
147,35,125,7.12,49.45,Clay,1.01,26.09,58.05,1917.57,9.15,3.98,South,2078,Zaid,Sugarcane,Rainfed,120.62,0.58,72.84,0.13087366071834983
154,73,88,7.24,17.66,Clay,1.46,20.13,80.11,1506.29,6.52,1.68,West,1066,Rabi,Sugarcane,Canal,112.67,15.36,73.97,0.5197739485560177
170,44,56,5.77,41.6,Loamy,1.32,22.63,68.06,2251.02,4.03,8.88,Central,813,Rabi,Sugarcane,Canal,123.78,3.04,75.26,0.8441704489691971
61,81,67,4.99,29.4,Sandy,1.06,26.36,34.86,2641.73,8.87,5.4,West,766,Rabi,Sugarcane,Canal,154.05,3.5,75.33,0.05708685608931485
51,99,24,6.04,30.1,Sandy,1.34,13.05,34.07,2174.15,10.64,2.77,East,1083,Kharif,Sugarcane,Drip,152.01,6.54,75.42,0.03934354066850965
155,72,61,5.18,32.58,Clay,1.39,31.16,55.63,2762.1,6.06,17.08,South,1734,Kharif,Sugarcane,Drip,154.74,2.61,75.25,0.9338750175279049
35,54,53,7.34,64.89,Clay,0.68,18.82,85.72,881.43,6.32,10.71,Central,1656,Kharif,Sugarcane,Canal,243.74,0.08,76.94,0.9651186964360455
30,54,20,6.06,46.54,Clay,1.1,22.89,49.94,1458.4,10.18,9.63,Central,1201,Rabi,Sugarcane,Drip,177.35,24.4,73.91,0.6391199378155004
56,93,46,4.82,32.19,Loamy,1.16,30.64,71.99,446.5,7.22,17.49,Central,1502,Kharif,Sugarcane,Drip,67.46,12.8,71.23,0.6926259522261645
89,53,105,7.45,32.0,Silt,0.45,13.96,40.82,437.51,6.28,2.38,West,894,Kharif,Sugarcane,Canal,220.95,21.54,74.54,0.6178472402012138
160,59,102,5.26,42.34,Clay,1.11,16.04,78.35,390.41,8.75,4.28,East,127,Rabi,Sugarcane,Canal,320.19,5.06,73.27,0.5706097466388297
101,27,27,5.01,56.03,Clay,0.61,36.37,64.63,1222.64,7.9,17.49,East,1286,Zaid,Sugarcane,Canal,171.47,24.09,72.32,0.8707534503372591
111,33,139,5.83,17.51,Sandy,0.53,35.84,56.27,880.67,4.56,17.45,West,1544,Kharif,Sugarcane,Rainfed,108.83,19.13,73.12,0.8785155613013479
62,33,134,6.2,60.03,Clay,1.46,13.44,74.66,922.76,6.77,17.73,East,1268,Kharif,Sugarcane,Rainfed,291.03,12.87,77.64,0.7978136488586345
117,80,149,7.65,60.41,Silt,0.42,20.65,78.88,2521.36,4.2,13.04,South,439,Rabi,Sugarcane,Sprinkler,343.95,8.93,76.68,0.5444890979608495
115,91,109,7.44,46.85,Silt,0.48,39.42,50.31,467.24,7.28,13.28,West,1772,Kharif,Sugarcane,Canal,152.84,4.0,74.16,0.23754413087432746
177,97,115,5.82,23.2,Silt,1.28,36.3,34.1,2228.69,9.99,6.87,West,639,Kharif,Sugarcane,Sprinkler,204.38,21.14,72.66,0.22726962726315147
70,24,79,7.05,27.51,Sandy,1.28,25.36,49.04,1552.07,9.61,9.12,South,374,Rabi,Sugarcane,Rainfed,212.38,23.63,74.42,0.00756287497814212
161,50,91,5.38,30.05,Loamy,1.49,11.11,86.6,2684.93,6.07,15.16,Central,796,Zaid,Sugarcane,Sprinkler,112.69,12.0,74.08,0.3072899649262866
32,58,112,5.25,29.46,Loamy,0.75,28.26,32.97,2358.22,4.28,12.76,West,707,Rabi,Sugarcane,Canal,201.66,11.91,74.64,0.7161506742231936
156,47,66,5.17,20.6,Clay,0.38,37.48,72.12,1897.66,5.69,13.99,South,5,Zaid,Sugarcane,Drip,333.42,19.87,75.99,0.27262400073353377
111,28,121,4.88,56.92,Loamy,1.51,17.01,41.36,1227.45,5.49,4.09,East,920,Rabi,Sugarcane,Rainfed,154.72,2.5,74.41,0.8842064633484078
88,17,63,5.02,36.38,Silt,0.9,36.52,43.14,923.44,5.4,12.0,Central,1775,Kharif,Sugarcane,Drip,338.26,18.46,73.85,0.3534213793027181
122,49,99,5.73,55.05,Silt,0.64,17.94,44.68,527.81,5.2,16.42,South,316,Zaid,Sugarcane,Drip,308.1,1.21,74.86,0.2748060355481361
123,64,24,7.97,49.79,Clay,1.05,22.07,54.6,1011.69,10.82,16.93,East,1842,Kharif,Sugarcane,Canal,330.53,24.34,76.05,0.623859324676573
146,47,145,7.04,20.49,Sandy,0.97,39.26,76.67,850.07,8.49,9.2,South,1507,Kharif,Sugarcane,Rainfed,286.36,18.5,74.35,0.54669741271407
68,28,93,5.57,56.11,Loamy,1.02,16.33,78.7,2780.64,4.76,16.06,East,1959,Rabi,Sugarcane,Drip,171.28,7.54,75.25,0.9877855202148873
70,28,116,8.07,51.26,Clay,1.4,33.42,79.12,1622.15,6.22,4.57,North,485,Rabi,Sugarcane,Drip,150.77,24.77,73.59,0.5190597909082704
174,20,45,5.03,59.4,Sandy,1.59,13.29,84.2,310.85,9.24,16.58,West,392,Zaid,Sugarcane,Rainfed,214.41,2.22,72.08,0.33300191305819793
86,78,131,7.79,23.79,Clay,0.45,36.92,33.61,2037.04,7.41,11.91,North,95,Kharif,Sugarcane,Canal,272.07,15.05,73.72,0.9924835021583752
85,58,35,5.19,33.51,Loamy,0.34,33.72,30.63,777.92,5.45,15.78,East,55,Zaid,Sugarcane,Rainfed,141.63,0.46,69.69,0.8260676302525284
177,97,91,6.99,56.93,Sandy,0.33,28.92,40.14,1774.22,5.18,17.23,East,96,Zaid,Sugarcane,Rainfed,312.21,15.78,78.37,0.3031283559453286
159,15,37,8.05,54.11,Sandy,1.58,13.94,61.04,2299.01,10.61,1.38,Central,938,Rabi,Sugarcane,Drip,128.66,21.4,74.01,0.08764274676383854
155,25,64,6.22,17.07,Silt,0.87,16.52,84.36,1817.33,10.11,6.72,Central,1847,Kharif,Sugarcane,Drip,144.8,10.09,74.38,0.9305952146439163
79,22,100,7.74,45.41,Loamy,0.69,10.02,42.83,2318.74,9.79,3.69,West,1152,Zaid,Sugarcane,Canal,302.64,10.52,77.24,0.11636639788547609
113,34,61,5.63,35.61,Clay,1.15,32.98,71.92,2011.34,5.92,11.51,South,749,Zaid,Sugarcane,Drip,271.02,18.26,76.41,0.8680566901074503
165,46,38,7.66,19.02,Loamy,0.81,22.49,59.75,1977.49,6.42,14.11,South,2155,Zaid,Sugarcane,Rainfed,206.42,20.85,74.66,0.36753442229153144
30,59,116,5.05,15.65,Silt,1.34,24.22,86.07,1308.89,8.34,13.21,West,1490,Kharif,Sugarcane,Rainfed,261.25,4.02,73.58,0.3118161330852596
82,52,46,8.19,22.89,Clay,0.94,18.07,71.09,2360.17,6.97,1.1,Central,1439,Kharif,Sugarcane,Canal,188.69,0.11,73.17,0.6408263146902062
119,77,104,5.88,58.9,Sandy,0.46,15.87,66.09,2686.65,4.13,4.24,South,2033,Kharif,Sugarcane,Drip,75.96,13.08,75.13,0.1520248531286481
131,88,127,5.12,42.78,Silt,0.59,36.72,73.45,965.38,5.16,9.98,East,576,Rabi,Sugarcane,Sprinkler,247.36,20.61,73.95,0.14224936868719618
48,82,54,7.66,62.27,Silt,0.62,36.92,62.51,1920.76,8.22,6.96,South,984,Kharif,Sugarcane,Canal,336.76,18.37,76.07,0.10104581101064669
118,90,99,7.02,38.28,Loamy,1.12,32.51,46.94,2368.9,4.59,9.08,East,1876,Zaid,Sugarcane,Drip,292.7,14.41,77.9,0.4260833838903715
122,33,64,5.25,22.55,Loamy,1.41,28.92,60.23,1341.81,7.2,9.15,East,1975,Rabi,Sugarcane,Rainfed,263.16,0.15,73.79,0.733614380561402
32,70,121,5.02,19.02,Clay,1.01,16.66,83.43,921.24,7.0,13.54,North,1133,Zaid,Sugarcane,Canal,129.8,18.09,70.12,0.5353101314525917
77,30,145,7.12,39.72,Silt,1.38,39.57,45.6,1669.17,5.94,3.75,West,1705,Rabi,Sugarcane,Sprinkler,271.45,22.41,75.57,0.1097361986775035
137,66,44,5.3,29.37,Silt,1.15,23.58,73.85,1924.24,8.52,5.34,North,1492,Rabi,Sugarcane,Canal,312.61,13.05,76.65,0.7373570773877997
81,84,116,6.97,39.64,Silt,0.83,27.92,73.1,1631.18,9.02,9.92,West,624,Zaid,Sugarcane,Canal,330.86,1.49,76.18,0.6139335847600618
64,20,92,6.81,23.45,Clay,1.41,10.99,45.69,1535.37,4.6,14.93,Central,1270,Kharif,Sugarcane,Sprinkler,244.32,20.8,74.18,0.5184080219452041
161,54,28,4.89,36.2,Sandy,1.46,33.07,70.86,1843.86,6.16,11.99,West,2198,Zaid,Sugarcane,Drip,71.26,4.49,73.08,0.7163233880626823
103,80,35,6.99,34.21,Clay,0.44,28.26,47.69,1331.23,8.35,16.92,West,585,Rabi,Sugarcane,Canal,253.43,19.01,75.28,0.2965355812876552
85,89,122,5.01,32.87,Sandy,1.06,17.44,51.89,1928.54,5.88,17.12,East,2072,Kharif,Sugarcane,Drip,137.16,24.37,74.45,0.18519556786746794
170,45,140,6.69,56.43,Clay,0.4,32.81,40.24,2785.3,7.83,5.19,East,74,Zaid,Sugarcane,Drip,190.69,18.63,78.81,0.3819396396528959
97,72,26,8.0,64.39,Clay,1.08,33.22,58.12,2252.9,4.82,10.15,North,1967,Kharif,Sugarcane,Drip,202.68,13.41,75.51,0.12809574636620003
178,46,65,8.08,43.66,Silt,1.11,38.13,32.83,1915.99,9.77,3.94,Central,1395,Zaid,Sugarcane,Sprinkler,227.58,21.99,73.35,0.8869249002092695
66,71,59,6.11,28.17,Loamy,1.17,38.97,42.08,1172.18,4.51,9.93,West,1977,Kharif,Sugarcane,Canal,334.02,18.51,75.01,0.28590678923916013
167,76,52,7.15,61.51,Sandy,0.39,19.31,55.3,1685.94,8.79,15.01,North,1630,Zaid,Sugarcane,Canal,278.09,11.79,78.51,0.846514338690278
36,52,97,6.64,19.59,Loamy,0.5,38.9,54.36,1528.09,8.06,11.39,East,543,Rabi,Sugarcane,Canal,88.32,1.46,72.95,0.7284906771616132
114,86,24,6.23,56.47,Silt,1.48,22.72,72.94,1913.79,5.4,5.31,North,410,Rabi,Sugarcane,Canal,341.83,12.39,77.4,0.7764474464997246
175,97,88,7.54,38.32,Silt,0.52,23.24,87.19,2343.83,4.77,11.07,West,462,Zaid,Sugarcane,Canal,334.31,2.52,77.71,0.6561618376810715
154,36,32,8.06,17.12,Loamy,1.12,13.48,84.61,1178.61,9.58,5.16,East,1309,Rabi,Sugarcane,Rainfed,146.27,16.07,73.69,0.9373880664971189
160,42,53,7.49,20.78,Clay,1.41,31.73,86.61,377.85,9.53,17.96,Central,989,Kharif,Sugarcane,Drip,278.25,20.28,73.26,0.5903476904587729
102,15,67,7.16,42.82,Loamy,0.52,36.03,46.72,2695.6,9.07,8.5,Central,1609,Kharif,Sugarcane,Sprinkler,83.36,7.6,74.31,0.50836054691628
178,44,48,6.29,58.62,Loamy,1.17,17.41,48.03,638.02,8.66,10.22,North,1563,Rabi,Sugarcane,Drip,253.44,5.75,76.69,0.7264617151130048
64,93,83,5.89,58.45,Silt,0.66,29.56,41.23,1586.83,10.82,15.91,West,1504,Rabi,Sugarcane,Rainfed,344.36,22.44,75.54,0.005229613542912737
127,70,75,6.29,47.85,Silt,1.08,14.79,60.33,896.8,9.02,1.67,South,1871,Zaid,Sugarcane,Canal,106.29,23.01,72.66,0.7609907600280938
145,82,41,8.01,20.51,Sandy,0.44,18.14,42.88,1705.19,4.83,7.93,West,1149,Rabi,Sugarcane,Drip,341.51,10.12,74.97,0.7457337827312321
65,64,102,5.55,19.74,Sandy,1.51,33.17,83.92,692.29,10.64,10.76,South,2172,Rabi,Sugarcane,Rainfed,122.21,8.1,73.73,0.3269316163380791
84,61,104,4.84,28.15,Loamy,0.76,12.07,60.12,388.42,9.58,2.13,East,280,Zaid,Sugarcane,Drip,156.3,14.54,73.61,0.9963343376272473
84,98,95,5.33,39.65,Sandy,1.2,26.89,41.42,350.71,8.06,12.78,North,1195,Rabi,Sugarcane,Canal,145.59,10.66,70.36,0.722070938202737
32,66,81,7.63,38.59,Sandy,0.59,39.5,61.73,2569.55,9.08,6.46,North,1408,Rabi,Sugarcane,Rainfed,125.0,10.82,75.22,0.6195893374598407
59,96,91,5.84,39.04,Clay,0.41,19.59,50.31,1013.48,10.67,4.23,North,1727,Rabi,Sugarcane,Canal,248.08,19.81,76.99,0.7941973312770843
150,80,78,6.18,22.5,Silt,0.86,27.71,30.18,640.99,7.28,15.66,West,675,Zaid,Sugarcane,Rainfed,342.68,1.62,75.92,0.6764679372263622
113,83,133,7.18,47.13,Clay,1.43,12.63,84.78,952.11,5.51,10.41,Central,1955,Kharif,Sugarcane,Sprinkler,134.58,16.12,74.61,0.8250494101800621
67,73,66,6.96,27.07,Clay,0.85,36.69,33.83,1090.63,9.81,2.8,West,1791,Kharif,Sugarcane,Rainfed,183.21,9.71,73.39,0.3342383186960608
31,48,141,5.98,38.77,Silt,1.37,38.51,37.96,2653.79,7.39,14.02,Central,5,Zaid,Sugarcane,Drip,84.07,24.92,75.47,0.32819275360931155
43,31,44,7.05,34.94,Loamy,0.43,22.54,62.75,2097.76,6.53,5.28,North,1649,Zaid,Sugarcane,Drip,297.72,2.13,75.26,0.3622354416522884
120,95,69,7.62,43.23,Clay,1.09,12.51,66.01,2662.49,10.7,10.65,East,34,Kharif,Sugarcane,Rainfed,67.4,15.58,75.23,0.2730708099728124
39,71,20,5.3,19.04,Sandy,0.87,35.71,81.95,402.89,10.96,9.8,Central,737,Rabi,Sugarcane,Sprinkler,290.41,0.93,73.15,0.9406792451153405
54,64,144,8.2,63.32,Sandy,1.18,37.41,37.43,1673.33,4.07,1.67,East,673,Zaid,Sugarcane,Drip,63.26,16.0,74.3,0.25929675886577375
146,82,20,6.12,62.39,Loamy,0.9,12.09,31.12,1191.63,6.21,9.82,North,1098,Zaid,Sugarcane,Canal,252.78,6.99,74.89,0.15890816766935356
108,36,76,6.01,44.07,Sandy,1.14,26.31,70.74,2755.72,9.54,8.46,North,2095,Kharif,Sugarcane,Canal,214.03,22.06,77.55,0.6569551562671395
41,95,42,5.94,59.28,Silt,0.62,17.1,85.75,556.94,5.28,8.12,South,77,Zaid,Sugarcane,Rainfed,266.68,15.43,76.52,0.06895801635642118
49,70,63,7.47,31.95,Loamy,1.18,30.21,65.24,2416.59,9.51,17.12,Central,735,Kharif,Sugarcane,Sprinkler,141.3,16.24,72.51,0.7593982624179637
72,22,109,7.12,26.04,Silt,0.71,33.8,30.46,522.98,5.41,10.56,South,46,Rabi,Sugarcane,Sprinkler,344.77,3.68,74.34,0.03361360018328263
69,86,135,8.1,28.18,Clay,0.87,33.65,33.28,2136.03,4.56,12.55,North,1162,Zaid,Sugarcane,Sprinkler,342.67,0.71,76.12,0.6085272726964666
153,86,115,8.17,42.5,Sandy,1.07,30.26,43.68,2498.74,5.99,17.08,South,1022,Zaid,Sugarcane,Canal,185.58,10.48,75.77,0.2253169299512351
91,91,143,7.72,51.15,Sandy,0.58,26.9,89.63,1154.02,7.74,16.77,North,1807,Rabi,Sugarcane,Drip,102.48,21.6,71.87,0.860139693349435
178,48,86,6.11,21.39,Silt,0.8,19.92,62.94,2428.53,6.85,10.75,East,614,Rabi,Sugarcane,Sprinkler,278.23,15.97,75.35,0.16577454016327575
178,48,72,5.72,21.91,Loamy,0.87,23.36,89.63,884.7,8.27,8.95,East,1685,Rabi,Sugarcane,Sprinkler,192.0,17.53,73.56,0.8499753714806619
149,19,30,6.39,54.94,Sandy,0.35,10.28,75.53,1883.69,8.66,1.63,Central,2168,Kharif,Sugarcane,Canal,224.23,7.21,76.01,0.4117655415845085
94,69,102,6.42,26.8,Sandy,1.22,28.64,33.11,1449.0,9.19,16.94,South,156,Rabi,Sugarcane,Sprinkler,343.31,0.64,75.5,0.5454318694069055
81,59,109,6.78,49.09,Sandy,0.6,12.57,81.19,1966.96,10.22,2.11,West,2162,Rabi,Sugarcane,Sprinkler,275.5,6.06,76.3,0.05195657755426841
81,27,149,5.7,51.01,Silt,1.38,27.25,35.84,2704.24,7.82,15.0,West,1207,Rabi,Sugarcane,Drip,158.9,16.49,75.58,0.1647063534322959
142,68,129,5.71,60.38,Loamy,1.35,27.75,79.47,1877.22,4.59,9.65,East,987,Kharif,Sugarcane,Drip,250.17,1.76,76.45,0.8705784250460069
108,28,123,7.91,51.04,Clay,1.19,38.86,60.08,2436.45,5.55,4.41,North,561,Kharif,Sugarcane,Canal,336.33,24.15,77.97,0.2037664591276891
117,20,112,7.86,54.25,Sandy,0.73,30.21,87.1,950.0,9.89,14.39,South,1715,Zaid,Sugarcane,Sprinkler,229.33,24.51,75.12,0.7928544190338394
138,53,148,8.08,35.31,Clay,0.88,34.54,86.32,1083.36,6.66,4.4,South,2060,Zaid,Sugarcane,Sprinkler,331.17,0.33,74.13,0.7932613504382544
46,66,41,6.52,39.75,Clay,0.99,32.7,51.89,1182.85,7.09,14.73,North,1802,Kharif,Sugarcane,Canal,345.86,23.9,75.23,0.31676167706752667
177,87,92,5.34,60.34,Silt,1.05,31.18,35.19,621.31,8.57,17.35,South,178,Rabi,Sugarcane,Canal,207.65,16.89,74.7,0.9061432547657664
168,88,23,8.09,50.91,Loamy,1.39,21.12,70.06,2208.82,8.69,16.68,North,1394,Zaid,Sugarcane,Canal,87.49,23.52,73.51,0.20201566840248997
80,95,100,7.9,48.31,Clay,1.31,21.73,40.85,2320.53,5.43,14.12,East,810,Kharif,Sugarcane,Rainfed,148.59,14.59,72.52,0.15210428322227287
67,68,114,6.45,40.79,Loamy,1.14,14.44,32.8,572.0,10.89,16.67,East,1596,Kharif,Sugarcane,Sprinkler,313.88,3.65,75.13,0.4177609792750997
97,59,72,7.79,59.23,Clay,0.39,13.17,89.63,1613.16,4.16,6.9,East,725,Rabi,Sugarcane,Rainfed,336.55,22.69,77.16,0.5273996221226763
120,46,79,6.28,15.31,Sandy,1.47,12.4,80.56,2530.83,5.24,15.44,East,456,Zaid,Sugarcane,Canal,233.72,11.1,76.51,0.7102427986233115
61,70,78,6.19,18.09,Loamy,0.79,26.86,55.28,609.95,6.66,2.87,West,1459,Zaid,Sugarcane,Canal,307.16,11.28,74.9,0.8282492524372184
88,78,25,6.03,51.17,Loamy,1.5,20.89,64.26,1331.17,6.34,10.64,Central,923,Kharif,Sugarcane,Drip,115.37,24.19,73.0,0.1419719897609939
107,85,25,7.0,40.89,Sandy,1.38,20.29,70.95,2716.07,9.28,11.77,West,1932,Zaid,Sugarcane,Drip,234.5,20.76,75.68,0.3479414115821666
61,55,75,7.45,42.71,Silt,1.01,18.59,51.6,1584.31,7.12,17.87,Central,1563,Kharif,Sugarcane,Rainfed,136.26,11.3,76.1,0.6209285674784312
151,44,44,8.13,45.16,Sandy,1.58,36.76,79.64,1166.47,10.13,14.3,North,273,Zaid,Sugarcane,Sprinkler,231.7,5.19,74.28,0.9791049380151545
75,58,60,7.9,22.75,Loamy,1.16,29.93,56.04,1815.49,5.47,7.16,East,57,Rabi,Sugarcane,Drip,310.63,4.49,72.19,0.27927608845441043
179,46,57,7.37,19.23,Silt,1.23,17.29,49.23,2010.26,7.33,11.88,Central,741,Kharif,Sugarcane,Rainfed,272.29,5.08,75.8,0.3053106766967313
118,74,54,6.16,37.19,Sandy,0.44,26.97,68.08,1043.0,9.51,7.56,North,1353,Rabi,Sugarcane,Canal,63.51,11.49,74.09,0.21264437637109612
126,66,139,7.82,42.37,Loamy,0.62,24.02,53.7,974.48,6.46,16.47,South,27,Kharif,Sugarcane,Rainfed,63.52,11.77,72.41,0.11098946921348107
135,62,59,6.57,36.34,Loamy,1.24,19.92,78.48,464.25,7.86,16.5,West,1552,Zaid,Sugarcane,Canal,261.1,10.01,74.69,0.8583416767991209
137,93,55,8.07,52.19,Sandy,1.27,28.39,42.61,1186.06,7.25,8.25,South,1681,Zaid,Sugarcane,Drip,255.32,16.23,75.08,0.8049067768414386
41,80,108,7.55,21.6,Silt,1.31,29.07,71.83,2172.18,5.93,10.54,West,156,Kharif,Sugarcane,Sprinkler,257.09,15.6,75.99,0.04814283597835345
43,53,138,6.73,36.69,Silt,0.89,15.48,76.42,1658.79,7.24,4.09,West,1729,Zaid,Sugarcane,Sprinkler,106.94,8.86,74.61,0.9028949951919872
104,53,55,6.23,38.71,Sandy,1.46,12.03,60.74,921.84,8.45,8.96,Central,1131,Rabi,Sugarcane,Rainfed,269.31,17.92,74.71,0.8923024981396522
53,22,69,6.18,55.95,Sandy,0.83,24.03,45.55,1546.4,4.19,16.18,North,220,Rabi,Sugarcane,Rainfed,311.29,10.11,76.72,0.8313735143857098
178,67,96,6.17,17.61,Clay,0.89,19.59,46.36,1835.12,8.18,3.14,North,320,Zaid,Sugarcane,Drip,99.78,5.04,75.58,0.9096268194365924
43,83,40,7.52,35.72,Silt,0.59,28.1,69.81,2175.84,6.02,10.07,South,444,Kharif,Sugarcane,Drip,319.0,12.73,73.62,0.7738796557301564
176,63,23,5.92,26.6,Sandy,0.84,17.44,76.81,1926.99,6.98,17.97,East,1888,Zaid,Sugarcane,Rainfed,336.04,4.14,75.11,0.23743346837480628
139,80,143,6.58,56.85,Sandy,0.46,18.19,47.87,2433.9,7.02,6.91,South,277,Kharif,Sugarcane,Drip,342.39,4.38,77.48,0.6522242595454725
142,16,142,6.58,59.28,Silt,1.32,12.04,50.24,1911.42,8.6,12.26,West,2146,Zaid,Sugarcane,Drip,267.35,9.43,76.75,0.33134700710305076
74,66,28,7.52,48.36,Loamy,0.72,19.46,43.65,336.81,7.98,3.21,East,1356,Rabi,Sugarcane,Sprinkler,326.29,13.39,75.23,0.2806832155159743
174,99,109,4.87,36.29,Loamy,0.98,35.95,84.58,1176.63,9.34,2.86,North,1847,Kharif,Sugarcane,Canal,232.02,15.26,75.4,0.20699257843842678
177,86,108,7.33,49.15,Silt,1.4,25.19,39.58,1742.15,8.26,5.73,North,1514,Rabi,Sugarcane,Sprinkler,186.89,6.56,74.98,0.005505799160420821
172,61,88,5.35,51.43,Loamy,0.36,22.19,39.57,621.5,7.16,3.88,North,1026,Rabi,Sugarcane,Sprinkler,171.76,2.73,75.47,0.21906880910185778
107,74,83,7.85,39.65,Clay,1.51,26.97,71.77,711.55,4.03,3.78,Central,1752,Rabi,Sugarcane,Drip,344.89,7.38,75.44,0.10802575413069138
153,59,91,7.97,35.97,Silt,0.41,21.37,75.49,2262.82,6.78,10.22,Central,493,Zaid,Sugarcane,Canal,201.79,6.88,75.23,0.3388606493387516
90,21,98,7.77,21.35,Loamy,0.54,15.44,46.09,1363.12,10.37,7.59,Central,76,Rabi,Sugarcane,Sprinkler,201.81,7.38,74.12,0.08709276679577149
98,27,85,6.47,33.86,Silt,0.84,28.5,33.64,2613.0,9.47,7.73,North,1153,Kharif,Sugarcane,Sprinkler,207.54,6.72,75.55,0.9076110025565549
53,27,143,5.91,29.49,Sandy,0.87,18.02,82.5,2345.96,4.33,8.45,South,313,Rabi,Sugarcane,Canal,176.72,7.8,76.41,0.11448763806590512
135,97,69,7.02,15.21,Silt,1.48,35.24,40.25,2029.08,4.68,5.85,South,1382,Kharif,Sugarcane,Rainfed,281.79,4.29,76.42,0.6786699566725648
109,40,81,5.18,24.29,Loamy,0.46,23.08,66.35,793.89,9.99,16.04,South,1010,Kharif,Sugarcane,Drip,276.84,11.17,74.4,0.6125734683448192
102,93,121,5.1,27.61,Clay,0.73,29.21,34.86,1228.28,10.19,16.73,North,1792,Kharif,Sugarcane,Rainfed,234.62,2.57,72.71,0.06644384435577488
74,69,120,5.19,16.04,Sandy,0.81,26.6,56.07,757.9,6.09,16.95,Central,1182,Rabi,Sugarcane,Rainfed,345.01,19.41,73.5,0.5339674725477638
99,86,63,6.75,58.03,Silt,1.56,24.23,43.85,474.96,4.88,9.84,South,1098,Kharif,Sugarcane,Drip,312.23,20.35,76.16,0.04373907230894736
178,92,83,6.91,54.56,Loamy,0.53,39.35,67.88,1155.14,10.49,6.74,North,1461,Zaid,Sugarcane,Sprinkler,296.03,11.34,78.64,0.6522916485919397
111,26,83,7.24,38.6,Clay,0.3,25.17,54.17,1259.5,10.24,17.81,West,434,Rabi,Sugarcane,Rainfed,131.3,11.23,72.61,0.7889851599207933
114,29,124,7.66,23.82,Loamy,1.29,38.67,39.53,1056.38,5.08,10.97,East,1302,Kharif,Sugarcane,Drip,208.24,7.51,73.18,0.5821987465941139
100,84,118,5.98,48.63,Loamy,0.62,19.91,31.47,469.44,4.95,7.49,North,1953,Kharif,Sugarcane,Canal,314.44,14.07,75.8,0.37455288702012135
110,92,45,7.12,32.17,Loamy,1.44,10.34,87.13,1198.3,7.28,17.26,East,882,Rabi,Sugarcane,Canal,199.89,12.89,74.23,0.14259414408190874
90,96,45,6.03,32.92,Loamy,0.94,37.08,71.25,1476.89,6.17,10.64,East,1884,Rabi,Sugarcane,Drip,304.93,0.27,75.89,0.3458774607378574
114,67,50,5.89,55.47,Clay,1.28,35.68,67.44,1039.2,10.87,15.46,West,1952,Zaid,Sugarcane,Sprinkler,344.04,20.16,74.68,0.6057792494526903
34,70,36,6.09,26.78,Sandy,0.99,26.52,83.09,1439.92,10.64,5.34,Central,1741,Rabi,Sugarcane,Rainfed,141.26,17.64,73.17,0.36459372819754
51,38,83,6.47,29.6,Sandy,1.13,15.95,85.19,1382.23,5.51,16.54,Central,679,Rabi,Sugarcane,Sprinkler,251.0,7.14,73.85,0.9880359661555919
67,74,109,7.01,24.46,Clay,1.13,29.5,67.8,511.1,10.36,1.01,East,1159,Zaid,Sugarcane,Sprinkler,159.36,1.3,72.58,0.16002493646319405
156,16,138,7.76,18.75,Silt,0.96,22.37,66.34,2012.08,4.62,17.69,South,64,Rabi,Sugarcane,Rainfed,123.62,9.46,74.07,0.6029428764794615
108,90,35,5.59,25.54,Loamy,1.08,34.45,57.71,2600.33,10.35,4.06,North,1660,Zaid,Sugarcane,Canal,349.31,21.9,76.38,0.3855119047369223
121,44,131,5.81,51.21,Clay,0.88,33.78,70.7,1535.24,7.92,17.53,Central,1641,Rabi,Sugarcane,Drip,126.89,3.23,73.23,0.5414076073475852
87,72,117,5.86,38.83,Loamy,1.2,34.32,30.72,743.97,5.6,17.1,South,900,Rabi,Sugarcane,Drip,277.2,11.48,75.53,0.541704812410004
73,92,43,8.17,47.02,Sandy,1.32,25.78,65.22,1837.24,7.03,4.4,East,236,Zaid,Sugarcane,Sprinkler,80.81,24.31,72.69,0.19462383670487193
126,86,118,7.11,60.68,Clay,0.3,34.78,72.91,360.3,8.14,11.32,South,1027,Zaid,Sugarcane,Rainfed,255.36,7.89,76.51,0.05764758219902488
52,80,131,7.0,33.99,Clay,0.47,15.56,35.07,501.8,5.42,11.98,North,499,Rabi,Sugarcane,Sprinkler,332.66,21.37,74.03,0.9664173858664074
172,82,59,8.02,30.32,Silt,1.0,17.46,49.28,1296.29,6.34,2.19,Central,2012,Kharif,Sugarcane,Drip,127.18,2.23,73.38,0.3951377432643186
133,21,130,6.47,40.67,Loamy,1.34,39.03,75.48,705.7,6.52,4.84,West,499,Rabi,Sugarcane,Drip,225.71,1.71,76.26,0.03945953289089932
89,33,114,7.79,44.61,Clay,0.66,26.71,69.02,999.5,7.23,4.16,East,1290,Zaid,Sugarcane,Sprinkler,87.12,20.47,72.95,0.5430245839576632
159,47,92,6.59,29.95,Sandy,1.03,32.86,71.41,1244.13,10.14,13.32,Central,252,Rabi,Sugarcane,Rainfed,91.65,19.07,74.54,0.9640288471655137
36,47,40,5.19,27.81,Loamy,0.85,16.87,80.68,766.25,4.45,3.41,North,726,Kharif,Sugarcane,Rainfed,260.41,0.0,73.42,0.909454610937242
160,52,117,6.35,50.94,Loamy,0.75,35.02,67.32,1670.6,8.4,16.08,South,2004,Kharif,Sugarcane,Drip,79.28,0.02,74.11,0.5333866287653626
32,71,138,7.22,15.04,Loamy,0.97,34.1,57.27,826.55,9.8,1.81,North,102,Rabi,Sugarcane,Sprinkler,266.23,18.42,74.62,0.1306523438234629
37,20,76,5.47,55.28,Clay,0.99,10.71,64.95,2773.44,6.83,11.22,Central,1007,Kharif,Sugarcane,Rainfed,214.9,14.86,73.65,0.9440420938253978
136,17,143,6.9,39.84,Sandy,1.21,38.64,76.68,1506.58,6.98,8.61,Central,620,Kharif,Sugarcane,Canal,322.04,10.15,76.23,0.9809873781626851
130,57,78,6.99,55.15,Clay,0.78,19.4,68.64,1180.38,8.2,15.87,North,1892,Rabi,Sugarcane,Drip,243.11,12.11,76.25,0.4834074359731466
41,40,135,4.84,34.06,Sandy,1.46,22.77,65.61,1443.28,9.12,13.81,East,877,Kharif,Sugarcane,Drip,265.45,20.53,74.18,0.7617981913776972
42,99,40,6.38,25.14,Loamy,0.71,11.55,58.3,1874.96,8.26,2.42,North,1036,Rabi,Sugarcane,Canal,168.86,22.89,76.23,0.5735289514555733
38,38,23,5.68,22.7,Sandy,1.56,32.86,48.74,341.21,4.43,4.76,Central,2019,Zaid,Sugarcane,Canal,138.5,0.99,72.8,0.01911609442976403
89,71,92,5.28,46.31,Clay,1.3,37.76,49.29,1602.97,4.94,11.73,West,1949,Kharif,Sugarcane,Canal,128.81,8.18,74.13,0.7227069576982285
59,96,71,6.37,51.04,Silt,0.62,20.69,67.31,1080.13,8.53,5.59,South,579,Kharif,Sugarcane,Sprinkler,245.81,5.27,75.69,0.21070496386720317
70,55,26,6.45,21.65,Clay,0.33,13.51,34.99,1524.09,10.12,4.89,North,251,Zaid,Sugarcane,Drip,152.42,8.53,73.21,0.9978208556819782
168,40,139,6.17,21.51,Sandy,0.3,38.7,62.4,703.0,9.01,8.18,East,1301,Kharif,Sugarcane,Canal,346.31,13.65,75.54,0.6585405156700549
44,93,72,5.87,27.3,Clay,1.1,12.68,62.11,1607.82,6.35,17.51,West,922,Zaid,Sugarcane,Sprinkler,139.14,3.38,72.89,0.8459214396777321
120,50,64,7.04,22.21,Clay,0.46,11.37,63.0,2788.38,6.9,11.53,East,1231,Kharif,Sugarcane,Drip,190.81,9.11,74.88,0.6136041142374584
50,92,122,6.94,39.22,Silt,0.4,10.2,77.97,323.01,9.83,3.92,South,1232,Zaid,Sugarcane,Canal,295.48,15.64,73.97,0.5006242680704178
171,28,97,6.94,57.0,Silt,1.27,12.93,73.82,1686.06,5.86,11.66,South,656,Rabi,Sugarcane,Sprinkler,180.68,21.37,76.18,0.07290183536790351
128,40,32,7.27,28.54,Silt,1.58,10.18,56.14,552.29,10.02,12.12,East,23,Kharif,Sugarcane,Drip,253.02,6.15,73.24,0.2810044989087136
127,30,62,7.78,60.02,Clay,0.99,14.01,44.44,308.88,4.36,11.99,West,1674,Kharif,Sugarcane,Drip,334.96,2.94,73.87,0.32149570124788196
64,41,110,8.06,60.34,Silt,0.79,23.2,59.51,2217.38,6.1,8.86,East,638,Zaid,Sugarcane,Canal,264.15,15.87,75.24,0.6478174459905284
113,39,38,6.89,26.08,Silt,0.4,22.59,83.87,1604.67,6.99,12.64,East,818,Kharif,Sugarcane,Canal,137.76,4.54,74.55,0.44934974203964206
142,32,125,7.31,61.48,Clay,1.05,28.2,55.42,388.36,9.78,4.33,West,1172,Kharif,Sugarcane,Rainfed,306.84,17.61,74.79,0.5858647884535192
131,24,114,7.44,48.37,Sandy,0.6,24.15,41.12,1672.28,5.86,3.64,South,117,Zaid,Sugarcane,Canal,249.85,18.1,76.04,0.24193168031552958
100,77,117,7.81,45.21,Silt,1.45,12.59,71.71,2269.08,5.26,6.93,Central,167,Rabi,Sugarcane,Sprinkler,300.38,20.34,76.06,0.7753461504031356
92,91,127,6.22,49.26,Silt,1.32,10.03,54.35,1323.58,8.07,4.21,Central,1729,Kharif,Sugarcane,Sprinkler,185.96,8.47,76.91,0.27140938044671437
171,54,29,6.66,27.64,Sandy,0.63,21.0,51.9,2727.47,8.27,17.81,South,509,Zaid,Sugarcane,Canal,303.23,19.5,78.2,0.7486452341262
93,85,38,7.52,45.14,Silt,1.03,16.3,39.86,478.7,4.85,8.32,Central,1958,Rabi,Sugarcane,Rainfed,139.44,24.86,73.2,0.27616955782089947
171,64,114,7.31,42.17,Loamy,1.19,10.13,62.13,2411.14,9.4,7.55,East,914,Zaid,Sugarcane,Sprinkler,242.89,4.2,76.86,0.003819922658583108
107,60,107,8.14,43.51,Sandy,1.39,22.02,73.74,2636.33,4.21,13.94,South,82,Kharif,Sugarcane,Sprinkler,106.59,23.79,74.43,0.7409040561520714
154,95,110,6.19,39.89,Silt,0.84,26.59,43.53,1983.61,8.83,6.78,Central,530,Rabi,Sugarcane,Canal,176.42,12.9,78.24,0.31334791758514313
139,42,58,6.19,32.03,Clay,0.85,10.44,79.57,2209.69,8.96,6.4,Central,1827,Kharif,Sugarcane,Sprinkler,64.47,8.79,74.71,0.7889324717760072
156,62,128,8.09,29.08,Silt,0.62,15.4,63.02,2730.94,9.55,15.06,West,663,Rabi,Sugarcane,Sprinkler,146.81,5.7,74.02,0.909943143854392
40,83,145,7.44,33.68,Sandy,1.32,26.18,34.07,523.09,7.75,15.15,East,784,Zaid,Sugarcane,Rainfed,175.78,17.16,72.43,0.38764880545564706
93,72,128,4.91,21.62,Loamy,0.4,30.26,51.53,1513.54,9.2,4.99,Central,1321,Kharif,Sugarcane,Rainfed,263.25,23.88,75.46,0.6327118787486009
79,22,66,6.79,36.0,Clay,1.59,29.29,78.38,2294.22,5.11,8.61,West,1023,Rabi,Sugarcane,Canal,217.65,6.82,75.18,0.7038570916343312
178,56,111,7.46,53.59,Loamy,0.86,14.88,50.65,423.5,5.63,5.42,North,1961,Kharif,Sugarcane,Canal,304.75,15.01,75.12,0.004363269650309087
94,98,37,8.0,34.24,Loamy,0.88,25.09,39.06,1060.1,8.04,2.02,Central,536,Kharif,Sugarcane,Drip,306.79,13.1,73.86,0.29805220863944315
116,93,71,7.44,52.1,Sandy,1.15,38.89,43.3,1430.9,7.44,4.22,North,942,Zaid,Sugarcane,Rainfed,331.87,6.95,75.14,0.6441492214759159
76,37,71,6.35,19.46,Clay,0.43,14.51,84.13,2780.27,5.56,14.17,East,363,Kharif,Sugarcane,Sprinkler,285.74,14.05,75.88,0.9567998154842862
122,37,66,7.26,26.77,Loamy,0.74,28.36,73.33,583.91,4.42,8.4,South,34,Kharif,Sugarcane,Rainfed,268.88,17.75,75.03,0.3698132559871766
84,70,33,6.46,43.5,Loamy,0.35,24.07,48.92,1972.63,5.24,9.1,West,2121,Kharif,Sugarcane,Sprinkler,113.81,20.92,75.29,0.6573534821701286
96,59,74,5.02,19.23,Sandy,0.7,14.14,31.17,2018.55,4.93,14.04,Central,1077,Kharif,Sugarcane,Canal,293.76,4.16,72.72,0.2953014775718328
35,23,120,7.27,34.6,Loamy,1.35,20.83,69.82,2521.4,9.18,11.76,North,890,Rabi,Sugarcane,Canal,159.21,2.96,76.32,0.7132068832826177
90,42,48,5.61,55.01,Sandy,1.07,18.88,36.86,2487.03,5.53,1.05,South,584,Kharif,Sugarcane,Drip,338.55,16.25,77.71,0.8902150026361744
113,78,100,7.8,51.38,Clay,0.71,16.79,66.34,2436.96,6.25,10.1,West,1020,Kharif,Sugarcane,Rainfed,225.81,22.16,76.58,0.12436839900051022
75,76,106,7.53,19.47,Clay,1.54,39.61,82.34,1269.19,8.69,5.47,South,1603,Rabi,Sugarcane,Canal,212.05,19.51,74.58,0.5309376784120938
91,66,109,6.0,56.65,Silt,1.23,16.0,39.05,374.8,6.96,13.32,West,900,Zaid,Sugarcane,Sprinkler,343.49,4.2,75.93,0.521296047654139
135,43,59,7.69,38.92,Clay,1.51,32.93,38.55,592.61,6.22,6.43,Central,97,Zaid,Sugarcane,Drip,303.87,11.27,74.58,0.9760138232792136
38,32,119,5.33,42.81,Silt,1.08,20.13,59.53,1579.27,7.26,3.34,Central,72,Zaid,Sugarcane,Sprinkler,197.22,8.0,74.74,0.8071555373648825
30,53,77,7.38,52.64,Loamy,1.37,22.37,71.64,2227.67,10.21,10.04,North,526,Kharif,Sugarcane,Sprinkler,127.26,15.64,75.27,0.3029157288331926
48,41,44,6.4,46.63,Silt,1.45,35.81,42.53,1061.55,7.36,12.37,South,1460,Zaid,Sugarcane,Drip,315.47,20.21,75.72,0.2282353634936991
105,60,30,6.28,49.58,Loamy,0.47,23.05,46.23,939.04,7.77,8.98,East,611,Rabi,Sugarcane,Sprinkler,296.5,24.33,74.84,0.24660363497802462
138,47,67,6.47,40.83,Sandy,0.32,35.3,79.42,607.32,4.09,5.32,East,594,Zaid,Sugarcane,Canal,108.61,21.34,73.5,0.747444406596694
132,72,133,5.53,25.73,Loamy,0.88,15.85,42.03,952.23,6.97,10.74,East,1705,Zaid,Sugarcane,Rainfed,214.93,13.74,76.19,0.9427243190941123
111,91,64,5.59,42.37,Clay,1.03,32.82,65.4,1913.94,8.55,13.11,East,1218,Kharif,Sugarcane,Rainfed,105.17,20.93,73.28,0.14080294889267608
142,46,38,7.63,45.19,Silt,0.93,33.01,67.89,1047.01,6.32,11.91,West,877,Zaid,Sugarcane,Rainfed,340.59,18.72,75.33,0.5782983994203607
69,58,111,5.29,62.1,Loamy,0.85,15.26,71.5,525.53,10.43,2.68,South,1799,Kharif,Sugarcane,Canal,237.0,17.59,74.3,0.274703815047892
78,87,56,7.45,51.51,Clay,0.32,31.52,85.56,2314.65,10.12,14.79,North,433,Kharif,Sugarcane,Canal,239.71,20.87,75.59,0.04997902865967874
151,79,129,8.17,33.86,Silt,0.51,16.01,88.29,1016.63,6.94,9.73,Central,1010,Rabi,Sugarcane,Rainfed,163.22,6.63,74.66,0.9811437317918219
127,93,81,5.37,21.06,Sandy,0.76,12.97,68.29,651.31,6.21,3.85,Central,1149,Rabi,Sugarcane,Canal,94.82,10.0,70.34,0.43699588566562086
70,92,71,6.2,52.67,Silt,1.21,18.14,76.49,1536.45,10.52,5.01,East,664,Rabi,Sugarcane,Rainfed,137.17,6.41,75.64,0.6223432646172461
142,53,57,7.72,52.85,Loamy,0.79,15.84,42.51,1699.6,6.75,4.42,South,2092,Rabi,Sugarcane,Drip,154.56,2.16,74.79,0.009038469079292177
67,22,101,7.98,61.63,Silt,0.58,20.67,52.09,1999.32,6.67,17.26,East,302,Rabi,Sugarcane,Sprinkler,264.18,16.97,76.13,0.3570293439700122
98,98,60,7.55,35.3,Silt,1.55,37.97,69.86,2738.62,7.22,9.08,South,699,Zaid,Sugarcane,Drip,195.35,7.25,74.07,0.22867677960360877
149,61,108,7.52,61.86,Clay,1.51,28.5,65.49,328.53,5.16,2.09,East,1343,Kharif,Sugarcane,Drip,248.11,13.51,75.8,0.480890146603009
106,73,54,7.73,31.88,Sandy,1.42,29.35,59.42,461.93,8.79,8.14,Central,719,Kharif,Sugarcane,Sprinkler,90.17,18.62,70.97,0.5059579077349317
170,93,144,8.01,56.42,Loamy,1.35,13.94,43.65,393.35,6.08,13.56,East,1257,Rabi,Sugarcane,Drip,162.24,3.38,74.79,0.4366141897687661
138,87,40,6.72,40.08,Sandy,0.87,29.15,30.34,2312.02,8.63,13.27,Central,167,Kharif,Sugarcane,Sprinkler,92.77,3.5,74.32,0.4194479939573136
121,98,138,7.28,19.04,Sandy,0.39,39.78,69.35,1103.61,7.38,5.12,South,505,Kharif,Sugarcane,Drip,91.49,11.35,74.41,0.07115828517343281
154,57,28,5.94,21.34,Silt,0.53,23.02,81.26,2576.08,10.82,14.18,East,1079,Zaid,Sugarcane,Rainfed,252.53,4.88,75.65,0.9407845205031079
170,21,92,7.82,31.72,Loamy,0.4,37.08,87.68,2662.3,8.29,9.8,South,1034,Rabi,Sugarcane,Drip,103.26,7.33,77.17,0.5069204379618346
111,54,40,5.06,56.83,Clay,1.23,39.53,76.48,818.37,8.83,4.53,West,2117,Zaid,Sugarcane,Drip,253.52,23.64,75.44,0.7711228158518866
174,76,64,8.03,40.68,Clay,0.83,29.58,43.82,2653.57,9.19,7.52,East,301,Rabi,Sugarcane,Rainfed,268.82,15.0,77.35,0.03757109039890738
176,32,69,7.04,22.68,Sandy,1.26,37.87,36.73,1487.96,4.93,16.71,West,1920,Rabi,Sugarcane,Canal,348.37,6.82,75.05,1.1634755366141114e-05
46,31,124,4.98,46.87,Loamy,1.36,24.93,50.44,366.37,7.15,15.18,West,1868,Zaid,Sugarcane,Sprinkler,111.4,7.68,73.07,0.4226291970136091
77,62,107,4.85,53.53,Loamy,1.53,21.43,36.55,1142.88,6.32,11.99,North,1986,Zaid,Sugarcane,Drip,83.34,8.17,72.14,0.7126213330985128
102,39,37,7.28,28.99,Silt,0.35,33.41,89.2,1694.08,6.08,9.78,East,1769,Zaid,Sugarcane,Rainfed,118.27,3.45,73.61,0.16732130400106038
96,48,138,6.76,41.58,Clay,0.72,20.48,58.08,922.77,6.75,6.91,East,1157,Zaid,Sugarcane,Rainfed,348.36,16.35,75.77,0.5138544642067677
143,79,114,7.21,64.34,Clay,1.17,10.32,37.39,1200.25,7.48,10.18,North,194,Kharif,Sugarcane,Canal,165.97,1.49,75.72,0.8275063198732212
48,66,41,5.51,50.44,Silt,1.33,18.51,54.22,1198.11,5.21,15.15,Central,1584,Rabi,Sugarcane,Canal,78.76,7.14,72.37,0.8565372237479268
55,27,26,4.91,42.31,Clay,0.91,16.61,75.65,432.41,5.39,9.67,Central,234,Kharif,Sugarcane,Sprinkler,191.45,11.77,73.07,0.5620727944025711
96,97,57,6.77,51.67,Loamy,1.46,37.82,33.53,790.8,5.83,6.92,West,1640,Zaid,Sugarcane,Sprinkler,200.69,21.05,74.5,0.786205652261058
65,58,32,6.36,35.54,Silt,1.0,27.38,53.07,1681.65,7.97,12.36,East,152,Kharif,Sugarcane,Canal,216.71,14.08,75.02,0.3843550385241349
66,88,63,7.12,50.91,Silt,1.31,11.34,52.75,1813.48,7.55,3.22,East,1647,Kharif,Sugarcane,Sprinkler,269.57,11.1,76.5,0.970257109726057
162,94,70,5.42,64.8,Clay,0.84,12.31,78.89,1200.54,11.0,14.62,Central,2007,Zaid,Sugarcane,Sprinkler,171.14,17.07,77.06,0.7048710100433817
157,79,22,7.12,17.24,Sandy,1.24,15.84,51.89,2028.52,6.75,14.55,Central,1904,Kharif,Sugarcane,Drip,195.06,17.91,74.62,0.8171281420155851
104,67,55,6.3,62.03,Silt,1.44,21.27,64.93,1900.79,7.54,14.08,Central,1411,Rabi,Sugarcane,Sprinkler,310.94,17.34,75.5,0.13171502857909356
63,85,89,8.12,25.47,Clay,0.71,32.81,36.68,878.03,6.4,5.32,South,408,Kharif,Sugarcane,Rainfed,281.01,20.51,73.51,0.8714140341908543
148,51,29,5.69,35.64,Silt,0.74,26.03,34.1,897.66,8.54,6.82,Central,1113,Rabi,Sugarcane,Drip,107.6,20.41,73.83,0.6740199190587927
131,62,78,8.16,53.17,Loamy,0.67,30.01,57.94,1017.25,7.47,9.57,East,1393,Kharif,Sugarcane,Drip,272.05,6.86,75.53,0.2876327290436782
140,29,82,4.99,42.83,Silt,0.69,37.11,52.55,969.48,4.91,17.19,West,1127,Zaid,Sugarcane,Sprinkler,143.94,17.2,73.19,0.6212924490496101
149,91,56,6.6,42.4,Sandy,0.4,18.23,49.44,1712.74,6.8,11.75,Central,1620,Zaid,Sugarcane,Canal,237.36,13.11,74.26,0.06835320030995862
155,58,64,6.55,48.75,Silt,1.58,13.42,41.1,1440.37,8.88,13.57,West,1773,Rabi,Sugarcane,Drip,128.76,4.92,72.65,0.7837598424841072
42,89,130,6.32,64.6,Loamy,1.52,13.85,65.1,1771.46,9.53,16.3,West,857,Kharif,Sugarcane,Sprinkler,287.37,7.39,76.21,0.6417343972985582
50,89,106,7.9,47.45,Silt,1.17,14.4,32.55,2368.69,10.23,10.09,West,400,Zaid,Sugarcane,Sprinkler,273.33,17.0,75.53,0.6714791486672069
176,39,110,7.86,45.11,Loamy,1.21,31.6,78.38,1021.1,5.73,6.45,West,1686,Kharif,Sugarcane,Canal,115.2,19.8,71.66,0.6322821536376398
60,73,111,5.86,16.59,Loamy,0.74,13.01,62.01,2184.27,10.52,5.47,North,309,Zaid,Sugarcane,Canal,252.74,3.8,74.63,0.27785277608971226
52,88,143,5.72,51.08,Clay,1.28,38.51,43.51,2028.0,9.39,12.12,East,168,Zaid,Sugarcane,Rainfed,226.33,24.14,75.68,0.432018927594506
61,36,23,8.15,40.54,Loamy,1.02,25.69,37.75,2639.06,10.75,17.31,West,141,Rabi,Sugarcane,Sprinkler,134.59,24.95,72.56,0.9803687409421851
39,77,130,6.32,59.34,Clay,0.38,14.14,71.41,1232.9,4.87,3.65,West,1427,Kharif,Sugarcane,Drip,130.63,22.74,75.97,0.518700994380595
177,78,32,7.31,41.91,Silt,0.77,29.54,54.13,464.37,4.01,2.03,West,2089,Rabi,Sugarcane,Canal,100.75,0.76,72.62,0.1133035047274642
148,67,97,7.23,45.79,Clay,1.22,21.78,74.69,2463.43,10.4,11.98,North,471,Zaid,Sugarcane,Canal,73.99,25.0,74.09,0.6567560634745571
63,84,125,5.45,30.53,Clay,0.64,28.74,66.95,2120.83,4.05,5.07,Central,184,Rabi,Sugarcane,Rainfed,261.7,24.65,75.28,0.9685373316998922
127,25,68,6.26,39.19,Silt,0.44,16.01,63.34,899.99,10.21,4.19,South,19,Rabi,Sugarcane,Drip,286.25,3.92,75.58,0.07697946706496628
156,24,142,5.89,47.98,Clay,0.46,17.48,73.48,2681.05,4.1,4.78,Central,1173,Kharif,Sugarcane,Rainfed,219.96,3.65,77.3,0.07558361385406698
117,25,100,6.87,23.76,Loamy,0.34,22.55,38.07,2011.65,5.19,12.43,Central,1386,Kharif,Sugarcane,Drip,298.08,21.31,76.31,0.2508930456911025
163,49,129,6.72,25.17,Clay,0.99,21.55,88.42,2613.64,9.0,11.89,North,979,Rabi,Sugarcane,Drip,301.67,7.99,79.99,0.6100074170794857
93,69,43,6.75,33.34,Silt,1.4,34.55,58.43,1224.89,4.54,7.21,South,2080,Zaid,Sugarcane,Canal,298.01,16.73,76.32,0.5976682827027031
172,34,23,5.84,45.23,Clay,0.9,31.71,85.92,888.66,6.51,15.94,West,1745,Rabi,Sugarcane,Drip,257.84,10.86,73.21,0.5875858711094019
141,39,99,5.53,38.07,Sandy,1.37,25.26,77.62,1849.07,9.5,17.62,North,1551,Rabi,Sugarcane,Drip,245.97,3.38,76.01,0.015394891691308477
40,51,97,5.23,15.56,Sandy,1.02,10.29,64.78,2106.62,10.16,3.03,Central,2025,Kharif,Sugarcane,Rainfed,103.08,11.16,72.33,0.43358279263261434
66,20,71,7.79,56.48,Loamy,1.44,16.14,78.9,1572.1,4.4,16.09,South,85,Kharif,Sugarcane,Canal,159.24,5.44,74.06,0.723447817850001
128,34,23,5.83,18.35,Clay,1.31,24.45,46.88,1194.4,4.43,5.76,West,1892,Kharif,Sugarcane,Canal,113.98,4.09,71.87,0.1992703364668008
42,16,118,6.89,16.82,Sandy,1.35,30.66,75.6,2644.21,7.84,7.57,South,613,Zaid,Sugarcane,Rainfed,128.49,6.69,75.66,0.21440648299316456
83,19,131,4.99,39.14,Loamy,0.4,28.98,41.33,2012.74,9.06,17.94,East,2008,Kharif,Sugarcane,Drip,207.76,15.66,75.32,0.08114917853623915
32,33,109,6.68,41.1,Sandy,1.53,24.51,47.48,2072.44,10.55,12.46,Central,1489,Zaid,Sugarcane,Canal,234.89,22.68,74.51,0.742881493667939
83,92,102,7.54,62.52,Loamy,0.64,23.68,77.92,864.3,7.09,11.85,South,1719,Zaid,Sugarcane,Sprinkler,162.99,13.19,75.05,0.45434542306765513
82,32,39,7.24,34.32,Clay,1.33,34.23,53.06,1240.9,8.68,1.67,West,587,Zaid,Sugarcane,Rainfed,61.61,8.61,73.27,0.4425455148147456
58,34,61,5.38,25.48,Loamy,0.9,37.53,35.34,2315.89,10.04,14.15,North,1716,Kharif,Sugarcane,Canal,137.0,3.43,75.32,0.1594922625413583
94,33,121,8.01,28.99,Loamy,0.87,17.08,34.69,743.99,6.51,11.89,West,1401,Kharif,Sugarcane,Drip,212.8,11.27,72.7,0.18564670490124302
133,76,33,6.37,27.68,Sandy,0.93,28.2,69.9,1510.14,10.5,9.89,South,218,Kharif,Sugarcane,Drip,206.76,10.09,75.27,0.6851343098744841
121,75,33,4.94,27.81,Clay,0.49,36.0,79.09,2158.4,4.07,11.31,South,1174,Zaid,Sugarcane,Drip,268.25,1.48,76.05,0.11043186341110267
56,44,69,7.82,56.02,Clay,1.2,14.11,38.73,303.48,5.86,6.75,East,434,Rabi,Sugarcane,Rainfed,328.29,8.8,74.75,0.28918744629594983
72,33,38,6.74,50.68,Sandy,1.02,35.2,73.58,2401.99,6.97,16.76,East,544,Kharif,Sugarcane,Drip,277.51,12.02,78.33,0.9137884438732593
33,28,135,5.23,27.26,Clay,0.42,12.02,57.46,2793.94,10.56,2.04,East,1767,Kharif,Sugarcane,Drip,236.86,2.71,76.04,0.8379083748518036
162,58,113,5.41,32.96,Loamy,0.45,22.08,85.68,1132.12,4.24,12.48,Central,870,Kharif,Sugarcane,Drip,264.94,19.09,73.93,0.16036540611974315
61,58,34,7.59,43.98,Silt,0.34,13.96,40.69,1724.5,7.34,13.29,West,519,Zaid,Sugarcane,Sprinkler,283.01,18.84,73.87,0.11755130015021997
57,28,48,4.91,37.71,Sandy,1.44,10.32,65.07,387.63,8.43,3.69,South,974,Zaid,Sugarcane,Canal,268.2,0.43,72.22,0.16528449014295743
88,16,92,5.66,18.87,Clay,1.32,37.91,45.68,382.48,9.74,7.78,East,2188,Zaid,Sugarcane,Rainfed,186.27,3.06,72.59,0.7324010490583791
135,44,100,7.5,63.08,Clay,0.44,13.11,46.12,425.58,6.97,1.1,North,1959,Rabi,Sugarcane,Rainfed,327.27,5.51,77.38,0.1613628010553837
54,45,70,7.49,30.59,Silt,0.92,22.55,47.41,2529.29,10.9,17.86,South,1355,Rabi,Sugarcane,Drip,196.63,24.38,72.83,0.01912896643728701
112,63,60,4.88,31.43,Sandy,0.3,19.5,38.03,2462.31,7.56,1.38,Central,819,Rabi,Sugarcane,Sprinkler,64.55,14.42,74.97,0.24153684170168177
124,98,97,6.7,28.75,Loamy,0.51,24.44,47.33,1321.37,9.06,7.75,North,2073,Rabi,Sugarcane,Canal,336.78,21.7,76.57,0.5192245707802051
131,54,27,7.0,17.88,Silt,0.77,24.61,64.74,2696.18,8.67,4.55,North,945,Rabi,Sugarcane,Rainfed,116.93,8.06,74.89,0.39103286912739865
86,73,126,7.38,20.97,Loamy,1.1,19.94,73.45,616.64,10.98,10.49,North,1203,Kharif,Sugarcane,Drip,195.02,16.21,72.39,0.23420337092633414
134,46,41,5.04,32.89,Loamy,1.07,33.18,49.55,1675.34,7.16,16.92,South,1938,Rabi,Sugarcane,Sprinkler,90.19,1.06,72.71,0.5409050038380808
83,59,34,5.43,32.72,Loamy,0.47,17.3,52.67,1724.43,10.14,17.47,South,976,Kharif,Sugarcane,Canal,157.09,3.32,72.42,0.6964298070361072
67,16,50,6.31,40.91,Loamy,0.46,37.25,89.63,1684.86,9.82,8.04,East,2030,Kharif,Sugarcane,Canal,139.76,14.42,75.79,0.5325040664159818
115,25,56,6.08,21.18,Silt,0.45,23.42,34.36,1726.69,5.65,16.9,South,856,Kharif,Sugarcane,Drip,314.52,14.17,76.41,0.6056378893234114
137,39,25,6.68,46.04,Clay,0.94,38.81,57.47,1901.49,5.54,12.73,South,695,Rabi,Sugarcane,Canal,348.29,17.07,76.87,0.2043163833989703
106,39,49,4.9,48.28,Loamy,0.66,39.05,42.11,1375.16,8.16,12.41,West,722,Rabi,Sugarcane,Canal,234.39,14.01,74.79,0.419271661166022
124,15,54,8.11,62.0,Silt,1.59,19.99,86.71,2043.61,7.54,16.63,East,1547,Kharif,Sugarcane,Sprinkler,320.95,17.26,75.78,0.06904590631459973
77,48,46,8.1,36.08,Sandy,0.44,30.45,40.98,1879.46,6.4,14.37,East,1517,Zaid,Sugarcane,Drip,224.96,15.8,74.09,0.2532723835227151
105,91,131,7.82,56.94,Clay,1.28,30.91,47.91,486.09,7.68,10.42,Central,1978,Zaid,Sugarcane,Canal,189.61,1.9,75.59,0.5356565993475786
144,88,117,6.25,54.36,Loamy,0.67,35.6,73.95,1763.67,6.8,1.17,East,2188,Rabi,Sugarcane,Rainfed,102.46,21.7,75.39,0.07569972730978747
154,57,79,7.81,24.47,Loamy,0.65,30.6,48.48,1851.22,7.27,14.39,East,1457,Rabi,Sugarcane,Drip,83.96,22.43,73.77,0.9017740285462287
72,66,122,5.92,31.0,Clay,1.39,33.81,74.5,1563.69,5.57,1.06,West,519,Kharif,Sugarcane,Rainfed,192.51,20.11,75.42,0.3894049389788753
110,90,110,6.38,33.42,Loamy,1.23,10.01,89.9,2283.5,8.72,8.67,North,1541,Kharif,Sugarcane,Rainfed,204.04,12.07,75.69,0.5590592849466022
115,45,72,8.12,42.52,Sandy,1.57,23.78,38.93,743.77,8.11,9.08,North,198,Zaid,Sugarcane,Rainfed,188.97,9.38,74.62,0.06871367772396098
38,97,90,5.64,56.0,Clay,0.94,19.74,30.37,1057.03,5.88,8.92,East,821,Kharif,Sugarcane,Canal,176.57,2.77,72.67,0.7819599771579592
63,71,108,6.32,62.58,Clay,0.84,23.69,37.36,1865.16,6.34,16.27,Central,1226,Rabi,Sugarcane,Sprinkler,309.75,17.4,77.29,0.7517469923958404
158,95,39,7.34,35.51,Silt,1.24,10.52,87.3,2295.38,7.87,11.11,West,1024,Zaid,Sugarcane,Canal,126.45,5.68,74.28,0.8030020719578371
132,32,72,6.99,28.04,Clay,0.75,11.23,61.73,1438.28,7.25,15.2,East,1187,Kharif,Sugarcane,Drip,168.81,10.73,74.15,0.9082284887003229
30,61,66,6.57,38.55,Clay,0.53,22.66,37.6,908.72,8.83,3.23,South,631,Zaid,Sugarcane,Drip,293.51,8.12,75.97,0.20225418052453492
39,67,21,6.19,30.92,Sandy,0.65,10.26,37.25,1230.27,9.86,12.97,Central,913,Rabi,Sugarcane,Drip,176.9,6.95,71.95,0.5070596467387183
178,53,137,5.75,61.46,Silt,0.55,28.19,56.25,1792.41,6.91,17.28,Central,1175,Kharif,Sugarcane,Sprinkler,63.17,8.49,74.46,0.6363742815333744
52,56,125,5.4,45.07,Sandy,0.94,11.42,75.75,1264.66,4.87,6.03,South,1685,Zaid,Sugarcane,Drip,275.31,8.62,76.39,0.08838494698451871
138,53,48,5.9,53.92,Clay,0.99,23.85,66.24,1221.89,4.26,14.37,South,1114,Zaid,Sugarcane,Sprinkler,234.18,8.23,77.25,0.2595764492750492
75,32,92,5.06,16.65,Loamy,0.79,18.88,46.56,631.97,8.77,12.25,East,863,Kharif,Sugarcane,Canal,231.72,19.46,70.64,0.32302734575409386
69,54,122,6.68,61.58,Sandy,1.42,12.06,79.98,1924.14,7.6,11.1,Central,947,Zaid,Sugarcane,Rainfed,342.03,4.67,77.61,0.2490087361090899
53,19,123,6.39,36.05,Loamy,0.59,26.49,76.3,1468.92,10.89,11.07,North,1373,Kharif,Sugarcane,Rainfed,346.43,12.79,74.39,0.5767023988577563
86,35,21,5.49,30.68,Loamy,0.79,22.84,46.07,2677.97,6.72,11.3,Central,1491,Rabi,Sugarcane,Sprinkler,218.47,7.07,72.92,0.411191517994586
90,29,116,5.25,40.68,Sandy,0.69,36.83,79.48,2136.9,10.19,5.98,East,906,Rabi,Sugarcane,Canal,252.81,6.41,75.88,0.014381446072085025
157,48,56,6.1,25.47,Sandy,0.65,37.71,59.96,2021.82,5.1,1.08,South,1357,Rabi,Sugarcane,Sprinkler,266.1,20.04,77.47,0.6237430848640091
115,50,49,6.09,61.19,Silt,0.39,17.39,35.09,1540.88,9.61,5.1,West,2186,Rabi,Sugarcane,Canal,337.11,12.4,76.21,0.76230262450096
87,77,63,5.3,24.27,Loamy,0.59,23.55,40.96,1777.81,9.66,8.75,East,1238,Rabi,Sugarcane,Sprinkler,308.87,2.02,77.47,0.8644332468683641
83,90,105,5.64,55.97,Silt,1.45,20.37,39.1,1666.22,5.41,4.97,Central,1030,Zaid,Sugarcane,Rainfed,344.06,6.1,76.38,0.527677466221695
45,60,74,4.92,28.18,Silt,1.45,33.46,53.67,2387.35,8.89,15.42,East,2060,Zaid,Sugarcane,Canal,227.22,10.53,76.82,0.9956311094988834
130,98,50,6.53,31.58,Clay,1.39,39.51,36.24,503.71,7.99,4.85,South,163,Rabi,Sugarcane,Drip,324.69,21.6,76.97,0.5003594462155606
65,45,46,5.74,23.15,Clay,1.28,23.9,78.68,2438.64,7.9,15.52,West,1778,Zaid,Sugarcane,Rainfed,87.62,18.72,74.58,0.27528821345186016
156,93,80,5.24,57.45,Clay,0.91,26.56,46.92,930.89,7.15,15.23,South,1914,Rabi,Sugarcane,Sprinkler,301.07,5.9,75.5,0.6359403268267109
152,42,54,6.6,64.97,Sandy,0.78,31.62,84.38,2205.48,9.68,2.72,East,496,Zaid,Sugarcane,Rainfed,134.81,1.16,76.61,0.6677605916031529
86,24,142,5.91,34.78,Loamy,1.42,33.44,38.3,884.96,5.58,16.45,Central,117,Kharif,Sugarcane,Rainfed,222.46,24.56,75.12,0.7791025863957868
35,71,65,6.34,33.34,Loamy,1.07,25.3,61.22,395.36,5.2,12.8,East,2157,Zaid,Sugarcane,Sprinkler,228.76,12.24,72.43,0.9609201469288247
138,65,36,6.35,50.71,Sandy,1.26,27.91,31.79,2092.51,4.27,10.69,Central,254,Kharif,Sugarcane,Rainfed,248.84,0.55,77.4,0.5928401805081102
44,65,86,7.41,21.56,Loamy,0.32,19.59,82.54,1807.21,9.15,6.76,North,234,Zaid,Sugarcane,Canal,297.66,14.08,75.69,0.03174376537298862
157,79,54,7.49,37.37,Loamy,1.6,28.37,77.75,1362.36,4.82,13.13,West,1615,Zaid,Sugarcane,Rainfed,299.59,20.0,75.51,0.8809730056396574
107,48,29,6.93,19.65,Silt,0.82,38.82,80.75,1100.34,10.0,15.48,East,581,Rabi,Sugarcane,Drip,323.26,4.09,73.67,0.1966535849529587
161,56,138,4.95,64.58,Loamy,0.34,35.71,84.17,1048.53,5.81,5.14,Central,982,Zaid,Sugarcane,Rainfed,141.72,2.58,74.26,0.9972378999036027
112,20,143,5.38,30.79,Clay,0.46,32.89,68.81,640.15,9.8,12.37,South,1372,Rabi,Sugarcane,Canal,206.03,8.81,73.28,0.8973658657909319
42,24,78,5.99,23.04,Clay,0.97,28.4,51.44,2772.78,7.68,10.91,North,1129,Zaid,Sugarcane,Sprinkler,309.51,4.85,75.19,0.06701653775120997
118,69,84,6.23,52.73,Silt,1.16,39.8,68.03,951.08,8.35,10.85,North,1839,Kharif,Sugarcane,Canal,224.06,7.32,73.89,0.38559759251333336
36,34,58,6.59,18.14,Clay,0.85,36.15,80.7,338.22,4.64,7.66,North,1606,Zaid,Sugarcane,Drip,308.04,7.05,73.57,0.9730767979122983
82,43,27,5.06,54.03,Sandy,1.02,19.81,82.07,1394.93,8.11,3.34,East,1328,Rabi,Sugarcane,Rainfed,322.73,21.11,76.0,0.25646306101676597
162,82,115,6.13,57.38,Clay,0.62,39.19,71.36,2573.71,5.9,12.61,East,1345,Zaid,Sugarcane,Canal,195.2,1.96,74.37,0.6739942081457304
91,72,148,5.68,39.08,Loamy,0.97,15.95,63.97,1469.69,9.48,13.49,South,778,Rabi,Sugarcane,Rainfed,330.3,21.36,75.81,0.580699084554285
141,79,143,4.84,64.3,Silt,1.48,27.08,52.93,1275.56,4.17,8.32,South,345,Rabi,Sugarcane,Sprinkler,111.41,7.75,74.81,0.14407878601319957
170,25,119,7.72,37.52,Sandy,0.41,17.36,61.92,2480.64,8.5,7.27,East,1131,Kharif,Sugarcane,Rainfed,229.03,1.19,75.81,0.45958405721362305
157,87,84,4.92,48.93,Loamy,0.59,17.53,54.69,1272.9,5.94,10.19,South,1003,Zaid,Sugarcane,Drip,329.59,15.96,75.84,0.7250060762991187
53,22,26,5.78,63.37,Silt,1.37,32.7,57.68,1073.06,9.84,2.52,East,1223,Kharif,Sugarcane,Sprinkler,182.62,23.76,75.52,0.8622029736581888
134,44,116,7.74,41.55,Silt,1.5,21.88,61.75,2136.63,6.79,17.45,West,777,Rabi,Sugarcane,Sprinkler,78.4,5.42,73.41,0.8401080784391999
165,69,50,7.8,50.29,Sandy,0.83,33.23,31.57,1860.11,6.28,15.91,North,2139,Zaid,Sugarcane,Canal,279.73,20.89,76.1,0.8895193110437631
46,76,110,8.05,53.9,Clay,1.38,24.39,70.95,1781.55,5.47,17.3,South,509,Kharif,Sugarcane,Canal,252.98,16.12,73.23,0.19516651721865041
68,44,147,5.32,39.43,Sandy,0.9,39.71,58.84,447.33,5.81,14.3,East,1152,Rabi,Sugarcane,Rainfed,132.81,6.59,72.68,0.4896244620502448
49,15,35,4.92,51.61,Loamy,0.67,25.91,65.12,850.76,8.03,14.42,South,298,Kharif,Sugarcane,Sprinkler,86.41,2.73,72.15,0.6447452485768186
57,43,23,5.37,26.16,Silt,0.89,29.7,89.99,1263.1,9.81,14.79,West,1564,Rabi,Sugarcane,Canal,256.49,12.85,73.68,0.1520485674244918
78,79,39,5.0,17.92,Sandy,1.12,34.08,70.75,2242.44,4.79,11.56,South,2151,Rabi,Sugarcane,Drip,170.34,11.45,74.62,0.9207396503426354
112,73,45,7.79,54.96,Loamy,1.2,38.97,49.4,1432.72,4.12,9.88,East,727,Zaid,Sugarcane,Canal,229.85,15.15,75.0,0.2914609134937939
158,59,29,6.48,28.91,Loamy,0.97,19.8,79.75,2618.21,8.13,2.39,Central,735,Kharif,Sugarcane,Drip,291.67,8.34,76.81,0.20754093620570346
152,84,139,7.11,26.45,Silt,1.35,35.95,60.32,1160.34,8.48,13.85,East,1852,Kharif,Sugarcane,Rainfed,94.71,12.1,75.5,0.5105807574595599
102,52,82,7.03,63.91,Loamy,0.37,28.42,47.5,416.99,9.51,10.32,South,499,Zaid,Sugarcane,Drip,332.04,13.2,74.93,0.6151291405411998
70,44,50,7.38,50.03,Silt,1.09,27.39,53.79,2478.84,10.47,12.52,East,1279,Zaid,Sugarcane,Canal,290.16,17.77,76.98,0.5511599619163721
111,41,21,7.22,22.33,Silt,0.66,36.21,86.73,1854.95,7.12,11.37,East,924,Kharif,Sugarcane,Rainfed,99.06,18.17,74.53,0.7507696492110557
94,59,47,7.14,48.14,Clay,1.11,14.17,79.22,761.99,8.45,8.03,South,1778,Kharif,Sugarcane,Rainfed,295.05,10.01,77.25,0.7752440518349493
149,49,130,5.28,45.77,Loamy,0.59,25.66,65.95,2085.86,5.53,15.44,East,1279,Rabi,Sugarcane,Sprinkler,235.38,4.19,74.49,0.2344256000115147
57,75,46,6.56,50.41,Clay,1.51,19.68,42.56,1205.26,10.08,10.98,Central,1106,Zaid,Sugarcane,Rainfed,276.33,11.07,74.9,0.31754970025758844
85,34,141,5.04,56.26,Loamy,0.36,14.03,46.19,1854.21,8.46,7.57,West,249,Kharif,Sugarcane,Canal,258.82,22.65,76.71,0.27746467972495403
158,16,29,6.56,28.0,Sandy,1.09,14.07,51.58,2659.28,7.45,8.21,North,1101,Kharif,Sugarcane,Canal,213.87,21.72,76.08,0.15047227100599747
150,34,131,5.21,25.27,Sandy,1.45,29.96,31.07,893.92,6.96,5.97,South,146,Kharif,Sugarcane,Drip,223.09,4.04,73.71,0.5015179603501664
67,77,45,6.54,36.57,Sandy,1.31,23.27,31.94,2466.64,10.27,15.86,West,1832,Kharif,Sugarcane,Sprinkler,115.18,20.23,75.63,0.6619136326370115
138,30,95,6.74,31.77,Clay,0.75,25.31,57.46,2634.44,9.82,9.48,East,53,Zaid,Sugarcane,Canal,92.07,13.91,76.26,0.8174078473061094
85,95,137,5.12,23.72,Sandy,0.54,28.83,44.59,411.87,4.14,1.4,South,266,Zaid,Sugarcane,Sprinkler,78.42,8.35,74.06,0.8955628481318387
151,48,143,6.51,18.6,Loamy,0.9,11.4,67.98,2019.59,5.81,2.94,Central,1859,Rabi,Sugarcane,Sprinkler,290.83,20.27,77.64,0.19060983307444979
84,17,35,5.71,40.67,Clay,1.3,29.91,69.33,2617.59,10.51,2.88,West,1669,Rabi,Sugarcane,Canal,160.97,11.89,73.82,0.4299576197798217
162,52,118,6.45,55.52,Silt,0.39,17.6,77.83,635.8,6.31,1.5,Central,530,Rabi,Sugarcane,Drip,293.5,20.59,75.18,0.2879453426759925
135,43,144,7.25,44.23,Sandy,1.2,12.92,88.13,2406.57,9.2,17.78,East,2040,Kharif,Sugarcane,Sprinkler,345.72,15.98,77.3,0.596081955238306
166,48,46,5.19,57.31,Clay,1.12,30.69,31.35,699.77,6.61,13.2,West,1441,Kharif,Sugarcane,Sprinkler,117.86,8.63,72.98,0.7330001072226232
35,73,82,4.88,16.59,Silt,1.43,33.86,64.7,1233.58,7.05,9.44,East,739,Zaid,Sugarcane,Drip,182.87,17.32,70.16,0.658661354939767
34,90,45,5.4,46.91,Silt,0.89,37.44,78.59,556.57,10.89,4.29,East,743,Kharif,Sugarcane,Canal,66.38,3.99,72.8,0.3995187845869348
75,41,41,7.69,62.67,Silt,0.32,20.83,61.58,1251.82,5.32,9.17,South,435,Rabi,Sugarcane,Sprinkler,166.65,5.34,74.06,0.11870909550911146
123,56,26,7.33,54.09,Clay,1.26,20.52,36.04,1523.25,9.42,12.11,South,2020,Zaid,Sugarcane,Canal,73.86,23.36,72.17,0.17252387694636206
136,93,44,6.83,33.03,Clay,0.54,32.61,48.81,1896.82,6.54,2.75,Central,712,Rabi,Sugarcane,Drip,269.78,17.74,75.85,0.2528581182501112
127,62,56,6.18,48.26,Clay,0.82,37.59,54.21,1035.03,5.92,8.91,Central,666,Kharif,Sugarcane,Canal,204.24,5.8,74.9,0.4773503981224013
157,56,47,5.82,36.24,Clay,0.88,30.75,41.56,1415.79,7.67,7.34,North,1436,Rabi,Sugarcane,Rainfed,106.52,12.75,74.33,0.4821320989198419
55,40,50,5.65,61.58,Sandy,0.68,15.66,56.27,342.86,9.4,16.28,South,903,Kharif,Sugarcane,Sprinkler,337.16,5.24,72.73,0.22123869644606398
78,49,93,4.85,53.2,Silt,0.59,32.54,68.74,1872.14,6.04,11.67,South,2166,Rabi,Sugarcane,Drip,77.64,0.47,73.78,0.3032858908492829
36,43,120,7.99,63.07,Sandy,0.88,37.86,50.3,1717.1,8.67,7.0,West,814,Zaid,Sugarcane,Sprinkler,103.44,10.96,74.39,0.9325548784193121
132,58,52,8.16,46.78,Loamy,0.41,21.79,48.13,1949.7,6.85,1.66,Central,1611,Rabi,Sugarcane,Canal,200.25,19.01,77.81,0.6838664518353432
173,67,81,6.03,21.67,Clay,1.56,14.24,32.08,635.2,9.92,11.38,South,1322,Kharif,Sugarcane,Drip,229.87,19.59,73.02,0.06845045256601678
102,45,40,6.04,18.05,Clay,1.41,36.53,89.99,1769.71,6.71,15.71,East,536,Zaid,Sugarcane,Drip,162.84,1.0,73.89,0.6127958355365104
51,29,100,7.24,48.98,Sandy,1.42,35.28,55.09,2447.85,8.71,14.96,East,1648,Zaid,Sugarcane,Rainfed,344.2,7.38,77.52,0.1568127053168057
74,82,88,6.15,20.01,Silt,0.97,28.86,41.16,885.67,9.61,1.45,East,867,Rabi,Sugarcane,Drip,302.63,10.69,74.31,0.22044600424541894
125,60,43,6.97,41.88,Silt,0.33,15.08,34.42,1051.04,8.29,7.68,East,540,Zaid,Sugarcane,Canal,288.63,3.77,76.75,0.4313017063410146
87,79,149,6.41,53.79,Sandy,1.45,23.79,54.09,335.18,6.94,8.45,Central,544,Zaid,Sugarcane,Drip,64.71,16.89,74.14,0.728370854339646
128,78,72,6.73,30.34,Clay,0.57,38.54,88.19,1219.64,7.31,15.48,North,1571,Rabi,Sugarcane,Rainfed,138.91,19.72,74.45,0.345806098410425
58,77,113,5.51,49.9,Sandy,1.57,16.62,50.53,1806.43,7.08,10.96,North,222,Kharif,Sugarcane,Sprinkler,312.59,8.14,75.82,0.8054300430459791
38,78,56,5.19,28.12,Sandy,1.02,21.28,58.03,2541.04,5.39,15.0,West,1874,Kharif,Sugarcane,Drip,126.55,22.13,73.62,0.2659284506321188
133,23,110,7.04,26.73,Loamy,1.55,21.26,84.15,2529.91,10.21,9.48,East,354,Zaid,Sugarcane,Rainfed,325.25,17.65,76.97,0.7572829782755007
119,42,70,7.0,50.07,Silt,0.83,39.37,37.38,1684.33,8.72,2.97,North,1245,Rabi,Sugarcane,Drip,289.13,1.34,77.64,0.23147521376529812
178,55,36,7.43,25.37,Loamy,1.26,24.75,83.92,771.22,5.17,7.34,Central,1285,Kharif,Sugarcane,Rainfed,209.7,4.45,72.35,0.011302536589022472
42,91,85,5.16,30.42,Clay,1.43,10.49,86.93,746.46,5.07,7.72,West,671,Kharif,Sugarcane,Canal,151.56,2.05,72.74,0.0402580030092321
57,18,82,7.21,23.47,Loamy,1.06,32.36,57.81,807.54,7.7,10.93,Central,2190,Zaid,Sugarcane,Rainfed,153.52,9.45,73.38,0.4261212379522308
99,43,63,5.46,54.08,Clay,1.3,26.52,44.57,865.24,8.99,2.94,West,1683,Rabi,Sugarcane,Rainfed,90.88,18.6,74.1,0.8173053122132368
37,78,144,6.95,37.79,Silt,1.21,36.65,38.62,825.9,10.05,15.39,Central,443,Zaid,Sugarcane,Drip,262.52,7.17,73.58,0.5719958782835928
169,68,70,6.66,40.39,Sandy,1.18,37.77,87.03,525.78,7.36,3.35,West,477,Zaid,Sugarcane,Sprinkler,278.27,5.81,75.23,0.3610747263410372
60,72,149,5.4,49.79,Clay,1.09,14.47,47.3,1010.36,5.82,11.01,North,1472,Kharif,Sugarcane,Drip,210.73,13.49,73.27,0.6796972168333453
120,60,147,5.69,25.61,Silt,1.34,15.93,32.86,822.84,5.68,15.72,North,1565,Rabi,Sugarcane,Sprinkler,135.77,5.37,72.54,0.056680432165835404
172,57,106,5.84,45.92,Sandy,1.15,11.22,88.85,2212.23,6.03,12.31,East,1938,Rabi,Sugarcane,Drip,344.74,1.21,77.45,0.6415044812562517
42,16,112,6.21,33.72,Clay,0.65,35.83,39.83,940.28,8.05,8.05,North,1433,Kharif,Sugarcane,Rainfed,327.32,21.53,76.69,0.8860861088135163
142,80,138,5.88,38.76,Clay,1.56,18.16,52.62,936.58,8.01,14.65,North,295,Kharif,Sugarcane,Rainfed,204.58,1.66,75.13,0.8956899442666165
43,39,145,6.08,52.08,Silt,1.52,36.43,35.99,1504.1,5.56,10.63,West,882,Kharif,Sugarcane,Sprinkler,130.8,19.61,75.4,0.5561906926300116
61,50,134,5.05,60.04,Clay,0.85,27.13,82.36,2646.85,4.06,8.11,North,926,Kharif,Sugarcane,Canal,274.68,3.02,75.0,0.7795167014240635
149,26,55,6.74,44.42,Silt,1.09,29.44,52.03,1123.56,7.76,6.09,East,1793,Zaid,Sugarcane,Canal,283.23,24.74,76.57,0.8899133763628625
104,15,45,5.72,50.62,Sandy,0.58,34.35,44.67,1481.64,5.07,7.57,East,1509,Kharif,Sugarcane,Rainfed,256.44,6.55,74.35,0.9919627472386433
116,94,95,6.69,35.55,Sandy,0.33,33.61,69.84,1530.7,8.22,4.76,South,1334,Zaid,Sugarcane,Drip,106.36,20.46,76.17,0.7653633638580407
179,82,45,8.07,15.85,Loamy,1.5,14.54,32.41,1311.95,10.98,12.79,West,1287,Rabi,Sugarcane,Rainfed,108.05,8.58,72.7,0.10284259215747671
100,53,97,6.66,46.42,Silt,0.57,28.05,83.77,1743.16,6.75,6.75,West,1420,Zaid,Sugarcane,Drip,80.33,17.37,75.31,0.8468872244289528
179,69,107,7.79,52.17,Silt,1.14,22.88,59.84,764.51,4.29,5.66,West,2106,Rabi,Sugarcane,Sprinkler,270.76,19.05,75.8,0.603150120122947
72,35,105,5.05,30.52,Clay,1.57,27.0,53.32,2241.04,6.07,3.45,West,226,Kharif,Sugarcane,Rainfed,328.85,21.8,76.09,0.6923543061544142
49,20,74,5.34,56.73,Loamy,0.75,23.49,40.48,1066.5,9.54,7.46,North,2010,Kharif,Sugarcane,Rainfed,216.64,1.88,74.41,0.2187138889065392
177,97,83,6.24,60.57,Loamy,0.97,38.87,83.38,1662.16,4.75,9.53,Central,563,Zaid,Sugarcane,Sprinkler,97.82,20.02,73.31,0.258591591134784
91,76,144,5.86,28.36,Sandy,1.39,20.3,76.21,854.85,9.13,5.99,East,1508,Zaid,Sugarcane,Rainfed,226.29,20.86,75.6,0.9653027236303998
153,77,73,8.13,57.41,Silt,1.07,39.58,86.21,2010.2,5.06,4.29,West,1734,Rabi,Sugarcane,Sprinkler,276.71,12.19,77.36,0.714718833502036
41,54,124,6.22,28.06,Loamy,0.52,13.97,34.98,1283.87,7.67,15.27,West,1489,Zaid,Sugarcane,Rainfed,82.29,13.8,72.9,0.69783278550517
123,86,124,5.23,55.83,Clay,0.74,15.32,48.53,2382.09,4.56,12.39,Central,151,Kharif,Sugarcane,Drip,289.89,3.31,78.28,0.6796331823951436
131,84,131,5.62,59.26,Clay,1.03,19.66,58.36,896.42,4.2,8.12,North,2123,Rabi,Sugarcane,Drip,81.84,23.0,74.39,0.7287780544506475
167,69,91,5.08,35.23,Sandy,0.32,23.35,60.51,1339.97,7.75,6.11,Central,1841,Zaid,Sugarcane,Rainfed,88.28,18.35,74.58,0.3235304124854915
81,67,40,7.66,56.88,Loamy,0.78,30.79,63.82,2582.95,5.3,10.95,West,1343,Zaid,Sugarcane,Sprinkler,232.89,15.06,76.06,0.6650559890066311
69,83,30,7.77,43.99,Clay,0.85,14.01,44.49,979.96,4.29,3.15,South,887,Zaid,Sugarcane,Rainfed,225.19,15.25,73.95,0.10343411486048337
39,22,111,7.58,32.52,Loamy,1.59,27.7,78.91,637.5,9.13,12.65,West,718,Zaid,Sugarcane,Canal,291.69,16.51,74.51,0.3057439574472911
116,76,32,7.32,59.99,Silt,0.65,39.37,66.82,356.33,9.98,12.04,Central,1251,Rabi,Sugarcane,Drip,290.5,3.23,75.38,0.1332099241366287
86,59,133,5.28,40.45,Loamy,0.65,35.92,72.09,1928.24,8.31,17.18,West,779,Kharif,Sugarcane,Rainfed,297.57,19.08,75.49,0.5784925082293301
38,95,85,5.03,29.91,Sandy,1.09,15.3,78.64,1444.87,9.17,16.31,West,1222,Rabi,Sugarcane,Rainfed,181.62,18.76,73.37,0.7006114963944516
51,15,45,5.61,26.16,Sandy,0.81,11.59,43.27,1923.68,10.23,1.04,East,156,Zaid,Sugarcane,Canal,156.14,9.32,72.28,0.7534721106595967
144,70,49,7.43,56.69,Sandy,1.44,18.79,31.95,734.06,7.93,16.15,South,766,Kharif,Sugarcane,Drip,68.02,8.18,72.94,0.6191727353658367
69,94,58,4.91,49.11,Silt,0.52,22.98,70.41,1473.78,10.32,14.79,South,118,Zaid,Sugarcane,Drip,206.17,4.14,73.66,0.10804455937640711
118,35,91,7.93,53.95,Silt,0.73,13.39,57.42,1009.48,9.58,12.28,East,1147,Kharif,Sugarcane,Drip,209.55,23.22,74.53,0.8200675020556494
163,59,120,5.44,18.13,Clay,1.51,28.09,35.67,1327.16,11.0,5.59,Central,939,Zaid,Sugarcane,Canal,317.13,1.07,75.46,0.3077709052931491
160,31,63,5.65,61.9,Loamy,1.34,11.61,41.49,1738.97,10.05,2.85,West,2065,Zaid,Sugarcane,Rainfed,241.91,23.1,75.46,0.9113391900786307
60,71,66,6.02,40.47,Silt,1.44,19.96,57.41,2219.68,5.98,15.42,South,2133,Kharif,Sugarcane,Canal,343.48,2.25,76.85,0.06203676362878152
113,51,22,6.54,26.63,Silt,1.4,38.52,75.55,1313.27,5.8,1.19,South,1004,Rabi,Sugarcane,Drip,78.46,22.27,72.83,0.33930526730956745
156,30,149,8.19,59.77,Clay,1.04,23.95,70.09,1978.45,10.91,17.91,West,1383,Kharif,Sugarcane,Canal,222.14,4.5,74.03,0.5059316543195584
42,38,41,7.61,46.12,Silt,1.39,17.05,40.81,437.98,9.8,13.63,Central,1480,Zaid,Sugarcane,Drip,201.55,24.03,71.69,0.9977493890102006
49,43,149,5.91,38.72,Sandy,0.3,34.97,46.69,1951.21,10.39,8.62,South,1817,Zaid,Sugarcane,Sprinkler,331.38,4.44,77.28,0.11514617839520114
158,33,109,6.08,20.88,Clay,0.55,28.59,57.17,985.89,9.07,15.63,North,1425,Kharif,Sugarcane,Rainfed,248.83,15.86,73.88,0.414825655521352
172,34,22,6.73,30.1,Sandy,0.72,33.67,58.15,640.87,9.71,17.29,East,593,Rabi,Sugarcane,Drip,248.19,0.3,75.03,0.3872744114248413
87,99,96,7.78,17.52,Loamy,1.31,25.19,46.21,1995.27,8.6,9.37,South,2145,Rabi,Sugarcane,Drip,93.15,0.57,72.8,0.4420334209311235
101,36,142,7.07,19.38,Clay,1.58,35.63,34.44,1834.91,7.98,2.57,North,1928,Kharif,Sugarcane,Sprinkler,139.49,11.78,74.3,0.9405039528794026
157,88,136,5.04,63.37,Loamy,1.51,10.92,74.87,2265.56,9.51,10.97,West,560,Kharif,Sugarcane,Canal,152.77,17.73,75.55,0.39631262549822055
86,66,120,5.74,23.08,Clay,0.7,33.18,72.49,2587.14,9.03,14.77,West,2044,Rabi,Sugarcane,Canal,108.04,1.46,75.25,0.29632580189980007
168,18,39,7.38,21.38,Sandy,1.11,14.77,87.85,554.22,6.23,13.49,East,440,Zaid,Sugarcane,Drip,175.52,14.84,72.86,0.9709402496046186
46,43,66,6.94,18.82,Loamy,0.94,38.24,53.49,845.86,4.32,11.63,North,948,Zaid,Sugarcane,Rainfed,122.7,15.01,72.86,0.040285518777998464
85,70,77,6.37,53.99,Clay,1.04,21.63,58.33,2707.86,9.02,16.76,West,2070,Rabi,Sugarcane,Canal,137.49,15.48,75.81,0.516283299197674
144,97,115,7.28,32.87,Silt,0.77,17.67,83.82,1043.31,6.29,17.9,East,1415,Rabi,Sugarcane,Rainfed,299.14,18.93,74.84,0.8096750362658893
133,54,47,7.52,18.29,Loamy,0.38,18.45,53.85,480.19,5.1,3.57,North,573,Zaid,Sugarcane,Drip,110.5,18.48,71.28,0.13217965775387175
67,63,56,5.24,34.42,Sandy,1.2,35.08,39.61,1151.75,4.34,2.23,West,1472,Kharif,Sugarcane,Canal,249.99,10.52,74.23,0.3832153659472517
72,79,50,5.83,21.17,Sandy,0.42,32.79,85.61,1663.04,6.37,13.65,East,1812,Kharif,Sugarcane,Sprinkler,261.04,9.87,74.6,0.8263408109501867
134,68,139,7.8,32.68,Sandy,0.45,21.82,85.32,1271.19,9.86,17.14,Central,821,Zaid,Sugarcane,Drip,178.41,8.42,74.09,0.6314587925830206
69,57,26,7.87,50.24,Clay,1.32,26.71,58.28,592.34,9.4,2.11,North,486,Kharif,Sugarcane,Rainfed,62.46,23.47,72.41,0.22048763941474925
148,29,139,6.74,61.17,Loamy,0.72,33.57,64.41,1383.33,6.45,8.53,West,2024,Rabi,Sugarcane,Drip,228.75,17.87,77.58,0.6665219766930349
171,95,54,5.34,33.61,Clay,1.01,27.44,67.96,1919.84,9.76,4.02,West,556,Zaid,Sugarcane,Canal,220.02,15.27,76.68,0.08010572660960225
63,94,112,5.19,27.13,Clay,0.67,21.21,89.19,1474.88,6.75,4.94,West,1001,Zaid,Sugarcane,Rainfed,276.82,2.71,74.73,0.1633667583984202
133,22,83,5.79,60.8,Silt,1.17,20.0,45.77,382.59,6.36,10.86,East,1936,Kharif,Sugarcane,Drip,72.56,13.73,73.78,0.5117074471147008
56,40,111,7.0,59.31,Silt,0.86,21.71,81.08,2215.87,10.02,11.12,East,1958,Rabi,Sugarcane,Rainfed,186.02,14.18,74.38,0.1453266924205041
172,46,130,7.82,32.11,Sandy,0.42,23.36,71.15,1832.17,5.47,10.08,East,18,Rabi,Sugarcane,Rainfed,308.46,0.08,76.58,0.12328377929894685
50,31,111,7.34,63.55,Silt,0.84,18.41,86.01,1452.49,6.19,8.75,Central,1522,Rabi,Sugarcane,Drip,102.94,8.96,74.95,0.9895053333843224
136,77,41,4.96,39.07,Silt,0.38,29.76,75.42,803.25,6.06,13.25,South,1421,Zaid,Sugarcane,Sprinkler,347.91,6.59,73.67,0.07675806188873802
167,62,77,7.72,19.78,Silt,1.03,24.84,47.58,419.15,9.75,10.79,Central,661,Rabi,Sugarcane,Rainfed,103.74,12.41,71.37,0.17708225539728983
34,69,128,7.35,21.65,Sandy,0.96,18.93,54.77,1499.31,10.48,10.41,Central,434,Zaid,Sugarcane,Rainfed,127.64,19.84,71.87,0.5993597250421656
31,52,115,7.09,40.17,Sandy,0.98,22.99,55.8,1543.26,4.87,11.08,East,270,Rabi,Sugarcane,Sprinkler,115.43,1.23,74.87,0.5469288759854769
80,69,117,6.35,26.85,Clay,0.39,23.87,42.85,739.94,8.96,12.94,West,2073,Zaid,Sugarcane,Drip,95.18,13.59,74.65,0.9224342836561245
152,36,75,6.89,29.47,Sandy,1.01,18.29,38.6,2691.18,5.94,9.49,Central,1579,Rabi,Sugarcane,Sprinkler,311.34,23.5,78.6,0.24067051475715306
60,32,129,6.71,48.95,Clay,0.94,24.99,82.89,2524.49,9.72,1.32,West,1814,Kharif,Sugarcane,Rainfed,311.87,17.41,76.1,0.4096728692925191
81,88,101,7.7,35.59,Silt,1.48,35.77,68.49,2471.78,4.3,2.58,East,369,Zaid,Sugarcane,Rainfed,316.96,8.46,76.06,0.9782206685265583
69,83,72,5.41,26.61,Sandy,0.73,24.01,87.58,1200.01,5.58,10.69,Central,1878,Rabi,Sugarcane,Canal,247.37,9.65,75.31,0.42001100429566285
108,22,120,6.43,55.38,Loamy,0.96,31.87,66.79,1015.71,6.86,12.06,East,1336,Kharif,Sugarcane,Canal,181.66,6.81,74.87,0.6920505530397448
128,46,25,6.0,35.75,Clay,0.79,29.07,64.34,1282.18,7.26,16.22,South,349,Rabi,Sugarcane,Canal,131.47,7.35,72.36,0.415818568018411
107,29,77,7.52,56.36,Loamy,0.37,33.66,53.27,869.04,9.7,9.37,West,1541,Rabi,Sugarcane,Drip,157.06,13.75,74.54,0.13300979890732878
101,46,25,4.84,27.51,Silt,0.86,16.32,37.32,1372.6,5.25,6.16,East,289,Zaid,Sugarcane,Rainfed,160.65,1.11,74.56,0.9070419604150218
175,46,44,6.17,19.02,Sandy,1.14,11.54,75.33,2208.77,10.09,13.07,East,391,Rabi,Sugarcane,Drip,132.91,4.39,74.8,0.7422713922522868
46,47,58,4.88,36.4,Silt,1.13,32.07,65.46,975.58,6.12,3.92,South,1517,Kharif,Sugarcane,Rainfed,192.32,2.05,73.02,0.35483185554316266
43,46,132,5.53,28.66,Loamy,1.11,36.92,30.09,1696.11,5.33,2.47,Central,2194,Rabi,Sugarcane,Canal,277.75,4.01,75.2,0.7802126485356335
129,72,88,5.63,25.3,Loamy,0.86,21.97,51.03,2678.27,8.78,17.01,South,272,Kharif,Sugarcane,Rainfed,305.75,14.79,75.11,0.5992992870063887
90,73,36,6.6,50.17,Clay,0.96,16.21,78.51,815.98,10.02,6.54,South,695,Kharif,Sugarcane,Sprinkler,192.69,5.78,75.68,0.49623922190081393
94,72,35,8.1,54.33,Loamy,0.76,17.62,37.04,580.58,4.18,12.11,Central,1667,Kharif,Sugarcane,Canal,165.69,7.6,73.4,0.1744092671114995
61,58,22,6.59,56.73,Loamy,1.09,26.61,48.0,2538.65,10.85,2.3,East,1040,Kharif,Sugarcane,Canal,105.76,5.82,76.6,0.09142199181713817
170,18,140,7.67,37.94,Sandy,1.27,32.02,89.5,1742.95,9.1,11.89,East,2074,Zaid,Sugarcane,Rainfed,248.2,21.07,73.74,0.6256819122613526
97,23,65,5.58,34.61,Silt,0.91,33.75,87.7,1184.72,10.87,2.93,South,785,Zaid,Sugarcane,Sprinkler,91.09,10.7,72.02,0.19629430231106704
161,98,37,7.0,17.18,Loamy,1.19,34.61,51.6,993.1,8.41,12.25,North,141,Rabi,Sugarcane,Sprinkler,91.07,9.2,74.59,0.5771170823879065
53,39,52,4.87,57.12,Sandy,1.33,10.25,53.57,987.54,5.78,17.24,South,1610,Rabi,Sugarcane,Rainfed,265.61,13.21,73.32,0.5721229637222063
37,31,31,8.18,21.49,Sandy,0.49,31.27,57.66,1265.62,10.04,5.6,South,1669,Rabi,Sugarcane,Drip,272.62,17.22,74.15,0.19864457689740578
143,89,134,4.86,51.67,Silt,0.58,18.58,37.82,2056.34,7.12,3.42,West,721,Rabi,Sugarcane,Drip,143.35,14.98,74.89,0.17182946035765845
146,38,55,6.83,57.18,Clay,0.99,33.19,41.01,2583.88,9.15,8.77,West,336,Rabi,Sugarcane,Drip,173.37,22.76,77.0,0.5180774980403448
175,90,129,5.33,28.56,Silt,1.04,30.68,71.25,432.05,5.54,14.12,West,2047,Kharif,Sugarcane,Rainfed,152.56,16.87,75.44,0.45851856218701537
44,35,94,7.43,48.3,Silt,0.5,26.33,57.18,1642.71,5.3,4.41,West,1279,Kharif,Sugarcane,Canal,314.31,23.74,75.79,0.5645906389334635
125,62,36,6.08,15.05,Loamy,1.52,22.65,80.94,481.38,5.35,2.43,Central,1691,Rabi,Sugarcane,Drip,99.19,18.46,73.05,0.6790666044956374
70,18,56,6.04,19.27,Silt,0.81,34.71,42.55,1185.01,8.44,5.96,East,1987,Kharif,Sugarcane,Canal,163.29,3.51,73.75,0.5000582591910867
102,27,143,4.95,44.41,Sandy,0.62,32.13,30.06,2353.63,9.88,1.61,North,1118,Kharif,Sugarcane,Sprinkler,156.74,2.24,75.4,0.9656389752668004
112,56,51,5.66,49.08,Loamy,1.1,21.4,62.79,439.71,7.68,13.68,North,686,Zaid,Sugarcane,Sprinkler,164.15,2.37,72.1,0.1307173235897573
87,91,104,8.07,28.04,Loamy,0.94,28.64,72.92,1135.66,8.97,4.9,South,1691,Kharif,Sugarcane,Canal,316.52,7.23,74.97,0.23222469090134312
178,24,89,7.38,60.25,Loamy,1.52,21.0,65.47,1969.79,4.19,17.04,West,2097,Rabi,Sugarcane,Canal,122.38,7.67,74.78,0.33924066117383633
104,47,67,6.61,55.36,Loamy,1.56,31.41,43.6,679.35,6.44,13.34,South,504,Kharif,Sugarcane,Canal,320.7,14.1,76.24,0.8586981212445739
137,63,28,5.94,43.86,Silt,0.83,30.61,78.87,2477.74,10.48,6.73,East,968,Zaid,Sugarcane,Canal,325.84,17.55,78.19,0.6825404787671571
56,65,79,6.7,15.45,Sandy,1.48,39.83,85.46,1844.79,8.42,4.59,West,328,Kharif,Sugarcane,Rainfed,324.79,2.65,76.59,0.8614180460955174
101,31,62,7.14,18.48,Silt,1.47,19.74,68.54,670.88,10.25,14.65,Central,1162,Rabi,Sugarcane,Rainfed,133.73,13.84,72.64,0.9523867523987246
92,83,113,6.11,53.19,Sandy,0.44,32.17,63.09,1923.18,5.68,17.01,East,458,Kharif,Sugarcane,Canal,112.88,5.67,74.67,0.8119462346378834
170,99,74,6.72,47.9,Silt,1.51,16.97,57.36,366.33,6.32,8.94,Central,1312,Kharif,Sugarcane,Rainfed,308.69,17.65,76.09,0.8585064545515545
119,42,57,5.12,52.75,Loamy,1.25,12.18,36.75,1763.72,8.37,4.44,East,1598,Rabi,Sugarcane,Sprinkler,230.66,4.25,74.83,0.05363479152083084
65,84,94,5.77,35.31,Sandy,1.34,15.63,46.71,1435.1,9.71,14.14,East,1177,Zaid,Sugarcane,Sprinkler,279.65,12.32,74.24,0.7174649906119122
105,21,137,8.1,59.27,Sandy,0.64,25.8,39.0,2152.34,4.07,15.81,Central,795,Kharif,Sugarcane,Sprinkler,154.92,23.5,73.38,0.16827858850771282
153,29,126,7.78,44.87,Silt,0.95,17.0,39.03,602.9,6.38,13.18,East,1196,Kharif,Sugarcane,Canal,95.28,13.91,72.68,0.5111136384895005
154,78,27,7.73,49.65,Loamy,1.03,33.66,55.78,1657.76,8.56,17.03,South,1286,Rabi,Sugarcane,Sprinkler,314.47,22.99,75.85,0.6043129822403198
58,42,103,6.06,52.63,Silt,1.14,20.27,66.61,2486.95,7.14,16.88,West,1725,Rabi,Sugarcane,Drip,167.76,16.05,76.42,0.8792795561570067
159,79,49,4.88,39.06,Clay,1.22,20.94,71.84,544.45,8.69,13.47,East,785,Zaid,Sugarcane,Sprinkler,205.8,18.8,73.2,0.047196701697378995
45,81,77,7.5,51.99,Loamy,1.14,22.33,42.61,1507.07,6.4,4.85,North,1648,Kharif,Sugarcane,Canal,61.74,2.43,72.87,0.6791625683195628
48,15,127,6.73,48.85,Sandy,1.44,16.48,85.06,2428.81,10.81,13.99,East,212,Kharif,Sugarcane,Drip,213.47,7.96,75.43,0.29827245423412274
170,76,103,6.64,27.71,Loamy,0.31,38.79,45.21,1889.38,8.42,12.65,West,869,Kharif,Sugarcane,Sprinkler,126.43,14.82,74.84,0.39312179820707915
67,37,21,7.64,34.28,Clay,0.38,37.04,68.18,1803.25,10.62,10.89,East,1383,Kharif,Sugarcane,Rainfed,213.63,5.38,73.32,0.5205438373048584
99,59,41,6.45,58.12,Clay,1.0,34.45,42.25,1172.07,5.67,12.23,East,618,Zaid,Sugarcane,Rainfed,156.96,8.67,76.16,0.44066488342429355
34,20,137,7.85,49.0,Silt,1.4,16.02,75.5,2606.28,6.9,5.14,West,357,Rabi,Sugarcane,Canal,143.08,3.09,74.87,0.5953663701568727
124,62,108,7.46,47.55,Sandy,1.18,19.77,66.44,1235.05,7.57,17.71,South,2185,Kharif,Sugarcane,Rainfed,167.94,22.69,72.28,0.5960501157609502
95,53,132,7.53,60.45,Loamy,0.57,20.48,55.67,2444.64,6.47,7.71,North,1160,Zaid,Sugarcane,Sprinkler,219.99,1.01,75.37,0.0002270382182555375
117,77,101,7.07,29.59,Loamy,0.52,33.62,81.35,2597.81,9.76,8.34,North,2120,Rabi,Sugarcane,Sprinkler,111.08,16.02,76.33,0.5123928207321066
114,76,85,5.17,36.86,Clay,0.49,34.65,55.92,1859.57,8.92,9.59,East,928,Zaid,Sugarcane,Drip,109.12,22.45,73.91,0.7187181132622024
94,74,29,6.38,19.57,Sandy,0.78,34.59,59.98,1488.45,7.31,16.56,Central,800,Zaid,Sugarcane,Canal,240.25,7.24,75.21,0.39181089461717167
135,41,143,8.08,62.98,Loamy,0.44,24.48,49.42,1282.7,10.42,11.37,North,78,Rabi,Sugarcane,Drip,242.71,21.09,75.94,0.3412444497577206
104,32,64,8.0,51.25,Silt,1.43,19.21,43.44,2748.1,4.24,5.29,South,1413,Kharif,Sugarcane,Drip,265.49,20.72,76.57,0.9888405413036631
56,26,46,5.6,20.88,Sandy,0.44,22.21,75.42,2172.75,4.26,13.32,South,472,Kharif,Sugarcane,Rainfed,219.03,2.2,72.88,0.9868959453882975
142,17,28,6.3,30.76,Loamy,0.56,37.36,55.7,1270.28,4.73,1.14,East,953,Rabi,Sugarcane,Drip,120.9,5.64,73.74,0.7545693612057366
69,91,129,7.28,31.71,Sandy,0.96,12.88,56.99,1342.73,9.83,9.51,Central,2045,Kharif,Sugarcane,Canal,133.59,0.04,75.08,0.8275236939538171
70,97,28,6.01,30.19,Loamy,0.64,10.63,41.4,529.78,4.93,2.9,North,1524,Rabi,Sugarcane,Rainfed,232.33,5.86,73.08,0.41739478232914795
118,35,140,6.98,45.27,Clay,0.4,37.78,83.79,827.86,9.58,10.94,North,1375,Zaid,Sugarcane,Rainfed,172.37,4.3,75.13,0.8759049249998946
119,23,44,7.52,38.72,Loamy,1.35,19.2,33.55,2285.85,5.64,9.97,Central,1265,Kharif,Sugarcane,Rainfed,235.11,2.49,74.17,0.953402879382095
94,83,83,7.89,59.69,Silt,0.38,36.22,60.37,1174.69,8.62,14.27,East,2113,Zaid,Sugarcane,Canal,86.4,0.79,73.72,0.12249786196598922
130,74,45,7.24,17.63,Loamy,0.62,24.87,51.68,378.58,4.27,12.69,East,512,Rabi,Sugarcane,Drip,340.11,16.98,72.98,0.0778565196087696
167,65,44,8.13,44.07,Clay,0.53,32.72,78.0,2405.64,9.17,11.27,South,1942,Rabi,Sugarcane,Drip,127.87,14.04,73.46,0.013228812905293985
179,15,136,7.34,33.73,Clay,0.52,20.57,47.17,1969.31,9.55,4.21,East,1815,Zaid,Sugarcane,Rainfed,115.41,4.18,74.25,0.2889685249210585
65,98,128,5.3,22.84,Clay,1.28,37.57,39.31,2539.82,6.82,9.71,South,695,Rabi,Sugarcane,Sprinkler,169.96,4.65,74.18,0.3770539310016988
129,44,23,5.0,62.08,Clay,0.87,16.09,79.65,2297.45,5.89,3.02,West,1233,Zaid,Sugarcane,Canal,130.57,6.26,74.39,0.6912466637859893
61,97,141,5.36,61.96,Loamy,0.73,13.09,53.03,950.76,10.92,3.81,West,1339,Zaid,Sugarcane,Rainfed,276.04,21.35,76.93,0.043100108948324056
116,22,41,7.53,32.56,Sandy,0.75,31.3,51.69,1392.36,5.3,13.13,South,347,Zaid,Sugarcane,Rainfed,139.0,14.34,74.21,0.6276688771588087
158,31,70,7.19,18.92,Loamy,1.47,37.24,75.25,560.94,8.17,4.29,North,93,Zaid,Sugarcane,Sprinkler,291.86,0.49,74.97,0.600945484537719
125,46,29,6.52,59.65,Silt,1.06,14.17,30.9,2654.22,5.92,14.65,Central,731,Kharif,Sugarcane,Rainfed,150.56,4.85,75.93,0.36250198453151317
160,58,22,6.8,19.88,Clay,0.7,26.26,43.71,2525.2,6.48,16.03,South,269,Zaid,Sugarcane,Drip,265.98,9.33,75.28,0.29797723549584376
138,75,73,5.81,21.0,Loamy,0.96,23.54,67.58,2453.53,4.24,6.83,South,1796,Zaid,Sugarcane,Rainfed,123.5,18.17,75.33,0.9108262646863152
131,19,97,6.83,38.01,Loamy,1.42,22.79,71.82,2462.23,6.18,14.91,Central,1079,Zaid,Sugarcane,Rainfed,192.68,22.86,76.36,0.9260595598182655
72,91,93,5.41,64.43,Silt,0.73,20.34,76.25,1370.03,7.68,6.32,South,2005,Kharif,Sugarcane,Sprinkler,148.19,4.33,76.79,0.5345592191563087
144,69,124,5.06,40.77,Clay,1.35,18.34,80.57,548.52,7.91,15.88,West,890,Rabi,Sugarcane,Rainfed,265.58,10.13,75.11,0.9164891511155142
106,18,140,6.72,42.79,Clay,1.11,32.63,53.99,2270.18,7.98,5.85,West,356,Kharif,Sugarcane,Canal,313.8,23.28,76.76,0.7598236584283884
142,37,101,5.65,45.55,Sandy,1.18,26.3,73.45,1997.83,6.54,13.01,East,1392,Rabi,Sugarcane,Rainfed,136.28,2.56,72.74,0.34213260011189495
101,71,55,6.17,55.55,Sandy,1.33,34.34,33.36,2170.59,6.04,7.45,East,267,Rabi,Sugarcane,Canal,123.82,22.12,75.08,0.4890484004492832
147,63,101,7.9,60.7,Clay,1.52,16.18,73.18,1599.2,8.26,15.25,North,1478,Kharif,Sugarcane,Sprinkler,138.29,4.62,74.63,0.9095484730121384
154,65,41,7.53,21.33,Clay,0.53,22.64,60.6,2705.36,11.0,10.73,Central,1564,Zaid,Sugarcane,Drip,142.81,20.36,75.29,0.7489631508603986
40,64,78,5.09,59.84,Sandy,1.38,37.68,81.54,456.56,6.26,16.01,North,1244,Zaid,Sugarcane,Rainfed,334.94,11.21,71.85,0.9672711903702976
55,93,117,5.9,20.39,Clay,1.15,20.65,86.62,1488.82,8.18,15.94,Central,1261,Kharif,Sugarcane,Drip,242.18,6.52,73.92,0.5250493402453846
131,55,69,7.47,25.14,Loamy,0.58,13.73,57.22,1210.99,8.39,8.29,Central,53,Zaid,Sugarcane,Drip,99.29,17.81,74.02,0.1531445000839562
93,25,90,4.85,41.97,Loamy,0.53,31.17,46.82,1638.65,10.8,7.22,Central,1139,Kharif,Sugarcane,Rainfed,278.87,22.97,73.57,0.7312505893473751
103,75,75,7.37,25.99,Clay,1.33,21.33,72.94,1988.42,8.35,10.25,South,322,Kharif,Sugarcane,Canal,83.97,11.03,74.97,0.06844070924262613
79,50,53,6.65,46.12,Silt,1.13,23.95,84.1,1299.44,4.59,6.08,West,357,Zaid,Sugarcane,Sprinkler,65.57,20.97,73.68,0.8157453806261209
33,39,69,7.85,43.97,Silt,0.31,35.9,72.91,2152.08,5.71,2.09,East,990,Kharif,Sugarcane,Rainfed,316.51,18.75,73.48,0.8696496848121713
100,43,117,7.62,31.61,Sandy,1.34,29.79,67.15,2738.32,6.4,4.36,West,2088,Zaid,Sugarcane,Drip,113.27,10.06,75.18,0.7767984372086307
56,77,99,5.62,39.14,Silt,0.93,13.07,89.14,2294.89,8.3,11.28,North,267,Kharif,Sugarcane,Drip,127.11,4.66,74.96,0.5353477680616567
61,71,33,7.12,16.68,Sandy,0.31,12.26,37.46,2023.93,6.19,15.31,North,1233,Kharif,Sugarcane,Rainfed,270.8,18.84,73.31,0.635323346708321
68,18,65,4.87,53.68,Silt,1.12,36.36,44.73,1499.15,4.35,6.91,East,164,Rabi,Sugarcane,Canal,117.57,8.46,70.85,0.7192452005758319
161,26,49,6.96,49.74,Clay,0.63,33.67,38.91,774.4,4.38,7.24,East,1726,Kharif,Sugarcane,Sprinkler,324.84,19.3,75.72,0.2589042747931396
65,79,130,6.53,17.38,Clay,0.73,34.87,65.8,2689.46,9.45,5.58,East,1300,Zaid,Sugarcane,Drip,295.33,8.77,77.8,0.5644165877797477
47,79,63,7.21,26.55,Sandy,1.35,26.89,81.04,838.71,7.0,14.92,East,1823,Kharif,Sugarcane,Sprinkler,296.73,24.2,74.76,0.600583196987136
119,24,127,7.72,33.13,Silt,0.68,12.97,86.88,1386.35,7.95,16.81,East,1794,Kharif,Sugarcane,Canal,142.99,13.48,73.57,0.16625533034970064
156,61,110,4.85,55.74,Loamy,0.74,34.66,55.41,2466.69,4.5,11.99,South,1002,Kharif,Sugarcane,Drip,237.93,24.96,77.06,0.6171942271169667
59,38,86,5.33,35.0,Sandy,1.26,17.03,56.37,2617.08,7.0,1.43,North,667,Zaid,Sugarcane,Canal,339.5,17.14,77.65,0.5193126926423032
123,16,99,7.29,38.4,Loamy,0.92,24.4,80.98,2094.29,8.35,11.61,West,1358,Kharif,Sugarcane,Canal,174.01,19.49,74.99,0.08496628988946642
146,20,103,7.39,51.53,Loamy,1.5,23.03,71.87,2276.81,5.69,5.24,Central,1230,Zaid,Sugarcane,Drip,304.99,19.57,77.03,0.9226451396035721
32,44,23,5.03,59.31,Sandy,0.52,39.23,65.42,1465.52,5.17,12.32,North,89,Kharif,Sugarcane,Sprinkler,227.13,24.07,73.17,0.3278839940182585
164,88,90,7.47,57.76,Sandy,1.09,11.67,67.64,1083.78,8.18,2.7,Central,544,Zaid,Sugarcane,Drip,255.91,13.1,76.91,0.7371324139566391
40,32,52,6.49,19.19,Loamy,0.41,38.14,68.56,1663.25,7.86,15.37,West,735,Rabi,Sugarcane,Canal,211.55,15.74,74.83,0.9205358851025547
122,62,73,6.09,38.82,Loamy,1.45,29.72,36.25,716.34,7.09,5.18,Central,1997,Zaid,Sugarcane,Canal,271.13,13.14,75.39,0.08540303016272166
54,58,24,6.55,54.13,Clay,0.77,31.49,79.93,2123.35,7.24,5.4,West,161,Rabi,Sugarcane,Sprinkler,60.12,20.94,73.92,0.23660978270750732
38,67,106,5.94,28.83,Clay,0.73,35.6,70.58,1117.12,7.86,1.29,North,1410,Rabi,Sugarcane,Sprinkler,65.79,9.31,74.43,0.19495827149863054
71,36,75,5.32,21.75,Sandy,1.58,23.83,62.75,2135.67,4.75,9.99,East,382,Rabi,Sugarcane,Canal,90.56,21.79,73.33,0.7687471313625129
103,36,101,5.56,22.2,Silt,1.4,26.12,70.25,481.81,8.73,10.98,East,577,Kharif,Sugarcane,Sprinkler,187.59,4.44,71.22,0.5768079196382558
112,37,52,6.0,16.93,Clay,0.55,14.01,40.54,1962.17,10.82,15.25,Central,1596,Rabi,Sugarcane,Rainfed,185.1,12.89,75.42,0.4378998871429123
176,36,148,6.45,47.54,Clay,0.52,20.58,85.85,1723.67,5.67,6.88,West,1987,Zaid,Sugarcane,Canal,326.31,12.91,77.63,0.3667983206462684
96,86,109,5.25,62.24,Clay,1.48,15.53,57.85,2387.79,6.91,14.9,East,1496,Kharif,Sugarcane,Canal,348.28,12.61,79.24,0.09949466887296465
37,82,61,6.18,61.68,Clay,0.61,15.26,69.85,1876.93,5.08,1.13,South,1600,Kharif,Sugarcane,Drip,311.79,7.32,78.43,0.9662742977481859
113,33,75,7.32,24.49,Sandy,0.61,16.08,55.94,1441.12,6.5,17.35,Central,2128,Zaid,Sugarcane,Sprinkler,81.06,18.57,73.33,0.8650710993753938
161,96,137,5.15,22.27,Silt,0.3,39.89,88.46,668.24,10.86,16.49,South,948,Kharif,Sugarcane,Canal,110.9,21.69,74.73,0.6007921493396191
74,66,82,6.87,49.96,Clay,1.46,29.76,72.11,1119.39,10.41,14.64,North,433,Kharif,Sugarcane,Canal,207.71,9.85,74.63,0.28520580268041407
38,21,129,6.16,25.69,Loamy,1.32,35.1,58.0,2400.83,7.98,1.39,North,654,Zaid,Sugarcane,Rainfed,335.74,15.48,77.87,0.28191835559725165
89,15,89,6.51,29.18,Sandy,1.26,38.53,43.3,422.78,7.9,9.08,West,1000,Kharif,Sugarcane,Sprinkler,217.31,5.75,74.41,0.3180396116945199
100,91,61,4.94,25.2,Silt,0.56,28.19,46.68,2510.47,6.46,2.29,South,1685,Zaid,Sugarcane,Rainfed,184.88,11.55,76.34,0.610363007818157
142,97,120,6.01,23.8,Sandy,1.25,33.47,45.93,2416.95,8.94,15.06,West,1316,Zaid,Sugarcane,Drip,249.2,10.68,77.93,0.34327548906444827
139,73,130,7.15,58.05,Sandy,0.76,24.39,74.12,1571.17,7.81,15.87,South,389,Kharif,Sugarcane,Canal,309.96,20.97,75.18,0.5147421937567799
170,85,111,5.72,56.0,Loamy,1.16,23.93,33.23,2105.88,8.6,5.46,South,1998,Rabi,Sugarcane,Drip,140.6,23.13,77.82,0.7663472131046524
53,35,90,5.99,47.21,Loamy,1.17,25.84,53.88,2202.58,8.13,8.61,East,1734,Kharif,Sugarcane,Rainfed,123.9,23.81,73.76,0.22578955215062912
42,49,32,6.21,46.71,Loamy,0.95,18.13,83.33,991.46,6.19,3.16,South,1242,Kharif,Sugarcane,Sprinkler,129.49,16.87,72.54,0.040333852138451975
54,99,120,4.92,59.34,Loamy,1.33,31.27,53.94,2087.94,5.33,7.93,Central,470,Kharif,Sugarcane,Drip,285.17,21.56,76.02,0.3261702541282535
147,62,101,7.24,21.01,Loamy,1.22,28.65,35.14,2111.91,7.25,16.93,West,1515,Rabi,Sugarcane,Rainfed,288.18,10.32,76.62,0.14795833410940584
140,76,124,7.68,64.09,Silt,0.63,29.59,72.73,494.18,9.13,15.4,East,902,Rabi,Sugarcane,Canal,78.14,22.78,72.23,0.20909736458961425
95,84,35,5.02,64.33,Clay,0.82,20.72,83.33,782.69,10.08,15.88,North,1057,Rabi,Sugarcane,Sprinkler,270.04,13.65,74.83,0.2035348738868964
64,70,123,8.2,38.61,Sandy,0.95,30.18,76.99,2223.8,7.82,2.58,West,1279,Rabi,Sugarcane,Drip,143.07,12.0,73.52,0.8852388787075652
82,63,83,6.67,35.9,Clay,0.64,32.96,31.68,440.78,4.12,16.48,Central,876,Kharif,Sugarcane,Sprinkler,287.27,11.82,75.67,0.08670656759564022
80,62,68,6.2,25.13,Loamy,0.85,16.19,61.75,1320.72,10.41,4.9,West,1836,Rabi,Sugarcane,Sprinkler,89.04,13.9,73.76,0.1336956543994362
111,65,95,5.4,57.11,Clay,1.55,37.85,57.47,1488.74,5.16,7.16,Central,812,Kharif,Sugarcane,Rainfed,342.93,15.16,75.69,0.9413343927869017
176,88,126,5.77,35.46,Clay,1.19,14.68,32.95,1438.23,9.11,2.19,North,1244,Kharif,Sugarcane,Rainfed,163.28,3.5,75.97,0.2755667763091785
57,90,77,5.35,49.36,Silt,0.63,12.43,47.27,311.68,9.84,14.39,Central,365,Zaid,Sugarcane,Canal,65.77,2.39,70.8,0.33217252206173253
163,53,58,6.11,24.26,Clay,1.2,18.53,50.19,2051.27,8.81,16.72,East,1565,Zaid,Sugarcane,Drip,160.56,22.47,74.7,0.3262205069809315
117,63,36,7.47,44.92,Silt,1.14,25.92,86.09,871.94,9.9,12.84,East,1848,Zaid,Sugarcane,Canal,308.36,14.9,74.13,0.5833072481842045
164,71,108,5.48,48.44,Loamy,0.96,34.88,32.13,2612.44,4.48,11.97,East,1500,Kharif,Sugarcane,Sprinkler,315.27,13.01,77.86,0.597808013401514
79,19,88,4.92,62.58,Clay,0.34,38.64,47.74,2042.23,6.45,14.76,West,204,Kharif,Sugarcane,Drip,166.24,23.1,75.21,0.6647392049108463
166,47,136,7.16,52.04,Clay,1.17,24.75,89.28,685.63,6.69,9.97,Central,224,Zaid,Sugarcane,Canal,268.28,21.8,75.78,0.00735304455442698
60,25,36,5.43,43.47,Clay,1.51,14.8,45.45,854.14,8.68,12.8,Central,2072,Rabi,Sugarcane,Canal,195.87,10.56,72.66,0.03840087732634456
54,18,69,7.8,64.41,Sandy,0.92,32.87,69.49,2641.74,5.59,8.21,East,1701,Rabi,Sugarcane,Drip,114.46,23.4,73.86,0.6971662542903504
70,27,43,7.09,31.69,Loamy,0.53,17.09,34.46,1852.51,9.96,14.27,Central,264,Kharif,Sugarcane,Sprinkler,276.79,9.13,75.94,0.8629596233130185
67,30,118,6.2,26.75,Sandy,0.98,20.97,76.08,2520.01,6.79,1.71,Central,306,Kharif,Sugarcane,Sprinkler,205.73,7.6,76.93,0.549717255163311
95,70,21,6.86,23.35,Sandy,1.17,12.97,62.63,943.1,5.0,4.47,South,1610,Zaid,Sugarcane,Rainfed,98.45,12.76,72.15,0.8264646094921829
175,93,102,6.07,24.78,Clay,1.35,18.62,62.57,677.17,6.54,2.4,South,1449,Kharif,Sugarcane,Sprinkler,174.98,24.62,74.01,0.2908768542315825
71,49,105,6.99,61.5,Silt,1.56,39.81,51.48,1165.34,10.2,14.3,East,1743,Zaid,Sugarcane,Sprinkler,259.43,11.43,77.31,0.9881240759546354
175,15,26,5.05,24.43,Loamy,1.26,18.86,49.49,2272.0,8.82,6.09,West,771,Kharif,Sugarcane,Canal,340.4,2.35,75.12,0.4603553731348269
163,98,46,6.61,42.05,Clay,1.41,25.59,68.59,712.85,8.98,7.93,West,1629,Kharif,Sugarcane,Canal,296.05,12.65,75.17,0.7204567414627562
50,39,146,7.25,40.53,Loamy,1.23,37.45,34.33,2076.89,4.81,11.62,West,1123,Kharif,Sugarcane,Rainfed,185.91,14.31,74.96,0.281825003295472
151,73,62,5.18,15.65,Sandy,0.76,13.54,44.31,2193.46,4.31,11.74,South,443,Zaid,Sugarcane,Canal,328.39,6.29,76.35,0.18430139695009906
60,18,112,7.15,50.62,Silt,1.06,11.65,69.69,1629.56,4.95,16.92,Central,378,Zaid,Sugarcane,Drip,130.84,24.04,74.75,0.605896815179483
161,94,72,5.97,52.01,Silt,1.36,26.08,58.04,1625.03,8.37,7.93,North,1839,Zaid,Sugarcane,Canal,73.4,20.59,75.01,0.8939335106699905
128,34,127,6.04,17.13,Clay,0.54,24.29,66.82,2432.71,10.97,16.89,South,49,Zaid,Sugarcane,Sprinkler,250.78,20.21,75.96,0.9269075621458641
81,81,85,7.42,62.87,Loamy,1.35,27.73,36.32,1051.98,6.55,8.96,South,1676,Rabi,Sugarcane,Sprinkler,135.2,15.32,76.03,0.5089590404220475
34,69,125,6.57,56.26,Loamy,0.49,13.82,34.23,1052.5,8.26,16.69,Central,2098,Kharif,Sugarcane,Rainfed,274.98,1.82,76.1,0.2786943159285258
124,69,35,6.87,15.66,Silt,1.09,19.42,78.47,2744.21,6.06,16.81,Central,2113,Zaid,Sugarcane,Drip,344.06,13.79,75.93,0.15452082999051897
37,64,71,5.3,55.79,Clay,0.7,16.29,77.07,695.93,5.26,2.48,South,1868,Rabi,Sugarcane,Canal,178.46,23.97,74.25,0.5104601313464413
96,39,21,7.37,32.75,Clay,1.56,25.53,57.45,404.06,7.92,16.07,South,1395,Zaid,Sugarcane,Canal,269.24,11.77,73.0,0.258792408364524
159,25,46,5.27,26.08,Silt,1.39,26.3,43.11,1288.18,6.46,7.85,Central,1473,Zaid,Sugarcane,Sprinkler,285.66,21.8,72.95,0.1691618938424202
128,69,70,5.8,32.85,Silt,1.24,14.41,76.11,2231.98,9.58,16.58,East,1053,Rabi,Sugarcane,Canal,216.64,11.2,75.86,0.6949701331214758
111,18,20,7.31,25.63,Loamy,0.95,34.32,78.53,577.47,8.93,17.44,West,252,Zaid,Sugarcane,Sprinkler,157.52,9.17,71.21,0.5151670283865888
98,97,112,5.51,28.93,Loamy,1.5,12.59,83.02,1588.97,4.15,16.26,Central,1480,Zaid,Sugarcane,Canal,88.29,13.68,74.72,0.7721520276158381
88,19,87,6.75,23.97,Loamy,1.18,25.37,32.3,2116.88,6.5,1.34,Central,917,Rabi,Sugarcane,Drip,332.05,0.77,76.5,0.17046251158164205
43,55,139,6.16,54.91,Silt,1.27,16.11,45.75,1695.67,5.14,9.45,Central,647,Kharif,Sugarcane,Rainfed,133.68,16.94,74.93,0.23828967055309158
36,94,100,5.12,46.15,Loamy,1.04,31.07,37.88,2232.74,4.79,11.53,West,743,Zaid,Sugarcane,Sprinkler,298.15,15.19,75.58,0.2608492459620889
112,98,114,6.01,47.4,Clay,0.32,35.94,83.42,2390.73,6.97,2.42,East,1736,Rabi,Sugarcane,Drip,318.51,22.59,77.09,0.8634315777893845
155,83,134,6.75,19.62,Loamy,1.06,31.6,75.41,1823.7,10.61,12.03,East,1421,Rabi,Sugarcane,Sprinkler,67.07,14.34,73.17,0.24399530235247224
160,75,41,6.48,49.74,Silt,1.4,32.14,41.18,753.48,10.33,11.83,West,339,Zaid,Sugarcane,Rainfed,173.12,3.91,74.29,0.3209970456408978
107,93,140,7.63,60.22,Clay,0.35,17.58,36.6,1232.19,10.51,10.13,West,811,Rabi,Sugarcane,Rainfed,321.9,14.97,76.2,0.6877692063657348
138,67,88,5.03,38.58,Silt,1.36,12.36,46.63,1835.62,6.99,13.48,West,1393,Rabi,Sugarcane,Canal,150.56,7.18,74.62,0.974904272810235
152,42,62,7.79,21.53,Clay,0.73,30.76,63.26,1359.69,10.17,15.12,South,2034,Rabi,Sugarcane,Drip,110.04,16.11,73.62,0.9833407684142266
36,44,78,5.15,33.12,Loamy,1.58,36.42,32.46,1858.04,10.09,4.41,North,210,Rabi,Sugarcane,Sprinkler,74.48,7.66,72.36,0.7159846935417241
56,72,21,5.9,61.22,Clay,0.74,36.34,78.75,1076.89,8.93,10.45,South,1449,Kharif,Sugarcane,Sprinkler,348.54,20.33,74.54,0.6073244167930659
71,28,94,7.71,58.92,Sandy,0.81,37.67,37.04,2692.95,10.62,2.12,North,266,Rabi,Sugarcane,Drip,136.48,4.25,75.04,0.21096989061995042
145,89,132,6.01,20.29,Clay,1.17,35.28,88.76,2200.03,6.99,9.02,Central,1037,Zaid,Sugarcane,Drip,61.39,8.87,74.83,0.19909341993592566
43,59,143,7.56,36.57,Silt,0.63,27.96,55.63,2724.29,10.0,5.41,South,135,Rabi,Sugarcane,Canal,111.66,17.38,74.39,0.34782234743304596
46,40,106,6.32,54.2,Clay,1.58,12.28,89.91,2118.61,4.21,1.11,Central,812,Rabi,Sugarcane,Drip,260.13,9.11,75.98,0.2897279837382146
111,23,51,5.53,51.6,Loamy,0.58,35.6,67.69,607.7,6.84,6.36,East,136,Zaid,Sugarcane,Canal,317.58,14.53,73.49,0.7040314525916569
99,83,87,6.06,19.36,Clay,0.78,17.84,67.28,1314.68,5.09,4.8,West,49,Kharif,Sugarcane,Sprinkler,337.93,24.34,76.92,0.9764565294354102
44,28,129,6.83,57.56,Silt,1.07,25.64,49.6,1076.46,7.58,15.38,West,836,Rabi,Sugarcane,Drip,155.25,12.88,73.79,0.8001375827520759
134,65,61,6.07,47.16,Sandy,1.56,27.81,66.07,483.91,4.54,10.48,East,1431,Zaid,Sugarcane,Rainfed,212.33,8.1,73.86,0.858322938878858
30,32,137,7.45,42.45,Silt,0.94,15.29,83.86,1881.13,8.33,13.01,South,1895,Kharif,Sugarcane,Drip,157.23,21.34,73.76,0.06090554323518271
63,96,60,5.35,37.68,Sandy,1.35,25.08,69.0,1746.96,5.23,4.61,South,1095,Zaid,Sugarcane,Drip,119.35,17.64,73.26,0.7015652656029423
111,47,42,7.27,41.39,Loamy,0.62,33.6,31.04,2693.24,10.32,8.74,North,1313,Zaid,Sugarcane,Sprinkler,219.09,3.71,74.03,0.30409463597128383
67,17,104,7.68,29.1,Silt,0.45,21.27,78.67,2400.37,7.57,6.41,West,159,Zaid,Sugarcane,Rainfed,207.66,4.73,74.24,0.8116270144448535
142,79,87,5.77,29.49,Silt,0.41,37.77,70.34,1903.15,9.64,10.46,East,2169,Zaid,Sugarcane,Canal,228.96,16.5,76.77,0.631722418326584
136,97,109,4.92,23.62,Silt,0.72,27.17,56.76,1472.27,4.91,12.25,East,1446,Kharif,Sugarcane,Sprinkler,274.27,16.13,75.02,0.807957328109019
51,57,43,6.4,61.07,Loamy,0.76,28.33,51.88,831.28,5.54,13.86,West,1607,Rabi,Sugarcane,Drip,151.79,12.02,73.58,0.8343247957493986
100,35,138,5.93,64.95,Silt,1.16,14.54,47.55,832.3,10.94,16.78,Central,1015,Rabi,Sugarcane,Rainfed,121.77,12.3,75.23,0.5287073198840526
111,22,44,5.51,53.85,Clay,0.85,33.83,64.57,2137.3,9.86,3.76,North,2170,Rabi,Sugarcane,Canal,308.83,1.81,76.8,0.13341633552320709
88,28,22,5.52,51.25,Clay,0.36,17.35,39.07,1526.13,4.56,11.65,East,904,Zaid,Sugarcane,Drip,287.86,9.39,74.51,0.7950115369284704
59,24,41,6.59,48.86,Silt,1.1,21.3,77.93,712.19,9.18,2.31,West,1529,Zaid,Sugarcane,Drip,172.51,0.41,74.06,0.9429827840711357
135,43,55,6.12,53.13,Loamy,0.44,38.1,89.74,2508.22,8.87,14.27,North,1700,Kharif,Sugarcane,Canal,254.56,15.41,77.25,0.27509888155912443
157,16,50,5.63,27.16,Loamy,1.3,12.81,70.27,2441.85,4.35,8.13,Central,759,Rabi,Sugarcane,Rainfed,181.47,14.88,74.53,0.6463099336573813
49,26,55,7.42,61.56,Silt,1.01,16.38,81.44,1210.6,4.77,8.81,North,1720,Rabi,Sugarcane,Sprinkler,189.1,8.63,73.15,0.6473421343730912
112,49,25,5.53,39.72,Clay,0.31,23.56,45.31,1153.75,9.74,2.34,East,898,Zaid,Sugarcane,Drip,130.81,23.41,73.9,0.03994797328609434
127,46,85,6.06,56.67,Clay,1.46,30.14,52.28,2463.49,9.48,6.29,East,537,Zaid,Sugarcane,Canal,230.84,22.33,77.12,0.6410861035821595
46,23,23,7.85,48.13,Loamy,0.53,18.11,87.62,1059.05,10.04,17.03,East,675,Zaid,Sugarcane,Canal,118.07,12.2,73.05,0.360059901930726
171,87,108,6.22,18.64,Clay,0.69,10.76,53.2,2111.05,5.74,5.27,East,1206,Kharif,Sugarcane,Sprinkler,84.8,10.86,74.91,0.3552839742369226
51,76,96,7.79,46.96,Loamy,1.52,35.83,89.6,2798.3,8.72,15.02,North,1954,Kharif,Sugarcane,Rainfed,270.54,21.72,76.95,0.662232158329593
114,88,59,5.48,51.86,Silt,1.3,35.35,78.98,2198.94,5.92,7.17,East,213,Rabi,Sugarcane,Rainfed,84.03,24.2,76.74,0.4490377603699617
45,64,68,7.3,33.49,Silt,0.62,27.55,67.23,471.01,10.73,10.73,Central,2076,Kharif,Sugarcane,Drip,268.85,7.07,73.46,0.8212594203728455
55,60,80,8.02,64.4,Loamy,0.69,32.72,73.63,1565.45,7.23,8.77,Central,822,Zaid,Sugarcane,Rainfed,135.95,22.51,72.85,0.877120467662288
137,65,80,7.83,37.7,Clay,0.98,17.31,42.41,1281.14,10.18,3.18,South,2035,Kharif,Sugarcane,Sprinkler,152.05,15.75,71.53,0.43804407590538375
108,43,123,7.68,31.65,Silt,0.35,21.03,44.74,474.57,8.33,11.89,North,496,Zaid,Sugarcane,Sprinkler,90.24,5.37,71.73,0.34239512329585964
126,74,63,8.13,31.45,Sandy,1.14,20.67,68.83,2780.55,9.43,17.43,South,135,Rabi,Sugarcane,Sprinkler,170.52,15.02,73.87,0.5807559990556591
52,29,55,7.37,26.78,Clay,0.57,26.63,45.49,2072.39,9.88,2.39,South,2022,Rabi,Sugarcane,Sprinkler,73.5,23.69,72.55,0.6752308375620375
56,41,120,7.39,32.1,Sandy,1.47,20.53,84.59,1837.87,7.64,5.01,North,333,Kharif,Sugarcane,Canal,212.87,10.16,74.16,0.12985701341788103
55,21,140,7.59,56.16,Clay,0.74,26.49,37.48,1131.7,6.41,2.87,East,697,Rabi,Sugarcane,Sprinkler,209.78,2.06,74.36,0.6761957463565392
159,86,149,8.14,49.83,Sandy,1.53,24.24,43.42,2055.0,7.23,8.5,South,1026,Rabi,Sugarcane,Sprinkler,188.6,16.61,76.81,0.5787564763599993
126,66,27,6.96,58.64,Silt,0.33,12.38,84.12,1986.08,7.8,10.33,North,68,Rabi,Sugarcane,Rainfed,146.6,11.48,75.4,0.1665035470495151
100,28,30,6.09,60.26,Loamy,0.55,15.59,49.14,1416.2,6.32,1.22,South,733,Zaid,Sugarcane,Drip,150.65,14.32,74.24,0.7122202051771587
60,43,61,5.05,31.7,Silt,0.46,26.26,79.77,2415.4,10.04,1.39,East,645,Rabi,Sugarcane,Sprinkler,107.24,11.06,74.0,0.9148349499968781
72,65,111,6.69,24.13,Clay,0.93,18.05,54.03,935.42,6.32,16.08,South,1009,Kharif,Sugarcane,Rainfed,183.76,21.47,72.93,0.14424002111810352
43,97,149,7.24,42.46,Loamy,0.72,37.09,43.08,1124.07,7.63,6.52,East,644,Zaid,Sugarcane,Sprinkler,320.17,4.54,75.87,0.6459278930230393
39,15,126,5.08,49.6,Loamy,0.49,21.92,34.24,1646.68,7.9,15.14,West,1012,Kharif,Sugarcane,Canal,262.83,21.87,75.98,0.6834294151572705
93,37,103,8.07,57.71,Sandy,0.99,12.55,64.35,2148.66,4.29,4.1,East,88,Kharif,Sugarcane,Canal,339.36,1.2,77.54,0.10347506364658465
159,99,143,6.06,59.99,Sandy,0.34,15.06,37.96,1748.3,10.01,9.68,South,545,Rabi,Sugarcane,Canal,276.48,20.08,78.59,0.6565627023996523
139,73,41,6.0,23.32,Loamy,0.41,27.79,39.87,2475.95,10.02,3.07,North,1177,Rabi,Sugarcane,Drip,167.66,0.77,75.38,0.7955783762575864
174,48,38,7.29,55.23,Sandy,0.32,36.85,37.58,1810.26,10.08,11.88,East,1513,Kharif,Sugarcane,Canal,99.83,8.99,76.38,0.6434289495173308
166,91,79,6.23,19.79,Loamy,1.16,14.96,69.31,2118.19,9.27,10.83,West,2164,Zaid,Sugarcane,Drip,82.49,7.44,75.99,0.3540645623550941
79,41,63,6.76,47.2,Clay,1.12,14.79,36.17,2481.25,6.05,8.92,South,948,Zaid,Sugarcane,Canal,309.96,19.8,77.44,0.6287340150599929
114,72,24,5.57,62.2,Loamy,1.11,35.28,35.09,977.12,8.44,16.74,South,1634,Rabi,Sugarcane,Rainfed,246.79,1.65,75.72,0.4555667819901088
47,68,92,5.83,16.96,Sandy,1.23,24.04,54.25,1246.76,6.45,6.96,South,1365,Rabi,Sugarcane,Drip,138.16,24.25,73.06,0.6917776391419823
76,60,94,6.9,27.84,Sandy,1.44,27.99,35.52,2543.21,10.11,13.4,South,1672,Zaid,Sugarcane,Sprinkler,332.49,20.8,78.79,0.43776505498812845
108,20,149,8.07,26.76,Clay,0.41,37.58,30.57,1301.61,4.74,4.93,Central,892,Zaid,Sugarcane,Drip,212.75,4.53,73.64,0.9407508592344611
44,24,85,5.72,48.87,Clay,1.42,33.54,74.64,2142.43,11.0,9.55,Central,685,Kharif,Sugarcane,Rainfed,92.0,5.43,74.34,0.17478128487493383
46,64,91,7.69,26.8,Sandy,1.0,13.91,75.57,1341.11,4.18,17.71,Central,785,Zaid,Sugarcane,Drip,87.71,23.07,72.2,0.25715235110909584
128,58,140,6.76,49.92,Loamy,0.95,26.0,32.8,2486.13,6.68,13.71,East,148,Kharif,Sugarcane,Rainfed,329.65,21.9,77.95,0.23503129881191864
81,97,54,5.86,58.03,Loamy,1.02,32.65,30.08,1853.3,9.49,3.38,West,2112,Rabi,Sugarcane,Drip,331.02,19.07,77.1,0.6522811128184463
121,29,56,7.19,22.59,Loamy,1.51,34.61,46.75,1728.38,6.31,5.67,South,542,Kharif,Sugarcane,Rainfed,230.29,18.42,73.6,0.9774381842040123
78,95,50,8.05,28.93,Silt,0.68,33.27,50.86,2113.78,7.42,5.18,South,298,Kharif,Sugarcane,Sprinkler,190.52,20.98,74.3,0.12037814950553383
52,45,118,7.28,15.71,Silt,0.54,14.9,38.8,1643.17,9.54,14.1,East,1736,Zaid,Sugarcane,Sprinkler,208.4,15.45,73.87,0.5347994662811925
153,87,82,8.13,28.14,Silt,0.75,27.91,38.15,2631.79,6.08,12.37,West,1559,Kharif,Sugarcane,Drip,126.63,22.85,75.48,0.8160567571143236
95,90,143,5.11,52.89,Silt,0.64,32.1,66.8,987.14,6.25,9.84,North,119,Rabi,Sugarcane,Sprinkler,255.28,10.66,75.02,0.4173829418004733
47,87,34,6.12,24.9,Clay,1.04,21.48,32.66,1994.53,8.05,13.24,South,147,Kharif,Sugarcane,Drip,203.84,9.77,74.84,0.5060446924118366
164,64,144,7.3,56.29,Loamy,0.97,24.37,69.73,1225.11,7.61,4.26,Central,375,Rabi,Sugarcane,Rainfed,306.81,3.9,75.98,0.4226866196574257
40,17,111,6.96,33.69,Loamy,0.63,37.11,51.98,2314.61,4.5,6.01,South,1510,Kharif,Sugarcane,Canal,235.21,11.92,76.23,0.44269370196743585
52,51,144,7.65,64.6,Clay,0.73,17.96,59.36,2666.93,9.06,11.71,West,1716,Rabi,Sugarcane,Canal,176.43,2.56,75.53,0.21076309942990623
38,92,91,6.72,39.74,Silt,0.52,32.77,80.15,585.99,9.85,8.1,North,2150,Zaid,Sugarcane,Sprinkler,349.26,17.09,74.58,0.628030464569537
160,88,22,5.17,26.99,Clay,1.34,16.03,62.32,2506.47,6.82,8.66,West,1241,Kharif,Sugarcane,Drip,300.35,1.96,75.83,0.4156277820291552
154,90,23,4.82,20.63,Silt,0.87,29.72,55.14,2325.9,4.7,13.92,West,352,Zaid,Sugarcane,Canal,69.27,0.5,72.12,0.48018351526188785
137,52,35,5.95,38.24,Silt,1.26,12.53,30.47,379.32,5.2,11.94,South,2082,Rabi,Sugarcane,Canal,128.92,2.48,73.28,0.4923670487012489
148,20,146,6.61,33.32,Silt,0.38,24.56,80.58,367.04,7.74,15.82,North,1485,Kharif,Sugarcane,Rainfed,322.38,14.71,73.91,0.19231577278435052
33,58,39,7.33,33.34,Clay,0.36,15.37,61.84,2523.2,5.5,11.73,West,2093,Zaid,Sugarcane,Canal,135.14,19.42,73.19,0.37582121900794097
156,58,26,6.87,48.11,Clay,0.74,10.15,67.42,2580.85,4.32,7.12,South,817,Kharif,Sugarcane,Drip,135.27,15.51,75.85,0.17478498788336594
31,71,20,7.03,40.66,Clay,1.35,19.0,33.73,837.11,6.35,5.82,Central,285,Rabi,Sugarcane,Canal,77.78,2.3,72.84,0.7175613826485358
43,22,44,5.65,56.91,Clay,0.53,37.07,81.45,1263.2,6.74,9.19,East,45,Kharif,Sugarcane,Sprinkler,257.96,5.17,75.36,0.7326126992403987
49,21,121,6.07,24.66,Silt,0.65,27.26,32.47,2075.57,8.48,17.22,Central,438,Zaid,Sugarcane,Sprinkler,211.36,17.43,76.56,0.2812845635530341
148,51,148,5.37,62.43,Sandy,1.05,13.88,86.98,310.3,7.09,6.42,North,1012,Kharif,Sugarcane,Rainfed,180.87,5.17,73.38,0.8254398957486287
151,32,87,7.36,32.77,Sandy,1.39,38.43,75.48,1023.98,7.57,1.78,West,226,Kharif,Sugarcane,Rainfed,321.03,12.25,74.91,0.14660830036000316
163,34,49,5.6,15.5,Loamy,1.53,22.4,83.92,481.59,5.06,3.12,North,1260,Rabi,Sugarcane,Canal,250.27,1.31,73.41,0.15966634936715074
67,77,38,6.41,21.22,Clay,1.27,30.7,74.65,1083.85,10.89,3.49,South,237,Zaid,Sugarcane,Sprinkler,69.42,4.55,73.37,0.04486055762771701
178,15,148,7.75,40.66,Silt,0.3,17.82,76.35,2317.7,10.92,17.59,West,1904,Zaid,Sugarcane,Sprinkler,107.45,1.0,75.45,0.7697314182968802
99,36,67,5.88,19.44,Silt,0.96,23.29,70.14,2148.0,9.21,12.51,North,358,Zaid,Sugarcane,Sprinkler,68.94,23.51,74.72,0.8109351926726106
71,45,81,5.96,15.39,Sandy,1.52,36.37,67.58,548.47,4.02,17.64,West,259,Rabi,Sugarcane,Drip,275.59,15.82,73.88,0.8255348415204157
56,48,85,4.86,30.29,Silt,1.35,31.7,50.66,1997.14,10.29,2.66,North,1286,Zaid,Sugarcane,Drip,291.23,10.93,76.05,0.7913107143126669
61,68,83,5.42,58.59,Sandy,0.59,10.81,60.02,2227.46,7.29,11.98,South,653,Zaid,Sugarcane,Sprinkler,243.33,23.18,77.77,0.8501327346850368
62,66,145,7.25,44.42,Sandy,1.07,23.9,68.82,824.4,5.27,6.27,West,469,Zaid,Sugarcane,Drip,290.51,8.9,74.75,0.04458809273414399
31,49,26,7.12,18.25,Silt,1.1,29.51,41.53,809.7,9.45,17.91,West,832,Rabi,Sugarcane,Canal,131.92,9.62,70.78,0.14306195272340239
143,47,103,7.96,30.6,Loamy,1.41,22.92,51.38,1309.47,9.26,5.1,North,864,Zaid,Sugarcane,Sprinkler,296.2,24.16,75.24,0.6659471660804642
82,50,43,5.67,39.57,Sandy,0.45,18.46,56.46,2164.11,4.03,15.07,North,939,Rabi,Sugarcane,Canal,242.61,20.3,75.1,0.6844353610693075
48,36,63,5.47,29.28,Sandy,0.5,23.84,43.51,1494.23,8.36,3.85,West,1548,Kharif,Sugarcane,Rainfed,221.63,12.02,73.7,0.5183654633353206
32,62,22,6.65,32.35,Loamy,0.51,13.58,84.89,2503.21,4.26,1.75,East,109,Rabi,Sugarcane,Sprinkler,158.42,5.93,74.37,0.8561536219946603
119,77,72,7.66,46.65,Loamy,0.65,39.38,72.2,1284.96,8.8,15.95,North,1764,Zaid,Sugarcane,Sprinkler,83.05,21.01,71.72,0.099237664919681
133,34,119,6.27,57.61,Silt,0.56,34.36,67.51,2188.77,5.0,13.96,Central,713,Rabi,Sugarcane,Canal,260.9,10.88,75.52,0.09072088274783086
103,23,124,6.66,27.49,Loamy,1.22,33.62,70.27,2267.27,4.27,17.75,Central,111,Kharif,Sugarcane,Drip,330.29,3.7,75.61,0.427541855359712
106,31,60,8.11,30.36,Sandy,1.59,23.96,82.67,1045.25,6.56,10.92,North,1739,Rabi,Sugarcane,Sprinkler,209.2,6.55,74.61,0.7003478888665695
172,32,88,8.2,24.54,Silt,1.33,34.46,56.63,557.83,5.27,8.09,East,1722,Rabi,Sugarcane,Canal,341.79,15.51,72.97,0.10579652027279896
69,89,104,7.18,15.23,Clay,1.56,34.48,36.46,2744.44,6.63,11.01,Central,1584,Kharif,Sugarcane,Drip,321.67,22.55,77.66,0.51351786674177
94,44,46,7.37,38.2,Clay,0.96,12.76,46.24,2375.18,6.54,2.28,Central,574,Zaid,Sugarcane,Drip,180.43,10.05,74.58,0.8482031285528955
161,22,106,7.04,37.49,Clay,1.27,13.49,49.96,1144.44,7.2,5.08,North,52,Zaid,Sugarcane,Rainfed,106.95,2.35,74.81,0.49298271045808906
133,56,90,6.14,40.59,Clay,0.58,19.73,69.84,1834.6,4.81,17.17,North,401,Rabi,Sugarcane,Sprinkler,338.79,24.31,75.24,0.572772509737109
57,50,108,6.05,17.27,Silt,0.8,38.33,72.68,2164.72,4.35,10.71,East,1804,Rabi,Sugarcane,Rainfed,99.08,22.33,73.18,0.035159250271194153
85,35,79,6.48,53.75,Loamy,0.4,15.65,38.07,1153.71,8.78,16.59,East,2055,Kharif,Sugarcane,Drip,337.51,8.67,74.33,0.32314521727941725
87,35,32,7.25,40.95,Sandy,1.02,34.94,45.63,2668.32,8.76,9.7,South,1115,Zaid,Sugarcane,Sprinkler,188.14,21.06,74.2,0.24346704406676012
97,20,119,5.22,46.22,Sandy,0.68,32.0,38.07,1829.38,5.77,13.54,North,621,Kharif,Sugarcane,Sprinkler,159.07,15.75,70.96,0.7092961271407681
85,42,25,5.82,42.55,Silt,0.32,14.11,63.77,1656.59,5.96,10.75,West,183,Zaid,Sugarcane,Drip,118.09,24.67,73.59,0.7758650652027869
134,22,41,5.04,42.73,Silt,0.33,25.73,37.05,732.96,5.67,16.07,South,995,Kharif,Sugarcane,Rainfed,259.79,2.91,74.18,0.3387329557744314
33,86,69,5.14,55.12,Sandy,0.66,30.69,36.29,2537.1,9.9,5.41,South,1154,Zaid,Sugarcane,Rainfed,316.72,4.44,76.04,0.12663712551837436
175,21,85,6.72,64.12,Silt,0.89,21.19,76.55,2732.28,4.03,11.02,South,370,Kharif,Sugarcane,Canal,295.94,2.66,76.45,0.4930301251588023
54,29,39,5.83,30.69,Clay,1.59,29.11,61.4,1399.38,9.92,6.45,West,1525,Rabi,Sugarcane,Drip,213.78,0.49,74.76,0.9437663822120144
127,92,140,5.06,30.49,Silt,1.49,37.58,58.12,1455.92,10.39,3.83,West,1548,Rabi,Sugarcane,Canal,88.94,17.9,74.29,0.9764896611478872
175,68,125,5.24,17.55,Clay,0.97,29.93,57.03,979.55,7.15,7.42,South,1670,Rabi,Sugarcane,Drip,166.54,5.7,72.94,0.7023987210805986
92,20,81,8.14,28.77,Loamy,0.54,35.03,82.71,2642.07,4.47,14.81,Central,563,Rabi,Sugarcane,Sprinkler,86.34,13.59,74.72,0.6589018065748572
134,37,86,4.97,59.61,Clay,0.38,11.72,46.68,2132.56,7.91,3.04,West,317,Rabi,Sugarcane,Rainfed,337.5,20.7,77.64,0.2650472874092833
127,70,74,6.41,22.27,Sandy,1.16,22.2,38.77,979.23,9.57,2.16,Central,580,Kharif,Sugarcane,Sprinkler,186.29,20.39,74.39,0.5097260752881797
30,16,128,4.8,50.48,Silt,1.21,37.11,88.71,1922.81,7.73,9.24,East,1577,Kharif,Sugarcane,Canal,73.11,5.76,73.26,0.30006708290543993
88,93,81,5.58,52.53,Silt,1.53,36.76,56.16,1640.28,8.15,9.52,South,729,Rabi,Sugarcane,Canal,123.62,18.89,75.2,0.6374024812092216
97,63,50,5.85,19.25,Silt,1.1,23.38,53.55,2700.44,9.93,14.49,North,154,Kharif,Sugarcane,Rainfed,220.41,16.36,74.52,0.8018258998755151
85,24,81,5.37,63.52,Loamy,1.35,10.49,86.72,2762.37,4.46,14.53,South,1133,Rabi,Sugarcane,Drip,140.49,3.36,76.77,0.15478603484611198
176,61,78,5.69,36.54,Clay,1.45,31.78,36.73,2494.12,5.72,11.71,East,1436,Zaid,Sugarcane,Rainfed,214.45,13.22,77.0,0.052825893908602484
91,32,89,6.11,63.99,Sandy,1.18,24.76,59.77,1741.56,6.91,13.62,Central,1381,Zaid,Sugarcane,Rainfed,209.8,5.18,75.77,0.8364397373761233
129,93,34,7.06,39.92,Loamy,0.34,33.53,33.66,910.02,6.43,1.46,North,1204,Kharif,Sugarcane,Sprinkler,172.42,10.78,75.67,0.5119386306819278
138,37,144,6.86,23.05,Loamy,0.37,22.79,78.34,1921.75,5.14,11.68,East,1515,Rabi,Sugarcane,Rainfed,315.47,11.96,76.93,0.17081370630621073
142,93,64,7.06,54.81,Loamy,1.33,13.58,32.51,480.99,8.94,6.28,North,1471,Zaid,Sugarcane,Sprinkler,201.69,9.22,76.22,0.24344261676541068
114,62,98,7.81,37.81,Silt,0.81,10.23,64.96,2005.58,5.47,14.89,South,1694,Rabi,Sugarcane,Drip,231.19,22.19,75.87,0.20930607583420857
92,66,36,5.01,24.83,Sandy,0.95,17.45,72.5,945.54,10.67,13.09,West,1341,Rabi,Sugarcane,Drip,310.95,15.91,72.93,0.40226041368354204
65,72,124,4.84,42.47,Loamy,0.96,14.32,80.28,2498.22,9.58,11.37,South,1515,Zaid,Sugarcane,Drip,158.45,2.54,71.76,0.8031705116327311
85,70,67,7.44,62.99,Silt,1.21,16.28,42.2,353.96,9.41,17.87,East,126,Rabi,Sugarcane,Canal,238.85,18.45,72.58,0.7806820746878623
34,33,29,8.02,37.17,Clay,1.07,18.99,46.38,1963.05,5.86,12.17,South,1076,Zaid,Sugarcane,Drip,318.92,7.54,75.12,0.5540992803958261
47,83,77,5.64,23.92,Silt,1.36,25.81,35.78,616.87,5.27,10.23,West,1535,Rabi,Sugarcane,Drip,145.27,13.71,73.99,0.8431448650297454
127,52,27,7.14,49.46,Clay,1.37,17.24,77.49,2708.57,9.4,8.69,North,787,Rabi,Sugarcane,Sprinkler,207.24,22.32,76.67,0.7201113335149457
141,28,115,6.45,28.74,Silt,0.5,20.54,56.09,536.21,4.91,8.12,West,304,Rabi,Sugarcane,Rainfed,134.92,6.93,74.06,0.08613577154903629
146,28,115,6.93,45.27,Silt,1.31,13.33,81.62,554.07,4.91,7.22,East,2157,Kharif,Sugarcane,Canal,124.27,23.86,74.77,0.17397739952180358
164,58,149,6.07,61.28,Loamy,0.89,11.31,30.75,2420.9,8.19,9.8,West,1148,Zaid,Sugarcane,Rainfed,209.69,20.03,77.9,0.6195825928270868
147,84,91,5.86,17.79,Loamy,0.36,31.87,57.86,617.41,10.98,2.34,East,1915,Rabi,Sugarcane,Sprinkler,69.39,6.71,72.44,0.6634903451287101
71,79,129,5.46,40.41,Loamy,1.57,29.3,60.99,2333.2,10.86,11.48,South,1393,Rabi,Sugarcane,Canal,292.26,17.34,74.63,0.83629131310246
46,17,119,6.0,45.82,Loamy,1.38,37.2,39.24,1612.3,4.22,15.15,Central,1347,Zaid,Sugarcane,Drip,292.24,9.36,75.13,0.9747600813361953
91,69,92,5.73,22.61,Silt,1.29,35.25,83.67,826.86,7.91,15.0,West,803,Zaid,Sugarcane,Sprinkler,275.43,13.71,73.66,0.09737672910800421
68,44,22,5.08,17.88,Loamy,1.24,32.76,72.47,2356.09,4.21,14.74,West,98,Rabi,Sugarcane,Rainfed,291.94,15.68,73.35,0.5908662673951145
98,23,37,8.07,35.97,Silt,0.57,33.76,38.04,1645.09,8.34,6.83,North,755,Zaid,Sugarcane,Canal,67.4,0.32,71.45,0.826867847173362
56,30,128,5.7,17.56,Loamy,0.33,13.14,50.57,2275.19,10.06,5.73,South,1238,Zaid,Sugarcane,Canal,292.57,4.59,75.69,0.8680981598670628
138,42,54,7.58,19.43,Loamy,0.7,23.17,65.06,2456.83,7.65,11.03,West,1694,Zaid,Sugarcane,Sprinkler,120.66,15.06,71.58,0.8812506816818898
177,86,53,7.89,33.71,Clay,0.38,10.75,89.64,727.14,4.77,16.2,North,1984,Rabi,Sugarcane,Sprinkler,163.15,0.54,74.13,0.08325765805063212
94,24,122,5.1,49.97,Loamy,1.28,26.42,40.22,692.94,8.87,2.67,South,1665,Zaid,Sugarcane,Rainfed,250.31,0.99,73.6,0.7245579091588182
125,82,61,6.62,53.56,Silt,0.57,28.48,50.17,1291.53,5.78,7.59,Central,1385,Zaid,Sugarcane,Sprinkler,224.76,8.63,76.25,0.44312734532291453
162,31,61,7.56,39.59,Loamy,0.81,26.67,53.58,2001.97,8.41,17.43,West,1129,Rabi,Sugarcane,Canal,147.92,2.45,73.16,0.5457496797794357
84,60,35,5.96,40.89,Sandy,1.42,27.26,59.28,2668.25,8.59,15.06,South,112,Kharif,Sugarcane,Sprinkler,331.49,8.24,77.75,0.03756622954398059
137,22,47,4.83,58.27,Sandy,1.02,26.47,34.09,390.79,9.63,10.7,South,366,Zaid,Sugarcane,Canal,347.25,22.16,72.48,0.2862798621119409
46,22,117,7.43,33.49,Silt,0.7,30.88,75.63,1631.04,10.5,6.06,Central,677,Rabi,Sugarcane,Rainfed,133.98,22.49,73.04,0.7097370848010203
100,33,126,5.92,19.37,Clay,1.33,12.07,41.39,317.63,9.91,6.7,West,921,Zaid,Sugarcane,Sprinkler,194.71,11.13,73.05,0.007357829625414536
74,82,51,6.89,18.79,Sandy,0.73,27.95,44.72,436.04,7.42,16.64,Central,872,Kharif,Sugarcane,Drip,114.44,14.2,72.34,0.9207708496360754
105,61,33,5.07,32.56,Clay,0.62,23.44,66.23,1336.52,7.34,12.16,South,2099,Kharif,Sugarcane,Drip,66.22,22.26,72.17,0.16427044945592806
36,17,116,6.81,63.7,Clay,0.32,19.31,61.69,1725.26,6.31,12.31,North,1087,Rabi,Sugarcane,Rainfed,64.08,9.81,74.81,0.6640122280676023
149,89,128,5.81,50.29,Clay,0.6,37.14,83.37,1145.09,8.86,15.69,West,451,Zaid,Sugarcane,Rainfed,107.36,5.8,74.79,0.9355230227588572
95,88,101,7.73,19.46,Silt,1.34,29.41,63.72,1994.52,6.44,11.71,East,1351,Kharif,Sugarcane,Canal,341.48,22.2,77.44,0.9122075712491822
167,50,77,6.4,46.4,Silt,1.34,18.92,79.7,546.67,7.96,12.82,West,1454,Kharif,Sugarcane,Canal,187.73,23.95,73.56,0.039417585120362975
98,98,65,6.49,15.58,Sandy,0.62,26.01,58.1,1498.78,10.57,13.41,South,1416,Kharif,Sugarcane,Canal,311.22,21.32,77.29,0.6005347682064148
53,92,115,6.22,54.87,Clay,0.4,11.21,75.1,1250.19,7.28,14.88,South,1674,Kharif,Sugarcane,Rainfed,282.93,15.75,77.05,0.24665644684477783
130,27,84,6.46,18.61,Sandy,0.81,12.09,41.33,2311.65,4.42,9.19,West,239,Kharif,Sugarcane,Canal,224.43,20.51,74.2,0.7426359896816905
137,48,120,7.2,46.43,Silt,1.45,18.75,81.74,438.24,10.71,8.98,East,62,Zaid,Sugarcane,Drip,252.71,0.86,75.45,0.41366552358320696
69,65,106,7.58,40.06,Clay,0.9,32.4,56.32,1627.04,7.74,15.36,North,292,Rabi,Sugarcane,Drip,109.4,3.15,74.23,0.750160832954601
31,24,92,5.17,57.54,Silt,1.51,11.47,68.46,1763.22,6.71,5.16,West,2155,Zaid,Sugarcane,Sprinkler,314.82,21.6,76.7,0.8824411913475817
51,75,112,5.22,47.03,Clay,0.47,24.44,41.73,1207.67,5.14,1.68,West,204,Zaid,Sugarcane,Drip,206.32,15.07,74.33,0.3290737794607279
113,80,65,7.69,17.21,Clay,0.48,21.22,68.51,460.22,8.08,13.49,East,509,Kharif,Sugarcane,Rainfed,68.51,16.95,70.61,0.8565719886833357
126,16,118,4.89,19.93,Sandy,0.83,17.46,46.35,2279.18,6.23,17.15,South,248,Kharif,Sugarcane,Rainfed,257.97,18.03,74.48,0.4652775312759233
40,56,49,7.49,62.83,Clay,1.26,25.99,84.3,2085.48,8.32,7.2,North,1066,Rabi,Sugarcane,Canal,345.78,0.49,79.51,0.941278928906798
155,49,135,7.1,21.02,Loamy,1.43,39.72,49.6,679.4,9.93,11.73,East,2043,Kharif,Sugarcane,Rainfed,275.4,24.28,74.12,0.8816353491754106
60,59,45,6.5,57.31,Sandy,0.4,20.84,85.56,1030.65,4.19,16.96,North,939,Zaid,Sugarcane,Canal,256.55,2.04,75.68,0.5295336150224574
70,91,37,5.93,56.57,Sandy,0.84,17.17,78.55,1395.8,10.7,11.76,South,525,Zaid,Sugarcane,Canal,213.28,13.57,75.99,0.5952768411040545
169,55,24,7.12,45.39,Clay,0.71,23.13,39.77,2002.09,8.65,15.37,West,76,Rabi,Sugarcane,Sprinkler,100.49,13.33,74.73,0.9688146905778044
122,33,40,6.86,15.41,Loamy,0.63,12.5,80.97,2235.66,10.51,3.69,East,1558,Kharif,Sugarcane,Canal,264.58,0.39,77.02,0.2652285225026746
101,63,122,4.83,50.0,Clay,1.13,21.25,86.87,2197.01,10.45,13.77,East,1991,Kharif,Sugarcane,Drip,231.62,22.04,73.41,0.6860911539434869
66,95,94,8.08,55.93,Clay,0.94,16.44,48.3,1890.2,9.54,17.93,East,353,Rabi,Sugarcane,Sprinkler,286.41,14.89,76.82,0.8238963816246643
93,45,134,4.86,45.44,Sandy,0.68,28.82,34.95,2217.27,5.1,12.69,South,312,Zaid,Sugarcane,Canal,66.93,11.16,74.1,0.6475197955701631
152,19,57,8.18,61.29,Sandy,0.52,32.07,68.51,520.0,5.45,3.49,South,780,Zaid,Sugarcane,Rainfed,75.2,21.18,73.82,0.9246586095822468
116,70,133,5.22,46.29,Sandy,0.86,34.96,44.23,2305.88,4.94,11.95,West,1941,Kharif,Sugarcane,Drip,77.34,12.29,75.59,0.5281777214230171
31,16,110,5.1,53.13,Loamy,1.37,37.05,64.91,606.68,7.9,1.12,Central,560,Zaid,Sugarcane,Rainfed,91.52,5.17,72.52,0.010046981054831594
88,91,126,7.77,16.71,Loamy,1.45,20.18,62.56,686.55,5.51,5.62,Central,266,Kharif,Sugarcane,Rainfed,158.45,2.64,71.21,0.9505035615891348
98,38,41,7.62,32.08,Clay,1.14,24.35,63.58,1730.66,9.5,13.12,East,1013,Rabi,Sugarcane,Canal,67.99,17.69,72.06,0.3836090403551584
120,32,93,5.97,62.69,Silt,0.6,38.68,60.66,320.82,6.96,7.86,Central,960,Rabi,Sugarcane,Canal,333.92,4.64,76.06,0.21769979885723245
36,29,101,6.18,38.8,Sandy,1.29,29.38,80.44,2232.85,10.7,10.54,West,1092,Kharif,Sugarcane,Rainfed,114.43,23.21,74.55,0.02583897222001119
76,31,40,4.98,52.83,Sandy,0.49,25.47,77.88,2299.37,4.98,10.78,East,1516,Rabi,Sugarcane,Canal,263.58,18.46,76.24,0.2217794919335464
67,80,28,6.9,25.88,Clay,1.22,17.59,56.42,2378.87,4.56,7.58,East,2168,Zaid,Sugarcane,Rainfed,303.52,20.05,76.63,0.20117523228887946
166,48,43,6.19,45.46,Loamy,1.39,19.93,74.53,963.34,5.59,11.04,Central,1765,Zaid,Sugarcane,Rainfed,179.94,2.27,73.28,0.7714733448596064
58,74,30,5.81,30.41,Loamy,0.91,30.24,64.64,1576.09,9.11,8.76,East,893,Rabi,Sugarcane,Drip,260.94,20.86,75.23,0.23290183864948166
131,47,76,7.01,55.3,Sandy,0.37,22.42,57.95,542.26,4.25,9.67,East,935,Zaid,Sugarcane,Drip,83.82,2.46,71.98,0.7925397676213367
120,33,88,7.14,33.0,Loamy,1.49,36.25,63.14,2374.85,10.97,8.28,West,1625,Kharif,Sugarcane,Rainfed,327.83,3.8,76.78,0.9985608065856286
113,29,56,4.84,24.34,Clay,0.58,15.14,31.72,1346.19,4.04,5.51,West,957,Rabi,Sugarcane,Rainfed,272.43,2.69,72.18,0.2503587295708555
98,79,38,5.95,28.72,Sandy,0.9,20.56,86.72,2256.62,7.31,1.17,Central,1387,Rabi,Sugarcane,Canal,216.48,14.32,76.12,0.6069731162742654
152,83,103,7.33,47.04,Silt,0.39,26.74,73.46,2343.48,4.92,17.24,South,1268,Rabi,Sugarcane,Sprinkler,310.09,7.78,76.71,0.7130142918617408
76,90,37,7.37,24.03,Clay,0.61,10.25,44.07,1718.75,9.48,6.04,West,1343,Zaid,Sugarcane,Sprinkler,241.81,14.49,75.58,0.2401515960220142
124,83,73,7.19,34.37,Loamy,0.77,19.06,82.7,867.2,5.7,7.99,South,1936,Kharif,Sugarcane,Rainfed,184.07,6.11,74.65,0.3235246137370379
42,80,146,7.86,42.57,Loamy,0.74,14.68,57.8,2345.22,5.81,4.05,Central,1138,Zaid,Sugarcane,Canal,159.64,8.59,75.78,0.18381288948181496
50,91,83,6.27,42.19,Silt,1.5,22.73,70.06,2424.68,4.36,10.99,East,2088,Rabi,Sugarcane,Sprinkler,270.19,8.19,75.8,0.7068035962105051
37,36,118,5.4,51.43,Silt,0.4,29.9,52.88,1874.2,10.89,2.29,West,192,Rabi,Sugarcane,Canal,292.78,17.37,76.1,0.5689214058447163
122,44,145,5.28,64.68,Silt,0.77,37.2,65.49,1333.69,5.12,4.48,East,69,Rabi,Sugarcane,Rainfed,322.63,8.25,75.56,0.08661976085469403
138,84,124,5.52,36.33,Loamy,1.07,39.92,78.1,565.9,5.0,13.57,West,1149,Kharif,Sugarcane,Sprinkler,260.67,9.77,74.98,0.38401907396495816
131,29,77,5.8,28.53,Sandy,0.98,13.8,52.91,2091.57,7.83,4.89,East,763,Kharif,Sugarcane,Rainfed,241.28,1.85,77.14,0.5815888378497553
154,26,146,5.99,54.78,Sandy,1.22,35.19,39.76,1228.55,4.69,13.11,North,152,Rabi,Sugarcane,Drip,335.63,8.58,76.58,0.5408270639715397
82,91,87,4.82,24.08,Loamy,0.97,33.7,67.21,854.24,7.51,9.19,West,586,Zaid,Sugarcane,Sprinkler,210.07,13.25,72.97,0.6995278704025719
95,45,135,7.74,61.71,Clay,0.69,26.57,68.51,908.55,10.15,7.75,East,1656,Rabi,Sugarcane,Sprinkler,276.39,11.48,77.07,0.4120177389516564
111,88,114,6.99,46.11,Clay,1.31,21.3,42.41,2721.75,4.08,9.57,West,82,Rabi,Sugarcane,Drip,190.12,22.21,77.58,0.6657652402653673
141,80,47,6.55,44.04,Sandy,1.43,27.66,82.07,935.86,4.71,3.92,South,1113,Rabi,Sugarcane,Canal,252.06,9.72,75.81,0.7563560547436343
146,62,57,6.91,60.25,Clay,1.07,13.01,73.06,1702.39,10.2,16.32,Central,1225,Zaid,Sugarcane,Drip,236.62,1.28,75.86,0.8947475708313011
32,92,114,7.73,38.52,Loamy,1.43,12.65,39.01,2618.65,4.5,9.93,North,1407,Zaid,Sugarcane,Canal,264.65,19.33,75.87,0.8985969105689701
104,79,24,7.9,55.07,Sandy,1.35,16.02,79.35,1708.48,10.63,5.87,North,2154,Kharif,Sugarcane,Sprinkler,114.17,14.67,76.4,0.8589805471222202
74,58,126,5.37,29.3,Loamy,1.32,34.07,72.9,2595.22,8.48,16.38,West,2077,Rabi,Sugarcane,Rainfed,265.72,2.43,75.69,0.08877326695623267
173,64,56,8.03,21.67,Clay,1.42,14.43,39.37,646.75,6.26,1.82,Central,2130,Kharif,Sugarcane,Rainfed,280.1,12.99,75.0,0.1349784860716421
72,63,51,6.95,39.0,Clay,0.84,16.43,47.9,1783.34,7.92,12.09,West,925,Rabi,Sugarcane,Canal,248.91,16.7,75.32,0.8935099713933179
55,43,116,7.14,36.49,Silt,1.07,25.08,76.12,1200.06,4.81,14.24,West,546,Kharif,Sugarcane,Canal,202.07,10.28,74.69,0.6337832847472876
106,59,137,6.08,48.76,Clay,1.12,23.92,52.43,1674.39,4.27,16.87,North,838,Rabi,Sugarcane,Canal,306.58,16.69,75.92,0.37265712989414723
157,65,44,7.12,63.86,Clay,1.37,36.91,57.48,1399.82,10.6,16.18,Central,1842,Zaid,Sugarcane,Canal,134.78,6.36,75.14,0.294701369885528
80,88,140,5.24,34.37,Sandy,1.54,20.51,47.51,2641.6,9.87,4.19,West,168,Kharif,Sugarcane,Canal,225.27,19.19,77.49,0.5712129177515172
175,76,147,6.03,36.5,Silt,1.01,23.85,89.06,388.65,6.51,6.64,North,345,Kharif,Sugarcane,Rainfed,322.51,8.49,75.6,0.9032736222389142
132,95,111,5.02,33.5,Silt,0.35,11.72,48.74,2145.25,8.63,3.09,North,2006,Zaid,Sugarcane,Canal,323.89,5.55,76.57,0.08933990229186684
58,64,30,6.32,18.02,Silt,0.87,22.49,81.66,2528.52,6.71,14.85,North,1104,Kharif,Sugarcane,Sprinkler,112.82,23.75,71.52,0.29119645499662417
83,20,107,5.37,18.1,Sandy,1.15,13.85,51.76,1498.04,9.41,3.71,Central,550,Zaid,Sugarcane,Drip,188.96,16.77,73.85,0.7722675568375058
78,44,86,5.3,62.22,Silt,0.88,36.0,37.91,2758.2,5.18,4.77,Central,784,Kharif,Sugarcane,Canal,277.31,15.55,78.22,0.33735907835727963
130,72,98,4.91,36.51,Silt,0.54,24.26,56.02,1207.11,9.41,1.19,West,1218,Rabi,Sugarcane,Canal,75.96,0.54,70.79,0.08970091901484578
88,62,147,7.5,39.23,Silt,0.91,32.47,79.25,1834.49,8.75,6.42,North,1001,Kharif,Sugarcane,Sprinkler,136.27,19.6,75.48,0.4596327543564602
128,33,35,5.43,47.59,Silt,0.47,11.06,75.4,2761.02,6.02,10.96,Central,1576,Zaid,Sugarcane,Sprinkler,292.64,15.46,75.39,0.9334551052498522
70,16,63,6.29,36.02,Silt,1.27,32.22,57.79,913.7,5.56,10.41,Central,23,Kharif,Sugarcane,Canal,234.65,1.47,73.42,0.5631643884539549
173,96,122,5.2,53.28,Silt,0.68,14.59,81.69,2266.04,5.47,12.45,West,1776,Kharif,Sugarcane,Drip,238.33,10.86,76.18,0.23812484325399874
58,41,145,7.83,30.91,Silt,0.73,32.26,71.75,580.17,8.67,13.97,South,2103,Rabi,Sugarcane,Sprinkler,311.12,3.19,74.55,0.11324345163981986
164,69,94,5.97,20.71,Silt,0.46,12.82,30.48,1224.56,7.52,4.47,North,1230,Rabi,Sugarcane,Rainfed,69.9,23.05,73.35,0.5701872157998045
43,46,103,5.36,47.36,Loamy,1.12,22.37,89.43,1431.29,9.81,6.71,South,2033,Zaid,Sugarcane,Sprinkler,143.97,12.24,76.19,0.8618438232948299
135,88,130,5.37,21.31,Sandy,1.36,37.09,87.19,836.86,9.78,8.91,South,2162,Zaid,Sugarcane,Drip,129.98,8.12,74.93,0.9928321316819754
61,98,139,6.77,61.47,Sandy,1.52,32.2,53.11,790.28,5.54,11.08,East,2,Rabi,Sugarcane,Sprinkler,135.4,16.51,74.83,0.40789423678019043
162,52,103,5.62,41.2,Loamy,1.17,12.08,47.04,1169.88,5.28,2.14,West,550,Kharif,Sugarcane,Rainfed,63.08,23.67,74.86,0.3035039091479522
73,29,149,7.88,24.78,Loamy,0.67,21.86,73.26,1206.03,7.79,12.13,South,1549,Kharif,Sugarcane,Rainfed,330.53,21.0,76.26,0.012821649510605826
60,55,143,6.92,20.44,Clay,1.58,24.54,77.85,1594.97,5.4,16.19,Central,602,Rabi,Sugarcane,Sprinkler,232.82,18.29,73.98,0.859502975624898
159,30,83,5.15,21.47,Clay,0.36,21.68,68.96,2142.31,5.76,11.79,Central,397,Rabi,Sugarcane,Sprinkler,292.15,24.53,76.1,0.48222523033732656
87,99,110,6.1,32.55,Loamy,1.09,17.37,69.46,1161.03,9.37,16.19,Central,843,Rabi,Sugarcane,Sprinkler,91.17,3.08,73.38,0.8111045663053181
71,54,21,6.45,52.91,Loamy,0.89,16.48,34.76,1565.46,9.32,16.5,East,1743,Kharif,Sugarcane,Drip,314.28,24.31,76.99,0.9094436640366311
102,93,76,6.68,47.38,Clay,1.48,39.62,31.67,842.82,4.77,10.67,North,1822,Kharif,Sugarcane,Rainfed,342.09,24.8,76.69,0.07771241839172549
54,29,106,5.42,41.79,Silt,1.14,15.37,86.81,1616.22,6.54,3.31,South,1341,Rabi,Sugarcane,Rainfed,236.31,2.36,77.44,0.39283907648140237
101,16,119,6.16,57.22,Silt,0.33,21.18,71.92,1271.47,5.38,4.89,South,1968,Zaid,Sugarcane,Sprinkler,337.3,2.54,77.53,0.08291458139448116
157,42,48,6.58,62.79,Clay,0.31,10.59,88.99,1458.04,6.36,5.84,North,773,Zaid,Sugarcane,Rainfed,269.86,4.22,75.4,0.1928396089422456
126,51,57,4.94,46.95,Clay,0.66,32.56,45.54,2706.53,7.54,1.1,Central,1508,Kharif,Sugarcane,Drip,273.93,19.25,75.69,0.7687641807211604
45,63,53,7.54,23.1,Silt,1.55,38.24,75.14,2239.81,9.15,17.88,East,1776,Rabi,Sugarcane,Sprinkler,223.87,3.51,74.74,0.767233394159223
164,87,106,5.24,40.93,Clay,0.68,16.25,54.66,1005.4,6.85,10.34,West,639,Rabi,Sugarcane,Rainfed,271.73,22.55,75.33,0.3216863687013094
55,21,144,6.83,35.69,Loamy,0.43,11.03,73.96,964.22,10.96,12.42,Central,1152,Zaid,Sugarcane,Drip,225.86,21.96,74.89,0.4605825506946666
162,63,115,5.9,28.08,Clay,0.63,32.24,55.51,2093.34,8.5,14.98,East,219,Kharif,Sugarcane,Drip,327.55,18.85,77.1,0.9007601624507324
146,58,121,5.02,30.13,Loamy,1.1,38.65,83.47,403.65,4.7,4.14,North,1504,Kharif,Sugarcane,Drip,124.12,22.96,74.04,0.3200595641835825
135,17,41,7.78,25.6,Clay,0.93,38.12,54.87,2015.72,10.02,12.6,West,1189,Kharif,Sugarcane,Rainfed,239.98,19.58,74.44,0.8514891816465466
103,58,74,6.98,34.35,Clay,0.45,25.96,59.25,2484.56,10.09,11.43,South,1904,Kharif,Sugarcane,Sprinkler,264.6,2.09,74.56,0.9778536935017818
179,42,24,6.03,21.44,Clay,0.67,29.17,45.97,1715.26,4.33,13.39,East,152,Rabi,Sugarcane,Drip,177.68,2.82,74.03,0.29186717703639975
171,89,98,6.39,20.94,Clay,1.38,20.78,51.19,504.32,10.68,5.42,South,919,Rabi,Sugarcane,Drip,217.34,3.06,72.04,0.41194654861226365
51,95,42,6.12,32.38,Sandy,0.52,30.28,72.93,2461.72,6.93,12.46,North,228,Zaid,Sugarcane,Drip,93.71,4.1,74.75,0.9344107945712148
81,37,104,6.56,47.14,Loamy,1.1,32.18,59.5,806.25,10.97,17.86,South,1529,Rabi,Sugarcane,Rainfed,80.1,1.67,72.36,0.6980705464034016
42,86,56,6.78,19.91,Sandy,0.94,36.75,56.59,1059.22,10.75,13.31,South,805,Rabi,Sugarcane,Rainfed,154.28,9.04,73.93,0.32056322436092455
158,29,57,5.81,39.91,Loamy,0.64,27.13,76.83,550.04,9.7,7.36,South,618,Zaid,Sugarcane,Drip,343.82,6.23,74.45,0.22867075138460335
92,25,102,6.72,54.94,Silt,1.46,13.56,72.03,906.43,7.85,10.17,Central,1090,Rabi,Sugarcane,Rainfed,168.0,15.49,72.86,0.752727137825976
41,84,132,7.81,23.43,Clay,1.41,11.03,62.39,343.25,9.23,3.58,North,1964,Rabi,Sugarcane,Canal,182.67,11.57,72.31,0.44677215883960686
159,77,68,6.83,62.52,Silt,1.02,14.53,75.23,737.72,8.45,12.73,East,160,Rabi,Sugarcane,Drip,153.75,21.53,75.62,0.35982490063656647
53,93,83,6.34,53.92,Silt,1.43,32.22,49.82,659.4,9.39,13.84,East,170,Kharif,Sugarcane,Canal,173.88,8.31,74.15,0.6773006863356594
60,72,75,8.11,36.13,Silt,0.62,32.13,78.1,1184.66,6.8,13.54,South,867,Zaid,Sugarcane,Canal,334.15,20.49,74.34,0.4133424598711922
55,46,146,6.68,58.32,Silt,1.57,14.88,77.4,1644.07,4.01,10.15,East,27,Rabi,Sugarcane,Drip,136.73,6.03,74.57,0.43604697411857907
96,45,129,6.2,57.0,Silt,0.96,31.76,47.39,1518.66,8.68,3.18,West,848,Zaid,Sugarcane,Drip,236.77,15.14,76.47,0.5366075092637743
116,92,92,6.14,56.54,Silt,1.47,31.68,67.11,1628.15,10.6,13.4,West,510,Zaid,Sugarcane,Drip,322.05,3.28,78.3,0.42944789707870257
57,82,34,7.53,51.13,Silt,1.45,26.14,44.56,2380.61,6.12,15.61,East,505,Rabi,Sugarcane,Canal,329.74,18.49,76.75,0.579737114939772
128,27,93,5.52,15.49,Sandy,0.5,36.37,57.69,1571.02,4.47,1.86,North,1221,Kharif,Sugarcane,Drip,226.85,16.01,75.3,0.0002410046851345493
120,85,40,6.52,50.52,Silt,0.68,20.58,57.2,2224.51,4.41,14.24,West,1659,Zaid,Sugarcane,Drip,339.93,18.09,77.68,0.24124433603802786
40,66,106,4.89,24.03,Loamy,0.55,15.55,30.87,519.89,5.08,7.31,South,83,Rabi,Sugarcane,Sprinkler,94.6,23.99,71.61,0.27967385654644317
162,15,40,6.42,46.07,Silt,0.51,30.53,65.9,1756.24,10.84,8.35,Central,528,Rabi,Sugarcane,Canal,260.87,15.96,77.81,0.792662476751617
122,30,63,5.84,15.54,Sandy,0.58,11.3,34.85,2006.74,4.58,7.62,North,660,Rabi,Sugarcane,Canal,347.43,8.27,78.02,0.4933415880523805
34,91,133,6.57,22.72,Loamy,1.17,34.66,76.75,1555.5,6.67,15.8,South,1139,Kharif,Sugarcane,Sprinkler,272.84,4.59,75.43,0.020341081882177647
65,24,20,6.74,39.93,Loamy,0.87,10.42,76.5,2691.57,9.46,17.18,West,2147,Rabi,Sugarcane,Drip,117.37,9.1,73.03,0.4975660833887259
33,28,85,5.93,36.99,Silt,0.71,27.6,33.3,641.76,9.5,7.96,North,2100,Kharif,Sugarcane,Sprinkler,331.65,12.16,75.17,0.18262513025310112
62,45,57,4.81,22.04,Sandy,0.31,12.64,79.7,498.09,4.38,16.07,North,2042,Rabi,Sugarcane,Drip,185.23,23.53,70.8,0.4841844983225968
52,57,138,5.44,63.7,Clay,1.27,10.98,48.78,331.68,8.45,9.89,North,1782,Kharif,Sugarcane,Rainfed,242.78,4.76,74.73,0.6539942214202483
86,52,118,6.22,47.83,Silt,0.76,39.97,78.72,1636.38,4.34,6.45,Central,1433,Zaid,Sugarcane,Sprinkler,234.09,18.49,76.07,0.6185851490721154
106,30,45,4.9,21.0,Sandy,0.65,38.57,39.02,528.86,7.11,7.06,West,1047,Rabi,Sugarcane,Canal,152.39,10.9,70.32,0.1271026137707404
47,30,90,8.01,18.57,Loamy,1.55,37.9,66.01,997.77,10.55,12.37,Central,1227,Rabi,Sugarcane,Rainfed,293.44,12.95,74.74,0.5924829939015964
46,72,79,6.98,61.34,Clay,0.83,11.79,68.86,1087.1,7.95,7.03,Central,667,Kharif,Sugarcane,Canal,101.86,3.41,75.28,0.04366092871300853
117,44,143,5.14,33.83,Silt,1.09,25.91,83.58,2663.38,8.25,1.33,East,737,Kharif,Sugarcane,Drip,94.97,8.06,76.41,0.0669910943958476
163,60,78,7.31,41.82,Sandy,1.31,24.01,88.14,2653.59,4.09,4.11,West,442,Rabi,Sugarcane,Drip,231.18,11.85,77.63,0.5340361132046566
74,31,28,6.62,22.61,Silt,0.82,26.44,41.7,662.43,5.79,10.48,East,1126,Kharif,Sugarcane,Drip,142.59,19.62,72.86,0.4864423871418745
88,54,90,7.93,44.83,Silt,0.9,15.21,40.9,1049.33,4.41,5.34,South,1291,Kharif,Sugarcane,Drip,202.54,7.19,73.21,0.13257407748448236
58,99,25,6.15,34.91,Clay,1.31,30.72,39.1,2089.36,8.38,16.38,North,166,Kharif,Sugarcane,Sprinkler,337.9,19.38,75.76,0.7746729371817983
138,51,29,7.68,22.72,Clay,1.23,19.82,45.86,843.07,4.14,5.87,West,411,Rabi,Sugarcane,Canal,250.29,0.12,74.66,0.21905917305988332
54,88,140,7.75,43.68,Clay,1.08,38.97,54.29,1889.79,9.91,9.11,West,2109,Zaid,Sugarcane,Drip,307.06,18.72,75.3,0.6178131945892864
139,34,104,5.15,18.5,Sandy,0.84,22.77,47.48,988.53,7.25,15.8,East,1525,Kharif,Sugarcane,Sprinkler,152.87,1.16,71.73,0.890220670554556
115,24,65,4.82,37.78,Loamy,0.76,37.2,71.1,2662.69,10.76,16.93,North,252,Rabi,Sugarcane,Sprinkler,200.49,21.2,74.66,0.6292191930082921
82,27,119,5.34,15.55,Loamy,1.45,31.21,48.8,2540.21,9.96,6.05,North,1652,Zaid,Sugarcane,Drip,88.12,6.57,74.42,0.6993129211553037
60,90,112,6.32,61.32,Sandy,0.68,31.34,38.19,654.15,6.88,4.57,South,736,Zaid,Sugarcane,Canal,272.24,4.16,74.66,0.45825331476504794
176,29,76,7.85,25.36,Sandy,0.66,14.96,56.61,1408.65,4.55,9.85,West,712,Zaid,Sugarcane,Canal,252.73,21.79,75.61,0.48301411284395046
44,15,114,6.3,64.36,Sandy,1.36,26.34,62.76,1435.46,9.06,2.59,Central,564,Kharif,Sugarcane,Sprinkler,62.71,11.97,73.98,0.3783475816826469
79,20,57,6.74,46.36,Clay,1.58,14.05,80.47,2403.51,9.63,7.25,North,1165,Kharif,Sugarcane,Sprinkler,151.28,6.11,77.6,0.7800840237349648
152,31,71,7.51,37.63,Clay,0.69,12.15,47.4,1340.69,7.03,13.9,East,17,Kharif,Sugarcane,Canal,347.94,20.27,76.01,0.5019355807808606
166,40,144,7.25,49.7,Sandy,1.14,10.78,41.37,2661.37,7.55,16.01,South,810,Zaid,Sugarcane,Canal,126.54,12.92,75.51,0.5417603199410154
96,94,142,6.44,36.92,Sandy,1.5,28.22,84.32,2323.56,6.01,11.41,West,609,Rabi,Sugarcane,Rainfed,277.94,14.42,76.71,0.9324439783773508
167,72,64,7.69,55.88,Silt,0.62,37.85,42.56,1681.42,10.74,15.84,East,2199,Kharif,Sugarcane,Sprinkler,152.94,2.56,74.64,0.9339874185126172
170,83,38,8.05,37.87,Loamy,1.22,11.29,84.34,1963.15,10.06,17.63,South,306,Zaid,Sugarcane,Sprinkler,203.5,19.31,73.41,0.1707682600033369
169,18,63,8.14,24.64,Sandy,0.37,34.65,31.07,415.04,10.22,14.7,North,785,Zaid,Sugarcane,Sprinkler,262.18,21.07,76.2,0.1100177211275436
99,29,83,7.56,47.48,Silt,0.56,39.83,81.28,376.96,9.16,16.53,East,1868,Zaid,Sugarcane,Rainfed,73.49,17.17,72.47,0.613170360743117
117,42,73,5.95,35.74,Sandy,1.29,36.33,54.31,435.76,5.06,2.54,South,112,Rabi,Sugarcane,Sprinkler,219.62,13.48,73.93,0.11975996643219722
76,39,124,7.23,60.98,Sandy,1.44,19.11,76.06,2206.54,6.15,8.93,West,1325,Zaid,Sugarcane,Rainfed,272.41,5.3,76.48,0.8627707774592256
47,52,66,7.73,47.54,Silt,1.32,11.04,50.97,2340.98,6.82,15.49,Central,1741,Zaid,Sugarcane,Sprinkler,341.88,8.31,76.52,0.8533957335369416
153,96,68,5.52,19.8,Silt,0.31,12.92,76.38,2029.6,7.47,9.27,South,147,Rabi,Sugarcane,Canal,251.07,24.69,74.89,0.5523380134555028
53,83,96,6.6,36.6,Loamy,0.38,31.68,32.43,1741.24,8.99,16.49,North,1478,Zaid,Sugarcane,Canal,95.5,15.61,72.13,0.6699534908592181
78,85,139,6.79,63.81,Loamy,0.35,26.16,50.58,1106.04,5.78,6.06,West,1147,Rabi,Sugarcane,Rainfed,261.97,9.28,76.8,0.3207121649842939
127,94,109,7.88,47.66,Silt,1.32,21.34,52.79,1490.91,10.76,1.99,Central,1429,Kharif,Sugarcane,Rainfed,322.46,5.6,77.05,0.9639160120731884
55,47,34,5.63,58.33,Clay,0.95,13.19,76.48,1418.76,5.66,13.62,East,1363,Zaid,Sugarcane,Rainfed,289.24,8.65,74.84,0.30145618641066796
36,86,74,6.3,63.86,Silt,0.57,17.44,63.94,2419.17,7.73,6.46,North,1874,Kharif,Sugarcane,Drip,220.86,13.51,76.2,0.7583847715899178
36,37,56,8.04,20.37,Silt,1.01,16.54,84.05,366.33,8.02,15.2,East,1733,Kharif,Sugarcane,Rainfed,194.72,17.83,70.43,0.5448816860293935
137,47,133,7.29,50.66,Silt,0.96,38.65,33.73,1534.18,6.85,1.16,North,1299,Rabi,Sugarcane,Sprinkler,275.39,1.35,75.66,0.9484251555414929
96,88,34,8.05,45.75,Clay,0.53,17.02,33.63,967.47,10.85,13.26,Central,1380,Rabi,Sugarcane,Canal,84.21,5.31,71.98,0.9782654635294741
144,48,125,5.24,23.38,Sandy,1.07,16.04,59.7,1485.22,8.07,15.4,South,1630,Rabi,Sugarcane,Canal,157.54,20.12,73.98,0.040585712134695084
103,21,83,7.65,64.32,Silt,1.33,19.09,77.15,1263.35,10.76,16.68,South,1121,Kharif,Sugarcane,Drip,133.43,18.21,72.96,0.9489162181887151
152,15,31,5.22,35.68,Clay,1.27,29.85,53.02,2183.28,5.48,13.51,East,1075,Rabi,Sugarcane,Sprinkler,214.62,3.9,73.49,0.7028664440501013
31,78,140,7.03,58.54,Clay,0.72,34.47,73.23,1828.89,7.74,5.92,South,483,Kharif,Sugarcane,Sprinkler,135.4,8.61,75.29,0.8616249500839784
61,55,133,7.27,26.89,Sandy,0.71,26.7,42.75,2364.29,6.56,15.16,Central,458,Rabi,Sugarcane,Sprinkler,237.28,4.28,74.02,0.3293212774825043
83,48,75,4.83,26.54,Silt,1.47,28.43,30.99,1786.0,6.79,4.19,East,1160,Zaid,Sugarcane,Canal,168.29,5.36,74.1,0.7044936364116847
113,60,27,7.97,57.36,Silt,0.88,20.5,78.59,2196.62,9.72,10.28,Central,1381,Zaid,Sugarcane,Drip,174.52,11.28,74.58,0.4538465638069116
54,83,33,8.05,37.43,Loamy,0.83,34.24,58.91,449.41,4.39,6.26,East,264,Kharif,Sugarcane,Drip,113.3,23.55,71.04,0.540610994324729
68,40,133,8.05,28.44,Sandy,0.36,33.27,41.32,404.7,8.55,1.17,South,1836,Rabi,Sugarcane,Rainfed,208.92,18.08,73.11,0.18907765377834884
165,44,52,6.63,38.33,Loamy,1.13,15.78,30.3,1025.01,6.84,14.07,East,352,Zaid,Sugarcane,Canal,81.7,12.94,72.66,0.09949622618063814
121,47,127,5.41,52.13,Silt,0.61,26.34,33.84,816.75,5.96,17.59,South,1817,Kharif,Sugarcane,Sprinkler,203.95,10.58,74.99,0.12096066223849233
38,74,87,5.98,49.15,Loamy,0.66,25.99,44.05,1865.14,8.35,10.59,Central,783,Kharif,Sugarcane,Rainfed,348.9,12.33,78.98,0.6874368609408673
39,39,95,5.74,35.84,Loamy,0.33,15.92,77.5,802.67,5.62,8.22,Central,1032,Rabi,Sugarcane,Rainfed,161.02,20.18,73.28,0.4238081851735742
94,87,111,7.27,49.59,Sandy,1.57,13.27,88.93,1428.97,9.25,11.87,Central,991,Kharif,Sugarcane,Sprinkler,347.08,10.02,76.18,0.27821718706882215
158,29,88,6.02,29.65,Clay,0.37,16.8,47.27,1648.77,10.5,14.22,West,252,Rabi,Sugarcane,Canal,73.88,5.17,75.43,0.4241850557459762
41,21,135,7.68,30.38,Clay,0.96,29.25,32.61,828.26,10.49,16.02,North,1338,Kharif,Sugarcane,Canal,307.89,22.62,73.56,0.5434058521982641
91,93,76,5.39,28.91,Clay,1.38,17.12,71.89,1578.64,9.5,16.48,West,184,Rabi,Sugarcane,Drip,197.64,19.47,75.42,0.21037208152983577
130,91,118,5.24,21.05,Sandy,1.16,12.37,36.26,882.56,10.32,13.82,East,1123,Zaid,Sugarcane,Drip,114.77,3.76,71.07,0.5364103830800304
43,19,91,7.37,57.08,Loamy,0.67,11.78,30.76,2192.59,7.96,8.4,East,1197,Rabi,Sugarcane,Rainfed,128.58,2.95,76.68,0.6040049977395001
120,95,130,6.98,24.06,Sandy,0.73,39.67,71.65,1243.98,4.23,13.12,North,2023,Kharif,Sugarcane,Rainfed,349.24,15.75,76.38,0.8713335923402825
60,65,75,7.42,37.62,Clay,1.0,26.61,75.47,433.38,9.55,17.33,South,194,Rabi,Sugarcane,Sprinkler,333.13,20.77,73.08,0.2252071002162016
170,22,53,5.99,56.85,Loamy,1.57,35.14,65.21,2098.95,4.49,10.59,North,1605,Kharif,Sugarcane,Sprinkler,280.07,14.13,76.77,0.36829546765570953
155,20,32,5.95,23.88,Silt,1.4,31.12,60.71,2382.43,9.54,14.23,South,1879,Rabi,Sugarcane,Drip,303.98,14.08,74.82,0.6674155305338311
165,19,87,5.13,60.2,Silt,0.63,32.49,69.14,1886.77,5.47,4.18,West,1893,Zaid,Sugarcane,Drip,82.66,20.3,74.22,0.01276542651789736
141,35,135,5.42,46.41,Clay,1.36,27.69,75.56,1597.31,9.89,14.76,East,844,Rabi,Sugarcane,Rainfed,260.75,21.6,73.7,0.49632277128437885
174,59,51,7.26,25.63,Loamy,1.4,15.05,75.18,1636.46,4.69,7.67,North,332,Zaid,Sugarcane,Drip,73.29,14.86,72.42,0.8611135200614256
48,88,85,7.08,42.31,Clay,1.37,21.97,36.94,2095.38,8.07,12.65,East,1243,Rabi,Sugarcane,Rainfed,342.18,13.96,76.33,0.07833821776200667
134,80,130,5.85,52.13,Sandy,1.46,32.31,70.36,1992.06,10.1,16.03,West,174,Kharif,Sugarcane,Sprinkler,145.01,4.92,76.83,0.5428781323608052
108,61,53,5.59,47.48,Loamy,0.71,17.51,89.66,474.56,4.65,3.75,East,1971,Zaid,Sugarcane,Canal,216.68,18.34,75.18,0.41499775837075425
125,54,22,5.27,34.41,Loamy,1.06,18.07,32.07,414.8,5.65,9.37,East,497,Rabi,Sugarcane,Canal,191.18,20.51,72.81,0.9304486005450311
151,36,32,5.28,43.28,Sandy,0.45,30.08,56.41,756.87,4.48,2.14,Central,619,Rabi,Sugarcane,Canal,316.64,19.17,76.2,0.609467763366622
155,86,126,6.76,61.71,Clay,1.06,16.85,43.95,2243.47,5.22,3.86,West,239,Kharif,Sugarcane,Sprinkler,254.46,13.17,80.99,0.5058092225923297
162,40,38,7.68,22.82,Loamy,1.46,25.58,38.11,659.45,7.39,11.33,South,439,Rabi,Sugarcane,Sprinkler,193.99,8.95,73.82,0.08464875358462898
166,89,126,7.91,30.58,Sandy,1.57,11.76,44.73,1022.38,6.1,1.14,East,509,Rabi,Sugarcane,Sprinkler,167.2,8.28,72.73,0.22458238265390107
49,29,116,7.24,33.62,Sandy,0.8,16.04,73.48,1405.53,5.99,5.72,North,1987,Rabi,Sugarcane,Sprinkler,177.32,2.77,73.98,0.40465374164855017
147,71,146,5.18,43.45,Clay,0.52,18.37,47.7,2642.92,7.2,12.02,East,438,Kharif,Sugarcane,Rainfed,193.52,23.31,75.85,0.9892166834205861
83,87,79,4.82,33.74,Clay,1.54,16.07,65.94,417.32,5.64,7.31,North,1145,Zaid,Sugarcane,Sprinkler,308.17,15.97,74.4,0.2525860066847242
142,35,69,4.92,23.36,Silt,0.57,34.69,80.6,1208.47,7.17,12.78,Central,1795,Zaid,Sugarcane,Sprinkler,270.97,15.12,74.14,0.5285842014374423
137,32,113,7.2,27.12,Loamy,1.48,34.26,81.62,1607.79,8.48,5.03,West,1600,Rabi,Sugarcane,Rainfed,342.19,3.95,75.72,0.6637916239414441
74,24,60,6.47,51.84,Silt,0.44,28.66,86.28,1109.18,9.59,11.03,East,112,Rabi,Sugarcane,Canal,74.09,9.76,75.04,0.8206415603544788
152,69,125,7.64,32.5,Silt,1.2,16.07,87.0,1200.4,10.89,6.18,North,1077,Zaid,Sugarcane,Drip,123.82,21.74,73.27,0.5807968298534757
63,52,24,4.99,15.29,Clay,0.99,14.76,78.86,961.09,6.09,14.09,Central,1299,Kharif,Sugarcane,Canal,296.93,2.86,73.95,0.7143875620372924
130,87,116,4.93,43.75,Silt,0.32,14.81,42.72,523.4,9.17,15.22,South,1060,Kharif,Sugarcane,Sprinkler,118.23,22.41,72.0,0.9166431026939161
69,91,139,4.93,61.7,Loamy,1.06,38.15,86.17,2314.17,6.27,12.73,North,2054,Rabi,Sugarcane,Canal,175.85,9.67,75.33,0.3943411463506643
142,24,122,6.7,53.78,Clay,1.54,15.62,43.23,1168.34,5.4,12.49,East,510,Zaid,Sugarcane,Drip,169.15,18.0,73.32,0.7249127466244395
169,21,28,6.84,49.44,Loamy,1.05,35.65,47.49,1746.99,6.78,2.58,East,110,Kharif,Sugarcane,Canal,159.07,0.2,77.71,0.894761987012495
164,90,68,5.85,44.68,Silt,1.5,16.13,47.2,874.73,4.32,17.15,South,1369,Zaid,Sugarcane,Drip,274.81,14.39,75.64,0.1879035887984165
122,92,92,5.39,61.17,Silt,0.72,14.99,69.84,1448.36,4.43,8.45,South,2083,Rabi,Sugarcane,Rainfed,197.12,15.48,75.02,0.33645035181751015
53,31,107,7.03,20.13,Clay,0.49,16.92,51.47,1981.64,8.04,14.11,East,694,Kharif,Sugarcane,Sprinkler,317.83,4.05,75.53,0.9019161078378828
117,27,123,4.95,52.52,Silt,1.48,19.1,86.12,2704.29,7.22,17.35,Central,899,Rabi,Sugarcane,Canal,340.67,20.18,76.96,0.8610333999722404
169,96,141,8.06,39.87,Loamy,1.53,13.98,39.87,2156.99,9.92,13.93,Central,853,Kharif,Sugarcane,Canal,66.75,3.74,75.32,0.6906227420813416
132,34,121,7.88,55.74,Loamy,0.41,27.52,68.86,986.65,7.02,10.61,West,69,Zaid,Sugarcane,Canal,169.15,22.24,72.46,0.48860492587798476
63,95,67,6.84,17.44,Silt,1.31,10.08,52.04,2380.12,8.73,11.88,South,250,Rabi,Sugarcane,Drip,146.11,11.09,75.42,0.667351163050396
58,49,124,6.63,53.18,Silt,1.47,30.13,68.26,1946.88,7.38,1.82,North,1054,Rabi,Sugarcane,Sprinkler,329.9,4.11,78.41,0.6233144337590575
70,35,125,7.08,49.63,Sandy,0.46,21.32,77.7,1795.96,10.5,16.61,West,794,Rabi,Sugarcane,Canal,128.17,4.51,73.83,0.3195894262599983
99,24,65,5.71,31.51,Clay,0.7,35.94,46.35,633.33,6.72,9.5,West,1163,Kharif,Sugarcane,Canal,243.69,17.07,74.4,0.642278163507115
156,18,39,5.35,54.72,Loamy,0.53,16.98,43.46,2567.39,7.54,15.78,Central,1417,Rabi,Sugarcane,Canal,189.51,20.51,75.76,0.2774267348009791
144,29,130,5.68,39.0,Loamy,0.64,16.21,72.94,644.9,8.98,1.14,South,910,Rabi,Sugarcane,Canal,131.21,22.03,75.26,0.6428020501620825
113,82,135,6.64,41.99,Loamy,1.01,21.66,44.17,389.59,8.38,10.05,West,2107,Zaid,Sugarcane,Drip,337.62,18.39,75.86,0.5176298283979672
60,91,68,5.27,44.72,Clay,0.91,28.14,82.84,2333.7,8.71,1.95,South,2088,Zaid,Sugarcane,Canal,90.68,5.95,74.38,0.7493153551424344
174,39,121,7.04,28.97,Loamy,1.09,21.7,49.58,713.42,7.5,13.21,West,2097,Zaid,Sugarcane,Drip,319.94,3.2,75.37,0.5298756255182061
162,90,87,5.28,25.01,Loamy,1.07,14.64,30.08,1667.76,9.16,13.75,Central,9,Zaid,Sugarcane,Rainfed,73.69,10.06,72.18,0.7680893784186665
35,90,35,5.89,37.62,Clay,1.43,16.59,42.98,493.02,5.89,9.29,South,962,Rabi,Sugarcane,Canal,235.02,24.91,74.23,0.311703321492812
147,24,126,7.41,33.18,Silt,0.47,19.85,56.69,1383.43,6.56,12.49,West,414,Kharif,Sugarcane,Rainfed,179.87,16.83,74.01,0.8378413809055185
173,62,114,7.11,17.62,Loamy,0.45,29.26,80.8,580.57,8.25,8.0,Central,650,Zaid,Sugarcane,Sprinkler,287.82,14.14,74.78,0.4144298124670366
117,46,45,7.99,35.48,Clay,1.44,12.45,87.11,1337.82,9.57,9.99,West,1126,Rabi,Sugarcane,Sprinkler,60.0,10.85,72.18,0.7507902311797877
75,78,108,4.8,53.63,Sandy,0.36,16.78,83.57,1502.59,4.24,12.73,North,52,Rabi,Sugarcane,Rainfed,61.49,10.72,73.37,0.03342653309322163
142,57,82,5.21,25.24,Loamy,1.22,35.08,44.99,304.07,10.76,16.6,South,836,Rabi,Sugarcane,Sprinkler,247.61,20.87,72.68,0.3667520764259401
150,15,79,5.09,29.32,Loamy,0.39,26.4,41.13,2091.64,10.8,1.74,West,1098,Rabi,Sugarcane,Drip,318.25,12.08,73.87,0.9223077754835848
142,85,147,5.34,18.38,Loamy,0.94,33.84,36.35,1172.81,8.45,14.45,South,516,Zaid,Sugarcane,Canal,224.06,22.06,73.65,0.7482388061809001
114,53,140,7.19,62.78,Silt,0.52,38.39,82.17,2511.3,6.8,10.26,Central,1357,Rabi,Sugarcane,Sprinkler,208.34,24.97,77.73,0.5423865601904387
86,40,52,7.47,46.14,Clay,1.52,18.68,67.89,2660.66,6.44,6.18,Central,853,Kharif,Sugarcane,Canal,196.15,2.53,76.76,0.5274564637217322
103,79,55,6.71,33.68,Clay,0.67,12.64,65.43,1744.53,8.64,11.24,Central,1269,Zaid,Sugarcane,Drip,249.56,18.86,76.16,0.08757456298623822
72,64,142,6.95,52.98,Silt,1.0,38.07,83.66,1105.11,6.17,16.54,South,2198,Rabi,Sugarcane,Sprinkler,205.38,12.66,76.63,0.6652728362369108
94,30,31,5.05,57.12,Sandy,1.34,23.08,64.21,2416.58,8.83,12.74,East,1995,Zaid,Sugarcane,Drip,113.86,8.18,73.8,0.3012312947939082
134,59,86,6.38,42.22,Loamy,1.36,22.07,62.31,354.81,6.63,2.48,South,2169,Kharif,Sugarcane,Sprinkler,133.04,21.08,72.31,0.17127341066623958
108,57,100,7.72,23.68,Silt,0.86,31.6,62.03,638.18,4.65,2.84,West,1902,Rabi,Sugarcane,Drip,292.06,17.82,74.73,0.6623718599127535
68,25,116,7.42,15.45,Loamy,1.2,32.77,72.89,2507.34,4.01,14.17,South,1816,Zaid,Sugarcane,Canal,101.91,22.85,74.15,0.19644131522278585
65,98,66,6.26,16.57,Sandy,0.6,39.35,37.04,1910.49,10.51,8.75,East,643,Kharif,Sugarcane,Sprinkler,280.51,16.53,76.29,0.08771764171996432
60,50,107,7.95,34.42,Sandy,0.89,34.66,38.82,2173.24,4.55,13.13,Central,549,Zaid,Sugarcane,Canal,218.74,12.12,74.72,0.719022820433601
84,85,125,5.52,21.58,Loamy,1.31,15.34,69.28,853.68,4.99,1.31,North,168,Kharif,Sugarcane,Canal,132.19,3.6,72.36,0.5038887967912735
79,93,82,8.13,39.95,Loamy,0.63,28.38,51.19,2448.57,8.78,10.54,Central,764,Zaid,Sugarcane,Rainfed,123.74,21.25,73.51,0.3419344935747266
113,48,122,7.21,22.96,Loamy,1.15,35.58,41.68,571.27,10.38,11.04,East,1301,Zaid,Sugarcane,Sprinkler,139.34,18.78,72.63,0.9368534300910153
123,30,137,6.56,35.89,Silt,1.58,25.02,87.68,2299.48,10.9,7.8,North,417,Zaid,Sugarcane,Canal,145.39,1.89,75.23,0.26347344569384823
168,85,126,5.42,63.89,Clay,0.33,31.5,86.6,1674.62,6.74,8.8,East,593,Kharif,Sugarcane,Sprinkler,187.99,16.64,76.3,0.986349922944162
177,79,26,7.3,48.03,Loamy,1.31,13.47,40.84,2249.87,10.33,12.05,West,388,Kharif,Sugarcane,Sprinkler,293.87,21.98,77.27,0.2569522995084699
59,63,72,6.51,25.38,Loamy,0.84,19.99,87.12,491.83,9.06,1.96,Central,50,Rabi,Sugarcane,Drip,270.81,11.73,73.56,0.566806105010466
104,80,86,7.05,62.72,Loamy,1.57,13.76,81.18,1076.9,7.42,1.05,South,732,Kharif,Sugarcane,Sprinkler,325.83,22.08,77.15,0.20620271590177885
83,34,124,7.33,29.96,Sandy,1.27,25.85,46.59,1235.73,9.0,8.81,Central,461,Kharif,Sugarcane,Sprinkler,201.84,0.55,74.79,0.6056992404598757
68,51,44,5.2,56.47,Loamy,0.84,20.19,43.72,1322.93,4.03,8.48,North,1537,Zaid,Sugarcane,Sprinkler,113.14,17.08,74.34,0.6918639081608444
151,63,85,7.47,55.32,Loamy,1.59,36.79,71.11,2309.73,4.39,5.53,Central,899,Zaid,Sugarcane,Sprinkler,134.35,18.4,75.7,0.3032195467185912
110,17,99,6.66,64.34,Clay,1.38,23.47,82.84,1130.8,10.38,11.97,West,1374,Kharif,Sugarcane,Rainfed,164.8,20.5,73.65,0.2957528346203294
63,85,45,8.11,18.85,Silt,0.91,27.1,74.01,447.36,6.42,4.63,East,94,Rabi,Sugarcane,Sprinkler,113.45,11.84,72.43,0.19668855823121312
102,38,88,7.41,31.5,Sandy,0.61,26.25,50.77,1322.62,10.7,2.02,North,1711,Rabi,Sugarcane,Sprinkler,333.38,23.68,75.92,0.6272584006359783
129,66,79,5.67,20.17,Silt,1.11,22.36,62.26,2449.33,4.72,1.18,Central,56,Rabi,Sugarcane,Drip,114.31,12.26,76.11,0.19371705077629786
135,76,38,7.72,15.12,Silt,0.46,10.36,65.63,1636.07,9.6,9.81,North,1569,Zaid,Sugarcane,Rainfed,287.55,22.28,75.57,0.8920743510936207
45,96,73,6.19,33.52,Silt,1.55,38.2,68.19,427.71,5.36,8.51,West,1331,Zaid,Sugarcane,Rainfed,264.48,5.68,74.68,0.04476838868848687
154,94,22,6.58,62.59,Loamy,0.41,34.5,82.48,1772.44,5.28,12.38,Central,1450,Kharif,Sugarcane,Canal,134.09,9.1,77.38,0.887817640335819
154,55,24,8.04,22.66,Clay,1.0,19.22,61.3,1640.94,9.12,5.03,West,955,Rabi,Sugarcane,Drip,89.43,8.0,73.08,0.39408364851003186
49,99,58,7.76,31.11,Silt,0.98,27.71,61.95,2059.02,6.37,15.9,West,1612,Rabi,Sugarcane,Drip,81.2,7.41,73.26,0.15049549807258555
175,29,135,5.8,28.06,Clay,1.11,21.52,76.95,849.18,9.94,13.24,Central,1984,Zaid,Sugarcane,Rainfed,133.37,12.57,74.44,0.25769564818917967
114,80,42,5.11,27.61,Silt,1.29,27.52,46.77,2254.24,7.45,3.81,South,1877,Rabi,Sugarcane,Sprinkler,70.38,10.27,74.26,0.39477531677168287
179,44,101,7.39,32.25,Sandy,1.49,34.42,88.78,2639.62,5.37,10.65,South,1017,Kharif,Sugarcane,Rainfed,199.38,23.83,76.51,0.0023474738674531537
148,77,24,5.28,41.16,Silt,1.3,36.14,47.13,656.63,6.43,10.85,South,8,Zaid,Sugarcane,Rainfed,236.25,4.93,73.94,0.17845067409837478
38,56,49,5.39,45.6,Loamy,0.77,30.51,30.59,2780.71,6.02,7.24,West,280,Kharif,Sugarcane,Drip,183.12,9.44,75.51,0.07958814737204245
43,35,105,7.07,21.17,Loamy,0.72,17.86,68.66,1762.55,10.88,4.75,North,779,Kharif,Sugarcane,Drip,265.71,16.19,74.87,0.33720203516895275
37,84,31,5.96,39.01,Silt,0.79,15.17,80.46,1783.92,9.53,16.74,East,748,Zaid,Sugarcane,Canal,129.21,21.48,74.0,0.12188921208035897
65,41,66,7.97,60.49,Sandy,1.53,23.64,40.55,561.23,7.77,2.38,East,717,Kharif,Sugarcane,Sprinkler,289.22,18.38,76.45,0.5097570669008714
114,61,121,5.2,29.25,Loamy,0.84,23.58,43.25,1715.69,7.01,9.07,Central,450,Zaid,Sugarcane,Canal,217.37,6.14,73.91,0.3593389905157872
111,96,121,5.62,41.43,Loamy,0.39,36.51,62.15,1029.46,10.87,5.68,East,76,Rabi,Sugarcane,Drip,283.94,23.42,75.63,0.14086860395086132
94,48,58,6.97,51.79,Loamy,1.28,28.25,81.4,634.93,7.4,9.85,South,736,Rabi,Sugarcane,Sprinkler,87.03,14.31,74.79,0.03279987427689601
152,60,143,6.68,52.18,Clay,0.31,38.35,59.08,736.12,10.38,9.06,West,1257,Kharif,Sugarcane,Drip,255.33,24.19,76.14,0.45326177252585964
60,33,138,5.6,59.31,Sandy,0.39,36.55,84.29,786.47,8.86,3.88,South,102,Zaid,Sugarcane,Drip,279.16,23.31,76.18,0.8386217961980568
161,45,54,6.8,20.76,Loamy,0.39,34.87,53.38,363.04,9.18,11.6,South,1875,Zaid,Sugarcane,Canal,132.33,10.21,72.03,0.09575419866335766
63,21,51,5.99,27.68,Silt,1.07,20.64,63.79,1571.57,7.9,13.79,South,368,Zaid,Sugarcane,Sprinkler,242.42,22.96,73.97,0.03971120757224722
37,99,90,5.1,15.1,Clay,0.76,39.22,89.68,1501.86,6.23,14.01,West,1955,Kharif,Sugarcane,Drip,259.34,11.3,72.79,0.8262173757752201
176,67,148,6.72,34.24,Clay,1.37,28.35,38.58,2440.75,6.8,13.03,Central,359,Kharif,Sugarcane,Rainfed,190.17,19.64,75.04,0.6422096370026974
72,27,101,7.13,21.94,Silt,0.37,34.84,31.53,2131.33,6.11,14.06,Central,2132,Zaid,Sugarcane,Rainfed,247.66,0.37,75.78,0.09896862340870682
177,25,66,6.01,23.6,Sandy,0.62,11.24,82.12,710.1,4.3,6.5,South,655,Rabi,Sugarcane,Canal,271.02,21.37,75.33,0.8551094219974401
86,21,101,6.63,58.96,Silt,1.13,18.25,55.54,454.68,9.08,8.58,East,671,Kharif,Sugarcane,Drip,348.42,14.13,75.61,0.9797343347738597
174,44,113,7.5,23.55,Silt,0.9,28.46,88.52,487.54,6.59,6.36,Central,2198,Rabi,Sugarcane,Drip,185.01,0.19,72.83,0.693169360253846
55,84,96,6.65,34.01,Clay,0.45,33.85,86.91,1609.2,9.86,13.82,South,99,Kharif,Sugarcane,Canal,85.46,3.73,73.95,0.014856122507503788
70,24,40,7.96,54.84,Silt,0.4,23.25,43.59,2315.69,4.46,17.88,Central,901,Kharif,Sugarcane,Canal,247.6,9.49,73.16,0.6095285097540636
161,99,109,5.5,36.36,Clay,0.5,28.05,89.52,2353.73,8.68,4.65,South,2148,Kharif,Sugarcane,Rainfed,227.87,22.64,75.29,0.21380121066273283
155,78,48,6.32,44.75,Loamy,0.99,15.16,55.5,427.38,5.45,4.07,West,1311,Rabi,Sugarcane,Rainfed,92.51,12.72,74.85,0.6830695751901241
104,96,66,4.96,24.09,Clay,0.85,31.44,61.34,2503.37,8.06,1.67,West,1744,Zaid,Sugarcane,Canal,143.71,17.43,72.27,0.9506063715798728
60,22,75,6.42,21.64,Silt,0.67,24.74,53.19,1156.7,8.76,15.97,Central,1861,Kharif,Sugarcane,Sprinkler,242.35,6.13,73.93,0.4407549434413178
165,91,127,6.99,31.7,Clay,0.59,14.42,37.46,2497.79,9.66,7.64,West,1283,Zaid,Sugarcane,Canal,195.95,24.88,76.62,0.8011715032953248
168,20,104,5.92,52.09,Clay,1.22,37.62,85.64,2710.12,6.9,4.24,North,505,Rabi,Sugarcane,Canal,62.91,7.45,74.81,0.9737425820384935
68,44,78,5.52,29.5,Loamy,0.74,35.66,53.06,1239.72,6.27,6.48,South,2033,Kharif,Sugarcane,Canal,336.88,2.11,74.63,0.9638176611881805
117,89,61,6.34,16.03,Loamy,0.73,12.7,58.51,693.05,9.15,3.63,Central,1680,Zaid,Sugarcane,Sprinkler,337.17,8.41,75.37,0.12027096312860686
106,66,105,6.13,28.6,Sandy,1.21,33.8,79.67,977.21,4.3,9.66,North,1918,Kharif,Sugarcane,Drip,203.92,12.12,74.67,0.3739387136037746
155,86,137,6.97,42.94,Silt,0.65,17.15,36.71,2139.89,7.93,4.2,South,436,Rabi,Sugarcane,Rainfed,141.12,15.42,77.04,0.9210694862995814
141,49,41,5.99,27.04,Loamy,0.95,13.87,69.54,2322.7,5.64,14.22,South,2146,Zaid,Sugarcane,Drip,68.72,23.74,75.19,0.8238017499205379
172,43,77,5.62,29.86,Sandy,0.83,25.86,79.54,1512.76,4.04,13.85,North,260,Rabi,Sugarcane,Canal,320.54,9.92,75.12,0.9430207096457361
174,90,69,6.01,46.17,Loamy,1.3,24.91,71.87,2614.73,5.31,8.0,West,1103,Rabi,Sugarcane,Sprinkler,112.12,9.53,75.48,0.7120079611981627
173,86,132,5.65,35.53,Loamy,0.54,21.08,78.52,993.53,9.63,4.41,East,170,Rabi,Sugarcane,Sprinkler,248.03,7.19,77.15,0.9627848079807322
92,68,76,7.26,20.42,Silt,0.41,17.25,86.17,1503.37,5.0,12.9,Central,1105,Kharif,Sugarcane,Rainfed,174.89,12.16,73.15,0.8160335023020684
78,90,129,6.24,57.04,Silt,0.56,28.59,60.82,1947.75,4.28,9.62,East,35,Rabi,Sugarcane,Sprinkler,169.74,10.96,76.0,0.8025607481516279
111,38,83,7.08,16.51,Loamy,1.44,37.06,85.4,1322.5,9.69,8.97,North,791,Kharif,Sugarcane,Drip,82.96,5.55,72.43,0.7305146540263266
74,65,102,5.07,64.52,Sandy,0.42,29.22,80.76,578.34,7.77,16.53,West,2110,Rabi,Sugarcane,Sprinkler,249.68,9.31,74.21,0.15294318647542615
49,30,149,7.48,20.45,Sandy,0.42,31.82,66.36,1436.2,9.7,11.75,West,1200,Kharif,Sugarcane,Sprinkler,289.55,2.65,74.71,0.20728252254973556
101,36,64,8.02,40.9,Clay,1.25,19.43,75.64,1138.44,6.82,17.41,South,1531,Zaid,Sugarcane,Canal,309.43,11.37,73.76,0.316684356016926
102,54,91,7.28,27.31,Loamy,1.2,24.5,74.52,1194.75,6.14,4.94,Central,1614,Zaid,Sugarcane,Canal,214.46,0.04,74.47,0.5771997464225614
118,29,53,5.74,44.18,Sandy,0.97,20.4,72.57,1415.9,8.62,15.07,South,2166,Rabi,Sugarcane,Drip,291.0,3.4,75.9,0.25508722242139814
96,32,134,8.11,38.04,Sandy,0.66,25.32,80.42,1697.32,5.75,1.04,West,1560,Zaid,Sugarcane,Canal,236.59,2.43,76.35,0.7334018493349057
78,82,40,5.19,42.98,Sandy,0.71,12.63,83.83,2208.24,4.87,13.56,East,392,Rabi,Sugarcane,Drip,77.4,19.38,72.63,0.19258163245852788
100,66,136,6.22,44.64,Clay,1.53,38.23,46.76,2377.54,10.34,14.97,West,1381,Kharif,Sugarcane,Sprinkler,337.17,0.2,77.14,0.589331644947728
148,28,92,6.44,27.75,Loamy,0.71,36.81,72.38,999.74,10.08,16.65,East,2199,Kharif,Sugarcane,Sprinkler,259.49,6.04,74.33,0.7027382992895869
80,76,64,7.9,39.11,Silt,1.0,17.49,52.5,1226.86,9.65,4.98,South,1022,Rabi,Sugarcane,Canal,192.29,6.82,74.02,0.7978023722086077
81,90,137,5.43,58.66,Loamy,0.82,21.94,34.81,2570.66,6.37,17.52,West,478,Zaid,Sugarcane,Drip,137.04,17.01,75.45,0.97850596693269
157,86,57,7.09,57.61,Silt,0.98,34.59,56.54,2372.15,10.45,10.87,Central,1591,Kharif,Sugarcane,Drip,142.11,12.67,76.85,0.7584036730342032
113,89,71,8.18,63.46,Silt,1.22,38.62,41.61,1754.18,5.61,3.69,East,426,Kharif,Sugarcane,Rainfed,191.75,12.04,75.07,0.5889360225625478
155,25,60,6.75,18.64,Silt,1.48,32.37,66.5,1702.52,4.31,14.85,South,1352,Rabi,Sugarcane,Canal,195.81,11.08,73.01,0.33555720169665715
125,95,57,5.79,39.16,Sandy,1.06,18.82,48.46,1158.89,5.57,12.28,East,1459,Zaid,Sugarcane,Rainfed,289.3,2.5,76.35,0.847296745535494
134,30,84,6.17,23.67,Loamy,1.47,34.35,84.15,1805.42,5.21,14.47,South,378,Kharif,Sugarcane,Canal,313.32,2.36,76.21,0.07091619143856953
173,39,86,6.22,25.85,Silt,1.58,34.28,55.49,576.55,5.34,12.25,Central,325,Kharif,Sugarcane,Rainfed,125.07,9.2,73.67,0.028337450383384644
140,53,106,6.07,28.72,Silt,0.83,35.84,60.3,1576.62,7.23,2.88,North,1205,Kharif,Sugarcane,Canal,130.35,3.9,75.15,0.4184494971754581
159,32,92,7.27,55.66,Sandy,1.58,14.5,61.35,626.74,9.38,14.34,South,330,Kharif,Sugarcane,Canal,316.85,21.1,74.55,0.029170668574074465
101,35,87,7.08,56.93,Silt,0.67,12.95,61.93,699.11,7.54,12.55,South,1528,Zaid,Sugarcane,Canal,124.89,2.21,74.14,0.8669410428305123
135,69,88,7.49,41.8,Sandy,0.53,27.72,86.22,1566.45,6.65,12.95,North,862,Zaid,Sugarcane,Rainfed,238.16,2.16,76.32,0.6962214361212724
145,73,129,6.21,21.86,Clay,0.65,20.62,75.51,2411.16,9.28,10.25,South,1558,Zaid,Sugarcane,Sprinkler,158.27,12.07,76.37,0.6194450738181533
57,66,38,7.1,15.48,Clay,1.31,15.47,82.8,870.36,7.55,4.17,North,253,Zaid,Sugarcane,Canal,269.21,18.34,74.39,0.4677582309575795
124,53,91,7.35,18.69,Silt,1.6,36.58,63.53,992.8,5.36,1.02,Central,556,Kharif,Sugarcane,Sprinkler,212.31,3.6,73.93,0.8111626038791322
99,66,136,6.07,41.57,Sandy,0.46,14.53,40.76,838.19,4.45,16.69,East,1047,Kharif,Sugarcane,Canal,124.26,24.82,74.03,0.8300326836280747
164,16,56,7.21,58.98,Silt,1.06,16.66,47.7,2242.77,7.81,15.15,Central,1546,Rabi,Sugarcane,Drip,218.21,21.33,75.7,0.15853615849992353
87,31,88,5.75,46.21,Clay,1.23,11.03,60.06,647.21,6.84,16.06,North,1957,Kharif,Sugarcane,Sprinkler,307.85,5.29,74.35,0.8126930433757824
90,73,44,7.19,63.46,Silt,0.4,30.86,47.45,1377.27,9.69,12.3,South,645,Zaid,Sugarcane,Sprinkler,312.18,19.5,76.65,0.5149275088606721
91,66,36,5.55,47.72,Sandy,0.82,16.35,53.77,2006.59,4.14,3.53,Central,1919,Rabi,Sugarcane,Rainfed,96.09,14.52,73.37,0.4915142258318266
119,57,61,8.12,52.38,Silt,0.98,11.66,85.07,2463.76,7.11,8.77,Central,1718,Rabi,Sugarcane,Drip,301.46,17.32,74.29,0.5950463449237612
59,57,92,5.57,64.8,Loamy,1.17,11.19,33.34,2239.61,8.79,17.91,South,641,Kharif,Sugarcane,Sprinkler,68.77,17.24,74.93,0.08963177330461791
86,37,133,6.4,59.24,Silt,0.35,33.53,87.48,474.14,5.03,4.73,South,507,Zaid,Sugarcane,Sprinkler,196.99,16.94,76.53,0.7041043607716369
166,79,69,7.5,18.96,Silt,1.19,36.72,39.6,793.48,8.61,10.02,Central,1141,Rabi,Sugarcane,Drip,239.96,9.67,74.04,0.4990361729040813
42,73,111,4.82,42.82,Loamy,1.42,33.33,89.19,2512.49,7.59,10.08,East,1369,Zaid,Sugarcane,Drip,164.41,8.25,75.6,0.931535049155262
160,42,131,5.18,39.89,Loamy,0.65,16.92,48.27,1876.97,6.22,3.22,West,203,Rabi,Sugarcane,Drip,198.68,18.03,74.65,0.5833329099885175
124,21,105,7.85,21.87,Loamy,0.81,38.63,37.21,742.78,4.5,12.85,North,672,Rabi,Sugarcane,Rainfed,289.24,13.78,76.01,0.0037196608180591895
35,97,140,6.72,28.6,Loamy,0.88,11.73,71.55,740.27,5.44,13.52,North,679,Zaid,Sugarcane,Rainfed,84.39,17.3,73.63,0.3502723706693276
61,27,131,6.79,61.73,Loamy,0.81,32.51,82.63,918.35,9.72,12.58,South,1251,Zaid,Sugarcane,Rainfed,145.29,2.0,72.91,0.04795773243698764
55,68,25,7.43,64.85,Sandy,1.25,26.36,52.53,1805.3,5.31,10.25,Central,98,Kharif,Sugarcane,Sprinkler,280.34,7.61,75.68,0.30863264852395067
105,63,31,7.57,45.96,Clay,0.71,16.57,56.26,1608.77,10.94,14.24,South,1242,Zaid,Sugarcane,Canal,233.69,1.09,74.35,0.41392605805258886
53,34,59,7.1,58.74,Sandy,0.86,30.65,46.71,1870.98,5.04,10.1,Central,1260,Zaid,Sugarcane,Sprinkler,319.23,4.5,77.52,0.17965928902991202
149,89,50,7.73,18.37,Sandy,1.45,19.83,34.29,659.6,6.41,4.72,West,477,Kharif,Sugarcane,Sprinkler,82.21,2.18,70.88,0.5650722830366937
118,62,52,8.06,24.87,Sandy,0.88,10.96,44.76,651.22,9.81,8.98,Central,1770,Zaid,Sugarcane,Canal,270.68,9.31,71.8,0.8035417768264277
175,78,114,5.2,23.24,Sandy,0.42,24.49,88.89,2151.83,5.49,5.17,South,300,Rabi,Sugarcane,Drip,280.57,2.56,76.33,0.995604201803506
80,36,42,5.14,44.9,Clay,0.83,35.33,86.95,1785.17,7.91,8.09,West,1021,Zaid,Sugarcane,Rainfed,325.0,24.04,74.34,0.01526483964602976
138,33,128,6.58,57.22,Loamy,1.12,19.08,44.72,1945.08,6.87,12.31,Central,1252,Kharif,Sugarcane,Canal,241.95,15.35,76.96,0.5138758347782336
129,95,97,7.82,46.76,Loamy,0.96,27.78,76.7,2790.81,4.19,11.34,South,593,Rabi,Sugarcane,Sprinkler,227.99,3.28,75.97,0.13503813668054743
86,42,73,4.89,55.76,Silt,0.31,19.51,71.13,822.08,8.24,3.31,South,1893,Zaid,Sugarcane,Drip,68.14,14.83,72.26,0.18583205556534255
42,34,57,7.95,25.12,Silt,1.34,24.87,32.31,528.65,4.06,16.22,Central,737,Rabi,Sugarcane,Rainfed,224.84,15.15,71.04,0.42449283267653515
168,34,96,7.6,35.12,Sandy,0.59,22.78,81.03,761.04,5.25,14.5,West,1963,Kharif,Sugarcane,Rainfed,99.83,6.85,72.95,0.30932422435822293
138,26,131,7.91,64.84,Loamy,0.77,22.38,76.7,360.32,10.81,10.49,North,1448,Kharif,Sugarcane,Canal,74.95,15.49,73.1,0.9722297092163575
121,18,117,4.87,30.29,Sandy,0.71,12.03,86.52,1222.35,5.72,14.91,North,1749,Rabi,Sugarcane,Rainfed,302.16,23.24,74.07,0.00041028943917487126
53,18,64,4.88,53.32,Clay,1.51,39.99,53.76,1338.12,5.41,15.79,Central,1167,Kharif,Sugarcane,Canal,279.51,20.54,72.58,0.5961826694023769
75,93,127,5.25,39.59,Silt,1.28,18.21,74.33,649.06,10.63,1.55,North,2005,Kharif,Sugarcane,Rainfed,121.33,3.57,73.89,0.651679794878427
47,85,140,8.12,50.08,Clay,1.54,36.38,55.67,1404.33,10.46,12.94,Central,1404,Rabi,Sugarcane,Canal,112.84,19.25,72.7,0.7126014072983932
60,27,113,6.49,38.0,Sandy,0.73,16.26,41.99,664.86,5.46,6.44,North,1508,Rabi,Sugarcane,Drip,82.51,0.71,73.39,0.8461938661543734
168,48,104,5.29,57.18,Sandy,1.49,16.06,58.37,1069.1,4.04,3.64,West,1664,Rabi,Sugarcane,Rainfed,272.77,13.46,73.83,0.8781151969857014
110,47,37,5.4,15.77,Silt,0.91,17.28,51.69,909.47,7.26,12.01,Central,810,Rabi,Sugarcane,Sprinkler,342.71,12.36,72.98,0.80426115437845
140,44,146,7.24,21.78,Loamy,0.71,20.92,60.61,2538.28,9.13,17.36,North,776,Rabi,Sugarcane,Canal,68.76,0.89,73.52,0.3980548406789377
120,31,67,7.68,25.86,Sandy,0.58,33.38,44.67,2374.81,5.72,6.71,East,1835,Rabi,Sugarcane,Drip,325.49,12.21,74.17,0.6795518365726839
89,35,102,6.56,34.97,Sandy,1.22,39.73,57.69,2185.57,8.26,17.89,North,1428,Rabi,Sugarcane,Sprinkler,131.25,3.1,74.32,0.9190382770286711
170,75,105,6.85,15.2,Sandy,0.71,28.84,55.37,780.14,10.79,14.45,Central,1274,Rabi,Sugarcane,Canal,227.81,20.07,73.41,0.8999095433546718
67,43,107,6.58,55.92,Loamy,1.27,14.23,58.92,2365.8,10.11,9.14,Central,1575,Rabi,Sugarcane,Rainfed,340.65,21.81,76.77,0.38776432852974974
160,18,121,5.74,25.46,Loamy,1.24,37.19,50.75,2083.98,10.35,14.64,South,527,Rabi,Sugarcane,Sprinkler,133.23,18.36,76.75,0.5130772183680499
90,47,66,7.06,21.42,Silt,1.27,21.87,78.66,1378.92,5.5,13.38,Central,449,Kharif,Sugarcane,Rainfed,117.14,11.68,73.29,0.5296445270351334
105,83,62,6.71,49.03,Silt,0.76,27.84,42.0,2219.65,9.35,15.87,East,1182,Rabi,Sugarcane,Rainfed,236.13,10.42,76.2,0.6553831994634532
160,53,124,4.98,42.83,Sandy,0.99,25.97,43.68,311.45,8.84,17.04,East,1085,Kharif,Sugarcane,Sprinkler,315.35,13.42,74.31,0.714153146392174
75,77,108,5.38,52.36,Clay,1.09,20.67,31.84,765.09,9.44,5.34,North,1859,Rabi,Sugarcane,Drip,313.96,1.07,75.51,0.6874648040497281
154,90,94,6.75,53.52,Silt,1.41,27.83,88.42,1393.68,7.54,8.68,West,1314,Rabi,Sugarcane,Drip,266.78,9.63,77.44,0.9931637389334784
117,29,130,6.35,35.09,Clay,1.46,10.51,36.31,365.03,10.49,10.21,West,502,Zaid,Sugarcane,Canal,124.72,10.77,73.22,0.0977072753867585
90,98,100,7.56,34.71,Sandy,0.74,23.43,47.98,1122.11,6.56,9.0,Central,1128,Kharif,Sugarcane,Drip,227.0,8.53,74.14,0.28346114926407917
41,31,20,8.04,36.1,Clay,0.5,31.11,88.23,322.99,7.56,17.78,Central,1330,Kharif,Sugarcane,Canal,93.51,24.9,70.24,0.6742196324473969
141,21,52,4.87,33.1,Clay,1.21,33.75,61.25,1890.36,10.9,3.99,West,1268,Rabi,Sugarcane,Drip,79.75,10.04,74.18,0.41275832027739345
179,38,140,6.12,50.6,Clay,1.2,38.57,43.25,440.12,10.56,9.25,Central,2087,Rabi,Sugarcane,Rainfed,81.08,20.71,74.85,0.5588408709546665
86,33,134,7.99,59.59,Silt,0.64,21.69,71.78,2197.61,8.61,12.48,South,167,Zaid,Sugarcane,Canal,194.38,12.12,74.4,0.8081570490242127
83,63,139,6.43,16.12,Silt,1.57,17.31,42.63,2792.32,4.05,10.7,South,1281,Kharif,Sugarcane,Canal,325.85,14.66,77.85,0.08693956069225417
60,45,140,5.55,64.96,Sandy,0.58,14.37,88.49,2361.12,9.42,7.68,Central,554,Rabi,Sugarcane,Rainfed,102.93,15.63,77.09,0.5189373642647569
164,66,145,4.87,46.21,Sandy,1.1,16.79,59.22,392.17,8.21,7.54,South,678,Zaid,Sugarcane,Sprinkler,139.31,23.45,74.22,0.5734016258977038
155,56,106,7.72,43.03,Silt,1.46,21.38,49.52,2411.73,7.69,11.27,North,1251,Kharif,Sugarcane,Drip,120.01,16.23,75.92,0.322978733363808
78,25,79,6.13,37.79,Silt,1.59,22.45,47.41,2213.7,6.55,6.1,South,1693,Rabi,Sugarcane,Rainfed,97.59,17.64,74.49,0.8059701286709539
83,33,47,5.4,30.35,Clay,0.38,26.66,62.08,723.77,4.29,3.56,North,1512,Zaid,Sugarcane,Canal,76.96,11.61,71.35,0.6915055458135945
119,17,108,5.15,50.73,Clay,1.01,15.13,75.37,1576.69,9.6,7.19,West,2105,Rabi,Sugarcane,Canal,242.63,21.54,75.43,0.8657272371067937
50,15,70,5.69,41.8,Silt,0.73,16.52,54.59,2164.77,9.5,5.59,Central,1813,Zaid,Sugarcane,Sprinkler,229.53,0.87,74.98,0.3559683908322365
81,34,42,6.93,64.08,Sandy,0.71,36.09,86.59,1779.57,9.12,13.94,East,330,Kharif,Sugarcane,Rainfed,345.25,10.86,74.57,0.17608928794385392
93,60,26,6.98,38.02,Silt,0.48,30.84,35.92,432.81,4.43,9.42,East,1566,Rabi,Sugarcane,Rainfed,330.97,5.37,75.04,0.3910922441482205
64,99,142,7.89,35.4,Loamy,1.39,31.2,45.02,2276.07,8.31,15.31,South,877,Kharif,Sugarcane,Sprinkler,176.0,15.95,73.96,0.6097081955367598
58,63,30,8.17,50.24,Loamy,0.67,12.78,30.96,935.95,5.7,13.16,Central,241,Kharif,Sugarcane,Rainfed,100.79,22.47,71.62,0.327566293922126
119,42,104,6.9,19.64,Silt,0.65,10.49,41.93,1269.8,4.07,11.5,North,2146,Zaid,Sugarcane,Sprinkler,154.93,3.95,73.43,0.6713680088967957
114,24,93,6.81,22.12,Silt,1.39,39.28,70.33,707.85,8.63,12.31,West,491,Zaid,Sugarcane,Canal,264.46,16.64,72.61,0.7919610144667157
67,30,82,7.03,42.64,Clay,0.42,37.42,53.39,1316.43,6.67,15.95,West,332,Rabi,Sugarcane,Sprinkler,250.91,7.27,72.96,0.26324617483054435
89,22,29,6.47,57.75,Loamy,1.29,16.68,50.82,2186.87,7.13,11.75,West,1901,Rabi,Sugarcane,Rainfed,324.78,10.05,77.45,0.12637014194700513
176,98,56,6.51,17.29,Sandy,0.65,24.48,66.84,2370.94,5.77,6.62,South,1597,Kharif,Sugarcane,Drip,77.58,12.23,75.9,0.23063864021426395
51,32,30,4.98,27.24,Clay,0.75,39.27,44.09,2252.71,8.44,6.12,North,1888,Kharif,Sugarcane,Rainfed,310.61,21.25,73.92,0.7728739363818531
73,32,137,7.16,26.91,Sandy,1.44,13.62,49.56,692.95,7.64,10.7,West,543,Zaid,Sugarcane,Sprinkler,131.25,13.82,72.95,0.6588554042268422
84,20,40,7.04,16.09,Sandy,1.58,32.06,58.15,1137.07,5.09,10.71,East,1977,Rabi,Sugarcane,Rainfed,101.98,0.01,71.03,0.08777291412344057
80,40,48,6.83,56.86,Clay,0.96,39.21,89.6,824.9,10.57,5.06,West,585,Kharif,Sugarcane,Canal,317.17,9.42,75.15,0.6681806619579052
60,26,141,6.16,50.9,Sandy,0.78,34.33,70.89,2097.18,4.86,3.65,Central,1755,Rabi,Sugarcane,Canal,83.51,23.95,75.35,0.43728164824461757
103,59,30,5.47,17.83,Silt,0.33,36.15,45.57,1318.9,5.08,4.39,North,925,Kharif,Sugarcane,Sprinkler,247.15,14.44,74.62,0.7636152989616567
106,40,91,6.48,27.85,Silt,1.51,31.0,54.63,878.69,5.49,7.43,West,858,Zaid,Sugarcane,Rainfed,153.02,18.82,73.3,0.4807861681797273
149,50,112,7.5,39.16,Sandy,0.46,30.43,83.0,2234.78,5.99,5.98,West,1941,Kharif,Sugarcane,Drip,279.64,5.84,76.55,0.20307059292006213
96,20,123,7.82,35.01,Loamy,0.43,25.79,40.89,2005.49,5.93,8.16,North,1128,Zaid,Sugarcane,Sprinkler,282.39,18.22,75.12,0.40195192461521956
85,60,113,5.44,44.47,Loamy,0.88,12.68,58.49,543.91,8.44,7.87,North,572,Kharif,Sugarcane,Drip,274.42,14.13,74.16,0.3572419681701362
126,68,60,4.84,43.23,Silt,1.0,35.04,89.5,2006.25,4.72,9.08,West,118,Zaid,Sugarcane,Sprinkler,211.63,5.39,74.64,0.08387373855201208
156,46,141,5.55,45.35,Silt,0.66,37.12,30.28,1359.2,4.95,10.87,Central,1235,Rabi,Sugarcane,Sprinkler,341.31,11.14,77.05,0.5030683226320282
91,60,94,5.37,38.68,Clay,1.3,38.39,51.88,1565.46,10.27,5.53,Central,1300,Zaid,Sugarcane,Sprinkler,234.95,22.65,75.64,0.049158523621427586
71,22,102,5.86,56.1,Loamy,0.56,38.11,50.82,380.19,4.39,3.06,North,2088,Rabi,Sugarcane,Sprinkler,141.54,14.14,74.75,0.853629928527957
135,89,67,5.68,41.7,Silt,0.92,29.92,85.76,2535.63,5.75,2.55,Central,909,Zaid,Sugarcane,Rainfed,259.2,14.59,79.84,0.43902924398044796
160,92,147,6.79,18.66,Clay,0.59,26.41,68.11,598.51,6.65,9.47,Central,27,Rabi,Sugarcane,Canal,233.34,8.51,76.2,0.02899674433594801
170,62,131,7.76,56.92,Silt,0.45,17.15,60.48,1814.86,7.49,6.81,East,1875,Rabi,Sugarcane,Rainfed,263.63,6.45,75.18,0.6898210713287619
50,83,30,7.02,44.88,Clay,0.68,10.71,87.71,2456.67,6.54,14.2,East,1355,Rabi,Sugarcane,Canal,258.28,4.64,75.14,0.06449068045584627
176,26,67,7.44,52.21,Clay,0.34,35.5,68.23,1950.66,10.8,14.4,East,710,Rabi,Sugarcane,Rainfed,210.6,7.61,74.92,0.5742935397085736
99,15,137,7.94,58.82,Clay,0.33,21.93,73.97,1458.78,9.54,5.03,Central,170,Rabi,Sugarcane,Rainfed,164.42,2.87,76.31,0.1339748667497812
118,67,45,5.39,55.35,Silt,0.32,18.88,73.54,957.11,9.92,7.38,Central,1491,Rabi,Sugarcane,Drip,155.69,18.18,73.94,0.9246511054051808
150,59,125,5.92,37.26,Sandy,1.27,23.41,45.91,901.23,10.55,17.92,West,1383,Kharif,Sugarcane,Drip,129.28,14.12,73.29,0.03417558904108742
128,82,58,6.66,64.19,Silt,1.43,29.96,87.45,1251.9,9.85,9.9,West,384,Kharif,Sugarcane,Rainfed,198.14,12.9,74.93,0.6981169240835235
60,52,70,7.67,58.31,Silt,1.37,38.59,68.07,2022.86,8.65,5.88,South,384,Rabi,Sugarcane,Canal,273.45,4.06,76.25,0.8317853001851593
61,21,90,4.88,24.17,Silt,0.46,18.24,35.26,822.72,6.24,6.09,East,1953,Zaid,Sugarcane,Drip,256.08,2.86,74.0,0.5785853485929497
86,72,109,6.05,26.0,Loamy,0.31,25.55,61.51,1007.84,7.53,6.23,South,228,Rabi,Sugarcane,Sprinkler,177.66,9.34,74.16,0.07509364580531397
126,53,149,6.56,17.29,Clay,1.3,29.08,49.82,1261.03,8.29,14.53,South,1759,Zaid,Sugarcane,Drip,205.78,16.29,74.87,0.8724628150836742
51,77,52,6.66,39.3,Silt,1.32,24.11,39.96,1479.35,8.47,7.03,North,166,Rabi,Sugarcane,Canal,97.71,13.93,74.99,0.48289443659859865
175,17,89,8.04,16.04,Clay,0.55,10.57,74.93,2017.48,5.09,7.58,Central,902,Zaid,Sugarcane,Canal,141.93,4.45,73.06,0.615214896596914
47,45,91,6.09,46.33,Sandy,1.2,16.09,70.64,1955.37,8.45,9.91,West,2036,Kharif,Sugarcane,Sprinkler,252.28,1.64,74.81,0.22742172872352928
111,43,85,7.7,41.21,Clay,0.98,38.64,85.61,2650.11,10.31,3.87,Central,1963,Kharif,Sugarcane,Canal,84.63,18.06,74.02,0.17132454445437495
160,87,103,7.08,46.21,Silt,0.54,33.48,62.46,1473.24,9.25,2.62,East,589,Rabi,Sugarcane,Rainfed,174.69,21.26,76.89,0.08800602751145226
124,25,56,7.69,45.77,Silt,0.53,11.16,81.26,1739.42,8.61,2.46,Central,1701,Rabi,Sugarcane,Rainfed,71.67,8.44,72.72,0.39006606574762825
62,40,54,6.67,19.41,Sandy,0.9,35.11,78.41,1426.17,4.04,1.9,Central,1285,Zaid,Sugarcane,Canal,162.64,8.66,73.89,0.8635770031391459
45,94,126,7.38,50.9,Loamy,1.35,37.18,85.1,715.84,7.08,12.54,East,1735,Rabi,Sugarcane,Drip,143.75,24.89,72.87,0.7815231295330671
120,92,88,6.93,53.48,Sandy,0.67,32.63,34.89,2649.64,4.4,12.76,South,319,Kharif,Sugarcane,Canal,124.68,8.02,76.61,0.011644899503096218
120,84,96,6.16,20.09,Silt,0.99,10.8,33.88,2565.55,8.56,10.48,West,353,Zaid,Sugarcane,Drip,226.84,10.66,75.08,0.32874598834960655
96,47,40,6.3,16.26,Clay,0.72,11.0,70.13,2415.95,8.34,15.27,South,516,Kharif,Sugarcane,Rainfed,145.0,12.77,74.27,0.553427700787068
167,53,85,6.78,61.05,Clay,1.31,22.04,65.9,661.95,9.36,16.68,South,263,Rabi,Sugarcane,Drip,196.31,8.13,74.86,0.9426097101586556
70,95,22,8.13,54.62,Loamy,0.39,21.59,60.25,320.66,9.96,2.56,West,313,Zaid,Sugarcane,Drip,75.41,6.54,71.14,0.25218198181926943
147,91,56,7.28,19.27,Clay,1.44,26.25,45.93,1417.43,5.08,3.88,West,418,Rabi,Sugarcane,Sprinkler,122.85,13.02,75.66,0.5149294953924828
115,23,114,7.95,50.92,Sandy,0.5,36.75,83.0,1820.68,5.83,8.77,South,755,Rabi,Sugarcane,Canal,227.56,14.03,76.45,0.525360481819498
165,17,82,7.24,20.65,Loamy,0.75,33.94,81.94,450.64,8.01,1.95,North,536,Rabi,Sugarcane,Sprinkler,240.38,8.01,73.87,0.4360482979725878
70,24,113,5.22,59.33,Silt,1.09,22.99,53.52,2001.89,5.51,10.63,East,1676,Zaid,Sugarcane,Rainfed,236.74,19.23,76.15,0.286660581287023
39,34,130,5.56,52.93,Loamy,1.09,37.06,52.26,985.82,4.27,5.6,West,682,Rabi,Sugarcane,Rainfed,305.88,17.97,74.95,0.48499228457749954
106,68,129,5.61,25.58,Sandy,0.75,26.75,30.14,419.15,6.91,8.07,East,1146,Zaid,Sugarcane,Drip,269.91,6.67,74.91,0.3819580190452688
61,84,52,4.95,20.55,Sandy,0.86,11.86,56.5,2272.94,7.93,6.41,Central,2062,Kharif,Sugarcane,Drip,134.41,3.05,74.43,0.11453286832634824
106,35,140,5.06,20.34,Loamy,0.87,21.71,59.66,1445.02,7.71,16.54,East,58,Kharif,Sugarcane,Drip,339.41,10.97,73.85,0.45427072436042526
122,47,131,7.4,39.07,Sandy,0.62,20.18,51.04,729.85,7.29,4.65,South,2081,Rabi,Sugarcane,Drip,235.32,21.9,75.93,0.21171677846196568
69,35,23,6.16,34.51,Sandy,0.31,11.57,31.57,1698.31,9.95,12.98,North,594,Kharif,Sugarcane,Drip,251.65,24.16,75.86,0.030020225717336313
32,70,147,5.7,51.89,Sandy,0.32,39.33,72.19,817.43,4.62,15.3,South,806,Rabi,Sugarcane,Rainfed,102.6,17.16,73.05,0.5167360449400644
72,35,110,6.8,51.0,Loamy,0.62,24.7,75.55,1487.17,10.28,6.14,West,1608,Kharif,Sugarcane,Canal,132.69,24.65,74.06,0.5471276425689006
113,65,32,5.73,56.72,Clay,1.51,27.99,36.38,2054.43,6.7,3.44,Central,225,Kharif,Sugarcane,Rainfed,251.35,2.59,77.82,0.8591303597512333
34,77,27,5.61,25.97,Sandy,1.43,38.27,77.58,745.23,6.78,1.45,North,821,Rabi,Sugarcane,Canal,272.36,20.11,73.67,0.2201098300191635
116,43,141,6.27,49.73,Clay,1.32,27.56,63.99,541.96,8.69,7.25,North,1874,Rabi,Sugarcane,Canal,337.55,3.0,75.04,0.8526661531017207
112,83,132,6.38,56.61,Sandy,1.54,13.58,38.59,1765.93,5.08,2.66,West,1251,Rabi,Sugarcane,Sprinkler,210.85,11.54,77.21,0.5043807042987668
83,43,71,7.11,48.18,Loamy,1.51,11.9,48.01,1082.79,9.09,15.41,Central,2174,Kharif,Sugarcane,Canal,126.6,17.44,73.8,0.4643317447951528
161,61,140,6.47,37.05,Loamy,0.69,24.58,50.04,1739.4,8.92,15.72,Central,805,Zaid,Sugarcane,Rainfed,324.84,21.6,76.7,0.25339810755937264
77,38,89,7.35,16.5,Clay,0.83,27.42,57.37,2583.97,10.9,4.82,East,132,Zaid,Sugarcane,Sprinkler,98.55,1.7,73.98,0.07102456764932663
109,20,136,7.42,54.48,Silt,1.13,39.0,68.89,2719.86,7.17,15.3,Central,2032,Zaid,Sugarcane,Rainfed,243.81,17.49,76.11,0.792003126130196
88,77,145,6.24,38.14,Loamy,0.8,34.97,59.63,2794.73,8.0,8.57,North,305,Rabi,Sugarcane,Rainfed,127.94,4.56,75.26,0.29129374720550527
176,39,73,7.68,30.83,Clay,1.59,36.19,84.56,1019.99,6.7,11.46,West,876,Zaid,Sugarcane,Drip,281.37,13.4,75.16,0.1447106361365199
61,81,31,5.26,17.96,Sandy,0.33,34.51,87.28,1229.18,8.5,15.26,West,1039,Kharif,Sugarcane,Drip,73.29,16.7,71.82,0.4756550309249171
54,30,22,7.72,24.71,Clay,1.14,21.72,38.27,1896.68,10.44,10.3,West,309,Kharif,Sugarcane,Canal,171.19,4.84,74.27,0.6028075322667594
145,69,69,5.18,25.88,Sandy,0.95,13.4,53.19,798.74,9.24,8.7,North,1883,Kharif,Sugarcane,Rainfed,261.48,14.99,74.38,0.9859915721706594
71,40,35,5.74,25.16,Silt,0.69,11.85,49.43,2600.63,6.3,8.25,North,878,Zaid,Sugarcane,Rainfed,135.64,24.32,75.29,0.8621529582931218
130,15,79,6.42,34.31,Silt,0.48,38.87,52.64,2498.26,4.55,1.89,West,1144,Rabi,Sugarcane,Sprinkler,288.73,13.13,78.26,0.5441801159419536
69,65,44,7.86,16.59,Clay,1.12,10.05,54.7,1554.86,8.08,8.95,West,649,Zaid,Sugarcane,Drip,257.7,21.06,73.95,0.6049500131477042
75,96,44,6.92,42.02,Clay,1.1,19.6,74.65,985.49,4.76,3.22,West,1398,Rabi,Sugarcane,Canal,311.04,4.57,75.47,0.4017936703333638
115,62,108,6.15,17.87,Sandy,1.56,37.33,68.87,2779.96,7.43,17.77,North,1654,Kharif,Sugarcane,Drip,148.61,3.24,75.22,0.9089808919148642
170,93,41,6.78,49.65,Clay,1.1,12.65,72.43,1762.75,6.95,17.28,West,1871,Rabi,Sugarcane,Drip,138.29,17.12,74.55,0.6379304895796655
30,30,49,5.73,50.09,Clay,0.94,31.75,57.39,341.37,10.68,9.29,South,1864,Rabi,Sugarcane,Canal,116.44,23.23,71.41,0.36856246902771383
53,63,67,6.27,33.29,Loamy,0.52,11.81,67.45,425.32,8.82,4.44,South,340,Kharif,Sugarcane,Sprinkler,201.31,17.39,73.36,0.7979431892533
59,70,72,5.65,38.34,Clay,1.18,35.13,51.39,1875.07,4.43,9.03,South,1358,Rabi,Sugarcane,Drip,111.49,13.56,74.44,0.7020971883794911
85,41,78,4.88,33.18,Loamy,0.96,33.58,76.05,2037.37,5.23,10.83,Central,1627,Rabi,Sugarcane,Drip,233.4,13.93,73.75,0.9338587957857394
159,36,124,7.56,59.95,Loamy,1.25,22.43,72.22,2722.53,7.25,2.68,Central,2007,Zaid,Sugarcane,Rainfed,241.69,22.55,76.05,0.959916689642091
90,29,136,6.21,41.72,Silt,1.57,26.89,43.33,1627.29,8.12,3.38,North,2173,Rabi,Sugarcane,Sprinkler,338.76,21.43,77.9,0.5830186474441363
115,44,125,5.77,15.39,Sandy,1.6,30.94,60.72,518.09,4.79,1.39,West,1571,Rabi,Sugarcane,Canal,174.67,23.66,73.1,0.12749972667198572
175,53,103,7.16,59.87,Silt,1.39,30.15,82.21,361.46,10.71,3.75,South,1046,Zaid,Sugarcane,Canal,248.64,19.05,76.02,0.7344870403224036
141,28,56,5.74,33.88,Loamy,0.75,13.06,35.41,2330.35,5.32,17.71,West,1879,Rabi,Sugarcane,Sprinkler,327.76,13.37,77.0,0.698635589431956
137,30,148,6.46,28.24,Clay,1.21,12.07,43.38,2380.96,10.96,14.46,South,1820,Zaid,Sugarcane,Canal,171.52,9.6,76.27,0.6335352936161702
143,30,61,8.16,43.82,Silt,0.74,32.87,73.71,2748.37,10.18,9.9,North,1475,Zaid,Sugarcane,Sprinkler,195.21,16.05,74.66,0.24853574392709288
156,70,81,7.08,24.18,Clay,1.06,32.52,33.03,2677.75,4.08,2.04,South,1023,Kharif,Sugarcane,Sprinkler,197.52,3.33,76.61,0.3272211831614539
69,98,145,6.45,59.25,Loamy,0.45,36.98,42.17,1483.58,5.79,13.55,West,1031,Rabi,Sugarcane,Canal,329.43,7.89,76.15,0.6873899126857146
139,73,81,6.47,26.83,Clay,1.52,34.74,37.0,2326.29,7.04,14.82,West,464,Kharif,Sugarcane,Drip,183.23,5.07,75.69,0.04475143392623815
143,81,31,4.85,32.45,Silt,0.53,14.56,67.18,2355.45,4.15,11.36,North,715,Rabi,Sugarcane,Rainfed,266.12,22.41,74.49,0.2964407247793972
46,24,27,7.7,64.05,Silt,1.38,32.74,79.04,1887.82,7.67,14.56,North,252,Zaid,Sugarcane,Canal,277.1,3.92,75.72,0.3811005136118141
121,54,143,7.77,64.22,Loamy,1.53,25.11,39.24,2288.8,7.42,13.22,Central,755,Rabi,Sugarcane,Drip,222.06,16.28,76.91,0.7194702313133812
172,61,116,5.69,48.17,Loamy,1.28,28.54,31.22,1621.45,8.89,1.49,East,183,Kharif,Sugarcane,Sprinkler,275.84,19.73,75.12,0.5488417555934738
80,79,136,7.45,47.52,Clay,1.02,12.17,41.19,1792.52,7.53,7.91,North,1523,Zaid,Sugarcane,Drip,85.04,8.49,74.13,0.9022456230962314
112,95,124,5.49,39.99,Clay,1.56,22.39,69.58,920.42,7.26,2.65,West,24,Rabi,Sugarcane,Rainfed,212.98,20.21,74.31,0.8757170365589394
30,73,80,6.34,43.92,Sandy,0.73,24.78,67.66,2220.04,5.79,6.79,North,1975,Zaid,Sugarcane,Rainfed,305.4,13.72,77.16,0.16473400888772405
30,55,138,7.75,41.88,Sandy,0.5,27.33,42.67,1470.53,9.22,17.02,North,1557,Zaid,Sugarcane,Sprinkler,233.27,23.95,74.02,0.2648662578135714
124,77,91,7.46,23.51,Sandy,1.55,38.75,33.24,955.41,5.61,5.87,East,2127,Zaid,Sugarcane,Rainfed,289.79,18.66,73.72,0.7253896016618326
138,67,43,5.21,41.57,Loamy,1.08,33.07,67.39,1363.58,9.62,2.68,South,960,Kharif,Sugarcane,Drip,301.17,0.47,75.53,0.4412011022129324
156,33,95,5.25,54.67,Loamy,0.66,20.08,42.05,477.89,9.67,11.32,East,621,Rabi,Sugarcane,Drip,161.6,12.62,73.52,0.9760139255987942
160,39,108,8.12,56.04,Sandy,0.94,30.52,70.09,2649.12,4.53,16.14,Central,763,Rabi,Sugarcane,Drip,306.04,3.07,75.91,0.11238297492870941
122,61,43,6.34,60.44,Loamy,1.14,14.04,88.53,2116.83,9.51,14.05,Central,1864,Kharif,Sugarcane,Sprinkler,274.11,2.13,77.89,0.8543459827827155
36,67,77,5.57,16.72,Loamy,1.16,11.99,73.13,1435.18,5.65,14.49,South,1477,Rabi,Sugarcane,Canal,83.3,14.03,72.96,0.7913527236523344
70,84,148,5.51,51.51,Loamy,1.07,20.68,49.28,2584.06,7.59,7.18,South,686,Rabi,Sugarcane,Sprinkler,291.01,14.02,77.27,0.8736338226347001
37,34,60,6.96,38.6,Sandy,1.05,38.11,58.14,2060.35,4.11,6.97,South,1445,Kharif,Sugarcane,Drip,211.52,18.69,76.0,0.8763139699155088
167,16,49,4.84,46.52,Sandy,0.77,15.06,36.64,2757.21,7.97,4.2,East,1306,Zaid,Sugarcane,Canal,192.57,9.0,76.25,0.3006556405607441
90,19,143,6.63,41.21,Silt,0.91,39.52,46.4,1795.08,10.59,2.9,East,735,Kharif,Sugarcane,Rainfed,256.32,7.92,75.23,0.5348727557587553
178,88,147,6.68,25.09,Sandy,0.88,32.09,78.32,1038.34,10.37,9.6,South,1864,Zaid,Sugarcane,Rainfed,349.24,8.09,77.66,0.5491440152414512
60,80,47,5.83,32.0,Sandy,0.72,27.67,75.47,1838.96,7.55,3.55,Central,2196,Zaid,Sugarcane,Rainfed,289.65,18.04,76.85,0.30091907316541877
159,94,57,7.81,46.48,Sandy,0.97,24.96,73.06,1736.84,10.05,8.89,West,895,Kharif,Sugarcane,Sprinkler,178.56,13.52,73.51,0.1671343148693072
33,84,106,7.51,21.85,Clay,1.41,22.22,45.21,625.33,7.54,12.89,West,13,Kharif,Sugarcane,Rainfed,254.56,3.46,71.81,0.23227336479050076
144,43,125,7.88,58.48,Sandy,1.25,21.75,55.98,2682.32,8.42,6.38,South,534,Kharif,Sugarcane,Sprinkler,104.27,9.5,74.92,0.5174610093842912
50,60,100,5.59,16.31,Loamy,1.1,32.06,39.24,2601.96,10.72,16.35,South,1110,Rabi,Sugarcane,Rainfed,314.54,8.84,76.89,0.43239636018509
44,46,60,6.43,39.98,Clay,0.91,15.53,55.2,1664.16,9.64,3.87,North,1194,Kharif,Sugarcane,Drip,190.35,16.06,76.12,0.7152368534826331
152,90,54,5.11,16.25,Loamy,0.45,24.51,76.68,554.34,5.18,8.54,Central,839,Zaid,Sugarcane,Sprinkler,168.68,23.32,72.87,0.9705733326273605
115,99,112,6.41,18.05,Clay,1.08,31.38,78.18,1883.45,5.72,8.61,South,1971,Kharif,Sugarcane,Sprinkler,246.2,0.87,77.66,0.6836995457246208
97,24,57,6.63,45.67,Silt,0.72,37.2,40.09,1985.39,4.5,15.31,North,1027,Kharif,Sugarcane,Drip,75.66,17.29,74.53,0.4870160405162395
148,88,65,5.01,56.35,Clay,1.07,30.13,74.53,946.0,10.71,5.58,South,334,Zaid,Sugarcane,Rainfed,86.35,4.53,74.3,0.21473512512156323
35,34,107,6.5,24.46,Silt,1.01,28.99,86.18,1123.43,4.24,8.17,East,1930,Rabi,Sugarcane,Rainfed,250.18,20.14,75.45,0.28821196844810604
104,27,52,6.73,17.77,Loamy,1.52,25.22,72.72,722.18,10.62,14.98,East,1563,Kharif,Sugarcane,Drip,78.94,4.39,71.83,0.16030903951556885
32,33,46,5.66,38.29,Silt,1.23,25.28,36.97,634.16,7.4,14.11,Central,668,Kharif,Sugarcane,Sprinkler,148.28,14.21,72.07,0.5323102633799106
118,97,137,6.17,61.54,Silt,0.81,16.05,37.02,1151.37,5.5,12.61,Central,2046,Rabi,Sugarcane,Rainfed,330.01,13.71,78.58,0.3954890761835702
119,37,83,6.92,31.42,Sandy,0.48,11.35,71.83,1025.17,4.37,10.85,East,1272,Zaid,Sugarcane,Rainfed,256.44,12.88,75.98,0.8908241315106276
79,78,80,7.29,40.38,Silt,1.15,32.31,83.99,2389.77,9.73,8.0,West,695,Kharif,Sugarcane,Drip,301.37,0.16,76.77,0.09446242580108688
45,18,31,5.69,21.32,Loamy,0.46,39.35,35.77,2526.07,9.15,8.35,East,116,Zaid,Sugarcane,Rainfed,335.39,4.63,76.72,0.9490693936454213
48,75,147,6.05,36.01,Clay,1.23,29.21,32.62,2796.42,4.72,10.57,West,1544,Zaid,Sugarcane,Rainfed,157.56,11.94,75.83,0.4183833377132715
168,79,75,5.81,39.78,Clay,1.0,28.83,60.24,1285.67,8.58,14.31,South,1240,Kharif,Sugarcane,Drip,250.84,9.84,75.8,0.3341364118761734
68,19,32,6.95,41.48,Sandy,0.61,31.7,62.08,1110.63,6.71,17.25,North,737,Rabi,Sugarcane,Rainfed,104.66,16.49,72.27,0.10736111845066776
80,18,79,5.89,31.7,Loamy,1.54,35.7,42.04,1981.19,6.44,10.44,Central,552,Rabi,Sugarcane,Canal,285.67,18.6,74.61,0.6374988029341632
166,70,125,6.15,26.87,Loamy,0.34,34.53,36.65,2186.14,7.12,13.99,Central,868,Kharif,Sugarcane,Rainfed,296.53,19.83,77.38,0.8267276483962821
31,59,99,6.14,15.62,Sandy,0.62,23.11,69.9,2406.69,5.28,17.71,Central,1841,Kharif,Sugarcane,Drip,220.14,22.33,74.29,0.10691986437982137
91,95,119,6.56,38.19,Clay,0.74,20.95,88.92,1175.86,7.49,17.56,North,1945,Kharif,Sugarcane,Drip,346.05,0.83,75.96,0.4021563818439675
118,76,48,5.68,26.83,Loamy,1.48,25.91,86.89,2280.23,5.99,2.13,West,904,Rabi,Sugarcane,Canal,338.17,3.31,76.37,0.7428215015848658
80,95,59,6.44,45.5,Silt,0.32,27.83,79.57,2189.57,6.07,17.74,North,1821,Kharif,Sugarcane,Sprinkler,98.51,7.13,75.33,0.05085396883373983
94,70,136,5.2,53.22,Clay,1.56,10.79,48.12,460.95,4.77,4.73,West,1001,Zaid,Sugarcane,Drip,309.37,9.24,74.78,0.6536986929050792
97,49,143,7.43,28.75,Sandy,1.47,33.6,46.7,2177.49,10.97,12.95,West,1094,Rabi,Sugarcane,Rainfed,182.94,15.75,75.17,0.7739361288236722
176,90,132,7.99,25.23,Clay,0.45,10.2,49.75,2501.56,10.04,3.32,Central,836,Rabi,Sugarcane,Drip,65.28,17.39,74.5,0.6997130771543372
167,72,37,6.62,23.62,Sandy,1.36,13.58,86.2,2201.91,5.69,6.85,North,862,Rabi,Sugarcane,Sprinkler,230.2,5.85,75.98,0.7416030197372087
66,61,125,6.42,42.6,Loamy,0.33,17.82,37.01,982.8,9.06,12.51,North,313,Rabi,Sugarcane,Canal,258.97,16.83,75.94,0.018524576745955867
47,48,147,6.92,34.36,Silt,0.55,10.44,62.26,600.56,10.78,1.06,East,1614,Kharif,Sugarcane,Sprinkler,289.3,6.35,75.97,0.672262939932566
119,94,100,5.45,60.07,Silt,1.13,32.52,49.39,844.61,6.32,6.79,East,1941,Zaid,Sugarcane,Sprinkler,326.19,23.35,77.72,0.5307506023881423
30,48,105,4.83,55.39,Loamy,1.19,28.02,41.3,1034.16,8.42,11.31,West,1538,Zaid,Sugarcane,Sprinkler,111.24,20.59,73.4,0.2006163711246527
141,50,128,6.9,49.58,Silt,1.21,31.76,40.6,1334.24,5.94,16.42,South,1617,Zaid,Sugarcane,Drip,220.47,4.49,75.53,0.2625502300200002
138,93,123,7.23,39.08,Sandy,1.07,30.97,72.47,1776.39,4.42,11.13,Central,132,Zaid,Sugarcane,Drip,327.84,12.03,77.59,0.6980743384786489
117,88,100,6.67,19.85,Clay,1.13,25.91,35.34,747.04,5.99,12.06,East,93,Zaid,Sugarcane,Drip,190.82,16.44,73.1,0.3289197782107244
122,43,102,6.32,17.38,Loamy,1.2,26.95,86.78,2326.65,9.63,9.64,North,2194,Kharif,Sugarcane,Sprinkler,248.4,14.91,73.49,0.819868147527005
88,34,47,7.41,19.67,Silt,0.7,29.35,78.18,1850.94,8.61,9.67,West,1493,Kharif,Sugarcane,Canal,123.0,11.09,72.88,0.2980425227913559
47,71,142,5.59,43.59,Clay,0.36,29.81,77.83,1556.37,8.65,6.86,North,1150,Kharif,Sugarcane,Canal,327.04,5.6,74.76,0.4386553813503745
170,33,116,7.75,31.06,Silt,1.58,16.79,85.02,586.56,8.47,12.78,South,1179,Rabi,Sugarcane,Sprinkler,239.91,22.47,73.62,0.23094166459874443
153,68,55,5.32,29.11,Loamy,1.09,26.56,61.38,2753.92,10.69,4.54,West,1268,Kharif,Sugarcane,Rainfed,265.26,14.28,75.14,0.17260911290227454
146,21,99,5.59,58.02,Loamy,1.32,18.53,73.43,1770.32,6.87,3.46,West,789,Kharif,Sugarcane,Drip,274.69,22.34,75.65,0.48071405648435594
145,38,85,7.48,47.08,Loamy,0.62,20.62,53.18,2535.24,6.66,13.9,East,1512,Rabi,Sugarcane,Sprinkler,112.96,24.43,74.96,0.821031947096431
103,62,87,7.59,21.79,Clay,1.28,37.12,65.97,1079.72,8.75,16.44,Central,1587,Zaid,Sugarcane,Rainfed,309.73,14.1,73.13,0.7829341727398672
163,23,30,7.02,21.7,Sandy,0.54,36.2,86.29,2739.76,9.04,8.28,North,1870,Rabi,Sugarcane,Sprinkler,296.9,7.09,74.88,0.8518879824703832
168,94,79,6.55,35.35,Loamy,0.53,37.56,60.79,1770.07,5.69,10.92,West,1948,Rabi,Sugarcane,Rainfed,185.85,12.69,74.36,0.26536973312034395
42,16,29,4.8,58.3,Clay,1.32,39.56,74.14,1401.66,5.35,9.61,West,1335,Kharif,Sugarcane,Drip,333.55,3.75,76.46,0.03603737749918745
83,31,87,6.82,37.93,Sandy,1.19,20.67,54.88,807.92,10.62,8.29,East,1083,Kharif,Sugarcane,Canal,66.63,1.45,73.13,0.9252646416569643
157,26,109,8.02,24.54,Silt,1.0,30.99,89.14,2231.11,8.98,15.66,North,1611,Kharif,Sugarcane,Drip,99.26,2.34,71.77,0.7608914729612402
30,39,101,5.99,50.83,Silt,1.08,17.41,66.14,885.76,8.88,8.3,East,535,Kharif,Sugarcane,Canal,284.97,22.75,73.27,0.33880116992711296
116,82,83,4.8,38.92,Clay,0.32,38.72,66.71,1486.88,5.59,1.29,North,614,Rabi,Sugarcane,Sprinkler,296.25,18.7,75.08,0.9951594102001212
111,63,76,7.11,26.6,Loamy,1.42,16.33,81.98,2162.13,8.87,15.69,South,1379,Kharif,Sugarcane,Sprinkler,208.69,9.17,72.24,0.6154007547092398
116,97,23,6.97,24.09,Sandy,0.36,33.22,34.94,2561.28,8.87,11.61,East,252,Kharif,Sugarcane,Rainfed,154.2,3.65,74.36,0.7683999289487798
92,68,144,6.5,50.74,Clay,1.53,38.41,43.83,1851.94,6.68,11.25,North,781,Kharif,Sugarcane,Drip,139.77,16.41,75.02,0.2528549787625588
38,53,77,5.2,51.29,Silt,1.34,24.73,67.74,1963.06,10.95,11.82,North,232,Rabi,Sugarcane,Sprinkler,87.94,0.4,73.66,0.9257516930553055
123,18,109,5.34,50.11,Loamy,1.6,10.23,46.17,575.71,8.24,15.59,East,1707,Kharif,Sugarcane,Sprinkler,305.85,0.22,75.24,0.41473580252999376
112,79,130,6.93,43.28,Sandy,1.32,16.84,77.68,2117.29,6.27,8.07,West,259,Zaid,Sugarcane,Canal,249.92,20.14,76.29,0.7848829833877943
109,99,21,6.52,23.02,Sandy,0.52,11.17,83.7,491.81,9.35,4.03,East,626,Zaid,Sugarcane,Canal,244.55,19.64,74.42,0.2000089211127476
98,91,76,7.42,20.36,Sandy,0.98,33.95,59.55,2025.26,8.82,12.84,South,1807,Kharif,Sugarcane,Rainfed,348.26,12.19,77.48,0.625211533857515
86,38,78,7.89,33.12,Clay,0.85,27.27,55.13,2220.68,8.41,5.47,Central,755,Rabi,Sugarcane,Drip,104.29,10.1,74.69,0.6967955139643413
136,17,90,6.74,45.8,Loamy,0.58,21.57,59.58,765.33,10.18,4.91,Central,1498,Zaid,Sugarcane,Drip,195.43,6.42,74.31,0.5960301609498011
77,24,89,6.1,15.78,Loamy,0.58,33.46,41.97,461.46,8.97,7.96,South,2159,Kharif,Sugarcane,Rainfed,198.73,23.35,72.75,0.4603861756750406
137,82,106,4.97,41.39,Clay,1.23,38.56,61.75,2215.22,5.08,11.87,West,1290,Rabi,Sugarcane,Drip,197.07,20.01,73.85,0.47570407818905625
45,87,53,5.66,55.87,Silt,0.81,20.13,42.32,2696.14,10.02,7.85,West,124,Rabi,Sugarcane,Canal,349.59,16.66,78.1,0.6612653062650915
110,97,25,5.83,51.18,Loamy,0.46,30.83,53.63,1418.87,7.24,12.26,South,1453,Rabi,Sugarcane,Rainfed,165.92,21.29,74.5,0.9955164485903247
157,88,72,7.88,56.63,Clay,1.27,15.43,82.19,2276.88,7.12,8.83,East,166,Rabi,Sugarcane,Sprinkler,334.88,3.61,78.21,0.014949971104238902
88,54,97,8.12,43.74,Silt,1.42,34.29,64.95,2607.96,4.48,14.86,South,412,Kharif,Sugarcane,Rainfed,142.87,17.24,73.57,0.8110153749320693
127,22,131,6.33,57.94,Silt,1.51,13.87,54.2,1451.38,6.51,5.63,Central,618,Rabi,Sugarcane,Drip,193.85,5.6,76.25,0.4813827117484275
71,88,130,7.95,25.48,Silt,0.91,17.9,30.46,2476.48,7.42,9.53,West,679,Kharif,Sugarcane,Sprinkler,73.09,14.75,74.32,0.07852718594157282
56,66,60,7.03,32.99,Silt,1.3,35.78,81.23,983.69,7.26,11.1,West,1764,Rabi,Sugarcane,Canal,75.93,9.61,73.85,0.33207389082382044
101,40,52,5.87,16.32,Sandy,0.97,34.85,66.25,1657.54,10.63,8.08,South,1544,Kharif,Sugarcane,Rainfed,327.84,16.2,75.85,0.1549417853379359
106,59,21,7.03,59.39,Silt,1.2,23.13,33.46,607.1,7.79,1.95,Central,702,Kharif,Sugarcane,Drip,335.27,5.15,75.38,0.5215995129911216
121,79,69,6.62,25.26,Loamy,0.49,18.75,76.11,1712.96,7.09,5.5,South,1911,Zaid,Sugarcane,Canal,97.58,7.34,75.24,0.42782345663824994
138,43,127,6.18,21.81,Loamy,0.88,20.39,73.39,2477.3,5.83,8.17,East,329,Rabi,Sugarcane,Rainfed,71.16,17.41,76.57,0.20986467727912117
53,97,48,5.56,29.62,Loamy,0.54,19.15,52.36,708.86,9.28,5.05,Central,975,Zaid,Sugarcane,Drip,226.17,9.48,74.16,0.08892952275502386
131,44,33,5.9,55.06,Silt,1.52,32.25,73.03,767.22,10.75,16.87,East,1706,Rabi,Sugarcane,Drip,76.75,8.05,71.6,0.5657515642245824
164,32,26,7.24,15.28,Clay,1.58,12.84,77.34,2158.27,7.16,8.48,South,1621,Rabi,Sugarcane,Drip,116.84,22.57,73.65,0.29592634898028836
66,98,119,6.76,23.77,Loamy,0.66,34.46,74.56,2744.43,7.02,14.85,South,409,Zaid,Sugarcane,Sprinkler,302.69,19.04,76.45,0.7170479387071047
136,50,133,6.08,52.94,Silt,0.81,39.51,40.18,2467.86,9.8,10.76,South,231,Rabi,Sugarcane,Rainfed,213.04,1.05,76.82,0.14878828384915288
171,17,118,5.77,58.92,Loamy,1.27,33.06,33.26,2601.39,9.04,2.06,West,1171,Rabi,Sugarcane,Sprinkler,240.48,16.77,77.28,0.9173489015067489
55,59,64,7.34,62.43,Sandy,0.37,13.58,38.1,2393.88,5.7,10.63,North,661,Zaid,Sugarcane,Canal,174.17,9.28,76.19,0.8449503772726041
80,75,50,4.81,61.31,Clay,1.16,37.54,44.09,1417.39,9.65,9.71,North,313,Kharif,Sugarcane,Rainfed,117.3,15.45,74.59,0.03042353965408562
37,65,27,4.99,25.52,Silt,0.97,22.63,68.34,2222.5,6.2,16.73,Central,536,Rabi,Sugarcane,Canal,96.46,9.27,72.73,0.9384682123658125
54,26,135,5.47,48.19,Silt,1.48,39.86,43.65,1483.56,7.82,17.57,North,1779,Kharif,Sugarcane,Drip,93.34,23.02,71.08,0.091850337229201
171,87,135,6.23,18.92,Loamy,0.9,28.47,74.71,2359.85,7.87,12.54,West,1039,Kharif,Sugarcane,Rainfed,104.74,17.89,74.46,0.8934590541671159
111,96,135,7.99,55.98,Clay,1.45,24.27,64.72,2265.39,7.07,7.43,South,1691,Kharif,Sugarcane,Drip,115.59,5.52,76.07,0.10304169343098268
117,98,69,6.54,23.91,Sandy,1.07,21.01,74.51,2212.57,4.35,3.14,North,1195,Rabi,Sugarcane,Canal,161.82,17.61,76.24,0.003121651356409627
156,71,90,6.4,29.31,Sandy,1.38,31.54,89.47,831.84,8.21,1.4,North,1477,Zaid,Sugarcane,Drip,168.89,0.42,74.74,0.30351012487811146
170,30,98,6.83,44.2,Sandy,0.36,31.89,61.98,2264.78,10.4,16.65,South,1780,Rabi,Sugarcane,Sprinkler,98.51,22.52,73.49,0.472793345301583
109,91,66,7.03,27.99,Loamy,1.09,35.72,60.97,2396.48,9.33,17.29,Central,211,Rabi,Sugarcane,Canal,305.06,1.29,74.56,0.5114364063015873
163,26,135,5.93,47.8,Sandy,0.95,26.91,36.25,777.21,4.93,13.85,North,761,Kharif,Sugarcane,Rainfed,316.05,10.09,75.66,0.5124285513766563
45,17,80,4.97,64.0,Sandy,0.35,22.09,36.76,1838.96,9.22,12.97,Central,30,Zaid,Sugarcane,Canal,203.69,22.64,74.64,0.16620053680874547
177,40,140,6.87,53.49,Clay,1.27,15.89,60.4,2072.96,9.2,11.18,West,1732,Rabi,Sugarcane,Sprinkler,340.83,3.11,78.4,0.741806475246172
74,68,80,4.85,21.88,Loamy,1.19,38.0,49.26,2459.86,7.18,16.57,Central,1203,Kharif,Sugarcane,Sprinkler,156.39,14.94,72.5,0.7567049101114696
122,54,25,7.49,29.06,Sandy,1.1,30.86,53.43,1092.49,7.74,8.57,South,1846,Rabi,Sugarcane,Drip,211.62,9.12,73.83,0.6669053866842103
106,48,32,5.36,47.03,Silt,1.26,20.73,70.4,2049.73,6.92,13.46,North,46,Kharif,Sugarcane,Sprinkler,266.66,0.14,75.36,0.49179063262366807
38,35,78,6.56,25.95,Loamy,1.02,36.53,57.26,2605.85,9.47,5.47,North,1097,Rabi,Sugarcane,Drip,176.97,5.34,75.8,0.5654563660741082
53,58,73,7.96,40.92,Sandy,1.32,25.53,34.97,1973.54,5.03,15.42,Central,55,Zaid,Sugarcane,Drip,163.83,3.6,73.31,0.7155059546211288
105,84,114,7.14,57.39,Clay,0.45,32.95,71.2,2245.03,5.59,16.91,North,1716,Zaid,Sugarcane,Canal,127.34,8.92,73.99,0.06043654494056405
145,37,125,6.29,19.38,Silt,1.09,31.06,59.61,711.11,7.84,7.38,West,855,Zaid,Sugarcane,Sprinkler,307.57,17.16,75.02,0.44325344147496215
80,31,79,6.94,31.02,Silt,0.77,15.02,71.91,444.49,7.35,1.46,Central,1652,Rabi,Sugarcane,Sprinkler,115.95,22.46,72.82,0.9098236408320604
146,75,82,7.93,49.44,Silt,1.06,29.25,33.77,645.97,4.77,7.24,Central,623,Zaid,Sugarcane,Canal,191.65,19.36,74.9,0.8158208510252952
168,36,36,6.45,56.84,Loamy,0.66,37.19,38.78,2490.54,7.87,7.06,East,1665,Zaid,Sugarcane,Canal,238.87,21.86,77.29,0.897508835108354
100,99,24,7.18,18.13,Sandy,0.54,11.36,56.64,1965.34,10.06,12.42,Central,591,Zaid,Sugarcane,Drip,312.73,18.79,73.57,0.9467079150338882
68,20,63,6.32,53.47,Loamy,0.68,35.95,57.94,497.37,10.18,6.28,North,1900,Kharif,Sugarcane,Rainfed,227.5,10.58,74.22,0.3974879924226278
