datetime,count
2011-01-20 00:00:00,11.32319957575113
2011-01-20 01:00:00,11.55106789756881
2011-01-20 02:00:00,12.853109954692723
2011-01-20 03:00:00,15.5761694086336
2011-01-20 04:00:00,17.33688571826904
2011-01-20 05:00:00,17.616776621344442
2011-01-20 06:00:00,18.892883388207537
2011-01-20 07:00:00,22.248699542984983
2011-01-20 08:00:00,25.008990198405904
2011-01-20 09:00:00,32.32917759685186
2011-01-20 10:00:00,36.02048041387338
2011-01-20 11:00:00,46.28971794600142
2011-01-20 12:00:00,52.47142889778593
2011-01-20 13:00:00,57.34880658186293
2011-01-20 14:00:00,67.63870095998739
2011-01-20 15:00:00,80.27942414108479
2011-01-20 16:00:00,81.30100504386073
2011-01-20 17:00:00,91.1264170161756
2011-01-20 18:00:00,87.5167303080275
2011-01-20 19:00:00,87.20866773227498
2011-01-20 20:00:00,105.60419721233333
2011-01-20 21:00:00,112.86294424181662
2011-01-20 22:00:00,120.31745935322283
2011-01-20 23:00:00,134.93990464362673
2011-01-21 00:00:00,13.936791810212513
2011-01-21 01:00:00,15.325789862542473
2011-01-21 02:00:00,10.763359248766648
2011-01-21 03:00:00,11.40491678669403
2011-01-21 04:00:00,17.695952684961593
2011-01-21 05:00:00,21.083083321082217
2011-01-21 06:00:00,23.868044847412847
2011-01-21 07:00:00,26.13792275874769
2011-01-21 08:00:00,30.19406850501978
2011-01-21 09:00:00,31.91307966231479
2011-01-21 10:00:00,36.47273652857396
2011-01-21 11:00:00,44.58868298460047
2011-01-21 12:00:00,57.84156333941961
2011-01-21 13:00:00,63.94011987824585
2011-01-21 14:00:00,67.07496502153032
2011-01-21 15:00:00,66.97618757059247
2011-01-21 16:00:00,74.1563569086046
2011-01-21 17:00:00,77.27384164078772
2011-01-21 18:00:00,81.06501049785125
2011-01-21 19:00:00,88.78746152459689
2011-01-21 20:00:00,92.15818512467838
2011-01-21 21:00:00,94.99018188185804
2011-01-21 22:00:00,98.72420006201445
2011-01-21 23:00:00,112.47420018714608
2011-01-22 00:00:00,13.466522578765021
2011-01-22 01:00:00,15.334491968086706
2011-01-22 02:00:00,16.75667185757675
2011-01-22 03:00:00,18.133000316887877
2011-01-22 04:00:00,18.96987752731973
2011-01-22 06:00:00,22.43730489149178
2011-01-22 07:00:00,22.875568067481957
2011-01-22 08:00:00,24.413339130102887
2011-01-22 09:00:00,27.2644736377465
2011-01-22 10:00:00,30.888055541924167
2011-01-22 11:00:00,33.85777613742725
2011-01-22 12:00:00,37.28981075215799
2011-01-22 13:00:00,39.560451907314864
2011-01-22 14:00:00,46.17089987770849
2011-01-22 15:00:00,49.38154786475614
2011-01-22 16:00:00,58.30273567623992
2011-01-22 17:00:00,60.13142061452005
2011-01-22 18:00:00,59.189274864015815
2011-01-22 19:00:00,63.90706431064666
2011-01-22 20:00:00,61.49174847436972
2011-01-22 21:00:00,69.21911225380777
2011-01-22 22:00:00,67.41203368939235
2011-01-22 23:00:00,68.81732761997311
2011-01-23 00:00:00,12.722586713545674
2011-01-23 01:00:00,13.585851485583518
2011-01-23 02:00:00,14.030747025425804
2011-01-23 03:00:00,14.983403105427202
2011-01-23 05:00:00,19.660862110385835
2011-01-23 06:00:00,20.995613341333204
2011-01-23 07:00:00,20.707261792180542
2011-01-23 08:00:00,20.779990150832816
2011-01-23 09:00:00,24.485333971618406
2011-01-23 10:00:00,29.80326803155539
2011-01-23 11:00:00,33.124459831927425
2011-01-23 12:00:00,38.764376951789686
2011-01-23 13:00:00,41.25502190736459
2011-01-23 14:00:00,48.73361670608054
2011-01-23 15:00:00,52.031187426433426
2011-01-23 16:00:00,56.50843888934895
2011-01-23 17:00:00,57.46849844051749
2011-01-23 18:00:00,57.87400673356208
2011-01-23 19:00:00,62.06370972374644
2011-01-23 20:00:00,60.61631197676372
2011-01-23 21:00:00,64.07570312164252
2011-01-23 22:00:00,65.68696349251576
2011-01-23 23:00:00,66.50740119665822
2011-01-24 00:00:00,8.652252297541107
2011-01-24 01:00:00,9.221532183024573
2011-01-24 03:00:00,11.40203748740859
2011-01-24 04:00:00,12.62159504548851
2011-01-24 05:00:00,14.076059619755457
2011-01-24 06:00:00,15.7087789131759
2011-01-24 07:00:00,16.93410159174729
2011-01-24 08:00:00,18.78540290210638
2011-01-24 09:00:00,22.63313646306432
2011-01-24 10:00:00,24.727784743871332
2011-01-24 11:00:00,28.736715697847654
2011-01-24 12:00:00,35.905371218411744
2011-01-24 13:00:00,40.51194276626818
2011-01-24 14:00:00,44.46172529844826
2011-01-24 15:00:00,51.37667763445238
2011-01-24 16:00:00,53.44925179277526
2011-01-24 17:00:00,55.48696882016023
2011-01-24 18:00:00,56.907951813185186
2011-01-24 19:00:00,67.31746190291493
2011-01-24 20:00:00,70.92589828186296
2011-01-24 21:00:00,76.74956657155055
2011-01-24 22:00:00,97.69971153283966
2011-01-24 23:00:00,111.45991770893416
2011-01-25 00:00:00,7.896497338157523
2011-01-25 01:00:00,8.961726498508133
2011-01-25 02:00:00,8.548364794511821
2011-01-25 04:00:00,10.069140582049348
2011-01-25 05:00:00,11.297095426071662
2011-01-25 06:00:00,12.999733947179276
2011-01-25 07:00:00,14.58727407009808
2011-01-25 08:00:00,19.911214319513004
2011-01-25 09:00:00,25.14459355352423
2011-01-25 10:00:00,30.185222980532732
2011-01-25 11:00:00,35.01213114021692
2011-01-25 12:00:00,42.84915305958878
2011-01-25 13:00:00,48.128819563595684
2011-01-25 14:00:00,60.56494402311071
2011-01-25 15:00:00,73.38409535364303
2011-01-25 16:00:00,82.45327095904105
2011-01-25 17:00:00,81.49145359409094
2011-01-25 18:00:00,99.80757121734108
2011-01-25 19:00:00,90.55088182218628
2011-01-25 20:00:00,84.41380485548667
2011-01-25 21:00:00,95.00110967576998
2011-01-25 22:00:00,105.38069215998024
2011-01-25 23:00:00,136.22395894276107
2011-01-26 00:00:00,10.051285412610145
2011-01-26 01:00:00,11.94552525485314
2011-01-26 02:00:00,8.167777157846736
2011-01-26 05:00:00,10.456080955491364
2011-01-26 06:00:00,11.66869784446576
2011-01-26 07:00:00,13.57043460914632
2011-01-26 08:00:00,15.144799430744886
2011-01-26 09:00:00,16.903340882776828
2011-01-26 10:00:00,18.585018453085556
2011-01-26 11:00:00,20.558226937497608
2011-01-26 12:00:00,22.952874220809488
2011-01-26 13:00:00,25.628446071475825
2011-01-26 14:00:00,28.714582724395196
2011-01-26 15:00:00,31.912979771092854
2011-01-26 16:00:00,95.16143099557732
2011-01-26 17:00:00,39.075756874690065
2011-01-27 16:00:00,59.513440922002566
2011-01-27 17:00:00,65.82366366191714
2011-01-27 18:00:00,60.60972279694238
2011-01-27 19:00:00,67.58336472985303
2011-01-27 20:00:00,69.57427305283642
2011-01-27 21:00:00,77.59673718802284
2011-01-27 22:00:00,86.54926022281127
2011-01-27 23:00:00,91.31095148948917
2011-01-28 00:00:00,12.506487867966579
2011-01-28 01:00:00,13.754992750210155
2011-01-28 02:00:00,15.240746759214161
2011-01-28 03:00:00,16.7443255079235
2011-01-28 05:00:00,19.115537829609437
2011-01-28 06:00:00,20.90024532359135
2011-01-28 07:00:00,21.72913797383343
2011-01-28 08:00:00,23.904807236134225
2011-01-28 09:00:00,18.685669748762788
2011-01-28 10:00:00,20.668519732172687
2011-01-28 11:00:00,22.48625622053445
2011-01-28 12:00:00,24.739956667015857
2011-01-28 13:00:00,27.220018016186934
2011-01-28 14:00:00,30.56390409390679
2011-01-28 15:00:00,46.42216203409355
2011-01-28 16:00:00,44.27705746883609
2011-01-28 17:00:00,55.81293082547039
2011-01-28 18:00:00,61.31013805209758
2011-01-28 19:00:00,81.43818735091983
2011-01-28 20:00:00,92.64276568543266
2011-01-28 21:00:00,95.43530873020053
2011-01-28 22:00:00,101.52258823333239
2011-01-28 23:00:00,117.90437982887454
2011-01-29 00:00:00,14.627997076873779
2011-01-29 01:00:00,15.90366865172197
2011-01-29 02:00:00,17.034652244910568
2011-01-29 03:00:00,17.55594386453662
2011-01-29 04:00:00,16.699648629912186
2011-01-29 06:00:00,20.598569379324644
2011-01-29 07:00:00,23.153547255104016
2011-01-29 08:00:00,27.33489067827923
2011-01-29 09:00:00,28.077262276457905
2011-01-29 10:00:00,33.12199535443112
2011-01-29 11:00:00,35.45191104982656
2011-01-29 12:00:00,40.750523249214005
2011-01-29 13:00:00,47.42389774494019
2011-01-29 14:00:00,49.027439591877695
2011-01-29 15:00:00,42.675116514869224
2011-01-29 16:00:00,53.08202810693849
2011-01-29 17:00:00,54.347449742458515
2011-01-29 18:00:00,53.03605194340394
2011-01-29 19:00:00,67.56201336727358
2011-01-29 20:00:00,54.6348270664277
2011-01-29 21:00:00,58.88578534583725
2011-01-29 22:00:00,58.05278952992532
2011-01-29 23:00:00,62.56817743847985
2011-01-30 00:00:00,11.486732874064362
2011-01-30 01:00:00,11.563349424777014
2011-01-30 02:00:00,12.630469073049518
2011-01-30 03:00:00,11.588911013083063
2011-01-30 04:00:00,12.371600408649716
2011-01-30 05:00:00,14.153399945192488
2011-01-30 07:00:00,16.130478815992205
2011-01-30 08:00:00,21.771684800253123
2011-01-30 09:00:00,24.567074774191887
2011-01-30 10:00:00,26.917247994430223
2011-01-30 11:00:00,26.276991844762488
2011-01-30 12:00:00,47.4451090834473
2011-01-30 13:00:00,42.223517867411964
2011-01-30 14:00:00,45.56943417047847
2011-01-30 15:00:00,51.1924687540921
2011-01-30 16:00:00,54.62626814532697
2011-01-30 17:00:00,61.6957492176852
2011-01-30 18:00:00,53.15634953138953
2011-01-30 19:00:00,57.09158608598861
2011-01-30 20:00:00,69.78546325004277
2011-01-30 21:00:00,68.84700890275454
2011-01-30 22:00:00,72.76712787286267
2011-01-30 23:00:00,80.38092398960859
2011-01-31 00:00:00,10.54869619650579
2011-01-31 01:00:00,9.934833411955607
2011-01-31 02:00:00,11.107445851403549
2011-01-31 03:00:00,12.35022963547086
2011-01-31 04:00:00,13.853020904944591
2011-01-31 05:00:00,14.050410907064304
2011-01-31 06:00:00,14.311644361865184
2011-01-31 07:00:00,19.155011908086014
2011-01-31 08:00:00,21.968919696777835
2011-01-31 09:00:00,24.532978750906775
2011-01-31 10:00:00,27.30882405192429
2011-01-31 11:00:00,30.44545818405992
2011-01-31 12:00:00,36.60601282578365
2011-01-31 13:00:00,36.668230221853655
2011-01-31 14:00:00,45.23561519661238
2011-01-31 15:00:00,47.87279765529649
2011-01-31 16:00:00,55.081510026578485
2011-01-31 17:00:00,58.652947202522036
2011-01-31 18:00:00,67.34091382550152
2011-01-31 19:00:00,84.78651282489541
2011-01-31 20:00:00,50.79917996069709
2011-01-31 21:00:00,57.13893343343819
2011-01-31 22:00:00,102.34111806542414
2011-01-31 23:00:00,112.08017611646954
2011-02-20 00:00:00,23.35075843732193
2011-02-20 01:00:00,22.020695218881954
2011-02-20 02:00:00,23.66566599206916
2011-02-20 03:00:00,23.233417340262797
2011-02-20 04:00:00,24.798139387982815
2011-02-20 06:00:00,25.932701513197017
2011-02-20 07:00:00,25.32038632524406
2011-02-20 08:00:00,28.56468096718691
2011-02-20 09:00:00,33.43808791885668
2011-02-20 10:00:00,43.97053447700434
2011-02-20 11:00:00,56.82607097744447
2011-02-20 12:00:00,60.509852395885645
2011-02-20 13:00:00,70.01137458523355
2011-02-20 14:00:00,91.00816137714509
2011-02-20 15:00:00,96.65264753082658
2011-02-20 16:00:00,100.22601347356309
2011-02-20 17:00:00,96.6440832934199
2011-02-20 18:00:00,98.09773293696736
2011-02-20 19:00:00,104.65365656570108
2011-02-20 20:00:00,99.55396557255864
2011-02-20 21:00:00,90.6988626115278
2011-02-20 22:00:00,99.41353237982996
2011-02-20 23:00:00,97.85168520330596
2011-02-21 00:00:00,21.81232789272762
2011-02-21 01:00:00,23.685919311106208
2011-02-21 02:00:00,25.727352155925516
2011-02-21 03:00:00,27.84874618798301
2011-02-21 04:00:00,26.5033701744962
2011-02-21 05:00:00,33.0241132543771
2011-02-21 06:00:00,60.05340362368369
2011-02-21 07:00:00,64.98372174835742
2011-02-21 08:00:00,35.45561865154067
2011-02-21 09:00:00,38.53199522455363
2011-02-21 10:00:00,41.78798809621739
2011-02-21 11:00:00,45.555775456831846
2011-02-21 12:00:00,46.16392784626249
2011-02-21 13:00:00,28.37444281529284
2011-02-21 14:00:00,50.00874452334879
2011-02-21 15:00:00,55.162163546250014
2011-02-21 16:00:00,35.947007385881776
2011-02-21 17:00:00,60.1344435194287
2011-02-21 18:00:00,54.791574791742036
2011-02-21 19:00:00,59.87225591202253
2011-02-21 20:00:00,46.55186512088786
2011-02-21 21:00:00,50.254546966023256
2011-02-21 22:00:00,52.323824659726064
2011-02-21 23:00:00,57.22772742831934
2011-02-22 06:00:00,14.66663732479315
2011-02-22 07:00:00,16.497831690376103
2011-02-22 08:00:00,18.480505004615203
2011-02-22 09:00:00,21.48444319109302
2011-02-22 10:00:00,20.116425081593675
2011-02-22 11:00:00,24.905560625382666
2011-02-22 12:00:00,33.05085796346544
2011-02-22 13:00:00,40.28377648176125
2011-02-22 14:00:00,45.59092416725839
2011-02-22 15:00:00,56.84965788337331
2011-02-22 16:00:00,59.936696246538254
2011-02-22 17:00:00,67.21248920618973
2011-02-22 18:00:00,78.73233253690427
2011-02-22 19:00:00,85.23889689704465
2011-02-22 20:00:00,96.49361268733632
2011-02-22 21:00:00,109.13501839207889
2011-02-22 22:00:00,118.28608181733497
2011-02-22 23:00:00,133.2019987582726
2011-02-23 00:00:00,9.078922047549545
2011-02-23 01:00:00,10.632045959754405
2011-02-23 02:00:00,11.208643342213648
2011-02-23 03:00:00,12.414433119823538
2011-02-23 05:00:00,15.442863957443537
2011-02-23 06:00:00,17.238548495510422
2011-02-23 07:00:00,18.686496560820242
2011-02-23 08:00:00,21.182659241277413
2011-02-23 09:00:00,26.02938723094215
2011-02-23 10:00:00,32.2502735625106
2011-02-23 11:00:00,40.84089112451653
2011-02-23 12:00:00,51.674994416561944
2011-02-23 13:00:00,69.59733668869195
2011-02-23 14:00:00,81.47155107881251
2011-02-23 15:00:00,100.80043241359415
2011-02-23 16:00:00,105.46634118114508
2011-02-23 17:00:00,125.29486558528046
2011-02-23 18:00:00,130.204743668999
2011-02-23 19:00:00,118.24324513203928
2011-02-23 20:00:00,88.57162428343001
2011-02-23 21:00:00,107.20188971177836
2011-02-23 22:00:00,119.7094364908533
2011-02-23 23:00:00,126.8209216089155
2011-02-24 00:00:00,10.619271940517601
2011-02-24 01:00:00,11.177384856134518
2011-02-24 02:00:00,11.322409605723935
2011-02-24 03:00:00,12.596903329304316
2011-02-24 05:00:00,14.80240176258869
2011-02-24 06:00:00,16.46545495831583
2011-02-24 07:00:00,17.758012099021954
2011-02-24 08:00:00,21.704218051968116
2011-02-24 09:00:00,27.420574009745135
2011-02-24 10:00:00,33.23623960503499
2011-02-24 11:00:00,47.1039432548942
2011-02-24 12:00:00,60.64040095350304
2011-02-24 13:00:00,73.2412232593329
2011-02-24 14:00:00,89.23760859845282
2011-02-24 15:00:00,58.2215172908744
2011-02-24 16:00:00,58.517450070118585
2011-02-24 17:00:00,58.36547728726225
2011-02-24 18:00:00,80.87413545594474
2011-02-24 19:00:00,61.34322541648929
2011-02-24 20:00:00,95.83033667124221
2011-02-24 21:00:00,111.980194264673
2011-02-24 22:00:00,88.14940334834371
2011-02-24 23:00:00,127.77823690617348
2011-02-25 00:00:00,9.190583840294483
2011-02-25 01:00:00,13.296850312459625
2011-02-25 02:00:00,14.619447994441934
2011-02-25 03:00:00,18.252726870479492
2011-02-25 05:00:00,22.065892412608804
2011-02-25 06:00:00,17.958562304471098
2011-02-25 07:00:00,19.15473851236995
2011-02-25 08:00:00,22.535041759686376
2011-02-25 09:00:00,24.004374069675364
2011-02-25 10:00:00,32.54571731402045
2011-02-25 11:00:00,61.579209011535724
2011-02-25 12:00:00,65.61772791022163
2011-02-25 13:00:00,72.06697932246543
2011-02-25 14:00:00,86.8117663183026
2011-02-25 15:00:00,139.57541834892768
2011-02-25 16:00:00,85.03329373937234
2011-02-25 17:00:00,93.81646504299802
2011-02-25 18:00:00,103.0680513132614
2011-02-25 19:00:00,103.52816649774464
2011-02-25 20:00:00,117.82400675666301
2011-02-25 21:00:00,124.75515898165962
2011-02-25 22:00:00,127.90349101999742
2011-02-25 23:00:00,141.1347232148774
2011-02-26 00:00:00,17.369261606667703
2011-02-26 01:00:00,18.7245044102103
2011-02-26 02:00:00,17.773645153349545
2011-02-26 03:00:00,20.165112688020226
2011-02-26 04:00:00,23.58719586646069
2011-02-26 05:00:00,24.46891317607031
2011-02-26 06:00:00,22.824526500122765
2011-02-26 07:00:00,26.194503868384874
2011-02-26 08:00:00,31.19081044139259
2011-02-26 09:00:00,38.166233787187615
2011-02-26 10:00:00,48.6590180098746
2011-02-26 11:00:00,48.38999082935594
2011-02-26 12:00:00,62.43047755284984
2011-02-26 13:00:00,73.40621441121323
2011-02-26 14:00:00,83.05896485260894
2011-02-26 15:00:00,93.01414880569564
2011-02-26 16:00:00,89.18289374128035
2011-02-26 17:00:00,101.13066845559034
2011-02-26 18:00:00,97.82186353849045
2011-02-26 19:00:00,94.87587402813631
2011-02-26 20:00:00,88.45756925997223
2011-02-26 21:00:00,81.0030735934244
2011-02-26 22:00:00,76.80588956513492
2011-02-26 23:00:00,82.17814219263525
2011-02-27 00:00:00,12.6991628515941
2011-02-27 01:00:00,13.582617317669314
2011-02-27 02:00:00,14.538020499802286
2011-02-27 03:00:00,15.550100919341258
2011-02-27 04:00:00,15.713835223076464
2011-02-27 06:00:00,17.131783391492135
2011-02-27 07:00:00,19.10695220575458
2011-02-27 08:00:00,20.226841973500086
2011-02-27 09:00:00,23.869299951066438
2011-02-27 10:00:00,28.76790508810916
2011-02-27 11:00:00,45.525784391955014
2011-02-27 12:00:00,62.47864476246934
2011-02-27 13:00:00,72.85762264123817
2011-02-27 14:00:00,89.68604562260413
2011-02-27 15:00:00,108.66168743700803
2011-02-27 16:00:00,124.60449814764127
2011-02-27 17:00:00,94.23543528189433
2011-02-27 18:00:00,94.62401831621739
2011-02-27 19:00:00,99.56043694640238
2011-02-27 20:00:00,104.67274224400441
2011-02-27 21:00:00,95.84206171082707
2011-02-27 22:00:00,114.37143422675042
2011-02-27 23:00:00,113.47554391494891
2011-02-28 00:00:00,14.188086858188154
2011-02-28 01:00:00,8.587476899453314
2011-02-28 03:00:00,9.947860338038074
2011-02-28 05:00:00,16.652615992896806
2011-02-28 06:00:00,19.303749193157756
2011-02-28 07:00:00,22.914167587468896
2011-02-28 08:00:00,24.309534919137295
2011-02-28 09:00:00,30.341996877707405
2011-02-28 10:00:00,60.063194603411745
2011-02-28 11:00:00,79.09120783963631
2011-02-28 12:00:00,87.68693694585167
2011-02-28 13:00:00,39.397656841110944
2011-02-28 14:00:00,39.66718942538092
2011-02-28 15:00:00,44.17431756869708
2011-02-28 16:00:00,47.74771356248716
2011-02-28 17:00:00,52.84517482787605
2011-02-28 18:00:00,67.01105354702581
2011-02-28 19:00:00,77.71155204930014
2011-02-28 20:00:00,86.58360665344638
2011-02-28 21:00:00,120.78757748544277
2011-02-28 22:00:00,80.41357283483858
2011-02-28 23:00:00,132.46692049746164
2011-03-20 00:00:00,25.47121670232338
2011-03-20 01:00:00,24.148870534091486
2011-03-20 02:00:00,24.885355007753365
2011-03-20 03:00:00,23.837059189757824
2011-03-20 04:00:00,24.084345878900137
2011-03-20 05:00:00,24.36381148470657
2011-03-20 06:00:00,26.142510784405168
2011-03-20 07:00:00,26.21975936116952
2011-03-20 08:00:00,32.44435998296645
2011-03-20 09:00:00,38.74392936149539
2011-03-20 10:00:00,47.72852097764363
2011-03-20 11:00:00,59.43404327244382
2011-03-20 12:00:00,66.67285575107627
2011-03-20 13:00:00,77.48050639975597
2011-03-20 14:00:00,94.04194515408253
2011-03-20 15:00:00,105.33401893860005
2011-03-20 16:00:00,111.3783112803541
2011-03-20 17:00:00,119.51670741187266
2011-03-20 18:00:00,111.72003573308417
2011-03-20 19:00:00,100.72989758371965
2011-03-20 20:00:00,103.04929616006787
2011-03-20 21:00:00,102.96642417205946
2011-03-20 22:00:00,108.62847816227037
2011-03-20 23:00:00,67.32271920113988
2011-03-21 00:00:00,9.691811131485624
2011-03-21 01:00:00,16.18168160885337
2011-03-21 02:00:00,17.831644553822276
2011-03-21 03:00:00,19.785045140236203
2011-03-21 05:00:00,17.497141062567717
2011-03-21 06:00:00,16.55887829589527
2011-03-21 07:00:00,17.00795241744508
2011-03-21 08:00:00,27.115750507570034
2011-03-21 09:00:00,34.05016440126305
2011-03-21 10:00:00,46.4352396747047
2011-03-21 11:00:00,58.996212682637626
2011-03-21 12:00:00,64.1798168072036
2011-03-21 13:00:00,95.71934250054824
2011-03-21 14:00:00,115.54311818718905
2011-03-21 15:00:00,141.21721036781128
2011-03-21 16:00:00,143.63104259193838
2011-03-21 17:00:00,158.81463254095496
2011-03-21 18:00:00,152.56302044884566
2011-03-21 19:00:00,203.5928670775651
2011-03-21 20:00:00,196.37824349250442
2011-03-21 21:00:00,110.53706262077021
2011-03-21 22:00:00,135.3662519425736
2011-03-21 23:00:00,145.85091106359113
2011-03-22 00:00:00,11.73985631941957
2011-03-22 01:00:00,9.957605555126428
2011-03-22 02:00:00,12.519129570266326
2011-03-22 03:00:00,17.379965743204163
2011-03-22 04:00:00,22.8379711155377
2011-03-22 05:00:00,23.12803844745845
2011-03-22 06:00:00,20.918042194492052
2011-03-22 07:00:00,32.12189903224417
2011-03-22 08:00:00,44.730037425428634
2011-03-22 09:00:00,51.016248263132205
2011-03-22 10:00:00,65.23084950663733
2011-03-22 11:00:00,69.8946640055231
2011-03-22 12:00:00,87.16642462096193
2011-03-22 13:00:00,112.29050056873243
2011-03-22 14:00:00,133.9870283718407
2011-03-22 15:00:00,147.9251245721729
2011-03-22 16:00:00,161.17781747218274
2011-03-22 17:00:00,180.66322461905378
2011-03-22 18:00:00,184.62788879908388
2011-03-22 19:00:00,182.3645155136254
2011-03-22 20:00:00,207.50295624189064
2011-03-22 21:00:00,219.23299190226692
2011-03-22 22:00:00,224.24054222356258
2011-03-22 23:00:00,252.0161693739118
2011-03-23 00:00:00,10.110734349995985
2011-03-23 01:00:00,10.339859968796475
2011-03-23 02:00:00,11.515842238506782
2011-03-23 03:00:00,19.39646898737113
2011-03-23 05:00:00,14.758227456866187
2011-03-23 06:00:00,24.375314879958456
2011-03-23 07:00:00,24.737863944673407
2011-03-23 08:00:00,29.282208805024574
2011-03-23 09:00:00,34.135254173840174
2011-03-23 10:00:00,39.81233879103101
2011-03-23 11:00:00,42.19538056349526
2011-03-23 12:00:00,46.59748537657834
2011-03-23 13:00:00,36.17842553099198
2011-03-23 14:00:00,60.44143082172104
2011-03-23 15:00:00,76.73726681092964
2011-03-23 16:00:00,94.54934288944175
2011-03-23 17:00:00,105.42666357290243
2011-03-23 18:00:00,73.11785762582343
2011-03-23 19:00:00,81.57754946069056
2011-03-23 20:00:00,82.25552424286741
2011-03-23 21:00:00,81.05912665958908
2011-03-23 22:00:00,128.40898096256592
2011-03-23 23:00:00,95.61407199915773
2011-03-24 00:00:00,12.079239810888971
2011-03-24 01:00:00,12.248421011644561
2011-03-24 02:00:00,13.695075620926135
2011-03-24 03:00:00,14.610895037804077
2011-03-24 04:00:00,16.265026141928367
2011-03-24 05:00:00,19.20881014663314
2011-03-24 06:00:00,21.386540473674295
2011-03-24 07:00:00,16.230230583466774
2011-03-24 08:00:00,17.737811866608084
2011-03-24 09:00:00,28.61710280249583
2011-03-24 10:00:00,31.38976395479362
2011-03-24 11:00:00,41.4915375911941
2011-03-24 12:00:00,50.606901120769834
2011-03-24 13:00:00,58.82224805341179
2011-03-24 14:00:00,62.567095847082015
2011-03-24 15:00:00,70.30680897813158
2011-03-24 16:00:00,81.09111468804304
2011-03-24 17:00:00,86.85395424071577
2011-03-24 18:00:00,103.46230760313856
2011-03-24 19:00:00,109.33602999393983
2011-03-24 20:00:00,108.49510135961698
2011-03-24 21:00:00,111.50361004108044
2011-03-24 22:00:00,122.86918949332556
2011-03-24 23:00:00,130.95633796958987
2011-03-25 00:00:00,14.82097046867224
2011-03-25 01:00:00,13.84186988278177
2011-03-25 02:00:00,15.16693164485123
2011-03-25 03:00:00,16.72389709413121
2011-03-25 04:00:00,16.935813952169486
2011-03-25 05:00:00,18.65018581888672
2011-03-25 06:00:00,20.439912110869596
2011-03-25 07:00:00,27.276024333847737
2011-03-25 08:00:00,34.20214558144882
2011-03-25 09:00:00,40.022839223854504
2011-03-25 10:00:00,41.9574119642726
2011-03-25 11:00:00,59.53235177282507
2011-03-25 12:00:00,71.33995625236037
2011-03-25 13:00:00,81.95687030829542
2011-03-25 14:00:00,111.35680499332742
2011-03-25 15:00:00,109.87072908551286
2011-03-25 16:00:00,121.72796751738868
2011-03-25 17:00:00,125.17083335863133
2011-03-25 18:00:00,124.07224846734186
2011-03-25 19:00:00,144.21943942609283
2011-03-25 20:00:00,152.8655635192378
2011-03-25 21:00:00,169.3364701897764
2011-03-25 22:00:00,177.49728104774118
2011-03-25 23:00:00,184.7935687406204
2011-03-26 00:00:00,25.349391577869472
2011-03-26 01:00:00,26.297401221944405
2011-03-26 02:00:00,24.037320912565697
2011-03-26 03:00:00,23.851767876432774
2011-03-26 04:00:00,27.926586089235506
2011-03-26 05:00:00,26.52656651785817
2011-03-26 06:00:00,26.360214823081797
2011-03-26 07:00:00,30.816399171743093
2011-03-26 08:00:00,37.595030391502114
2011-03-26 09:00:00,44.03161954047803
2011-03-26 10:00:00,50.38680384896698
2011-03-26 11:00:00,59.562425270955075
2011-03-26 12:00:00,70.3056523719003
2011-03-26 13:00:00,84.35016418180005
2011-03-26 14:00:00,102.52890617659348
2011-03-26 15:00:00,111.88873419060921
2011-03-26 16:00:00,130.98164880781502
2011-03-26 17:00:00,128.4288649210274
2011-03-26 18:00:00,138.04787818199173
2011-03-26 19:00:00,106.97826580987744
2011-03-26 20:00:00,115.33093739335393
2011-03-26 21:00:00,117.5002201227197
2011-03-26 22:00:00,137.78291947762384
2011-03-26 23:00:00,136.23465293517233
2011-03-27 00:00:00,25.911396943641847
2011-03-27 01:00:00,23.91614883922015
2011-03-27 02:00:00,14.677484668005013
2011-03-27 03:00:00,14.413349031258775
2011-03-27 04:00:00,14.813790439900433
2011-03-27 06:00:00,16.013041738238357
2011-03-27 07:00:00,16.949257729134494
2011-03-27 08:00:00,26.461310647547318
2011-03-27 09:00:00,34.220904871946395
2011-03-27 10:00:00,40.3933339225585
2011-03-27 11:00:00,47.67256463340779
2011-03-27 12:00:00,55.81784100808818
2011-03-27 13:00:00,67.4974852900528
2011-03-27 14:00:00,80.08775811648779
2011-03-27 15:00:00,85.73275345440169
2011-03-27 16:00:00,90.28114615572416
2011-03-27 17:00:00,103.80557683098831
2011-03-27 18:00:00,100.24356709956766
2011-03-27 19:00:00,110.33007916692713
2011-03-27 20:00:00,102.84584160015697
2011-03-27 21:00:00,97.65824319199298
2011-03-27 22:00:00,104.22424117782283
2011-03-27 23:00:00,107.97429780026205
2011-03-28 00:00:00,11.257448950431156
2011-03-28 01:00:00,14.149049480585603
2011-03-28 02:00:00,15.621974197601984
2011-03-28 03:00:00,17.361353803858005
2011-03-28 05:00:00,19.807934873199745
2011-03-28 06:00:00,24.21679735696331
2011-03-28 07:00:00,28.881308747900484
2011-03-28 08:00:00,31.487145972451806
2011-03-28 09:00:00,37.326067383356076
2011-03-28 10:00:00,44.52241612328923
2011-03-28 11:00:00,52.23312281578567
2011-03-28 12:00:00,55.11281318231054
2011-03-28 13:00:00,76.14577957857988
2011-03-28 14:00:00,95.82646426766006
2011-03-28 15:00:00,104.8530914605805
2011-03-28 16:00:00,124.37374179518105
2011-03-28 17:00:00,137.74441240974164
2011-03-28 18:00:00,150.2187865389239
2011-03-28 19:00:00,153.92551681734483
2011-03-28 20:00:00,182.75524012196334
2011-03-28 21:00:00,208.03503591117715
2011-03-28 22:00:00,213.80175107427056
2011-03-28 23:00:00,219.46664718394857
2011-03-29 00:00:00,14.924695101997811
2011-03-29 01:00:00,15.101126174171117
2011-03-29 02:00:00,16.947670825186087
2011-03-29 03:00:00,19.023343716272574
2011-03-29 04:00:00,17.22584009003062
2011-03-29 05:00:00,21.821169824508278
2011-03-29 06:00:00,23.588705160974968
2011-03-29 07:00:00,26.2849571527654
2011-03-29 08:00:00,33.06406496280578
2011-03-29 09:00:00,45.51347846337153
2011-03-29 10:00:00,56.209371205931475
2011-03-29 11:00:00,68.48524339026743
2011-03-29 12:00:00,79.43100935023998
2011-03-29 13:00:00,88.37949950555937
2011-03-29 14:00:00,106.42941882263854
2011-03-29 15:00:00,132.60733136461695
2011-03-29 16:00:00,153.30293961581648
2011-03-29 17:00:00,187.21994243186157
2011-03-29 18:00:00,177.16030052801457
2011-03-29 19:00:00,184.695992801506
2011-03-29 20:00:00,223.45638983677495
2011-03-29 21:00:00,168.7547334818204
2011-03-29 22:00:00,173.22468138885387
2011-03-29 23:00:00,199.8455715446924
2011-03-30 00:00:00,14.739647237502973
2011-03-30 01:00:00,18.604492754198468
2011-03-30 02:00:00,18.262010882550555
2011-03-30 03:00:00,21.75982545350731
2011-03-30 04:00:00,22.640589270944194
2011-03-30 05:00:00,25.709042313020664
2011-03-30 06:00:00,30.368138343724212
2011-03-30 07:00:00,37.063510359945816
2011-03-30 08:00:00,39.95755204860081
2011-03-30 09:00:00,45.85611519784534
2011-03-30 10:00:00,53.419528252461994
2011-03-30 11:00:00,59.81132390029898
2011-03-30 12:00:00,66.59711613737038
2011-03-30 13:00:00,79.2220678814023
2011-03-30 14:00:00,87.88749397901306
2011-03-30 15:00:00,41.14375781356859
2011-03-30 16:00:00,45.47233896208384
2011-03-30 17:00:00,47.46714017595207
2011-03-30 18:00:00,74.73517393771897
2011-03-30 19:00:00,83.44644317760583
2011-03-30 20:00:00,63.92040268635934
2011-03-30 21:00:00,100.14957001674286
2011-03-30 22:00:00,80.05071972365356
2011-03-30 23:00:00,88.92185601707179
2011-03-31 00:00:00,7.454553954319993
2011-03-31 01:00:00,8.254154445031316
2011-03-31 02:00:00,9.190183219182764
2011-03-31 03:00:00,10.289032047072789
2011-03-31 04:00:00,11.512932656743144
2011-03-31 05:00:00,12.761664071095877
2011-03-31 06:00:00,14.155704597633548
2011-03-31 07:00:00,15.910348606283312
2011-03-31 08:00:00,23.509406016201584
2011-03-31 09:00:00,20.333980729903914
2011-03-31 10:00:00,22.65520105480034
2011-03-31 11:00:00,26.170536119987702
2011-03-31 12:00:00,29.159055500937516
2011-03-31 13:00:00,34.32644620250105
2011-03-31 14:00:00,38.24485446924318
2011-03-31 15:00:00,42.618120130861215
2011-03-31 16:00:00,68.50995742023896
2011-03-31 17:00:00,76.34458204326378
2011-03-31 18:00:00,84.32704583084303
2011-03-31 19:00:00,93.98305423481398
2011-03-31 20:00:00,69.44342070194956
2011-03-31 21:00:00,107.07322424844868
2011-03-31 22:00:00,87.24135137550337
2011-03-31 23:00:00,91.12143896450603
2011-04-20 00:00:00,12.563833456089846
2011-04-20 01:00:00,12.347352998154545
2011-04-20 02:00:00,13.74123666860707
2011-04-20 03:00:00,13.829259933311278
2011-04-20 04:00:00,14.77399799275786
2011-04-20 05:00:00,18.324664875186095
2011-04-20 06:00:00,21.112428730588626
2011-04-20 07:00:00,22.13200204816439
2011-04-20 08:00:00,63.476589194443804
2011-04-20 09:00:00,84.78419302576617
2011-04-20 10:00:00,73.70000171976477
2011-04-20 11:00:00,81.92504484602998
2011-04-20 12:00:00,161.87824488735586
2011-04-20 13:00:00,179.68256258120317
2011-04-20 14:00:00,241.77660872508517
2011-04-20 15:00:00,305.99643393448423
2011-04-20 16:00:00,339.4243031316238
2011-04-20 17:00:00,357.76741279641374
2011-04-20 18:00:00,448.2602511495341
2011-04-20 19:00:00,449.502952721157
2011-04-20 20:00:00,465.15370014113597
2011-04-20 21:00:00,484.8426780276776
2011-04-20 22:00:00,463.5959474210674
2011-04-20 23:00:00,514.5761660715622
2011-04-21 00:00:00,38.43958194926485
2011-04-21 01:00:00,36.00998602161217
2011-04-21 02:00:00,40.40993993684454
2011-04-21 03:00:00,37.658548047474625
2011-04-21 04:00:00,38.18286038205159
2011-04-21 05:00:00,40.4466984718982
2011-04-21 06:00:00,40.97570019415191
2011-04-21 07:00:00,53.25946770145394
2011-04-21 08:00:00,54.40146202356381
2011-04-21 09:00:00,64.49739297076431
2011-04-21 10:00:00,70.95375759094244
2011-04-21 11:00:00,86.577795907656
2011-04-21 12:00:00,104.60297572637383
2011-04-21 13:00:00,136.95400770098846
2011-04-21 14:00:00,160.01888285450713
2011-04-21 15:00:00,205.3225452404157
2011-04-21 16:00:00,234.1866723856206
2011-04-21 17:00:00,229.89325180626753
2011-04-21 18:00:00,277.9949344222991
2011-04-21 19:00:00,260.4439269080603
2011-04-21 20:00:00,257.0942680271816
2011-04-21 21:00:00,213.82794118861437
2011-04-21 22:00:00,263.27656246198035
2011-04-21 23:00:00,259.6530300386025
2011-04-22 00:00:00,19.710714006829136
2011-04-22 01:00:00,24.334135433693
2011-04-22 02:00:00,26.904901829327695
2011-04-22 03:00:00,29.5627915013714
2011-04-22 04:00:00,30.743192056849708
2011-04-22 05:00:00,33.482334029783054
2011-04-22 06:00:00,37.13229115086895
2011-04-22 07:00:00,44.622139775732684
2011-04-22 08:00:00,48.83443813382433
2011-04-22 09:00:00,30.826789006346857
2011-04-22 10:00:00,57.6045015760181
2011-04-22 11:00:00,37.01128861405566
2011-04-22 12:00:00,38.46275630819018
2011-04-22 13:00:00,40.92639348830414
2011-04-22 14:00:00,44.77226312902597
2011-04-22 15:00:00,49.490983777313375
2011-04-22 16:00:00,53.688969922421705
2011-04-22 17:00:00,55.72834686882783
2011-04-22 18:00:00,61.29553227153008
2011-04-22 19:00:00,67.42033180915944
2011-04-22 20:00:00,75.86720697419645
2011-04-22 21:00:00,79.04617074613152
2011-04-22 22:00:00,84.25298262630344
2011-04-22 23:00:00,98.92473359670743
2011-04-23 00:00:00,17.89406859886594
2011-04-23 01:00:00,19.288617620913094
2011-04-23 02:00:00,15.361733486825113
2011-04-23 03:00:00,16.321152905648262
2011-04-23 04:00:00,17.160500844248244
2011-04-23 05:00:00,18.498202910050047
2011-04-23 06:00:00,28.972693286592815
2011-04-23 07:00:00,23.002140923976107
2011-04-23 08:00:00,35.000231981558606
2011-04-23 09:00:00,44.09358791704204
2011-04-23 10:00:00,54.68004328323147
2011-04-23 11:00:00,64.61936311973326
2011-04-23 12:00:00,69.8921076686954
2011-04-23 13:00:00,75.15467646297581
2011-04-23 14:00:00,100.65409082710423
2011-04-23 15:00:00,129.54376521232393
2011-04-23 16:00:00,138.0377108653464
2011-04-23 17:00:00,149.74832874565877
2011-04-23 18:00:00,133.03545104886442
2011-04-23 19:00:00,127.31238698242575
2011-04-23 20:00:00,152.40899967349668
2011-04-23 21:00:00,184.18442310649039
2011-04-23 22:00:00,221.3783157354655
2011-04-23 23:00:00,188.02588078924407
2011-04-24 00:00:00,29.458035752789762
2011-04-24 01:00:00,27.37923445286195
2011-04-24 02:00:00,29.195938960287997
2011-04-24 03:00:00,27.333744845061563
2011-04-24 04:00:00,29.150469751468172
2011-04-24 05:00:00,31.088343220921928
2011-04-24 06:00:00,37.07446693515473
2011-04-24 07:00:00,39.545280989370895
2011-04-24 08:00:00,40.63668705118269
2011-04-24 09:00:00,52.46760883514353
2011-04-24 10:00:00,73.16249643052663
2011-04-24 11:00:00,112.52572092654125
2011-04-24 12:00:00,126.86910926549703
2011-04-24 13:00:00,163.16948068186514
2011-04-24 14:00:00,191.260884169783
2011-04-24 15:00:00,161.79666135555595
2011-04-24 16:00:00,259.9668423987562
2011-04-24 17:00:00,169.90017303156338
2011-04-24 18:00:00,157.27595438699234
2011-04-24 19:00:00,100.3526841040367
2011-04-24 20:00:00,107.01648515590291
2011-04-24 21:00:00,90.0774452473789
2011-04-24 22:00:00,91.17873759479622
2011-04-24 23:00:00,95.16912448317726
2011-04-25 00:00:00,11.004708443246251
2011-04-25 01:00:00,13.86338237099399
2011-04-25 02:00:00,15.345950374137047
2011-04-25 03:00:00,21.32816205105008
2011-04-25 04:00:00,22.541124048545782
2011-04-25 05:00:00,22.334488368047833
2011-04-25 06:00:00,26.733036490389352
2011-04-25 07:00:00,33.284840272225395
2011-04-25 08:00:00,36.38502733680929
2011-04-25 09:00:00,47.71749071621236
2011-04-25 10:00:00,70.47889976469051
2011-04-25 11:00:00,78.05049377656934
2011-04-25 12:00:00,87.80504545049443
2011-04-25 13:00:00,121.69668730271246
2011-04-25 14:00:00,172.72341431379326
2011-04-25 15:00:00,204.4311630664155
2011-04-25 16:00:00,209.9696476083094
2011-04-25 17:00:00,230.9122457080818
2011-04-25 18:00:00,236.00890820764192
2011-04-25 19:00:00,252.67826012276043
2011-04-25 20:00:00,258.4830250401319
2011-04-25 21:00:00,234.6877505802044
2011-04-25 22:00:00,236.14988798932137
2011-04-25 23:00:00,224.99842507534947
2011-04-26 00:00:00,24.028720760508826
2011-04-26 01:00:00,24.41234094762963
2011-04-26 02:00:00,20.07972315124992
2011-04-26 03:00:00,19.718360519558026
2011-04-26 04:00:00,24.887845134948545
2011-04-26 05:00:00,24.613537208091458
2011-04-26 06:00:00,28.473729168878048
2011-04-26 07:00:00,36.46904713530222
2011-04-26 08:00:00,40.84279403475842
2011-04-26 09:00:00,62.164893195930226
2011-04-26 10:00:00,77.39540491542118
2011-04-26 11:00:00,96.61992947420745
2011-04-26 12:00:00,120.48254206273481
2011-04-26 13:00:00,170.69062008553846
2011-04-26 14:00:00,162.48223915066214
2011-04-26 15:00:00,167.79319470182116
2011-04-26 16:00:00,199.97122407007237
2011-04-26 17:00:00,204.86567867257887
2011-04-26 18:00:00,214.38471898232723
2011-04-26 19:00:00,194.91182037616235
2011-04-26 20:00:00,217.32065187964736
2011-04-26 21:00:00,214.22811621227964
2011-04-26 22:00:00,258.7417379835543
2011-04-26 23:00:00,292.1897543719038
2011-04-27 00:00:00,19.21780447605701
2011-04-27 01:00:00,21.4447522361501
2011-04-27 02:00:00,21.049114078045868
2011-04-27 03:00:00,29.939753649971507
2011-04-27 04:00:00,22.542509344883566
2011-04-27 05:00:00,32.979367942799385
2011-04-27 06:00:00,28.03100869918348
2011-04-27 07:00:00,45.8041469396638
2011-04-27 08:00:00,51.25385860171702
2011-04-27 09:00:00,58.51404154504121
2011-04-27 10:00:00,71.90117385212872
2011-04-27 11:00:00,88.32264800595539
2011-04-27 12:00:00,83.24158248150968
2011-04-27 13:00:00,89.77031331923266
2011-04-27 14:00:00,115.14567803856973
2011-04-27 15:00:00,159.51837393881758
2011-04-27 16:00:00,159.37435987108904
2011-04-27 17:00:00,111.51878098829246
2011-04-27 18:00:00,124.23218389154539
2011-04-27 19:00:00,168.15325202261207
2011-04-27 20:00:00,171.87425956844385
2011-04-27 21:00:00,169.6009888340662
2011-04-27 22:00:00,242.76414102648644
2011-04-27 23:00:00,271.5891663295565
2011-04-28 00:00:00,23.814662280051344
2011-04-28 01:00:00,29.13363272505886
2011-04-28 02:00:00,32.50000111422745
2011-04-28 03:00:00,39.69854788843359
2011-04-28 04:00:00,39.908817522135635
2011-04-28 05:00:00,44.16901825752987
2011-04-28 06:00:00,54.594263808746724
2011-04-28 07:00:00,60.51766647019407
2011-04-28 08:00:00,69.07115400253045
2011-04-28 09:00:00,42.92494237575095
2011-04-28 10:00:00,67.76385548276545
2011-04-28 11:00:00,81.90266389235498
2011-04-28 12:00:00,98.57468348655371
2011-04-28 13:00:00,101.3655919587759
2011-04-28 14:00:00,90.30005216690323
2011-04-28 15:00:00,140.3146269583996
2011-04-28 16:00:00,123.2032721029072
2011-04-28 17:00:00,257.5183252905282
2011-04-28 18:00:00,285.8264607702528
2011-04-28 19:00:00,330.52954110252244
2011-04-28 20:00:00,314.7495059793927
2011-04-28 21:00:00,310.29626327573123
2011-04-28 22:00:00,336.03726658873916
2011-04-28 23:00:00,403.59886190551896
2011-04-29 00:00:00,46.45199476243752
2011-04-29 01:00:00,41.57664996635608
2011-04-29 02:00:00,30.750924311343976
2011-04-29 03:00:00,35.74320191362134
2011-04-29 04:00:00,45.1079021463172
2011-04-29 05:00:00,52.72031759717963
2011-04-29 06:00:00,69.09857443884383
2011-04-29 07:00:00,83.3106328599811
2011-04-29 08:00:00,103.73195805326006
2011-04-29 09:00:00,114.24968821814008
2011-04-29 10:00:00,129.65686826227557
2011-04-29 11:00:00,174.8513305088634
2011-04-29 12:00:00,164.6636036373319
2011-04-29 13:00:00,181.04620428948266
2011-04-29 14:00:00,247.72791165572022
2011-04-29 15:00:00,213.72939522251122
2011-04-29 16:00:00,217.73041059996072
2011-04-29 17:00:00,218.36273937423803
2011-04-29 18:00:00,215.31989829482
2011-04-29 19:00:00,179.15817522909953
2011-04-29 20:00:00,228.42932895235188
2011-04-29 21:00:00,225.36608842365135
2011-04-29 22:00:00,199.12907186871
2011-04-29 23:00:00,263.00529850406446
2011-04-30 00:00:00,39.78378004371302
2011-04-30 01:00:00,42.20210675588948
2011-04-30 02:00:00,46.047062980090416
2011-04-30 03:00:00,46.47025285571755
2011-04-30 04:00:00,50.38568702795637
2011-04-30 05:00:00,50.52883462803224
2011-04-30 06:00:00,47.73480298489
2011-04-30 07:00:00,55.300947253984056
2011-04-30 08:00:00,59.02677900229504
2011-04-30 09:00:00,75.94210379372457
2011-04-30 10:00:00,104.73526652074358
2011-04-30 11:00:00,124.44557031845851
2011-04-30 12:00:00,143.74217336609047
2011-04-30 13:00:00,172.97559783214578
2011-04-30 14:00:00,184.55985580658495
2011-04-30 15:00:00,216.3306114152109
2011-04-30 16:00:00,252.02792812270548
2011-04-30 17:00:00,224.54772070730746
2011-04-30 18:00:00,227.73888725183647
2011-04-30 19:00:00,245.6945602992334
2011-04-30 20:00:00,141.08939078297828
2011-04-30 21:00:00,152.1575190420903
2011-04-30 22:00:00,150.25804005887608
2011-04-30 23:00:00,162.0419494700267
2011-05-20 00:00:00,15.699189606839347
2011-05-20 01:00:00,14.537990786912989
2011-05-20 02:00:00,16.63612563956009
2011-05-20 03:00:00,16.894115988775813
2011-05-20 04:00:00,21.971350266579194
2011-05-20 05:00:00,24.274387918457347
2011-05-20 06:00:00,30.4396238814346
2011-05-20 07:00:00,44.10221721958931
2011-05-20 08:00:00,55.66812125499381
2011-05-20 09:00:00,68.40914042094387
2011-05-20 10:00:00,83.75707688276988
2011-05-20 11:00:00,116.4023658588013
2011-05-20 12:00:00,152.71560539308516
2011-05-20 13:00:00,102.18990254626557
2011-05-20 14:00:00,179.39034661019704
2011-05-20 15:00:00,199.83857816237412
2011-05-20 16:00:00,227.34106233133085
2011-05-20 17:00:00,211.86379108765112
2011-05-20 18:00:00,237.05687595759287
2011-05-20 19:00:00,197.57996469785598
2011-05-20 20:00:00,218.17426062733605
2011-05-20 21:00:00,229.4216488291225
2011-05-20 22:00:00,190.46426035036149
2011-05-20 23:00:00,225.2854122506452
2011-05-21 00:00:00,29.749312741105044
2011-05-21 01:00:00,32.15843077375509
2011-05-21 02:00:00,37.74315483665777
2011-05-21 03:00:00,31.193940139048095
2011-05-21 04:00:00,29.40456923874683
2011-05-21 05:00:00,31.41997180600085
2011-05-21 06:00:00,41.36091218043158
2011-05-21 07:00:00,57.309999781981645
2011-05-21 08:00:00,73.03476810596294
2011-05-21 09:00:00,97.80885307553302
2011-05-21 10:00:00,111.67975233093645
2011-05-21 11:00:00,149.73111321096192
2011-05-21 12:00:00,160.4552441302174
2011-05-21 13:00:00,204.89118526769175
2011-05-21 14:00:00,245.09146764479732
2011-05-21 15:00:00,277.50538932885433
2011-05-21 16:00:00,355.75760146624225
2011-05-21 17:00:00,356.344217293774
2011-05-21 18:00:00,351.14860756493755
2011-05-21 19:00:00,336.3839637513671
2011-05-21 20:00:00,219.1297055589795
2011-05-21 21:00:00,257.32373885338325
2011-05-21 22:00:00,228.6325886119468
2011-05-21 23:00:00,188.79841168769553
2011-05-22 00:00:00,27.82529906765086
2011-05-22 01:00:00,25.414759865460034
2011-05-22 02:00:00,26.857526992832877
2011-05-22 03:00:00,24.82854708318844
2011-05-22 04:00:00,24.33372041467089
2011-05-22 05:00:00,28.243252130416504
2011-05-22 06:00:00,34.73640290300892
2011-05-22 07:00:00,42.89140186812517
2011-05-22 08:00:00,70.76121444964528
2011-05-22 09:00:00,85.51476831926874
2011-05-22 10:00:00,101.82495955274979
2011-05-22 11:00:00,155.01380880442068
2011-05-22 12:00:00,197.66026336880518
2011-05-22 13:00:00,180.97048264900843
2011-05-22 14:00:00,90.1490701507091
2011-05-22 15:00:00,180.08512067939535
2011-05-22 16:00:00,174.19606431657667
2011-05-22 17:00:00,209.38287689820163
2011-05-22 18:00:00,194.86231261542667
2011-05-22 19:00:00,206.53163415403617
2011-05-22 20:00:00,193.94104468202386
2011-05-22 21:00:00,170.47402305145908
2011-05-22 22:00:00,139.70698019103483
2011-05-22 23:00:00,178.6002760761826
2011-05-23 00:00:00,20.73372991712437
2011-05-23 01:00:00,17.853277316353914
2011-05-23 02:00:00,17.805715017805355
2011-05-23 03:00:00,18.031061858569817
2011-05-23 04:00:00,25.199720431094665
2011-05-23 05:00:00,27.92328257461491
2011-05-23 06:00:00,28.704582094794198
2011-05-23 07:00:00,38.68341303550106
2011-05-23 08:00:00,39.206264429905424
2011-05-23 09:00:00,43.69897966272396
2011-05-23 10:00:00,72.02460948067855
2011-05-23 11:00:00,91.32093464447216
2011-05-23 12:00:00,101.10469995951729
2011-05-23 13:00:00,167.82152925931325
2011-05-23 14:00:00,175.0516310335433
2011-05-23 15:00:00,192.6730610708948
2011-05-23 16:00:00,210.09552613941153
2011-05-23 17:00:00,133.98670940383704
2011-05-23 18:00:00,175.03092319804824
2011-05-23 19:00:00,192.58236270284834
2011-05-23 20:00:00,160.5816596913626
2011-05-23 21:00:00,160.3322091422042
2011-05-23 22:00:00,156.8191134630642
2011-05-23 23:00:00,250.06531606436945
2011-05-24 00:00:00,17.20152627592187
2011-05-24 01:00:00,19.130852823532134
2011-05-24 02:00:00,21.549397860912258
2011-05-24 03:00:00,24.036758956715136
2011-05-24 04:00:00,23.25630800969753
2011-05-24 05:00:00,31.15498388101269
2011-05-24 06:00:00,34.548860995741165
2011-05-24 07:00:00,35.37896308607432
2011-05-24 08:00:00,36.81688064754205
2011-05-24 09:00:00,72.44807910677893
2011-05-24 10:00:00,95.44725899733605
2011-05-24 11:00:00,133.068658249292
2011-05-24 12:00:00,176.0271183341316
2011-05-24 13:00:00,192.0713370569446
2011-05-24 14:00:00,215.51407132176112
2011-05-24 15:00:00,132.8440398012088
2011-05-24 16:00:00,148.99642115749182
2011-05-24 17:00:00,200.8563005104132
2011-05-24 18:00:00,193.06292057480962
2011-05-24 19:00:00,191.17573277377534
2011-05-24 20:00:00,208.49969815613437
2011-05-24 21:00:00,208.22355100323028
2011-05-24 22:00:00,173.52488514135544
2011-05-24 23:00:00,237.94261877388266
2011-05-25 00:00:00,16.35559305099132
2011-05-25 01:00:00,17.452225005858907
2011-05-25 02:00:00,21.312371764154648
2011-05-25 03:00:00,17.364975261805807
2011-05-25 04:00:00,19.146150089434443
2011-05-25 05:00:00,26.873483849453503
2011-05-25 06:00:00,26.978356208744398
2011-05-25 07:00:00,49.76668778328146
2011-05-25 08:00:00,62.81693616392518
2011-05-25 09:00:00,77.44365445406055
2011-05-25 10:00:00,95.61196894613474
2011-05-25 11:00:00,134.17687195392367
2011-05-25 12:00:00,141.3304801400481
2011-05-25 13:00:00,156.93360922934642
2011-05-25 14:00:00,175.59411920170538
2011-05-25 15:00:00,214.6898487123129
2011-05-25 16:00:00,236.3372172204049
2011-05-25 17:00:00,260.2227666674217
2011-05-25 18:00:00,249.92039600564965
2011-05-25 19:00:00,251.17591509469642
2011-05-25 20:00:00,281.5236449774029
2011-05-25 21:00:00,253.47164369316133
2011-05-25 22:00:00,289.0644886730919
2011-05-25 23:00:00,283.8958905557776
2011-05-26 00:00:00,25.696783359199713
2011-05-26 01:00:00,28.472159432543656
2011-05-26 02:00:00,24.681913029908042
2011-05-26 03:00:00,23.70259766401281
2011-05-26 04:00:00,24.31514313623185
2011-05-26 05:00:00,37.24183308718277
2011-05-26 06:00:00,33.61357911624783
2011-05-26 07:00:00,44.59818283596073
2011-05-26 08:00:00,61.79857300573003
2011-05-26 09:00:00,78.13606558607289
2011-05-26 10:00:00,80.18093255069586
2011-05-26 11:00:00,107.29633094502823
2011-05-26 12:00:00,145.50315189753013
2011-05-26 13:00:00,188.24474559707454
2011-05-26 14:00:00,208.68552977506783
2011-05-26 15:00:00,275.98732371744455
2011-05-26 16:00:00,291.6984192689247
2011-05-26 17:00:00,313.18532985188915
2011-05-26 18:00:00,349.3291983049344
2011-05-26 19:00:00,377.57591476088794
2011-05-26 20:00:00,308.3326469118638
2011-05-26 21:00:00,314.7010120945564
2011-05-26 22:00:00,322.45082908246206
2011-05-26 23:00:00,363.3951913109331
2011-05-27 00:00:00,38.60521402859058
2011-05-27 01:00:00,54.8497846311167
2011-05-27 02:00:00,54.361167306691016
2011-05-27 03:00:00,51.60379971164732
2011-05-27 04:00:00,51.43655318450478
2011-05-27 05:00:00,62.6992343967275
2011-05-27 06:00:00,61.063837116968614
2011-05-27 07:00:00,63.4740953067659
2011-05-27 08:00:00,71.89714593276204
2011-05-27 09:00:00,99.39527700135054
2011-05-27 10:00:00,141.9986176734749
2011-05-27 11:00:00,170.75939294033665
2011-05-27 12:00:00,189.74132612776708
2011-05-27 13:00:00,171.27743985128947
2011-05-27 14:00:00,205.7115943581046
2011-05-27 15:00:00,261.8109048064764
2011-05-27 16:00:00,277.7179760823519
2011-05-27 17:00:00,255.05256393954522
2011-05-27 18:00:00,289.3665043159832
2011-05-27 19:00:00,138.243116626805
2011-05-27 20:00:00,250.1474991390706
2011-05-27 21:00:00,177.94547803182937
2011-05-27 22:00:00,219.103570362857
2011-05-27 23:00:00,192.23891872575507
2011-05-28 00:00:00,27.939256232715326
2011-05-28 01:00:00,30.544906064343472
2011-05-28 02:00:00,28.475020637502364
2011-05-28 03:00:00,34.40400157975012
2011-05-28 04:00:00,37.27885079852594
2011-05-28 05:00:00,40.00962694406465
2011-05-28 06:00:00,49.398918134501805
2011-05-28 07:00:00,55.28921226202719
2011-05-28 08:00:00,68.63533515135923
2011-05-28 09:00:00,85.58565581852837
2011-05-28 10:00:00,119.10056473564796
2011-05-28 11:00:00,128.49002344066164
2011-05-28 12:00:00,167.03756476220013
2011-05-28 13:00:00,166.99179910198222
2011-05-28 14:00:00,197.73871541885077
2011-05-28 15:00:00,228.83535455781308
2011-05-28 16:00:00,253.63432837853836
2011-05-28 17:00:00,269.40801159518963
2011-05-28 18:00:00,245.3291812393615
2011-05-28 19:00:00,234.54036931270315
2011-05-28 20:00:00,254.4246068870798
2011-05-28 21:00:00,216.23902340979987
2011-05-28 22:00:00,208.3178022981048
2011-05-28 23:00:00,192.40603436227713
2011-05-29 00:00:00,36.4942791064779
2011-05-29 01:00:00,33.73368257386909
2011-05-29 02:00:00,35.375418729358124
2011-05-29 03:00:00,37.71489107281707
2011-05-29 04:00:00,38.71430995711026
2011-05-29 05:00:00,36.268546524026924
2011-05-29 06:00:00,59.399361173226566
2011-05-29 07:00:00,63.98485021394379
2011-05-29 08:00:00,67.89818830183941
2011-05-29 09:00:00,65.22259525699232
2011-05-29 10:00:00,90.07289933807226
2011-05-29 11:00:00,96.90374685650252
2011-05-29 12:00:00,129.8258961844925
2011-05-29 13:00:00,130.17896417325284
2011-05-29 14:00:00,140.98877714293337
2011-05-29 15:00:00,150.55145389068295
2011-05-29 16:00:00,160.1281320493875
2011-05-29 17:00:00,170.65493775674258
2011-05-29 18:00:00,166.85720257440312
2011-05-29 19:00:00,177.08232599931233
2011-05-29 20:00:00,161.4406924387784
2011-05-29 21:00:00,151.10779970139902
2011-05-29 22:00:00,133.28090804663145
2011-05-29 23:00:00,143.1899124373379
2011-05-30 00:00:00,21.757791509884065
2011-05-30 01:00:00,23.254817581121404
2011-05-30 02:00:00,25.553292224901448
2011-05-30 03:00:00,27.704764435777054
2011-05-30 04:00:00,29.068055291709406
2011-05-30 05:00:00,40.42880430683149
2011-05-30 06:00:00,44.82249631407028
2011-05-30 07:00:00,44.95808733949161
2011-05-30 08:00:00,59.98268605223254
2011-05-30 09:00:00,80.02232204936648
2011-05-30 10:00:00,146.7245807286369
2011-05-30 11:00:00,152.01263702342158
2011-05-30 12:00:00,200.19372871754473
2011-05-30 13:00:00,228.3219459086964
2011-05-30 14:00:00,256.31268004972645
2011-05-30 15:00:00,311.704611932656
2011-05-30 16:00:00,350.00280721469596
2011-05-30 17:00:00,349.24088471159473
2011-05-30 18:00:00,373.47160224414586
2011-05-30 19:00:00,204.45974412578713
2011-05-30 20:00:00,260.4120460062443
2011-05-30 21:00:00,235.05466121484
2011-05-30 22:00:00,237.0129202921909
2011-05-30 23:00:00,199.43998831965095
2011-05-31 00:00:00,21.14326949166829
2011-05-31 01:00:00,18.599822070377495
2011-05-31 02:00:00,23.711445906007782
2011-05-31 03:00:00,23.251031063425863
2011-05-31 04:00:00,28.138421604953194
2011-05-31 05:00:00,31.475466703929385
2011-05-31 06:00:00,39.6389890417493
2011-05-31 07:00:00,62.55251743028505
2011-05-31 08:00:00,85.35253014237188
2011-05-31 09:00:00,104.77059002338598
2011-05-31 10:00:00,116.40730850882227
2011-05-31 11:00:00,141.33455424373562
2011-05-31 12:00:00,173.28233508712032
2011-05-31 13:00:00,228.40315476522957
2011-05-31 14:00:00,237.85123824827247
2011-05-31 15:00:00,293.79208403759014
2011-05-31 16:00:00,315.6870448270891
2011-05-31 17:00:00,275.5583834549593
2011-05-31 18:00:00,306.654063095859
2011-05-31 19:00:00,271.7395717334244
2011-05-31 20:00:00,304.43635119891474
2011-05-31 21:00:00,311.6502390411352
2011-05-31 22:00:00,318.9213792572007
2011-05-31 23:00:00,294.1955029078896
2011-06-20 00:00:00,21.264550565257753
2011-06-20 01:00:00,19.512415637310554
2011-06-20 02:00:00,21.56438153039634
2011-06-20 03:00:00,19.7172199524179
2011-06-20 04:00:00,23.72084481523392
2011-06-20 05:00:00,27.882666516459295
2011-06-20 06:00:00,31.89215121418175
2011-06-20 07:00:00,29.8822790827736
2011-06-20 08:00:00,34.586207991231035
2011-06-20 09:00:00,66.3700556106716
2011-06-20 10:00:00,73.53844295875727
2011-06-20 11:00:00,78.8742363229878
2011-06-20 12:00:00,104.44647334755622
2011-06-20 13:00:00,108.3589803135587
2011-06-20 14:00:00,134.0023808276895
2011-06-20 15:00:00,149.79551328742772
2011-06-20 16:00:00,188.07578357978852
2011-06-20 17:00:00,204.06407693810604
2011-06-20 18:00:00,221.27145938183844
2011-06-20 19:00:00,214.02389920412605
2011-06-20 20:00:00,220.45509721340431
2011-06-20 21:00:00,218.35616193446114
2011-06-20 22:00:00,293.26482047571244
2011-06-20 23:00:00,243.34620869634455
2011-06-21 00:00:00,18.315617254261596
2011-06-21 01:00:00,16.687723936659726
2011-06-21 02:00:00,17.494238704195052
2011-06-21 03:00:00,19.588723052384317
2011-06-21 04:00:00,28.102998469565218
2011-06-21 05:00:00,31.776452980617513
2011-06-21 06:00:00,35.614649737907776
2011-06-21 07:00:00,32.53748298561878
2011-06-21 08:00:00,45.697819903104424
2011-06-21 09:00:00,52.9568046148376
2011-06-21 10:00:00,64.72697779802418
2011-06-21 11:00:00,60.26732925922275
2011-06-21 12:00:00,86.57996681796634
2011-06-21 13:00:00,117.75277162604846
2011-06-21 14:00:00,146.71039817632413
2011-06-21 15:00:00,180.360619992249
2011-06-21 16:00:00,205.32633473745966
2011-06-21 17:00:00,197.79256397122532
2011-06-21 18:00:00,236.4387308698283
2011-06-21 19:00:00,245.55671942817804
2011-06-21 20:00:00,186.61078090983185
2011-06-21 21:00:00,252.97057260707936
2011-06-21 22:00:00,244.3487502036826
2011-06-21 23:00:00,301.5148517932852
2011-06-22 00:00:00,21.721702357319835
2011-06-22 01:00:00,23.80166974111997
2011-06-22 02:00:00,24.085740038686076
2011-06-22 03:00:00,29.388072565589646
2011-06-22 04:00:00,25.93485787362711
2011-06-22 05:00:00,25.822720605469357
2011-06-22 06:00:00,33.46583600876622
2011-06-22 07:00:00,43.34041602201576
2011-06-22 08:00:00,59.88042436750592
2011-06-22 09:00:00,61.260478505275856
2011-06-22 10:00:00,82.77239144489073
2011-06-22 11:00:00,90.54486528658485
2011-06-22 12:00:00,152.27450307024958
2011-06-22 13:00:00,179.13917347153455
2011-06-22 14:00:00,210.9865608982033
2011-06-22 15:00:00,222.2564639635656
2011-06-22 16:00:00,239.80354872114575
2011-06-22 17:00:00,278.19628976736556
2011-06-22 18:00:00,289.18130149173646
2011-06-22 19:00:00,350.33987326689646
2011-06-22 20:00:00,221.15176132875263
2011-06-22 21:00:00,225.05831124092725
2011-06-22 22:00:00,305.952990899845
2011-06-22 23:00:00,342.89971130140754
2011-06-23 00:00:00,24.905466914516737
2011-06-23 01:00:00,30.59254933021373
2011-06-23 02:00:00,33.920634878316214
2011-06-23 03:00:00,44.554699123769154
2011-06-23 04:00:00,43.863137813044005
2011-06-23 05:00:00,45.75852052319087
2011-06-23 06:00:00,50.77739416719892
2011-06-23 07:00:00,67.05492787991403
2011-06-23 08:00:00,80.23629177270189
2011-06-23 09:00:00,87.86441756889988
2011-06-23 10:00:00,107.00498106402375
2011-06-23 11:00:00,77.24323923976038
2011-06-23 12:00:00,135.65336795801534
2011-06-23 13:00:00,158.13131779327344
2011-06-23 14:00:00,167.65102899553673
2011-06-23 15:00:00,227.81475231194426
2011-06-23 16:00:00,210.7574000282459
2011-06-23 17:00:00,208.4973615814515
2011-06-23 18:00:00,197.88774860134168
2011-06-23 19:00:00,218.71527653553213
2011-06-23 20:00:00,217.24707969802188
2011-06-23 21:00:00,240.3778687488568
2011-06-23 22:00:00,322.6369336620275
2011-06-23 23:00:00,301.945611727484
2011-06-24 00:00:00,29.514097430411187
2011-06-24 01:00:00,29.402032026882033
2011-06-24 02:00:00,32.28905834096566
2011-06-24 03:00:00,34.53710158964433
2011-06-24 04:00:00,37.11138139464643
2011-06-24 05:00:00,34.95912696714671
2011-06-24 06:00:00,45.420995492582676
2011-06-24 07:00:00,63.41263369663724
2011-06-24 08:00:00,71.87360652425498
2011-06-24 09:00:00,100.8090437269276
2011-06-24 10:00:00,178.5162127551554
2011-06-24 11:00:00,216.74400121602747
2011-06-24 12:00:00,220.77044602287106
2011-06-24 13:00:00,268.8466621477434
2011-06-24 14:00:00,251.26692004507322
2011-06-24 15:00:00,348.6731141557912
2011-06-24 16:00:00,382.1616051782953
2011-06-24 17:00:00,363.947685819164
2011-06-24 18:00:00,401.78436190071716
2011-06-24 19:00:00,399.68414271951553
2011-06-24 20:00:00,387.31901628686614
2011-06-24 21:00:00,392.57227110350857
2011-06-24 22:00:00,392.50231090996965
2011-06-24 23:00:00,432.2757024384665
2011-06-25 00:00:00,72.93385363738919
2011-06-25 01:00:00,70.965690186395
2011-06-25 02:00:00,83.21172399821322
2011-06-25 03:00:00,70.34477883786215
2011-06-25 04:00:00,75.8805456119785
2011-06-25 05:00:00,71.46810927888625
2011-06-25 06:00:00,88.77675793511196
2011-06-25 07:00:00,96.63856661945218
2011-06-25 08:00:00,137.97745417895166
2011-06-25 09:00:00,161.19122730227585
2011-06-25 10:00:00,172.14397949188282
2011-06-25 11:00:00,183.8486157928206
2011-06-25 12:00:00,230.31012369431843
2011-06-25 13:00:00,248.51501354760765
2011-06-25 14:00:00,243.81015149940333
2011-06-25 15:00:00,232.34822676213912
2011-06-25 16:00:00,304.3747941318087
2011-06-25 17:00:00,324.940990194558
2011-06-25 18:00:00,319.47101842445056
2011-06-25 19:00:00,329.68852181444345
2011-06-25 20:00:00,339.82332594205604
2011-06-25 21:00:00,329.3548310989913
2011-06-25 22:00:00,390.1440275527806
2011-06-25 23:00:00,416.3791102509779
2011-06-26 00:00:00,59.21536733186852
2011-06-26 01:00:00,68.67967398437588
2011-06-26 02:00:00,65.70133333740722
2011-06-26 03:00:00,58.204589635042666
2011-06-26 04:00:00,61.70394319175253
2011-06-26 05:00:00,60.7577666820748
2011-06-26 06:00:00,64.76332480342374
2011-06-26 07:00:00,75.12020301988714
2011-06-26 08:00:00,92.91299189308879
2011-06-26 09:00:00,113.6986133588212
2011-06-26 10:00:00,154.09860172033092
2011-06-26 11:00:00,173.9950293633181
2011-06-26 12:00:00,211.68739377369803
2011-06-26 13:00:00,203.75416763532212
2011-06-26 14:00:00,238.43504071419233
2011-06-26 15:00:00,231.22551115305365
2011-06-26 16:00:00,266.99872669878624
2011-06-26 17:00:00,286.85488328961503
2011-06-26 18:00:00,293.78556648346705
2011-06-26 19:00:00,294.79117953577327
2011-06-26 20:00:00,301.7812910822305
2011-06-26 21:00:00,288.99109912617985
2011-06-26 22:00:00,275.1022455786527
2011-06-26 23:00:00,297.1828873023501
2011-06-27 00:00:00,19.042164124999925
2011-06-27 01:00:00,28.10471454168292
2011-06-27 02:00:00,20.73931775547269
2011-06-27 03:00:00,22.94509198093559
2011-06-27 04:00:00,33.91681517088928
2011-06-27 05:00:00,38.81411893184016
2011-06-27 06:00:00,46.95260642390768
2011-06-27 07:00:00,58.42333094649881
2011-06-27 08:00:00,54.51957681985478
2011-06-27 09:00:00,96.33107501366379
2011-06-27 10:00:00,116.94360416945723
2011-06-27 11:00:00,107.68418504927594
2011-06-27 12:00:00,130.3373839512974
2011-06-27 13:00:00,151.38651435519833
2011-06-27 14:00:00,162.1874238894298
2011-06-27 15:00:00,177.84016055476278
2011-06-27 16:00:00,194.4123127419852
2011-06-27 17:00:00,217.50490541241413
2011-06-27 18:00:00,234.52402983023407
2011-06-27 19:00:00,235.18609517828037
2011-06-27 20:00:00,231.9964294062405
2011-06-27 21:00:00,236.98055831334347
2011-06-27 22:00:00,238.54110671691168
2011-06-27 23:00:00,265.3389675893523
2011-06-28 00:00:00,23.13412060434885
2011-06-28 01:00:00,21.25193577496912
2011-06-28 02:00:00,28.4625155134943
2011-06-28 03:00:00,31.830710361156626
2011-06-28 04:00:00,29.716046922486
2011-06-28 05:00:00,30.281641965195433
2011-06-28 06:00:00,34.097320032863145
2011-06-28 07:00:00,39.95703432970022
2011-06-28 08:00:00,49.84163498401088
2011-06-28 09:00:00,62.40264749304502
2011-06-28 10:00:00,124.47846756292824
2011-06-28 11:00:00,134.9447065665609
2011-06-28 12:00:00,164.626034883861
2011-06-28 13:00:00,173.12062391093673
2011-06-28 14:00:00,218.7592997397138
2011-06-28 15:00:00,234.2651900054641
2011-06-28 16:00:00,262.2247016990077
2011-06-28 17:00:00,166.69511221020915
2011-06-28 18:00:00,186.32323436728427
2011-06-28 19:00:00,313.50318141780787
2011-06-28 20:00:00,252.26004244667226
2011-06-28 21:00:00,299.8622972391142
2011-06-28 22:00:00,296.52821151407574
2011-06-28 23:00:00,332.23887258465413
2011-06-29 00:00:00,27.58420562442624
2011-06-29 01:00:00,25.069700861523536
2011-06-29 02:00:00,24.496005782657992
2011-06-29 03:00:00,33.009907185707696
2011-06-29 04:00:00,29.43702561228366
2011-06-29 05:00:00,32.104381520341754
2011-06-29 06:00:00,50.210144393182844
2011-06-29 07:00:00,78.45953253681121
2011-06-29 08:00:00,99.24160880031488
2011-06-29 09:00:00,119.92426574125653
2011-06-29 10:00:00,143.58017401375952
2011-06-29 11:00:00,184.2951160191362
2011-06-29 12:00:00,205.43455158709858
2011-06-29 13:00:00,260.02487485304005
2011-06-29 14:00:00,282.6909211513249
2011-06-29 15:00:00,321.8531266801176
2011-06-29 16:00:00,370.1946772284086
2011-06-29 17:00:00,449.6700271199114
2011-06-29 18:00:00,455.83845504518604
2011-06-29 19:00:00,434.6594433273455
2011-06-29 20:00:00,448.4843811467042
2011-06-29 21:00:00,469.0263360366454
2011-06-29 22:00:00,474.96241018450314
2011-06-29 23:00:00,472.8287334177341
2011-06-30 00:00:00,39.50800594266556
2011-06-30 01:00:00,40.06301995082503
2011-06-30 02:00:00,40.173004012994525
2011-06-30 03:00:00,40.69910765317957
2011-06-30 04:00:00,38.00188769409775
2011-06-30 05:00:00,43.19528676064584
2011-06-30 06:00:00,52.52034830483856
2011-06-30 07:00:00,62.6777336941069
2011-06-30 08:00:00,99.72102272991235
2011-06-30 09:00:00,124.19198057435793
2011-06-30 10:00:00,141.08672727431485
2011-06-30 11:00:00,172.827226795233
2011-06-30 12:00:00,206.0984959426712
2011-06-30 13:00:00,239.88194466428408
2011-06-30 14:00:00,283.1317232285026
2011-06-30 15:00:00,355.2132705139162
2011-06-30 16:00:00,389.00877148868
2011-06-30 17:00:00,430.4551291594895
2011-06-30 18:00:00,441.69726516438817
2011-06-30 19:00:00,435.2191443128403
2011-06-30 20:00:00,482.9593440790894
2011-06-30 21:00:00,478.0991705065925
2011-06-30 22:00:00,474.89949620898165
2011-06-30 23:00:00,390.28611660641565
2011-07-20 00:00:00,20.38215893244993
2011-07-20 01:00:00,20.811380063008563
2011-07-20 02:00:00,23.12626495804858
2011-07-20 03:00:00,27.967071937207333
2011-07-20 04:00:00,28.13083575921069
2011-07-20 05:00:00,34.03306859297681
2011-07-20 06:00:00,43.208444567296446
2011-07-20 07:00:00,53.56450075161935
2011-07-20 08:00:00,55.79484206639508
2011-07-20 09:00:00,71.65020589574384
2011-07-20 10:00:00,75.63800825425982
2011-07-20 11:00:00,110.08013563704294
2011-07-20 12:00:00,123.15833445537075
2011-07-20 13:00:00,161.86551424872582
2011-07-20 14:00:00,191.41900998316189
2011-07-20 15:00:00,221.365209128277
2011-07-20 16:00:00,199.7402516605977
2011-07-20 17:00:00,235.2244027028958
2011-07-20 18:00:00,263.0832508407003
2011-07-20 19:00:00,253.31324159025527
2011-07-20 20:00:00,242.24585809763647
2011-07-20 21:00:00,311.4541568247259
2011-07-20 22:00:00,317.5385245865829
2011-07-20 23:00:00,314.8601188389862
2011-07-21 00:00:00,33.65180399214331
2011-07-21 01:00:00,32.090510128222675
2011-07-21 02:00:00,35.609532218631976
2011-07-21 03:00:00,41.336499490842684
2011-07-21 04:00:00,42.21861704455582
2011-07-21 05:00:00,46.87440439448941
2011-07-21 06:00:00,52.05293859257332
2011-07-21 07:00:00,58.94424481797212
2011-07-21 08:00:00,73.10635637546103
2011-07-21 09:00:00,91.30031778705995
2011-07-21 10:00:00,111.06223734023007
2011-07-21 11:00:00,140.3302867191415
2011-07-21 12:00:00,154.99416505629705
2011-07-21 13:00:00,171.3360060282463
2011-07-21 14:00:00,211.56117300065927
2011-07-21 15:00:00,223.26802742788743
2011-07-21 16:00:00,267.4836758356459
2011-07-21 17:00:00,314.1015200871119
2011-07-21 18:00:00,318.15512715764356
2011-07-21 19:00:00,268.1418302356579
2011-07-21 20:00:00,270.54305000376235
2011-07-21 21:00:00,283.6787418043822
2011-07-21 22:00:00,328.64953650200073
2011-07-21 23:00:00,355.75135810975894
2011-07-22 00:00:00,48.525606956986266
2011-07-22 01:00:00,46.94043929347829
2011-07-22 02:00:00,41.178538757882436
2011-07-22 03:00:00,48.01348227425393
2011-07-22 04:00:00,50.74570695824202
2011-07-22 05:00:00,49.98749856367125
2011-07-22 06:00:00,60.83213953680482
2011-07-22 07:00:00,98.18466531208877
2011-07-22 08:00:00,116.29114797471674
2011-07-22 09:00:00,111.52085044796627
2011-07-22 10:00:00,148.3960004884509
2011-07-22 11:00:00,170.05006918233096
2011-07-22 12:00:00,192.99682831379835
2011-07-22 13:00:00,203.40998900144524
2011-07-22 14:00:00,235.47970823412743
2011-07-22 15:00:00,250.5717699186771
2011-07-22 16:00:00,198.95794162712068
2011-07-22 17:00:00,315.02649452459684
2011-07-22 18:00:00,416.03069016536006
2011-07-22 19:00:00,436.943255274184
2011-07-22 20:00:00,319.0283397847578
2011-07-22 21:00:00,356.58544006991553
2011-07-22 22:00:00,506.5595456371216
2011-07-22 23:00:00,405.83548092267273
2011-07-23 00:00:00,64.4365622939692
2011-07-23 01:00:00,81.91885415861296
2011-07-23 02:00:00,81.19689605373885
2011-07-23 03:00:00,68.8869956607732
2011-07-23 04:00:00,72.81370355648372
2011-07-23 05:00:00,85.25666368287229
2011-07-23 06:00:00,118.41299999724492
2011-07-23 07:00:00,126.600431417636
2011-07-23 08:00:00,154.6142748163451
2011-07-23 09:00:00,164.08867238654392
2011-07-23 10:00:00,214.0085990016318
2011-07-23 11:00:00,246.58694045293814
2011-07-23 12:00:00,262.9156342867544
2011-07-23 13:00:00,270.1071636141106
2011-07-23 14:00:00,254.7264511400822
2011-07-23 15:00:00,284.19511684986645
2011-07-23 16:00:00,336.8927949961089
2011-07-23 17:00:00,363.5465585283413
2011-07-23 18:00:00,400.83813643119225
2011-07-23 19:00:00,317.9539108670464
2011-07-23 20:00:00,311.6380145868036
2011-07-23 21:00:00,336.2238143211146
2011-07-23 22:00:00,354.61963976773313
2011-07-23 23:00:00,373.9719991085283
2011-07-24 00:00:00,70.97191599478307
2011-07-24 01:00:00,63.64379717720177
2011-07-24 02:00:00,74.06687682492813
2011-07-24 03:00:00,78.92132185171994
2011-07-24 04:00:00,77.01850436294417
2011-07-24 05:00:00,81.63232824078109
2011-07-24 06:00:00,108.96504968898199
2011-07-24 07:00:00,111.63820960457454
2011-07-24 08:00:00,131.6065862251322
2011-07-24 09:00:00,141.94977976634846
2011-07-24 10:00:00,171.82015398080392
2011-07-24 11:00:00,169.81036365946773
2011-07-24 12:00:00,211.82484127144704
2011-07-24 13:00:00,217.06736592496213
2011-07-24 14:00:00,220.09986234164364
2011-07-24 15:00:00,276.9547983067898
2011-07-24 16:00:00,295.02466059131206
2011-07-24 17:00:00,323.4575146501623
2011-07-24 18:00:00,330.435847950936
2011-07-24 19:00:00,313.70845938287744
2011-07-24 20:00:00,320.9587348902875
2011-07-24 21:00:00,251.69485665460792
2011-07-24 22:00:00,222.87417918735375
2011-07-24 23:00:00,269.1234834255988
2011-07-25 00:00:00,32.067003360043486
2011-07-25 01:00:00,35.62771656378126
2011-07-25 02:00:00,35.75260247510717
2011-07-25 03:00:00,29.83684570164484
2011-07-25 04:00:00,32.34418480063146
2011-07-25 05:00:00,35.7893763944573
2011-07-25 06:00:00,49.57413305295489
2011-07-25 07:00:00,54.71711303979875
2011-07-25 08:00:00,66.42547439574722
2011-07-25 09:00:00,77.37239308123155
2011-07-25 10:00:00,98.22044314946825
2011-07-25 11:00:00,137.1469961388292
2011-07-25 12:00:00,151.75295233230588
2011-07-25 13:00:00,120.79504029855869
2011-07-25 14:00:00,124.02010669182286
2011-07-25 15:00:00,101.41472209259655
2011-07-25 16:00:00,110.32253610359479
2011-07-25 17:00:00,137.41677834659598
2011-07-25 18:00:00,167.44570698423595
2011-07-25 19:00:00,198.30236379391258
2011-07-25 20:00:00,206.97704759300566
2011-07-25 21:00:00,167.72312121965803
2011-07-25 22:00:00,186.67046119566075
2011-07-25 23:00:00,224.85013458404808
2011-07-26 00:00:00,19.970463392030084
2011-07-26 01:00:00,22.322544732225225
2011-07-26 02:00:00,19.754050830726612
2011-07-26 03:00:00,22.31379308262833
2011-07-26 04:00:00,25.662880459983732
2011-07-26 05:00:00,26.149638964462294
2011-07-26 06:00:00,35.87000722302362
2011-07-26 07:00:00,60.13132848665532
2011-07-26 08:00:00,83.41674740130959
2011-07-26 09:00:00,129.48287202716523
2011-07-26 10:00:00,179.3766854632123
2011-07-26 11:00:00,184.7518011809688
2011-07-26 12:00:00,216.9824340671707
2011-07-26 13:00:00,249.57692631054923
2011-07-26 14:00:00,290.7302542967095
2011-07-26 15:00:00,339.63093543837994
2011-07-26 16:00:00,320.9723611048928
2011-07-26 17:00:00,362.17724313465004
2011-07-26 18:00:00,381.39689471480324
2011-07-26 19:00:00,393.1592263837621
2011-07-26 20:00:00,408.21793827421476
2011-07-26 21:00:00,423.51659547623206
2011-07-26 22:00:00,406.79479020004885
2011-07-26 23:00:00,432.3522060604322
2011-07-27 00:00:00,46.183950482347484
2011-07-27 01:00:00,50.5797530112722
2011-07-27 02:00:00,52.600980322129445
2011-07-27 03:00:00,48.29524126761018
2011-07-27 04:00:00,62.394669927186506
2011-07-27 05:00:00,64.27016519771449
2011-07-27 06:00:00,70.68218015238276
2011-07-27 07:00:00,91.59419701651677
2011-07-27 08:00:00,116.1527656880412
2011-07-27 09:00:00,150.56759473817542
2011-07-27 10:00:00,158.15740819844532
2011-07-27 11:00:00,186.14318609905737
2011-07-27 12:00:00,240.8041186785098
2011-07-27 13:00:00,270.54844094159455
2011-07-27 14:00:00,308.6756318379312
2011-07-27 15:00:00,360.05807675538676
2011-07-27 16:00:00,395.30208777774703
2011-07-27 17:00:00,433.7779023710282
2011-07-27 18:00:00,452.7795918156838
2011-07-27 19:00:00,484.08437349738983
2011-07-27 20:00:00,390.6560995190013
2011-07-27 21:00:00,390.13422312626767
2011-07-27 22:00:00,396.4916847291173
2011-07-27 23:00:00,510.3085877514477
2011-07-28 00:00:00,41.13231915105877
2011-07-28 01:00:00,42.61520205630285
2011-07-28 02:00:00,48.197547769651095
2011-07-28 03:00:00,49.05101155609782
2011-07-28 04:00:00,49.983467529090596
2011-07-28 05:00:00,51.141163892239135
2011-07-28 06:00:00,51.081747364555625
2011-07-28 07:00:00,60.0717732736814
2011-07-28 08:00:00,73.4808432286839
2011-07-28 09:00:00,98.75138117000533
2011-07-28 10:00:00,121.82512204865593
2011-07-28 11:00:00,136.01584325493914
2011-07-28 12:00:00,158.0271929837287
2011-07-28 13:00:00,195.66889441783377
2011-07-28 14:00:00,224.83590855286036
2011-07-28 15:00:00,226.39314438427152
2011-07-28 16:00:00,262.8033713381418
2011-07-28 17:00:00,263.34872396009973
2011-07-28 18:00:00,279.8281632295807
2011-07-28 19:00:00,291.31565474427464
2011-07-28 20:00:00,297.807101227057
2011-07-28 21:00:00,309.8017981445518
2011-07-28 22:00:00,309.4351630564838
2011-07-28 23:00:00,313.369722761174
2011-07-29 00:00:00,31.85333755569799
2011-07-29 01:00:00,34.711128707935934
2011-07-29 02:00:00,34.70794597593853
2011-07-29 03:00:00,38.106788896674516
2011-07-29 04:00:00,41.71445329233576
2011-07-29 05:00:00,41.72269384629651
2011-07-29 06:00:00,57.37480669502515
2011-07-29 07:00:00,73.43620111363288
2011-07-29 08:00:00,81.58013810596114
2011-07-29 09:00:00,152.08576854880764
2011-07-29 10:00:00,185.7151725482372
2011-07-29 11:00:00,212.47895780414794
2011-07-29 12:00:00,257.89789039156426
2011-07-29 13:00:00,255.66812495809035
2011-07-29 14:00:00,315.43318589784224
2011-07-29 15:00:00,347.5774037097488
2011-07-29 16:00:00,387.5298400536392
2011-07-29 17:00:00,420.70405646060414
2011-07-29 18:00:00,431.3334963542901
2011-07-29 19:00:00,423.4032981829933
2011-07-29 20:00:00,481.92966796404795
2011-07-29 21:00:00,462.96686477061036
2011-07-29 22:00:00,479.3110879883875
2011-07-29 23:00:00,467.6472193808561
2011-07-30 00:00:00,68.24724194562792
2011-07-30 01:00:00,71.57643480630901
2011-07-30 02:00:00,77.63745207094695
2011-07-30 03:00:00,71.42039888922123
2011-07-30 04:00:00,70.50278621131459
2011-07-30 05:00:00,71.13335145819494
2011-07-30 06:00:00,76.87763714051525
2011-07-30 07:00:00,93.49680628597957
2011-07-30 08:00:00,120.37511413553574
2011-07-30 09:00:00,178.26432957924123
2011-07-30 10:00:00,213.98201951436732
2011-07-30 11:00:00,253.27820407802608
2011-07-30 12:00:00,295.6197442952925
2011-07-30 13:00:00,308.12117192532764
2011-07-30 14:00:00,333.3982020912159
2011-07-30 15:00:00,381.5645350036185
2011-07-30 16:00:00,459.98980367525354
2011-07-30 17:00:00,456.3096833449999
2011-07-30 18:00:00,516.6089829637563
2011-07-30 19:00:00,458.8938660370965
2011-07-30 20:00:00,422.40713700613077
2011-07-30 21:00:00,401.4969226156482
2011-07-30 22:00:00,385.26498868488574
2011-07-30 23:00:00,380.16238168251925
2011-07-31 00:00:00,72.16804693116445
2011-07-31 01:00:00,64.22673600682185
2011-07-31 02:00:00,63.654688622777066
2011-07-31 03:00:00,62.66384740271502
2011-07-31 04:00:00,60.00197141665987
2011-07-31 05:00:00,65.39050887233223
2011-07-31 06:00:00,69.26811969219061
2011-07-31 07:00:00,104.61833340660854
2011-07-31 08:00:00,123.94778633734683
2011-07-31 09:00:00,141.95374372667305
2011-07-31 10:00:00,225.009985711195
2011-07-31 11:00:00,289.69183863315567
2011-07-31 12:00:00,328.7152691393877
2011-07-31 13:00:00,355.11984570370294
2011-07-31 14:00:00,380.93661407602235
2011-07-31 15:00:00,471.8184330354832
2011-07-31 16:00:00,516.0810180059693
2011-07-31 17:00:00,553.9425806203616
2011-07-31 18:00:00,344.9393058455903
2011-07-31 19:00:00,267.6608162840895
2011-07-31 20:00:00,285.2285729772313
2011-07-31 21:00:00,273.76825830738295
2011-07-31 22:00:00,217.97830485112394
2011-07-31 23:00:00,251.2809076435805
2011-08-20 00:00:00,24.25080384615264
2011-08-20 01:00:00,30.218297968084187
2011-08-20 02:00:00,36.523177040010964
2011-08-20 03:00:00,39.38726314458167
2011-08-20 04:00:00,41.70634217776092
2011-08-20 05:00:00,39.50646946492408
2011-08-20 06:00:00,58.226541778586224
2011-08-20 07:00:00,47.517638328561596
2011-08-20 08:00:00,73.46333467301992
2011-08-20 09:00:00,91.24923962554641
2011-08-20 10:00:00,119.34000609942063
2011-08-20 11:00:00,126.86990633342256
2011-08-20 12:00:00,153.54051702981508
2011-08-20 13:00:00,180.51629399431312
2011-08-20 14:00:00,237.2741176221657
2011-08-20 15:00:00,291.26737208083085
2011-08-20 16:00:00,291.72408331037775
2011-08-20 17:00:00,298.06153707783335
2011-08-20 18:00:00,256.81083454514396
2011-08-20 19:00:00,241.6697796952124
2011-08-20 20:00:00,262.1338495446584
2011-08-20 21:00:00,236.70171905161578
2011-08-20 22:00:00,273.01389621975045
2011-08-20 23:00:00,242.80711818355275
2011-08-21 00:00:00,46.47164483687324
2011-08-21 01:00:00,42.94590855933005
2011-08-21 02:00:00,45.534915329668245
2011-08-21 03:00:00,43.03237793968225
2011-08-21 04:00:00,47.85497123145078
2011-08-21 05:00:00,43.007413281397646
2011-08-21 06:00:00,45.77287161631521
2011-08-21 07:00:00,58.65081371337219
2011-08-21 08:00:00,69.95702206685147
2011-08-21 09:00:00,86.2179637678253
2011-08-21 10:00:00,93.66660179655156
2011-08-21 11:00:00,136.95244688755236
2011-08-21 12:00:00,160.49719602487377
2011-08-21 13:00:00,170.67265585810208
2011-08-21 14:00:00,85.83266709084877
2011-08-21 15:00:00,99.45885604640434
2011-08-21 16:00:00,119.5834656707986
2011-08-21 17:00:00,126.5582598092438
2011-08-21 18:00:00,138.20800191405158
2011-08-21 19:00:00,175.95226278836705
2011-08-21 20:00:00,151.72616832533285
2011-08-21 21:00:00,161.7873871475553
2011-08-21 22:00:00,208.80074690652293
2011-08-21 23:00:00,201.14284221842206
2011-08-22 00:00:00,22.487561540654436
2011-08-22 01:00:00,24.298356676278498
2011-08-22 02:00:00,42.49589351702359
2011-08-22 03:00:00,29.834061503410982
2011-08-22 04:00:00,44.79945164339765
2011-08-22 05:00:00,49.160388679546465
2011-08-22 06:00:00,58.40713161126673
2011-08-22 07:00:00,64.8063207377279
2011-08-22 08:00:00,71.67251087969096
2011-08-22 09:00:00,93.21307114230348
2011-08-22 10:00:00,120.68188869530675
2011-08-22 11:00:00,182.31363352857477
2011-08-22 12:00:00,200.64021717728218
2011-08-22 13:00:00,248.56684160456706
2011-08-22 14:00:00,272.63199515690565
2011-08-22 15:00:00,298.1761490022519
2011-08-22 16:00:00,332.99920210277924
2011-08-22 17:00:00,389.9082214789098
2011-08-22 18:00:00,414.8684516059395
2011-08-22 19:00:00,424.91986110732546
2011-08-22 20:00:00,403.3903808929607
2011-08-22 21:00:00,404.3276551174157
2011-08-22 22:00:00,456.1718308232344
2011-08-22 23:00:00,463.6869955267641
2011-08-23 00:00:00,36.10188856190895
2011-08-23 01:00:00,31.855935145548084
2011-08-23 02:00:00,32.037514229286
2011-08-23 03:00:00,36.33003223269232
2011-08-23 04:00:00,35.285023399627214
2011-08-23 05:00:00,39.72615230426889
2011-08-23 06:00:00,41.53769057763861
2011-08-23 07:00:00,69.72051162579065
2011-08-23 08:00:00,76.31094918260042
2011-08-23 09:00:00,97.92293590019125
2011-08-23 10:00:00,126.74445856412287
2011-08-23 11:00:00,163.83406458138666
2011-08-23 12:00:00,164.38509061275045
2011-08-23 13:00:00,229.8247515263153
2011-08-23 14:00:00,255.34301136016606
2011-08-23 15:00:00,271.64055737844575
2011-08-23 16:00:00,310.4808341317175
2011-08-23 17:00:00,339.68329068338005
2011-08-23 18:00:00,377.945509465356
2011-08-23 19:00:00,286.53981740483624
2011-08-23 20:00:00,299.2257163927722
2011-08-23 21:00:00,271.7037374110312
2011-08-23 22:00:00,334.658933083304
2011-08-23 23:00:00,344.4403245150826
2011-08-24 00:00:00,31.52172887505514
2011-08-24 01:00:00,31.40431618839359
2011-08-24 02:00:00,27.732227284520945
2011-08-24 03:00:00,30.81579956691421
2011-08-24 04:00:00,29.846146206675463
2011-08-24 05:00:00,33.191786634451454
2011-08-24 06:00:00,33.93295650284845
2011-08-24 07:00:00,54.51052955859034
2011-08-24 08:00:00,57.359082139557216
2011-08-24 09:00:00,66.47465232753025
2011-08-24 10:00:00,100.1197014253469
2011-08-24 11:00:00,123.809051897004
2011-08-24 12:00:00,138.1182336518593
2011-08-24 13:00:00,179.31902538220066
2011-08-24 14:00:00,199.22476971616138
2011-08-24 15:00:00,221.9865185190733
2011-08-24 16:00:00,230.21528230171901
2011-08-24 17:00:00,254.44379519033515
2011-08-24 18:00:00,260.01761042994417
2011-08-24 19:00:00,289.2956112025375
2011-08-24 20:00:00,297.47108702676667
2011-08-24 21:00:00,307.6588613615974
2011-08-24 22:00:00,317.4698662223357
2011-08-24 23:00:00,318.19562790371356
2011-08-25 00:00:00,25.8927597667899
2011-08-25 01:00:00,32.01643852649067
2011-08-25 02:00:00,35.4964044666267
2011-08-25 03:00:00,34.54619522500638
2011-08-25 04:00:00,35.16610316185916
2011-08-25 05:00:00,35.62444730704808
2011-08-25 06:00:00,39.198028174379004
2011-08-25 07:00:00,59.8756733157662
2011-08-25 08:00:00,74.12546033829761
2011-08-25 09:00:00,89.18395032665569
2011-08-25 10:00:00,107.16949871437046
2011-08-25 11:00:00,56.04882620580992
2011-08-25 12:00:00,62.304101108370205
2011-08-25 13:00:00,91.31800841655735
2011-08-25 14:00:00,127.42220905722974
2011-08-25 15:00:00,150.35131116579208
2011-08-25 16:00:00,109.80411293298627
2011-08-25 17:00:00,122.13429355056971
2011-08-25 18:00:00,187.03270573813688
2011-08-25 19:00:00,208.19788423855795
2011-08-25 20:00:00,185.33577857818395
2011-08-25 21:00:00,204.41300616634658
2011-08-25 22:00:00,179.38158719792716
2011-08-25 23:00:00,216.11189312722504
2011-08-26 00:00:00,24.491314334809626
2011-08-26 01:00:00,24.498156934243305
2011-08-26 02:00:00,26.52244216874845
2011-08-26 03:00:00,28.020197549836478
2011-08-26 04:00:00,29.151785327967325
2011-08-26 05:00:00,40.83025724392993
2011-08-26 06:00:00,35.18358958818309
2011-08-26 07:00:00,43.563278885017375
2011-08-26 08:00:00,54.309274181809556
2011-08-26 09:00:00,70.52287093858277
2011-08-26 10:00:00,102.07376962511256
2011-08-26 11:00:00,129.71439239352293
2011-08-26 12:00:00,147.35443556618057
2011-08-26 13:00:00,183.77091434276926
2011-08-26 14:00:00,168.7556991424173
2011-08-26 15:00:00,231.44285528526137
2011-08-26 16:00:00,203.0138511497792
2011-08-26 17:00:00,176.12662612462375
2011-08-26 18:00:00,226.4508886087395
2011-08-26 19:00:00,183.64101722910124
2011-08-26 20:00:00,200.66881883438003
2011-08-26 21:00:00,225.3402589545902
2011-08-26 22:00:00,243.54933730510032
2011-08-26 23:00:00,234.01810056578194
2011-08-27 00:00:00,34.224096119242795
2011-08-27 01:00:00,37.52105397349144
2011-08-27 02:00:00,40.71720316050346
2011-08-27 03:00:00,55.17079617306939
2011-08-27 04:00:00,59.49619262846715
2011-08-27 05:00:00,64.87416524466148
2011-08-27 06:00:00,69.96087489047599
2011-08-27 07:00:00,75.98360944499788
2011-08-27 08:00:00,80.85425704534418
2011-08-27 09:00:00,88.90314741210739
2011-08-27 10:00:00,104.66446641734366
2011-08-27 11:00:00,60.78002925202416
2011-08-27 12:00:00,71.84105770861751
2011-08-27 13:00:00,76.74894280474463
2011-08-27 14:00:00,75.17407177570496
2011-08-27 15:00:00,81.05885610141043
2011-08-27 16:00:00,87.21310122347342
2011-08-27 17:00:00,95.81377578813428
2011-08-28 07:00:00,45.247142153025166
2011-08-28 08:00:00,48.546271338180446
2011-08-28 09:00:00,79.32390724709
2011-08-28 10:00:00,119.80605481442664
2011-08-28 11:00:00,133.94570348308378
2011-08-28 12:00:00,172.55918200659727
2011-08-28 13:00:00,215.47270978396912
2011-08-28 14:00:00,246.5356423145909
2011-08-28 15:00:00,261.0464804933227
2011-08-28 16:00:00,336.19679277121895
2011-08-28 17:00:00,310.6105407378604
2011-08-28 18:00:00,304.69476555733075
2011-08-28 19:00:00,272.7043830524267
2011-08-28 20:00:00,305.0437694431452
2011-08-28 21:00:00,214.09395718746356
2011-08-28 22:00:00,185.5201696532793
2011-08-28 23:00:00,176.3397131581802
2011-08-29 00:00:00,22.784635938470927
2011-08-29 01:00:00,26.59692622541717
2011-08-29 02:00:00,30.05077010419892
2011-08-29 03:00:00,32.458708188726185
2011-08-29 04:00:00,32.70572680988631
2011-08-29 05:00:00,33.148625418802965
2011-08-29 06:00:00,36.71578346985987
2011-08-29 07:00:00,60.03589921803399
2011-08-29 08:00:00,73.62904724107838
2011-08-29 09:00:00,87.83839322772582
2011-08-29 10:00:00,113.81264429624417
2011-08-29 11:00:00,124.3929145261763
2011-08-29 12:00:00,159.45681530810356
2011-08-29 13:00:00,175.71038281806813
2011-08-29 14:00:00,177.58720095970614
2011-08-29 15:00:00,217.42478107226458
2011-08-29 16:00:00,248.05051526709784
2011-08-29 17:00:00,260.131224394757
2011-08-29 18:00:00,258.66021210090435
2011-08-29 19:00:00,286.9373111108758
2011-08-29 20:00:00,274.3610174168122
2011-08-29 21:00:00,306.6346102334985
2011-08-29 22:00:00,305.91641409344794
2011-08-29 23:00:00,305.87215826289855
2011-08-30 00:00:00,17.455341661013755
2011-08-30 01:00:00,21.121209691704383
2011-08-30 02:00:00,20.736020324077984
2011-08-30 03:00:00,23.743712905275444
2011-08-30 04:00:00,23.657009925759297
2011-08-30 05:00:00,25.930924335517158
2011-08-30 06:00:00,32.59993516601598
2011-08-30 07:00:00,41.889960389844134
2011-08-30 08:00:00,68.11006023716415
2011-08-30 09:00:00,92.67187428021242
2011-08-30 10:00:00,136.15733306370882
2011-08-30 11:00:00,162.7989534792529
2011-08-30 12:00:00,163.37920435328797
2011-08-30 13:00:00,209.43500467185237
2011-08-30 14:00:00,248.19017810888707
2011-08-30 15:00:00,269.1017902559457
2011-08-30 16:00:00,285.2553799638147
2011-08-30 17:00:00,287.12746535248635
2011-08-30 18:00:00,292.3773301699613
2011-08-30 19:00:00,277.0972951997259
2011-08-30 20:00:00,287.036914914849
2011-08-30 21:00:00,255.70458474865325
2011-08-30 22:00:00,279.530625853367
2011-08-30 23:00:00,313.7641337149994
2011-08-31 00:00:00,21.657741915976562
2011-08-31 01:00:00,24.04934071137926
2011-08-31 02:00:00,22.192187765701316
2011-08-31 03:00:00,22.636028366494763
2011-08-31 04:00:00,27.43142093550347
2011-08-31 05:00:00,26.78107309586042
2011-08-31 06:00:00,30.43803886938939
2011-08-31 07:00:00,37.94052971882991
2011-08-31 08:00:00,52.24396864159481
2011-08-31 09:00:00,63.97748703296315
2011-08-31 10:00:00,123.079046573596
2011-08-31 11:00:00,150.9708875834619
2011-08-31 12:00:00,168.41481867967786
2011-08-31 13:00:00,206.52464843675605
2011-08-31 14:00:00,217.34118259837572
2011-08-31 15:00:00,241.40488505214472
2011-08-31 16:00:00,261.71046192369533
2011-08-31 17:00:00,266.9769708581639
2011-08-31 18:00:00,265.88506271397097
2011-08-31 19:00:00,358.5543310681624
2011-08-31 20:00:00,271.2876883167317
2011-08-31 21:00:00,276.5326426859353
2011-08-31 22:00:00,238.66656405066993
2011-08-31 23:00:00,231.7862139984349
2011-09-20 00:00:00,20.978052327538578
2011-09-20 01:00:00,18.603968998249453
2011-09-20 02:00:00,20.83891117025031
2011-09-20 03:00:00,25.13524763461717
2011-09-20 04:00:00,20.650720714164482
2011-09-20 05:00:00,29.510442484164688
2011-09-20 06:00:00,33.084512269948036
2011-09-20 07:00:00,36.86830810075204
2011-09-20 08:00:00,28.11843656555709
2011-09-20 09:00:00,31.408381077930844
2011-09-20 10:00:00,37.793830284800144
2011-09-20 11:00:00,42.41599277135363
2011-09-20 12:00:00,63.11089628438031
2011-09-20 13:00:00,70.33569733260364
2011-09-20 14:00:00,89.10845332466937
2011-09-20 15:00:00,120.5843981734214
2011-09-20 16:00:00,122.86058922064079
2011-09-20 17:00:00,108.68630530961363
2011-09-20 18:00:00,122.03809667608341
2011-09-20 19:00:00,112.05354695875492
2011-09-20 20:00:00,110.33107596475726
2011-09-20 21:00:00,124.00881089427082
2011-09-20 22:00:00,139.4002213455159
2011-09-20 23:00:00,156.72158446628637
2011-09-21 00:00:00,10.92359675834659
2011-09-21 01:00:00,13.435620051546536
2011-09-21 02:00:00,14.949977951763971
2011-09-21 03:00:00,23.575571624808678
2011-09-21 04:00:00,24.758061533403463
2011-09-21 05:00:00,27.777243073924414
2011-09-21 06:00:00,31.13291829047534
2011-09-21 07:00:00,34.68206826845371
2011-09-21 08:00:00,37.77557316615393
2011-09-21 09:00:00,43.215642708083934
2011-09-21 10:00:00,54.214068065576754
2011-09-21 11:00:00,74.7032910941364
2011-09-21 12:00:00,89.69828832559928
2011-09-21 13:00:00,112.77836533806223
2011-09-21 14:00:00,126.33491691728162
2011-09-21 15:00:00,137.51045009772307
2011-09-21 16:00:00,153.130210893573
2011-09-21 17:00:00,114.19504202966729
2011-09-21 18:00:00,110.54476065356684
2011-09-21 19:00:00,97.22136418255002
2011-09-21 20:00:00,108.45799482679567
2011-09-21 21:00:00,159.13716404628752
2011-09-21 22:00:00,187.22707987987664
2011-09-21 23:00:00,166.10584329269435
2011-09-22 00:00:00,14.36861855064436
2011-09-22 01:00:00,20.783712937084797
2011-09-22 02:00:00,23.21982972290223
2011-09-22 03:00:00,25.666788625460438
2011-09-22 04:00:00,28.52976367835743
2011-09-22 05:00:00,31.888679966785702
2011-09-22 06:00:00,32.573567023957146
2011-09-22 07:00:00,35.908846086560175
2011-09-22 08:00:00,40.611330380165356
2011-09-22 09:00:00,52.08771304574089
2011-09-22 10:00:00,64.92619581214132
2011-09-22 11:00:00,71.81778581996815
2011-09-22 12:00:00,89.76532969468117
2011-09-22 13:00:00,100.44636053147931
2011-09-22 14:00:00,112.32236310367634
2011-09-22 15:00:00,135.77025649054076
2011-09-22 16:00:00,161.0112408691895
2011-09-22 17:00:00,160.2783812965231
2011-09-22 18:00:00,160.69048595890618
2011-09-22 19:00:00,164.2162080194978
2011-09-22 20:00:00,166.921571728321
2011-09-22 21:00:00,203.5964543505446
2011-09-22 22:00:00,183.48246701233847
2011-09-22 23:00:00,210.18137957998488
2011-09-23 00:00:00,39.21336609393144
2011-09-23 01:00:00,34.66687099238151
2011-09-23 02:00:00,41.45318503803284
2011-09-23 03:00:00,41.880117463218184
2011-09-23 04:00:00,34.00810415400199
2011-09-23 05:00:00,58.07180509453018
2011-09-23 06:00:00,69.06058622174397
2011-09-23 07:00:00,55.380035229049824
2011-09-23 08:00:00,60.87271033579424
2011-09-23 09:00:00,61.491488868662
2011-09-23 10:00:00,66.99891668743935
2011-09-23 11:00:00,73.6633479358399
2011-09-23 12:00:00,88.08621266922512
2011-09-23 13:00:00,86.36740642194911
2011-09-23 14:00:00,94.96774940289586
2011-09-23 15:00:00,117.04203541707588
2011-09-23 16:00:00,118.28336672399601
2011-09-23 17:00:00,157.78254854085208
2011-09-23 18:00:00,128.865301726734
2011-09-23 19:00:00,182.8957878575212
2011-09-23 20:00:00,175.4986503333484
2011-09-23 21:00:00,189.47026769350768
2011-09-23 22:00:00,234.62899390853275
2011-09-23 23:00:00,316.9136765592676
2011-09-24 00:00:00,32.410859304389106
2011-09-24 01:00:00,50.85643460807577
2011-09-24 02:00:00,54.830209875891676
2011-09-24 03:00:00,41.8053055955098
2011-09-24 04:00:00,47.40386933731812
2011-09-24 05:00:00,66.78061421848105
2011-09-24 06:00:00,71.99852054699306
2011-09-24 07:00:00,84.08659352948091
2011-09-24 08:00:00,90.97934732080945
2011-09-24 09:00:00,102.5347816218005
2011-09-24 10:00:00,110.55563286076419
2011-09-24 11:00:00,134.71911602670266
2011-09-24 12:00:00,145.26932480336154
2011-09-24 13:00:00,132.23743855576942
2011-09-24 14:00:00,213.05041796088312
2011-09-24 15:00:00,229.7690627195296
2011-09-24 16:00:00,218.60717835940397
2011-09-24 17:00:00,221.29288097326548
2011-09-24 18:00:00,209.90214205838072
2011-09-24 19:00:00,163.2238299719537
2011-09-24 20:00:00,197.15517576094575
2011-09-24 21:00:00,230.115007452922
2011-09-24 22:00:00,260.31719922588513
2011-09-24 23:00:00,294.4081594061496
2011-09-25 00:00:00,50.98959494071064
2011-09-25 01:00:00,59.18162905956811
2011-09-25 02:00:00,36.74525386957129
2011-09-25 03:00:00,39.200462572236084
2011-09-25 04:00:00,45.92076103571613
2011-09-25 05:00:00,59.89861827487283
2011-09-25 06:00:00,81.69304613643386
2011-09-25 07:00:00,77.92283857973553
2011-09-25 08:00:00,88.14475598162426
2011-09-25 09:00:00,104.41870425934445
2011-09-25 10:00:00,111.36538311769513
2011-09-25 11:00:00,147.68166164308428
2011-09-25 12:00:00,143.40811888304677
2011-09-25 13:00:00,170.58116547930726
2011-09-25 14:00:00,163.09200090857945
2011-09-25 15:00:00,173.92844050559555
2011-09-25 16:00:00,192.53579812257686
2011-09-25 17:00:00,184.27094866093762
2011-09-25 18:00:00,196.49286147516926
2011-09-25 19:00:00,175.5086567997683
2011-09-25 20:00:00,184.51163724714016
2011-09-25 21:00:00,152.339096058322
2011-09-25 22:00:00,185.18207399118626
2011-09-25 23:00:00,227.78405319179666
2011-09-26 00:00:00,27.166780349666627
2011-09-26 01:00:00,36.27749390954155
2011-09-26 02:00:00,40.177329530257936
2011-09-26 03:00:00,36.97809122162678
2011-09-26 04:00:00,44.38116221559023
2011-09-26 05:00:00,50.27754236372688
2011-09-26 06:00:00,54.646268640931325
2011-09-26 07:00:00,56.063764352039186
2011-09-26 08:00:00,62.26262928336101
2011-09-26 09:00:00,85.99038499429301
2011-09-26 10:00:00,95.50442021111168
2011-09-26 11:00:00,108.78723189376987
2011-09-26 12:00:00,146.26986520848823
2011-09-26 13:00:00,181.60461468209408
2011-09-26 14:00:00,178.84042386030035
2011-09-26 15:00:00,239.47271167054396
2011-09-26 16:00:00,242.95860182550007
2011-09-26 17:00:00,243.11524305686794
2011-09-26 18:00:00,197.50233899608315
2011-09-26 19:00:00,222.59971194542052
2011-09-26 20:00:00,213.01294538596932
2011-09-26 21:00:00,237.2329624611477
2011-09-26 22:00:00,232.6245456979856
2011-09-26 23:00:00,259.2643013456611
2011-09-27 00:00:00,20.103772509179606
2011-09-27 01:00:00,22.687263937039
2011-09-27 02:00:00,25.004979978897442
2011-09-27 03:00:00,33.71787565950699
2011-09-27 04:00:00,29.399501702015638
2011-09-27 05:00:00,32.974743827791464
2011-09-27 06:00:00,51.722108262052615
2011-09-27 07:00:00,58.02015544425725
2011-09-27 08:00:00,72.62368969534488
2011-09-27 09:00:00,58.62711090476799
2011-09-27 10:00:00,61.47507616684375
2011-09-27 11:00:00,104.97569321045191
2011-09-27 12:00:00,118.88276741904616
2011-09-27 13:00:00,184.53231637633147
2011-09-27 14:00:00,180.2901113899266
2011-09-27 15:00:00,190.03307674313754
2011-09-27 16:00:00,211.30874509809007
2011-09-27 17:00:00,215.12019143753417
2011-09-27 18:00:00,237.4679397567535
2011-09-27 19:00:00,261.78656566639023
2011-09-27 20:00:00,254.33658332072346
2011-09-27 21:00:00,250.14594414867125
2011-09-27 22:00:00,275.1518450462563
2011-09-27 23:00:00,309.3216555760651
2011-09-28 00:00:00,22.84627009220421
2011-09-28 01:00:00,25.411669514279623
2011-09-28 02:00:00,31.785775916324052
2011-09-28 03:00:00,38.83329951113678
2011-09-28 04:00:00,35.006313088311146
2011-09-28 05:00:00,44.50056604528517
2011-09-28 06:00:00,39.441457440453206
2011-09-28 07:00:00,43.94489643814782
2011-09-28 08:00:00,51.709851860089486
2011-09-28 09:00:00,57.62341083748811
2011-09-28 10:00:00,79.72437522309372
2011-09-28 11:00:00,121.71916373266649
2011-09-28 12:00:00,137.0786465143385
2011-09-28 13:00:00,159.6859221216872
2011-09-28 14:00:00,229.14464755639102
2011-09-28 15:00:00,205.39861562938415
2011-09-28 16:00:00,231.84855244712662
2011-09-28 17:00:00,259.6019164275431
2011-09-28 18:00:00,184.0407492635622
2011-09-28 19:00:00,205.2076238043524
2011-09-28 20:00:00,211.97905483178937
2011-09-28 21:00:00,222.2846423791936
2011-09-28 22:00:00,266.15588504204976
2011-09-28 23:00:00,264.100587316723
2011-09-29 00:00:00,23.03589251825085
2011-09-29 01:00:00,30.48635473011574
2011-09-29 02:00:00,33.89771608719828
2011-09-29 03:00:00,41.4195055247855
2011-09-29 04:00:00,51.43552012163928
2011-09-29 05:00:00,55.893041180088034
2011-09-29 06:00:00,61.80431095171194
2011-09-29 07:00:00,54.64496834107281
2011-09-29 08:00:00,61.366220482547995
2011-09-29 09:00:00,87.91895146726887
2011-09-29 10:00:00,126.52955428303056
2011-09-29 11:00:00,148.30221188166905
2011-09-29 12:00:00,172.66911893469015
2011-09-29 13:00:00,189.7864871242045
2011-09-29 14:00:00,271.9740249675254
2011-09-29 15:00:00,342.46487348814077
2011-09-29 16:00:00,409.4551496927885
2011-09-29 17:00:00,388.59748939089366
2011-09-29 18:00:00,466.58824265241
2011-09-29 19:00:00,415.2550341392503
2011-09-29 20:00:00,426.7803129881541
2011-09-29 21:00:00,375.0783395294756
2011-09-29 22:00:00,327.70195036841585
2011-09-29 23:00:00,316.79866657399816
2011-09-30 00:00:00,31.671177018842467
2011-09-30 01:00:00,38.18187933068294
2011-09-30 02:00:00,38.23407077017599
2011-09-30 03:00:00,42.01128711074992
2011-09-30 04:00:00,47.221927223449434
2011-09-30 05:00:00,51.89049020092558
2011-09-30 06:00:00,57.332520062785676
2011-09-30 07:00:00,63.00477487050708
2011-09-30 08:00:00,78.09800867593086
2011-09-30 09:00:00,96.94541555568713
2011-09-30 10:00:00,127.60692423760034
2011-09-30 11:00:00,183.3260318625148
2011-09-30 12:00:00,230.37824688697643
2011-09-30 13:00:00,305.39054868028865
2011-09-30 14:00:00,326.5304980505299
2011-09-30 15:00:00,317.26882908846073
2011-09-30 16:00:00,318.7232043683875
2011-09-30 17:00:00,348.1054050015759
2011-09-30 18:00:00,366.08743103570134
2011-09-30 19:00:00,343.3774187420957
2011-09-30 20:00:00,377.2765896537397
2011-09-30 21:00:00,369.99828365652627
2011-09-30 22:00:00,414.8813217779592
2011-09-30 23:00:00,455.9501691866043
2011-10-20 00:00:00,23.081635415104355
2011-10-20 01:00:00,28.603331150780402
2011-10-20 02:00:00,32.05874824310655
2011-10-20 03:00:00,35.01746035862316
2011-10-20 04:00:00,38.92550805972138
2011-10-20 05:00:00,41.07503416011888
2011-10-20 06:00:00,42.16387344630801
2011-10-20 07:00:00,48.399884832322655
2011-10-20 08:00:00,65.67059809775876
2011-10-20 09:00:00,73.36818419403774
2011-10-20 10:00:00,95.62355865195124
2011-10-20 11:00:00,119.70838901467266
2011-10-20 12:00:00,148.3469003306862
2011-10-20 13:00:00,183.24363172390144
2011-10-20 14:00:00,196.66422160509921
2011-10-20 15:00:00,209.94170672590803
2011-10-20 16:00:00,233.58147277189119
2011-10-20 17:00:00,267.06325326592145
2011-10-20 18:00:00,270.31656145364593
2011-10-20 19:00:00,279.65988261133623
2011-10-20 20:00:00,336.26092726680156
2011-10-20 21:00:00,326.92415084746006
2011-10-20 22:00:00,365.46046057898195
2011-10-20 23:00:00,346.7023628445524
2011-10-21 00:00:00,34.03631899726203
2011-10-21 01:00:00,37.22660838564973
2011-10-21 02:00:00,36.36183609319216
2011-10-21 03:00:00,34.246341006491924
2011-10-21 04:00:00,37.93052486284614
2011-10-21 05:00:00,37.55836079494049
2011-10-21 06:00:00,45.850818347165
2011-10-21 07:00:00,50.41311726401866
2011-10-21 08:00:00,71.7376657691648
2011-10-21 09:00:00,96.92406660125489
2011-10-21 10:00:00,118.60708041621587
2011-10-21 11:00:00,161.82105106937038
2011-10-21 12:00:00,179.73084120284068
2011-10-21 13:00:00,178.7869696511
2011-10-21 14:00:00,240.79804908075909
2011-10-21 15:00:00,237.8242674275689
2011-10-21 16:00:00,260.1710617900841
2011-10-21 17:00:00,252.91006002515434
2011-10-21 18:00:00,255.2736498955304
2011-10-21 19:00:00,285.2582377012636
2011-10-21 20:00:00,306.99822829261905
2011-10-21 21:00:00,272.03393602948756
2011-10-21 22:00:00,316.8157287581526
2011-10-21 23:00:00,299.00903959647343
2011-10-22 00:00:00,41.43807738456942
2011-10-22 01:00:00,44.67398793731661
2011-10-22 02:00:00,48.656783534950904
2011-10-22 03:00:00,51.21946209927976
2011-10-22 04:00:00,48.69059790251285
2011-10-22 05:00:00,48.503035683171994
2011-10-22 06:00:00,46.327299936952286
2011-10-22 07:00:00,49.88391393131273
2011-10-22 08:00:00,59.571495008160085
2011-10-22 09:00:00,77.70249878347794
2011-10-22 10:00:00,109.16242489102919
2011-10-22 11:00:00,117.69960842310064
2011-10-22 12:00:00,131.20926224258312
2011-10-22 13:00:00,173.95575698764105
2011-10-22 14:00:00,200.990537360667
2011-10-22 15:00:00,192.67473111472725
2011-10-22 16:00:00,242.9392408957511
2011-10-22 17:00:00,194.07598071679416
2011-10-22 18:00:00,197.54865221554502
2011-10-22 19:00:00,160.7899153925109
2011-10-22 20:00:00,164.2868876785884
2011-10-22 21:00:00,147.17439039077206
2011-10-22 22:00:00,158.668730280272
2011-10-22 23:00:00,149.4936482715695
2011-10-23 00:00:00,24.829118845863697
2011-10-23 01:00:00,26.49491594984016
2011-10-23 02:00:00,28.793630433413046
2011-10-23 03:00:00,28.870722707682194
2011-10-23 04:00:00,30.810334902657413
2011-10-23 05:00:00,31.50981188405246
2011-10-23 06:00:00,35.987603949015345
2011-10-23 07:00:00,39.860730215323855
2011-10-23 08:00:00,44.33890196973225
2011-10-23 09:00:00,57.24722407451945
2011-10-23 10:00:00,74.93076332895083
2011-10-23 11:00:00,89.25686215342853
2011-10-23 12:00:00,133.38894275262157
2011-10-23 13:00:00,159.52744491605685
2011-10-23 14:00:00,171.04210074165138
2011-10-23 15:00:00,189.96229885392506
2011-10-23 16:00:00,193.448891946049
2011-10-23 17:00:00,167.985694371664
2011-10-23 18:00:00,177.55860091581744
2011-10-23 19:00:00,125.0719808203869
2011-10-23 20:00:00,148.52780527180516
2011-10-23 21:00:00,158.4712390622845
2011-10-23 22:00:00,149.882030204026
2011-10-23 23:00:00,162.5898552487108
2011-10-24 00:00:00,19.09540277862363
2011-10-24 01:00:00,20.612329168899162
2011-10-24 02:00:00,21.09543726118377
2011-10-24 03:00:00,25.02402147897167
2011-10-24 04:00:00,25.677256880370745
2011-10-24 05:00:00,25.44574913262731
2011-10-24 06:00:00,32.10955267660315
2011-10-24 07:00:00,40.701337998401
2011-10-24 08:00:00,52.93049816064456
2011-10-24 09:00:00,65.33875681513719
2011-10-24 10:00:00,77.14364647904426
2011-10-24 11:00:00,103.05822326543361
2011-10-24 12:00:00,123.54178715937394
2011-10-24 13:00:00,155.0471316772841
2011-10-24 14:00:00,171.31500991242459
2011-10-24 15:00:00,184.38348119166943
2011-10-24 16:00:00,184.38209709252706
2011-10-24 17:00:00,181.22386555987978
2011-10-24 18:00:00,236.7323883509115
2011-10-24 19:00:00,128.22273253291368
2011-10-24 20:00:00,182.85042599844786
2011-10-24 21:00:00,181.54862060512693
2011-10-24 22:00:00,256.60440303892835
2011-10-24 23:00:00,260.1352353453382
2011-10-25 00:00:00,19.449041442973414
2011-10-25 01:00:00,21.796725813156304
2011-10-25 02:00:00,21.681051790478257
2011-10-25 03:00:00,19.741396539665132
2011-10-25 04:00:00,23.318158522889497
2011-10-25 05:00:00,26.176418182018974
2011-10-25 06:00:00,31.199092354395543
2011-10-25 07:00:00,40.719891762315164
2011-10-25 08:00:00,47.743243941868826
2011-10-25 09:00:00,85.72451508757956
2011-10-25 10:00:00,108.43424729175993
2011-10-25 11:00:00,135.1156245832704
2011-10-25 12:00:00,187.21878492622665
2011-10-25 13:00:00,229.8269165536505
2011-10-25 14:00:00,240.5861506714343
2011-10-25 15:00:00,274.61451892580783
2011-10-25 16:00:00,314.84177560031395
2011-10-25 17:00:00,345.02798535192187
2011-10-25 18:00:00,320.26274582969154
2011-10-25 19:00:00,225.10415002052872
2011-10-25 20:00:00,236.09843281166508
2011-10-25 21:00:00,237.7632815919149
2011-10-25 22:00:00,305.16102152021165
2011-10-25 23:00:00,300.6510175543425
2011-10-26 00:00:00,24.1306182958001
2011-10-26 01:00:00,29.236979867608163
2011-10-26 02:00:00,32.00764206999451
2011-10-26 03:00:00,36.04518440288356
2011-10-26 04:00:00,36.21414048931704
2011-10-26 05:00:00,40.142832640496124
2011-10-26 06:00:00,44.7168143525695
2011-10-26 07:00:00,49.241850703710085
2011-10-26 08:00:00,71.41287137504101
2011-10-26 09:00:00,92.04449625448075
2011-10-26 10:00:00,114.72798390828208
2011-10-26 11:00:00,119.05959651501138
2011-10-26 12:00:00,109.14518987148064
2011-10-26 13:00:00,106.56519784023772
2011-10-26 14:00:00,131.95831480597084
2011-10-26 15:00:00,147.0946846050992
2011-10-26 16:00:00,177.43621433921763
2011-10-26 17:00:00,198.90670982162442
2011-10-26 18:00:00,185.3946386272758
2011-10-26 19:00:00,166.02132823547825
2011-10-26 20:00:00,168.8315679231132
2011-10-26 21:00:00,282.90326149412317
2011-10-26 22:00:00,279.7010551085373
2011-10-26 23:00:00,312.19598256070066
2011-10-27 00:00:00,16.93507297937149
2011-10-27 01:00:00,18.829347681661716
2011-10-27 02:00:00,19.74336694601277
2011-10-27 03:00:00,21.964817973990236
2011-10-27 04:00:00,26.419138191717725
2011-10-27 05:00:00,31.80128908350421
2011-10-27 06:00:00,35.45699448712776
2011-10-27 07:00:00,50.61030836732928
2011-10-27 08:00:00,45.0608337965206
2011-10-27 09:00:00,79.09026529194979
2011-10-27 10:00:00,58.06028189864911
2011-10-27 11:00:00,63.75492092815758
2011-10-27 12:00:00,70.97684033913416
2011-10-27 13:00:00,113.46405714833242
2011-10-27 14:00:00,125.64886414512368
2011-10-27 15:00:00,152.164702382766
2011-10-27 16:00:00,209.55660286097253
2011-10-27 17:00:00,216.64457336719764
2011-10-27 18:00:00,243.59587158718503
2011-10-27 19:00:00,247.21618939160868
2011-10-27 20:00:00,226.44638891237508
2011-10-27 21:00:00,258.7515217632614
2011-10-27 22:00:00,234.08932952809658
2011-10-27 23:00:00,264.5655071900602
2011-10-28 00:00:00,26.50539741720513
2011-10-28 01:00:00,27.82446278776817
2011-10-28 02:00:00,30.72493856810695
2011-10-28 03:00:00,30.75048810832502
2011-10-28 04:00:00,35.982978072091825
2011-10-28 05:00:00,46.90711866066869
2011-10-28 06:00:00,41.51711596865513
2011-10-28 07:00:00,45.66219092996829
2011-10-28 08:00:00,55.31050122219145
2011-10-28 09:00:00,66.38956894369541
2011-10-28 10:00:00,76.63422090602427
2011-10-28 11:00:00,98.80550930003604
2011-10-28 12:00:00,138.48094514845627
2011-10-28 13:00:00,151.1357807689233
2011-10-28 14:00:00,146.0866371661164
2011-10-28 15:00:00,164.12306478715143
2011-10-28 16:00:00,175.514445832441
2011-10-28 17:00:00,184.8215467868112
2011-10-28 18:00:00,199.32382727763982
2011-10-28 19:00:00,223.4903006763289
2011-10-28 20:00:00,132.75664578687443
2011-10-28 21:00:00,135.27982092570798
2011-10-28 22:00:00,141.1362746325485
2011-10-28 23:00:00,150.73870845198965
2011-10-29 00:00:00,18.916686852929978
2011-10-29 01:00:00,21.169406515893385
2011-10-29 02:00:00,22.815565868649077
2011-10-29 03:00:00,25.48199384828886
2011-10-29 04:00:00,27.4640905572165
2011-10-29 05:00:00,25.832448814103724
2011-10-29 06:00:00,28.35106477332748
2011-10-29 07:00:00,30.55434641639705
2011-10-29 08:00:00,34.676179475582515
2011-10-29 09:00:00,37.37236284662053
2011-10-29 10:00:00,37.428054904622286
2011-10-29 11:00:00,40.599536245058
2011-10-29 12:00:00,42.81301172221777
2011-10-29 13:00:00,46.24659059538001
2011-10-29 14:00:00,49.53893143094371
2011-10-29 15:00:00,51.50751435435003
2011-10-29 16:00:00,55.191661516175856
2011-10-29 17:00:00,59.47888816105288
2011-10-29 18:00:00,64.09928160012969
2011-10-29 19:00:00,81.8960160828906
2011-10-29 20:00:00,88.26430048804497
2011-10-29 21:00:00,95.12801730859049
2011-10-29 22:00:00,99.11526639552463
2011-10-29 23:00:00,107.95695335420488
2011-10-30 00:00:00,19.81221420961494
2011-10-30 01:00:00,21.251607835341495
2011-10-30 02:00:00,22.78462806207
2011-10-30 03:00:00,28.65931060271879
2011-10-30 04:00:00,27.80291780937153
2011-10-30 05:00:00,32.43003599537198
2011-10-30 06:00:00,34.965417289967746
2011-10-30 07:00:00,35.41726302328475
2011-10-30 08:00:00,44.47422690695035
2011-10-30 09:00:00,55.50192068736805
2011-10-30 10:00:00,65.20796142841381
2011-10-30 11:00:00,87.89866207251329
2011-10-30 12:00:00,106.77050388812917
2011-10-30 13:00:00,134.9132521455824
2011-10-30 14:00:00,164.6709662387538
2011-10-30 15:00:00,182.7287514952179
2011-10-30 16:00:00,202.5338867587882
2011-10-30 17:00:00,191.19749232739878
2011-10-30 18:00:00,162.6661075839957
2011-10-30 19:00:00,296.86042930688876
2011-10-30 20:00:00,130.50528662234302
2011-10-30 21:00:00,117.44932016868512
2011-10-30 22:00:00,106.62899300296183
2011-10-30 23:00:00,90.77233838417742
2011-10-31 00:00:00,11.836317503556929
2011-10-31 01:00:00,14.129007617673055
2011-10-31 02:00:00,14.153643099123324
2011-10-31 03:00:00,16.604716048413636
2011-10-31 04:00:00,17.522967134787837
2011-10-31 05:00:00,17.700552955384417
2011-10-31 06:00:00,21.715263544394553
2011-10-31 07:00:00,22.57428169967271
2011-10-31 08:00:00,36.579905929529126
2011-10-31 09:00:00,51.51166626501955
2011-10-31 10:00:00,74.16732674725404
2011-10-31 11:00:00,92.9647377005854
2011-10-31 12:00:00,121.40683967212573
2011-10-31 13:00:00,150.13400999679163
2011-10-31 14:00:00,161.7141508304785
2011-10-31 15:00:00,166.90494696894987
2011-10-31 16:00:00,158.8779999300754
2011-10-31 17:00:00,175.53622637045527
2011-10-31 18:00:00,154.73748229072237
2011-10-31 19:00:00,172.39988237830897
2011-10-31 20:00:00,192.11588984359133
2011-10-31 21:00:00,206.84788740255922
2011-10-31 22:00:00,230.73650341619208
2011-10-31 23:00:00,257.4218338776955
2011-11-20 00:00:00,38.79176134979196
2011-11-20 01:00:00,47.131066422014
2011-11-20 02:00:00,50.493917397756576
2011-11-20 03:00:00,58.74869085881101
2011-11-20 04:00:00,59.504931923806765
2011-11-20 05:00:00,69.84769020003725
2011-11-20 06:00:00,74.19453072495588
2011-11-20 07:00:00,67.79327960984517
2011-11-20 08:00:00,81.22749823119099
2011-11-20 09:00:00,74.48473711352807
2011-11-20 10:00:00,92.81359287691546
2011-11-20 11:00:00,129.13252047853103
2011-11-20 12:00:00,138.9769710093979
2011-11-20 13:00:00,173.81620328702138
2011-11-20 14:00:00,149.54467097374229
2011-11-20 15:00:00,168.9368269939299
2011-11-20 16:00:00,189.6291267529462
2011-11-20 17:00:00,205.0311245582676
2011-11-20 18:00:00,227.15533828568624
2011-11-20 19:00:00,193.37842815214705
2011-11-20 20:00:00,227.9779716037863
2011-11-20 21:00:00,196.28110185936825
2011-11-20 22:00:00,122.99013462438465
2011-11-20 23:00:00,131.2508666277225
2011-11-21 00:00:00,21.10108820498601
2011-11-21 01:00:00,18.697909762394612
2011-11-21 02:00:00,19.199559993180213
2011-11-21 03:00:00,21.039802199763134
2011-11-21 04:00:00,23.380211769138953
2011-11-21 05:00:00,32.06174032534042
2011-11-21 06:00:00,34.30179650658116
2011-11-21 07:00:00,48.543149106069464
2011-11-21 08:00:00,48.79333768345319
2011-11-21 09:00:00,61.38042182498404
2011-11-21 10:00:00,76.99624379077504
2011-11-21 11:00:00,93.09845219460794
2011-11-21 12:00:00,107.36172893784494
2011-11-21 13:00:00,119.37363674397416
2011-11-21 14:00:00,122.00814507403449
2011-11-21 15:00:00,80.0093174783637
2011-11-21 16:00:00,89.1483441493517
2011-11-21 17:00:00,96.66886993696171
2011-11-21 18:00:00,109.41037060924008
2011-11-21 19:00:00,113.80191700487109
2011-11-21 20:00:00,132.05625091466655
2011-11-21 21:00:00,145.57738273059857
2011-11-21 22:00:00,161.19138365840504
2011-11-21 23:00:00,181.16392412256837
2011-11-22 00:00:00,12.466074315108672
2011-11-22 01:00:00,14.691418952350924
2011-11-22 02:00:00,15.250235930429747
2011-11-22 03:00:00,17.125024984239708
2011-11-22 04:00:00,20.1299687782822
2011-11-22 05:00:00,22.60814852419485
2011-11-22 06:00:00,34.684078339566966
2011-11-22 07:00:00,28.86456576876858
2011-11-22 08:00:00,32.43248491223672
2011-11-22 09:00:00,33.858364748236575
2011-11-22 10:00:00,38.04948732582816
2011-11-22 11:00:00,46.94278712664721
2011-11-22 12:00:00,50.47557515628646
2011-11-22 13:00:00,58.857269024642555
2011-11-22 14:00:00,66.17828881820581
2011-11-22 15:00:00,73.75872773675786
2011-11-22 16:00:00,82.93346778436526
2011-11-22 17:00:00,97.60806621213142
2011-11-22 18:00:00,101.47394653387106
2011-11-22 19:00:00,133.25530078447485
2011-11-22 20:00:00,200.8764627394032
2011-11-22 21:00:00,227.04164949684989
2011-11-22 22:00:00,289.37921190150877
2011-11-22 23:00:00,317.09534136862396
2011-11-23 00:00:00,24.897137989742564
2011-11-23 01:00:00,27.894955376938608
2011-11-23 02:00:00,23.378648673649025
2011-11-23 03:00:00,26.04050294837053
2011-11-23 04:00:00,31.448132129571885
2011-11-23 05:00:00,40.629137349884914
2011-11-23 06:00:00,36.796584213813674
2011-11-23 07:00:00,46.053908660492
2011-11-23 08:00:00,57.14295189322751
2011-11-23 09:00:00,70.16566171381083
2011-11-23 10:00:00,78.20651062293916
2011-11-23 11:00:00,110.83810195561307
2011-11-23 12:00:00,129.02843876406553
2011-11-23 13:00:00,145.39746555597517
2011-11-23 14:00:00,139.72934576708334
2011-11-23 15:00:00,170.84952693460056
2011-11-23 16:00:00,167.92547187964442
2011-11-23 17:00:00,106.32755668364905
2011-11-23 18:00:00,218.06120597019134
2011-11-23 19:00:00,204.79031449041574
2011-11-23 20:00:00,197.48718145966942
2011-11-23 21:00:00,233.63062725218924
2011-11-23 22:00:00,236.01813455918384
2011-11-23 23:00:00,261.26529053999315
2011-11-24 00:00:00,25.9538880059299
2011-11-24 01:00:00,28.803528079352027
2011-11-24 02:00:00,28.7632314470119
2011-11-24 03:00:00,28.481011835250804
2011-11-24 04:00:00,34.44423288857852
2011-11-24 05:00:00,38.113973542303455
2011-11-24 06:00:00,41.72266777413536
2011-11-24 07:00:00,35.35096067508686
2011-11-24 08:00:00,48.090521227841066
2011-11-24 09:00:00,56.470521287435396
2011-11-24 10:00:00,69.96277017217608
2011-11-24 11:00:00,128.60565675146935
2011-11-24 12:00:00,170.05783145453051
2011-11-24 13:00:00,208.40380520199432
2011-11-24 14:00:00,254.4880269111117
2011-11-24 15:00:00,278.02853303614245
2011-11-24 16:00:00,292.3806000854155
2011-11-24 17:00:00,296.1779655963703
2011-11-24 18:00:00,210.34195962314584
2011-11-24 19:00:00,208.223379847682
2011-11-24 20:00:00,151.59920434329376
2011-11-24 21:00:00,178.39961152643556
2011-11-24 22:00:00,196.3783002280167
2011-11-24 23:00:00,193.51086273239284
2011-11-25 00:00:00,23.22697275479238
2011-11-25 01:00:00,23.82313131390917
2011-11-25 02:00:00,22.98186901003042
2011-11-25 03:00:00,27.176956518842562
2011-11-25 04:00:00,31.58009099522743
2011-11-25 05:00:00,31.157157835856484
2011-11-25 06:00:00,32.449963467869836
2011-11-25 07:00:00,33.82397665177764
2011-11-25 08:00:00,39.618080914166576
2011-11-25 09:00:00,48.79013843746447
2011-11-25 10:00:00,67.01941265388237
2011-11-25 11:00:00,88.04209761221279
2011-11-25 12:00:00,140.8756911505663
2011-11-25 13:00:00,195.27618161000544
2011-11-25 14:00:00,250.24996894354322
2011-11-25 15:00:00,287.26897334880033
2011-11-25 16:00:00,281.80801695865455
2011-11-25 17:00:00,330.0408277535283
2011-11-25 18:00:00,274.56736067300966
2011-11-25 19:00:00,178.77430274818437
2011-11-25 20:00:00,230.04834082515362
2011-11-25 21:00:00,177.82254462769833
2011-11-25 22:00:00,199.3952489142576
2011-11-25 23:00:00,206.66084696296934
2011-11-26 00:00:00,28.14421631065989
2011-11-26 01:00:00,28.824928443363614
2011-11-26 02:00:00,28.064065021389556
2011-11-26 03:00:00,28.25552499226184
2011-11-26 04:00:00,30.455370296824377
2011-11-26 05:00:00,37.906094810017265
2011-11-26 06:00:00,48.93766972965554
2011-11-26 07:00:00,34.55706997345538
2011-11-26 08:00:00,48.73055592278846
2011-11-26 09:00:00,54.99829894891914
2011-11-26 10:00:00,54.510821778916835
2011-11-26 11:00:00,92.64483687545697
2011-11-26 12:00:00,121.68649812317905
2011-11-26 13:00:00,166.19220232883512
2011-11-26 14:00:00,197.18303089554698
2011-11-26 15:00:00,241.85246330306006
2011-11-26 16:00:00,218.1420860683123
2011-11-26 17:00:00,235.23977652436596
2011-11-26 18:00:00,191.70438593094065
2011-11-26 19:00:00,174.3492331767435
2011-11-26 20:00:00,210.34262316927118
2011-11-26 21:00:00,159.62343262569757
2011-11-26 22:00:00,182.52921340806103
2011-11-26 23:00:00,144.70724802142536
2011-11-27 00:00:00,26.98245022553975
2011-11-27 01:00:00,28.791644841760977
2011-11-27 02:00:00,29.32842274655338
2011-11-27 03:00:00,28.870722707682194
2011-11-27 04:00:00,32.97096802153945
2011-11-27 05:00:00,36.98186060199053
2011-11-27 06:00:00,45.53428419965833
2011-11-27 07:00:00,45.786075688073005
2011-11-27 08:00:00,55.61026578840547
2011-11-27 09:00:00,80.08116674618995
2011-11-27 10:00:00,85.42603915481635
2011-11-27 11:00:00,118.45599087304674
2011-11-27 12:00:00,157.62738545097372
2011-11-27 13:00:00,154.21420356469963
2011-11-27 14:00:00,306.2729506471526
2011-11-27 15:00:00,320.20331870277545
2011-11-27 16:00:00,230.30492582817442
2011-11-27 17:00:00,214.16722194402334
2011-11-27 18:00:00,180.50904522860432
2011-11-27 19:00:00,172.91608359720055
2011-11-27 20:00:00,208.77258789915587
2011-11-27 21:00:00,198.56379942300947
2011-11-27 22:00:00,194.44258229234384
2011-11-27 23:00:00,207.439354310839
2011-11-28 00:00:00,23.757959396109282
2011-11-28 01:00:00,26.373908162754915
2011-11-28 03:00:00,25.894779064520357
2011-11-28 04:00:00,30.421137876391995
2011-11-28 05:00:00,26.55883014519602
2011-11-28 06:00:00,35.856216304423
2011-11-28 07:00:00,33.74106689519152
2011-11-28 08:00:00,45.059498912549905
2011-11-28 09:00:00,62.10441618473985
2011-11-28 10:00:00,83.15508666992132
2011-11-28 11:00:00,111.22092503073823
2011-11-28 12:00:00,132.49207906535176
2011-11-28 13:00:00,167.92822341178737
2011-11-28 14:00:00,187.64785911239983
2011-11-28 15:00:00,192.68671401476462
2011-11-28 16:00:00,206.14236815639202
2011-11-28 17:00:00,256.4065208523042
2011-11-28 18:00:00,239.4590503943907
2011-11-28 19:00:00,220.19726953359338
2011-11-28 20:00:00,294.22562497145185
2011-11-28 21:00:00,311.11305572586247
2011-11-28 22:00:00,302.50476227202233
2011-11-28 23:00:00,340.2038290297837
2011-11-29 00:00:00,19.266184886848997
2011-11-29 01:00:00,23.352423964349786
2011-11-29 02:00:00,27.284961092561968
2011-11-29 03:00:00,30.59077976141681
2011-11-29 04:00:00,43.013408261101844
2011-11-29 05:00:00,34.05717364268334
2011-11-29 06:00:00,43.09768779835579
2011-11-29 07:00:00,52.8040105622169
2011-11-29 08:00:00,62.30520113555733
2011-11-29 09:00:00,61.814067372577696
2011-11-29 10:00:00,69.32966065363325
2011-11-29 11:00:00,60.995151614789776
2011-11-29 12:00:00,61.064144771014625
2011-11-29 13:00:00,69.44108398320242
2011-11-29 14:00:00,67.61318903877782
2011-11-29 15:00:00,80.31388918666734
2011-11-29 16:00:00,88.99213262462845
2011-11-29 17:00:00,144.71934864055314
2011-11-29 18:00:00,170.57448265303188
2011-11-29 19:00:00,192.5348691436003
2011-11-29 20:00:00,196.6366960151396
2011-11-29 21:00:00,221.22586428267192
2011-11-29 22:00:00,210.57600837947334
2011-11-29 23:00:00,237.9868925882398
2011-11-30 00:00:00,22.41137056916329
2011-11-30 01:00:00,21.99309447348192
2011-11-30 02:00:00,22.34480621946883
2011-11-30 03:00:00,24.90624075971187
2011-11-30 04:00:00,24.90568612177178
2011-11-30 05:00:00,24.70397154933474
2011-11-30 06:00:00,24.608494420208725
2011-11-30 07:00:00,29.461796790958434
2011-11-30 08:00:00,34.30655912953535
2011-11-30 09:00:00,43.3983499075577
2011-11-30 10:00:00,58.55743906155198
2011-11-30 11:00:00,89.39526699864238
2011-11-30 12:00:00,100.04176845020368
2011-11-30 13:00:00,136.05757230885405
2011-11-30 14:00:00,151.68788117069897
2011-11-30 15:00:00,140.17449280842732
2011-11-30 16:00:00,155.4933354900057
2011-11-30 17:00:00,168.6509297053231
2011-11-30 18:00:00,175.2678020214355
2011-11-30 19:00:00,189.21081168012984
2011-11-30 20:00:00,211.24614687768565
2011-11-30 21:00:00,222.29193581213497
2011-11-30 22:00:00,226.2607036805104
2011-11-30 23:00:00,253.47909566584806
2011-12-20 00:00:00,20.660798272741218
2011-12-20 01:00:00,22.848096574890217
2011-12-20 02:00:00,24.76506298345424
2011-12-20 03:00:00,27.788564665464342
2011-12-20 04:00:00,37.739365074202105
2011-12-20 05:00:00,38.133720559358785
2011-12-20 06:00:00,42.79760850745777
2011-12-20 07:00:00,45.92098281108742
2011-12-20 08:00:00,70.24293578181896
2011-12-20 09:00:00,55.863076377243445
2011-12-20 10:00:00,87.37379483132865
2011-12-20 11:00:00,89.10250505980609
2011-12-20 12:00:00,119.16757488846048
2011-12-20 13:00:00,133.7650795417803
2011-12-20 14:00:00,142.82885131483667
2011-12-20 15:00:00,153.61346959589042
2011-12-20 16:00:00,157.09468200817574
2011-12-20 17:00:00,157.45339775155568
2011-12-20 18:00:00,160.745268078495
2011-12-20 19:00:00,162.4328892830146
2011-12-20 20:00:00,174.5049872028091
2011-12-20 21:00:00,209.21502038225674
2011-12-20 22:00:00,255.81119887279596
2011-12-20 23:00:00,312.2203861813001
2011-12-21 00:00:00,12.877101314275492
2011-12-21 01:00:00,15.840221583159412
2011-12-21 02:00:00,15.732617727841399
2011-12-21 03:00:00,17.51734424921861
2011-12-21 04:00:00,19.50753546809402
2011-12-21 05:00:00,22.33752057756616
2011-12-21 06:00:00,20.94608480295812
2011-12-21 07:00:00,25.00276143538599
2011-12-21 08:00:00,17.683737567737257
2011-12-21 09:00:00,35.2341081700665
2011-12-21 10:00:00,50.19581342181901
2011-12-21 11:00:00,55.91300676993646
2011-12-21 12:00:00,39.15570291020711
2011-12-21 13:00:00,40.081115327043406
2011-12-21 14:00:00,72.00881657587294
2011-12-21 15:00:00,80.51980754036688
2011-12-21 16:00:00,53.95774900173998
2011-12-21 17:00:00,60.20091226685797
2011-12-21 18:00:00,90.35838275757845
2011-12-21 19:00:00,120.31922472698909
2011-12-21 20:00:00,134.66035087516067
2011-12-21 21:00:00,124.51997876627634
2011-12-21 22:00:00,138.29880958970918
2011-12-21 23:00:00,152.71476108508028
2011-12-22 00:00:00,17.767656349451983
2011-12-22 01:00:00,11.564044458049395
2011-12-22 02:00:00,16.895188739697947
2011-12-22 03:00:00,21.86207246969719
2011-12-22 04:00:00,16.86696038169565
2011-12-22 05:00:00,17.087439490109645
2011-12-22 06:00:00,17.02537260940461
2011-12-22 07:00:00,16.82562022540607
2011-12-22 08:00:00,26.797521431219153
2011-12-22 09:00:00,33.61259656523475
2011-12-22 10:00:00,40.9058270163871
2011-12-22 11:00:00,48.2944608249196
2011-12-22 12:00:00,74.95292108336842
2011-12-22 13:00:00,72.56907718836709
2011-12-22 14:00:00,80.71535597353977
2011-12-22 15:00:00,98.53962320014807
2011-12-22 16:00:00,99.89434823867158
2011-12-22 17:00:00,112.3724198604766
2011-12-22 18:00:00,128.78957838821518
2011-12-22 19:00:00,132.49250335748587
2011-12-22 20:00:00,83.69820306702098
2011-12-22 21:00:00,93.22720811783397
2011-12-22 22:00:00,88.59953339207537
2011-12-22 23:00:00,102.2538265839745
2011-12-23 00:00:00,12.35024967791308
2011-12-23 01:00:00,13.573741425088588
2011-12-23 02:00:00,13.622774583488745
2011-12-23 03:00:00,14.975666117322499
2011-12-23 04:00:00,16.932436194889927
2011-12-23 05:00:00,18.375858138232623
2011-12-23 06:00:00,25.5068165213039
2011-12-23 07:00:00,27.902669121185884
2011-12-23 08:00:00,35.06574433695424
2011-12-23 09:00:00,44.703638722423825
2011-12-23 10:00:00,52.3741414259682
2011-12-23 11:00:00,61.462849631767746
2011-12-23 12:00:00,71.93714511095394
2011-12-23 13:00:00,83.28959663117824
2011-12-23 14:00:00,86.11960882001719
2011-12-23 15:00:00,89.17948226534395
2011-12-23 16:00:00,102.87255496615924
2011-12-23 17:00:00,98.63685134788949
2011-12-23 18:00:00,111.67638202000776
2011-12-23 19:00:00,112.64169688611332
2011-12-23 20:00:00,106.92153893364441
2011-12-23 21:00:00,115.87127990570676
2011-12-23 22:00:00,120.7786181998784
2011-12-23 23:00:00,133.04998124895153
2011-12-24 00:00:00,20.3495978336793
2011-12-24 01:00:00,21.233841276979575
2011-12-24 02:00:00,24.359670307187738
2011-12-24 03:00:00,25.359307329051386
2011-12-24 04:00:00,28.456311943860403
2011-12-24 05:00:00,30.676475968377996
2011-12-24 06:00:00,29.20980465632152
2011-12-24 07:00:00,27.775397260207153
2011-12-24 08:00:00,28.40613356385624
2011-12-24 09:00:00,44.62621151132741
2011-12-24 10:00:00,49.473042928622476
2011-12-24 11:00:00,59.08113337155966
2011-12-24 12:00:00,68.30477707102315
2011-12-24 13:00:00,72.52906611288182
2011-12-24 14:00:00,78.19867659565898
2011-12-24 15:00:00,79.72922865661488
2011-12-24 16:00:00,83.59799697329743
2011-12-24 17:00:00,76.27251389578991
2011-12-24 18:00:00,90.57109983353693
2011-12-24 19:00:00,85.92675931175359
2011-12-24 20:00:00,79.3748809379897
2011-12-24 21:00:00,84.78739154422838
2011-12-24 22:00:00,86.8107531406814
2011-12-24 23:00:00,86.42074756305314
2011-12-25 00:00:00,16.53296060960585
2011-12-25 01:00:00,15.31312808617421
2011-12-25 02:00:00,15.560366673747545
2011-12-25 03:00:00,16.138003892894368
2011-12-25 05:00:00,18.075142047091976
2011-12-25 06:00:00,19.293754825877766
2011-12-25 07:00:00,20.149027221450737
2011-12-25 08:00:00,20.819540577629972
2011-12-25 09:00:00,21.929821205977817
2011-12-25 10:00:00,26.058477181273677
2011-12-25 11:00:00,35.31803262235934
2011-12-25 12:00:00,34.986673160766934
2011-12-25 13:00:00,42.18667960803471
2011-12-25 14:00:00,53.43484290092623
2011-12-25 15:00:00,57.4016463677746
2011-12-25 16:00:00,68.02487684552206
2011-12-25 17:00:00,64.4620243731292
2011-12-25 18:00:00,58.76586166615978
2011-12-25 19:00:00,74.60624001280593
2011-12-25 20:00:00,87.16722811120542
2011-12-25 21:00:00,80.25786091527566
2011-12-25 22:00:00,75.82876869471696
2011-12-25 23:00:00,74.30055272262534
2011-12-26 00:00:00,10.00479069480564
2011-12-26 01:00:00,15.762108795338209
2011-12-26 02:00:00,23.411221003350615
2011-12-26 04:00:00,27.464260985224975
2011-12-26 05:00:00,31.866166165809062
2011-12-26 06:00:00,31.45591506474348
2011-12-26 07:00:00,34.32365145339092
2011-12-26 08:00:00,37.48291421351377
2011-12-26 09:00:00,41.828191355193724
2011-12-26 10:00:00,48.303231551934125
2011-12-26 11:00:00,50.03587053513316
2011-12-26 12:00:00,60.78397360737205
2011-12-26 13:00:00,77.40002008648484
2011-12-26 14:00:00,84.53093789924807
2011-12-26 15:00:00,91.08694420018811
2011-12-26 16:00:00,85.32502570909348
2011-12-26 17:00:00,83.42624952751926
2011-12-26 18:00:00,82.63561584446146
2011-12-26 19:00:00,69.88055124940729
2011-12-26 20:00:00,85.41528373289893
2011-12-26 21:00:00,67.49692520607206
2011-12-26 22:00:00,73.73548990779915
2011-12-26 23:00:00,84.94752870697286
2011-12-27 00:00:00,8.060297302658617
2011-12-27 01:00:00,9.121342924650309
2011-12-27 02:00:00,10.23821778503208
2011-12-27 03:00:00,15.88776349406914
2011-12-27 04:00:00,17.263086154894243
2011-12-27 05:00:00,19.405653333815575
2011-12-27 06:00:00,22.363992754435728
2011-12-27 07:00:00,24.652264668077695
2011-12-27 08:00:00,27.541347314188634
2011-12-27 09:00:00,20.39076910415437
2011-12-27 10:00:00,35.80606580757422
2011-12-27 11:00:00,25.729166563428713
2011-12-27 12:00:00,26.118184793173505
2011-12-27 13:00:00,28.73851892818217
2011-12-27 14:00:00,45.105018603742124
2011-12-27 15:00:00,50.67182662280075
2011-12-27 16:00:00,57.04094813140151
2011-12-27 17:00:00,57.445984490486616
2011-12-27 18:00:00,71.76428617825992
2011-12-27 19:00:00,70.90325923346622
2011-12-27 20:00:00,70.7331368516996
2011-12-27 21:00:00,85.82361552319571
2011-12-27 22:00:00,96.5559683019575
2011-12-27 23:00:00,97.35094991665717
2011-12-28 00:00:00,8.524163253341182
2011-12-28 01:00:00,10.934936480820523
2011-12-28 02:00:00,14.77547856896669
2011-12-28 03:00:00,16.457986253163586
2011-12-28 05:00:00,21.45271035439501
2011-12-28 06:00:00,23.95892994565685
2011-12-28 07:00:00,26.700468210364676
2011-12-28 08:00:00,29.696231460420233
2011-12-28 09:00:00,33.5047381980675
2011-12-28 10:00:00,38.63830672539892
2011-12-28 11:00:00,53.415428759022866
2011-12-28 12:00:00,55.67103362083263
2011-12-28 13:00:00,67.53607391442966
2011-12-28 14:00:00,71.97562808991438
2011-12-28 15:00:00,83.63281959188048
2011-12-28 16:00:00,88.49785315647324
2011-12-28 17:00:00,91.25097986110353
2011-12-28 18:00:00,95.18718247471315
2011-12-28 19:00:00,98.65150141735069
2011-12-28 20:00:00,109.63150131574307
2011-12-28 21:00:00,113.13532958439909
2011-12-28 22:00:00,127.07378176090712
2011-12-28 23:00:00,142.42416783678084
2011-12-29 00:00:00,12.326474719503556
2011-12-29 01:00:00,12.75808907037107
2011-12-29 02:00:00,13.105825855437377
2011-12-29 03:00:00,13.865253807465717
2011-12-29 04:00:00,15.579981169862277
2011-12-29 05:00:00,17.331817729948877
2011-12-29 06:00:00,17.516853692936806
2011-12-29 07:00:00,18.821684065385746
2011-12-29 08:00:00,23.641153614137238
2011-12-29 09:00:00,27.637188803988426
2011-12-29 10:00:00,32.06708575516603
2011-12-29 11:00:00,37.8178900980564
2011-12-29 12:00:00,45.36253736100084
2011-12-29 13:00:00,54.37453661492468
2011-12-29 14:00:00,60.09138796329247
2011-12-29 15:00:00,71.32938397995905
2011-12-29 16:00:00,73.49001732983342
2011-12-29 17:00:00,73.27044070159417
2011-12-29 18:00:00,86.19279185443646
2011-12-29 19:00:00,96.62417052123537
2011-12-29 20:00:00,91.14414877474464
2011-12-29 21:00:00,121.85677204195024
2011-12-29 22:00:00,114.28758457051627
2011-12-29 23:00:00,133.67581013172457
2011-12-30 00:00:00,12.878594544463958
2011-12-30 01:00:00,14.443669105032436
2011-12-30 02:00:00,14.267699963199242
2011-12-30 03:00:00,15.68952496642384
2011-12-30 04:00:00,17.160604618689405
2011-12-30 05:00:00,17.49894711672501
2011-12-30 06:00:00,20.7537731428241
2011-12-30 07:00:00,21.552461963267934
2011-12-30 08:00:00,28.573668656949582
2011-12-30 09:00:00,25.747812654918135
2011-12-30 10:00:00,37.21078105779955
2011-12-30 11:00:00,42.48123083991446
2011-12-30 12:00:00,52.50223150768552
2011-12-30 13:00:00,72.45392997648771
2011-12-30 14:00:00,95.65070205592691
2011-12-30 15:00:00,100.84724447475094
2011-12-30 16:00:00,118.03432352797006
2011-12-30 17:00:00,104.58808644142402
2011-12-30 18:00:00,94.27473075744412
2011-12-30 19:00:00,127.29924202195934
2011-12-30 20:00:00,120.16042405854398
2011-12-30 21:00:00,138.44137839476605
2011-12-30 22:00:00,139.3249365994725
2011-12-30 23:00:00,167.72684695763857
2011-12-31 00:00:00,27.21539530260869
2011-12-31 01:00:00,30.853020612095662
2011-12-31 02:00:00,33.26643616201345
2011-12-31 03:00:00,35.86876501046228
2011-12-31 04:00:00,28.01343845808859
2011-12-31 05:00:00,31.27501071549109
2011-12-31 06:00:00,39.22918448418444
2011-12-31 07:00:00,23.377433357979747
2011-12-31 08:00:00,28.33341790090006
2011-12-31 09:00:00,33.94654124559357
2011-12-31 10:00:00,42.57745384372497
2011-12-31 11:00:00,52.09932414397578
2011-12-31 12:00:00,131.2703071137082
2011-12-31 13:00:00,128.29134745536737
2011-12-31 14:00:00,103.06673623423646
2011-12-31 15:00:00,120.54829482188279
2011-12-31 16:00:00,113.38960900511748
2011-12-31 17:00:00,106.82843712910127
2011-12-31 18:00:00,113.63617121351967
2011-12-31 19:00:00,124.90960139447938
2011-12-31 20:00:00,134.70131126581802
2011-12-31 21:00:00,128.0950183373423
2011-12-31 22:00:00,121.29479977467486
2011-12-31 23:00:00,106.50411597571093
2012-01-20 00:00:00,25.77777933773232
2012-01-20 01:00:00,26.934030310745932
2012-01-20 02:00:00,29.624324991439554
2012-01-20 03:00:00,29.533948927868753
2012-01-20 04:00:00,28.566964265426936
2012-01-20 05:00:00,31.428029745669928
2012-01-20 06:00:00,35.59039524058368
2012-01-20 07:00:00,34.354431437545045
2012-01-20 08:00:00,40.148826365780224
2012-01-20 09:00:00,53.43999682490925
2012-01-20 10:00:00,64.01961863446964
2012-01-20 11:00:00,72.70057341339692
2012-01-20 12:00:00,78.72226254173015
2012-01-20 13:00:00,92.96103931485666
2012-01-20 14:00:00,99.81023167617587
2012-01-20 15:00:00,109.66227943180346
2012-01-20 16:00:00,113.62649078171287
2012-01-20 17:00:00,135.68219630847022
2012-01-20 18:00:00,139.2644913805944
2012-01-20 19:00:00,151.17946270273504
2012-01-20 20:00:00,168.64417283635922
2012-01-20 21:00:00,182.0958405448811
2012-01-20 22:00:00,201.1826905675249
2012-01-20 23:00:00,110.01188595893358
2012-01-21 00:00:00,14.312987388685178
2012-01-21 01:00:00,37.65536429259543
2012-01-21 02:00:00,15.291616498591356
2012-01-21 03:00:00,17.167161209090708
2012-01-21 04:00:00,18.975177195204733
2012-01-21 05:00:00,20.24302677698128
2012-01-21 06:00:00,21.6336011317324
2012-01-21 07:00:00,23.311310849332585
2012-01-21 08:00:00,35.05535530105882
2012-01-21 09:00:00,37.77462220410602
2012-01-21 10:00:00,29.19602852922311
2012-01-21 11:00:00,47.329862189270116
2012-01-21 12:00:00,54.42163442133022
2012-01-21 13:00:00,58.69775713979377
2012-01-21 14:00:00,42.37061322067812
2012-01-21 15:00:00,45.659489450003605
2012-01-21 16:00:00,72.77107832115843
2012-01-21 17:00:00,79.22377162565269
2012-01-21 18:00:00,88.16783249371522
2012-01-21 19:00:00,88.14172376026417
2012-01-21 20:00:00,95.49759828828944
2012-01-21 21:00:00,87.92114122571675
2012-01-21 22:00:00,115.04103766018511
2012-01-21 23:00:00,115.92878270595051
2012-01-22 00:00:00,17.23964078362338
2012-01-22 01:00:00,24.492673046974243
2012-01-22 02:00:00,26.10131253125404
2012-01-22 03:00:00,28.737290895522186
2012-01-22 04:00:00,18.653090640047115
2012-01-22 05:00:00,20.212389322280757
2012-01-22 06:00:00,32.753390851953895
2012-01-22 07:00:00,34.97624244505741
2012-01-22 08:00:00,37.350196650010474
2012-01-22 09:00:00,39.88554001809139
2012-01-22 10:00:00,42.32035751166496
2012-01-22 11:00:00,29.878616804512987
2012-01-22 12:00:00,46.916136309729545
2012-01-22 13:00:00,50.70517823207208
2012-01-22 14:00:00,53.71346294169624
2012-01-22 15:00:00,56.83095395487211
2012-01-22 16:00:00,60.69163972089262
2012-01-22 17:00:00,65.35305492360224
2012-01-22 18:00:00,46.864862833288626
2012-01-22 19:00:00,50.05027493108495
2012-01-22 20:00:00,53.51118630252873
2012-01-22 21:00:00,57.08637643964745
2012-01-22 22:00:00,85.0606617966619
2012-01-22 23:00:00,89.93161396442001
2012-01-23 00:00:00,12.045583807803935
2012-01-23 01:00:00,14.149537422412605
2012-01-23 02:00:00,15.760287600875587
2012-01-23 03:00:00,16.639509772688644
2012-01-23 04:00:00,19.737980040593712
2012-01-23 05:00:00,21.16440575793347
2012-01-23 06:00:00,23.585624343271046
2012-01-23 07:00:00,18.297468305213727
2012-01-23 08:00:00,21.40950109827371
2012-01-23 09:00:00,34.31252275849705
2012-01-23 10:00:00,34.85697026158667
2012-01-23 11:00:00,40.83322441735153
2012-01-23 12:00:00,44.41602378329826
2012-01-23 13:00:00,37.964717659715646
2012-01-23 14:00:00,42.30581977408044
2012-01-23 15:00:00,62.1251205885445
2012-01-23 16:00:00,74.7626218484811
2012-01-23 17:00:00,81.60238584939837
2012-01-23 18:00:00,92.470301439712
2012-01-23 19:00:00,106.96106211362257
2012-01-23 20:00:00,113.56821538534955
2012-01-23 21:00:00,127.58512888276015
2012-01-23 22:00:00,142.4857802029108
2012-01-23 23:00:00,173.3491479063289
2012-01-24 00:00:00,12.608993368241904
2012-01-24 01:00:00,15.455652293837703
2012-01-24 02:00:00,17.282230704083865
2012-01-24 03:00:00,19.645517730423784
2012-01-24 04:00:00,19.87345481690465
2012-01-24 05:00:00,22.34053797748685
2012-01-24 06:00:00,27.846466992517573
2012-01-24 07:00:00,31.35102132347442
2012-01-24 08:00:00,35.24825526986399
2012-01-24 09:00:00,41.03635404014912
2012-01-24 10:00:00,33.627935636161105
2012-01-24 11:00:00,42.33754377879629
2012-01-24 12:00:00,47.9646780333803
2012-01-24 13:00:00,53.94562244520721
2012-01-24 14:00:00,69.0725761989159
2012-01-24 15:00:00,117.00774689573007
2012-01-24 16:00:00,110.2504349500869
2012-01-24 17:00:00,135.3163704818816
2012-01-24 18:00:00,155.66440291147103
2012-01-24 19:00:00,226.07194694868366
2012-01-24 20:00:00,126.94696831849478
2012-01-24 21:00:00,165.51570196932676
2012-01-24 22:00:00,151.0479136000305
2012-01-24 23:00:00,181.0404224934296
2012-01-25 00:00:00,10.131098873207222
2012-01-25 01:00:00,17.15202169665903
2012-01-25 02:00:00,18.260210130220155
2012-01-25 03:00:00,18.47800927362924
2012-01-25 04:00:00,21.848548675660748
2012-01-25 05:00:00,24.38069712980216
2012-01-25 06:00:00,25.136554060245185
2012-01-25 07:00:00,27.42607561627167
2012-01-25 08:00:00,32.56853877493538
2012-01-25 09:00:00,36.360541655933616
2012-01-25 10:00:00,49.36703331590396
2012-01-25 11:00:00,64.61294906720777
2012-01-25 12:00:00,74.71349132964308
2012-01-25 13:00:00,90.76017432415046
2012-01-25 14:00:00,101.34772699511844
2012-01-25 15:00:00,116.13348631907475
2012-01-25 16:00:00,120.68003607483021
2012-01-25 17:00:00,141.43865958186913
2012-01-25 18:00:00,122.6928987046168
2012-01-25 19:00:00,170.98708362201376
2012-01-25 20:00:00,162.73973840653792
2012-01-25 21:00:00,153.41881353796097
2012-01-25 22:00:00,182.7092307475829
2012-01-25 23:00:00,212.16142941399983
2012-01-26 00:00:00,17.258364338891734
2012-01-26 01:00:00,18.21357335590369
2012-01-26 02:00:00,21.429871967817807
2012-01-26 03:00:00,24.073067152400625
2012-01-26 04:00:00,20.869889496070083
2012-01-26 05:00:00,31.2225413715209
2012-01-26 06:00:00,29.838588792507508
2012-01-26 07:00:00,35.434769634993934
2012-01-26 08:00:00,39.48707623921615
2012-01-26 09:00:00,42.8168305835598
2012-01-26 10:00:00,50.83323370069993
2012-01-26 11:00:00,54.374417399039245
2012-01-26 12:00:00,68.19522813680858
2012-01-26 13:00:00,84.76829477166253
2012-01-26 14:00:00,107.46558802450231
2012-01-26 15:00:00,125.26264567411215
2012-01-26 16:00:00,132.673002415486
2012-01-26 17:00:00,142.9221057711598
2012-01-26 18:00:00,159.24842485101775
2012-01-26 19:00:00,176.16207969197885
2012-01-26 20:00:00,187.36452303410607
2012-01-26 21:00:00,218.87606387580374
2012-01-26 22:00:00,178.03877660836758
2012-01-26 23:00:00,236.5470183513244
2012-01-27 00:00:00,28.496184127086817
2012-01-27 01:00:00,29.714073148627456
2012-01-27 02:00:00,23.777508763376947
2012-01-27 03:00:00,35.25080092300712
2012-01-27 04:00:00,35.26602608096954
2012-01-27 05:00:00,42.86573310147349
2012-01-27 06:00:00,44.42558836855554
2012-01-27 07:00:00,48.6771390088082
2012-01-27 08:00:00,49.58854756222195
2012-01-27 09:00:00,54.522822562422405
2012-01-27 10:00:00,52.2841948943151
2012-01-27 11:00:00,82.31675281571822
2012-01-27 12:00:00,101.2493382990464
2012-01-27 13:00:00,143.29881709191423
2012-01-27 14:00:00,168.98200024152464
2012-01-27 15:00:00,183.95593591385267
2012-01-27 16:00:00,185.45121663927307
2012-01-27 17:00:00,196.46550986864128
2012-01-27 18:00:00,203.4319435915744
2012-01-27 19:00:00,190.60452320206258
2012-01-27 20:00:00,188.2044485188268
2012-01-27 21:00:00,206.9699339415094
2012-01-27 22:00:00,240.619254516095
2012-01-27 23:00:00,252.67663859649315
2012-01-28 00:00:00,31.197698561734832
2012-01-28 01:00:00,33.46996135155471
2012-01-28 02:00:00,27.764000431881843
2012-01-28 03:00:00,31.868746009002535
2012-01-28 04:00:00,34.00495533384953
2012-01-28 05:00:00,29.365146457054973
2012-01-28 06:00:00,31.978182679103394
2012-01-28 07:00:00,31.407403356832443
2012-01-28 08:00:00,32.5525496741509
2012-01-28 09:00:00,34.49094673308169
2012-01-28 10:00:00,47.72226774880811
2012-01-28 11:00:00,66.84379084639134
2012-01-28 12:00:00,68.46219816882734
2012-01-28 13:00:00,85.63276487942203
2012-01-28 14:00:00,121.44099212395962
2012-01-28 15:00:00,144.16815257019437
2012-01-28 16:00:00,173.41198311614343
2012-01-28 17:00:00,187.5577117575964
2012-01-28 18:00:00,207.15275553399513
2012-01-28 19:00:00,240.2020251969349
2012-01-28 20:00:00,252.14127703328
2012-01-28 21:00:00,245.78352441332083
2012-01-28 22:00:00,230.5318484307395
2012-01-28 23:00:00,243.00468812052887
2012-01-29 00:00:00,41.03278493243801
2012-01-29 01:00:00,46.730853615923095
2012-01-29 02:00:00,47.96221751708231
2012-01-29 03:00:00,46.960982722491146
2012-01-29 04:00:00,42.32936202867642
2012-01-29 05:00:00,35.166936867993584
2012-01-29 06:00:00,42.61304916437821
2012-01-29 07:00:00,46.68432966057056
2012-01-29 08:00:00,46.30415878416325
2012-01-29 09:00:00,47.90328279138678
2012-01-29 10:00:00,63.87478030635986
2012-01-29 11:00:00,84.28040059308509
2012-01-29 12:00:00,104.2831442471106
2012-01-29 13:00:00,111.2939518727466
2012-01-29 14:00:00,119.34535621511421
2012-01-29 15:00:00,147.799203920617
2012-01-29 16:00:00,169.24011784159407
2012-01-29 17:00:00,180.58674102803033
2012-01-29 18:00:00,171.32217695078305
2012-01-29 19:00:00,158.9281302045039
2012-01-29 20:00:00,140.00919643809937
2012-01-29 21:00:00,162.67895171585863
2012-01-29 22:00:00,200.94570987948612
2012-01-29 23:00:00,183.40316603935193
2012-01-30 00:00:00,27.198597384621827
2012-01-30 01:00:00,17.07241672925707
2012-01-30 02:00:00,20.92047713687799
2012-01-30 03:00:00,23.101834093164573
2012-01-30 04:00:00,22.988935872319544
2012-01-30 05:00:00,25.61180603402457
2012-01-30 06:00:00,32.31879842531432
2012-01-30 07:00:00,36.165995271637534
2012-01-30 08:00:00,37.1751416104423
2012-01-30 09:00:00,41.44873460950422
2012-01-30 10:00:00,51.78936254754511
2012-01-30 11:00:00,58.728674975279034
2012-01-30 12:00:00,75.18425475675073
2012-01-30 13:00:00,97.69681148855202
2012-01-30 14:00:00,127.74110790411731
2012-01-30 15:00:00,142.08952253950451
2012-01-30 16:00:00,165.55559728366833
2012-01-30 17:00:00,206.29252865819797
2012-01-30 18:00:00,209.67264890720762
2012-01-30 19:00:00,159.05404716420622
2012-01-30 20:00:00,191.3046233694535
2012-01-30 21:00:00,205.72231903823834
2012-01-30 22:00:00,203.21061148372047
2012-01-30 23:00:00,187.9141427657653
2012-01-31 00:00:00,16.150427285923918
2012-01-31 01:00:00,21.346956252133733
2012-01-31 02:00:00,24.08055174213006
2012-01-31 03:00:00,26.052171666316976
2012-01-31 04:00:00,27.69355296911222
2012-01-31 05:00:00,31.112640587172
2012-01-31 06:00:00,31.951888715778235
2012-01-31 07:00:00,31.48038562872042
2012-01-31 08:00:00,35.1292240966331
2012-01-31 09:00:00,47.8261514046645
2012-01-31 10:00:00,59.79663975444185
2012-01-31 11:00:00,101.80929697053476
2012-01-31 12:00:00,105.29083176106464
2012-01-31 13:00:00,153.63978598077057
2012-01-31 14:00:00,219.44393031709453
2012-01-31 15:00:00,294.45682668245297
2012-01-31 16:00:00,330.1256579091907
2012-01-31 17:00:00,369.1896136219459
2012-01-31 18:00:00,425.4456181048621
2012-01-31 19:00:00,388.179816851803
2012-01-31 20:00:00,209.19631320874066
2012-01-31 21:00:00,410.92237299687093
2012-01-31 22:00:00,423.54415409624755
2012-01-31 23:00:00,452.9942930600538
2012-02-20 00:00:00,17.014577546238073
2012-02-20 01:00:00,18.556978956471553
2012-02-20 02:00:00,20.24293611754639
2012-02-20 03:00:00,22.961652968198486
2012-02-20 05:00:00,32.0314681772154
2012-02-20 06:00:00,33.67197516259523
2012-02-20 07:00:00,37.78807337338225
2012-02-20 08:00:00,34.55920151867791
2012-02-20 09:00:00,37.75538034426849
2012-02-20 10:00:00,45.17566273826419
2012-02-20 11:00:00,57.90581235951789
2012-02-20 12:00:00,69.8285956653204
2012-02-20 13:00:00,84.15243966697057
2012-02-20 14:00:00,105.04035540996068
2012-02-20 15:00:00,123.47915563699749
2012-02-20 16:00:00,156.51424670238742
2012-02-20 17:00:00,193.38271878111624
2012-02-20 18:00:00,160.48141242624334
2012-02-20 19:00:00,175.19231659071036
2012-02-20 20:00:00,193.29062824820127
2012-02-20 21:00:00,175.95871327893423
2012-02-20 22:00:00,177.33077902945763
2012-02-20 23:00:00,196.0298154517486
2012-02-21 00:00:00,12.331664737389692
2012-02-21 01:00:00,15.40346237509132
2012-02-21 02:00:00,15.853712443368657
2012-02-21 04:00:00,18.448081035146277
2012-02-21 05:00:00,19.008572184536135
2012-02-21 06:00:00,20.03544772691823
2012-02-21 07:00:00,26.22988681527037
2012-02-21 08:00:00,28.407667807015848
2012-02-21 09:00:00,30.11750577792017
2012-02-21 10:00:00,37.85834891018042
2012-02-21 11:00:00,52.80897830230577
2012-02-21 12:00:00,72.53115281718595
2012-02-21 13:00:00,88.71885774439167
2012-02-21 14:00:00,98.42126923867775
2012-02-21 15:00:00,112.1764518111401
2012-02-21 16:00:00,140.12751888575633
2012-02-21 17:00:00,188.97162439011674
2012-02-21 18:00:00,212.43629702404002
2012-02-21 19:00:00,196.72948268863325
2012-02-21 20:00:00,191.05225203027766
2012-02-21 21:00:00,193.62488693946443
2012-02-21 22:00:00,228.45229338339576
2012-02-21 23:00:00,219.69385738305522
2012-02-22 00:00:00,16.898842481713075
2012-02-22 01:00:00,18.114981029119086
2012-02-22 02:00:00,22.18246626328908
2012-02-22 03:00:00,27.18791507761882
2012-02-22 04:00:00,25.694469724009103
2012-02-22 05:00:00,27.75317391474621
2012-02-22 06:00:00,28.72315634431643
2012-02-22 07:00:00,31.82966731157099
2012-02-22 08:00:00,34.54627788524405
2012-02-22 09:00:00,42.74936408395562
2012-02-22 10:00:00,49.16169033224137
2012-02-22 11:00:00,61.65704987057493
2012-02-22 12:00:00,84.02919998746204
2012-02-22 13:00:00,110.51975550555284
2012-02-22 14:00:00,130.2367367196286
2012-02-22 15:00:00,245.1196427074434
2012-02-22 16:00:00,299.9678243877186
2012-02-22 17:00:00,316.11498913906826
2012-02-22 18:00:00,281.7956767860959
2012-02-22 19:00:00,286.546971395384
2012-02-22 20:00:00,289.5784604916604
2012-02-22 21:00:00,423.43212905755547
2012-02-22 22:00:00,364.1292140282093
2012-02-22 23:00:00,457.5754110232241
2012-02-23 00:00:00,35.065770867574635
2012-02-23 01:00:00,34.84214800593985
2012-02-23 02:00:00,36.80873943840444
2012-02-23 03:00:00,24.67907649275926
2012-02-23 04:00:00,29.71538738104025
2012-02-23 05:00:00,33.07086206502498
2012-02-23 06:00:00,28.080981784160418
2012-02-23 07:00:00,34.05630433666468
2012-02-23 08:00:00,33.5061820736355
2012-02-23 09:00:00,41.81562692512928
2012-02-23 10:00:00,66.86791424928491
2012-02-23 11:00:00,116.5154205370786
2012-02-23 12:00:00,149.57098346557345
2012-02-23 13:00:00,182.44534908878381
2012-02-23 14:00:00,223.57235365692134
2012-02-23 15:00:00,259.283918147884
2012-02-23 16:00:00,281.96748347884227
2012-02-23 17:00:00,328.28328733068946
2012-02-23 18:00:00,333.83921547174845
2012-02-23 19:00:00,318.31688602977647
2012-02-23 20:00:00,298.9777038840698
2012-02-23 21:00:00,290.6421771325134
2012-02-23 22:00:00,311.53433773956107
2012-02-23 23:00:00,308.811266818975
2012-02-24 00:00:00,38.452997281415115
2012-02-24 01:00:00,36.63287074410232
2012-02-24 02:00:00,25.357464449677114
2012-02-24 03:00:00,31.07161982745601
2012-02-24 04:00:00,30.492797611749587
2012-02-24 05:00:00,43.20238340704962
2012-02-24 06:00:00,47.21207571362774
2012-02-24 07:00:00,58.36940431735774
2012-02-24 08:00:00,62.28120894788707
2012-02-24 09:00:00,40.339501768232495
2012-02-24 10:00:00,44.31991878540382
2012-02-24 11:00:00,71.56057080432173
2012-02-24 12:00:00,92.0776613713974
2012-02-24 13:00:00,110.26800874019736
2012-02-24 14:00:00,138.85294653072938
2012-02-24 15:00:00,78.13091076711245
2012-02-24 16:00:00,85.94127897343702
2012-02-24 17:00:00,92.73023635703096
2012-02-24 18:00:00,130.05261591115632
2012-02-24 19:00:00,171.84742833935027
2012-02-24 20:00:00,227.99054250854232
2012-02-24 21:00:00,360.902520450957
2012-02-24 22:00:00,359.2715131457018
2012-02-24 23:00:00,375.59901210519973
2012-02-25 00:00:00,41.95656887880717
2012-02-25 01:00:00,42.3903339239196
2012-02-25 02:00:00,41.6219510791159
2012-02-25 03:00:00,42.0603789075476
2012-02-25 04:00:00,47.25487939349771
2012-02-25 05:00:00,52.871308088576995
2012-02-25 06:00:00,56.98716442813803
2012-02-25 07:00:00,53.8423305538951
2012-02-25 08:00:00,52.42450249353287
2012-02-25 09:00:00,30.53789628087488
2012-02-25 10:00:00,53.17835711895616
2012-02-25 11:00:00,83.6287753704887
2012-02-25 12:00:00,108.97695623307767
2012-02-25 13:00:00,115.04032158758747
2012-02-25 14:00:00,125.75803370570594
2012-02-25 15:00:00,136.31792830227118
2012-02-25 16:00:00,152.2661559408532
2012-02-25 17:00:00,140.7958587704287
2012-02-25 18:00:00,162.11648089037837
2012-02-25 19:00:00,142.78244972762045
2012-02-25 20:00:00,160.80582953425377
2012-02-25 21:00:00,154.4182535590802
2012-02-25 22:00:00,160.35377288492177
2012-02-25 23:00:00,166.2711314081812
2012-02-26 00:00:00,31.149212781365083
2012-02-26 01:00:00,32.01001120526309
2012-02-26 02:00:00,34.17232750978648
2012-02-26 03:00:00,37.61879394328369
2012-02-26 04:00:00,40.159839560306665
2012-02-26 05:00:00,39.7512649767244
2012-02-26 06:00:00,42.390947321546186
2012-02-26 07:00:00,40.02901860257103
2012-02-26 08:00:00,43.1520083291025
2012-02-26 09:00:00,49.94176392062986
2012-02-26 10:00:00,63.11476590112734
2012-02-26 11:00:00,71.32605312529368
2012-02-26 12:00:00,82.85610117387284
2012-02-26 13:00:00,90.2239710022271
2012-02-26 14:00:00,109.45529611607412
2012-02-26 15:00:00,125.93018917927742
2012-02-26 16:00:00,142.52803256944853
2012-02-26 17:00:00,153.94539361135958
2012-02-26 18:00:00,144.9962355225635
2012-02-26 19:00:00,158.29083255346848
2012-02-26 20:00:00,143.23455717142215
2012-02-26 21:00:00,138.15643799884194
2012-02-26 22:00:00,153.61114708805954
2012-02-26 23:00:00,123.56696977150135
2012-02-27 00:00:00,15.384487236754977
2012-02-27 01:00:00,16.30607619273074
2012-02-27 02:00:00,16.759212581123524
2012-02-27 03:00:00,17.099309259547745
2012-02-27 04:00:00,17.28747843762242
2012-02-27 05:00:00,19.258421049311984
2012-02-27 06:00:00,25.044566661051576
2012-02-27 07:00:00,31.140357018272834
2012-02-27 08:00:00,31.488816768383735
2012-02-27 09:00:00,40.63323350768688
2012-02-27 10:00:00,63.131114944383235
2012-02-27 11:00:00,80.23342421681859
2012-02-27 12:00:00,114.5129103428893
2012-02-27 13:00:00,116.81856418805589
2012-02-27 14:00:00,171.06671872452182
2012-02-27 15:00:00,274.83847363387054
2012-02-27 16:00:00,319.53775984975425
2012-02-27 17:00:00,366.8380570929171
2012-02-27 18:00:00,364.52905337384186
2012-02-27 19:00:00,368.913077186043
2012-02-27 20:00:00,362.69802176951384
2012-02-27 21:00:00,361.0904960181753
2012-02-27 22:00:00,336.87816951018175
2012-02-27 23:00:00,321.5236338008606
2012-02-28 00:00:00,23.176138012187167
2012-02-28 01:00:00,21.008721438849374
2012-02-28 02:00:00,27.334511915825768
2012-02-28 03:00:00,43.93601494579714
2012-02-28 04:00:00,32.082408522511635
2012-02-28 05:00:00,36.033186537370234
2012-02-28 06:00:00,36.91162014599527
2012-02-28 07:00:00,39.3743643394399
2012-02-28 08:00:00,40.722823711333426
2012-02-28 09:00:00,50.11799860719653
2012-02-28 10:00:00,60.915963823911355
2012-02-28 11:00:00,82.79556856324564
2012-02-28 12:00:00,100.15056276433232
2012-02-28 13:00:00,116.30038256754526
2012-02-28 14:00:00,157.6481297032585
2012-02-28 15:00:00,192.50603043248853
2012-02-28 16:00:00,210.07387294050932
2012-02-28 17:00:00,242.82467050586172
2012-02-28 18:00:00,270.93555291650927
2012-02-28 19:00:00,283.25447800831495
2012-02-28 20:00:00,311.31564398526695
2012-02-28 21:00:00,234.52252776137158
2012-02-28 22:00:00,263.882438050134
2012-02-28 23:00:00,258.60407993079366
2012-02-29 00:00:00,20.011185353297822
2012-02-29 01:00:00,23.471252888681075
2012-02-29 02:00:00,22.754753208613167
2012-02-29 03:00:00,20.417015669647206
2012-02-29 05:00:00,23.05469596084897
2012-02-29 06:00:00,32.18262601336419
2012-02-29 07:00:00,33.126638964171114
2012-02-29 08:00:00,39.69880052363004
2012-02-29 09:00:00,30.396519133491566
2012-02-29 10:00:00,33.931349791827394
2012-02-29 11:00:00,36.8065996583621
2012-02-29 12:00:00,42.51421363695302
2012-02-29 13:00:00,71.2113501353453
2012-02-29 14:00:00,79.5003602111261
2012-02-29 15:00:00,109.92476340404079
2012-02-29 16:00:00,83.1541609412991
2012-02-29 17:00:00,128.01140385724864
2012-02-29 18:00:00,90.4108545168993
2012-02-29 19:00:00,156.95390264757344
2012-02-29 20:00:00,129.01244468634022
2012-02-29 21:00:00,144.06257231842457
2012-02-29 22:00:00,158.6243960043347
2012-02-29 23:00:00,177.16964764384244
2012-03-20 00:00:00,26.706834584020942
2012-03-20 01:00:00,18.408718788285192
2012-03-20 02:00:00,22.332167475639004
2012-03-20 03:00:00,29.51635618536818
2012-03-20 04:00:00,34.995099702841365
2012-03-20 05:00:00,33.34544077601518
2012-03-20 06:00:00,41.394975923806406
2012-03-20 07:00:00,33.85149727147114
2012-03-20 08:00:00,55.024088647254466
2012-03-20 09:00:00,65.18766632897666
2012-03-20 10:00:00,57.700157744310395
2012-03-20 11:00:00,74.56604723172228
2012-03-20 12:00:00,98.18665371531623
2012-03-20 13:00:00,109.09041183566896
2012-03-20 14:00:00,161.02108981135106
2012-03-20 15:00:00,194.01364454928262
2012-03-20 16:00:00,201.27434019946594
2012-03-20 17:00:00,191.9695844117699
2012-03-20 18:00:00,233.33861825614125
2012-03-20 19:00:00,223.46782612429692
2012-03-20 20:00:00,269.17656600146427
2012-03-20 21:00:00,247.52197375439349
2012-03-20 22:00:00,250.87794686889362
2012-03-20 23:00:00,246.85726907816098
2012-03-21 00:00:00,20.31966260656085
2012-03-21 01:00:00,26.550312266027127
2012-03-21 02:00:00,26.571246347351778
2012-03-21 03:00:00,38.2678731235169
2012-03-21 04:00:00,42.04580547652779
2012-03-21 05:00:00,46.83784688542244
2012-03-21 06:00:00,47.87131810149127
2012-03-21 07:00:00,38.22325759750851
2012-03-21 08:00:00,41.662642357422506
2012-03-21 09:00:00,72.76215165662796
2012-03-21 10:00:00,89.28818872341137
2012-03-21 11:00:00,99.51715831866076
2012-03-21 12:00:00,111.95365332515492
2012-03-21 13:00:00,116.22415354528549
2012-03-21 14:00:00,142.84189507784387
2012-03-21 15:00:00,159.22731396656357
2012-03-21 16:00:00,164.05692950754744
2012-03-21 17:00:00,226.77407593921225
2012-03-21 18:00:00,233.55178031971224
2012-03-21 19:00:00,288.24168218835905
2012-03-21 20:00:00,243.13949517857088
2012-03-21 21:00:00,242.2863037555383
2012-03-21 22:00:00,264.62573224831704
2012-03-21 23:00:00,305.25891756411454
2012-03-22 00:00:00,24.846896457888963
2012-03-22 01:00:00,27.610770668600487
2012-03-22 02:00:00,30.686963331785385
2012-03-22 03:00:00,34.111171281324864
2012-03-22 04:00:00,36.176685716199216
2012-03-22 05:00:00,40.260292530464895
2012-03-22 06:00:00,44.81028344610235
2012-03-22 07:00:00,49.88036777919382
2012-03-22 08:00:00,61.50550487576838
2012-03-22 09:00:00,68.46270090158772
2012-03-22 10:00:00,71.31029592693098
2012-03-22 11:00:00,81.31475342984194
2012-03-22 12:00:00,111.93268966769699
2012-03-22 13:00:00,120.36007142644223
2012-03-22 14:00:00,156.8276270722141
2012-03-22 15:00:00,198.18972766738446
2012-03-22 16:00:00,241.00497876481217
2012-03-22 17:00:00,274.778250987201
2012-03-22 18:00:00,305.62949282578063
2012-03-22 19:00:00,330.7969925047647
2012-03-22 20:00:00,314.7056221643312
2012-03-22 21:00:00,290.0408909593151
2012-03-22 22:00:00,288.92413440240097
2012-03-22 23:00:00,312.9821367645737
2012-03-23 00:00:00,31.779823792789355
2012-03-23 01:00:00,30.92645173561601
2012-03-23 02:00:00,36.77570511752176
2012-03-23 03:00:00,39.11817401225033
2012-03-23 04:00:00,49.26315925041025
2012-03-23 05:00:00,49.778615247322215
2012-03-23 06:00:00,58.57469656960408
2012-03-23 07:00:00,66.79284185948492
2012-03-23 08:00:00,72.6059067110823
2012-03-23 09:00:00,85.51867878379846
2012-03-23 10:00:00,104.11991730939945
2012-03-23 11:00:00,156.73770734447777
2012-03-23 12:00:00,224.1591799924629
2012-03-23 13:00:00,285.12810114543174
2012-03-23 14:00:00,379.3936257224266
2012-03-23 15:00:00,420.1836963425693
2012-03-23 16:00:00,464.62163163219475
2012-03-23 17:00:00,509.9853279729941
2012-03-23 18:00:00,490.8110781859024
2012-03-23 19:00:00,467.7843974123127
2012-03-23 20:00:00,536.5920892963312
2012-03-23 21:00:00,499.1773727203582
2012-03-23 22:00:00,449.1004968574498
2012-03-23 23:00:00,442.9024159590254
2012-03-24 00:00:00,53.77301825971705
2012-03-24 01:00:00,54.87720884994828
2012-03-24 02:00:00,53.077554127234826
2012-03-24 03:00:00,57.22869353302612
2012-03-24 04:00:00,53.02228427505045
2012-03-24 05:00:00,72.78907892565542
2012-03-24 06:00:00,78.47629449591659
2012-03-24 07:00:00,75.68766283796911
2012-03-24 08:00:00,76.96281648943172
2012-03-24 09:00:00,97.62091295176964
2012-03-24 10:00:00,100.22454622032684
2012-03-24 11:00:00,96.42551583070116
2012-03-24 12:00:00,77.90355295913552
2012-03-24 13:00:00,84.38481249082866
2012-03-24 14:00:00,96.74991523063616
2012-03-24 15:00:00,96.1607639718205
2012-03-24 16:00:00,102.31468380298489
2012-03-24 17:00:00,114.21589126243092
2012-03-24 18:00:00,108.42809353117144
2012-03-24 19:00:00,114.67495114491467
2012-03-24 20:00:00,115.68437213642828
2012-03-24 21:00:00,124.70061815941347
2012-03-24 22:00:00,135.79771649980268
2012-03-24 23:00:00,213.04731120650965
2012-03-25 00:00:00,39.728816094122934
2012-03-25 01:00:00,37.963202110337406
2012-03-25 02:00:00,30.011576980885923
2012-03-25 03:00:00,33.225714210052416
2012-03-25 04:00:00,49.63782686818902
2012-03-25 05:00:00,47.30385021350814
2012-03-25 06:00:00,50.4849117465426
2012-03-25 07:00:00,57.82183294298165
2012-03-25 08:00:00,61.708496626328824
2012-03-25 09:00:00,65.20459764768876
2012-03-25 10:00:00,75.44708968420277
2012-03-25 11:00:00,74.26875935541628
2012-03-25 12:00:00,78.886815501854
2012-03-25 13:00:00,92.43140024907791
2012-03-25 14:00:00,103.13566790667193
2012-03-25 15:00:00,110.74976219605128
2012-03-25 16:00:00,108.70206633514337
2012-03-25 17:00:00,143.01294840216784
2012-03-25 18:00:00,152.56680261779886
2012-03-25 19:00:00,169.12354989121906
2012-03-25 20:00:00,157.64682391329183
2012-03-25 21:00:00,166.24869142227718
2012-03-25 22:00:00,155.1548153795473
2012-03-25 23:00:00,173.34634799229954
2012-03-26 00:00:00,28.143031233095776
2012-03-26 01:00:00,25.55407396328021
2012-03-26 02:00:00,24.57051274596449
2012-03-26 03:00:00,29.74830851736894
2012-03-26 04:00:00,31.37290437222221
2012-03-26 05:00:00,37.54916789673335
2012-03-26 06:00:00,37.24620938152838
2012-03-26 07:00:00,50.232925532456164
2012-03-26 08:00:00,65.14700376929643
2012-03-26 09:00:00,96.7295527799572
2012-03-26 10:00:00,147.5865232324079
2012-03-26 11:00:00,166.87805387005838
2012-03-26 12:00:00,178.6741604153862
2012-03-26 13:00:00,213.51144798492956
2012-03-26 14:00:00,218.94715002019518
2012-03-26 15:00:00,262.093630880243
2012-03-26 16:00:00,310.50592670049554
2012-03-26 17:00:00,324.4954955709402
2012-03-26 18:00:00,329.11806733213064
2012-03-26 19:00:00,351.381748995404
2012-03-26 20:00:00,363.12482441108233
2012-03-26 21:00:00,385.3771256320821
2012-03-26 22:00:00,382.27999026251786
2012-03-26 23:00:00,396.581348234211
2012-03-27 00:00:00,28.459828350237217
2012-03-27 01:00:00,29.955401602412447
2012-03-27 02:00:00,27.794642759706438
2012-03-27 03:00:00,31.33851955500081
2012-03-27 04:00:00,32.85340892171395
2012-03-27 05:00:00,33.55866189061055
2012-03-27 06:00:00,37.75728063354736
2012-03-27 07:00:00,42.455104443114095
2012-03-27 08:00:00,47.807959769648946
2012-03-27 09:00:00,54.635200207146575
2012-03-27 10:00:00,68.01214141182408
2012-03-27 11:00:00,89.15037233083956
2012-03-27 12:00:00,105.80798498776403
2012-03-27 13:00:00,127.00586530646248
2012-03-27 14:00:00,190.02077010015367
2012-03-27 15:00:00,219.0876303419778
2012-03-27 16:00:00,245.9519046203296
2012-03-27 17:00:00,312.1390280008826
2012-03-27 18:00:00,350.3328281691277
2012-03-27 19:00:00,363.6256927116683
2012-03-27 20:00:00,441.94203991766386
2012-03-27 21:00:00,313.46144417744546
2012-03-27 22:00:00,349.97796160982176
2012-03-27 23:00:00,399.0857769651093
2012-03-28 00:00:00,30.040747792491032
2012-03-28 01:00:00,30.90828925373937
2012-03-28 02:00:00,30.86876975829573
2012-03-28 03:00:00,37.845181182740795
2012-03-28 04:00:00,44.491352616988685
2012-03-28 05:00:00,49.57529905233741
2012-03-28 06:00:00,53.444260208053315
2012-03-28 07:00:00,59.36954450250016
2012-03-28 08:00:00,73.42772501721844
2012-03-28 09:00:00,90.9648032370484
2012-03-28 10:00:00,123.40030791254595
2012-03-28 11:00:00,150.99816161317193
2012-03-28 12:00:00,201.9274462500306
2012-03-28 13:00:00,214.58960403974902
2012-03-28 14:00:00,317.97728879244767
2012-03-28 15:00:00,344.9067285779598
2012-03-28 16:00:00,204.99510797468915
2012-03-28 17:00:00,278.532529686325
2012-03-28 18:00:00,310.2609150900689
2012-03-28 19:00:00,374.3559896938131
2012-03-28 20:00:00,423.9382726711288
2012-03-28 21:00:00,395.34253878309113
2012-03-28 22:00:00,386.2436383853479
2012-03-28 23:00:00,387.14002113939466
2012-03-29 00:00:00,34.208149734976445
2012-03-29 01:00:00,44.94631798905137
2012-03-29 02:00:00,106.41775671331541
2012-03-29 03:00:00,105.01957005872156
2012-03-29 04:00:00,85.09877695772767
2012-03-29 05:00:00,76.66383204556615
2012-03-29 06:00:00,61.82585430865332
2012-03-29 07:00:00,78.65635962385728
2012-03-29 08:00:00,93.48687008184237
2012-03-29 09:00:00,108.11397475766199
2012-03-29 10:00:00,115.9069027839556
2012-03-29 11:00:00,147.85977346794957
2012-03-29 12:00:00,173.5073643152152
2012-03-29 13:00:00,164.89280248142504
2012-03-29 14:00:00,211.87609918431028
2012-03-29 15:00:00,261.0709350547207
2012-03-29 16:00:00,303.67975512040334
2012-03-29 17:00:00,329.14051730127534
2012-03-29 18:00:00,337.6828453919064
2012-03-29 19:00:00,354.9035096078792
2012-03-29 20:00:00,380.05615815136133
2012-03-29 21:00:00,365.9965142045993
2012-03-29 22:00:00,386.32116460875176
2012-03-29 23:00:00,413.30293464708444
2012-03-30 00:00:00,42.83173958903062
2012-03-30 01:00:00,42.600231110142836
2012-03-30 02:00:00,40.718634127389315
2012-03-30 03:00:00,37.73714353182155
2012-03-30 04:00:00,46.13165355298506
2012-03-30 05:00:00,43.56121650994704
2012-03-30 06:00:00,51.13979362773182
2012-03-30 07:00:00,55.79042938769977
2012-03-30 08:00:00,54.71409095642292
2012-03-30 09:00:00,70.80660732203854
2012-03-30 10:00:00,90.96575373877184
2012-03-30 11:00:00,96.7988128520824
2012-03-30 12:00:00,111.06072184436682
2012-03-30 13:00:00,79.24795102400226
2012-03-30 14:00:00,85.31827649399638
2012-03-30 15:00:00,98.85636880217291
2012-03-30 16:00:00,111.71464737912788
2012-03-30 17:00:00,194.7787991425519
2012-03-30 18:00:00,220.7183257379709
2012-03-30 19:00:00,206.9956004508937
2012-03-30 20:00:00,224.98764283667796
2012-03-30 21:00:00,221.44655070373742
2012-03-30 22:00:00,212.55892522873833
2012-03-30 23:00:00,217.94769106752528
2012-03-31 00:00:00,29.806334259154358
2012-03-31 01:00:00,44.370047139957634
2012-03-31 02:00:00,50.20082395124918
2012-03-31 03:00:00,39.49750467963499
2012-03-31 04:00:00,48.9866889304435
2012-03-31 05:00:00,45.678804865305
2012-03-31 06:00:00,50.93531378483895
2012-03-31 07:00:00,54.90157181680209
2012-03-31 08:00:00,59.54734297599783
2012-03-31 09:00:00,80.91177240138036
2012-03-31 10:00:00,86.04020341680376
2012-03-31 11:00:00,94.69468738635406
2012-03-31 12:00:00,106.05009239676274
2012-03-31 13:00:00,165.34468842425045
2012-03-31 14:00:00,178.27981751929622
2012-03-31 15:00:00,214.27725764042364
2012-03-31 16:00:00,208.59144922186155
2012-03-31 17:00:00,177.2068617780766
2012-03-31 18:00:00,189.76160752874426
2012-03-31 19:00:00,165.91695744217785
2012-03-31 20:00:00,198.5357659134005
2012-03-31 21:00:00,214.0351341159407
2012-03-31 22:00:00,217.0905186753801
2012-03-31 23:00:00,202.89777044535248
2012-04-20 00:00:00,37.75404217613605
2012-04-20 01:00:00,32.15061509877274
2012-04-20 02:00:00,30.951636193522223
2012-04-20 03:00:00,33.262212723330265
2012-04-20 04:00:00,32.168932214882346
2012-04-20 05:00:00,32.51182016440473
2012-04-20 06:00:00,38.96871508693961
2012-04-20 07:00:00,39.30574644705537
2012-04-20 08:00:00,44.95520142320963
2012-04-20 09:00:00,60.86484615374984
2012-04-20 10:00:00,88.73257792279821
2012-04-20 11:00:00,122.42127031771646
2012-04-20 12:00:00,191.3977993914993
2012-04-20 13:00:00,290.1727155468622
2012-04-20 14:00:00,322.94816310571304
2012-04-20 15:00:00,333.22028282182987
2012-04-20 16:00:00,396.37241703533664
2012-04-20 17:00:00,407.6179395496873
2012-04-20 18:00:00,413.00207512054703
2012-04-20 19:00:00,412.39891944738224
2012-04-20 20:00:00,382.95937872323293
2012-04-20 21:00:00,326.00661949502154
2012-04-20 22:00:00,351.71243992879954
2012-04-20 23:00:00,338.8101373504246
2012-04-21 00:00:00,44.912207174873984
2012-04-21 01:00:00,48.4231595040102
2012-04-21 02:00:00,51.220882597429735
2012-04-21 03:00:00,49.49648669361604
2012-04-21 04:00:00,53.61870990963334
2012-04-21 05:00:00,57.80774898687039
2012-04-21 06:00:00,62.02736840597237
2012-04-21 07:00:00,67.4825162111807
2012-04-21 08:00:00,77.00654420734227
2012-04-21 09:00:00,91.41505163484962
2012-04-21 10:00:00,153.44135933459864
2012-04-21 11:00:00,180.7241122882956
2012-04-21 12:00:00,216.67222337241395
2012-04-21 13:00:00,253.70251886879458
2012-04-21 14:00:00,353.0968278153008
2012-04-21 15:00:00,448.34377586689106
2012-04-21 16:00:00,441.53776663006033
2012-04-21 17:00:00,657.533461389665
2012-04-21 18:00:00,490.6979829403256
2012-04-21 19:00:00,176.92005681845905
2012-04-21 20:00:00,151.60341358856266
2012-04-21 21:00:00,165.12647325477872
2012-04-21 22:00:00,199.77548187285632
2012-04-21 23:00:00,254.52841997292924
2012-04-22 00:00:00,46.87457742504813
2012-04-22 01:00:00,51.02774543122296
2012-04-22 02:00:00,51.17530504423944
2012-04-22 03:00:00,53.95556703038051
2012-04-22 04:00:00,60.84622282101798
2012-04-22 05:00:00,65.68028623974237
2012-04-22 06:00:00,75.17614001127714
2012-04-22 07:00:00,48.36276138162728
2012-04-22 08:00:00,46.956565751520756
2012-04-22 09:00:00,50.11118555561205
2012-04-22 10:00:00,51.56199277742614
2012-04-22 11:00:00,53.380510664318265
2012-04-22 12:00:00,57.18471784350359
2012-04-22 13:00:00,62.8954812373456
2012-04-22 14:00:00,65.14421523172491
2012-04-22 15:00:00,69.98491694022384
2012-04-22 16:00:00,75.11835500607208
2012-04-22 17:00:00,69.88619801629952
2012-04-22 18:00:00,74.60578577836915
2012-04-22 19:00:00,82.48112506062321
2012-04-22 20:00:00,86.16619065121962
2012-04-22 21:00:00,94.4120148130737
2012-04-22 22:00:00,94.69096336882387
2012-04-22 23:00:00,109.73983724773457
2012-04-23 00:00:00,14.472931482174925
2012-04-23 01:00:00,14.670930448906903
2012-04-23 02:00:00,22.750513594398416
2012-04-23 03:00:00,26.461107382950363
2012-04-23 04:00:00,19.217299288062826
2012-04-23 05:00:00,21.390311328373016
2012-04-23 06:00:00,34.55257266596016
2012-04-23 07:00:00,26.40640209598854
2012-04-23 08:00:00,45.110579704430094
2012-04-23 09:00:00,50.57193739446065
2012-04-23 10:00:00,61.708092437839646
2012-04-23 11:00:00,67.92554968189415
2012-04-23 12:00:00,51.0031345637098
2012-04-23 13:00:00,58.18892582502402
2012-04-23 14:00:00,69.46991228241073
2012-04-23 15:00:00,124.97671835998291
2012-04-23 16:00:00,70.03323660321179
2012-04-23 17:00:00,77.60896243662752
2012-04-23 18:00:00,91.17983875130675
2012-04-23 19:00:00,160.25055893362205
2012-04-23 20:00:00,172.25056962805493
2012-04-23 21:00:00,183.99524114905478
2012-04-23 22:00:00,178.14147308321964
2012-04-23 23:00:00,197.58559415643685
2012-04-24 00:00:00,18.038061643914858
2012-04-24 01:00:00,19.420724010632945
2012-04-24 02:00:00,17.588550426845618
2012-04-24 03:00:00,19.554977263390306
2012-04-24 04:00:00,24.078425709205792
2012-04-24 05:00:00,27.05272548212447
2012-04-24 06:00:00,30.563810016897975
2012-04-24 07:00:00,38.04833081202082
2012-04-24 08:00:00,47.54027779291105
2012-04-24 09:00:00,79.97986058720196
2012-04-24 10:00:00,94.19227552181512
2012-04-24 11:00:00,152.1302264452979
2012-04-24 12:00:00,187.05705243179327
2012-04-24 13:00:00,222.86922624118645
2012-04-24 14:00:00,266.34944671568525
2012-04-24 15:00:00,309.2054392345478
2012-04-24 16:00:00,336.63864572000057
2012-04-24 17:00:00,419.01541738956735
2012-04-24 18:00:00,411.9883144560316
2012-04-24 19:00:00,519.6073755045005
2012-04-24 20:00:00,527.9412730544788
2012-04-24 21:00:00,478.1076259175749
2012-04-24 22:00:00,459.3897879964802
2012-04-24 23:00:00,464.9814498141765
2012-04-25 00:00:00,36.48702047986437
2012-04-25 01:00:00,36.533371067041514
2012-04-25 02:00:00,25.716164431425565
2012-04-25 03:00:00,25.048829489730494
2012-04-25 04:00:00,30.759496902425916
2012-04-25 05:00:00,32.18280577122555
2012-04-25 06:00:00,35.88043732366
2012-04-25 07:00:00,37.48402618114428
2012-04-25 08:00:00,43.56839177303839
2012-04-25 09:00:00,71.44348643366085
2012-04-25 10:00:00,142.97827109837647
2012-04-25 11:00:00,180.45336979876265
2012-04-25 12:00:00,233.95147744333752
2012-04-25 13:00:00,282.72653985115517
2012-04-25 14:00:00,342.93310412517576
2012-04-25 15:00:00,413.5654611489546
2012-04-25 16:00:00,507.4518963385414
2012-04-25 17:00:00,562.0388343537396
2012-04-25 18:00:00,623.6898762377872
2012-04-25 19:00:00,683.6342949117154
2012-04-25 20:00:00,617.9043514588549
2012-04-25 21:00:00,384.12442037214845
2012-04-25 22:00:00,377.2081651744786
2012-04-25 23:00:00,493.2428912072386
2012-04-26 00:00:00,32.98932786917795
2012-04-26 01:00:00,47.02206157596329
2012-04-26 02:00:00,48.48344702706517
2012-04-26 03:00:00,53.56854036469016
2012-04-26 04:00:00,56.903806745849785
2012-04-26 05:00:00,61.361704789259534
2012-04-26 06:00:00,69.86239301102296
2012-04-26 07:00:00,41.801811669233395
2012-04-26 08:00:00,45.44604709557413
2012-04-26 09:00:00,48.483488063481765
2012-04-26 10:00:00,72.25623953159402
2012-04-26 11:00:00,81.40527267011637
2012-04-26 12:00:00,112.69348208305368
2012-04-26 13:00:00,122.81427750800714
2012-04-26 14:00:00,157.8799647987508
2012-04-26 15:00:00,160.8322055675934
2012-04-26 16:00:00,176.47935625297916
2012-04-26 17:00:00,177.97931413572704
2012-04-26 18:00:00,242.52532334927426
2012-04-26 19:00:00,271.54085902715155
2012-04-26 20:00:00,247.28044055976704
2012-04-26 21:00:00,242.1760528889608
2012-04-26 22:00:00,266.69189129922967
2012-04-26 23:00:00,264.75395351276063
2012-04-27 00:00:00,45.57302354863111
2012-04-27 01:00:00,52.30002239270598
2012-04-27 02:00:00,54.43562079508916
2012-04-27 03:00:00,64.91191963045416
2012-04-27 04:00:00,68.61424692689147
2012-04-27 05:00:00,76.40906255809747
2012-04-27 06:00:00,79.37015554330526
2012-04-27 07:00:00,75.12904898942563
2012-04-27 08:00:00,77.22555492754378
2012-04-27 09:00:00,112.84373964276271
2012-04-27 10:00:00,142.6919673378677
2012-04-27 11:00:00,155.33357030479203
2012-04-27 12:00:00,187.35974957872008
2012-04-27 13:00:00,216.2159016710765
2012-04-27 14:00:00,236.03038740929208
2012-04-27 15:00:00,337.05502164066843
2012-04-27 16:00:00,360.7681194090203
2012-04-27 17:00:00,465.46091398633394
2012-04-27 18:00:00,471.1967319741973
2012-04-27 19:00:00,472.42843529107654
2012-04-27 20:00:00,426.0454960250506
2012-04-27 21:00:00,428.58424419104176
2012-04-27 22:00:00,410.24128667103423
2012-04-27 23:00:00,414.01268366820864
2012-04-28 00:00:00,51.430361069490374
2012-04-28 01:00:00,46.09421122072442
2012-04-28 02:00:00,54.396876307471636
2012-04-28 03:00:00,50.746911680539895
2012-04-28 04:00:00,54.96609306713074
2012-04-28 05:00:00,61.226564012425655
2012-04-28 06:00:00,64.2708081419193
2012-04-28 07:00:00,68.85053020538744
2012-04-28 08:00:00,97.2395492146707
2012-04-28 09:00:00,101.67355392665333
2012-04-28 10:00:00,117.69130776718434
2012-04-28 11:00:00,124.81581217447433
2012-04-28 12:00:00,120.03395037186436
2012-04-28 13:00:00,146.62728856074796
2012-04-28 14:00:00,177.31684973812486
2012-04-28 15:00:00,187.9014896048831
2012-04-28 16:00:00,230.94510638872322
2012-04-28 17:00:00,222.552844079349
2012-04-28 18:00:00,112.41931189488449
2012-04-28 19:00:00,101.00825921113116
2012-04-28 20:00:00,174.48747919080162
2012-04-28 21:00:00,118.98214594230677
2012-04-28 22:00:00,195.00326102842365
2012-04-28 23:00:00,214.45122435729473
2012-04-29 00:00:00,24.146522489405328
2012-04-29 01:00:00,38.02892921319559
2012-04-29 02:00:00,38.646728764644735
2012-04-29 03:00:00,41.50005494860006
2012-04-29 04:00:00,43.690846254381015
2012-04-29 05:00:00,33.13268788057109
2012-04-29 06:00:00,37.56320584476277
2012-04-29 07:00:00,50.87498213026588
2012-04-29 08:00:00,56.421607738887204
2012-04-29 09:00:00,68.04398975433887
2012-04-29 10:00:00,80.02457065700077
2012-04-29 11:00:00,113.32572997207699
2012-04-29 12:00:00,156.81319816029338
2012-04-29 13:00:00,175.01824397574802
2012-04-29 14:00:00,236.10540489664686
2012-04-29 15:00:00,278.57093621754046
2012-04-29 16:00:00,428.6219670648164
2012-04-29 17:00:00,493.7119803348195
2012-04-29 18:00:00,513.9392200255738
2012-04-29 19:00:00,373.40901307280535
2012-04-29 20:00:00,414.8546436592944
2012-04-29 21:00:00,297.9930407251084
2012-04-29 22:00:00,286.9751072267279
2012-04-29 23:00:00,228.9918923685343
2012-04-30 00:00:00,23.705799516216924
2012-04-30 01:00:00,23.09167459007172
2012-04-30 02:00:00,28.39831797934856
2012-04-30 03:00:00,28.12735038622718
2012-04-30 04:00:00,36.83114024136711
2012-04-30 05:00:00,40.90763410403979
2012-04-30 06:00:00,58.69268565371264
2012-04-30 07:00:00,62.437674821557124
2012-04-30 08:00:00,76.64272253553403
2012-04-30 09:00:00,89.0922351567092
2012-04-30 10:00:00,106.37063276465503
2012-04-30 11:00:00,119.4220857122992
2012-04-30 12:00:00,129.7526170707942
2012-04-30 13:00:00,151.8645221301634
2012-04-30 14:00:00,172.413758072596
2012-04-30 15:00:00,199.7099714276818
2012-04-30 16:00:00,208.26396857925116
2012-04-30 17:00:00,230.09623300314428
2012-04-30 18:00:00,291.93413398003315
2012-04-30 19:00:00,297.5587043027704
2012-04-30 20:00:00,332.0910245753099
2012-04-30 21:00:00,369.7153373312771
2012-04-30 22:00:00,428.2930967350556
2012-04-30 23:00:00,482.5383404025656
2012-05-20 00:00:00,82.8519766909449
2012-05-20 01:00:00,78.39045542381427
2012-05-20 02:00:00,83.57125320243367
2012-05-20 03:00:00,84.90200240115372
2012-05-20 04:00:00,69.52848772743235
2012-05-20 05:00:00,66.23916000965836
2012-05-20 06:00:00,82.95839295030837
2012-05-20 07:00:00,86.75901449154328
2012-05-20 08:00:00,126.15168222735966
2012-05-20 09:00:00,271.754830931892
2012-05-20 10:00:00,298.7965756263679
2012-05-20 11:00:00,306.1451136216656
2012-05-20 12:00:00,341.4450735236336
2012-05-20 13:00:00,361.5056279334411
2012-05-20 14:00:00,386.2030334643338
2012-05-20 15:00:00,411.0414963843741
2012-05-20 16:00:00,408.4019712826233
2012-05-20 17:00:00,405.42731423698604
2012-05-20 18:00:00,374.17143340601365
2012-05-20 19:00:00,305.1340627690321
2012-05-20 20:00:00,325.3352458603727
2012-05-20 21:00:00,284.46626256081817
2012-05-20 22:00:00,269.08366885536793
2012-05-20 23:00:00,205.40275514884468
2012-05-21 00:00:00,22.824291561717708
2012-05-21 01:00:00,25.47261022726723
2012-05-21 02:00:00,25.55923140656835
2012-05-21 03:00:00,42.94974578557094
2012-05-21 04:00:00,33.30825340217631
2012-05-21 05:00:00,36.97022746508827
2012-05-21 06:00:00,41.048323532672946
2012-05-21 07:00:00,45.59079501674363
2012-05-21 08:00:00,50.33584070808533
2012-05-21 09:00:00,55.674073279465716
2012-05-21 10:00:00,64.62334962954573
2012-05-21 11:00:00,110.76734006928505
2012-05-21 12:00:00,125.1407430331905
2012-05-21 13:00:00,95.33413034610435
2012-05-21 14:00:00,104.95999997735234
2012-05-21 15:00:00,210.55147296251164
2012-05-21 16:00:00,236.43086004870486
2012-05-21 17:00:00,286.122123690273
2012-05-21 18:00:00,236.87451438519773
2012-05-21 19:00:00,290.1430798489768
2012-05-21 20:00:00,317.8494584446309
2012-05-21 21:00:00,342.7485707228307
2012-05-21 22:00:00,427.61772577489177
2012-05-21 23:00:00,406.9036659169474
2012-05-22 00:00:00,24.544564567603402
2012-05-22 01:00:00,33.46519189568115
2012-05-22 02:00:00,37.152604155199086
2012-05-22 03:00:00,41.630095598411465
2012-05-22 04:00:00,42.94634700588283
2012-05-22 05:00:00,33.9348726038622
2012-05-22 06:00:00,37.218261389147244
2012-05-22 07:00:00,41.76293714699419
2012-05-22 08:00:00,67.50063127450737
2012-05-22 09:00:00,85.58168849493062
2012-05-22 10:00:00,103.59657765921187
2012-05-22 11:00:00,107.40249985681432
2012-05-22 12:00:00,135.454161810618
2012-05-22 13:00:00,154.1829178954582
2012-05-22 14:00:00,188.19510347374262
2012-05-22 15:00:00,238.97944972629796
2012-05-22 16:00:00,262.50620545900244
2012-05-22 17:00:00,325.8111385718647
2012-05-22 18:00:00,333.2616867383334
2012-05-22 19:00:00,319.5707315356121
2012-05-22 20:00:00,325.8690626085139
2012-05-22 21:00:00,317.5366538265527
2012-05-22 22:00:00,383.68506720520907
2012-05-22 23:00:00,433.44919754705967
2012-05-23 00:00:00,32.33575996265791
2012-05-23 01:00:00,31.502889254061575
2012-05-23 02:00:00,43.711268119403165
2012-05-23 03:00:00,42.60595842007796
2012-05-23 04:00:00,36.06331026669332
2012-05-23 05:00:00,37.606313689735984
2012-05-23 06:00:00,45.34437042734758
2012-05-23 07:00:00,52.329611916428476
2012-05-23 08:00:00,58.27676721581747
2012-05-23 09:00:00,93.86971933965224
2012-05-23 10:00:00,92.65304233453496
2012-05-23 11:00:00,107.61162715874053
2012-05-23 12:00:00,168.59387632642608
2012-05-23 13:00:00,178.81072231763332
2012-05-23 14:00:00,200.20299243167887
2012-05-23 15:00:00,254.52176873795236
2012-05-23 16:00:00,190.62060598514452
2012-05-23 17:00:00,181.69232130448555
2012-05-23 18:00:00,202.47753850768436
2012-05-23 19:00:00,282.6557373797739
2012-05-23 20:00:00,308.444075046126
2012-05-23 21:00:00,317.9763299138792
2012-05-23 22:00:00,392.2538624125049
2012-05-23 23:00:00,337.3757761286389
2012-05-24 00:00:00,28.845491325626682
2012-05-24 01:00:00,28.851517601605067
2012-05-24 02:00:00,29.62733225724436
2012-05-24 03:00:00,45.69467613031864
2012-05-24 04:00:00,51.639155265423106
2012-05-24 05:00:00,57.41440691529222
2012-05-24 06:00:00,63.8448460298194
2012-05-24 07:00:00,60.67890052037292
2012-05-24 08:00:00,85.33081028693285
2012-05-24 09:00:00,95.54263494933319
2012-05-24 10:00:00,125.97999596286346
2012-05-24 11:00:00,144.48192921771235
2012-05-24 12:00:00,192.1952807858063
2012-05-24 13:00:00,240.52295278732925
2012-05-24 14:00:00,270.37334347229694
2012-05-24 15:00:00,301.7880252234226
2012-05-24 16:00:00,339.8033492003069
2012-05-24 17:00:00,374.20507798672577
2012-05-24 18:00:00,418.1100943850375
2012-05-24 19:00:00,395.303027793894
2012-05-24 20:00:00,421.35486833596246
2012-05-24 21:00:00,261.59284878401337
2012-05-24 22:00:00,426.8653921873616
2012-05-24 23:00:00,479.6991882249632
2012-05-25 00:00:00,38.65392871783618
2012-05-25 01:00:00,41.85427102489916
2012-05-25 02:00:00,52.997655904186004
2012-05-25 03:00:00,58.22901521606053
2012-05-25 04:00:00,58.81306103666829
2012-05-25 05:00:00,69.9367477527948
2012-05-25 06:00:00,77.27319639708686
2012-05-25 07:00:00,86.32897958771782
2012-05-25 08:00:00,94.55485135983209
2012-05-25 09:00:00,104.86280341719015
2012-05-25 10:00:00,118.18237397406573
2012-05-25 11:00:00,128.88729979919182
2012-05-25 12:00:00,191.6157293502847
2012-05-25 13:00:00,230.4697200728532
2012-05-25 14:00:00,274.7551695517484
2012-05-25 15:00:00,290.38166464309745
2012-05-25 16:00:00,393.5332079342968
2012-05-25 17:00:00,355.3572998202392
2012-05-25 18:00:00,384.68547478581445
2012-05-25 19:00:00,414.29672258043684
2012-05-25 20:00:00,405.6652440151912
2012-05-25 21:00:00,442.38981036647203
2012-05-25 22:00:00,386.2488778112729
2012-05-25 23:00:00,399.1098213906488
2012-05-26 00:00:00,49.10703489042997
2012-05-26 01:00:00,52.557748824525625
2012-05-26 02:00:00,50.481847778104516
2012-05-26 03:00:00,53.45878964290464
2012-05-26 04:00:00,58.16281614489226
2012-05-26 05:00:00,71.83725737320742
2012-05-26 06:00:00,68.54562417178461
2012-05-26 07:00:00,93.47538015399768
2012-05-26 08:00:00,99.89979457707784
2012-05-26 09:00:00,97.35539482405065
2012-05-26 10:00:00,124.70297249503449
2012-05-26 11:00:00,154.38639415888392
2012-05-26 12:00:00,206.29661090308392
2012-05-26 13:00:00,228.22839195029422
2012-05-26 14:00:00,247.51152615722486
2012-05-26 15:00:00,269.4034447156606
2012-05-26 16:00:00,369.52496236384616
2012-05-26 17:00:00,457.28247890325963
2012-05-26 18:00:00,481.99744200711655
2012-05-26 19:00:00,405.0794838471968
2012-05-26 20:00:00,520.9141355896058
2012-05-26 21:00:00,494.1968202407978
2012-05-26 22:00:00,358.08309490344436
2012-05-26 23:00:00,386.19505018612483
2012-05-27 00:00:00,89.23918123441118
2012-05-27 01:00:00,71.99725490082491
2012-05-27 02:00:00,75.90826115301286
2012-05-27 03:00:00,79.99458815805642
2012-05-27 04:00:00,67.03909605675632
2012-05-27 05:00:00,71.49828098016108
2012-05-27 06:00:00,75.77938295772088
2012-05-27 07:00:00,72.15265336372573
2012-05-27 08:00:00,87.86061529863323
2012-05-27 09:00:00,98.54517025604605
2012-05-27 10:00:00,132.46013624906016
2012-05-27 11:00:00,177.63440950123663
2012-05-27 12:00:00,193.65631773013035
2012-05-27 13:00:00,248.398621067544
2012-05-27 14:00:00,267.4909071123426
2012-05-27 15:00:00,326.9469290796841
2012-05-27 16:00:00,348.45384698937187
2012-05-27 17:00:00,399.4796316393814
2012-05-27 18:00:00,347.4986402928249
2012-05-27 19:00:00,364.3544844814165
2012-05-27 20:00:00,398.8526584632216
2012-05-27 21:00:00,221.47466336120985
2012-05-27 22:00:00,163.3682693297147
2012-05-27 23:00:00,191.3784146128976
2012-05-28 00:00:00,39.490122144705204
2012-05-28 01:00:00,59.27326987713118
2012-05-28 02:00:00,44.901136935065736
2012-05-28 03:00:00,61.842428692031845
2012-05-28 04:00:00,58.176706131283616
2012-05-28 05:00:00,63.1551164201435
2012-05-28 06:00:00,78.97888924776781
2012-05-28 07:00:00,76.51569928475979
2012-05-28 08:00:00,97.56255831285637
2012-05-28 09:00:00,132.701006271274
2012-05-28 10:00:00,143.93978749969088
2012-05-28 11:00:00,160.587355018236
2012-05-28 12:00:00,196.4434928472703
2012-05-28 13:00:00,229.03478027523184
2012-05-28 14:00:00,248.6067408882611
2012-05-28 15:00:00,312.30024842643166
2012-05-28 16:00:00,340.2202086442663
2012-05-28 17:00:00,367.9994021783999
2012-05-28 18:00:00,373.12507267003093
2012-05-28 19:00:00,436.3653438469422
2012-05-28 20:00:00,403.23949170353836
2012-05-28 21:00:00,398.01632327586447
2012-05-28 22:00:00,378.8313297482967
2012-05-28 23:00:00,380.80114311755693
2012-05-29 00:00:00,32.07115262149496
2012-05-29 01:00:00,35.877825777602126
2012-05-29 02:00:00,35.30096650208344
2012-05-29 03:00:00,43.93637047367881
2012-05-29 04:00:00,47.71717966188777
2012-05-29 05:00:00,53.445914255122474
2012-05-29 06:00:00,59.876134266216155
2012-05-29 07:00:00,67.0949702732452
2012-05-29 08:00:00,87.34025899274442
2012-05-29 09:00:00,108.99040099017448
2012-05-29 10:00:00,124.74776122309513
2012-05-29 11:00:00,166.61546745268913
2012-05-29 12:00:00,224.0654653889619
2012-05-29 13:00:00,269.82084116016324
2012-05-29 14:00:00,302.966026706052
2012-05-29 15:00:00,361.1911170730499
2012-05-29 16:00:00,408.26930846858113
2012-05-29 17:00:00,477.08366105411574
2012-05-29 18:00:00,502.60292911873756
2012-05-29 19:00:00,510.13584058093693
2012-05-29 20:00:00,319.41619083890805
2012-05-29 21:00:00,236.27347740256826
2012-05-29 22:00:00,366.51198845752174
2012-05-29 23:00:00,250.8373776410825
2012-05-30 00:00:00,23.45140983509879
2012-05-30 01:00:00,26.69660457264403
2012-05-30 02:00:00,26.46265102184548
2012-05-30 03:00:00,32.066329319951755
2012-05-30 04:00:00,50.98791642818746
2012-05-30 05:00:00,67.13119748160919
2012-05-30 06:00:00,71.6262310261367
2012-05-30 07:00:00,54.64327880653831
2012-05-30 08:00:00,97.93274374173542
2012-05-30 09:00:00,119.91481455165227
2012-05-30 10:00:00,135.4052475309412
2012-05-30 11:00:00,164.91410064413213
2012-05-30 12:00:00,186.9613063854695
2012-05-30 13:00:00,220.51791782987362
2012-05-30 14:00:00,325.5069322845989
2012-05-30 15:00:00,307.36422012810004
2012-05-30 16:00:00,344.47259769019513
2012-05-30 17:00:00,400.46198982033974
2012-05-30 18:00:00,455.4095328624511
2012-05-30 19:00:00,447.63885985655
2012-05-30 20:00:00,358.1728131929172
2012-05-30 21:00:00,489.8522171326746
2012-05-30 22:00:00,425.4476394900347
2012-05-30 23:00:00,509.97821162179
2012-05-31 00:00:00,41.08459576018639
2012-05-31 01:00:00,44.92874323826526
2012-05-31 02:00:00,53.74346356877498
2012-05-31 03:00:00,54.37625311896549
2012-05-31 04:00:00,55.78361775504755
2012-05-31 05:00:00,69.64576441083639
2012-05-31 06:00:00,69.13488127406181
2012-05-31 07:00:00,92.4148954452488
2012-05-31 08:00:00,120.60181191084682
2012-05-31 09:00:00,168.60228234078826
2012-05-31 10:00:00,234.6512794857373
2012-05-31 11:00:00,276.1824491908098
2012-05-31 12:00:00,301.8951762018604
2012-05-31 13:00:00,347.8676089718564
2012-05-31 14:00:00,435.6593084042288
2012-05-31 15:00:00,470.9537009245356
2012-05-31 16:00:00,521.4722547002615
2012-05-31 17:00:00,590.9737105276588
2012-05-31 18:00:00,657.2834243793138
2012-05-31 19:00:00,660.868809203561
2012-05-31 20:00:00,576.6521743749959
2012-05-31 21:00:00,640.9638337396759
2012-05-31 22:00:00,616.0539259687331
2012-05-31 23:00:00,644.3306567958982
2012-06-20 00:00:00,36.25872389008515
2012-06-20 01:00:00,38.83702346086867
2012-06-20 02:00:00,38.206803542495976
2012-06-20 03:00:00,42.18542655051908
2012-06-20 04:00:00,46.26029805935525
2012-06-20 05:00:00,51.4755325158034
2012-06-20 06:00:00,63.12382712872943
2012-06-20 07:00:00,66.49835609899313
2012-06-20 08:00:00,101.65549356242721
2012-06-20 09:00:00,115.93758997470081
2012-06-20 10:00:00,194.59956623986483
2012-06-20 11:00:00,233.52891298963144
2012-06-20 12:00:00,267.4776938096842
2012-06-20 13:00:00,307.84599967103657
2012-06-20 14:00:00,387.6235894305094
2012-06-20 15:00:00,417.5232355617087
2012-06-20 16:00:00,504.72110057355314
2012-06-20 17:00:00,491.9212152650802
2012-06-20 18:00:00,546.8435536917871
2012-06-20 19:00:00,684.025851301169
2012-06-20 20:00:00,731.5664742409783
2012-06-20 21:00:00,709.1768849123134
2012-06-20 22:00:00,773.4032076793598
2012-06-20 23:00:00,661.921256223411
2012-06-21 00:00:00,42.97749371716484
2012-06-21 01:00:00,40.49475678779567
2012-06-21 02:00:00,44.576153807166534
2012-06-21 03:00:00,50.25053735737497
2012-06-21 04:00:00,48.13231513598774
2012-06-21 05:00:00,53.79955241791123
2012-06-21 06:00:00,74.58613723827558
2012-06-21 07:00:00,82.95060029222446
2012-06-21 08:00:00,91.97123352418816
2012-06-21 09:00:00,161.4936843442557
2012-06-21 10:00:00,199.28371755493197
2012-06-21 11:00:00,260.6692721398091
2012-06-21 12:00:00,327.1640652421897
2012-06-21 13:00:00,326.177251616428
2012-06-21 14:00:00,382.4791006331217
2012-06-21 15:00:00,455.30344346404434
2012-06-21 16:00:00,489.9036417453361
2012-06-21 17:00:00,473.54659680148035
2012-06-21 18:00:00,550.3002219567405
2012-06-21 19:00:00,635.4897627727935
2012-06-21 20:00:00,636.4699434749712
2012-06-21 21:00:00,611.957903619786
2012-06-21 22:00:00,556.0839241928119
2012-06-21 23:00:00,646.8545857351954
2012-06-22 00:00:00,66.89779495477723
2012-06-22 01:00:00,58.11397431219418
2012-06-22 02:00:00,51.899335114275814
2012-06-22 03:00:00,57.01839803756549
2012-06-22 04:00:00,95.52342747965612
2012-06-22 05:00:00,110.33884417880674
2012-06-22 06:00:00,111.9917520409274
2012-06-22 07:00:00,136.12166433023026
2012-06-22 08:00:00,160.35694573827863
2012-06-22 09:00:00,171.40872908133807
2012-06-22 10:00:00,221.53003061147146
2012-06-22 11:00:00,252.00585251073122
2012-06-22 12:00:00,279.2617486298943
2012-06-22 13:00:00,378.6114074193177
2012-06-22 14:00:00,415.5912606327325
2012-06-22 15:00:00,501.69879112213283
2012-06-22 16:00:00,584.9667833913979
2012-06-22 17:00:00,559.4503097680449
2012-06-22 18:00:00,481.4095160668138
2012-06-22 19:00:00,522.7429884729714
2012-06-22 20:00:00,574.2660247168609
2012-06-22 21:00:00,308.4960622844932
2012-06-22 22:00:00,419.1416036344258
2012-06-22 23:00:00,447.2202862282227
2012-06-23 00:00:00,41.807383142585884
2012-06-23 01:00:00,56.99232560116631
2012-06-23 02:00:00,67.39123206900214
2012-06-23 03:00:00,70.6402383722675
2012-06-23 04:00:00,77.84212079979477
2012-06-23 05:00:00,84.44877700233198
2012-06-23 06:00:00,71.0548754122801
2012-06-23 07:00:00,78.30131664338577
2012-06-23 08:00:00,123.12981373720457
2012-06-23 09:00:00,163.2839068634945
2012-06-23 10:00:00,205.52416450511376
2012-06-23 11:00:00,260.76240899900387
2012-06-23 12:00:00,328.6894766376564
2012-06-23 13:00:00,436.191889471402
2012-06-23 14:00:00,466.26412839936137
2012-06-23 15:00:00,563.7610888762405
2012-06-23 16:00:00,658.1839391209179
2012-06-23 17:00:00,715.5103228141072
2012-06-23 18:00:00,776.9401205537695
2012-06-23 19:00:00,794.3327327867969
2012-06-23 20:00:00,763.7551652737702
2012-06-23 21:00:00,758.181457263398
2012-06-23 22:00:00,719.6663580571933
2012-06-23 23:00:00,603.4221021462339
2012-06-24 00:00:00,96.66743205887332
2012-06-24 01:00:00,111.21156071292512
2012-06-24 02:00:00,115.22130602304017
2012-06-24 03:00:00,102.01586012219829
2012-06-24 04:00:00,100.50147669371061
2012-06-24 05:00:00,89.56356012233442
2012-06-24 06:00:00,106.07328897893325
2012-06-24 07:00:00,102.81865419937739
2012-06-24 08:00:00,138.67780406427835
2012-06-24 09:00:00,176.78032129723204
2012-06-24 10:00:00,248.78300561430999
2012-06-24 11:00:00,291.2136030721625
2012-06-24 12:00:00,379.4627626293377
2012-06-24 13:00:00,408.0232279787707
2012-06-24 14:00:00,475.94085527497384
2012-06-24 15:00:00,526.7688820533367
2012-06-24 16:00:00,536.905567749929
2012-06-24 17:00:00,543.7586913806657
2012-06-24 18:00:00,560.2965678108498
2012-06-24 19:00:00,540.516334625047
2012-06-24 20:00:00,468.34931019459896
2012-06-24 21:00:00,406.55740638851637
2012-06-24 22:00:00,414.3674375944852
2012-06-24 23:00:00,413.68569526150605
2012-06-25 00:00:00,50.609821246115146
2012-06-25 01:00:00,50.22062307933693
2012-06-25 02:00:00,50.16250048792895
2012-06-25 03:00:00,55.568243541344245
2012-06-25 04:00:00,49.504727255369346
2012-06-25 05:00:00,59.25438054628463
2012-06-25 06:00:00,58.2745470418152
2012-06-25 07:00:00,73.73948808477451
2012-06-25 08:00:00,89.45453998719026
2012-06-25 09:00:00,112.99483608221567
2012-06-25 10:00:00,161.40287170188873
2012-06-25 11:00:00,242.83312115939592
2012-06-25 12:00:00,259.82812239664923
2012-06-25 13:00:00,235.18279754925098
2012-06-25 14:00:00,318.0714848215973
2012-06-25 15:00:00,394.789075633732
2012-06-25 16:00:00,512.1003377508755
2012-06-25 17:00:00,654.4291335714535
2012-06-25 18:00:00,664.6156409678703
2012-06-25 19:00:00,718.9735339430895
2012-06-25 20:00:00,740.0790339603672
2012-06-25 21:00:00,757.0778393108618
2012-06-25 22:00:00,841.9536201011191
2012-06-25 23:00:00,841.0624688803147
2012-06-26 00:00:00,67.24226292053322
2012-06-26 01:00:00,70.27411599925935
2012-06-26 02:00:00,56.40442366642375
2012-06-26 03:00:00,57.83359878775057
2012-06-26 04:00:00,64.88846046846325
2012-06-26 05:00:00,66.23566069335877
2012-06-26 06:00:00,68.82986759729793
2012-06-26 07:00:00,77.717932536696
2012-06-26 08:00:00,100.91539956273573
2012-06-26 09:00:00,126.2224424540714
2012-06-26 10:00:00,177.2824988222852
2012-06-26 11:00:00,225.37018429588073
2012-06-26 12:00:00,269.7934263229488
2012-06-26 13:00:00,347.5675886751097
2012-06-26 14:00:00,389.0321224172717
2012-06-26 15:00:00,468.972551102014
2012-06-26 16:00:00,538.9363782360825
2012-06-26 17:00:00,585.5377094327989
2012-06-26 18:00:00,651.8783719190933
2012-06-26 19:00:00,717.188881493495
2012-06-26 20:00:00,754.288579750531
2012-06-26 21:00:00,757.0596703460521
2012-06-26 22:00:00,825.5999439605714
2012-06-26 23:00:00,757.3738213432297
2012-06-27 00:00:00,63.701606102969826
2012-06-27 01:00:00,65.65189968435037
2012-06-27 02:00:00,55.138219527478455
2012-06-27 03:00:00,66.89638356875963
2012-06-27 04:00:00,96.57616780563212
2012-06-27 05:00:00,102.0617646507909
2012-06-27 06:00:00,95.97505358449935
2012-06-27 07:00:00,127.24177402228814
2012-06-27 08:00:00,145.21360982152865
2012-06-27 09:00:00,176.92473270979968
2012-06-27 10:00:00,221.8425922949546
2012-06-27 11:00:00,299.92349230511303
2012-06-27 12:00:00,347.659643107539
2012-06-27 13:00:00,419.79199113365894
2012-06-27 14:00:00,491.15013126642816
2012-06-27 15:00:00,536.5836283797593
2012-06-27 16:00:00,618.7397978417156
2012-06-27 17:00:00,683.7154910713118
2012-06-27 18:00:00,711.3301327629941
2012-06-27 19:00:00,746.4916605731767
2012-06-27 20:00:00,765.7166303174575
2012-06-27 21:00:00,757.677343379565
2012-06-27 22:00:00,760.9447157823797
2012-06-27 23:00:00,707.3848138436786
2012-06-28 00:00:00,57.26689900561594
2012-06-28 01:00:00,54.03364214289965
2012-06-28 02:00:00,70.05387952340061
2012-06-28 03:00:00,77.71473816993664
2012-06-28 04:00:00,66.67382219992139
2012-06-28 05:00:00,80.4977595296115
2012-06-28 06:00:00,89.40076632340867
2012-06-28 07:00:00,91.4076704608131
2012-06-28 08:00:00,132.85512962756957
2012-06-28 09:00:00,146.54375138573295
2012-06-28 10:00:00,190.38906132492025
2012-06-28 11:00:00,312.34664999360706
2012-06-28 12:00:00,391.86477074638736
2012-06-28 13:00:00,437.6895082229256
2012-06-28 14:00:00,495.65469257794484
2012-06-28 15:00:00,549.8320194906981
2012-06-28 16:00:00,622.0315326928558
2012-06-28 17:00:00,706.2849466220516
2012-06-28 18:00:00,740.4497122731282
2012-06-28 19:00:00,756.9792250136568
2012-06-28 20:00:00,768.412227817254
2012-06-28 21:00:00,547.1438220593071
2012-06-28 22:00:00,642.1276231151617
2012-06-28 23:00:00,742.704720476153
2012-06-29 00:00:00,85.06604329859401
2012-06-29 01:00:00,88.33256698215219
2012-06-29 02:00:00,84.1459077239113
2012-06-29 03:00:00,92.39199025798686
2012-06-29 04:00:00,85.72452244579486
2012-06-29 05:00:00,100.21229046879688
2012-06-29 06:00:00,126.70314000122512
2012-06-29 07:00:00,120.8808204182112
2012-06-29 08:00:00,172.50870064883134
2012-06-29 09:00:00,177.39888570165323
2012-06-29 10:00:00,289.11798771087103
2012-06-29 11:00:00,312.6597336496499
2012-06-29 12:00:00,352.25668393232235
2012-06-29 13:00:00,370.03100356276474
2012-06-29 14:00:00,419.6913229704189
2012-06-29 15:00:00,411.6569185386156
2012-06-29 16:00:00,451.9137636556907
2012-06-29 17:00:00,554.4352818356832
2012-06-29 18:00:00,585.95253108604
2012-06-29 19:00:00,573.7716296266665
2012-06-29 20:00:00,697.2183304111296
2012-06-29 21:00:00,673.4516790660347
2012-06-29 22:00:00,409.3579495066268
2012-06-29 23:00:00,449.82195499752106
2012-06-30 00:00:00,37.03456606356664
2012-06-30 01:00:00,40.39239398908762
2012-06-30 02:00:00,55.46872575979211
2012-06-30 03:00:00,59.797997510810454
2012-06-30 04:00:00,57.49330663495607
2012-06-30 05:00:00,60.099888893148766
2012-06-30 06:00:00,64.79257333658109
2012-06-30 07:00:00,69.85189775908697
2012-06-30 08:00:00,75.30652624624548
2012-06-30 09:00:00,81.18736534575123
2012-06-30 10:00:00,384.2989019708963
2012-06-30 11:00:00,414.6363115852338
2012-06-30 12:00:00,447.37071023837234
2012-06-30 13:00:00,482.6916531439887
2012-06-30 14:00:00,520.8036989558525
2012-06-30 15:00:00,561.9275983631727
2012-06-30 16:00:00,601.9884151678635
2012-06-30 17:00:00,605.9234638827976
2012-06-30 18:00:00,560.985167371819
2012-06-30 19:00:00,552.6497782525056
2012-06-30 20:00:00,502.3650636923876
2012-06-30 21:00:00,541.8928256211526
2012-06-30 22:00:00,460.1218366537683
2012-06-30 23:00:00,485.5030063722182
2012-07-20 00:00:00,30.356416753219765
2012-07-20 01:00:00,37.551604550965806
2012-07-20 02:00:00,52.126783668621314
2012-07-20 03:00:00,57.60444237374675
2012-07-20 04:00:00,64.36552468232453
2012-07-20 05:00:00,70.22869222558353
2012-07-20 06:00:00,77.77082271763099
2012-07-20 07:00:00,86.02516359887217
2012-07-20 08:00:00,107.85641441029334
2012-07-20 09:00:00,129.21920137511086
2012-07-20 10:00:00,143.06384667408142
2012-07-20 11:00:00,116.01895746163626
2012-07-20 12:00:00,107.89395453570471
2012-07-20 13:00:00,116.6769197247436
2012-07-20 14:00:00,133.55715741878527
2012-07-20 15:00:00,218.13441585383603
2012-07-20 16:00:00,236.01908186181646
2012-07-20 17:00:00,228.61703556323843
2012-07-20 18:00:00,294.4944588562949
2012-07-20 19:00:00,288.42324165927704
2012-07-20 20:00:00,220.1865195285878
2012-07-20 21:00:00,237.59124703478346
2012-07-20 22:00:00,373.27214780415306
2012-07-20 23:00:00,416.43604576639524
2012-07-21 00:00:00,39.675540761459004
2012-07-21 01:00:00,62.354692655988714
2012-07-21 02:00:00,41.88300997725676
2012-07-21 03:00:00,44.9569619722662
2012-07-21 04:00:00,47.87963085004182
2012-07-21 05:00:00,51.39379289051047
2012-07-21 06:00:00,55.402840001802886
2012-07-21 07:00:00,85.51517981645624
2012-07-21 08:00:00,98.62255687580769
2012-07-21 09:00:00,105.24470421479633
2012-07-21 10:00:00,74.82227569603062
2012-07-21 11:00:00,128.02317211179826
2012-07-21 12:00:00,93.80640021018957
2012-07-21 13:00:00,99.95758819254795
2012-07-21 14:00:00,147.13112004281544
2012-07-21 15:00:00,110.747140291075
2012-07-21 16:00:00,118.17846741739436
2012-07-21 17:00:00,126.60866587638444
2012-07-21 18:00:00,196.73445266235655
2012-07-21 19:00:00,210.77650654502702
2012-07-21 20:00:00,158.63027179044076
2012-07-21 21:00:00,244.98375478852114
2012-07-21 22:00:00,259.8053095982709
2012-07-21 23:00:00,257.41576794161267
2012-07-22 00:00:00,52.324700933316635
2012-07-22 01:00:00,56.75092817930638
2012-07-22 02:00:00,59.55809246150907
2012-07-22 03:00:00,63.54263054903351
2012-07-22 04:00:00,48.945674336464045
2012-07-22 05:00:00,52.2197180511088
2012-07-22 06:00:00,86.60368901050528
2012-07-22 07:00:00,85.3657399732707
2012-07-22 08:00:00,101.15410487578028
2012-07-22 09:00:00,130.0892844596978
2012-07-22 10:00:00,128.2840717987189
2012-07-22 11:00:00,136.83075371316002
2012-07-22 12:00:00,178.2684272611222
2012-07-22 13:00:00,205.46578446090427
2012-07-22 14:00:00,194.95747144868196
2012-07-22 15:00:00,207.9022907866751
2012-07-22 16:00:00,225.58273831663604
2012-07-22 17:00:00,247.4423597660948
2012-07-22 18:00:00,260.81003454059226
2012-07-22 19:00:00,251.10492528132283
2012-07-22 20:00:00,241.64438031438894
2012-07-22 21:00:00,228.80165455760266
2012-07-22 22:00:00,276.66438576250215
2012-07-22 23:00:00,254.83147694907996
2012-07-23 00:00:00,25.1355621841336
2012-07-23 01:00:00,28.657027075251598
2012-07-23 02:00:00,36.77247361128111
2012-07-23 03:00:00,40.816976674750244
2012-07-23 04:00:00,45.980218614568095
2012-07-23 05:00:00,51.07029878267436
2012-07-23 06:00:00,63.29021027922673
2012-07-23 07:00:00,63.407508271462476
2012-07-23 08:00:00,79.44123943063066
2012-07-23 09:00:00,119.44380626348487
2012-07-23 10:00:00,149.49259211457712
2012-07-23 11:00:00,215.04690469557033
2012-07-23 12:00:00,238.33744438185016
2012-07-23 13:00:00,259.93794515767974
2012-07-23 14:00:00,263.3614073302992
2012-07-23 15:00:00,286.6273026533541
2012-07-23 16:00:00,335.08663426506325
2012-07-23 17:00:00,372.0157624367347
2012-07-23 18:00:00,458.2394688019562
2012-07-23 19:00:00,461.6927184260177
2012-07-23 20:00:00,405.18736219484424
2012-07-23 21:00:00,453.59380381281886
2012-07-23 22:00:00,490.48776010786213
2012-07-23 23:00:00,501.81168382949227
2012-07-24 00:00:00,33.04359845425951
2012-07-24 01:00:00,32.53713179505162
2012-07-24 02:00:00,32.47157092906642
2012-07-24 03:00:00,36.39547771573134
2012-07-24 04:00:00,39.920726936083696
2012-07-24 05:00:00,45.00603218590184
2012-07-24 06:00:00,50.93364717295308
2012-07-24 07:00:00,73.63692136558537
2012-07-24 08:00:00,92.89583255415207
2012-07-24 09:00:00,140.97502787981912
2012-07-24 10:00:00,167.98617433216427
2012-07-24 11:00:00,219.50363577987028
2012-07-24 12:00:00,230.9979567074461
2012-07-24 13:00:00,274.4397587873903
2012-07-24 14:00:00,304.16617306171287
2012-07-24 15:00:00,339.3835785746433
2012-07-24 16:00:00,334.2930801819633
2012-07-24 17:00:00,394.2914338197759
2012-07-24 18:00:00,354.9042405525437
2012-07-24 19:00:00,388.0163380324273
2012-07-24 20:00:00,397.68865799418984
2012-07-24 21:00:00,451.8917256082691
2012-07-24 22:00:00,510.03509468551226
2012-07-24 23:00:00,665.3699949745469
2012-07-25 00:00:00,53.38874838079024
2012-07-25 01:00:00,56.941501856840205
2012-07-25 02:00:00,58.34254363525782
2012-07-25 03:00:00,58.31166851496652
2012-07-25 04:00:00,62.81021090225425
2012-07-25 05:00:00,69.06270944469533
2012-07-25 06:00:00,77.32327411474547
2012-07-25 07:00:00,120.22326413859282
2012-07-25 08:00:00,162.65303325452945
2012-07-25 09:00:00,207.30091864956336
2012-07-25 10:00:00,205.66380868916542
2012-07-25 11:00:00,254.21517005530032
2012-07-25 12:00:00,282.4471899175124
2012-07-25 13:00:00,369.2337180000643
2012-07-25 14:00:00,431.59983459858614
2012-07-25 15:00:00,446.17256058244794
2012-07-25 16:00:00,537.0041903961647
2012-07-25 17:00:00,517.0561933742854
2012-07-25 18:00:00,687.6845380032919
2012-07-25 19:00:00,651.6438728421147
2012-07-25 20:00:00,620.6810507976398
2012-07-25 21:00:00,616.9177316190012
2012-07-25 22:00:00,531.4848375224648
2012-07-25 23:00:00,605.8642551037751
2012-07-26 00:00:00,43.910636377133535
2012-07-26 01:00:00,49.00477914227666
2012-07-26 02:00:00,50.68302636896007
2012-07-26 03:00:00,56.02238716216901
2012-07-26 04:00:00,56.36673783311706
2012-07-26 05:00:00,62.640616938475056
2012-07-26 06:00:00,64.28556763621532
2012-07-26 07:00:00,83.24800808273353
2012-07-26 08:00:00,110.99356978677716
2012-07-26 09:00:00,130.27608267982325
2012-07-26 10:00:00,127.15986426112822
2012-07-26 11:00:00,166.71618810188917
2012-07-26 12:00:00,225.06025197627463
2012-07-26 13:00:00,265.9863813867387
2012-07-26 14:00:00,329.5503282742387
2012-07-26 15:00:00,402.8117804128066
2012-07-26 16:00:00,465.74810510868275
2012-07-26 17:00:00,474.53144694484905
2012-07-26 18:00:00,573.2321925855956
2012-07-26 19:00:00,580.7024286426451
2012-07-26 20:00:00,582.4400837556909
2012-07-26 21:00:00,668.75707072196
2012-07-26 22:00:00,743.814092737401
2012-07-26 23:00:00,492.7989819456385
2012-07-27 00:00:00,50.0315249759343
2012-07-27 01:00:00,59.78718157022917
2012-07-27 02:00:00,54.50664042684258
2012-07-27 03:00:00,66.50277107598781
2012-07-27 04:00:00,59.931938080686876
2012-07-27 05:00:00,59.78633910032752
2012-07-27 06:00:00,72.35640181163356
2012-07-27 07:00:00,107.42731678712762
2012-07-27 08:00:00,129.96832822981767
2012-07-27 09:00:00,217.69244522058943
2012-07-27 10:00:00,217.03190654516936
2012-07-27 11:00:00,270.6140949577501
2012-07-27 12:00:00,289.846318698581
2012-07-27 13:00:00,324.35223075508543
2012-07-27 14:00:00,359.9123960334159
2012-07-27 15:00:00,440.8566524414263
2012-07-27 16:00:00,425.51729772560833
2012-07-27 17:00:00,536.1869597243655
2012-07-27 18:00:00,519.5735235078873
2012-07-27 19:00:00,511.9936529500036
2012-07-27 20:00:00,470.6349680647604
2012-07-27 21:00:00,517.0716593548447
2012-07-27 22:00:00,573.2650458321732
2012-07-27 23:00:00,492.94386211676664
2012-07-28 00:00:00,81.6994886593888
2012-07-28 01:00:00,73.22438505197348
2012-07-28 02:00:00,72.95322373124526
2012-07-28 03:00:00,78.66788379324738
2012-07-28 04:00:00,76.91774285963604
2012-07-28 05:00:00,79.3403767112976
2012-07-28 06:00:00,103.36359717557802
2012-07-28 07:00:00,116.80979291034575
2012-07-28 08:00:00,140.55023694616315
2012-07-28 09:00:00,181.39607424077636
2012-07-28 10:00:00,238.38006559126217
2012-07-28 11:00:00,333.15280513147945
2012-07-28 12:00:00,348.5253962917906
2012-07-28 13:00:00,383.8688485767358
2012-07-28 14:00:00,425.60818653317705
2012-07-28 15:00:00,535.4373354787132
2012-07-28 16:00:00,492.9848133104166
2012-07-28 17:00:00,457.11420362816284
2012-07-28 18:00:00,528.2012076401455
2012-07-28 19:00:00,190.00089662475844
2012-07-28 20:00:00,220.2066246213796
2012-07-28 21:00:00,253.3631779653658
2012-07-28 22:00:00,273.1935457339787
2012-07-28 23:00:00,266.91345514620747
2012-07-29 00:00:00,44.252232751070544
2012-07-29 01:00:00,53.600531002534154
2012-07-29 02:00:00,70.27631302366524
2012-07-29 03:00:00,84.49015253877354
2012-07-29 04:00:00,86.71827111222476
2012-07-29 05:00:00,75.04152916414168
2012-07-29 06:00:00,90.5988380491403
2012-07-29 07:00:00,109.79969186651805
2012-07-29 08:00:00,133.8194980870224
2012-07-29 09:00:00,159.3135796208454
2012-07-29 10:00:00,151.13217404675558
2012-07-29 11:00:00,214.24737501688145
2012-07-29 12:00:00,231.80678594470436
2012-07-29 13:00:00,290.96405895752247
2012-07-29 14:00:00,325.17419813677475
2012-07-29 15:00:00,367.3349504423081
2012-07-29 16:00:00,391.50945355516694
2012-07-29 17:00:00,443.6159046514174
2012-07-29 18:00:00,471.85699258060856
2012-07-29 19:00:00,353.46657815373004
2012-07-29 20:00:00,291.77209900902227
2012-07-29 21:00:00,283.53182552811575
2012-07-29 22:00:00,288.5747521125073
2012-07-29 23:00:00,282.8529093947319
2012-07-30 00:00:00,37.16709589181361
2012-07-30 01:00:00,37.99283312589584
2012-07-30 02:00:00,40.42423293790495
2012-07-30 03:00:00,36.09168762949377
2012-07-30 04:00:00,40.027357911104566
2012-07-30 05:00:00,48.31680784954827
2012-07-30 06:00:00,54.511201207845275
2012-07-30 07:00:00,68.91617514901377
2012-07-30 08:00:00,105.22210074760811
2012-07-30 09:00:00,114.06286547636857
2012-07-30 10:00:00,150.95301378314062
2012-07-30 11:00:00,201.42640656995724
2012-07-30 12:00:00,208.33429347464153
2012-07-30 13:00:00,258.9400209928502
2012-07-30 14:00:00,290.47976228952365
2012-07-30 15:00:00,323.73631712915864
2012-07-30 16:00:00,360.74996723246136
2012-07-30 17:00:00,343.20347167547993
2012-07-30 18:00:00,368.069505235527
2012-07-30 19:00:00,462.3807045772875
2012-07-30 20:00:00,340.90042469654657
2012-07-30 21:00:00,377.4242619145661
2012-07-30 22:00:00,461.8583010872028
2012-07-30 23:00:00,426.3756773940355
2012-07-31 00:00:00,28.83958384759334
2012-07-31 01:00:00,28.76313816058909
2012-07-31 02:00:00,32.23196073991637
2012-07-31 03:00:00,35.60914030055372
2012-07-31 04:00:00,39.920726936083696
2012-07-31 05:00:00,45.751788677826895
2012-07-31 06:00:00,44.15768239311653
2012-07-31 07:00:00,60.490425657165694
2012-07-31 08:00:00,74.41137524520452
2012-07-31 09:00:00,100.27262563169033
2012-07-31 10:00:00,111.79976066101871
2012-07-31 11:00:00,151.86152963956843
2012-07-31 12:00:00,219.53491243637853
2012-07-31 13:00:00,236.81627754834858
2012-07-31 14:00:00,265.42373755068024
2012-07-31 15:00:00,242.85749010933048
2012-07-31 16:00:00,301.0139524007184
2012-07-31 17:00:00,379.6638405716201
2012-07-31 18:00:00,399.7224786482075
2012-07-31 19:00:00,276.10139960915546
2012-07-31 20:00:00,269.20081143616983
2012-07-31 21:00:00,328.5194830032077
2012-07-31 22:00:00,408.6809365980306
2012-07-31 23:00:00,462.24994709866934
2012-08-20 00:00:00,32.91528154436002
2012-08-20 01:00:00,29.755042296065174
2012-08-20 02:00:00,32.98731086658046
2012-08-20 03:00:00,32.37237825451546
2012-08-20 04:00:00,49.52002006796978
2012-08-20 05:00:00,50.793994309505955
2012-08-20 06:00:00,67.28412193461196
2012-08-20 07:00:00,77.22449539908179
2012-08-20 08:00:00,90.99614648906737
2012-08-20 09:00:00,101.45251663517732
2012-08-20 10:00:00,121.8828964153137
2012-08-20 11:00:00,128.9019395107487
2012-08-20 12:00:00,174.7223390653105
2012-08-20 13:00:00,193.82184069642227
2012-08-20 14:00:00,240.24667798709274
2012-08-20 15:00:00,271.10613080972956
2012-08-20 16:00:00,301.04027363333586
2012-08-20 17:00:00,303.3952137307951
2012-08-20 18:00:00,254.18627224519474
2012-08-20 19:00:00,280.20887756784117
2012-08-20 20:00:00,292.4312836426039
2012-08-20 21:00:00,224.20456531019357
2012-08-20 22:00:00,312.25927093375486
2012-08-20 23:00:00,348.14588790397016
2012-08-21 00:00:00,28.94361263764909
2012-08-21 01:00:00,32.91151524944339
2012-08-21 02:00:00,34.39686618811835
2012-08-21 03:00:00,25.883368470058606
2012-08-21 04:00:00,29.03841063623212
2012-08-21 05:00:00,38.34657470172133
2012-08-21 06:00:00,43.260128127862785
2012-08-21 07:00:00,57.680473239124574
2012-08-21 08:00:00,65.29767788332408
2012-08-21 09:00:00,83.69741572952438
2012-08-21 10:00:00,122.16798643484637
2012-08-21 11:00:00,152.52620201671294
2012-08-21 12:00:00,206.20524523593662
2012-08-21 13:00:00,257.62851121150493
2012-08-21 14:00:00,339.4266511347987
2012-08-21 15:00:00,351.250816281398
2012-08-21 16:00:00,393.4496443590518
2012-08-21 17:00:00,373.7909431213529
2012-08-21 18:00:00,389.84490600236893
2012-08-21 19:00:00,204.78469721113854
2012-08-21 20:00:00,278.1295838726211
2012-08-21 21:00:00,312.56476449914294
2012-08-21 22:00:00,316.86935399787376
2012-08-21 23:00:00,317.6187587712525
2012-08-22 00:00:00,27.343444301488187
2012-08-22 01:00:00,31.10415650494354
2012-08-22 02:00:00,34.611454671600576
2012-08-22 03:00:00,38.520748633110806
2012-08-22 04:00:00,39.359116178210485
2012-08-22 05:00:00,46.19741556240649
2012-08-22 06:00:00,58.12045218375512
2012-08-22 07:00:00,59.196115891525366
2012-08-22 08:00:00,80.4884769868744
2012-08-22 09:00:00,101.69428769047805
2012-08-22 10:00:00,135.62386325716645
2012-08-22 11:00:00,163.72997784890464
2012-08-22 12:00:00,194.3607250299545
2012-08-22 13:00:00,254.49437470078385
2012-08-22 14:00:00,301.0963409659672
2012-08-22 15:00:00,317.94653997190903
2012-08-22 16:00:00,209.1744755080551
2012-08-22 17:00:00,232.95509788728899
2012-08-22 18:00:00,221.42842472561932
2012-08-22 19:00:00,296.81870559615476
2012-08-22 20:00:00,303.9180806553719
2012-08-22 21:00:00,304.63278045806305
2012-08-22 22:00:00,339.81550423185655
2012-08-22 23:00:00,308.7240499046746
2012-08-23 00:00:00,29.526869733995785
2012-08-23 01:00:00,29.09030588464294
2012-08-23 02:00:00,32.33460125579878
2012-08-23 03:00:00,38.89673115954679
2012-08-23 04:00:00,39.96714111766906
2012-08-23 05:00:00,44.444310848925014
2012-08-23 06:00:00,59.75954856553581
2012-08-23 07:00:00,74.2710572693883
2012-08-23 08:00:00,100.36027474502637
2012-08-23 09:00:00,114.5910561599502
2012-08-23 10:00:00,153.75022692563243
2012-08-23 11:00:00,209.33916315166118
2012-08-23 12:00:00,264.30591885500564
2012-08-23 13:00:00,328.8973721805098
2012-08-23 14:00:00,313.48449085288337
2012-08-23 15:00:00,341.70198085447123
2012-08-23 16:00:00,362.15657198734056
2012-08-23 17:00:00,432.77841417137273
2012-08-23 18:00:00,444.7579126597256
2012-08-23 19:00:00,448.3640265736738
2012-08-23 20:00:00,404.80393413618094
2012-08-23 21:00:00,454.61773457828406
2012-08-23 22:00:00,553.9591425685662
2012-08-23 23:00:00,494.44802513154593
2012-08-24 00:00:00,54.855634113526364
2012-08-24 01:00:00,55.230955937388
2012-08-24 02:00:00,56.432727506413855
2012-08-24 03:00:00,55.84442458170653
2012-08-24 04:00:00,73.24682867554722
2012-08-24 05:00:00,60.52286767884548
2012-08-24 06:00:00,73.65849356075248
2012-08-24 07:00:00,89.21732285363632
2012-08-24 08:00:00,108.34661268682488
2012-08-24 09:00:00,162.7146614551499
2012-08-24 10:00:00,214.57731884151406
2012-08-24 11:00:00,256.34783446157746
2012-08-24 12:00:00,294.3063059956817
2012-08-24 13:00:00,357.0692074853
2012-08-24 14:00:00,357.7947129980607
2012-08-24 15:00:00,376.0660479378905
2012-08-24 16:00:00,412.98549383178886
2012-08-24 17:00:00,432.58512689161716
2012-08-24 18:00:00,403.0259973881854
2012-08-24 19:00:00,460.4580186175635
2012-08-24 20:00:00,450.48556717642543
2012-08-24 21:00:00,519.2867875729471
2012-08-24 22:00:00,515.9633013771288
2012-08-24 23:00:00,532.8347263176681
2012-08-25 00:00:00,82.44210632469174
2012-08-25 01:00:00,76.0430492841258
2012-08-25 02:00:00,79.83565811440161
2012-08-25 03:00:00,79.34961102135134
2012-08-25 04:00:00,100.81399720532158
2012-08-25 05:00:00,100.75679979142112
2012-08-25 06:00:00,99.09159253636548
2012-08-25 07:00:00,107.50877808087145
2012-08-25 08:00:00,130.36418543012402
2012-08-25 09:00:00,157.00281553325186
2012-08-25 10:00:00,185.74869871598827
2012-08-25 11:00:00,219.05475999786813
2012-08-25 12:00:00,162.0736779380764
2012-08-25 13:00:00,305.6301079804037
2012-08-25 14:00:00,148.67545079837726
2012-08-25 15:00:00,219.78130944400095
2012-08-25 16:00:00,239.72335693454045
2012-08-25 17:00:00,259.4506058366858
2012-08-25 18:00:00,306.5383509412388
2012-08-25 19:00:00,269.7909831397151
2012-08-25 20:00:00,177.75887612597208
2012-08-25 21:00:00,228.44966692798897
2012-08-25 22:00:00,246.31285697605017
2012-08-25 23:00:00,326.3784276109083
2012-08-26 00:00:00,44.22834696801698
2012-08-26 01:00:00,46.70369765068179
2012-08-26 02:00:00,64.03312931998892
2012-08-26 03:00:00,68.64213333660902
2012-08-26 04:00:00,72.48921721609912
2012-08-26 05:00:00,60.498422021579565
2012-08-26 06:00:00,65.03261018383208
2012-08-26 07:00:00,68.8605397290109
2012-08-26 08:00:00,98.72455008246803
2012-08-26 09:00:00,104.85313463418072
2012-08-26 10:00:00,161.19869328135275
2012-08-26 11:00:00,171.35241300479288
2012-08-26 12:00:00,120.96215949262898
2012-08-26 13:00:00,110.07046094803354
2012-08-26 14:00:00,105.9383490304539
2012-08-26 15:00:00,105.18283722606618
2012-08-26 16:00:00,112.23958220705443
2012-08-26 17:00:00,132.3592134459688
2012-08-26 18:00:00,174.6643714034
2012-08-26 19:00:00,190.49821063491993
2012-08-26 20:00:00,158.92872885493304
2012-08-26 21:00:00,188.68531974036406
2012-08-26 22:00:00,175.4806919548676
2012-08-26 23:00:00,209.0501416661508
2012-08-27 00:00:00,25.07547437645617
2012-08-27 01:00:00,26.96704691512048
2012-08-27 02:00:00,30.34233874277164
2012-08-27 03:00:00,33.17966958595106
2012-08-27 04:00:00,37.88578400476446
2012-08-27 05:00:00,37.77721717546204
2012-08-27 06:00:00,41.95330203450963
2012-08-27 07:00:00,54.71556704326154
2012-08-27 08:00:00,65.7538755866249
2012-08-27 09:00:00,73.44040322842059
2012-08-27 10:00:00,109.08243287922312
2012-08-27 11:00:00,143.91966997520126
2012-08-27 12:00:00,157.71514857690593
2012-08-27 13:00:00,214.61973105606205
2012-08-27 14:00:00,280.9017380310386
2012-08-27 15:00:00,291.3814054477582
2012-08-27 16:00:00,321.4559933018402
2012-08-27 17:00:00,416.0957491657098
2012-08-27 18:00:00,406.0561400391565
2012-08-27 19:00:00,310.91900210874564
2012-08-27 20:00:00,344.13995191425727
2012-08-27 21:00:00,355.16295941803406
2012-08-27 22:00:00,317.84875968338156
2012-08-27 23:00:00,352.0403393720872
2012-08-28 00:00:00,27.76624662299575
2012-08-28 01:00:00,27.01661747272803
2012-08-28 02:00:00,34.309893129816196
2012-08-28 03:00:00,31.782429565819346
2012-08-28 04:00:00,40.50115646729925
2012-08-28 05:00:00,55.85296003091724
2012-08-28 06:00:00,56.98135481598896
2012-08-28 07:00:00,70.66270113577981
2012-08-28 08:00:00,78.32275804353226
2012-08-28 09:00:00,103.0991609301245
2012-08-28 10:00:00,136.2578868179523
2012-08-28 11:00:00,183.66477949873195
2012-08-28 12:00:00,236.3072017431972
2012-08-28 13:00:00,298.12990967472854
2012-08-28 14:00:00,368.02390718811773
2012-08-28 15:00:00,447.6910018709345
2012-08-28 16:00:00,505.72564938359653
2012-08-28 17:00:00,541.6052267967823
2012-08-28 18:00:00,539.5382358794488
2012-08-28 19:00:00,518.9856190162782
2012-08-28 20:00:00,536.2328621876459
2012-08-28 21:00:00,598.4871574825424
2012-08-28 22:00:00,539.88450486445
2012-08-28 23:00:00,558.0403222980922
2012-08-29 00:00:00,35.13834928296458
2012-08-29 01:00:00,41.59231545050025
2012-08-29 02:00:00,41.58892723987773
2012-08-29 03:00:00,45.85807113357764
2012-08-29 04:00:00,51.515034748687036
2012-08-29 05:00:00,57.03038507025633
2012-08-29 06:00:00,63.48982349128099
2012-08-29 07:00:00,83.66547041326548
2012-08-29 08:00:00,105.85140094001673
2012-08-29 09:00:00,152.34225482859003
2012-08-29 10:00:00,183.47063299650654
2012-08-29 11:00:00,192.64894667137068
2012-08-29 12:00:00,248.1153915068337
2012-08-29 13:00:00,259.3417450239575
2012-08-29 14:00:00,331.94505002395175
2012-08-29 15:00:00,379.7031749342024
2012-08-29 16:00:00,435.9982358886216
2012-08-29 17:00:00,524.385792806719
2012-08-29 18:00:00,489.0602154592669
2012-08-29 19:00:00,419.85516628635764
2012-08-29 20:00:00,386.698581428776
2012-08-29 21:00:00,480.4579425339497
2012-08-29 22:00:00,492.2735995949295
2012-08-29 23:00:00,519.76497544216
2012-08-30 00:00:00,35.45453532739177
2012-08-30 01:00:00,42.403982280401216
2012-08-30 02:00:00,39.32245029848758
2012-08-30 03:00:00,43.69116974313832
2012-08-30 04:00:00,48.55311052650329
2012-08-30 05:00:00,53.96460963917404
2012-08-30 06:00:00,53.00093495867515
2012-08-30 07:00:00,68.84499494374383
2012-08-30 08:00:00,91.35996698089906
2012-08-30 09:00:00,122.57402480341085
2012-08-30 10:00:00,150.8665690472715
2012-08-30 11:00:00,247.05636419827783
2012-08-30 12:00:00,250.89310466386235
2012-08-30 13:00:00,259.6601748269063
2012-08-30 14:00:00,291.0999308759779
2012-08-30 15:00:00,353.05873562844084
2012-08-30 16:00:00,417.8973635057457
2012-08-30 17:00:00,563.7376121661397
2012-08-30 18:00:00,559.8521580649466
2012-08-30 19:00:00,493.9059921997929
2012-08-30 20:00:00,453.80949522885595
2012-08-30 21:00:00,428.8698335248475
2012-08-30 22:00:00,389.72090952642134
2012-08-30 23:00:00,445.0959408507186
2012-08-31 00:00:00,40.64579869534339
2012-08-31 01:00:00,44.66021726092157
2012-08-31 02:00:00,41.27080869579211
2012-08-31 03:00:00,44.952097655996525
2012-08-31 04:00:00,48.707466552749054
2012-08-31 05:00:00,53.93528447481466
2012-08-31 06:00:00,75.98547408879206
2012-08-31 07:00:00,81.7261761520982
2012-08-31 08:00:00,115.40384132938055
2012-08-31 09:00:00,118.27277648974749
2012-08-31 10:00:00,167.54199382792595
2012-08-31 11:00:00,394.9931385015824
2012-08-31 12:00:00,451.4738066661102
2012-08-31 13:00:00,484.9252053544691
2012-08-31 14:00:00,542.5007309724974
2012-08-31 15:00:00,583.423533272609
2012-08-31 16:00:00,636.1813468046756
2012-08-31 17:00:00,618.8018093551239
2012-08-31 18:00:00,635.5053468451098
2012-08-31 19:00:00,528.8589229523541
2012-08-31 20:00:00,580.8461036707313
2012-08-31 21:00:00,526.0715128822046
2012-08-31 22:00:00,578.0001924995818
2012-08-31 23:00:00,555.7738805438452
2012-09-20 00:00:00,28.873800691166636
2012-09-20 01:00:00,27.603576560751335
2012-09-20 02:00:00,30.536045276596088
2012-09-20 03:00:00,27.847070195493803
2012-09-20 04:00:00,33.71255252885166
2012-09-20 05:00:00,37.52093542408177
2012-09-20 06:00:00,38.391342268539056
2012-09-20 07:00:00,45.08856589932847
2012-09-20 08:00:00,67.5055786620177
2012-09-20 09:00:00,97.87563849151609
2012-09-20 10:00:00,128.14473206187256
2012-09-20 11:00:00,180.01224232851817
2012-09-20 12:00:00,219.5544623685288
2012-09-20 13:00:00,245.84208806400994
2012-09-20 14:00:00,262.17427428183544
2012-09-20 15:00:00,297.75165316893253
2012-09-20 16:00:00,321.9851646981107
2012-09-20 17:00:00,343.0899833394481
2012-09-20 18:00:00,329.0847913320142
2012-09-20 19:00:00,307.3516779784943
2012-09-20 20:00:00,301.5138562727527
2012-09-20 21:00:00,340.4192755260142
2012-09-20 22:00:00,307.8241431012299
2012-09-20 23:00:00,371.4884051380329
2012-09-21 00:00:00,37.38852689863121
2012-09-21 01:00:00,36.80809207383956
2012-09-21 02:00:00,40.452367601211265
2012-09-21 03:00:00,42.51543071923236
2012-09-21 04:00:00,43.19005427513147
2012-09-21 05:00:00,43.88388778873767
2012-09-21 06:00:00,56.474334872114326
2012-09-21 07:00:00,59.865177172043715
2012-09-21 08:00:00,80.39892041198425
2012-09-21 09:00:00,104.33924466360902
2012-09-21 10:00:00,147.63197843318892
2012-09-21 11:00:00,184.47391921398145
2012-09-21 12:00:00,206.69915142072057
2012-09-21 13:00:00,247.59755719313526
2012-09-21 14:00:00,278.1994301447524
2012-09-21 15:00:00,302.22889232914036
2012-09-21 16:00:00,330.1906799036269
2012-09-21 17:00:00,337.6410043328252
2012-09-21 18:00:00,332.2563473660756
2012-09-21 19:00:00,328.4842721006741
2012-09-21 20:00:00,326.72162949069144
2012-09-21 21:00:00,326.62063493757495
2012-09-21 22:00:00,355.4366754884795
2012-09-21 23:00:00,398.7073686916478
2012-09-22 00:00:00,56.11141880134284
2012-09-22 01:00:00,47.053268753062014
2012-09-22 02:00:00,44.492717435627114
2012-09-22 03:00:00,52.56116344088299
2012-09-22 04:00:00,56.66470068554664
2012-09-22 05:00:00,61.43658159011784
2012-09-22 06:00:00,65.98890332738584
2012-09-22 07:00:00,80.31409387059544
2012-09-22 08:00:00,102.70040913104077
2012-09-22 09:00:00,125.49668263578852
2012-09-22 10:00:00,152.91458019693556
2012-09-22 11:00:00,201.08443515384317
2012-09-22 12:00:00,243.02218006443923
2012-09-22 13:00:00,283.2752040610404
2012-09-22 14:00:00,330.2491929041287
2012-09-22 15:00:00,353.4948600403546
2012-09-22 16:00:00,354.27083495576403
2012-09-22 17:00:00,382.12483757757315
2012-09-22 18:00:00,381.84985109743224
2012-09-22 19:00:00,362.80004906470157
2012-09-22 20:00:00,430.4406212648071
2012-09-22 21:00:00,400.2895141404385
2012-09-22 22:00:00,417.45600278793233
2012-09-22 23:00:00,516.3781975101286
2012-09-23 00:00:00,193.56535325317617
2012-09-23 01:00:00,122.52880540297906
2012-09-23 02:00:00,130.69589087115497
2012-09-23 03:00:00,111.24647537667708
2012-09-23 04:00:00,110.88789879578603
2012-09-23 05:00:00,111.60290740936144
2012-09-23 06:00:00,107.61361390498655
2012-09-23 07:00:00,126.44670736700715
2012-09-23 08:00:00,154.83823145095772
2012-09-23 09:00:00,186.06775192835198
2012-09-23 10:00:00,244.30963948137992
2012-09-23 11:00:00,270.72772992292903
2012-09-23 12:00:00,294.9683296715777
2012-09-23 13:00:00,422.037228477934
2012-09-23 14:00:00,452.78217580107776
2012-09-23 15:00:00,534.6351878043102
2012-09-23 16:00:00,578.450983705205
2012-09-23 17:00:00,489.34684569270735
2012-09-23 18:00:00,466.3392633718954
2012-09-23 19:00:00,426.7317816646049
2012-09-23 20:00:00,455.1999112904677
2012-09-23 21:00:00,461.47183889754973
2012-09-23 22:00:00,422.7293117337363
2012-09-23 23:00:00,433.9992623342417
2012-09-24 00:00:00,43.41319426833424
2012-09-24 01:00:00,44.66353630779621
2012-09-24 02:00:00,60.232306201568996
2012-09-24 03:00:00,58.96148225179134
2012-09-24 04:00:00,57.67193023518967
2012-09-24 05:00:00,65.76080396030017
2012-09-24 06:00:00,77.66157207748815
2012-09-24 07:00:00,83.91422077193621
2012-09-24 08:00:00,125.8948899959828
2012-09-24 09:00:00,154.5118441427967
2012-09-24 10:00:00,190.78602040828173
2012-09-24 11:00:00,271.8307866101888
2012-09-24 12:00:00,317.4124951675716
2012-09-24 13:00:00,448.57027027345595
2012-09-24 14:00:00,456.4711954760385
2012-09-24 15:00:00,487.9383448871965
2012-09-24 16:00:00,551.5195767360722
2012-09-24 17:00:00,544.9890360167342
2012-09-24 18:00:00,535.9272282654625
2012-09-24 19:00:00,543.4477588879274
2012-09-24 20:00:00,487.8623827839381
2012-09-24 21:00:00,530.3793877803034
2012-09-24 22:00:00,602.4343122525727
2012-09-24 23:00:00,499.6721454714091
2012-09-25 00:00:00,36.03169535057084
2012-09-25 01:00:00,35.47612676410128
2012-09-25 02:00:00,35.34352106778947
2012-09-25 03:00:00,42.64367779882121
2012-09-25 04:00:00,48.57659414100784
2012-09-25 05:00:00,49.33595940630974
2012-09-25 06:00:00,59.91624019812124
2012-09-25 07:00:00,66.94116149115487
2012-09-25 08:00:00,95.6854232390352
2012-09-25 09:00:00,148.96444076390372
2012-09-25 10:00:00,188.4622137390662
2012-09-25 11:00:00,274.22122849126947
2012-09-25 12:00:00,333.02802810130544
2012-09-25 13:00:00,354.56912231958313
2012-09-25 14:00:00,476.4636864642282
2012-09-25 15:00:00,564.9537454139993
2012-09-25 16:00:00,596.6395269019695
2012-09-25 17:00:00,667.7760507851976
2012-09-25 18:00:00,698.8059897903138
2012-09-25 19:00:00,654.6373489148604
2012-09-25 20:00:00,650.2362721488835
2012-09-25 21:00:00,730.4651902625872
2012-09-25 22:00:00,819.0958136120349
2012-09-25 23:00:00,925.649086921369
2012-09-26 00:00:00,58.07120132446144
2012-09-26 01:00:00,64.843730988907
2012-09-26 02:00:00,82.33116753123338
2012-09-26 03:00:00,91.6282379526787
2012-09-26 04:00:00,72.88515320388946
2012-09-26 05:00:00,80.79468644519208
2012-09-26 06:00:00,85.95777538197879
2012-09-26 07:00:00,88.51364850614904
2012-09-26 08:00:00,112.97358360024751
2012-09-26 09:00:00,163.6512868384781
2012-09-26 10:00:00,155.69003803142917
2012-09-26 11:00:00,228.98925940797514
2012-09-26 12:00:00,265.78017166942755
2012-09-26 13:00:00,321.63492754830366
2012-09-26 14:00:00,452.5119171866863
2012-09-26 15:00:00,504.7250614139096
2012-09-26 16:00:00,595.3101654691577
2012-09-26 17:00:00,625.7427686356261
2012-09-26 18:00:00,689.2584299222567
2012-09-26 19:00:00,655.6130711458977
2012-09-26 20:00:00,528.615400279156
2012-09-26 21:00:00,633.5616270856598
2012-09-26 22:00:00,475.9161045969741
2012-09-26 23:00:00,707.7355020037832
2012-09-27 00:00:00,47.77657253354672
2012-09-27 01:00:00,53.10110495290618
2012-09-27 02:00:00,59.0281450314272
2012-09-27 03:00:00,60.64877825448179
2012-09-27 04:00:00,51.94257383002374
2012-09-27 05:00:00,65.48175967672877
2012-09-27 06:00:00,70.04691975574137
2012-09-27 07:00:00,92.7983719525517
2012-09-27 08:00:00,132.65568120294301
2012-09-27 09:00:00,159.36922189239735
2012-09-27 10:00:00,299.26142417458874
2012-09-27 11:00:00,334.1632856740653
2012-09-27 12:00:00,388.34870239520876
2012-09-27 13:00:00,393.06818872803365
2012-09-27 14:00:00,504.8299790582224
2012-09-27 15:00:00,518.4350075252596
2012-09-27 16:00:00,524.366027379927
2012-09-27 17:00:00,461.8474195313711
2012-09-27 18:00:00,508.56049477649555
2012-09-27 19:00:00,508.70753727919356
2012-09-27 20:00:00,612.5398311784351
2012-09-27 21:00:00,378.26540748247817
2012-09-27 22:00:00,421.588602471541
2012-09-27 23:00:00,459.39384906840047
2012-09-28 00:00:00,45.435995756705466
2012-09-28 01:00:00,45.16611124385065
2012-09-28 02:00:00,56.173088751142764
2012-09-28 03:00:00,92.67571929340166
2012-09-28 04:00:00,62.13407458058596
2012-09-28 05:00:00,70.17421483636167
2012-09-28 06:00:00,99.05221246945284
2012-09-28 07:00:00,100.66240697607695
2012-09-28 08:00:00,117.46827155615193
2012-09-28 09:00:00,167.16525627136534
2012-09-28 10:00:00,204.15372625485543
2012-09-28 11:00:00,242.14186502833496
2012-09-28 12:00:00,394.0318551683069
2012-09-28 13:00:00,453.045581001535
2012-09-28 14:00:00,475.4994547107306
2012-09-28 15:00:00,509.8278673501187
2012-09-28 16:00:00,569.2718946825294
2012-09-28 17:00:00,597.1161201117725
2012-09-28 18:00:00,673.0770043438048
2012-09-28 19:00:00,429.76641186529656
2012-09-28 20:00:00,440.73977543379135
2012-09-28 21:00:00,487.4167857777819
2012-09-28 22:00:00,806.4804410855976
2012-09-28 23:00:00,812.2031944865334
2012-09-29 00:00:00,92.60836449131912
2012-09-29 01:00:00,99.84549335935122
2012-09-29 02:00:00,127.81305630956919
2012-09-29 03:00:00,125.27553404443589
2012-09-29 04:00:00,121.56096780387136
2012-09-29 05:00:00,115.28248567070945
2012-09-29 06:00:00,125.55830767917313
2012-09-29 07:00:00,121.1097321384355
2012-09-29 08:00:00,135.02275237807413
2012-09-29 09:00:00,155.7303483678549
2012-09-29 10:00:00,211.69962494611661
2012-09-29 11:00:00,259.0587632016677
2012-09-29 12:00:00,423.14925716246523
2012-09-29 13:00:00,456.38763202610994
2012-09-29 14:00:00,482.31555075386643
2012-09-29 15:00:00,491.109148022466
2012-09-29 16:00:00,569.0353282939981
2012-09-29 17:00:00,637.3585030308961
2012-09-29 18:00:00,482.1411030387047
2012-09-29 19:00:00,395.7425890178396
2012-09-29 20:00:00,429.373779144311
2012-09-29 21:00:00,456.67406347598035
2012-09-29 22:00:00,404.71572910823636
2012-09-29 23:00:00,463.65132012122217
2012-09-30 00:00:00,80.12498876860155
2012-09-30 01:00:00,85.47472322899861
2012-09-30 02:00:00,80.9321216708624
2012-09-30 03:00:00,83.1815755705275
2012-09-30 04:00:00,88.75679338740416
2012-09-30 05:00:00,76.97500364611793
2012-09-30 06:00:00,88.89717585162072
2012-09-30 07:00:00,81.24110069101778
2012-09-30 08:00:00,121.80290013747809
2012-09-30 09:00:00,153.74965793693787
2012-09-30 10:00:00,263.5887737023462
2012-09-30 11:00:00,341.13500399312846
2012-09-30 12:00:00,395.2100363763141
2012-09-30 13:00:00,418.71384386444265
2012-09-30 14:00:00,446.41575383771965
2012-09-30 15:00:00,542.6805875612813
2012-09-30 16:00:00,575.759849701956
2012-09-30 17:00:00,611.6017976408007
2012-09-30 18:00:00,311.309778747676
2012-09-30 19:00:00,188.1874457085662
2012-09-30 20:00:00,200.8338160213317
2012-09-30 21:00:00,269.25817904290875
2012-09-30 22:00:00,256.5947866368971
2012-09-30 23:00:00,296.35166374539233
2012-10-20 00:00:00,52.46231893837747
2012-10-20 01:00:00,66.00120227260746
2012-10-20 02:00:00,62.25984728118316
2012-10-20 03:00:00,64.59166445624783
2012-10-20 04:00:00,71.69809298756418
2012-10-20 05:00:00,60.70646001748927
2012-10-20 06:00:00,80.47910690176717
2012-10-20 07:00:00,70.52418794682197
2012-10-20 08:00:00,120.64830345862413
2012-10-20 09:00:00,164.06344609420478
2012-10-20 10:00:00,209.89700423514049
2012-10-20 11:00:00,243.55943174687215
2012-10-20 12:00:00,299.7340072428781
2012-10-20 13:00:00,346.8524253351907
2012-10-20 14:00:00,356.94042597932713
2012-10-20 15:00:00,364.5860715801062
2012-10-20 16:00:00,426.9603500731252
2012-10-20 17:00:00,498.40367066061737
2012-10-20 18:00:00,488.27613883378285
2012-10-20 19:00:00,439.240005554116
2012-10-20 20:00:00,533.706229221471
2012-10-20 21:00:00,447.062215440342
2012-10-20 22:00:00,415.0864002414745
2012-10-20 23:00:00,349.54603145834915
2012-10-21 00:00:00,81.1182196001155
2012-10-21 01:00:00,77.83628707767814
2012-10-21 02:00:00,73.25598711830152
2012-10-21 03:00:00,68.51503661240636
2012-10-21 04:00:00,64.18312407545147
2012-10-21 05:00:00,78.0451151396586
2012-10-21 06:00:00,85.90285785432741
2012-10-21 07:00:00,91.67702725808604
2012-10-21 08:00:00,95.84251031527981
2012-10-21 09:00:00,151.53190693688236
2012-10-21 10:00:00,207.9063718953345
2012-10-21 11:00:00,252.6447632680181
2012-10-21 12:00:00,312.109108982346
2012-10-21 13:00:00,362.5734942716931
2012-10-21 14:00:00,396.9211201765146
2012-10-21 15:00:00,431.9061575277408
2012-10-21 16:00:00,412.21256248751456
2012-10-21 17:00:00,401.4102877084194
2012-10-21 18:00:00,423.8103148351448
2012-10-21 19:00:00,401.8624596388703
2012-10-21 20:00:00,393.0403751120783
2012-10-21 21:00:00,299.537497052882
2012-10-21 22:00:00,289.01511672048895
2012-10-21 23:00:00,326.3248006987021
2012-10-22 00:00:00,33.84462300069034
2012-10-22 01:00:00,33.0522785662716
2012-10-22 02:00:00,35.00667391017677
2012-10-22 03:00:00,46.386895236500195
2012-10-22 04:00:00,46.37621984029079
2012-10-22 05:00:00,48.631916049767796
2012-10-22 06:00:00,50.97254859375238
2012-10-22 07:00:00,69.09648859630904
2012-10-22 08:00:00,80.99757277001495
2012-10-22 09:00:00,108.66531461960273
2012-10-22 10:00:00,139.7031914696344
2012-10-22 11:00:00,270.1393046333143
2012-10-22 12:00:00,295.87620960023344
2012-10-22 13:00:00,470.6356299484018
2012-10-22 14:00:00,535.8014398828282
2012-10-22 15:00:00,597.3466151402804
2012-10-22 16:00:00,597.2402565638268
2012-10-22 17:00:00,652.2863013138439
2012-10-22 18:00:00,339.87685138156104
2012-10-22 19:00:00,438.00900052984593
2012-10-22 20:00:00,416.8462994640832
2012-10-22 21:00:00,390.6754471516058
2012-10-22 22:00:00,338.91165391821886
2012-10-22 23:00:00,374.7630917607805
2012-10-23 00:00:00,26.19798349823503
2012-10-23 01:00:00,34.723656080303805
2012-10-23 02:00:00,31.445497274010695
2012-10-23 03:00:00,41.51194699325932
2012-10-23 04:00:00,44.163792527496994
2012-10-23 05:00:00,51.59110779675902
2012-10-23 06:00:00,49.44315632166939
2012-10-23 07:00:00,79.5833791104491
2012-10-23 08:00:00,97.94335442437071
2012-10-23 09:00:00,120.99549915852506
2012-10-23 10:00:00,139.23706277490436
2012-10-23 11:00:00,214.20360775668993
2012-10-23 12:00:00,320.57947822017593
2012-10-23 13:00:00,350.1995922157707
2012-10-23 14:00:00,463.6826180995721
2012-10-23 15:00:00,525.8616543877083
2012-10-23 16:00:00,538.6558542714002
2012-10-23 17:00:00,590.87752864392
2012-10-23 18:00:00,532.2971081847942
2012-10-23 19:00:00,557.1350932093806
2012-10-23 20:00:00,498.02129829847013
2012-10-23 21:00:00,458.8191948489699
2012-10-23 22:00:00,561.2176520340005
2012-10-23 23:00:00,559.6771708373876
2012-10-24 00:00:00,43.79827094241907
2012-10-24 01:00:00,48.95321615327705
2012-10-24 02:00:00,54.497695047016755
2012-10-24 03:00:00,52.070707848776244
2012-10-24 04:00:00,58.02033322980554
2012-10-24 05:00:00,55.25987187073966
2012-10-24 06:00:00,64.30874261628429
2012-10-24 07:00:00,67.68275385061945
2012-10-24 08:00:00,106.57934293729437
2012-10-24 09:00:00,126.59510243016021
2012-10-24 10:00:00,142.37155348318956
2012-10-24 11:00:00,167.3408360792926
2012-10-24 12:00:00,236.9356079919013
2012-10-24 13:00:00,292.31717085652116
2012-10-24 14:00:00,637.354733526856
2012-10-24 15:00:00,549.8740928872808
2012-10-24 16:00:00,724.3686022779633
2012-10-24 17:00:00,511.7521331755935
2012-10-24 18:00:00,602.3831221936151
2012-10-24 19:00:00,660.65809418425
2012-10-24 20:00:00,639.1724859395428
2012-10-24 21:00:00,716.657613527
2012-10-24 22:00:00,759.9464495895905
2012-10-24 23:00:00,732.3023669010072
2012-10-25 00:00:00,72.97636860597156
2012-10-25 01:00:00,55.39224018937711
2012-10-25 02:00:00,48.804079711162586
2012-10-25 03:00:00,61.219636870716954
2012-10-25 04:00:00,67.52206725221993
2012-10-25 05:00:00,76.40131189161812
2012-10-25 06:00:00,85.5819996500845
2012-10-25 07:00:00,95.28108593431215
2012-10-25 08:00:00,111.61140123931987
2012-10-25 09:00:00,125.04693185580803
2012-10-25 10:00:00,142.7039982741793
2012-10-25 11:00:00,157.48219613927813
2012-10-25 12:00:00,193.115641155756
2012-10-25 13:00:00,197.67678292116662
2012-10-25 14:00:00,238.3602461683667
2012-10-25 15:00:00,315.62485055267075
2012-10-25 16:00:00,318.7016928677421
2012-10-25 17:00:00,354.8312412433804
2012-10-25 18:00:00,278.1367478307906
2012-10-25 19:00:00,305.82878034621706
2012-10-25 20:00:00,382.91484012539394
2012-10-25 21:00:00,426.85931960345147
2012-10-25 22:00:00,514.5758850119886
2012-10-25 23:00:00,581.9457552930445
2012-10-26 00:00:00,61.41497669395263
2012-10-26 01:00:00,61.67038166636969
2012-10-26 02:00:00,68.17063423738902
2012-10-26 03:00:00,76.19329635055027
2012-10-26 04:00:00,83.77525782116079
2012-10-26 05:00:00,90.61395296856062
2012-10-26 06:00:00,99.09982131753509
2012-10-26 07:00:00,109.55943919760321
2012-10-26 08:00:00,126.15089752868711
2012-10-26 09:00:00,138.7157760460871
2012-10-26 10:00:00,151.16602838584748
2012-10-26 11:00:00,197.70951373736602
2012-10-26 12:00:00,241.71535381034695
2012-10-26 13:00:00,279.21727420201165
2012-10-26 14:00:00,352.36807870849594
2012-10-26 15:00:00,408.31843891139573
2012-10-26 16:00:00,350.9165520312694
2012-10-26 17:00:00,360.19278149443994
2012-10-26 18:00:00,381.3476149721792
2012-10-26 19:00:00,383.40954751444383
2012-10-26 20:00:00,421.6790750649493
2012-10-26 21:00:00,493.8743337784683
2012-10-26 22:00:00,487.3982505560888
2012-10-26 23:00:00,432.34048547655493
2012-10-27 00:00:00,52.01445499926393
2012-10-27 01:00:00,71.46421980671958
2012-10-27 02:00:00,78.09013856226682
2012-10-27 03:00:00,65.6296402866954
2012-10-27 04:00:00,90.16693037890748
2012-10-27 05:00:00,104.96883542897028
2012-10-27 06:00:00,113.15122512311552
2012-10-27 07:00:00,92.56254418918019
2012-10-27 08:00:00,116.07322382448741
2012-10-27 09:00:00,125.12741693079815
2012-10-27 10:00:00,158.52869642309355
2012-10-27 11:00:00,209.2308857791107
2012-10-27 12:00:00,323.68562312133645
2012-10-27 13:00:00,422.21005796894366
2012-10-27 14:00:00,429.98904797924956
2012-10-27 15:00:00,342.22949754856586
2012-10-27 16:00:00,349.690428970171
2012-10-27 17:00:00,377.03756587153424
2012-10-27 18:00:00,406.5247963206265
2012-10-27 19:00:00,356.76841667478743
2012-10-27 20:00:00,384.62906494025424
2012-10-27 21:00:00,414.66676495302704
2012-10-27 22:00:00,449.1912942673144
2012-10-27 23:00:00,517.5520860359304
2012-10-28 00:00:00,61.22519033726044
2012-10-28 01:00:00,92.39407292077232
2012-10-28 02:00:00,103.70962541507674
2012-10-28 03:00:00,118.06493710653098
2012-10-28 04:00:00,126.38504668523325
2012-10-28 05:00:00,133.88472292775904
2012-10-28 06:00:00,150.5731025030223
2012-10-28 07:00:00,160.04405570854192
2012-10-28 08:00:00,174.9067955557532
2012-10-28 09:00:00,193.85183033291037
2012-10-28 10:00:00,205.10997976509066
2012-10-28 11:00:00,231.08603325608723
2012-10-28 12:00:00,213.76747193973804
2012-10-28 13:00:00,226.61772473273447
2012-10-28 14:00:00,255.82841379266296
2012-10-28 15:00:00,260.98177356528635
2012-10-28 16:00:00,160.41935149100794
2012-10-28 17:00:00,152.81835746169327
2012-10-28 18:00:00,134.10529135277758
2012-10-28 19:00:00,141.39697462727105
2012-10-28 20:00:00,152.47454532048476
2012-10-28 21:00:00,175.20369939402286
2012-10-28 22:00:00,185.9131232832606
2012-10-28 23:00:00,183.6971219533993
2012-10-29 00:00:00,25.870979180891208
2012-10-30 13:00:00,78.10061599896761
2012-10-30 14:00:00,87.91389278054571
2012-10-30 15:00:00,97.1685703423872
2012-10-30 16:00:00,109.39803705390406
2012-10-30 17:00:00,122.5914006949036
2012-10-30 18:00:00,137.41964196536765
2012-10-30 19:00:00,415.79282237197003
2012-10-30 20:00:00,260.4448157175977
2012-10-30 21:00:00,281.7983725736371
2012-10-30 22:00:00,266.74113221657336
2012-10-30 23:00:00,300.4042440037451
2012-10-31 00:00:00,28.41605500034566
2012-10-31 01:00:00,31.532217576484676
2012-10-31 02:00:00,35.15779867028544
2012-10-31 03:00:00,39.47227628419652
2012-10-31 04:00:00,41.7130519541902
2012-10-31 05:00:00,48.870342457354226
2012-10-31 06:00:00,44.367608951350654
2012-10-31 07:00:00,58.098510926409105
2012-10-31 08:00:00,57.853512864537876
2012-10-31 09:00:00,70.57928119667713
2012-10-31 10:00:00,88.91519258027088
2012-10-31 11:00:00,123.56504428270746
2012-10-31 12:00:00,149.49404199309072
2012-10-31 13:00:00,197.40022954274986
2012-10-31 14:00:00,237.56215480609217
2012-10-31 15:00:00,229.45383726192068
2012-10-31 16:00:00,284.457916197989
2012-10-31 17:00:00,287.48852352434085
2012-10-31 18:00:00,320.92237330628234
2012-10-31 19:00:00,388.4667053212571
2012-10-31 20:00:00,433.664666887772
2012-10-31 21:00:00,484.1607853524363
2012-10-31 22:00:00,396.30018245281894
2012-10-31 23:00:00,442.7623153945398
2012-11-20 00:00:00,24.229391406812386
2012-11-20 01:00:00,29.70898885312026
2012-11-20 02:00:00,33.8218860352939
2012-11-20 03:00:00,41.59799522195807
2012-11-20 04:00:00,49.15174017813287
2012-11-20 05:00:00,54.49242355568417
2012-11-20 06:00:00,59.126682527059735
2012-11-20 07:00:00,50.137833928377646
2012-11-20 08:00:00,62.636389652237796
2012-11-20 09:00:00,81.83354405055682
2012-11-20 10:00:00,114.19063005515711
2012-11-20 11:00:00,133.24385957159592
2012-11-20 12:00:00,138.42715425760946
2012-11-20 13:00:00,178.58616765598958
2012-11-20 14:00:00,218.3514184079845
2012-11-20 15:00:00,266.0370289784736
2012-11-20 16:00:00,251.29523284374693
2012-11-20 17:00:00,253.20231081402355
2012-11-20 18:00:00,292.0312476671975
2012-11-20 19:00:00,289.8716105163647
2012-11-20 20:00:00,298.4534691925439
2012-11-20 21:00:00,283.9929438792751
2012-11-20 22:00:00,319.688164790922
2012-11-20 23:00:00,313.30216215289823
2012-11-21 00:00:00,23.184232628518917
2012-11-21 01:00:00,26.61107968438203
2012-11-21 02:00:00,25.231031916746588
2012-11-21 03:00:00,28.159234975780265
2012-11-21 04:00:00,31.43007852850815
2012-11-21 05:00:00,35.08388639728734
2012-11-21 06:00:00,39.5374482078939
2012-11-21 07:00:00,42.730580392368736
2012-11-21 08:00:00,65.604180253973
2012-11-21 09:00:00,67.79946722008957
2012-11-21 10:00:00,92.82203771185277
2012-11-21 11:00:00,149.76996056069567
2012-11-21 12:00:00,211.53932040399513
2012-11-21 13:00:00,258.88687289583856
2012-11-21 14:00:00,313.2419506040537
2012-11-21 15:00:00,324.7078692353333
2012-11-21 16:00:00,362.68488015363033
2012-11-21 17:00:00,329.893242257959
2012-11-21 18:00:00,393.4452682803998
2012-11-21 19:00:00,376.23765466253826
2012-11-21 20:00:00,289.69527776244865
2012-11-21 21:00:00,365.003955028395
2012-11-21 22:00:00,393.3193299592033
2012-11-21 23:00:00,360.51191649892087
2012-11-22 00:00:00,35.20286442535166
2012-11-22 01:00:00,36.0063280584363
2012-11-22 02:00:00,32.22568322768081
2012-11-22 03:00:00,35.67797852297099
2012-11-22 04:00:00,35.78093094931173
2012-11-22 05:00:00,43.26432361382447
2012-11-22 06:00:00,52.28804548455698
2012-11-22 07:00:00,50.52061491507402
2012-11-22 08:00:00,57.43621989561775
2012-11-22 09:00:00,76.0867169604654
2012-11-22 10:00:00,114.25886404182972
2012-11-22 11:00:00,186.15744730439386
2012-11-22 12:00:00,219.06514104024865
2012-11-22 13:00:00,271.7607601682913
2012-11-22 14:00:00,327.6965988861368
2012-11-22 15:00:00,360.47995028766354
2012-11-22 16:00:00,351.0806714950106
2012-11-22 17:00:00,353.3536887677273
2012-11-22 18:00:00,309.18125778289277
2012-11-22 19:00:00,196.8303694624052
2012-11-22 20:00:00,221.66760839013727
2012-11-22 21:00:00,296.11556847875875
2012-11-22 22:00:00,292.2929304892964
2012-11-22 23:00:00,275.6895025677516
2012-11-23 00:00:00,33.47442118401839
2012-11-23 01:00:00,32.36480833392599
2012-11-23 02:00:00,36.892938003672384
2012-11-23 03:00:00,40.37895100622357
2012-11-23 04:00:00,42.73811888222465
2012-11-23 05:00:00,41.591891785111045
2012-11-23 06:00:00,45.76410116726354
2012-11-23 07:00:00,50.355675245309925
2012-11-23 08:00:00,54.34707605754307
2012-11-23 09:00:00,73.96600012623168
2012-11-23 10:00:00,111.77891791622366
2012-11-23 11:00:00,171.84240309670196
2012-11-23 12:00:00,253.39415136037422
2012-11-23 13:00:00,296.34348847861315
2012-11-23 14:00:00,375.273097286135
2012-11-23 15:00:00,360.5006436709633
2012-11-23 16:00:00,397.6498996532374
2012-11-23 17:00:00,444.461195176488
2012-11-23 18:00:00,404.6386430922159
2012-11-23 19:00:00,476.6508394851211
2012-11-23 20:00:00,527.0112180591224
2012-11-23 21:00:00,550.2880375362746
2012-11-23 22:00:00,724.1030030661468
2012-11-23 23:00:00,695.0250841894749
2012-11-24 00:00:00,91.39215281655436
2012-11-24 01:00:00,71.26273209692266
2012-11-24 02:00:00,76.14267318795638
2012-11-24 03:00:00,71.48602995103293
2012-11-24 04:00:00,71.61520217981817
2012-11-24 05:00:00,77.4564263405396
2012-11-24 06:00:00,76.43886451775336
2012-11-24 07:00:00,93.274668795948
2012-11-24 08:00:00,98.07382948781161
2012-11-24 09:00:00,107.93169881769104
2012-11-24 10:00:00,113.74948112392134
2012-11-24 11:00:00,133.9575139204789
2012-11-24 12:00:00,160.49853168441004
2012-11-24 13:00:00,181.85265377059534
2012-11-24 14:00:00,203.21051249514034
2012-11-24 15:00:00,199.02451133916807
2012-11-24 16:00:00,194.7852391552815
2012-11-24 17:00:00,191.31338046589482
2012-11-24 18:00:00,213.64087732485305
2012-11-24 19:00:00,222.03819870360329
2012-11-24 20:00:00,217.7577679841545
2012-11-24 21:00:00,234.96796350111393
2012-11-24 22:00:00,255.81002689387992
2012-11-24 23:00:00,272.8866186352163
2012-11-25 00:00:00,47.17448433650308
2012-11-25 01:00:00,52.38514010458758
2012-11-25 02:00:00,55.491469045345205
2012-11-25 03:00:00,56.264212154905714
2012-11-25 04:00:00,60.07502992335715
2012-11-25 05:00:00,69.67452206040902
2012-11-25 06:00:00,74.34019292995075
2012-11-25 07:00:00,77.256558660181
2012-11-25 08:00:00,83.07678749247312
2012-11-25 09:00:00,93.59296110105674
2012-11-25 10:00:00,93.88921482136558
2012-11-25 11:00:00,119.61553611702303
2012-11-25 12:00:00,127.71181663237482
2012-11-25 13:00:00,134.77680420432094
2012-11-25 14:00:00,161.0652443126028
2012-11-25 15:00:00,165.0563128707232
2012-11-25 16:00:00,182.11309662256676
2012-11-25 17:00:00,177.7042598609291
2012-11-25 18:00:00,174.05726821469668
2012-11-25 19:00:00,182.5612655883105
2012-11-25 20:00:00,149.24183684895718
2012-11-25 21:00:00,191.55326905051533
2012-11-25 22:00:00,170.17506113229308
2012-11-25 23:00:00,168.3719839387443
2012-11-26 00:00:00,20.654913640795513
2012-11-26 01:00:00,22.261529926337808
2012-11-26 02:00:00,24.80049593630078
2012-11-26 03:00:00,27.6345254004452
2012-11-26 04:00:00,31.799722687169925
2012-11-26 05:00:00,37.45682821266107
2012-11-26 06:00:00,39.503595110008945
2012-11-26 07:00:00,47.70950485772686
2012-11-26 08:00:00,53.18736021910105
2012-11-26 09:00:00,76.11317366230205
2012-11-26 10:00:00,95.28799364914786
2012-11-26 11:00:00,174.8309320185224
2012-11-26 12:00:00,204.01608730347203
2012-11-26 13:00:00,227.03355288962507
2012-11-26 14:00:00,232.2959526183713
2012-11-26 15:00:00,279.8382334048654
2012-11-26 16:00:00,328.26503390145473
2012-11-26 17:00:00,334.82448225118986
2012-11-26 18:00:00,265.8817825262317
2012-11-26 19:00:00,253.04143225826638
2012-11-26 20:00:00,297.24807516432264
2012-11-26 21:00:00,331.6853490504601
2012-11-26 22:00:00,303.59547258172586
2012-11-26 23:00:00,395.42665179468946
2012-11-27 00:00:00,29.106417363341308
2012-11-27 01:00:00,32.09047491420082
2012-11-27 02:00:00,35.77576831928202
2012-11-27 03:00:00,26.25317007995776
2012-11-27 04:00:00,26.801177662541903
2012-11-27 05:00:00,44.515016548822835
2012-11-27 06:00:00,50.228879065002644
2012-11-27 07:00:00,38.18387330624754
2012-11-27 08:00:00,44.94473994426469
2012-11-27 09:00:00,74.80566860809792
2012-11-27 10:00:00,57.237976754458444
2012-11-27 11:00:00,60.009385135983386
2012-11-27 12:00:00,65.96777165335239
2012-11-27 13:00:00,74.12769828469605
2012-11-27 14:00:00,83.34466522944057
2012-11-27 15:00:00,151.0991724503498
2012-11-27 16:00:00,170.08976985695125
2012-11-27 17:00:00,193.43928828296902
2012-11-27 18:00:00,153.9113534097365
2012-11-27 19:00:00,194.47826698192088
2012-11-27 20:00:00,208.6217731394109
2012-11-27 21:00:00,211.24991170054201
2012-11-27 22:00:00,239.92237428052653
2012-11-27 23:00:00,346.1466479281644
2012-11-28 00:00:00,27.278503394600776
2012-11-28 01:00:00,30.758294256668705
2012-11-28 02:00:00,34.32873357559969
2012-11-28 03:00:00,39.73243295667429
2012-11-28 04:00:00,44.111270841964156
2012-11-28 05:00:00,49.303139779662764
2012-11-28 06:00:00,57.31005320500887
2012-11-28 07:00:00,67.92012345101269
2012-11-28 08:00:00,61.916832806408834
2012-11-28 09:00:00,83.58519367241708
2012-11-28 10:00:00,101.99955556150763
2012-11-28 11:00:00,125.76313957223438
2012-11-28 12:00:00,153.86126159446152
2012-11-28 13:00:00,172.3090553949
2012-11-28 14:00:00,208.33971176401823
2012-11-28 15:00:00,259.444530334545
2012-11-28 16:00:00,298.32409837344227
2012-11-28 17:00:00,304.23461815998303
2012-11-28 18:00:00,318.1620215757186
2012-11-28 19:00:00,340.17423373980023
2012-11-28 20:00:00,382.69923081108624
2012-11-28 21:00:00,389.04522678469056
2012-11-28 22:00:00,380.32032824239957
2012-11-28 23:00:00,395.74868278711506
2012-11-29 00:00:00,28.12024910980809
2012-11-29 01:00:00,28.017891731483996
2012-11-29 02:00:00,29.292726845831858
2012-11-29 04:00:00,32.86387011024189
2012-11-29 05:00:00,37.21543136648311
2012-11-29 06:00:00,42.78135544485674
2012-11-29 07:00:00,48.830353349585174
2012-11-29 08:00:00,54.49289694213532
2012-11-29 09:00:00,67.9072127530941
2012-11-29 10:00:00,82.21791573260352
2012-11-29 11:00:00,160.66222741689378
2012-11-29 12:00:00,170.0250574092438
2012-11-29 13:00:00,227.96691891914386
2012-11-29 14:00:00,205.26916259916197
2012-11-29 15:00:00,227.40989581654574
2012-11-29 16:00:00,265.2628476511554
2012-11-29 17:00:00,282.7356079270125
2012-11-29 18:00:00,262.55789507565277
2012-11-29 19:00:00,267.1983455220668
2012-11-29 20:00:00,300.51171365712196
2012-11-29 21:00:00,262.69526542957595
2012-11-29 22:00:00,276.562762315446
2012-11-29 23:00:00,334.0200462303499
2012-11-30 00:00:00,32.05587591653634
2012-11-30 01:00:00,33.78766462032394
2012-11-30 02:00:00,33.438628782258725
2012-11-30 03:00:00,36.790598622099836
2012-11-30 04:00:00,39.20412305262913
2012-11-30 05:00:00,39.696303730883706
2012-11-30 06:00:00,40.94152022499961
2012-11-30 07:00:00,49.41149080325193
2012-11-30 08:00:00,71.48846881094255
2012-11-30 09:00:00,68.56827075793846
2012-11-30 10:00:00,104.4843442671627
2012-11-30 11:00:00,148.14906585960804
2012-11-30 12:00:00,180.34926950815506
2012-11-30 13:00:00,245.19780561221486
2012-11-30 14:00:00,265.2347890622878
2012-11-30 15:00:00,314.76523130780095
2012-11-30 16:00:00,300.7041178203879
2012-11-30 17:00:00,265.93190482357
2012-11-30 18:00:00,253.17488691504786
2012-11-30 19:00:00,220.60039982158372
2012-11-30 20:00:00,242.7236386361525
2012-11-30 21:00:00,244.34913095862498
2012-11-30 22:00:00,252.22393232329793
2012-11-30 23:00:00,356.8846890195243
2012-12-20 00:00:00,32.388470775997426
2012-12-20 01:00:00,31.30985997837295
2012-12-20 02:00:00,34.86851326118103
2012-12-20 03:00:00,44.492758357122014
2012-12-20 04:00:00,49.57168301117821
2012-12-20 05:00:00,55.53396678634999
2012-12-20 06:00:00,60.059630967175316
2012-12-20 07:00:00,64.35033887439742
2012-12-20 08:00:00,71.71848392252399
2012-12-20 09:00:00,79.93667021006254
2012-12-20 10:00:00,94.4820864986412
2012-12-20 11:00:00,128.87613098012685
2012-12-20 12:00:00,156.49334038742327
2012-12-20 13:00:00,169.44549746573998
2012-12-20 14:00:00,195.57078665158278
2012-12-20 15:00:00,200.81596888718266
2012-12-20 16:00:00,229.3461455931536
2012-12-20 17:00:00,231.46618895295327
2012-12-20 18:00:00,247.53373417712945
2012-12-20 19:00:00,179.1042306133823
2012-12-20 20:00:00,195.59275167470526
2012-12-20 21:00:00,218.1738650997902
2012-12-20 22:00:00,234.80492450511912
2012-12-20 23:00:00,314.51987401689456
2012-12-21 00:00:00,19.77489521244416
2012-12-21 01:00:00,22.89393707214703
2012-12-21 02:00:00,25.27200612669858
2012-12-21 03:00:00,27.787629060096474
2012-12-21 04:00:00,40.707149507986244
2012-12-21 05:00:00,40.744458067061785
2012-12-21 06:00:00,52.63797813817968
2012-12-21 07:00:00,55.36541279377593
2012-12-21 08:00:00,60.836020191431324
2012-12-21 09:00:00,73.54945974912297
2012-12-21 10:00:00,80.3151064264169
2012-12-21 11:00:00,91.60336434946407
2012-12-21 12:00:00,102.6594029726573
2012-12-21 13:00:00,113.5891928398181
2012-12-21 14:00:00,125.27076545567354
2012-12-21 15:00:00,127.0424262099997
2012-12-21 16:00:00,142.18005964880996
2012-12-21 17:00:00,123.57800358956325
2012-12-21 18:00:00,135.47316748787244
2012-12-21 19:00:00,162.56081170513673
2012-12-21 20:00:00,189.30133896357546
2012-12-21 21:00:00,196.70524407499678
2012-12-21 22:00:00,206.26476309743884
2012-12-21 23:00:00,229.89945385915559
2012-12-22 00:00:00,30.512479797882037
2012-12-22 01:00:00,32.54627320040455
2012-12-22 02:00:00,35.289217824384714
2012-12-22 03:00:00,36.04954660682674
2012-12-22 04:00:00,39.460133610486125
2012-12-22 05:00:00,42.429494862555856
2012-12-22 06:00:00,47.95335649768721
2012-12-22 07:00:00,51.68176371853093
2012-12-22 08:00:00,55.6461376549353
2012-12-22 09:00:00,57.0792754203507
2012-12-22 10:00:00,61.11888561724426
2012-12-22 11:00:00,76.87209334584436
2012-12-22 12:00:00,93.88062049437843
2012-12-22 13:00:00,107.3884604979308
2012-12-22 14:00:00,115.90535606681625
2012-12-22 15:00:00,128.9481094850708
2012-12-22 16:00:00,122.14441521916645
2012-12-22 17:00:00,119.67001888953861
2012-12-22 18:00:00,116.37716669855197
2012-12-22 19:00:00,114.79554335271067
2012-12-22 20:00:00,123.98215252110853
2012-12-22 21:00:00,124.18489531242196
2012-12-22 22:00:00,133.83609644551387
2012-12-22 23:00:00,144.44541535273297
2012-12-23 00:00:00,27.962701059413888
2012-12-23 01:00:00,29.90069865915845
2012-12-23 02:00:00,29.108515068684987
2012-12-23 03:00:00,30.849290928279494
2012-12-23 04:00:00,34.40232008895012
2012-12-23 05:00:00,33.59878482955275
2012-12-23 06:00:00,30.645394872621516
2012-12-23 07:00:00,32.723603299368705
2012-12-23 08:00:00,32.07234707321853
2012-12-23 09:00:00,42.18267264790015
2012-12-23 10:00:00,44.53515089528581
2012-12-23 11:00:00,55.8990171601542
2012-12-23 12:00:00,79.55542965693036
2012-12-23 13:00:00,93.9317619245721
2012-12-23 14:00:00,117.78507534566181
2012-12-23 15:00:00,121.12684521994503
2012-12-23 16:00:00,131.04317396947408
2012-12-23 17:00:00,108.21580162630966
2012-12-23 18:00:00,114.43136216756038
2012-12-23 19:00:00,118.50440957642124
2012-12-23 20:00:00,86.53104986776336
2012-12-23 21:00:00,83.69181106323515
2012-12-23 22:00:00,105.7017383216324
2012-12-23 23:00:00,107.0744819135439
2012-12-24 00:00:00,12.142713508895575
2012-12-24 01:00:00,13.511324642278485
2012-12-24 02:00:00,13.630318290345468
2012-12-24 03:00:00,15.178066629749338
2012-12-24 05:00:00,18.232077197854718
2012-12-24 06:00:00,20.984385660455697
2012-12-24 07:00:00,24.955409297515434
2012-12-24 08:00:00,28.71640678877018
2012-12-24 09:00:00,42.2140055392674
2012-12-24 10:00:00,46.306970216823956
2012-12-24 11:00:00,56.57576117538173
2012-12-24 12:00:00,68.33056833152612
2012-12-24 13:00:00,39.76501867220014
2012-12-24 14:00:00,43.71823886483095
2012-12-24 15:00:00,48.71797420082786
2012-12-24 16:00:00,54.37740971973671
2012-12-24 17:00:00,60.00430744802654
2012-12-24 18:00:00,66.87570187016114
2012-12-24 19:00:00,103.23850071002995
2012-12-24 20:00:00,82.91582832740224
2012-12-24 21:00:00,92.6168348350433
2012-12-24 22:00:00,136.8221893980734
2012-12-24 23:00:00,109.93715459620529
2012-12-25 00:00:00,10.858411387763642
2012-12-25 01:00:00,18.13068281529914
2012-12-25 02:00:00,20.05247746038919
2012-12-25 04:00:00,23.612949972340584
2012-12-25 05:00:00,24.361147214185134
2012-12-25 06:00:00,26.949173763594533
2012-12-25 07:00:00,30.033864756333394
2012-12-25 08:00:00,33.67416281392387
2012-12-25 09:00:00,36.143284898794114
2012-12-25 10:00:00,37.163535082501916
2012-12-25 11:00:00,48.97673532387269
2012-12-25 12:00:00,55.714135120781954
2012-12-25 13:00:00,112.80670632167796
2012-12-25 14:00:00,124.36334476762529
2012-12-25 15:00:00,117.03383349230617
2012-12-25 16:00:00,139.61000855201144
2012-12-25 17:00:00,131.59039462899668
2012-12-25 18:00:00,135.13063752145885
2012-12-25 19:00:00,148.75325626837835
2012-12-25 20:00:00,166.02668894672325
2012-12-25 21:00:00,174.76114080800338
2012-12-25 22:00:00,187.48293589518116
2012-12-25 23:00:00,207.2476445152012
2012-12-26 00:00:00,18.16689559056979
2012-12-26 01:00:00,18.989381789983902
2012-12-26 02:00:00,21.18440592431287
2012-12-26 03:00:00,22.13146518440098
2012-12-26 04:00:00,20.477450313667177
2012-12-26 05:00:00,26.994198178684314
2012-12-26 06:00:00,29.863214290978316
2012-12-26 07:00:00,20.21884660134312
2012-12-26 08:00:00,22.580920616999162
2012-12-26 09:00:00,25.22066644899712
2012-12-26 10:00:00,28.06724264197629
2012-12-26 11:00:00,31.429491133958734
2012-12-26 12:00:00,35.975092627392236
2012-12-26 13:00:00,40.18787992361712
2012-12-26 14:00:00,44.535338318876875
2012-12-26 15:00:00,53.28254852923989
2012-12-26 16:00:00,59.52373614408758
2012-12-26 17:00:00,65.43464787214141
2012-12-26 18:00:00,75.89522412442597
2012-12-26 19:00:00,89.1040060954067
2012-12-26 20:00:00,101.94051636588006
2012-12-26 21:00:00,159.12214375831525
2012-12-26 22:00:00,110.27397098283218
2012-12-26 23:00:00,128.54211843829896
2012-12-27 00:00:00,10.578319614533642
2012-12-27 01:00:00,11.26557889756664
2012-12-27 02:00:00,18.22246207243406
2012-12-27 03:00:00,20.37058890549663
2012-12-27 04:00:00,22.694339158551422
2012-12-27 05:00:00,22.87845883872692
2012-12-27 06:00:00,26.92405517588969
2012-12-27 07:00:00,29.987107592347968
2012-12-27 08:00:00,36.84058361401478
2012-12-27 09:00:00,43.42740786455398
2012-12-27 10:00:00,53.01857359558515
2012-12-27 11:00:00,66.04944962384687
2012-12-27 12:00:00,76.89527045448229
2012-12-27 13:00:00,85.69781635645093
2012-12-27 14:00:00,87.0170189048119
2012-12-27 15:00:00,96.44234772877009
2012-12-27 16:00:00,111.98317578128324
2012-12-27 17:00:00,124.87227917447245
2012-12-27 18:00:00,126.0909455825282
2012-12-27 19:00:00,123.39972142653005
2012-12-27 20:00:00,138.81866942938677
2012-12-27 21:00:00,175.0003893358896
2012-12-27 22:00:00,193.2270793634811
2012-12-27 23:00:00,217.79939179676984
2012-12-28 00:00:00,22.86423553802073
2012-12-28 01:00:00,22.103608885398373
2012-12-28 02:00:00,24.5636801199835
2012-12-28 03:00:00,30.435142714301122
2012-12-28 04:00:00,33.43857901353311
2012-12-28 05:00:00,36.58728292400443
2012-12-28 06:00:00,33.30803525169178
2012-12-28 07:00:00,36.43999097751633
2012-12-28 08:00:00,48.68183712696753
2012-12-28 09:00:00,53.456756443231434
2012-12-28 10:00:00,63.64368856442633
2012-12-28 11:00:00,76.1025975877728
2012-12-28 12:00:00,89.41792683241499
2012-12-28 13:00:00,98.35585511741007
2012-12-28 14:00:00,108.18945833813817
2012-12-28 15:00:00,110.0790353433324
2012-12-28 16:00:00,121.8958038689864
2012-12-28 17:00:00,101.98956341009179
2012-12-28 18:00:00,112.22427411708591
2012-12-28 19:00:00,134.38059571961497
2012-12-28 20:00:00,148.91636205919156
2012-12-28 21:00:00,157.36734813501036
2012-12-28 22:00:00,173.25070141299543
2012-12-28 23:00:00,197.36964381049674
2012-12-29 00:00:00,22.942468695061674
2012-12-29 01:00:00,25.820084246633197
2012-12-29 02:00:00,26.645273264997726
2012-12-29 03:00:00,27.713110731964193
2012-12-29 04:00:00,32.31650685571843
2012-12-29 05:00:00,34.82693243665632
2012-12-29 06:00:00,40.021663609856724
2012-12-29 07:00:00,43.52313525645317
2012-12-29 08:00:00,39.36602146288074
2012-12-29 09:00:00,42.424778907086036
2012-12-29 10:00:00,34.09707200168583
2012-12-29 11:00:00,33.60511264286017
2012-12-29 12:00:00,33.002929246991144
2012-12-29 13:00:00,35.56433235953985
2012-12-29 14:00:00,62.705918382256954
2012-12-29 15:00:00,62.452617797729786
2012-12-29 16:00:00,71.11943564300094
2012-12-29 17:00:00,69.52937013127432
2012-12-29 18:00:00,89.99237486959262
2012-12-29 19:00:00,124.28752192059352
2012-12-29 20:00:00,143.86354107257358
2012-12-29 21:00:00,149.3851499999466
2012-12-29 22:00:00,151.14649793363893
2012-12-29 23:00:00,141.55032200926524
2012-12-30 00:00:00,29.52705383026036
2012-12-30 01:00:00,32.59499872912562
2012-12-30 02:00:00,34.83191691724693
2012-12-30 03:00:00,37.14488618609899
2012-12-30 04:00:00,39.978962102276
2012-12-30 05:00:00,44.37189971879795
2012-12-30 06:00:00,43.765477490186164
2012-12-30 07:00:00,41.391116536302754
2012-12-30 08:00:00,46.00843486264562
2012-12-30 09:00:00,49.56494571499676
2012-12-30 10:00:00,63.14176888610435
2012-12-30 11:00:00,67.61619341981628
2012-12-30 12:00:00,80.60773287375507
2012-12-30 13:00:00,92.96295376452017
2012-12-30 14:00:00,99.47321685750876
2012-12-30 15:00:00,96.63471499695991
2012-12-30 16:00:00,102.45600016861692
2012-12-30 17:00:00,99.16964322255018
2012-12-30 18:00:00,101.93189511625285
2012-12-30 19:00:00,103.04456185288234
2012-12-30 20:00:00,102.58111911781381
2012-12-30 21:00:00,101.13980588482718
2012-12-30 22:00:00,102.44743895550778
2012-12-30 23:00:00,114.87565530133321
2012-12-31 00:00:00,13.802076903724233
2012-12-31 01:00:00,15.368986100606985
2012-12-31 02:00:00,15.833606676754057
2012-12-31 03:00:00,17.620212697797236
2012-12-31 04:00:00,17.334158778355
2012-12-31 05:00:00,20.64325753746479
2012-12-31 06:00:00,23.21997493215318
2012-12-31 07:00:00,26.087618195489636
2012-12-31 08:00:00,26.646459293316287
2012-12-31 09:00:00,38.497076187803394
2012-12-31 10:00:00,42.604830818986095
2012-12-31 11:00:00,52.76525595170132
2012-12-31 12:00:00,61.8282526736306
2012-12-31 13:00:00,78.99940717356142
2012-12-31 14:00:00,92.60557457888069
2012-12-31 15:00:00,102.84299320723925
2012-12-31 16:00:00,107.11326755548598
2012-12-31 17:00:00,119.69359219451405
2012-12-31 18:00:00,133.48087250877435
2012-12-31 19:00:00,135.6167990737961
2012-12-31 20:00:00,151.3727767090819
2012-12-31 21:00:00,149.80983714529347
2012-12-31 22:00:00,176.5002815331597
2012-12-31 23:00:00,177.44342082202758
