datetime,count
2011-01-20 00:00:00,12.012120614777517
2011-01-20 01:00:00,10.418778196751358
2011-01-20 02:00:00,9.133781022727163
2011-01-20 03:00:00,8.530066283656394
2011-01-20 04:00:00,9.169185826094285
2011-01-20 05:00:00,10.54674643254633
2011-01-20 06:00:00,13.396164519478559
2011-01-20 07:00:00,18.311644664313203
2011-01-20 08:00:00,26.534178136039763
2011-01-20 09:00:00,35.771681136648866
2011-01-20 10:00:00,56.72039749392212
2011-01-20 11:00:00,76.03553328783973
2011-01-20 12:00:00,110.28469352709119
2011-01-20 13:00:00,131.41872206425467
2011-01-20 14:00:00,152.79924294676456
2011-01-20 15:00:00,160.53065926731213
2011-01-20 16:00:00,151.34430489561296
2011-01-20 17:00:00,130.56434847986424
2011-01-20 18:00:00,96.08901882474628
2011-01-20 19:00:00,73.59206890770736
2011-01-20 20:00:00,47.212137380321614
2011-01-20 21:00:00,31.283630424576938
2011-01-20 22:00:00,20.836994183356502
2011-01-20 23:00:00,14.574321086714757
2011-01-21 00:00:00,11.861044204443735
2011-01-21 01:00:00,9.560821025635953
2011-01-21 02:00:00,5.343570483523018
2011-01-21 03:00:00,4.817304292017782
2011-01-21 04:00:00,8.079615091988718
2011-01-21 05:00:00,11.334091137705936
2011-01-21 06:00:00,14.72518826210948
2011-01-21 07:00:00,19.283003901480498
2011-01-21 08:00:00,27.03210641071986
2011-01-21 09:00:00,40.886927895546336
2011-01-21 10:00:00,57.2476782810005
2011-01-21 11:00:00,77.61142434598285
2011-01-21 12:00:00,84.52399046562664
2011-01-21 13:00:00,90.75568550446216
2011-01-21 14:00:00,111.58275440368239
2011-01-21 15:00:00,114.56613269802676
2011-01-21 16:00:00,107.38104574467626
2011-01-21 17:00:00,93.0376063017398
2011-01-21 18:00:00,74.78455391768576
2011-01-21 19:00:00,53.74389613634214
2011-01-21 20:00:00,38.72538778841567
2011-01-21 21:00:00,28.272640018653302
2011-01-21 22:00:00,20.149423908480685
2011-01-21 23:00:00,13.679550375344453
2011-01-22 00:00:00,13.833164264398183
2011-01-22 01:00:00,9.155413766874402
2011-01-22 02:00:00,7.3246457019229565
2011-01-22 03:00:00,6.5561418964410185
2011-01-22 04:00:00,7.007090948006642
2011-01-22 06:00:00,9.03135111441132
2011-01-22 07:00:00,13.30045865740347
2011-01-22 08:00:00,18.98128944501115
2011-01-22 09:00:00,26.626755783999236
2011-01-22 10:00:00,35.83206190415952
2011-01-22 11:00:00,51.157690072806886
2011-01-22 12:00:00,73.3403800286523
2011-01-22 13:00:00,109.69830244583615
2011-01-22 14:00:00,126.11404536397835
2011-01-22 15:00:00,133.05238913673892
2011-01-22 16:00:00,129.98677088429378
2011-01-22 17:00:00,126.49083974915165
2011-01-22 18:00:00,106.0956672622789
2011-01-22 19:00:00,80.74493270878452
2011-01-22 20:00:00,63.63147492079544
2011-01-22 21:00:00,41.96733965832654
2011-01-22 22:00:00,31.397420153085346
2011-01-22 23:00:00,21.067838559811136
2011-01-23 00:00:00,13.011567514945648
2011-01-23 01:00:00,9.830916036487688
2011-01-23 02:00:00,8.111065343359732
2011-01-23 03:00:00,7.311617065953825
2011-01-23 05:00:00,7.253927701269552
2011-01-23 06:00:00,8.824204200060631
2011-01-23 07:00:00,12.969930894142253
2011-01-23 08:00:00,18.21121925742749
2011-01-23 09:00:00,26.014506128832164
2011-01-23 10:00:00,36.90296178689322
2011-01-23 11:00:00,53.60286054896404
2011-01-23 12:00:00,69.49009500830158
2011-01-23 13:00:00,86.44378677791056
2011-01-23 14:00:00,98.73750115517775
2011-01-23 15:00:00,109.53340642508427
2011-01-23 16:00:00,105.85844191985302
2011-01-23 17:00:00,94.1381660070934
2011-01-23 18:00:00,83.86426367130227
2011-01-23 19:00:00,63.46374176473655
2011-01-23 20:00:00,49.113651177453704
2011-01-23 21:00:00,33.61752767301168
2011-01-23 22:00:00,23.144599995457114
2011-01-23 23:00:00,16.316017108223406
2011-01-24 00:00:00,8.071950314623072
2011-01-24 01:00:00,6.706435201415154
2011-01-24 03:00:00,5.776158250917556
2011-01-24 04:00:00,6.4254169732381134
2011-01-24 05:00:00,7.756469480131057
2011-01-24 06:00:00,10.269444720169565
2011-01-24 07:00:00,14.969512005057496
2011-01-24 08:00:00,22.606552273225304
2011-01-24 09:00:00,32.23615822495711
2011-01-24 10:00:00,48.48975099026441
2011-01-24 11:00:00,71.24611204106387
2011-01-24 12:00:00,85.17908766162013
2011-01-24 13:00:00,107.99908871820982
2011-01-24 14:00:00,126.44892717144413
2011-01-24 15:00:00,138.1028332060348
2011-01-24 16:00:00,133.69741253140413
2011-01-24 17:00:00,111.00349247202196
2011-01-24 18:00:00,88.19137093115715
2011-01-24 19:00:00,61.956996089162054
2011-01-24 20:00:00,41.857853929854336
2011-01-24 21:00:00,28.023909629667283
2011-01-24 22:00:00,16.64305201765128
2011-01-24 23:00:00,11.580272957607223
2011-01-25 00:00:00,8.469108352101777
2011-01-25 01:00:00,6.915726375491758
2011-01-25 02:00:00,6.604642818018583
2011-01-25 04:00:00,6.95304213518527
2011-01-25 05:00:00,8.13354756913835
2011-01-25 06:00:00,11.159049953109252
2011-01-25 07:00:00,15.283609141465291
2011-01-25 08:00:00,21.097579313429158
2011-01-25 09:00:00,34.719675572303366
2011-01-25 10:00:00,52.98157940176893
2011-01-25 11:00:00,76.68408296602891
2011-01-25 12:00:00,110.31385690318108
2011-01-25 13:00:00,135.5742687843727
2011-01-25 14:00:00,159.63455206366046
2011-01-25 15:00:00,162.42835578288066
2011-01-25 16:00:00,149.59282976555684
2011-01-25 17:00:00,138.6405278298939
2011-01-25 18:00:00,95.01959057605966
2011-01-25 19:00:00,64.63073722030433
2011-01-25 20:00:00,46.38317610347222
2011-01-25 21:00:00,30.660691139488375
2011-01-25 22:00:00,20.46095668877809
2011-01-25 23:00:00,12.766544637930393
2011-01-26 00:00:00,9.641307902390988
2011-01-26 01:00:00,7.966511022923373
2011-01-26 02:00:00,4.344799199750607
2011-01-26 05:00:00,4.6401840365102265
2011-01-26 06:00:00,6.072195230598467
2011-01-26 07:00:00,8.669574371298879
2011-01-26 08:00:00,12.7010188914739
2011-01-26 09:00:00,18.963010047642154
2011-01-26 10:00:00,25.832646750680713
2011-01-26 11:00:00,36.29005390767855
2011-01-26 12:00:00,48.88182676392681
2011-01-26 13:00:00,60.794826809595605
2011-01-26 14:00:00,68.7435015093175
2011-01-26 15:00:00,68.97611137250966
2011-01-26 16:00:00,131.46481250341208
2011-01-26 17:00:00,52.92188912943084
2011-01-27 16:00:00,156.21896082936388
2011-01-27 17:00:00,134.74531719491102
2011-01-27 18:00:00,102.91013533082693
2011-01-27 19:00:00,74.3009873731749
2011-01-27 20:00:00,49.17956900697927
2011-01-27 21:00:00,33.16879949783004
2011-01-27 22:00:00,22.493054234697397
2011-01-27 23:00:00,14.770004689680764
2011-01-28 00:00:00,11.413101111674756
2011-01-28 01:00:00,9.199747947598743
2011-01-28 02:00:00,8.108618207170613
2011-01-28 03:00:00,8.066065232453004
2011-01-28 05:00:00,9.759813897928861
2011-01-28 06:00:00,12.370719258764366
2011-01-28 07:00:00,16.078695683528355
2011-01-28 08:00:00,23.200282147874837
2011-01-28 09:00:00,22.065174523839055
2011-01-28 10:00:00,32.23533516489171
2011-01-28 11:00:00,41.46672065479384
2011-01-28 12:00:00,55.50254643389237
2011-01-28 13:00:00,68.85581844345825
2011-01-28 14:00:00,99.99700088489465
2011-01-28 15:00:00,148.70005077374483
2011-01-28 16:00:00,165.5440460263782
2011-01-28 17:00:00,137.06327220808961
2011-01-28 18:00:00,104.01332392383925
2011-01-28 19:00:00,69.62919058268655
2011-01-28 20:00:00,48.46033769054194
2011-01-28 21:00:00,32.18689665915912
2011-01-28 22:00:00,24.65860725090372
2011-01-28 23:00:00,17.77695649385228
2011-01-29 00:00:00,15.9670422314947
2011-01-29 01:00:00,12.42683478203948
2011-01-29 02:00:00,10.119339922425889
2011-01-29 03:00:00,8.917765226609077
2011-01-29 04:00:00,8.516320916859266
2011-01-29 06:00:00,11.521274504888584
2011-01-29 07:00:00,15.225479491002941
2011-01-29 08:00:00,21.524049625952003
2011-01-29 09:00:00,32.721746087252214
2011-01-29 10:00:00,44.34734281882924
2011-01-29 11:00:00,64.34579400784756
2011-01-29 12:00:00,90.96041908457154
2011-01-29 13:00:00,124.32247844062523
2011-01-29 14:00:00,155.06729015063462
2011-01-29 15:00:00,185.6818706908367
2011-01-29 16:00:00,195.89749987815807
2011-01-29 17:00:00,191.88661697445497
2011-01-29 18:00:00,142.30933610668345
2011-01-29 19:00:00,95.17168941940524
2011-01-29 20:00:00,73.3239701421645
2011-01-29 21:00:00,49.79146689180496
2011-01-29 22:00:00,31.349834002925853
2011-01-29 23:00:00,21.220662116522007
2011-01-30 00:00:00,12.894812426644405
2011-01-30 01:00:00,10.207318192976313
2011-01-30 02:00:00,8.515746573448357
2011-01-30 03:00:00,6.439908423760613
2011-01-30 04:00:00,6.429303365521583
2011-01-30 05:00:00,7.8243510918777375
2011-01-30 07:00:00,12.568227484508583
2011-01-30 08:00:00,15.988628791985358
2011-01-30 09:00:00,25.345706652941487
2011-01-30 10:00:00,38.31406674944384
2011-01-30 11:00:00,67.01787704683194
2011-01-30 12:00:00,99.96555691961886
2011-01-30 13:00:00,130.5406442712485
2011-01-30 14:00:00,162.7390303281272
2011-01-30 15:00:00,188.89475160542906
2011-01-30 16:00:00,189.2063312164593
2011-01-30 17:00:00,157.70278238317954
2011-01-30 18:00:00,125.89163157843377
2011-01-30 19:00:00,95.23473325059403
2011-01-30 20:00:00,62.7284213212536
2011-01-30 21:00:00,40.58783459300008
2011-01-30 22:00:00,26.820317718336348
2011-01-30 23:00:00,18.166457939335146
2011-01-31 00:00:00,9.1530406753482
2011-01-31 01:00:00,7.915829232633976
2011-01-31 02:00:00,7.087648572659877
2011-01-31 03:00:00,6.926735610620538
2011-01-31 04:00:00,7.264429260473521
2011-01-31 05:00:00,8.529501101567709
2011-01-31 06:00:00,10.890965640257054
2011-01-31 07:00:00,14.117582015266409
2011-01-31 08:00:00,20.918524350062004
2011-01-31 09:00:00,31.70881308773466
2011-01-31 10:00:00,48.33503223377721
2011-01-31 11:00:00,70.11749894475408
2011-01-31 12:00:00,100.59529763512734
2011-01-31 13:00:00,132.05221084565767
2011-01-31 14:00:00,141.32522763905143
2011-01-31 15:00:00,144.0688210015197
2011-01-31 16:00:00,130.8981923925541
2011-01-31 17:00:00,106.47303088360447
2011-01-31 18:00:00,79.61870005268338
2011-01-31 19:00:00,76.94977777820515
2011-01-31 20:00:00,24.6526582403078
2011-01-31 21:00:00,16.8024270229524
2011-01-31 22:00:00,17.293201084201694
2011-01-31 23:00:00,12.152121332700737
2011-02-20 00:00:00,14.27468578669714
2011-02-20 01:00:00,11.438554425313674
2011-02-20 02:00:00,9.364734042823297
2011-02-20 03:00:00,8.574069262686136
2011-02-20 04:00:00,8.559949729007554
2011-02-20 06:00:00,11.871348927365018
2011-02-20 07:00:00,15.915123331260775
2011-02-20 08:00:00,23.980909117009986
2011-02-20 09:00:00,33.31812804927048
2011-02-20 10:00:00,44.763599245094305
2011-02-20 11:00:00,62.841190173915884
2011-02-20 12:00:00,100.24222059717657
2011-02-20 13:00:00,128.91167668123268
2011-02-20 14:00:00,152.2888162008325
2011-02-20 15:00:00,173.11821574341175
2011-02-20 16:00:00,179.6433314494078
2011-02-20 17:00:00,169.1090160740407
2011-02-20 18:00:00,128.7227563445716
2011-02-20 19:00:00,97.48368877029469
2011-02-20 20:00:00,78.96833963216446
2011-02-20 21:00:00,57.54872936886955
2011-02-20 22:00:00,36.26035999015941
2011-02-20 23:00:00,24.990938181202708
2011-02-21 00:00:00,13.079068057900734
2011-02-21 01:00:00,9.978138456033603
2011-02-21 02:00:00,8.363081186052952
2011-02-21 03:00:00,7.798949031997495
2011-02-21 04:00:00,9.478987232105192
2011-02-21 05:00:00,9.735744754522159
2011-02-21 06:00:00,11.202770867427644
2011-02-21 07:00:00,15.552970549611523
2011-02-21 08:00:00,27.234337238750584
2011-02-21 09:00:00,41.42846662504374
2011-02-21 10:00:00,63.29628708768576
2011-02-21 11:00:00,98.87185099418609
2011-02-21 12:00:00,137.06362503376454
2011-02-21 13:00:00,98.42502193823701
2011-02-21 14:00:00,200.7960364439192
2011-02-21 15:00:00,212.58089176664268
2011-02-21 16:00:00,121.75392955020712
2011-02-21 17:00:00,168.41694173979695
2011-02-21 18:00:00,111.36718060086443
2011-02-21 19:00:00,80.24549344613568
2011-02-21 20:00:00,36.97003143929836
2011-02-21 21:00:00,25.040172007797498
2011-02-21 22:00:00,15.938900141961678
2011-02-21 23:00:00,10.703072283728954
2011-02-22 06:00:00,11.178789993532273
2011-02-22 07:00:00,15.794574887214536
2011-02-22 08:00:00,23.420724857924352
2011-02-22 09:00:00,37.01938250756789
2011-02-22 10:00:00,67.15977760318724
2011-02-22 11:00:00,103.28917905238117
2011-02-22 12:00:00,138.45849284662438
2011-02-22 13:00:00,171.63163443068575
2011-02-22 14:00:00,195.62681015643926
2011-02-22 15:00:00,192.87820689596242
2011-02-22 16:00:00,181.44923974021745
2011-02-22 17:00:00,147.90514198094405
2011-02-22 18:00:00,111.62535142293862
2011-02-22 19:00:00,74.82919788204894
2011-02-22 20:00:00,51.36169040452975
2011-02-22 21:00:00,33.92309326262346
2011-02-22 22:00:00,20.907762325313637
2011-02-22 23:00:00,14.422319983257738
2011-02-23 00:00:00,11.534918030517446
2011-02-23 01:00:00,9.10721758813472
2011-02-23 02:00:00,8.304589110073971
2011-02-23 03:00:00,8.040371495339249
2011-02-23 05:00:00,10.640622728772112
2011-02-23 06:00:00,13.9244344784309
2011-02-23 07:00:00,19.899488859246738
2011-02-23 08:00:00,29.11490040608881
2011-02-23 09:00:00,45.52376136302282
2011-02-23 10:00:00,65.61147408858993
2011-02-23 11:00:00,93.45694150239015
2011-02-23 12:00:00,121.65895344987626
2011-02-23 13:00:00,141.1491879017688
2011-02-23 14:00:00,165.78531006618022
2011-02-23 15:00:00,160.82354629706393
2011-02-23 16:00:00,153.05675425334323
2011-02-23 17:00:00,123.17402920408986
2011-02-23 18:00:00,93.935928036355
2011-02-23 19:00:00,76.55549794621817
2011-02-23 20:00:00,56.74215400828702
2011-02-23 21:00:00,38.94684023528191
2011-02-23 22:00:00,26.304986504988197
2011-02-23 23:00:00,18.137679895197188
2011-02-24 00:00:00,15.299634333046411
2011-02-24 01:00:00,12.396808304199583
2011-02-24 02:00:00,10.478875640733051
2011-02-24 03:00:00,9.958791554052029
2011-02-24 05:00:00,12.569074616238469
2011-02-24 06:00:00,15.94561455443025
2011-02-24 07:00:00,21.822176535998018
2011-02-24 08:00:00,33.016531228486485
2011-02-24 09:00:00,42.34636030743882
2011-02-24 10:00:00,66.40546506576078
2011-02-24 11:00:00,101.02515631811215
2011-02-24 12:00:00,143.0507560146883
2011-02-24 13:00:00,195.22485223834335
2011-02-24 14:00:00,222.0900106252937
2011-02-24 15:00:00,148.5128643409904
2011-02-24 16:00:00,138.45415182909178
2011-02-24 17:00:00,109.8964594778556
2011-02-24 18:00:00,107.89956545069023
2011-02-24 19:00:00,45.57613305010522
2011-02-24 20:00:00,49.34034668438773
2011-02-24 21:00:00,36.20175886146391
2011-02-24 22:00:00,15.952854046884145
2011-02-24 23:00:00,15.850384451461142
2011-02-25 00:00:00,8.844723338343874
2011-02-25 01:00:00,9.939862496186384
2011-02-25 02:00:00,8.772405486506615
2011-02-25 03:00:00,9.306943176597489
2011-02-25 05:00:00,11.903341997039107
2011-02-25 06:00:00,9.981343793099693
2011-02-25 07:00:00,11.920499907547361
2011-02-25 08:00:00,19.81973218742204
2011-02-25 09:00:00,27.213097642510938
2011-02-25 10:00:00,46.023740465942254
2011-02-25 11:00:00,148.23315920929898
2011-02-25 12:00:00,121.16736163931031
2011-02-25 13:00:00,150.31883022243738
2011-02-25 14:00:00,169.73012159070467
2011-02-25 15:00:00,256.13104900741047
2011-02-25 16:00:00,206.86982313024836
2011-02-25 17:00:00,170.26141879555868
2011-02-25 18:00:00,135.05147227708835
2011-02-25 19:00:00,97.76733888155313
2011-02-25 20:00:00,65.05772718228448
2011-02-25 21:00:00,44.02245851738036
2011-02-25 22:00:00,28.45358406968576
2011-02-25 23:00:00,20.4996842946197
2011-02-26 00:00:00,19.654333268244166
2011-02-26 01:00:00,14.424292903986524
2011-02-26 02:00:00,11.845104532708262
2011-02-26 03:00:00,10.9054583968597
2011-02-26 04:00:00,10.342525856248187
2011-02-26 05:00:00,11.195243400247142
2011-02-26 06:00:00,15.869909313592617
2011-02-26 07:00:00,20.303198691706367
2011-02-26 08:00:00,27.387326977395464
2011-02-26 09:00:00,37.69299656404906
2011-02-26 10:00:00,57.853596026940025
2011-02-26 11:00:00,97.0267674419888
2011-02-26 12:00:00,119.99515213004275
2011-02-26 13:00:00,155.10439205927682
2011-02-26 14:00:00,173.36966557082147
2011-02-26 15:00:00,212.46668959741945
2011-02-26 16:00:00,251.00003588183338
2011-02-26 17:00:00,226.34270958674992
2011-02-26 18:00:00,187.5386408035063
2011-02-26 19:00:00,138.83264450978777
2011-02-26 20:00:00,102.2152391127708
2011-02-26 21:00:00,67.07895659946811
2011-02-26 22:00:00,43.24792728158107
2011-02-26 23:00:00,28.6527911618621
2011-02-27 00:00:00,15.514557745824751
2011-02-27 01:00:00,11.981722066414687
2011-02-27 02:00:00,10.042723704594282
2011-02-27 03:00:00,9.263889062267902
2011-02-27 04:00:00,8.69031918505805
2011-02-27 06:00:00,12.615621686268888
2011-02-27 07:00:00,15.43629697655306
2011-02-27 08:00:00,23.918791111290506
2011-02-27 09:00:00,34.52307640832464
2011-02-27 10:00:00,54.47933665701458
2011-02-27 11:00:00,92.70512085630257
2011-02-27 12:00:00,139.10239431344095
2011-02-27 13:00:00,182.01734430105358
2011-02-27 14:00:00,222.77881747659808
2011-02-27 15:00:00,243.97711940612103
2011-02-27 16:00:00,247.68316542520427
2011-02-27 17:00:00,228.67010074605628
2011-02-27 18:00:00,184.6107119481779
2011-02-27 19:00:00,140.1454604741008
2011-02-27 20:00:00,99.90053903968452
2011-02-27 21:00:00,67.99308669576389
2011-02-27 22:00:00,41.56231268348331
2011-02-27 23:00:00,26.630108626642805
2011-02-28 00:00:00,13.437964146147166
2011-02-28 01:00:00,5.350055739154574
2011-02-28 03:00:00,4.335568564703846
2011-02-28 05:00:00,9.71861208204733
2011-02-28 06:00:00,11.799063376618706
2011-02-28 07:00:00,17.927788384375624
2011-02-28 08:00:00,24.33983756828098
2011-02-28 09:00:00,55.09201131462807
2011-02-28 10:00:00,86.38096794629995
2011-02-28 11:00:00,130.82834580173264
2011-02-28 12:00:00,178.48401143961473
2011-02-28 13:00:00,105.0018108869905
2011-02-28 14:00:00,103.93699886052369
2011-02-28 15:00:00,106.35152877653236
2011-02-28 16:00:00,98.14959472172737
2011-02-28 17:00:00,79.42733262315737
2011-02-28 18:00:00,70.5176561889049
2011-02-28 19:00:00,52.96961992354066
2011-02-28 20:00:00,35.64253301895364
2011-02-28 21:00:00,35.581919546309614
2011-02-28 22:00:00,12.220042452271237
2011-02-28 23:00:00,15.072776165572943
2011-03-20 00:00:00,20.936197807328643
2011-03-20 01:00:00,15.88417371474631
2011-03-20 02:00:00,12.97373257955704
2011-03-20 03:00:00,11.670834894060214
2011-03-20 04:00:00,11.432010873872631
2011-03-20 05:00:00,12.774688446577604
2011-03-20 06:00:00,15.525195804125355
2011-03-20 07:00:00,19.73987122716024
2011-03-20 08:00:00,29.192404578238435
2011-03-20 09:00:00,43.79967639973556
2011-03-20 10:00:00,60.51543438730327
2011-03-20 11:00:00,90.63953014487548
2011-03-20 12:00:00,131.89157608676055
2011-03-20 13:00:00,170.47369133639614
2011-03-20 14:00:00,199.1180898127495
2011-03-20 15:00:00,224.98415939970764
2011-03-20 16:00:00,232.6831516539006
2011-03-20 17:00:00,211.49516271656591
2011-03-20 18:00:00,181.5909731975582
2011-03-20 19:00:00,131.1407093065779
2011-03-20 20:00:00,95.87093961679747
2011-03-20 21:00:00,60.8137639944124
2011-03-20 22:00:00,40.08570498893932
2011-03-20 23:00:00,17.78108291374349
2011-03-21 00:00:00,8.769604164241612
2011-03-21 01:00:00,10.820741587793758
2011-03-21 02:00:00,9.513204722488762
2011-03-21 03:00:00,9.297223648555832
2011-03-21 05:00:00,12.635841561480806
2011-03-21 06:00:00,10.001248483484806
2011-03-21 07:00:00,12.200718517978624
2011-03-21 08:00:00,28.52473441756883
2011-03-21 09:00:00,48.19290007653287
2011-03-21 10:00:00,85.28141940649984
2011-03-21 11:00:00,132.22787910040094
2011-03-21 12:00:00,177.4605080417861
2011-03-21 13:00:00,245.64101522144193
2011-03-21 14:00:00,285.7088483769325
2011-03-21 15:00:00,294.2855728257787
2011-03-21 16:00:00,267.9434965307521
2011-03-21 17:00:00,222.13057274746217
2011-03-21 18:00:00,163.08621802350868
2011-03-21 19:00:00,132.3685974094814
2011-03-21 20:00:00,89.12229500400281
2011-03-21 21:00:00,43.21947149375333
2011-03-21 22:00:00,31.310894436391273
2011-03-21 23:00:00,21.711921773347214
2011-03-22 00:00:00,16.137757165046008
2011-03-22 01:00:00,10.272407993318863
2011-03-22 02:00:00,10.199063890009421
2011-03-22 03:00:00,11.538957501844592
2011-03-22 04:00:00,11.16259263867862
2011-03-22 05:00:00,12.488996076704856
2011-03-22 06:00:00,18.093104887913235
2011-03-22 07:00:00,25.84950267365565
2011-03-22 08:00:00,39.58292221979555
2011-03-22 09:00:00,59.70044792782391
2011-03-22 10:00:00,91.88435033321409
2011-03-22 11:00:00,144.8969298213671
2011-03-22 12:00:00,195.72727761139086
2011-03-22 13:00:00,249.06864291083716
2011-03-22 14:00:00,275.27669071137524
2011-03-22 15:00:00,283.1759328452745
2011-03-22 16:00:00,262.0948219752943
2011-03-22 17:00:00,217.88804013827658
2011-03-22 18:00:00,166.87622170749404
2011-03-22 19:00:00,110.33351788473155
2011-03-22 20:00:00,74.28858101225804
2011-03-22 21:00:00,48.34710005252366
2011-03-22 22:00:00,32.07814649936974
2011-03-22 23:00:00,22.127728739464203
2011-03-23 00:00:00,9.78197712622083
2011-03-23 01:00:00,7.33682818282749
2011-03-23 02:00:00,6.484622870720241
2011-03-23 03:00:00,9.986737163965326
2011-03-23 05:00:00,7.470840769381591
2011-03-23 06:00:00,15.352426608958536
2011-03-23 07:00:00,19.381886853689885
2011-03-23 08:00:00,31.558021987644352
2011-03-23 09:00:00,49.160411146250404
2011-03-23 10:00:00,74.27716215855243
2011-03-23 11:00:00,101.83332288824649
2011-03-23 12:00:00,134.1966463259851
2011-03-23 13:00:00,108.70174997294093
2011-03-23 14:00:00,202.01041235067638
2011-03-23 15:00:00,225.74428617334314
2011-03-23 16:00:00,222.3907176495168
2011-03-23 17:00:00,185.25380682436375
2011-03-23 18:00:00,83.91363509769262
2011-03-23 19:00:00,59.91305327868234
2011-03-23 20:00:00,33.971222725495565
2011-03-23 21:00:00,18.220909769700707
2011-03-23 22:00:00,22.920932255160913
2011-03-23 23:00:00,11.072384619094056
2011-03-24 00:00:00,13.216595869291554
2011-03-24 01:00:00,9.174615006392452
2011-03-24 02:00:00,8.036303556876547
2011-03-24 03:00:00,7.648711460938751
2011-03-24 04:00:00,8.221795046293876
2011-03-24 05:00:00,10.989356187917858
2011-03-24 06:00:00,14.20650915602651
2011-03-24 07:00:00,10.866511556105937
2011-03-24 08:00:00,15.156571195985027
2011-03-24 09:00:00,41.50960092875709
2011-03-24 10:00:00,58.787652202855625
2011-03-24 11:00:00,103.30034977817161
2011-03-24 12:00:00,149.79018333145456
2011-03-24 13:00:00,195.69911182290735
2011-03-24 14:00:00,223.98354991734342
2011-03-24 15:00:00,225.29348323313286
2011-03-24 16:00:00,212.36927294843449
2011-03-24 17:00:00,176.91655119844552
2011-03-24 18:00:00,135.56994432793329
2011-03-24 19:00:00,106.87826815452864
2011-03-24 20:00:00,73.11912410424769
2011-03-24 21:00:00,49.359476388156786
2011-03-24 22:00:00,33.541532021347436
2011-03-24 23:00:00,22.587923346275655
2011-03-25 00:00:00,18.246150313912004
2011-03-25 01:00:00,14.345206160307466
2011-03-25 02:00:00,12.42853063765612
2011-03-25 03:00:00,12.593892822176851
2011-03-25 04:00:00,13.042199959879936
2011-03-25 05:00:00,15.177223114453636
2011-03-25 06:00:00,19.250246636378325
2011-03-25 07:00:00,27.262707564752986
2011-03-25 08:00:00,39.418474050183924
2011-03-25 09:00:00,56.841285285084176
2011-03-25 10:00:00,89.79059119511798
2011-03-25 11:00:00,126.38180269584903
2011-03-25 12:00:00,167.83570885051714
2011-03-25 13:00:00,205.92177219135993
2011-03-25 14:00:00,215.47939372430537
2011-03-25 15:00:00,208.00958827824314
2011-03-25 16:00:00,183.48019447928982
2011-03-25 17:00:00,155.62422499563465
2011-03-25 18:00:00,138.873194370654
2011-03-25 19:00:00,87.54283457059381
2011-03-25 20:00:00,64.690372200778
2011-03-25 21:00:00,43.89468129347993
2011-03-25 22:00:00,27.763990656627158
2011-03-25 23:00:00,19.254816008835576
2011-03-26 00:00:00,17.92628606989245
2011-03-26 01:00:00,14.569986994306236
2011-03-26 02:00:00,12.466605463231542
2011-03-26 03:00:00,11.288185682383427
2011-03-26 04:00:00,11.09843390659421
2011-03-26 05:00:00,12.725984020515714
2011-03-26 06:00:00,15.547575677165742
2011-03-26 07:00:00,20.48370768575637
2011-03-26 08:00:00,28.426466989957795
2011-03-26 09:00:00,41.34546287339252
2011-03-26 10:00:00,62.951328013094525
2011-03-26 11:00:00,91.56329973636896
2011-03-26 12:00:00,129.25355722179904
2011-03-26 13:00:00,168.56092128144851
2011-03-26 14:00:00,198.39432237157786
2011-03-26 15:00:00,226.38502540253967
2011-03-26 16:00:00,203.61448691461166
2011-03-26 17:00:00,180.38457036255465
2011-03-26 18:00:00,129.09586415020462
2011-03-26 19:00:00,131.40741454572395
2011-03-26 20:00:00,93.03162843227346
2011-03-26 21:00:00,61.4708680598411
2011-03-26 22:00:00,40.6208855177771
2011-03-26 23:00:00,27.223241166449235
2011-03-27 00:00:00,16.681977892403832
2011-03-27 01:00:00,13.273653910926049
2011-03-27 02:00:00,7.013874335585754
2011-03-27 03:00:00,6.134061931003399
2011-03-27 04:00:00,5.999856217791973
2011-03-27 06:00:00,7.157803181918351
2011-03-27 07:00:00,9.30979763249726
2011-03-27 08:00:00,26.608179023117284
2011-03-27 09:00:00,40.23679281178813
2011-03-27 10:00:00,52.889979193135794
2011-03-27 11:00:00,77.34157415275611
2011-03-27 12:00:00,107.151642715208
2011-03-27 13:00:00,154.67156430841527
2011-03-27 14:00:00,189.69342854166666
2011-03-27 15:00:00,205.30348869547572
2011-03-27 16:00:00,213.00678438211682
2011-03-27 17:00:00,172.76944116317213
2011-03-27 18:00:00,143.79259682919522
2011-03-27 19:00:00,105.44273900717425
2011-03-27 20:00:00,79.28375735110428
2011-03-27 21:00:00,56.47978438886073
2011-03-27 22:00:00,38.05823301216178
2011-03-27 23:00:00,26.76567393105263
2011-03-28 00:00:00,13.71436212223813
2011-03-28 01:00:00,10.14082559098292
2011-03-28 02:00:00,8.91503708897037
2011-03-28 03:00:00,8.712636390068559
2011-03-28 05:00:00,10.787654531106266
2011-03-28 06:00:00,12.54459190430813
2011-03-28 07:00:00,17.477143565520244
2011-03-28 08:00:00,27.254228018044397
2011-03-28 09:00:00,36.867837127524616
2011-03-28 10:00:00,60.46355575701408
2011-03-28 11:00:00,80.6080881899647
2011-03-28 12:00:00,106.82774659415574
2011-03-28 13:00:00,131.69099995092472
2011-03-28 14:00:00,162.55010711011596
2011-03-28 15:00:00,172.91582237803098
2011-03-28 16:00:00,159.15776101333398
2011-03-28 17:00:00,128.8507589444985
2011-03-28 18:00:00,93.6344272682952
2011-03-28 19:00:00,67.78205619502208
2011-03-28 20:00:00,47.640311277508395
2011-03-28 21:00:00,30.71612912119488
2011-03-28 22:00:00,19.524694555983334
2011-03-28 23:00:00,13.434249814557413
2011-03-29 00:00:00,10.40608810027099
2011-03-29 01:00:00,8.695557013343569
2011-03-29 02:00:00,7.620584017077042
2011-03-29 03:00:00,7.427265892807603
2011-03-29 04:00:00,9.415836766202785
2011-03-29 05:00:00,10.434421854293925
2011-03-29 06:00:00,14.394018970014274
2011-03-29 07:00:00,19.981214031608285
2011-03-29 08:00:00,27.90921951062617
2011-03-29 09:00:00,39.90687808705567
2011-03-29 10:00:00,56.82271551681471
2011-03-29 11:00:00,79.0268191008237
2011-03-29 12:00:00,125.05858361023424
2011-03-29 13:00:00,150.21135001473286
2011-03-29 14:00:00,178.94400747960105
2011-03-29 15:00:00,199.35540233230185
2011-03-29 16:00:00,173.28146904326496
2011-03-29 17:00:00,140.90117959528087
2011-03-29 18:00:00,103.39757947878884
2011-03-29 19:00:00,72.8135205346054
2011-03-29 20:00:00,49.38928344431472
2011-03-29 21:00:00,46.21959424627618
2011-03-29 22:00:00,32.72583916641488
2011-03-29 23:00:00,20.074865649661927
2011-03-30 00:00:00,15.847638632492735
2011-03-30 01:00:00,12.313358227072452
2011-03-30 02:00:00,11.262161129415514
2011-03-30 03:00:00,10.607888493580594
2011-03-30 04:00:00,12.001320039859205
2011-03-30 05:00:00,12.962605652646882
2011-03-30 06:00:00,16.74109658184096
2011-03-30 07:00:00,23.72130868168142
2011-03-30 08:00:00,35.03498293356222
2011-03-30 09:00:00,49.507263835207304
2011-03-30 10:00:00,75.51572803997924
2011-03-30 11:00:00,107.85911878377802
2011-03-30 12:00:00,148.78809520214725
2011-03-30 13:00:00,188.58212453891144
2011-03-30 14:00:00,208.5320454579693
2011-03-30 15:00:00,120.23606629435811
2011-03-30 16:00:00,105.757312724038
2011-03-30 17:00:00,81.49961243737556
2011-03-30 18:00:00,95.5742536116592
2011-03-30 19:00:00,68.23855672608191
2011-03-30 20:00:00,27.957433888487422
2011-03-30 21:00:00,30.015035956789188
2011-03-30 22:00:00,12.897102022516858
2011-03-30 23:00:00,8.850361251919134
2011-03-31 00:00:00,7.6103859271933585
2011-03-31 01:00:00,6.091642226360105
2011-03-31 02:00:00,5.3403311898625745
2011-03-31 03:00:00,5.1737313184710345
2011-03-31 04:00:00,5.556699622654844
2011-03-31 05:00:00,6.5940062598245825
2011-03-31 06:00:00,8.359239975080863
2011-03-31 07:00:00,11.79675951281079
2011-03-31 08:00:00,23.870311181108583
2011-03-31 09:00:00,25.858219889418226
2011-03-31 10:00:00,38.13115381902486
2011-03-31 11:00:00,56.74253069219186
2011-03-31 12:00:00,76.6128868966693
2011-03-31 13:00:00,108.80505312191733
2011-03-31 14:00:00,124.11242532991334
2011-03-31 15:00:00,122.1710729866701
2011-03-31 16:00:00,182.70368458597227
2011-03-31 17:00:00,154.0920349396182
2011-03-31 18:00:00,122.20284621536386
2011-03-31 19:00:00,88.23030019759304
2011-03-31 20:00:00,33.27142195590768
2011-03-31 21:00:00,36.14182053908184
2011-03-31 22:00:00,15.534304141982208
2011-03-31 23:00:00,9.476666170011235
2011-04-20 00:00:00,20.721917241530356
2011-04-20 01:00:00,14.997700073897205
2011-04-20 02:00:00,13.255650327893633
2011-04-20 03:00:00,13.2205016295345
2011-04-20 04:00:00,12.525431049486558
2011-04-20 05:00:00,16.635258726117822
2011-04-20 06:00:00,22.190564782288433
2011-04-20 07:00:00,32.185934655648715
2011-04-20 08:00:00,63.33536957311953
2011-04-20 09:00:00,95.1683673238495
2011-04-20 10:00:00,141.53690685492163
2011-04-20 11:00:00,202.32729401839737
2011-04-20 12:00:00,250.88882072501042
2011-04-20 13:00:00,312.0329867806153
2011-04-20 14:00:00,326.76279057863576
2011-04-20 15:00:00,278.9648395149465
2011-04-20 16:00:00,256.48885415294205
2011-04-20 17:00:00,222.81718103337394
2011-04-20 18:00:00,169.81322039441278
2011-04-20 19:00:00,127.0981106944342
2011-04-20 20:00:00,88.09276319880225
2011-04-20 21:00:00,62.14630668362039
2011-04-20 22:00:00,44.67494652087374
2011-04-20 23:00:00,30.846712537510236
2011-04-21 00:00:00,26.865985687092966
2011-04-21 01:00:00,21.57745256684866
2011-04-21 02:00:00,18.088613443245418
2011-04-21 03:00:00,16.597162806634202
2011-04-21 04:00:00,17.837880557716986
2011-04-21 05:00:00,20.759275265858957
2011-04-21 06:00:00,26.70666190312251
2011-04-21 07:00:00,35.634428876422525
2011-04-21 08:00:00,51.881487239059695
2011-04-21 09:00:00,76.94074598921426
2011-04-21 10:00:00,121.98949358830765
2011-04-21 11:00:00,172.14656121427842
2011-04-21 12:00:00,228.7752416803487
2011-04-21 13:00:00,269.6483612881555
2011-04-21 14:00:00,315.9760667937791
2011-04-21 15:00:00,304.33173101287593
2011-04-21 16:00:00,273.57564120071936
2011-04-21 17:00:00,237.5039989634454
2011-04-21 18:00:00,170.2072198794066
2011-04-21 19:00:00,126.30215603307047
2011-04-21 20:00:00,89.08076006168992
2011-04-21 21:00:00,72.64140721837231
2011-04-21 22:00:00,45.1302784872494
2011-04-21 23:00:00,32.80438664530887
2011-04-22 00:00:00,26.90783192027237
2011-04-22 01:00:00,20.704905154215137
2011-04-22 02:00:00,18.25292022428615
2011-04-22 03:00:00,17.788305435055673
2011-04-22 04:00:00,18.78549421908566
2011-04-22 05:00:00,22.322788672711468
2011-04-22 06:00:00,28.762882672930004
2011-04-22 07:00:00,35.894235640266565
2011-04-22 08:00:00,51.831651680495796
2011-04-22 09:00:00,48.53971958876017
2011-04-22 10:00:00,119.33407788807139
2011-04-22 11:00:00,104.87343118624317
2011-04-22 12:00:00,134.85313877007823
2011-04-22 13:00:00,150.16049253784746
2011-04-22 14:00:00,166.31980881022182
2011-04-22 15:00:00,174.5883017962707
2011-04-22 16:00:00,162.34219787741014
2011-04-22 17:00:00,120.27845678130517
2011-04-22 18:00:00,93.1988768661932
2011-04-22 19:00:00,67.55200418411329
2011-04-22 20:00:00,50.90021611814283
2011-04-22 21:00:00,31.87345258266757
2011-04-22 22:00:00,19.34209954268603
2011-04-22 23:00:00,16.102955375889135
2011-04-23 00:00:00,20.386856963358177
2011-04-23 01:00:00,15.272134427359319
2011-04-23 02:00:00,8.083015278256688
2011-04-23 03:00:00,7.258871920600333
2011-04-23 04:00:00,7.625769265070636
2011-04-23 05:00:00,8.412482496889043
2011-04-23 06:00:00,15.170125591681717
2011-04-23 07:00:00,12.760779243718332
2011-04-23 08:00:00,28.27387647147575
2011-04-23 09:00:00,50.119695201778626
2011-04-23 10:00:00,84.98974136656275
2011-04-23 11:00:00,129.7861073338418
2011-04-23 12:00:00,223.9310788308531
2011-04-23 13:00:00,299.0794246433246
2011-04-23 14:00:00,394.2943070624309
2011-04-23 15:00:00,456.4263277489829
2011-04-23 16:00:00,460.2346535470097
2011-04-23 17:00:00,416.7776218328461
2011-04-23 18:00:00,331.44922983411556
2011-04-23 19:00:00,237.30192212595287
2011-04-23 20:00:00,142.33568039703516
2011-04-23 21:00:00,103.1907614489867
2011-04-23 22:00:00,72.7063004754539
2011-04-23 23:00:00,43.88010740429081
2011-04-24 00:00:00,31.379267814589074
2011-04-24 01:00:00,22.12910157986724
2011-04-24 02:00:00,18.1393491291282
2011-04-24 03:00:00,15.068023970933595
2011-04-24 04:00:00,15.0432103771301
2011-04-24 05:00:00,16.634977717342405
2011-04-24 06:00:00,16.709616998101954
2011-04-24 07:00:00,22.064285672714682
2011-04-24 08:00:00,37.798093418617476
2011-04-24 09:00:00,61.367923669979525
2011-04-24 10:00:00,102.44924289584348
2011-04-24 11:00:00,157.53830404904988
2011-04-24 12:00:00,218.91193656655153
2011-04-24 13:00:00,284.73485607384174
2011-04-24 14:00:00,342.3309971720033
2011-04-24 15:00:00,396.12634870840196
2011-04-24 16:00:00,360.8693792927856
2011-04-24 17:00:00,358.1705890543392
2011-04-24 18:00:00,294.92189060989665
2011-04-24 19:00:00,116.72720487455487
2011-04-24 20:00:00,82.99554076056532
2011-04-24 21:00:00,48.37402106497394
2011-04-24 22:00:00,29.345587065264688
2011-04-24 23:00:00,20.110760096666546
2011-04-25 00:00:00,9.979671045897422
2011-04-25 01:00:00,13.762515125389191
2011-04-25 02:00:00,12.085636670557287
2011-04-25 03:00:00,10.445323043831063
2011-04-25 04:00:00,11.684647837515739
2011-04-25 05:00:00,13.55743477675263
2011-04-25 06:00:00,18.411928566051888
2011-04-25 07:00:00,26.04443216987248
2011-04-25 08:00:00,52.721020846570944
2011-04-25 09:00:00,85.42650998399809
2011-04-25 10:00:00,137.98565693429953
2011-04-25 11:00:00,200.1697052292596
2011-04-25 12:00:00,269.59222597734083
2011-04-25 13:00:00,342.1211884367096
2011-04-25 14:00:00,376.7229032881457
2011-04-25 15:00:00,379.527931019945
2011-04-25 16:00:00,358.36871114525354
2011-04-25 17:00:00,297.2411969904248
2011-04-25 18:00:00,230.12685063427458
2011-04-25 19:00:00,163.96776931494583
2011-04-25 20:00:00,111.27028907619092
2011-04-25 21:00:00,73.21319730532069
2011-04-25 22:00:00,47.987632473478676
2011-04-25 23:00:00,31.8960542147395
2011-04-26 00:00:00,25.047975906561863
2011-04-26 01:00:00,19.65437764643392
2011-04-26 02:00:00,15.754164776747057
2011-04-26 03:00:00,14.38548592260086
2011-04-26 04:00:00,16.70126891036146
2011-04-26 05:00:00,18.803060489578293
2011-04-26 06:00:00,24.96229696371891
2011-04-26 07:00:00,37.53449873891714
2011-04-26 08:00:00,55.61540745768257
2011-04-26 09:00:00,90.89428261059592
2011-04-26 10:00:00,137.92392877769365
2011-04-26 11:00:00,199.70599022252537
2011-04-26 12:00:00,269.1829954821685
2011-04-26 13:00:00,321.92657907910365
2011-04-26 14:00:00,379.006944860965
2011-04-26 15:00:00,396.7625470330657
2011-04-26 16:00:00,363.4451109989613
2011-04-26 17:00:00,307.60153935958715
2011-04-26 18:00:00,233.23265267698002
2011-04-26 19:00:00,163.53214279566353
2011-04-26 20:00:00,110.48408979276172
2011-04-26 21:00:00,71.06001535200228
2011-04-26 22:00:00,40.99401927018963
2011-04-26 23:00:00,28.25091480920787
2011-04-27 00:00:00,23.787930683669487
2011-04-27 01:00:00,19.110504290458667
2011-04-27 02:00:00,15.875893689347647
2011-04-27 03:00:00,14.059065792264109
2011-04-27 04:00:00,15.433622034224177
2011-04-27 05:00:00,16.744489680973864
2011-04-27 06:00:00,24.224932591136035
2011-04-27 07:00:00,33.644071923069625
2011-04-27 08:00:00,49.239646630082404
2011-04-27 09:00:00,73.39456856823222
2011-04-27 10:00:00,116.08471781456748
2011-04-27 11:00:00,173.47614279459137
2011-04-27 12:00:00,257.11054361547775
2011-04-27 13:00:00,321.17932912839365
2011-04-27 14:00:00,366.2392460732858
2011-04-27 15:00:00,379.4754068200793
2011-04-27 16:00:00,345.19319547877353
2011-04-27 17:00:00,155.20262235025916
2011-04-27 18:00:00,118.60105008238006
2011-04-27 19:00:00,155.0401343063097
2011-04-27 20:00:00,101.13209536810157
2011-04-27 21:00:00,63.8785541919019
2011-04-27 22:00:00,38.985793773140884
2011-04-27 23:00:00,27.256055643592962
2011-04-28 00:00:00,28.204735099207824
2011-04-28 01:00:00,19.504490460708357
2011-04-28 02:00:00,17.08202095735717
2011-04-28 03:00:00,17.334031602121115
2011-04-28 04:00:00,17.814612983581863
2011-04-28 05:00:00,21.133193697373525
2011-04-28 06:00:00,28.525454086642252
2011-04-28 07:00:00,39.517967153389534
2011-04-28 08:00:00,57.140057915082515
2011-04-28 09:00:00,48.819220988225084
2011-04-28 10:00:00,113.36643355155925
2011-04-28 11:00:00,171.8685590780531
2011-04-28 12:00:00,242.77132258653327
2011-04-28 13:00:00,290.08554544631255
2011-04-28 14:00:00,365.82419578717
2011-04-28 15:00:00,409.9860019939083
2011-04-28 16:00:00,367.28396282487114
2011-04-28 17:00:00,305.1037496980714
2011-04-28 18:00:00,236.01109483529387
2011-04-28 19:00:00,164.57520762079497
2011-04-28 20:00:00,114.31970280571831
2011-04-28 21:00:00,79.06852323399865
2011-04-28 22:00:00,52.66174434177879
2011-04-28 23:00:00,34.74569753109505
2011-04-29 00:00:00,27.593562522999154
2011-04-29 01:00:00,23.595218625928
2011-04-29 02:00:00,21.905392329012766
2011-04-29 03:00:00,21.295817398205596
2011-04-29 04:00:00,22.19430830701657
2011-04-29 05:00:00,25.607748124609902
2011-04-29 06:00:00,33.24628814911646
2011-04-29 07:00:00,45.181958835218616
2011-04-29 08:00:00,63.464558161883794
2011-04-29 09:00:00,93.34875397080589
2011-04-29 10:00:00,139.37028371187537
2011-04-29 11:00:00,192.86782488988322
2011-04-29 12:00:00,254.5075291424786
2011-04-29 13:00:00,315.6291076728494
2011-04-29 14:00:00,347.7387418519561
2011-04-29 15:00:00,344.43664382239314
2011-04-29 16:00:00,323.6490057418357
2011-04-29 17:00:00,277.9874736702381
2011-04-29 18:00:00,244.23378413308498
2011-04-29 19:00:00,177.1721766934692
2011-04-29 20:00:00,120.05360462772182
2011-04-29 21:00:00,82.08737027300403
2011-04-29 22:00:00,55.9737180084895
2011-04-29 23:00:00,36.03058711593799
2011-04-30 00:00:00,33.31883241029785
2011-04-30 01:00:00,25.03215441220315
2011-04-30 02:00:00,20.319737789140056
2011-04-30 03:00:00,17.908415636312686
2011-04-30 04:00:00,17.78138078220887
2011-04-30 05:00:00,21.605306214473277
2011-04-30 06:00:00,26.217792535555688
2011-04-30 07:00:00,34.15289027429104
2011-04-30 08:00:00,48.32789625333163
2011-04-30 09:00:00,72.49560316134209
2011-04-30 10:00:00,105.83344736702132
2011-04-30 11:00:00,155.3673955888807
2011-04-30 12:00:00,223.28399981330398
2011-04-30 13:00:00,291.5232271267729
2011-04-30 14:00:00,359.0906925036558
2011-04-30 15:00:00,395.3766578798221
2011-04-30 16:00:00,399.23810509079084
2011-04-30 17:00:00,386.5089076479595
2011-04-30 18:00:00,315.245847738234
2011-04-30 19:00:00,238.22286853186787
2011-04-30 20:00:00,174.3121433228235
2011-04-30 21:00:00,118.36862210638762
2011-04-30 22:00:00,78.91448026405934
2011-04-30 23:00:00,53.41710969277408
2011-05-20 00:00:00,29.66995584674491
2011-05-20 01:00:00,21.832891155845907
2011-05-20 02:00:00,18.701792111538836
2011-05-20 03:00:00,18.48129974718142
2011-05-20 04:00:00,21.824266612733343
2011-05-20 05:00:00,25.867725900505118
2011-05-20 06:00:00,36.99195416058331
2011-05-20 07:00:00,58.48882089881023
2011-05-20 08:00:00,91.8379790344577
2011-05-20 09:00:00,132.5160282742539
2011-05-20 10:00:00,196.8510897971467
2011-05-20 11:00:00,253.23929996864692
2011-05-20 12:00:00,333.0806236698197
2011-05-20 13:00:00,262.4649477961687
2011-05-20 14:00:00,511.6360427961728
2011-05-20 15:00:00,481.30174733157685
2011-05-20 16:00:00,441.41105866217146
2011-05-20 17:00:00,418.7080581309176
2011-05-20 18:00:00,322.72802266626775
2011-05-20 19:00:00,238.85755363368116
2011-05-20 20:00:00,165.37981619463156
2011-05-20 21:00:00,111.69450417409163
2011-05-20 22:00:00,74.87918379267936
2011-05-20 23:00:00,51.70597169187996
2011-05-21 00:00:00,46.842935374187114
2011-05-21 01:00:00,36.70808268504644
2011-05-21 02:00:00,29.418068704588524
2011-05-21 03:00:00,23.891939994853015
2011-05-21 04:00:00,21.817450920728756
2011-05-21 05:00:00,24.1066365736161
2011-05-21 06:00:00,32.23331700873088
2011-05-21 07:00:00,46.65764841978625
2011-05-21 08:00:00,67.43643640642989
2011-05-21 09:00:00,100.77780714891088
2011-05-21 10:00:00,151.40758320091254
2011-05-21 11:00:00,216.80842009359094
2011-05-21 12:00:00,307.9487828594397
2011-05-21 13:00:00,391.7564249249198
2011-05-21 14:00:00,461.8888513824004
2011-05-21 15:00:00,520.1150749514451
2011-05-21 16:00:00,444.36518493529604
2011-05-21 17:00:00,417.90999326763995
2011-05-21 18:00:00,358.2585709204188
2011-05-21 19:00:00,304.4324614755476
2011-05-21 20:00:00,237.1520892232868
2011-05-21 21:00:00,158.66269125417875
2011-05-21 22:00:00,105.32458536261582
2011-05-21 23:00:00,67.73217545168961
2011-05-22 00:00:00,37.04623677073267
2011-05-22 01:00:00,25.44574656478896
2011-05-22 02:00:00,20.89128792863581
2011-05-22 03:00:00,16.757295898270478
2011-05-22 04:00:00,16.980452244027333
2011-05-22 05:00:00,18.499920388258513
2011-05-22 06:00:00,25.29117462527814
2011-05-22 07:00:00,36.78349930826442
2011-05-22 08:00:00,60.429739007798176
2011-05-22 09:00:00,89.53933547626391
2011-05-22 10:00:00,133.84684703541467
2011-05-22 11:00:00,186.75198322584575
2011-05-22 12:00:00,230.61353566849854
2011-05-22 13:00:00,321.6589531988021
2011-05-22 14:00:00,253.54863131922673
2011-05-22 15:00:00,444.32343641725
2011-05-22 16:00:00,488.0216624672392
2011-05-22 17:00:00,431.91251132082044
2011-05-22 18:00:00,365.02065484412117
2011-05-22 19:00:00,276.70029451408544
2011-05-22 20:00:00,198.10476083782976
2011-05-22 21:00:00,132.25060129551892
2011-05-22 22:00:00,82.58325284913914
2011-05-22 23:00:00,50.80433586506649
2011-05-23 00:00:00,23.548979287402023
2011-05-23 01:00:00,20.759019439012803
2011-05-23 02:00:00,10.451076251223604
2011-05-23 03:00:00,9.291290039997001
2011-05-23 04:00:00,16.208220511835332
2011-05-23 05:00:00,19.56582245960119
2011-05-23 06:00:00,23.263006830357206
2011-05-23 07:00:00,36.38140270316307
2011-05-23 08:00:00,65.31654189513205
2011-05-23 09:00:00,98.94819809981296
2011-05-23 10:00:00,168.24916577885776
2011-05-23 11:00:00,246.82998963931468
2011-05-23 12:00:00,336.74053145323813
2011-05-23 13:00:00,366.3969790073916
2011-05-23 14:00:00,418.858211682859
2011-05-23 15:00:00,429.0471083717204
2011-05-23 16:00:00,394.9612537961365
2011-05-23 17:00:00,204.7954687579531
2011-05-23 18:00:00,270.3025858161667
2011-05-23 19:00:00,190.9644680881209
2011-05-23 20:00:00,125.51264647357867
2011-05-23 21:00:00,77.06875096604715
2011-05-23 22:00:00,47.368627772411564
2011-05-23 23:00:00,32.36216872860393
2011-05-24 00:00:00,21.777556826494045
2011-05-24 01:00:00,17.33539639612352
2011-05-24 02:00:00,15.175622308423533
2011-05-24 03:00:00,15.058234260351803
2011-05-24 04:00:00,19.713231999724872
2011-05-24 05:00:00,19.55382290872724
2011-05-24 06:00:00,25.777712534356574
2011-05-24 07:00:00,28.121272863394772
2011-05-24 08:00:00,39.820250281530235
2011-05-24 09:00:00,102.08098220499842
2011-05-24 10:00:00,168.52646779507123
2011-05-24 11:00:00,233.04050710787632
2011-05-24 12:00:00,297.1892085578704
2011-05-24 13:00:00,369.61363456007024
2011-05-24 14:00:00,421.4336863094171
2011-05-24 15:00:00,268.2364785534107
2011-05-24 16:00:00,459.3934021384102
2011-05-24 17:00:00,378.6871588709158
2011-05-24 18:00:00,282.9152545772622
2011-05-24 19:00:00,200.83043327467138
2011-05-24 20:00:00,136.21240472302932
2011-05-24 21:00:00,88.52630494976816
2011-05-24 22:00:00,30.368725269734558
2011-05-24 23:00:00,23.691532149186102
2011-05-25 00:00:00,16.911621734986298
2011-05-25 01:00:00,13.559959365911714
2011-05-25 02:00:00,16.522712133338388
2011-05-25 03:00:00,15.723555552756007
2011-05-25 04:00:00,17.128677421335336
2011-05-25 05:00:00,25.131810828665408
2011-05-25 06:00:00,30.15655516203347
2011-05-25 07:00:00,53.19204956901578
2011-05-25 08:00:00,78.70209329028494
2011-05-25 09:00:00,117.35931031857598
2011-05-25 10:00:00,171.71823584660035
2011-05-25 11:00:00,233.54170383002673
2011-05-25 12:00:00,313.9601852118899
2011-05-25 13:00:00,390.4754864675213
2011-05-25 14:00:00,441.21472880240566
2011-05-25 15:00:00,432.79025906683813
2011-05-25 16:00:00,412.2867697325553
2011-05-25 17:00:00,343.9878396706454
2011-05-25 18:00:00,270.63658029478796
2011-05-25 19:00:00,197.93350056564793
2011-05-25 20:00:00,134.9308083460816
2011-05-25 21:00:00,91.62764976163724
2011-05-25 22:00:00,61.62628821669651
2011-05-25 23:00:00,42.83961395398708
2011-05-26 00:00:00,36.136398494850035
2011-05-26 01:00:00,28.897283376062934
2011-05-26 02:00:00,23.578385927683154
2011-05-26 03:00:00,21.481098208650643
2011-05-26 04:00:00,23.414339581845855
2011-05-26 05:00:00,24.764058662017923
2011-05-26 06:00:00,25.804894985087095
2011-05-26 07:00:00,40.38456659348415
2011-05-26 08:00:00,67.97123164105557
2011-05-26 09:00:00,114.61229387463355
2011-05-26 10:00:00,168.40604327523118
2011-05-26 11:00:00,238.04509023218804
2011-05-26 12:00:00,292.5816563358571
2011-05-26 13:00:00,329.2216196773766
2011-05-26 14:00:00,375.53856660882207
2011-05-26 15:00:00,350.53368288522745
2011-05-26 16:00:00,346.29679766034707
2011-05-26 17:00:00,326.9620799866491
2011-05-26 18:00:00,252.66660869663409
2011-05-26 19:00:00,193.060294586437
2011-05-26 20:00:00,148.75847949934763
2011-05-26 21:00:00,99.34727735339563
2011-05-26 22:00:00,69.501948723116
2011-05-26 23:00:00,48.54440038358682
2011-05-27 00:00:00,39.30298039890038
2011-05-27 01:00:00,31.399588300287935
2011-05-27 02:00:00,28.25153408245704
2011-05-27 03:00:00,27.940630907532714
2011-05-27 04:00:00,29.973711915434667
2011-05-27 05:00:00,35.69939327347763
2011-05-27 06:00:00,46.01044538817118
2011-05-27 07:00:00,62.16845806695906
2011-05-27 08:00:00,88.30850493055424
2011-05-27 09:00:00,131.19965114028756
2011-05-27 10:00:00,185.1197698174894
2011-05-27 11:00:00,233.80057100430435
2011-05-27 12:00:00,306.0850581738472
2011-05-27 13:00:00,434.8146964436481
2011-05-27 14:00:00,476.20164984814426
2011-05-27 15:00:00,460.3223737805053
2011-05-27 16:00:00,408.80755099048065
2011-05-27 17:00:00,393.4237324365454
2011-05-27 18:00:00,277.74305992304505
2011-05-27 19:00:00,129.19203823551337
2011-05-27 20:00:00,145.50571977776082
2011-05-27 21:00:00,101.54212574607571
2011-05-27 22:00:00,72.65717978975677
2011-05-27 23:00:00,46.02933975611438
2011-05-28 00:00:00,42.85344049497771
2011-05-28 01:00:00,32.02503723161174
2011-05-28 02:00:00,23.744348956171674
2011-05-28 03:00:00,23.173247032443374
2011-05-28 04:00:00,23.011527458968473
2011-05-28 05:00:00,25.406876653394757
2011-05-28 06:00:00,32.92415913330868
2011-05-28 07:00:00,43.7324537001848
2011-05-28 08:00:00,64.78379962236585
2011-05-28 09:00:00,98.03146745072631
2011-05-28 10:00:00,146.32388088222677
2011-05-28 11:00:00,216.1680606916675
2011-05-28 12:00:00,300.8897817082908
2011-05-28 13:00:00,396.532673754339
2011-05-28 14:00:00,484.849155542959
2011-05-28 15:00:00,536.19487153292
2011-05-28 16:00:00,526.5090387575308
2011-05-28 17:00:00,488.10554139612236
2011-05-28 18:00:00,407.75082334404453
2011-05-28 19:00:00,319.2554036827729
2011-05-28 20:00:00,225.80494649959755
2011-05-28 21:00:00,151.61007920285343
2011-05-28 22:00:00,99.50472047072218
2011-05-28 23:00:00,64.73339832629274
2011-05-29 00:00:00,39.94132674555323
2011-05-29 01:00:00,28.48924257263249
2011-05-29 02:00:00,23.42061625105482
2011-05-29 03:00:00,21.11221772076572
2011-05-29 04:00:00,21.01884651323925
2011-05-29 05:00:00,20.93703931994681
2011-05-29 06:00:00,25.543732028599937
2011-05-29 07:00:00,33.668738854297175
2011-05-29 08:00:00,47.39248651433126
2011-05-29 09:00:00,63.31195183867282
2011-05-29 10:00:00,108.73632632301535
2011-05-29 11:00:00,159.02642213538445
2011-05-29 12:00:00,230.83336375182768
2011-05-29 13:00:00,337.20120748877815
2011-05-29 14:00:00,402.09758114623924
2011-05-29 15:00:00,445.9073178561503
2011-05-29 16:00:00,446.79848945802377
2011-05-29 17:00:00,404.0452465466109
2011-05-29 18:00:00,325.8791631460711
2011-05-29 19:00:00,246.97961193486495
2011-05-29 20:00:00,177.09483627036582
2011-05-29 21:00:00,120.04351293147303
2011-05-29 22:00:00,76.91743789787144
2011-05-29 23:00:00,52.44083197486153
2011-05-30 00:00:00,28.5038699435293
2011-05-30 01:00:00,21.79827202750744
2011-05-30 02:00:00,18.226082882903164
2011-05-30 03:00:00,16.985565982057327
2011-05-30 04:00:00,17.639153310011057
2011-05-30 05:00:00,18.56352911686359
2011-05-30 06:00:00,23.86525453068003
2011-05-30 07:00:00,33.58533675971463
2011-05-30 08:00:00,52.44040032927766
2011-05-30 09:00:00,93.14820909808958
2011-05-30 10:00:00,126.35197558472218
2011-05-30 11:00:00,181.53617308118254
2011-05-30 12:00:00,221.51890824771857
2011-05-30 13:00:00,298.06652909839437
2011-05-30 14:00:00,324.5240007021218
2011-05-30 15:00:00,341.0990904196338
2011-05-30 16:00:00,336.08561914567923
2011-05-30 17:00:00,304.50943532832844
2011-05-30 18:00:00,238.4658274104003
2011-05-30 19:00:00,220.297859617846
2011-05-30 20:00:00,161.49041551662432
2011-05-30 21:00:00,106.37509976003727
2011-05-30 22:00:00,68.27316111227658
2011-05-30 23:00:00,44.114652656015586
2011-05-31 00:00:00,28.17414515377765
2011-05-31 01:00:00,20.670946325144563
2011-05-31 02:00:00,15.488386852193349
2011-05-31 03:00:00,15.3411658333956
2011-05-31 04:00:00,20.921774145700667
2011-05-31 05:00:00,25.166542719117484
2011-05-31 06:00:00,33.833915070077985
2011-05-31 07:00:00,47.51749171356082
2011-05-31 08:00:00,64.1576233407173
2011-05-31 09:00:00,92.31964666359478
2011-05-31 10:00:00,127.18784561892947
2011-05-31 11:00:00,169.14495967587052
2011-05-31 12:00:00,227.04884962508413
2011-05-31 13:00:00,233.97626724446627
2011-05-31 14:00:00,281.7102698413057
2011-05-31 15:00:00,283.94967641992037
2011-05-31 16:00:00,252.61350846207247
2011-05-31 17:00:00,265.173165343606
2011-05-31 18:00:00,201.7034416526655
2011-05-31 19:00:00,175.66429585099416
2011-05-31 20:00:00,118.5547601374464
2011-05-31 21:00:00,80.86721916348039
2011-05-31 22:00:00,56.21509176032248
2011-05-31 23:00:00,36.868997507129286
2011-06-20 00:00:00,30.458209566050297
2011-06-20 01:00:00,22.773390763981187
2011-06-20 02:00:00,19.9985921194269
2011-06-20 03:00:00,11.395014330332021
2011-06-20 04:00:00,12.33855767642711
2011-06-20 05:00:00,15.8304838972029
2011-06-20 06:00:00,21.879511849672838
2011-06-20 07:00:00,27.58792472093131
2011-06-20 08:00:00,43.457470193222434
2011-06-20 09:00:00,109.50615828899791
2011-06-20 10:00:00,164.68708264263879
2011-06-20 11:00:00,240.29372558324562
2011-06-20 12:00:00,342.8808941025868
2011-06-20 13:00:00,480.39987719259244
2011-06-20 14:00:00,543.8844732547832
2011-06-20 15:00:00,555.6331204975554
2011-06-20 16:00:00,495.90813917635415
2011-06-20 17:00:00,412.53135955069115
2011-06-20 18:00:00,311.66499766429234
2011-06-20 19:00:00,224.7611362132505
2011-06-20 20:00:00,149.9066689813241
2011-06-20 21:00:00,98.02848341526287
2011-06-20 22:00:00,58.83794235269878
2011-06-20 23:00:00,43.52301575133943
2011-06-21 00:00:00,32.60427305472298
2011-06-21 01:00:00,14.906063961521921
2011-06-21 02:00:00,12.496082817289789
2011-06-21 03:00:00,12.17908358395798
2011-06-21 04:00:00,19.583045460461936
2011-06-21 05:00:00,23.518692869896423
2011-06-21 06:00:00,30.948884673051797
2011-06-21 07:00:00,40.198472544049544
2011-06-21 08:00:00,65.13853354106996
2011-06-21 09:00:00,97.97111033345806
2011-06-21 10:00:00,156.42980545983332
2011-06-21 11:00:00,249.77788785170566
2011-06-21 12:00:00,350.64722501807967
2011-06-21 13:00:00,435.7324702784234
2011-06-21 14:00:00,484.60652767506036
2011-06-21 15:00:00,464.24979796383474
2011-06-21 16:00:00,394.62873204712776
2011-06-21 17:00:00,342.51288496525393
2011-06-21 18:00:00,250.21008834279368
2011-06-21 19:00:00,179.2519726907933
2011-06-21 20:00:00,80.46800978513676
2011-06-21 21:00:00,90.85466636205402
2011-06-21 22:00:00,61.15403581305612
2011-06-21 23:00:00,43.69928206641211
2011-06-22 00:00:00,33.72317310728615
2011-06-22 01:00:00,27.18033141205396
2011-06-22 02:00:00,24.42217339073106
2011-06-22 03:00:00,23.537342787539455
2011-06-22 04:00:00,24.98832071053173
2011-06-22 05:00:00,27.930434006592943
2011-06-22 06:00:00,39.06617638343381
2011-06-22 07:00:00,54.33671355892533
2011-06-22 08:00:00,77.90975175277426
2011-06-22 09:00:00,111.96426400135232
2011-06-22 10:00:00,174.52083070597968
2011-06-22 11:00:00,250.20214996366653
2011-06-22 12:00:00,258.85104093889925
2011-06-22 13:00:00,304.4099833262168
2011-06-22 14:00:00,354.4833115570712
2011-06-22 15:00:00,351.25969431747865
2011-06-22 16:00:00,308.8726270931527
2011-06-22 17:00:00,292.5868649336994
2011-06-22 18:00:00,217.4002821563524
2011-06-22 19:00:00,164.06749708554426
2011-06-22 20:00:00,132.1113598898792
2011-06-22 21:00:00,85.306563197852
2011-06-22 22:00:00,53.4466741944949
2011-06-22 23:00:00,37.352558537937334
2011-06-23 00:00:00,34.83371655486223
2011-06-23 01:00:00,28.855829954039624
2011-06-23 02:00:00,25.29690401811507
2011-06-23 03:00:00,22.234744542621467
2011-06-23 04:00:00,24.09124006499124
2011-06-23 05:00:00,31.32981052540867
2011-06-23 06:00:00,40.50166656488406
2011-06-23 07:00:00,50.80701916019047
2011-06-23 08:00:00,74.9757431499777
2011-06-23 09:00:00,111.43490789764131
2011-06-23 10:00:00,156.97182052226773
2011-06-23 11:00:00,141.91546524695346
2011-06-23 12:00:00,301.21241603572395
2011-06-23 13:00:00,389.3348278808351
2011-06-23 14:00:00,429.5122883463675
2011-06-23 15:00:00,456.07387747526315
2011-06-23 16:00:00,447.34121036232335
2011-06-23 17:00:00,371.72161259857637
2011-06-23 18:00:00,317.55701402737475
2011-06-23 19:00:00,229.51932768825142
2011-06-23 20:00:00,158.65947473551822
2011-06-23 21:00:00,107.10915783705526
2011-06-23 22:00:00,65.63713009343674
2011-06-23 23:00:00,50.725249385218596
2011-06-24 00:00:00,40.81333466944483
2011-06-24 01:00:00,32.087382725949396
2011-06-24 02:00:00,28.3186545468564
2011-06-24 03:00:00,27.726568850896033
2011-06-24 04:00:00,30.00536293268016
2011-06-24 05:00:00,33.30571784048472
2011-06-24 06:00:00,45.82500751091812
2011-06-24 07:00:00,56.994608243780306
2011-06-24 08:00:00,93.53181225628829
2011-06-24 09:00:00,140.01063959260253
2011-06-24 10:00:00,170.5200675332897
2011-06-24 11:00:00,234.93564829935036
2011-06-24 12:00:00,326.12580686947723
2011-06-24 13:00:00,381.02294897889925
2011-06-24 14:00:00,480.6810752289674
2011-06-24 15:00:00,416.2504016687936
2011-06-24 16:00:00,402.39651422669397
2011-06-24 17:00:00,375.5007618014173
2011-06-24 18:00:00,290.6393696083746
2011-06-24 19:00:00,222.5159055625949
2011-06-24 20:00:00,162.68149110324296
2011-06-24 21:00:00,113.44444605850734
2011-06-24 22:00:00,78.86741002180162
2011-06-24 23:00:00,56.61781105859045
2011-06-25 00:00:00,51.195735358755584
2011-06-25 01:00:00,39.56543955152865
2011-06-25 02:00:00,29.078451971257724
2011-06-25 03:00:00,29.75398574182457
2011-06-25 04:00:00,29.571205225822244
2011-06-25 05:00:00,33.16063555998511
2011-06-25 06:00:00,39.64105931297275
2011-06-25 07:00:00,52.374268448767694
2011-06-25 08:00:00,69.12293661551402
2011-06-25 09:00:00,99.30592994094314
2011-06-25 10:00:00,148.76260885103764
2011-06-25 11:00:00,214.07014858019832
2011-06-25 12:00:00,295.93807746693807
2011-06-25 13:00:00,395.0493812129746
2011-06-25 14:00:00,503.07280108352165
2011-06-25 15:00:00,573.9843043386327
2011-06-25 16:00:00,543.9365812201937
2011-06-25 17:00:00,498.41398520846155
2011-06-25 18:00:00,428.33772158705085
2011-06-25 19:00:00,326.3239997735658
2011-06-25 20:00:00,235.31525076706498
2011-06-25 21:00:00,165.27837767203712
2011-06-25 22:00:00,107.373561201094
2011-06-25 23:00:00,67.62597838405146
2011-06-26 00:00:00,48.00410110567714
2011-06-26 01:00:00,35.73399905088848
2011-06-26 02:00:00,29.752772633662474
2011-06-26 03:00:00,27.2043873411208
2011-06-26 04:00:00,27.185492204266417
2011-06-26 05:00:00,30.48357923509093
2011-06-26 06:00:00,37.08243850736095
2011-06-26 07:00:00,48.9534705211645
2011-06-26 08:00:00,67.124170524957
2011-06-26 09:00:00,96.92694814361113
2011-06-26 10:00:00,133.5178103901776
2011-06-26 11:00:00,193.54343028690187
2011-06-26 12:00:00,258.6534498454184
2011-06-26 13:00:00,348.4773000462448
2011-06-26 14:00:00,418.1801252269723
2011-06-26 15:00:00,471.60786377382834
2011-06-26 16:00:00,466.4566396074402
2011-06-26 17:00:00,388.0691353633097
2011-06-26 18:00:00,327.5510026544678
2011-06-26 19:00:00,251.32659867340567
2011-06-26 20:00:00,181.8422384219627
2011-06-26 21:00:00,128.75800384992428
2011-06-26 22:00:00,95.85597913266102
2011-06-26 23:00:00,65.54448442648183
2011-06-27 00:00:00,18.86794023259396
2011-06-27 01:00:00,23.06907974577056
2011-06-27 02:00:00,12.877278524245579
2011-06-27 03:00:00,12.584921897206401
2011-06-27 04:00:00,20.57450587830193
2011-06-27 05:00:00,24.871655766649013
2011-06-27 06:00:00,34.338186117253336
2011-06-27 07:00:00,50.01075709579352
2011-06-27 08:00:00,81.26326911009615
2011-06-27 09:00:00,110.86556839009089
2011-06-27 10:00:00,164.0077963885948
2011-06-27 11:00:00,249.09540086611068
2011-06-27 12:00:00,329.9738720672523
2011-06-27 13:00:00,411.91240182121396
2011-06-27 14:00:00,471.84606641835927
2011-06-27 15:00:00,475.798952053657
2011-06-27 16:00:00,475.75318652619467
2011-06-27 17:00:00,393.48377940954765
2011-06-27 18:00:00,302.71285350735917
2011-06-27 19:00:00,212.7898612093012
2011-06-27 20:00:00,148.6821072517736
2011-06-27 21:00:00,99.52209992242823
2011-06-27 22:00:00,66.41872328105022
2011-06-27 23:00:00,45.78530579428315
2011-06-28 00:00:00,29.41957297019108
2011-06-28 01:00:00,26.84153764696476
2011-06-28 02:00:00,21.27737753149324
2011-06-28 03:00:00,20.73761539455683
2011-06-28 04:00:00,24.893732965879217
2011-06-28 05:00:00,29.33079815510888
2011-06-28 06:00:00,36.23134009219799
2011-06-28 07:00:00,50.323728724240674
2011-06-28 08:00:00,75.32574279815749
2011-06-28 09:00:00,117.44442057931512
2011-06-28 10:00:00,152.93912733478078
2011-06-28 11:00:00,212.1883427319684
2011-06-28 12:00:00,274.3084538906701
2011-06-28 13:00:00,357.6558905122206
2011-06-28 14:00:00,365.7501644801788
2011-06-28 15:00:00,371.16118815136616
2011-06-28 16:00:00,336.4638627237641
2011-06-28 17:00:00,178.22453780869066
2011-06-28 18:00:00,147.56176727928562
2011-06-28 19:00:00,192.51544461346157
2011-06-28 20:00:00,148.04972349499582
2011-06-28 21:00:00,93.37644758522751
2011-06-28 22:00:00,65.14808481679219
2011-06-28 23:00:00,44.955263612499465
2011-06-29 00:00:00,29.701999169925276
2011-06-29 01:00:00,26.393397638074198
2011-06-29 02:00:00,22.87806717144223
2011-06-29 03:00:00,20.375987779668794
2011-06-29 04:00:00,24.50077280450297
2011-06-29 05:00:00,29.436616160237058
2011-06-29 06:00:00,41.77045880782331
2011-06-29 07:00:00,56.83354672569744
2011-06-29 08:00:00,80.21499202695894
2011-06-29 09:00:00,116.58796078132654
2011-06-29 10:00:00,165.3513187210245
2011-06-29 11:00:00,217.18442482988024
2011-06-29 12:00:00,292.29620204952766
2011-06-29 13:00:00,327.5678085295715
2011-06-29 14:00:00,371.93582807943443
2011-06-29 15:00:00,364.1384498919759
2011-06-29 16:00:00,332.693685300577
2011-06-29 17:00:00,258.22002766733226
2011-06-29 18:00:00,214.27616958868037
2011-06-29 19:00:00,174.91506091592305
2011-06-29 20:00:00,124.87008605862461
2011-06-29 21:00:00,85.932544873903
2011-06-29 22:00:00,60.8551434601936
2011-06-29 23:00:00,44.5885985295649
2011-06-30 00:00:00,38.844899639157894
2011-06-30 01:00:00,31.639511149160406
2011-06-30 02:00:00,28.174192147041637
2011-06-30 03:00:00,27.639115164182684
2011-06-30 04:00:00,29.779507226954138
2011-06-30 05:00:00,35.160758215772
2011-06-30 06:00:00,45.46873766192434
2011-06-30 07:00:00,63.01350035059868
2011-06-30 08:00:00,84.60585948059409
2011-06-30 09:00:00,119.76891148322592
2011-06-30 10:00:00,174.58504090808452
2011-06-30 11:00:00,235.6227241449567
2011-06-30 12:00:00,304.335132528353
2011-06-30 13:00:00,369.2042849720001
2011-06-30 14:00:00,400.4505621514011
2011-06-30 15:00:00,377.8872355887903
2011-06-30 16:00:00,345.0144720272957
2011-06-30 17:00:00,301.2528147137074
2011-06-30 18:00:00,246.65649457564442
2011-06-30 19:00:00,193.34772256598174
2011-06-30 20:00:00,133.21942845570376
2011-06-30 21:00:00,95.44530597933792
2011-06-30 22:00:00,69.32588221746806
2011-06-30 23:00:00,53.3884995395579
2011-07-20 00:00:00,33.261534252827374
2011-07-20 01:00:00,27.14464508211559
2011-07-20 02:00:00,23.991673503962886
2011-07-20 03:00:00,23.15931791361391
2011-07-20 04:00:00,26.58262291629577
2011-07-20 05:00:00,31.44026936681996
2011-07-20 06:00:00,34.65035882760173
2011-07-20 07:00:00,50.130001022728564
2011-07-20 08:00:00,83.66153689617192
2011-07-20 09:00:00,128.8989005607532
2011-07-20 10:00:00,182.8612755371749
2011-07-20 11:00:00,222.1769933001072
2011-07-20 12:00:00,287.256238521109
2011-07-20 13:00:00,328.69000383917154
2011-07-20 14:00:00,345.18099094216836
2011-07-20 15:00:00,368.91184785303255
2011-07-20 16:00:00,355.6325814716759
2011-07-20 17:00:00,275.65048168697047
2011-07-20 18:00:00,210.4421243532837
2011-07-20 19:00:00,140.6778744304514
2011-07-20 20:00:00,98.99492576733611
2011-07-20 21:00:00,77.47404267387681
2011-07-20 22:00:00,57.01367373185143
2011-07-20 23:00:00,42.141861114958964
2011-07-21 00:00:00,32.211708921657916
2011-07-21 01:00:00,24.64726416058258
2011-07-21 02:00:00,21.607400541674572
2011-07-21 03:00:00,22.73792690025374
2011-07-21 04:00:00,23.332610731713483
2011-07-21 05:00:00,27.66498575584852
2011-07-21 06:00:00,35.76395802639561
2011-07-21 07:00:00,47.977653735928556
2011-07-21 08:00:00,67.85285505314474
2011-07-21 09:00:00,84.75231436606632
2011-07-21 10:00:00,104.71150500002638
2011-07-21 11:00:00,129.58461464726835
2011-07-21 12:00:00,191.1351854445899
2011-07-21 13:00:00,239.17268538226406
2011-07-21 14:00:00,264.54329781380204
2011-07-21 15:00:00,231.96096629115613
2011-07-21 16:00:00,209.04559436561556
2011-07-21 17:00:00,188.7741648774253
2011-07-21 18:00:00,165.83566164837345
2011-07-21 19:00:00,103.51865364746223
2011-07-21 20:00:00,84.56573765700685
2011-07-21 21:00:00,55.84477825049491
2011-07-21 22:00:00,45.44064861972894
2011-07-21 23:00:00,38.814402670321634
2011-07-22 00:00:00,30.07425633092405
2011-07-22 01:00:00,29.186492975146823
2011-07-22 02:00:00,22.483425630388073
2011-07-22 03:00:00,23.79142891441603
2011-07-22 04:00:00,29.156938611651995
2011-07-22 05:00:00,35.83182544934072
2011-07-22 06:00:00,44.68540835199259
2011-07-22 07:00:00,48.251253746899195
2011-07-22 08:00:00,57.90578580655143
2011-07-22 09:00:00,75.12755650414576
2011-07-22 10:00:00,89.46317184861489
2011-07-22 11:00:00,149.15987181590157
2011-07-22 12:00:00,133.32921957193543
2011-07-22 13:00:00,134.0679004014313
2011-07-22 14:00:00,130.83277899817787
2011-07-22 15:00:00,155.25516631890181
2011-07-22 16:00:00,185.37509494944987
2011-07-22 17:00:00,277.4073463631359
2011-07-22 18:00:00,219.14874437108085
2011-07-22 19:00:00,168.47829439044972
2011-07-22 20:00:00,131.05461579011887
2011-07-22 21:00:00,93.65875391909316
2011-07-22 22:00:00,58.359101305637125
2011-07-22 23:00:00,47.558063885881
2011-07-23 00:00:00,44.613966671967745
2011-07-23 01:00:00,33.91566827632206
2011-07-23 02:00:00,28.00109472032087
2011-07-23 03:00:00,26.493208369053978
2011-07-23 04:00:00,28.286380632698098
2011-07-23 05:00:00,32.20240664848597
2011-07-23 06:00:00,35.678317137132304
2011-07-23 07:00:00,47.289245676826454
2011-07-23 08:00:00,57.34035809029661
2011-07-23 09:00:00,84.68577072783512
2011-07-23 10:00:00,117.58779123501316
2011-07-23 11:00:00,148.71543720100678
2011-07-23 12:00:00,173.93954399960873
2011-07-23 13:00:00,217.1155624388593
2011-07-23 14:00:00,262.1509348312751
2011-07-23 15:00:00,303.32512491386393
2011-07-23 16:00:00,300.21426398423836
2011-07-23 17:00:00,272.1390158105433
2011-07-23 18:00:00,228.4330832276354
2011-07-23 19:00:00,248.17824472993
2011-07-23 20:00:00,193.59472943790573
2011-07-23 21:00:00,131.4626791558899
2011-07-23 22:00:00,97.1311943003329
2011-07-23 23:00:00,66.01156474429023
2011-07-24 00:00:00,40.768963033350595
2011-07-24 01:00:00,32.15935226075804
2011-07-24 02:00:00,24.189341673194203
2011-07-24 03:00:00,21.8051755108479
2011-07-24 04:00:00,23.723839358145174
2011-07-24 05:00:00,26.259151754435027
2011-07-24 06:00:00,26.487910122939844
2011-07-24 07:00:00,40.298326570316256
2011-07-24 08:00:00,53.37097749988253
2011-07-24 09:00:00,77.94530862617658
2011-07-24 10:00:00,100.91510423890328
2011-07-24 11:00:00,159.4028133192263
2011-07-24 12:00:00,164.98642897805743
2011-07-24 13:00:00,286.1570872429945
2011-07-24 14:00:00,336.5807222973905
2011-07-24 15:00:00,307.28706045767746
2011-07-24 16:00:00,307.79392675204656
2011-07-24 17:00:00,289.24423198598157
2011-07-24 18:00:00,260.7064129650158
2011-07-24 19:00:00,218.83314463102843
2011-07-24 20:00:00,166.28521329058609
2011-07-24 21:00:00,119.30564381822705
2011-07-24 22:00:00,89.15073993923399
2011-07-24 23:00:00,57.74509407802396
2011-07-25 00:00:00,28.940826323090803
2011-07-25 01:00:00,21.414962675268615
2011-07-25 02:00:00,19.479752823239313
2011-07-25 03:00:00,21.342096596733448
2011-07-25 04:00:00,21.85208328528319
2011-07-25 05:00:00,26.37883545698723
2011-07-25 06:00:00,31.511436106265343
2011-07-25 07:00:00,47.52959328609831
2011-07-25 08:00:00,68.19114751055372
2011-07-25 09:00:00,99.0086180928029
2011-07-25 10:00:00,148.81324363733577
2011-07-25 11:00:00,170.34488833235372
2011-07-25 12:00:00,232.3948897425336
2011-07-25 13:00:00,408.0481702403407
2011-07-25 14:00:00,459.4129490010033
2011-07-25 15:00:00,514.1152920980168
2011-07-25 16:00:00,473.7240173197346
2011-07-25 17:00:00,417.20897741397766
2011-07-25 18:00:00,303.4472606478086
2011-07-25 19:00:00,223.97219526166293
2011-07-25 20:00:00,147.48865124158627
2011-07-25 21:00:00,94.871282922276
2011-07-25 22:00:00,63.08320943003497
2011-07-25 23:00:00,42.884693726884436
2011-07-26 00:00:00,33.57707307571085
2011-07-26 01:00:00,26.698652382670257
2011-07-26 02:00:00,21.589535371881063
2011-07-26 03:00:00,21.00834845909441
2011-07-26 04:00:00,23.083272292997012
2011-07-26 05:00:00,28.057319807032734
2011-07-26 06:00:00,38.64983851083543
2011-07-26 07:00:00,57.612004318854524
2011-07-26 08:00:00,84.55077332060966
2011-07-26 09:00:00,113.7921131508612
2011-07-26 10:00:00,147.43993590744864
2011-07-26 11:00:00,208.9048569852142
2011-07-26 12:00:00,267.2232775123753
2011-07-26 13:00:00,351.4814958720181
2011-07-26 14:00:00,375.4244544503297
2011-07-26 15:00:00,357.7843704096619
2011-07-26 16:00:00,373.790587759092
2011-07-26 17:00:00,310.24893632367724
2011-07-26 18:00:00,254.4911935828391
2011-07-26 19:00:00,188.59501885616737
2011-07-26 20:00:00,135.5589716002231
2011-07-26 21:00:00,94.61647356179687
2011-07-26 22:00:00,67.06339843398501
2011-07-26 23:00:00,45.55845263921313
2011-07-27 00:00:00,30.569721257480712
2011-07-27 01:00:00,26.643650290283272
2011-07-27 02:00:00,24.559596914770037
2011-07-27 03:00:00,25.791135067252256
2011-07-27 04:00:00,27.215692110729186
2011-07-27 05:00:00,33.627417990435966
2011-07-27 06:00:00,44.07550019318347
2011-07-27 07:00:00,58.58206513344546
2011-07-27 08:00:00,81.30855903816632
2011-07-27 09:00:00,111.36481815405911
2011-07-27 10:00:00,160.3849217707416
2011-07-27 11:00:00,217.203916662237
2011-07-27 12:00:00,274.3890130638392
2011-07-27 13:00:00,330.53303297789347
2011-07-27 14:00:00,362.5058870618463
2011-07-27 15:00:00,344.5175957187774
2011-07-27 16:00:00,322.53441911510856
2011-07-27 17:00:00,281.67015459097826
2011-07-27 18:00:00,224.3256599779713
2011-07-27 19:00:00,167.4858378644599
2011-07-27 20:00:00,143.35099434586976
2011-07-27 21:00:00,100.81527169528397
2011-07-27 22:00:00,69.11196909156176
2011-07-27 23:00:00,46.513967144465916
2011-07-28 00:00:00,41.58542212411191
2011-07-28 01:00:00,33.27552447941512
2011-07-28 02:00:00,29.191033464187864
2011-07-28 03:00:00,28.731731287296412
2011-07-28 04:00:00,31.48937040631493
2011-07-28 05:00:00,37.310615644539375
2011-07-28 06:00:00,47.68759984395621
2011-07-28 07:00:00,63.53468142985923
2011-07-28 08:00:00,91.11930527893955
2011-07-28 09:00:00,123.17132288331528
2011-07-28 10:00:00,172.32547594606842
2011-07-28 11:00:00,202.6914048365112
2011-07-28 12:00:00,286.2244263992725
2011-07-28 13:00:00,344.3253646955483
2011-07-28 14:00:00,379.67581219911403
2011-07-28 15:00:00,391.83272809434874
2011-07-28 16:00:00,377.889304306564
2011-07-28 17:00:00,330.9366725732514
2011-07-28 18:00:00,244.71684549171866
2011-07-28 19:00:00,188.63371967877237
2011-07-28 20:00:00,137.30435982498153
2011-07-28 21:00:00,100.75712876799071
2011-07-28 22:00:00,72.73233524942096
2011-07-28 23:00:00,48.08249915914404
2011-07-29 00:00:00,40.29348018332891
2011-07-29 01:00:00,32.5217900071446
2011-07-29 02:00:00,29.17870074783914
2011-07-29 03:00:00,28.435978173511614
2011-07-29 04:00:00,28.73996396533739
2011-07-29 05:00:00,34.66346895788018
2011-07-29 06:00:00,40.46402225881759
2011-07-29 07:00:00,57.76335717452641
2011-07-29 08:00:00,74.22720179716747
2011-07-29 09:00:00,106.10650168678714
2011-07-29 10:00:00,123.12648915122779
2011-07-29 11:00:00,146.94702560748266
2011-07-29 12:00:00,187.61084757837887
2011-07-29 13:00:00,272.9161767101512
2011-07-29 14:00:00,259.8471311338761
2011-07-29 15:00:00,266.40991576108667
2011-07-29 16:00:00,246.41138005913936
2011-07-29 17:00:00,208.06993189264608
2011-07-29 18:00:00,178.79566448348766
2011-07-29 19:00:00,148.01436728963546
2011-07-29 20:00:00,128.11525861488977
2011-07-29 21:00:00,100.45143010629481
2011-07-29 22:00:00,72.91446653914969
2011-07-29 23:00:00,56.24343392536389
2011-07-30 00:00:00,54.300432114413155
2011-07-30 01:00:00,40.87938803665162
2011-07-30 02:00:00,33.22032722459567
2011-07-30 03:00:00,30.80966170724089
2011-07-30 04:00:00,30.536995426964193
2011-07-30 05:00:00,33.20107493970645
2011-07-30 06:00:00,40.36938122292512
2011-07-30 07:00:00,50.02619553947674
2011-07-30 08:00:00,68.18709688884361
2011-07-30 09:00:00,90.15177943734412
2011-07-30 10:00:00,133.4165989549625
2011-07-30 11:00:00,185.86229393724528
2011-07-30 12:00:00,258.08404449594246
2011-07-30 13:00:00,310.4783931613167
2011-07-30 14:00:00,348.93303961760006
2011-07-30 15:00:00,376.2725245846702
2011-07-30 16:00:00,370.9042331941754
2011-07-30 17:00:00,350.0475225552393
2011-07-30 18:00:00,308.1401685395237
2011-07-30 19:00:00,304.4430625774161
2011-07-30 20:00:00,211.39052021533593
2011-07-30 21:00:00,150.85771421701025
2011-07-30 22:00:00,109.94221090025502
2011-07-30 23:00:00,77.55687405583934
2011-07-31 00:00:00,47.899384654993156
2011-07-31 01:00:00,37.5791725415947
2011-07-31 02:00:00,30.027618321565374
2011-07-31 03:00:00,27.44754389252363
2011-07-31 04:00:00,27.73062554712918
2011-07-31 05:00:00,30.771983599175577
2011-07-31 06:00:00,36.462290307461274
2011-07-31 07:00:00,48.85031604940459
2011-07-31 08:00:00,66.30244017748731
2011-07-31 09:00:00,87.49189138923228
2011-07-31 10:00:00,111.59491082051284
2011-07-31 11:00:00,144.2475918374825
2011-07-31 12:00:00,177.11726448458526
2011-07-31 13:00:00,230.45740531664842
2011-07-31 14:00:00,280.7794717636576
2011-07-31 15:00:00,273.10697567801753
2011-07-31 16:00:00,267.42273422698787
2011-07-31 17:00:00,237.07212407149441
2011-07-31 18:00:00,286.2959406246387
2011-07-31 19:00:00,263.08341528875786
2011-07-31 20:00:00,187.05793855419003
2011-07-31 21:00:00,134.4542646528063
2011-07-31 22:00:00,98.19288589300297
2011-07-31 23:00:00,67.89917648780698
2011-08-20 00:00:00,48.468915998435854
2011-08-20 01:00:00,38.68437833590486
2011-08-20 02:00:00,32.89494014857845
2011-08-20 03:00:00,29.465832143820997
2011-08-20 04:00:00,23.7826178617704
2011-08-20 05:00:00,30.85962551237226
2011-08-20 06:00:00,33.39708750804886
2011-08-20 07:00:00,49.741669785148446
2011-08-20 08:00:00,76.40829967029542
2011-08-20 09:00:00,111.04938767342871
2011-08-20 10:00:00,158.18465388767777
2011-08-20 11:00:00,240.46178621207687
2011-08-20 12:00:00,329.8034133778552
2011-08-20 13:00:00,426.2962997917802
2011-08-20 14:00:00,462.1247315944578
2011-08-20 15:00:00,507.2776098950611
2011-08-20 16:00:00,524.7936868086038
2011-08-20 17:00:00,470.54938871651535
2011-08-20 18:00:00,429.56619297757726
2011-08-20 19:00:00,343.4268311239254
2011-08-20 20:00:00,242.90106395667786
2011-08-20 21:00:00,162.71443191921665
2011-08-20 22:00:00,98.52712049908159
2011-08-20 23:00:00,73.91032802061817
2011-08-21 00:00:00,45.53750726367538
2011-08-21 01:00:00,34.13594679766359
2011-08-21 02:00:00,28.008214784002
2011-08-21 03:00:00,24.689286153319575
2011-08-21 04:00:00,24.257505985673046
2011-08-21 05:00:00,25.42414968412347
2011-08-21 06:00:00,30.938559332470092
2011-08-21 07:00:00,43.00401600452373
2011-08-21 08:00:00,61.150338178535755
2011-08-21 09:00:00,88.90679309230197
2011-08-21 10:00:00,128.4054311634052
2011-08-21 11:00:00,160.1680996213718
2011-08-21 12:00:00,213.58592481446675
2011-08-21 13:00:00,311.1949577525342
2011-08-21 14:00:00,253.49856069928475
2011-08-21 15:00:00,467.167380163055
2011-08-21 16:00:00,472.5310074269437
2011-08-21 17:00:00,427.8741167109659
2011-08-21 18:00:00,350.25738275707545
2011-08-21 19:00:00,286.5209312474911
2011-08-21 20:00:00,196.67513000170712
2011-08-21 21:00:00,134.3792209242961
2011-08-21 22:00:00,82.05186292319925
2011-08-21 23:00:00,64.22150372185483
2011-08-22 00:00:00,31.522679780668206
2011-08-22 01:00:00,25.1917976744385
2011-08-22 02:00:00,21.103357453691306
2011-08-22 03:00:00,13.089045727949248
2011-08-22 04:00:00,25.0504365826083
2011-08-22 05:00:00,30.401830098163366
2011-08-22 06:00:00,40.22840479917604
2011-08-22 07:00:00,56.9954994324228
2011-08-22 08:00:00,84.70301312991359
2011-08-22 09:00:00,125.12227474668718
2011-08-22 10:00:00,179.18307661153364
2011-08-22 11:00:00,222.4661818183455
2011-08-22 12:00:00,307.53899760152876
2011-08-22 13:00:00,357.28222791230513
2011-08-22 14:00:00,407.3496205507587
2011-08-22 15:00:00,417.56304948134874
2011-08-22 16:00:00,382.63091167247904
2011-08-22 17:00:00,301.17486003005536
2011-08-22 18:00:00,232.3250796178896
2011-08-22 19:00:00,171.79091012862364
2011-08-22 20:00:00,124.54775679409008
2011-08-22 21:00:00,86.72697186121943
2011-08-22 22:00:00,57.50069609836401
2011-08-22 23:00:00,41.11274998752892
2011-08-23 00:00:00,31.419969025396078
2011-08-23 01:00:00,26.453087094058287
2011-08-23 02:00:00,23.477802356599447
2011-08-23 03:00:00,22.823875727509225
2011-08-23 04:00:00,25.115522115535516
2011-08-23 05:00:00,30.17790890712925
2011-08-23 06:00:00,40.091416546059854
2011-08-23 07:00:00,54.53123974460221
2011-08-23 08:00:00,74.97965154854741
2011-08-23 09:00:00,108.12104418523886
2011-08-23 10:00:00,164.26737852884835
2011-08-23 11:00:00,225.06946575996676
2011-08-23 12:00:00,328.63481413507844
2011-08-23 13:00:00,358.33375891078873
2011-08-23 14:00:00,409.2709322581709
2011-08-23 15:00:00,444.3905521132114
2011-08-23 16:00:00,398.4160410043953
2011-08-23 17:00:00,340.2426076004195
2011-08-23 18:00:00,258.8048638366368
2011-08-23 19:00:00,221.41932437420672
2011-08-23 20:00:00,151.8804630529848
2011-08-23 21:00:00,104.10961769568729
2011-08-23 22:00:00,68.20193412154775
2011-08-23 23:00:00,47.70809293539894
2011-08-24 00:00:00,35.831770819059436
2011-08-24 01:00:00,29.230079532497236
2011-08-24 02:00:00,25.645178803634195
2011-08-24 03:00:00,25.126502497583832
2011-08-24 04:00:00,26.670848226225267
2011-08-24 05:00:00,32.01742074307276
2011-08-24 06:00:00,42.52633455341516
2011-08-24 07:00:00,60.713593707046584
2011-08-24 08:00:00,87.85607151103515
2011-08-24 09:00:00,130.62133026786486
2011-08-24 10:00:00,188.70315595440775
2011-08-24 11:00:00,261.8357778143555
2011-08-24 12:00:00,347.2244605276646
2011-08-24 13:00:00,414.2908043356885
2011-08-24 14:00:00,468.73665743320925
2011-08-24 15:00:00,478.18403669547655
2011-08-24 16:00:00,441.20346373732474
2011-08-24 17:00:00,367.91755955719276
2011-08-24 18:00:00,292.05786481291085
2011-08-24 19:00:00,208.52485289932653
2011-08-24 20:00:00,146.45848044078008
2011-08-24 21:00:00,100.02002090377972
2011-08-24 22:00:00,67.50782526087835
2011-08-24 23:00:00,47.45729915663492
2011-08-25 00:00:00,39.13966665939396
2011-08-25 01:00:00,31.954594203577376
2011-08-25 02:00:00,28.013483022086813
2011-08-25 03:00:00,26.84445915246862
2011-08-25 04:00:00,28.232136212228355
2011-08-25 05:00:00,31.969696212292725
2011-08-25 06:00:00,41.397427460040745
2011-08-25 07:00:00,52.985087096004015
2011-08-25 08:00:00,77.48441258677828
2011-08-25 09:00:00,114.87811079750206
2011-08-25 10:00:00,167.39660893141834
2011-08-25 11:00:00,151.74774164890366
2011-08-25 12:00:00,204.88745260303023
2011-08-25 13:00:00,439.03603887767673
2011-08-25 14:00:00,456.73686946715
2011-08-25 15:00:00,480.04938301057194
2011-08-25 16:00:00,434.1165646962286
2011-08-25 17:00:00,366.13331037426906
2011-08-25 18:00:00,251.99434149203103
2011-08-25 19:00:00,214.0914726034033
2011-08-25 20:00:00,163.5968090106488
2011-08-25 21:00:00,110.51287437668698
2011-08-25 22:00:00,73.24181261625874
2011-08-25 23:00:00,50.570784828151574
2011-08-26 00:00:00,40.76325023571769
2011-08-26 01:00:00,33.40367552691863
2011-08-26 02:00:00,27.31994150013818
2011-08-26 03:00:00,26.56751040700241
2011-08-26 04:00:00,29.178597149840257
2011-08-26 05:00:00,31.312438023079903
2011-08-26 06:00:00,44.67599077211791
2011-08-26 07:00:00,65.42538062426166
2011-08-26 08:00:00,92.56172099225394
2011-08-26 09:00:00,142.25116943353058
2011-08-26 10:00:00,202.6952876272284
2011-08-26 11:00:00,257.0600876911543
2011-08-26 12:00:00,327.9625434883605
2011-08-26 13:00:00,392.9913724441823
2011-08-26 14:00:00,460.79594987795645
2011-08-26 15:00:00,419.6890025225462
2011-08-26 16:00:00,470.1433410090728
2011-08-26 17:00:00,406.71519681264976
2011-08-26 18:00:00,286.2592187758959
2011-08-26 19:00:00,227.70277204329767
2011-08-26 20:00:00,157.95736878125055
2011-08-26 21:00:00,106.90696907977362
2011-08-26 22:00:00,73.32071095064111
2011-08-26 23:00:00,51.52468270067087
2011-08-27 00:00:00,47.92391084755391
2011-08-27 01:00:00,35.796636042948066
2011-08-27 02:00:00,29.085574351121206
2011-08-27 03:00:00,23.543528733654437
2011-08-27 04:00:00,23.398899426919105
2011-08-27 05:00:00,25.762702233915952
2011-08-27 06:00:00,31.335936958543037
2011-08-27 07:00:00,41.4158826463805
2011-08-27 08:00:00,58.637719083294634
2011-08-27 09:00:00,86.05698016422932
2011-08-27 10:00:00,134.9198429391598
2011-08-27 11:00:00,119.32058408424939
2011-08-27 12:00:00,181.2467363399868
2011-08-27 13:00:00,242.34630096006336
2011-08-27 14:00:00,278.0666534278689
2011-08-27 15:00:00,310.42686584174317
2011-08-27 16:00:00,312.46625502392726
2011-08-27 17:00:00,282.3157180315508
2011-08-28 07:00:00,25.21460059858334
2011-08-28 08:00:00,35.42487306601936
2011-08-28 09:00:00,95.88030116460132
2011-08-28 10:00:00,143.34802144179199
2011-08-28 11:00:00,209.62856482446506
2011-08-28 12:00:00,282.32419040472104
2011-08-28 13:00:00,350.7010865929752
2011-08-28 14:00:00,409.8758739765577
2011-08-28 15:00:00,455.1745124507619
2011-08-28 16:00:00,408.61734699717005
2011-08-28 17:00:00,408.87782939548305
2011-08-28 18:00:00,350.94057653504626
2011-08-28 19:00:00,281.9243442312152
2011-08-28 20:00:00,198.68210175789207
2011-08-28 21:00:00,149.91493664248935
2011-08-28 22:00:00,100.8730446911091
2011-08-28 23:00:00,67.95594334265097
2011-08-29 00:00:00,33.58738680398161
2011-08-29 01:00:00,27.197186744089887
2011-08-29 02:00:00,23.7880089969645
2011-08-29 03:00:00,23.341144291759115
2011-08-29 04:00:00,25.20741112557689
2011-08-29 05:00:00,29.827240835470327
2011-08-29 06:00:00,39.391797489705645
2011-08-29 07:00:00,57.452957673188564
2011-08-29 08:00:00,84.22025359355928
2011-08-29 09:00:00,125.72710178579194
2011-08-29 10:00:00,182.04958315459675
2011-08-29 11:00:00,264.6352952058443
2011-08-29 12:00:00,315.0933561788509
2011-08-29 13:00:00,381.73693646290667
2011-08-29 14:00:00,497.1607684115966
2011-08-29 15:00:00,499.7465789920403
2011-08-29 16:00:00,453.0592980395669
2011-08-29 17:00:00,359.30537999445664
2011-08-29 18:00:00,303.3955850117128
2011-08-29 19:00:00,214.00228826697884
2011-08-29 20:00:00,150.12210360565683
2011-08-29 21:00:00,98.89316151102567
2011-08-29 22:00:00,66.95433277655506
2011-08-29 23:00:00,46.87154075563038
2011-08-30 00:00:00,33.83162276216836
2011-08-30 01:00:00,27.487761251542388
2011-08-30 02:00:00,23.425745546073706
2011-08-30 03:00:00,22.740317496419465
2011-08-30 04:00:00,23.86651824063276
2011-08-30 05:00:00,28.819579308062348
2011-08-30 06:00:00,39.24118184468024
2011-08-30 07:00:00,56.92459110907261
2011-08-30 08:00:00,84.25088826075819
2011-08-30 09:00:00,122.93848089572752
2011-08-30 10:00:00,165.14313053336014
2011-08-30 11:00:00,230.77624292173527
2011-08-30 12:00:00,320.92476555307263
2011-08-30 13:00:00,386.9780852530625
2011-08-30 14:00:00,427.6031873100251
2011-08-30 15:00:00,450.81840170321016
2011-08-30 16:00:00,427.5171162099486
2011-08-30 17:00:00,376.6153693031664
2011-08-30 18:00:00,298.7510477654562
2011-08-30 19:00:00,222.73205136436866
2011-08-30 20:00:00,152.42818469160036
2011-08-30 21:00:00,104.04300898513749
2011-08-30 22:00:00,70.31009288563318
2011-08-30 23:00:00,48.50039147524912
2011-08-31 00:00:00,36.726033033923976
2011-08-31 01:00:00,29.52941358173542
2011-08-31 02:00:00,25.403329121980033
2011-08-31 03:00:00,24.08810393688736
2011-08-31 04:00:00,27.070602113342364
2011-08-31 05:00:00,29.40197185528253
2011-08-31 06:00:00,41.14059221490246
2011-08-31 07:00:00,58.28822019969983
2011-08-31 08:00:00,89.31511614879541
2011-08-31 09:00:00,131.50631759272608
2011-08-31 10:00:00,178.61691009002564
2011-08-31 11:00:00,244.48383057720702
2011-08-31 12:00:00,327.48663869112085
2011-08-31 13:00:00,386.69945213587243
2011-08-31 14:00:00,453.2711388551862
2011-08-31 15:00:00,462.62783304544473
2011-08-31 16:00:00,428.019894592273
2011-08-31 17:00:00,373.01571831634834
2011-08-31 18:00:00,297.1245493670753
2011-08-31 19:00:00,163.85979087318358
2011-08-31 20:00:00,152.51610924058218
2011-08-31 21:00:00,103.18052702333603
2011-08-31 22:00:00,70.45197837842265
2011-08-31 23:00:00,46.42414834993858
2011-09-20 00:00:00,28.215009166142774
2011-09-20 01:00:00,19.41849995880934
2011-09-20 02:00:00,17.01792193353847
2011-09-20 03:00:00,17.544487320404407
2011-09-20 04:00:00,19.88842253185279
2011-09-20 05:00:00,21.6394015593418
2011-09-20 06:00:00,28.47587435912105
2011-09-20 07:00:00,40.27803992305538
2011-09-20 08:00:00,34.68513262518537
2011-09-20 09:00:00,52.51546578441518
2011-09-20 10:00:00,86.86269577321275
2011-09-20 11:00:00,125.92319406798596
2011-09-20 12:00:00,247.8817173916604
2011-09-20 13:00:00,312.1514734296814
2011-09-20 14:00:00,389.8270289702022
2011-09-20 15:00:00,447.2719190355752
2011-09-20 16:00:00,392.3454475494266
2011-09-20 17:00:00,361.6456181732262
2011-09-20 18:00:00,274.8219301410205
2011-09-20 19:00:00,185.56197613702338
2011-09-20 20:00:00,114.15148472142259
2011-09-20 21:00:00,75.4576057566606
2011-09-20 22:00:00,50.2530062930479
2011-09-20 23:00:00,34.66487353366878
2011-09-21 00:00:00,23.580325142020925
2011-09-21 01:00:00,21.059864328453816
2011-09-21 02:00:00,18.613667169990492
2011-09-21 03:00:00,16.267883347643153
2011-09-21 04:00:00,15.888427586349536
2011-09-21 05:00:00,19.048598862678144
2011-09-21 06:00:00,24.89977603674039
2011-09-21 07:00:00,34.87438222589713
2011-09-21 08:00:00,51.29616793467488
2011-09-21 09:00:00,77.27277719650345
2011-09-21 10:00:00,141.37598041507718
2011-09-21 11:00:00,211.5254707200264
2011-09-21 12:00:00,299.00327170315694
2011-09-21 13:00:00,376.7796132609986
2011-09-21 14:00:00,425.8267156557243
2011-09-21 15:00:00,436.3592727550913
2011-09-21 16:00:00,401.20213738250663
2011-09-21 17:00:00,211.82456313771516
2011-09-21 18:00:00,152.23695373739812
2011-09-21 19:00:00,95.22569745539668
2011-09-21 20:00:00,65.00000300783445
2011-09-21 21:00:00,59.37357850700269
2011-09-21 22:00:00,46.2581674239906
2011-09-21 23:00:00,34.759497840658916
2011-09-22 00:00:00,29.32059721173157
2011-09-22 01:00:00,21.22847739149475
2011-09-22 02:00:00,18.592535717353744
2011-09-22 03:00:00,18.046952952442602
2011-09-22 04:00:00,19.39913005515313
2011-09-22 05:00:00,22.979223329610047
2011-09-22 06:00:00,26.43779926624387
2011-09-22 07:00:00,36.675915623296824
2011-09-22 08:00:00,53.07536164190693
2011-09-22 09:00:00,89.42358811242565
2011-09-22 10:00:00,142.52281135150443
2011-09-22 11:00:00,203.75687200426972
2011-09-22 12:00:00,294.3718037847376
2011-09-22 13:00:00,367.71042507454325
2011-09-22 14:00:00,419.0410624085977
2011-09-22 15:00:00,442.3804166627026
2011-09-22 16:00:00,426.8807088720278
2011-09-22 17:00:00,356.92566439771576
2011-09-22 18:00:00,264.846420252609
2011-09-22 19:00:00,178.21147505110596
2011-09-22 20:00:00,113.21175488943815
2011-09-22 21:00:00,82.8150378542385
2011-09-22 22:00:00,46.087926601374896
2011-09-22 23:00:00,36.85497282399769
2011-09-23 00:00:00,29.371374237054606
2011-09-23 01:00:00,21.10383165166955
2011-09-23 02:00:00,18.35010473730378
2011-09-23 03:00:00,18.151054352704662
2011-09-23 04:00:00,12.438075387062291
2011-09-23 05:00:00,26.40863701009108
2011-09-23 06:00:00,33.61058659837352
2011-09-23 07:00:00,29.40116251814515
2011-09-23 08:00:00,42.42354475277963
2011-09-23 09:00:00,55.436157238691194
2011-09-23 10:00:00,81.19402388982758
2011-09-23 11:00:00,114.94611121807243
2011-09-23 12:00:00,173.29326671902083
2011-09-23 13:00:00,189.16516690713527
2011-09-23 14:00:00,214.3398126109471
2011-09-23 15:00:00,249.9590590416267
2011-09-23 16:00:00,235.34270206969384
2011-09-23 17:00:00,274.3239620123278
2011-09-23 18:00:00,234.99937996265058
2011-09-23 19:00:00,190.60020763872026
2011-09-23 20:00:00,132.42954778495186
2011-09-23 21:00:00,78.78996143352428
2011-09-23 22:00:00,60.445658257515014
2011-09-23 23:00:00,35.302574876814425
2011-09-24 00:00:00,36.42869358584073
2011-09-24 01:00:00,27.418134121979524
2011-09-24 02:00:00,22.30239178516612
2011-09-24 03:00:00,22.39588633602355
2011-09-24 04:00:00,21.799206904890735
2011-09-24 05:00:00,21.752093738986023
2011-09-24 06:00:00,26.45771518578691
2011-09-24 07:00:00,38.183069248559434
2011-09-24 08:00:00,52.868796013451075
2011-09-24 09:00:00,79.97523151681821
2011-09-24 10:00:00,119.58955025437194
2011-09-24 11:00:00,188.231542307701
2011-09-24 12:00:00,267.5209349812847
2011-09-24 13:00:00,418.51926077766956
2011-09-24 14:00:00,465.6229272311949
2011-09-24 15:00:00,519.810139700669
2011-09-24 16:00:00,515.5386342273271
2011-09-24 17:00:00,524.9918957166385
2011-09-24 18:00:00,424.36108298866134
2011-09-24 19:00:00,293.3264000011766
2011-09-24 20:00:00,220.4253452340891
2011-09-24 21:00:00,147.61259505790926
2011-09-24 22:00:00,85.30077690952149
2011-09-24 23:00:00,56.72916355731466
2011-09-25 00:00:00,35.5273718451032
2011-09-25 01:00:00,26.446387757552216
2011-09-25 02:00:00,12.647528820470216
2011-09-25 03:00:00,11.40095457887025
2011-09-25 04:00:00,11.196241426142072
2011-09-25 05:00:00,23.8737093302442
2011-09-25 06:00:00,26.24388126823279
2011-09-25 07:00:00,31.286541513039722
2011-09-25 08:00:00,49.65386774296992
2011-09-25 09:00:00,77.13829498578251
2011-09-25 10:00:00,114.47599964846236
2011-09-25 11:00:00,171.7922688687752
2011-09-25 12:00:00,246.03104058483038
2011-09-25 13:00:00,329.30118771455255
2011-09-25 14:00:00,397.25339611539346
2011-09-25 15:00:00,440.68886878215847
2011-09-25 16:00:00,496.7442908093473
2011-09-25 17:00:00,446.28682011413616
2011-09-25 18:00:00,366.8696070196554
2011-09-25 19:00:00,259.4853777651116
2011-09-25 20:00:00,184.97016616846747
2011-09-25 21:00:00,108.76995122888216
2011-09-25 22:00:00,80.23065267417061
2011-09-25 23:00:00,45.21499857237705
2011-09-26 00:00:00,22.682576239107767
2011-09-26 01:00:00,19.474647255833318
2011-09-26 02:00:00,17.101780370585498
2011-09-26 03:00:00,15.497193188223395
2011-09-26 04:00:00,16.648181868252735
2011-09-26 05:00:00,22.307579412136676
2011-09-26 06:00:00,26.541306732491122
2011-09-26 07:00:00,38.15576841236016
2011-09-26 08:00:00,56.70462729510816
2011-09-26 09:00:00,91.28230261704827
2011-09-26 10:00:00,137.28009775697325
2011-09-26 11:00:00,240.18514466498053
2011-09-26 12:00:00,297.00047544193455
2011-09-26 13:00:00,375.6650107941852
2011-09-26 14:00:00,489.7357270793891
2011-09-26 15:00:00,491.16837015717454
2011-09-26 16:00:00,465.72615063413633
2011-09-26 17:00:00,381.57432988031786
2011-09-26 18:00:00,271.65826482914184
2011-09-26 19:00:00,193.7488629015234
2011-09-26 20:00:00,120.43951145788931
2011-09-26 21:00:00,79.42710272579612
2011-09-26 22:00:00,48.81813727222391
2011-09-26 23:00:00,33.65245871797373
2011-09-27 00:00:00,25.136994409825515
2011-09-27 01:00:00,19.96146702724372
2011-09-27 02:00:00,17.544572968463925
2011-09-27 03:00:00,15.698728022525469
2011-09-27 04:00:00,10.685394644313407
2011-09-27 05:00:00,12.853328733691695
2011-09-27 06:00:00,26.58344851872312
2011-09-27 07:00:00,37.55990305143147
2011-09-27 08:00:00,60.208178607347655
2011-09-27 09:00:00,57.665825461449764
2011-09-27 10:00:00,80.4255994703449
2011-09-27 11:00:00,198.05082130447138
2011-09-27 12:00:00,269.8348132825567
2011-09-27 13:00:00,372.2861470586897
2011-09-27 14:00:00,423.96801047782895
2011-09-27 15:00:00,419.43330196010373
2011-09-27 16:00:00,390.57713345291756
2011-09-27 17:00:00,303.4577808350462
2011-09-27 18:00:00,230.63312511285204
2011-09-27 19:00:00,163.78329792266592
2011-09-27 20:00:00,139.48492494275575
2011-09-27 21:00:00,88.07573635635802
2011-09-27 22:00:00,54.36982128969076
2011-09-27 23:00:00,37.504681173990576
2011-09-28 00:00:00,28.965201220883213
2011-09-28 01:00:00,23.289349152945007
2011-09-28 02:00:00,20.162953508008563
2011-09-28 03:00:00,16.267883347643153
2011-09-28 04:00:00,21.93517014945091
2011-09-28 05:00:00,21.53816003103856
2011-09-28 06:00:00,17.60032263801132
2011-09-28 07:00:00,24.65083935178512
2011-09-28 08:00:00,36.54500560252148
2011-09-28 09:00:00,54.56281219272585
2011-09-28 10:00:00,129.6352342303596
2011-09-28 11:00:00,211.11834241961586
2011-09-28 12:00:00,294.8789314410938
2011-09-28 13:00:00,399.9167685264046
2011-09-28 14:00:00,458.6416657115969
2011-09-28 15:00:00,480.22630532381277
2011-09-28 16:00:00,440.4731705552932
2011-09-28 17:00:00,366.56786284966944
2011-09-28 18:00:00,151.06536063774715
2011-09-28 19:00:00,107.85835925133908
2011-09-28 20:00:00,73.79339664088276
2011-09-28 21:00:00,46.50692854981638
2011-09-28 22:00:00,55.001441705324034
2011-09-28 23:00:00,34.70414856470513
2011-09-29 00:00:00,29.203519761618995
2011-09-29 01:00:00,18.829298347976312
2011-09-29 02:00:00,16.506991959540844
2011-09-29 03:00:00,17.957763523235297
2011-09-29 04:00:00,21.346781242312954
2011-09-29 05:00:00,25.411899480459716
2011-09-29 06:00:00,32.88260975506665
2011-09-29 07:00:00,50.223139694506365
2011-09-29 08:00:00,78.83859604110091
2011-09-29 09:00:00,119.86895404451468
2011-09-29 10:00:00,187.06177766348569
2011-09-29 11:00:00,267.3597715456034
2011-09-29 12:00:00,359.041065452566
2011-09-29 13:00:00,448.4911295829248
2011-09-29 14:00:00,488.4063819526505
2011-09-29 15:00:00,480.6909179495198
2011-09-29 16:00:00,429.8424093418056
2011-09-29 17:00:00,387.97630299484695
2011-09-29 18:00:00,284.0119882387899
2011-09-29 19:00:00,223.17603136397963
2011-09-29 20:00:00,156.4199954054231
2011-09-29 21:00:00,108.99112089529262
2011-09-29 22:00:00,73.77018681127095
2011-09-29 23:00:00,47.7786668996307
2011-09-30 00:00:00,36.61615737731365
2011-09-30 01:00:00,31.152689845139083
2011-09-30 02:00:00,26.048537890572092
2011-09-30 03:00:00,25.385491331825403
2011-09-30 04:00:00,27.25694594648226
2011-09-30 05:00:00,32.33775071921154
2011-09-30 06:00:00,41.69379432146463
2011-09-30 07:00:00,57.523308893393676
2011-09-30 08:00:00,88.69353667502882
2011-09-30 09:00:00,134.61523795320488
2011-09-30 10:00:00,207.34603829174083
2011-09-30 11:00:00,285.39274431381244
2011-09-30 12:00:00,343.81464129553814
2011-09-30 13:00:00,402.5274443442289
2011-09-30 14:00:00,456.3943529640817
2011-09-30 15:00:00,529.2718765536608
2011-09-30 16:00:00,500.2176417906612
2011-09-30 17:00:00,422.0286613139614
2011-09-30 18:00:00,319.97455665369984
2011-09-30 19:00:00,233.38201647069477
2011-09-30 20:00:00,161.74279247652294
2011-09-30 21:00:00,110.62486035089314
2011-09-30 22:00:00,75.38253065794319
2011-09-30 23:00:00,53.24765605601788
2011-10-20 00:00:00,29.91023771830021
2011-10-20 01:00:00,26.052109753543256
2011-10-20 02:00:00,22.803843347116118
2011-10-20 03:00:00,22.982760905758077
2011-10-20 04:00:00,24.704755922630472
2011-10-20 05:00:00,28.959081014378548
2011-10-20 06:00:00,36.26773943921851
2011-10-20 07:00:00,51.51739039415671
2011-10-20 08:00:00,79.69017460677004
2011-10-20 09:00:00,118.06805786996591
2011-10-20 10:00:00,177.4688293780991
2011-10-20 11:00:00,254.0111532213544
2011-10-20 12:00:00,329.56525197571557
2011-10-20 13:00:00,407.09326519323446
2011-10-20 14:00:00,425.05744263387965
2011-10-20 15:00:00,447.89211007021134
2011-10-20 16:00:00,416.6726969315919
2011-10-20 17:00:00,344.7562456935876
2011-10-20 18:00:00,268.6112079290571
2011-10-20 19:00:00,214.1406010951945
2011-10-20 20:00:00,133.53834308219373
2011-10-20 21:00:00,98.06069423391887
2011-10-20 22:00:00,66.45544238736522
2011-10-20 23:00:00,47.170268821631275
2011-10-21 00:00:00,37.6402256162341
2011-10-21 01:00:00,30.366154742242383
2011-10-21 02:00:00,26.276299159899168
2011-10-21 03:00:00,23.77885880036916
2011-10-21 04:00:00,25.600759128514305
2011-10-21 05:00:00,28.900193872782292
2011-10-21 06:00:00,39.19788441888749
2011-10-21 07:00:00,54.079798926681164
2011-10-21 08:00:00,85.90131478740483
2011-10-21 09:00:00,116.09590603517186
2011-10-21 10:00:00,188.19147723534147
2011-10-21 11:00:00,261.4102059700243
2011-10-21 12:00:00,349.21366303701535
2011-10-21 13:00:00,437.9695317673353
2011-10-21 14:00:00,482.3045157566798
2011-10-21 15:00:00,503.8830423473117
2011-10-21 16:00:00,467.76572631993463
2011-10-21 17:00:00,362.71840843270627
2011-10-21 18:00:00,280.9473838723077
2011-10-21 19:00:00,203.04493541559958
2011-10-21 20:00:00,141.24576008424123
2011-10-21 21:00:00,105.93143666741611
2011-10-21 22:00:00,71.46344255038682
2011-10-21 23:00:00,50.423240727527435
2011-10-22 00:00:00,46.989114616522976
2011-10-22 01:00:00,35.2003291304755
2011-10-22 02:00:00,28.581129769414613
2011-10-22 03:00:00,25.709604300762024
2011-10-22 04:00:00,25.06500484016066
2011-10-22 05:00:00,28.038538307993157
2011-10-22 06:00:00,32.947358821256444
2011-10-22 07:00:00,40.94545199781398
2011-10-22 08:00:00,64.01349394473309
2011-10-22 09:00:00,95.891319109087
2011-10-22 10:00:00,132.4412349757519
2011-10-22 11:00:00,195.65886817450624
2011-10-22 12:00:00,308.0528195294
2011-10-22 13:00:00,401.98447757198795
2011-10-22 14:00:00,443.3118728096818
2011-10-22 15:00:00,558.2707068632711
2011-10-22 16:00:00,544.7328334908287
2011-10-22 17:00:00,513.4546129518399
2011-10-22 18:00:00,414.7915750889448
2011-10-22 19:00:00,322.43165522930576
2011-10-22 20:00:00,224.37905950589897
2011-10-22 21:00:00,143.69039149278893
2011-10-22 22:00:00,96.09261262321655
2011-10-22 23:00:00,60.70616882582743
2011-10-23 00:00:00,34.772824856327546
2011-10-23 01:00:00,26.27267784003628
2011-10-23 02:00:00,20.387239232584864
2011-10-23 03:00:00,19.02294678637634
2011-10-23 04:00:00,18.99162033803692
2011-10-23 05:00:00,20.57344128523186
2011-10-23 06:00:00,24.14578696328255
2011-10-23 07:00:00,32.590091589583864
2011-10-23 08:00:00,45.719006490055214
2011-10-23 09:00:00,81.86672644077936
2011-10-23 10:00:00,125.41650694479817
2011-10-23 11:00:00,188.32039604725418
2011-10-23 12:00:00,277.1842304798869
2011-10-23 13:00:00,367.57046287933326
2011-10-23 14:00:00,447.988772651387
2011-10-23 15:00:00,491.0636496195945
2011-10-23 16:00:00,498.2679159951353
2011-10-23 17:00:00,453.1522427938757
2011-10-23 18:00:00,373.1074379670313
2011-10-23 19:00:00,264.66380295661185
2011-10-23 20:00:00,188.2426053567802
2011-10-23 21:00:00,128.6176582284924
2011-10-23 22:00:00,82.57888475987768
2011-10-23 23:00:00,56.21104731931669
2011-10-24 00:00:00,28.28075715918735
2011-10-24 01:00:00,20.835635527372624
2011-10-24 02:00:00,17.333678703765106
2011-10-24 03:00:00,17.92714106303749
2011-10-24 04:00:00,19.802450097238825
2011-10-24 05:00:00,22.183433567179613
2011-10-24 06:00:00,29.419378604067074
2011-10-24 07:00:00,33.51337682499312
2011-10-24 08:00:00,56.20731220471776
2011-10-24 09:00:00,92.84090219436793
2011-10-24 10:00:00,141.4557594235963
2011-10-24 11:00:00,227.67930788575296
2011-10-24 12:00:00,319.9276687168194
2011-10-24 13:00:00,406.6308843700647
2011-10-24 14:00:00,463.4940828603043
2011-10-24 15:00:00,528.3816559550642
2011-10-24 16:00:00,481.32350543582425
2011-10-24 17:00:00,393.05703540967136
2011-10-24 18:00:00,303.00240405472584
2011-10-24 19:00:00,109.60121501639664
2011-10-24 20:00:00,126.37292308528485
2011-10-24 21:00:00,77.67386542587755
2011-10-24 22:00:00,58.46876287655707
2011-10-24 23:00:00,39.330260334436055
2011-10-25 00:00:00,28.84017978091722
2011-10-25 01:00:00,22.932133866707566
2011-10-25 02:00:00,18.924559237327493
2011-10-25 03:00:00,17.417654988899
2011-10-25 04:00:00,18.252168481169143
2011-10-25 05:00:00,21.95530716463002
2011-10-25 06:00:00,30.59449389906412
2011-10-25 07:00:00,46.13172178840012
2011-10-25 08:00:00,73.84512973095572
2011-10-25 09:00:00,113.75125382295067
2011-10-25 10:00:00,169.5517677301022
2011-10-25 11:00:00,243.54193403047378
2011-10-25 12:00:00,306.9084280972835
2011-10-25 13:00:00,379.19118619341697
2011-10-25 14:00:00,450.27803444579075
2011-10-25 15:00:00,447.82212949574114
2011-10-25 16:00:00,410.7871657135105
2011-10-25 17:00:00,342.86995606960363
2011-10-25 18:00:00,271.5053253131057
2011-10-25 19:00:00,207.16592935278965
2011-10-25 20:00:00,138.32237237378877
2011-10-25 21:00:00,88.29413296052543
2011-10-25 22:00:00,60.65062746630178
2011-10-25 23:00:00,40.56191449688803
2011-10-26 00:00:00,30.81888623384444
2011-10-26 01:00:00,25.170249592198118
2011-10-26 02:00:00,22.31119797725641
2011-10-26 03:00:00,21.815015475975294
2011-10-26 04:00:00,23.00336982743967
2011-10-26 05:00:00,27.637979839147928
2011-10-26 06:00:00,36.167360613754134
2011-10-26 07:00:00,50.75999523687534
2011-10-26 08:00:00,69.24426626956559
2011-10-26 09:00:00,107.01030284219912
2011-10-26 10:00:00,162.27821531183318
2011-10-26 11:00:00,255.16783462006228
2011-10-26 12:00:00,198.81973645088758
2011-10-26 13:00:00,252.51958281903333
2011-10-26 14:00:00,426.0055329040987
2011-10-26 15:00:00,434.7993941342863
2011-10-26 16:00:00,394.24018998591725
2011-10-26 17:00:00,328.09329586194605
2011-10-26 18:00:00,276.3805509428884
2011-10-26 19:00:00,190.1961420380082
2011-10-26 20:00:00,121.2497215473784
2011-10-26 21:00:00,83.06677357053073
2011-10-26 22:00:00,48.28593682323214
2011-10-26 23:00:00,33.77815225429256
2011-10-27 00:00:00,28.860963369055987
2011-10-27 01:00:00,23.079318131291906
2011-10-27 02:00:00,11.633187564195607
2011-10-27 03:00:00,11.281061530593977
2011-10-27 04:00:00,13.420846957995293
2011-10-27 05:00:00,15.69278323238151
2011-10-27 06:00:00,22.318877997939943
2011-10-27 07:00:00,39.939717057156045
2011-10-27 08:00:00,40.57873670950731
2011-10-27 09:00:00,102.80629382301971
2011-10-27 10:00:00,89.90106483636606
2011-10-27 11:00:00,128.71307811071927
2011-10-27 12:00:00,173.78640633622013
2011-10-27 13:00:00,341.43981357009517
2011-10-27 14:00:00,425.1673357055546
2011-10-27 15:00:00,431.96401220513775
2011-10-27 16:00:00,441.1047177894802
2011-10-27 17:00:00,360.46847139237724
2011-10-27 18:00:00,280.0224113903856
2011-10-27 19:00:00,196.0699012611468
2011-10-27 20:00:00,146.74571829005077
2011-10-27 21:00:00,97.61503150385911
2011-10-27 22:00:00,58.48936432809013
2011-10-27 23:00:00,40.23018769969449
2011-10-28 00:00:00,33.24419823359853
2011-10-28 01:00:00,26.23944161980499
2011-10-28 02:00:00,23.140088861192442
2011-10-28 03:00:00,21.84990673254126
2011-10-28 04:00:00,23.847064203881935
2011-10-28 05:00:00,25.62795554889053
2011-10-28 06:00:00,35.799125997844016
2011-10-28 07:00:00,49.39066392015442
2011-10-28 08:00:00,72.73748395615948
2011-10-28 09:00:00,108.65684366330211
2011-10-28 10:00:00,162.2667249829607
2011-10-28 11:00:00,231.84348506852416
2011-10-28 12:00:00,273.07739316419196
2011-10-28 13:00:00,345.63245974089835
2011-10-28 14:00:00,383.3048217872739
2011-10-28 15:00:00,373.92765399328783
2011-10-28 16:00:00,365.25060431711046
2011-10-28 17:00:00,317.6247885495811
2011-10-28 18:00:00,250.02649667600988
2011-10-28 19:00:00,178.38764828926796
2011-10-28 20:00:00,78.1866773142828
2011-10-28 21:00:00,52.542568788048264
2011-10-28 22:00:00,33.48649379186913
2011-10-28 23:00:00,22.089498190998473
2011-10-29 00:00:00,18.899034224675503
2011-10-29 01:00:00,14.441686583228767
2011-10-29 02:00:00,11.74712147751691
2011-10-29 03:00:00,11.206492308063625
2011-10-29 04:00:00,11.137650154799946
2011-10-29 05:00:00,10.00402897902688
2011-10-29 06:00:00,13.22970166489004
2011-10-29 07:00:00,17.50717108888423
2011-10-29 08:00:00,25.681558217424595
2011-10-29 09:00:00,37.81920729571098
2011-10-29 10:00:00,50.115118691178644
2011-10-29 11:00:00,73.95149975270242
2011-10-29 12:00:00,110.26450277023467
2011-10-29 13:00:00,147.13242102844984
2011-10-29 14:00:00,181.07530174796688
2011-10-29 15:00:00,189.74352983568923
2011-10-29 16:00:00,187.47749769070958
2011-10-29 17:00:00,169.9450953164961
2011-10-29 18:00:00,139.7196098698345
2011-10-29 19:00:00,202.836625699136
2011-10-29 20:00:00,143.60088933895074
2011-10-29 21:00:00,97.51379955683132
2011-10-29 22:00:00,65.42060717332916
2011-10-29 23:00:00,45.11354664581513
2011-10-30 00:00:00,27.349405672090164
2011-10-30 01:00:00,20.64652382340118
2011-10-30 02:00:00,16.911299120942505
2011-10-30 03:00:00,17.027463578979173
2011-10-30 04:00:00,16.111361741553637
2011-10-30 05:00:00,18.821644645138804
2011-10-30 06:00:00,23.328792763842618
2011-10-30 07:00:00,34.00481200066714
2011-10-30 08:00:00,46.1750024661789
2011-10-30 09:00:00,71.177715833551
2011-10-30 10:00:00,113.3014744562451
2011-10-30 11:00:00,164.63815959558383
2011-10-30 12:00:00,242.4612718498264
2011-10-30 13:00:00,308.44668353398083
2011-10-30 14:00:00,362.44948429633814
2011-10-30 15:00:00,386.7304293159338
2011-10-30 16:00:00,370.9511278347915
2011-10-30 17:00:00,345.02595191608947
2011-10-30 18:00:00,278.8476963194604
2011-10-30 19:00:00,275.6095953609071
2011-10-30 20:00:00,176.17154608994235
2011-10-30 21:00:00,118.54938169264678
2011-10-30 22:00:00,75.46190831799458
2011-10-30 23:00:00,44.15536049630301
2011-10-31 00:00:00,21.823892061664132
2011-10-31 01:00:00,18.54582453321362
2011-10-31 02:00:00,14.944334221855643
2011-10-31 03:00:00,13.820154821485977
2011-10-31 04:00:00,15.909767582676096
2011-10-31 05:00:00,17.306235088114107
2011-10-31 06:00:00,25.36409229524882
2011-10-31 07:00:00,33.07396980214261
2011-10-31 08:00:00,50.397816861455716
2011-10-31 09:00:00,83.44090390229917
2011-10-31 10:00:00,135.81409403562873
2011-10-31 11:00:00,228.56261412996037
2011-10-31 12:00:00,301.63381006425146
2011-10-31 13:00:00,348.66108208770044
2011-10-31 14:00:00,407.5999899583507
2011-10-31 15:00:00,462.04209410155244
2011-10-31 16:00:00,435.4209297445401
2011-10-31 17:00:00,361.171877535085
2011-10-31 18:00:00,273.68660717082275
2011-10-31 19:00:00,193.0468441072427
2011-10-31 20:00:00,129.89858196508018
2011-10-31 21:00:00,68.24277666199221
2011-10-31 22:00:00,45.376991220646175
2011-10-31 23:00:00,31.28032754063105
2011-11-20 00:00:00,37.41892312393999
2011-11-20 01:00:00,28.810729678369313
2011-11-20 02:00:00,23.598493947503467
2011-11-20 03:00:00,19.18912554034954
2011-11-20 04:00:00,18.874525053602138
2011-11-20 05:00:00,21.52888311986476
2011-11-20 06:00:00,26.209076266037616
2011-11-20 07:00:00,38.293102138067525
2011-11-20 08:00:00,48.012123651323975
2011-11-20 09:00:00,78.96676065522377
2011-11-20 10:00:00,106.30852429661475
2011-11-20 11:00:00,166.35858992389922
2011-11-20 12:00:00,233.98403780940438
2011-11-20 13:00:00,315.1256369256679
2011-11-20 14:00:00,420.81337241776725
2011-11-20 15:00:00,419.96508681743785
2011-11-20 16:00:00,424.7330125869709
2011-11-20 17:00:00,383.1676272970455
2011-11-20 18:00:00,317.98686317543377
2011-11-20 19:00:00,231.519674985209
2011-11-20 20:00:00,169.06038358826592
2011-11-20 21:00:00,107.80283925561982
2011-11-20 22:00:00,40.7085149658896
2011-11-20 23:00:00,27.79056786905002
2011-11-21 00:00:00,20.09178803482809
2011-11-21 01:00:00,9.977103744384243
2011-11-21 02:00:00,7.763042300467678
2011-11-21 03:00:00,7.605082016652721
2011-11-21 04:00:00,8.284470010981027
2011-11-21 05:00:00,15.994055372724445
2011-11-21 06:00:00,20.762766083822257
2011-11-21 07:00:00,33.20212095307335
2011-11-21 08:00:00,50.22786389858761
2011-11-21 09:00:00,76.1522781138767
2011-11-21 10:00:00,137.75473237421258
2011-11-21 11:00:00,196.88373692735905
2011-11-21 12:00:00,279.4987520841406
2011-11-21 13:00:00,351.08911543485664
2011-11-21 14:00:00,377.0740624023952
2011-11-21 15:00:00,203.49592787581037
2011-11-21 16:00:00,186.80775227613157
2011-11-21 17:00:00,151.81737971622906
2011-11-21 18:00:00,125.73072921087646
2011-11-21 19:00:00,79.86341239272495
2011-11-21 20:00:00,59.29620726583093
2011-11-21 21:00:00,39.18504279780598
2011-11-21 22:00:00,26.08955852530251
2011-11-21 23:00:00,17.961182609553482
2011-11-22 00:00:00,11.95267111344285
2011-11-22 01:00:00,9.671469636085721
2011-11-22 02:00:00,7.498550928025515
2011-11-22 03:00:00,7.308328525530337
2011-11-22 04:00:00,8.7889018061569
2011-11-22 05:00:00,10.572061012532691
2011-11-22 06:00:00,21.949715032369507
2011-11-22 07:00:00,19.61602257518436
2011-11-22 08:00:00,29.065343214157206
2011-11-22 09:00:00,45.713171842007156
2011-11-22 10:00:00,68.64079889321675
2011-11-22 11:00:00,97.88171490297006
2011-11-22 12:00:00,120.55803149732002
2011-11-22 13:00:00,154.38311598860642
2011-11-22 14:00:00,176.16067009670857
2011-11-22 15:00:00,207.1125332780238
2011-11-22 16:00:00,190.74594324150706
2011-11-22 17:00:00,140.78559487301536
2011-11-22 18:00:00,108.48594136844751
2011-11-22 19:00:00,85.3775111795936
2011-11-22 20:00:00,81.20424706149761
2011-11-22 21:00:00,53.633344710659216
2011-11-22 22:00:00,40.87227413455212
2011-11-22 23:00:00,27.77445034331562
2011-11-23 00:00:00,21.153852968255094
2011-11-23 01:00:00,16.989909770033965
2011-11-23 02:00:00,9.660016724627928
2011-11-23 03:00:00,9.46464192028441
2011-11-23 04:00:00,11.358201473651302
2011-11-23 05:00:00,18.98389470412693
2011-11-23 06:00:00,22.431084858850628
2011-11-23 07:00:00,31.479917053843756
2011-11-23 08:00:00,51.937893709737885
2011-11-23 09:00:00,79.18032752386662
2011-11-23 10:00:00,117.2334213235405
2011-11-23 11:00:00,207.00684902015337
2011-11-23 12:00:00,306.440666084285
2011-11-23 13:00:00,332.5564829023536
2011-11-23 14:00:00,409.06386515855274
2011-11-23 15:00:00,377.73143879835806
2011-11-23 16:00:00,347.5476927434727
2011-11-23 17:00:00,177.6207251435007
2011-11-23 18:00:00,219.85161882648893
2011-11-23 19:00:00,170.61576995711175
2011-11-23 20:00:00,107.93217486614296
2011-11-23 21:00:00,70.13906168125419
2011-11-23 22:00:00,46.74501958149544
2011-11-23 23:00:00,32.75059739639597
2011-11-24 00:00:00,32.60590508309008
2011-11-24 01:00:00,24.371453268758913
2011-11-24 02:00:00,20.599611740472845
2011-11-24 03:00:00,19.13049113421275
2011-11-24 04:00:00,20.55960134957319
2011-11-24 05:00:00,23.404990020509132
2011-11-24 06:00:00,29.34358469744916
2011-11-24 07:00:00,35.95320387574278
2011-11-24 08:00:00,57.153371551032826
2011-11-24 09:00:00,89.92332310744054
2011-11-24 10:00:00,139.1862479030472
2011-11-24 11:00:00,189.0470482043425
2011-11-24 12:00:00,257.5743084953624
2011-11-24 13:00:00,326.71474488606003
2011-11-24 14:00:00,382.731714683941
2011-11-24 15:00:00,414.3450720682521
2011-11-24 16:00:00,422.0006439740365
2011-11-24 17:00:00,362.4627644020642
2011-11-24 18:00:00,331.72256618246604
2011-11-24 19:00:00,245.32788126746576
2011-11-24 20:00:00,153.0840827317351
2011-11-24 21:00:00,105.83867177402193
2011-11-24 22:00:00,70.70214063809378
2011-11-24 23:00:00,47.04294220355521
2011-11-25 00:00:00,30.2205740646412
2011-11-25 01:00:00,25.84872629138471
2011-11-25 02:00:00,19.450049746049974
2011-11-25 03:00:00,19.865612853408233
2011-11-25 04:00:00,22.328245817646874
2011-11-25 05:00:00,26.887369055978706
2011-11-25 06:00:00,30.652209629516754
2011-11-25 07:00:00,44.72860461380977
2011-11-25 08:00:00,60.92346256895165
2011-11-25 09:00:00,105.33123584230596
2011-11-25 10:00:00,155.55186151547824
2011-11-25 11:00:00,242.72853573750925
2011-11-25 12:00:00,331.2389345399669
2011-11-25 13:00:00,402.0332634954643
2011-11-25 14:00:00,432.65338037949056
2011-11-25 15:00:00,427.59841288293006
2011-11-25 16:00:00,407.8781902691685
2011-11-25 17:00:00,322.54315757271513
2011-11-25 18:00:00,274.4721732419912
2011-11-25 19:00:00,212.2615204080249
2011-11-25 20:00:00,142.36625835361437
2011-11-25 21:00:00,93.21996606684577
2011-11-25 22:00:00,60.34846867070314
2011-11-25 23:00:00,41.42688144172433
2011-11-26 00:00:00,38.568539287370626
2011-11-26 01:00:00,28.31977908729734
2011-11-26 02:00:00,21.6451554420741
2011-11-26 03:00:00,20.09573595236848
2011-11-26 04:00:00,19.97228664313333
2011-11-26 05:00:00,22.278899565449475
2011-11-26 06:00:00,24.534594822287985
2011-11-26 07:00:00,30.120133714441845
2011-11-26 08:00:00,51.43560433767112
2011-11-26 09:00:00,77.35024859640956
2011-11-26 10:00:00,117.34568267566681
2011-11-26 11:00:00,193.4024229479928
2011-11-26 12:00:00,279.1848924972296
2011-11-26 13:00:00,364.045352783573
2011-11-26 14:00:00,411.9731657649807
2011-11-26 15:00:00,442.21375348775905
2011-11-26 16:00:00,452.4791122850712
2011-11-26 17:00:00,410.1644560717893
2011-11-26 18:00:00,346.79236659964806
2011-11-26 19:00:00,253.85112229582475
2011-11-26 20:00:00,187.83484091675885
2011-11-26 21:00:00,112.34796778138907
2011-11-26 22:00:00,78.98329680603356
2011-11-26 23:00:00,55.664750064642746
2011-11-27 00:00:00,34.37873570240455
2011-11-27 01:00:00,25.97492298623733
2011-11-27 02:00:00,20.86374102980163
2011-11-27 03:00:00,17.61879844228736
2011-11-27 04:00:00,16.97706665443503
2011-11-27 05:00:00,18.698498518496955
2011-11-27 06:00:00,25.57681383673974
2011-11-27 07:00:00,31.87838494837476
2011-11-27 08:00:00,48.219426405439286
2011-11-27 09:00:00,79.9423157330337
2011-11-27 10:00:00,118.63726712443884
2011-11-27 11:00:00,182.42568298479958
2011-11-27 12:00:00,260.0692729509014
2011-11-27 13:00:00,348.38855291605927
2011-11-27 14:00:00,386.52485586140955
2011-11-27 15:00:00,430.23131618045863
2011-11-27 16:00:00,462.44492355553933
2011-11-27 17:00:00,423.03282203912414
2011-11-27 18:00:00,344.5663825211258
2011-11-27 19:00:00,255.77347544515146
2011-11-27 20:00:00,185.00062990977528
2011-11-27 21:00:00,124.05881937764478
2011-11-27 22:00:00,82.2129941296192
2011-11-27 23:00:00,56.1245182977425
2011-11-28 00:00:00,26.50131626605468
2011-11-28 01:00:00,21.09009953733876
2011-11-28 03:00:00,15.969025975382404
2011-11-28 04:00:00,18.73642026212906
2011-11-28 05:00:00,20.941141892085366
2011-11-28 06:00:00,29.361349110534533
2011-11-28 07:00:00,39.421554160015994
2011-11-28 08:00:00,48.591390235545965
2011-11-28 09:00:00,80.14270640956082
2011-11-28 10:00:00,139.37599340414292
2011-11-28 11:00:00,217.19650253237108
2011-11-28 12:00:00,335.32535366692326
2011-11-28 13:00:00,385.34057678768494
2011-11-28 14:00:00,482.13595367673133
2011-11-28 15:00:00,492.30763854587514
2011-11-28 16:00:00,448.7529138839401
2011-11-28 17:00:00,370.42852470930603
2011-11-28 18:00:00,281.59398861051034
2011-11-28 19:00:00,191.84019040372254
2011-11-28 20:00:00,116.66372563185533
2011-11-28 21:00:00,75.08831264602294
2011-11-28 22:00:00,47.11508007844327
2011-11-28 23:00:00,32.42675047371332
2011-11-29 00:00:00,27.22283218050219
2011-11-29 01:00:00,21.346798336247513
2011-11-29 02:00:00,16.000426918336114
2011-11-29 03:00:00,15.594529875218235
2011-11-29 04:00:00,17.755807551686893
2011-11-29 05:00:00,22.040481611371913
2011-11-29 06:00:00,31.103685409406076
2011-11-29 07:00:00,46.41460922931393
2011-11-29 08:00:00,69.34802349562598
2011-11-29 09:00:00,62.1853192032941
2011-11-29 10:00:00,93.37461868312971
2011-11-29 11:00:00,114.92463258861373
2011-11-29 12:00:00,157.6120777915401
2011-11-29 13:00:00,207.46295552814124
2011-11-29 14:00:00,191.21948073381293
2011-11-29 15:00:00,215.92411589631328
2011-11-29 16:00:00,199.37821195269842
2011-11-29 17:00:00,260.2471752548999
2011-11-29 18:00:00,209.09037258411325
2011-11-29 19:00:00,147.88965819430587
2011-11-29 20:00:00,92.78604615861398
2011-11-29 21:00:00,61.33440058044259
2011-11-29 22:00:00,47.691822120641234
2011-11-29 23:00:00,31.820853474514927
2011-11-30 00:00:00,25.34439076308432
2011-11-30 01:00:00,19.51964112411376
2011-11-30 02:00:00,17.50956036651619
2011-11-30 03:00:00,17.155427756991035
2011-11-30 04:00:00,17.416983970574606
2011-11-30 05:00:00,19.564052822406925
2011-11-30 06:00:00,24.07994704079848
2011-11-30 07:00:00,36.00128841848882
2011-11-30 08:00:00,52.53167095018618
2011-11-30 09:00:00,83.68745527906982
2011-11-30 10:00:00,134.1316919014203
2011-11-30 11:00:00,208.58065656280425
2011-11-30 12:00:00,233.23279689791252
2011-11-30 13:00:00,291.5616464798066
2011-11-30 14:00:00,329.87850605520777
2011-11-30 15:00:00,352.97747051696183
2011-11-30 16:00:00,324.86313122893245
2011-11-30 17:00:00,239.98494269187023
2011-11-30 18:00:00,202.74661562456197
2011-11-30 19:00:00,136.3376806064129
2011-11-30 20:00:00,93.06258590176157
2011-11-30 21:00:00,66.3095789197812
2011-11-30 22:00:00,44.50883702870239
2011-11-30 23:00:00,29.99923830442277
2011-12-20 00:00:00,24.22439784808368
2011-12-20 01:00:00,19.64231543961558
2011-12-20 02:00:00,15.614062187375724
2011-12-20 03:00:00,15.21796640160317
2011-12-20 04:00:00,15.907945188645202
2011-12-20 05:00:00,20.132983105447476
2011-12-20 06:00:00,26.493537532119586
2011-12-20 07:00:00,37.735944315941616
2011-12-20 08:00:00,57.2608383693444
2011-12-20 09:00:00,84.35557078514366
2011-12-20 10:00:00,131.19813544121112
2011-12-20 11:00:00,188.01254933202384
2011-12-20 12:00:00,261.109730860796
2011-12-20 13:00:00,328.3798893004385
2011-12-20 14:00:00,380.43449186199473
2011-12-20 15:00:00,390.8392532060755
2011-12-20 16:00:00,397.9488414232271
2011-12-20 17:00:00,319.761536613572
2011-12-20 18:00:00,237.49730503184722
2011-12-20 19:00:00,171.29482535080817
2011-12-20 20:00:00,113.35928151472706
2011-12-20 21:00:00,72.41215544031989
2011-12-20 22:00:00,45.13957101501577
2011-12-20 23:00:00,31.84140012496187
2011-12-21 00:00:00,21.60473037959319
2011-12-21 01:00:00,18.40893736305144
2011-12-21 02:00:00,16.604385454473142
2011-12-21 03:00:00,16.268560098069628
2011-12-21 04:00:00,17.694165588150952
2011-12-21 05:00:00,19.74847827854156
2011-12-21 06:00:00,24.327795412502095
2011-12-21 07:00:00,32.895216347594605
2011-12-21 08:00:00,29.184541724369616
2011-12-21 09:00:00,75.94598695660687
2011-12-21 10:00:00,126.446272635874
2011-12-21 11:00:00,180.75520194427156
2011-12-21 12:00:00,142.50009600586148
2011-12-21 13:00:00,160.22994353953302
2011-12-21 14:00:00,320.3128721411411
2011-12-21 15:00:00,326.7447293792387
2011-12-21 16:00:00,153.05656365161315
2011-12-21 17:00:00,127.4977273134335
2011-12-21 18:00:00,153.37441384543834
2011-12-21 19:00:00,127.00828335282036
2011-12-21 20:00:00,86.64283607353954
2011-12-21 21:00:00,70.07928650166363
2011-12-21 22:00:00,47.36782173033762
2011-12-21 23:00:00,33.19552315135282
2011-12-22 00:00:00,27.228046090437203
2011-12-22 01:00:00,19.748846239153135
2011-12-22 02:00:00,20.82632038505211
2011-12-22 03:00:00,21.379972224813546
2011-12-22 04:00:00,19.908676781691547
2011-12-22 05:00:00,23.99731756407442
2011-12-22 06:00:00,28.77234997357183
2011-12-22 07:00:00,35.91658669170278
2011-12-22 08:00:00,52.31548464090385
2011-12-22 09:00:00,78.01189195502138
2011-12-22 10:00:00,123.96385266283299
2011-12-22 11:00:00,194.13961234323915
2011-12-22 12:00:00,280.5978791887733
2011-12-22 13:00:00,350.9638992473675
2011-12-22 14:00:00,400.33968541907467
2011-12-22 15:00:00,417.54515874452704
2011-12-22 16:00:00,384.05996450466927
2011-12-22 17:00:00,311.68918348181944
2011-12-22 18:00:00,243.17246223567093
2011-12-22 19:00:00,178.0319265650811
2011-12-22 20:00:00,75.30685487608659
2011-12-22 21:00:00,50.790155762500135
2011-12-22 22:00:00,25.29065119972641
2011-12-22 23:00:00,20.727568932014314
2011-12-23 00:00:00,16.437088816269913
2011-12-23 01:00:00,13.249429109787997
2011-12-23 02:00:00,10.412499567971313
2011-12-23 03:00:00,10.147456975734556
2011-12-23 04:00:00,10.88509373933978
2011-12-23 05:00:00,21.531844611193375
2011-12-23 06:00:00,33.87354369505884
2011-12-23 07:00:00,46.7733409472206
2011-12-23 08:00:00,72.25308334666447
2011-12-23 09:00:00,110.84106134671751
2011-12-23 10:00:00,162.32385004612684
2011-12-23 11:00:00,228.20497555243222
2011-12-23 12:00:00,301.00372113799614
2011-12-23 13:00:00,365.69594371663317
2011-12-23 14:00:00,423.77291451943
2011-12-23 15:00:00,427.0895969055678
2011-12-23 16:00:00,388.13792114693587
2011-12-23 17:00:00,313.85913347930943
2011-12-23 18:00:00,233.9210230631544
2011-12-23 19:00:00,172.78017291360922
2011-12-23 20:00:00,117.08863646028563
2011-12-23 21:00:00,79.75942490652889
2011-12-23 22:00:00,55.63720139348921
2011-12-23 23:00:00,40.22842980906432
2011-12-24 00:00:00,32.77299957121878
2011-12-24 01:00:00,26.345919266845584
2011-12-24 02:00:00,20.695361704374246
2011-12-24 03:00:00,18.337276755088027
2011-12-24 04:00:00,17.972995891881204
2011-12-24 05:00:00,19.827181770324486
2011-12-24 06:00:00,22.780247409247796
2011-12-24 07:00:00,32.623238204226865
2011-12-24 08:00:00,46.271980798679365
2011-12-24 09:00:00,63.46917097794083
2011-12-24 10:00:00,90.24985744715777
2011-12-24 11:00:00,134.48775804872798
2011-12-24 12:00:00,199.60184089563097
2011-12-24 13:00:00,260.8135909105113
2011-12-24 14:00:00,320.6392428804802
2011-12-24 15:00:00,358.65062686482514
2011-12-24 16:00:00,381.6111598187379
2011-12-24 17:00:00,342.47889491063535
2011-12-24 18:00:00,285.8123038446925
2011-12-24 19:00:00,233.93823676283887
2011-12-24 20:00:00,157.99960257934492
2011-12-24 21:00:00,105.0433839611132
2011-12-24 22:00:00,73.14873949931052
2011-12-24 23:00:00,48.403330754234354
2011-12-25 00:00:00,28.51677918814119
2011-12-25 01:00:00,21.416508874325466
2011-12-25 02:00:00,17.76324239399432
2011-12-25 03:00:00,16.839668888760237
2011-12-25 05:00:00,17.005661479343065
2011-12-25 06:00:00,20.686921021361332
2011-12-25 07:00:00,26.791670038166124
2011-12-25 08:00:00,36.24056998110703
2011-12-25 09:00:00,51.047369132764004
2011-12-25 10:00:00,80.63251663449114
2011-12-25 11:00:00,137.96030750674578
2011-12-25 12:00:00,181.16175653649844
2011-12-25 13:00:00,256.4861355016955
2011-12-25 14:00:00,323.7384573401244
2011-12-25 15:00:00,367.3940689598387
2011-12-25 16:00:00,382.28257568142
2011-12-25 17:00:00,333.5890095740561
2011-12-25 18:00:00,264.4335808822718
2011-12-25 19:00:00,206.130101662921
2011-12-25 20:00:00,141.25736935474018
2011-12-25 21:00:00,95.72291669048742
2011-12-25 22:00:00,62.47747752450817
2011-12-25 23:00:00,42.67803041209989
2011-12-26 00:00:00,22.705353589406503
2011-12-26 01:00:00,18.841077377771523
2011-12-26 02:00:00,15.819856752951743
2011-12-26 04:00:00,15.002166602627652
2011-12-26 05:00:00,16.724159488374987
2011-12-26 06:00:00,22.08392322380223
2011-12-26 07:00:00,31.38015645946976
2011-12-26 08:00:00,47.282234930020685
2011-12-26 09:00:00,69.18275900888577
2011-12-26 10:00:00,99.20940002488584
2011-12-26 11:00:00,153.3583210379496
2011-12-26 12:00:00,220.2009818784471
2011-12-26 13:00:00,310.50900828597474
2011-12-26 14:00:00,370.2323210921078
2011-12-26 15:00:00,397.9696438307115
2011-12-26 16:00:00,363.62427763682365
2011-12-26 17:00:00,316.09447175311544
2011-12-26 18:00:00,259.706016866701
2011-12-26 19:00:00,191.91899688617093
2011-12-26 20:00:00,129.0929032192779
2011-12-26 21:00:00,84.08911777811548
2011-12-26 22:00:00,55.07928675576226
2011-12-26 23:00:00,34.96932858421706
2011-12-27 00:00:00,20.787143552863633
2011-12-27 01:00:00,16.882531158492835
2011-12-27 02:00:00,14.795457831717005
2011-12-27 03:00:00,13.442587123584866
2011-12-27 04:00:00,14.585967875545045
2011-12-27 05:00:00,17.178046659320902
2011-12-27 06:00:00,22.59155378686104
2011-12-27 07:00:00,32.569572658698235
2011-12-27 08:00:00,49.4485213431528
2011-12-27 09:00:00,49.66051095896493
2011-12-27 10:00:00,117.42054366935271
2011-12-27 11:00:00,108.09972388839999
2011-12-27 12:00:00,133.09453370931772
2011-12-27 13:00:00,153.15198070930336
2011-12-27 14:00:00,215.407278374179
2011-12-27 15:00:00,221.0139351992167
2011-12-27 16:00:00,193.621068753077
2011-12-27 17:00:00,158.3070757327884
2011-12-27 18:00:00,204.26745339011015
2011-12-27 19:00:00,133.7478052582784
2011-12-27 20:00:00,83.34352100936334
2011-12-27 21:00:00,59.89866449796234
2011-12-27 22:00:00,39.891114139883314
2011-12-27 23:00:00,24.20737668939659
2011-12-28 00:00:00,20.444745843806718
2011-12-28 01:00:00,18.270486645554385
2011-12-28 02:00:00,16.486334035602837
2011-12-28 03:00:00,16.15289628095215
2011-12-28 05:00:00,20.456225962321746
2011-12-28 06:00:00,27.39345418119621
2011-12-28 07:00:00,38.36700338962958
2011-12-28 08:00:00,54.92725566067741
2011-12-28 09:00:00,83.77319527870795
2011-12-28 10:00:00,126.99902362148023
2011-12-28 11:00:00,173.57959236197578
2011-12-28 12:00:00,218.94842964942646
2011-12-28 13:00:00,253.71049874731466
2011-12-28 14:00:00,287.40193708707517
2011-12-28 15:00:00,282.11384682403593
2011-12-28 16:00:00,254.12258369844946
2011-12-28 17:00:00,218.0429863343933
2011-12-28 18:00:00,157.00891528187182
2011-12-28 19:00:00,116.34939985168978
2011-12-28 20:00:00,79.48564099577762
2011-12-28 21:00:00,55.090479996768956
2011-12-28 22:00:00,37.96155103478709
2011-12-28 23:00:00,25.467017651367964
2011-12-29 00:00:00,20.339192991655594
2011-12-29 01:00:00,17.650511360804707
2011-12-29 02:00:00,16.274223105926573
2011-12-29 03:00:00,15.49489463728312
2011-12-29 04:00:00,16.950275688420575
2011-12-29 05:00:00,20.51429219310488
2011-12-29 06:00:00,28.279072182404843
2011-12-29 07:00:00,36.65218944669505
2011-12-29 08:00:00,51.57124852950842
2011-12-29 09:00:00,71.16068476000974
2011-12-29 10:00:00,106.66138068278632
2011-12-29 11:00:00,158.60689080093954
2011-12-29 12:00:00,216.1720592338073
2011-12-29 13:00:00,271.0902210904274
2011-12-29 14:00:00,334.1619907425984
2011-12-29 15:00:00,332.7869130496408
2011-12-29 16:00:00,333.8573570010245
2011-12-29 17:00:00,289.6522916287379
2011-12-29 18:00:00,221.9830606877182
2011-12-29 19:00:00,163.93885938619343
2011-12-29 20:00:00,109.42025906430304
2011-12-29 21:00:00,66.69130424819122
2011-12-29 22:00:00,49.96539796295521
2011-12-29 23:00:00,35.66806027856382
2011-12-30 00:00:00,27.92390547389381
2011-12-30 01:00:00,22.846024979022364
2011-12-30 02:00:00,19.1095224025908
2011-12-30 03:00:00,18.623103428844264
2011-12-30 04:00:00,20.09533787071961
2011-12-30 05:00:00,23.250668061421738
2011-12-30 06:00:00,30.76841304825295
2011-12-30 07:00:00,41.39854186916744
2011-12-30 08:00:00,54.031541179160165
2011-12-30 09:00:00,94.7662702231438
2011-12-30 10:00:00,138.02945859660855
2011-12-30 11:00:00,203.8064735358743
2011-12-30 12:00:00,277.74841435691553
2011-12-30 13:00:00,313.3416279831414
2011-12-30 14:00:00,370.77709675282705
2011-12-30 15:00:00,423.0440827200934
2011-12-30 16:00:00,395.33030333490893
2011-12-30 17:00:00,335.6889426179121
2011-12-30 18:00:00,249.86688728635937
2011-12-30 19:00:00,145.57728879276925
2011-12-30 20:00:00,113.40214633561467
2011-12-30 21:00:00,78.64981312366822
2011-12-30 22:00:00,50.68650925074431
2011-12-30 23:00:00,36.234856900707044
2011-12-31 00:00:00,36.63413566348273
2011-12-31 01:00:00,27.99902575804615
2011-12-31 02:00:00,22.774899242991204
2011-12-31 03:00:00,20.400747201706515
2011-12-31 04:00:00,21.643242184597405
2011-12-31 05:00:00,19.7744079611769
2011-12-31 06:00:00,26.932350402513666
2011-12-31 07:00:00,21.92484189837874
2011-12-31 08:00:00,46.90381477380501
2011-12-31 09:00:00,79.31855886760385
2011-12-31 10:00:00,118.75859585770809
2011-12-31 11:00:00,183.65015507417743
2011-12-31 12:00:00,246.7183730072987
2011-12-31 13:00:00,335.5889117463853
2011-12-31 14:00:00,433.3042205773762
2011-12-31 15:00:00,469.12298640866373
2011-12-31 16:00:00,478.4780945102516
2011-12-31 17:00:00,435.05940209772666
2011-12-31 18:00:00,358.5442827738704
2011-12-31 19:00:00,270.03235554156396
2011-12-31 20:00:00,191.17300079511992
2011-12-31 21:00:00,129.3608875935597
2011-12-31 22:00:00,85.54536170565893
2011-12-31 23:00:00,57.56601716561928
2012-01-20 00:00:00,18.876821167237303
2012-01-20 01:00:00,17.915620592813248
2012-01-20 02:00:00,15.811394618674482
2012-01-20 03:00:00,15.525753135813943
2012-01-20 04:00:00,16.86861258020275
2012-01-20 05:00:00,20.012990071176798
2012-01-20 06:00:00,24.750283296809105
2012-01-20 07:00:00,33.914400504289205
2012-01-20 08:00:00,49.375339913208585
2012-01-20 09:00:00,66.99034041518081
2012-01-20 10:00:00,87.92910106207441
2012-01-20 11:00:00,103.53757652667332
2012-01-20 12:00:00,142.92487364403883
2012-01-20 13:00:00,196.44091450653372
2012-01-20 14:00:00,210.51754958900895
2012-01-20 15:00:00,220.49529632854507
2012-01-20 16:00:00,206.73038959955
2012-01-20 17:00:00,172.08001877470943
2012-01-20 18:00:00,132.33512491884548
2012-01-20 19:00:00,99.89293047516063
2012-01-20 20:00:00,66.4752899721448
2012-01-20 21:00:00,47.08103211278627
2012-01-20 22:00:00,30.935356129489264
2012-01-20 23:00:00,15.755472499743396
2012-01-21 00:00:00,14.668387746064129
2012-01-21 01:00:00,19.300385430322848
2012-01-21 02:00:00,8.41172483421582
2012-01-21 03:00:00,6.541144115770828
2012-01-21 04:00:00,7.264735797109165
2012-01-21 05:00:00,7.885092610708839
2012-01-21 06:00:00,8.570385646981789
2012-01-21 07:00:00,11.341390125041421
2012-01-21 08:00:00,24.820393882947773
2012-01-21 09:00:00,36.551038432843676
2012-01-21 10:00:00,34.74237797638875
2012-01-21 11:00:00,94.70380093410277
2012-01-21 12:00:00,142.82228750080893
2012-01-21 13:00:00,187.00614406227723
2012-01-21 14:00:00,146.40142437802024
2012-01-21 15:00:00,163.43899839908286
2012-01-21 16:00:00,254.04468922130465
2012-01-21 17:00:00,229.87324547250586
2012-01-21 18:00:00,196.2754769876699
2012-01-21 19:00:00,139.12653220275578
2012-01-21 20:00:00,99.90050272009098
2012-01-21 21:00:00,77.34962087388497
2012-01-21 22:00:00,47.40118413672555
2012-01-21 23:00:00,30.365190557571424
2012-01-22 00:00:00,20.492060632523074
2012-01-22 01:00:00,14.972243477973135
2012-01-22 02:00:00,12.277109279903087
2012-01-22 03:00:00,11.319229706577781
2012-01-22 04:00:00,6.569328182807712
2012-01-22 05:00:00,7.683287779130615
2012-01-22 06:00:00,14.703723680964247
2012-01-22 07:00:00,19.415595210010313
2012-01-22 08:00:00,27.306625621952996
2012-01-22 09:00:00,39.965510345763185
2012-01-22 10:00:00,58.59163537164944
2012-01-22 11:00:00,52.81096358193146
2012-01-22 12:00:00,117.13870455219165
2012-01-22 13:00:00,159.68289309174733
2012-01-22 14:00:00,191.88348039119288
2012-01-22 15:00:00,210.01879003816734
2012-01-22 16:00:00,210.36521349542576
2012-01-22 17:00:00,196.06095608002045
2012-01-22 18:00:00,96.26938199180756
2012-01-22 19:00:00,72.90625790420884
2012-01-22 20:00:00,50.97913856882542
2012-01-22 21:00:00,35.41849908829691
2012-01-22 22:00:00,34.674840487069666
2012-01-22 23:00:00,23.29019336326661
2012-01-23 00:00:00,13.760031688624737
2012-01-23 01:00:00,10.41018046480131
2012-01-23 02:00:00,9.141763524053815
2012-01-23 03:00:00,9.401130943276028
2012-01-23 04:00:00,11.111439829993733
2012-01-23 05:00:00,12.60405852108605
2012-01-23 06:00:00,16.64574083636291
2012-01-23 07:00:00,15.000856701221966
2012-01-23 08:00:00,20.746835620117146
2012-01-23 09:00:00,50.49976040748073
2012-01-23 10:00:00,72.67261779145737
2012-01-23 11:00:00,100.10874057689858
2012-01-23 12:00:00,146.7106085146961
2012-01-23 13:00:00,113.2518224974778
2012-01-23 14:00:00,123.56790675205222
2012-01-23 15:00:00,173.03517581567746
2012-01-23 16:00:00,186.20180480770856
2012-01-23 17:00:00,150.22276454957355
2012-01-23 18:00:00,116.94880661981664
2012-01-23 19:00:00,83.99322686409745
2012-01-23 20:00:00,50.0877962649503
2012-01-23 21:00:00,32.280337758031905
2012-01-23 22:00:00,21.464317173095306
2012-01-23 23:00:00,17.00509324416596
2012-01-24 00:00:00,11.732348152317204
2012-01-24 01:00:00,10.754822481558119
2012-01-24 02:00:00,9.433208069475493
2012-01-24 03:00:00,9.620269741497054
2012-01-24 04:00:00,9.088618805543778
2012-01-24 05:00:00,10.932586875023443
2012-01-24 06:00:00,16.15314781172705
2012-01-24 07:00:00,23.361909332040007
2012-01-24 08:00:00,34.615677580468066
2012-01-24 09:00:00,57.07965549653813
2012-01-24 10:00:00,87.15225290128582
2012-01-24 11:00:00,137.01520369848004
2012-01-24 12:00:00,186.73030016113154
2012-01-24 13:00:00,234.83795526808765
2012-01-24 14:00:00,291.5023214620436
2012-01-24 15:00:00,314.1979146910727
2012-01-24 16:00:00,320.33158751555055
2012-01-24 17:00:00,275.38774822312985
2012-01-24 18:00:00,206.4889893436417
2012-01-24 19:00:00,146.24711156173308
2012-01-24 20:00:00,88.2807748556965
2012-01-24 21:00:00,62.494836914593925
2012-01-24 22:00:00,37.325914441876364
2012-01-24 23:00:00,26.808603526228993
2012-01-25 00:00:00,15.866235667389947
2012-01-25 01:00:00,15.279085881792568
2012-01-25 02:00:00,13.243084049148042
2012-01-25 03:00:00,12.404924073317005
2012-01-25 04:00:00,13.534808034207057
2012-01-25 05:00:00,16.24806379730431
2012-01-25 06:00:00,20.626463687209178
2012-01-25 07:00:00,28.557125806007488
2012-01-25 08:00:00,42.862989113706654
2012-01-25 09:00:00,63.99575500047711
2012-01-25 10:00:00,85.5545032358378
2012-01-25 11:00:00,131.3440795452608
2012-01-25 12:00:00,208.8043885409812
2012-01-25 13:00:00,253.58737296002022
2012-01-25 14:00:00,293.74074340447936
2012-01-25 15:00:00,309.43400433039
2012-01-25 16:00:00,275.3643836040841
2012-01-25 17:00:00,234.24216191038414
2012-01-25 18:00:00,179.2341085907062
2012-01-25 19:00:00,120.12148213423143
2012-01-25 20:00:00,85.51804334829947
2012-01-25 21:00:00,59.56368735816913
2012-01-25 22:00:00,38.85150590924466
2012-01-25 23:00:00,24.928147590693264
2012-01-26 00:00:00,19.14063057562343
2012-01-26 01:00:00,16.197682535209253
2012-01-26 02:00:00,13.108183941341737
2012-01-26 03:00:00,13.297111835060518
2012-01-26 04:00:00,16.364262304244775
2012-01-26 05:00:00,17.291087941693917
2012-01-26 06:00:00,21.648085965971752
2012-01-26 07:00:00,28.953593060998735
2012-01-26 08:00:00,42.02173319117427
2012-01-26 09:00:00,65.88734952890917
2012-01-26 10:00:00,91.64401865618584
2012-01-26 11:00:00,125.42689061493904
2012-01-26 12:00:00,184.30436690614397
2012-01-26 13:00:00,272.0813942934393
2012-01-26 14:00:00,311.6571190781746
2012-01-26 15:00:00,327.2472256015115
2012-01-26 16:00:00,299.26881892648873
2012-01-26 17:00:00,260.61030053079674
2012-01-26 18:00:00,201.59346587675532
2012-01-26 19:00:00,136.9941018645146
2012-01-26 20:00:00,89.64591652372793
2012-01-26 21:00:00,63.66128628060409
2012-01-26 22:00:00,44.54442591673681
2012-01-26 23:00:00,29.183346027017425
2012-01-27 00:00:00,23.100997954034042
2012-01-27 01:00:00,17.627409367849225
2012-01-27 02:00:00,15.909820364291052
2012-01-27 03:00:00,13.955104066980518
2012-01-27 04:00:00,13.296454522595075
2012-01-27 05:00:00,17.830376679447504
2012-01-27 06:00:00,20.716324668007612
2012-01-27 07:00:00,28.600145094685978
2012-01-27 08:00:00,33.789057628159114
2012-01-27 09:00:00,49.73205800271557
2012-01-27 10:00:00,59.464063462501855
2012-01-27 11:00:00,147.29740060955365
2012-01-27 12:00:00,217.58226879637397
2012-01-27 13:00:00,347.8428161643814
2012-01-27 14:00:00,389.1301181727431
2012-01-27 15:00:00,387.7594405249558
2012-01-27 16:00:00,347.5805918276023
2012-01-27 17:00:00,286.09063819874984
2012-01-27 18:00:00,217.96237071182213
2012-01-27 19:00:00,143.10849028059303
2012-01-27 20:00:00,96.7949291162131
2012-01-27 21:00:00,64.24944121669952
2012-01-27 22:00:00,43.89173211524183
2012-01-27 23:00:00,30.35295723580692
2012-01-28 00:00:00,28.866004123445844
2012-01-28 01:00:00,22.157097958546114
2012-01-28 02:00:00,18.85172825116777
2012-01-28 03:00:00,16.31187375511474
2012-01-28 04:00:00,15.510478401742812
2012-01-28 05:00:00,16.552779410915154
2012-01-28 06:00:00,21.79670095184504
2012-01-28 07:00:00,27.559036432473278
2012-01-28 08:00:00,34.892520234983344
2012-01-28 09:00:00,55.19699598440579
2012-01-28 10:00:00,86.46121995774928
2012-01-28 11:00:00,133.4237310740125
2012-01-28 12:00:00,186.79434143412146
2012-01-28 13:00:00,258.2384653254275
2012-01-28 14:00:00,339.40765695263997
2012-01-28 15:00:00,378.35014222406966
2012-01-28 16:00:00,377.362872633292
2012-01-28 17:00:00,341.88430571108677
2012-01-28 18:00:00,273.5634592989134
2012-01-28 19:00:00,185.8339560738177
2012-01-28 20:00:00,132.7873511756938
2012-01-28 21:00:00,74.28533066684972
2012-01-28 22:00:00,54.009857943686
2012-01-28 23:00:00,34.18731732131634
2012-01-29 00:00:00,20.874525545219317
2012-01-29 01:00:00,14.189967138917439
2012-01-29 02:00:00,11.002049518286126
2012-01-29 03:00:00,10.321617936108417
2012-01-29 04:00:00,10.867767923062639
2012-01-29 05:00:00,14.179774183575235
2012-01-29 06:00:00,15.97011493823339
2012-01-29 07:00:00,19.935777377969274
2012-01-29 08:00:00,28.620145249672266
2012-01-29 09:00:00,43.26622898732663
2012-01-29 10:00:00,61.44203141675283
2012-01-29 11:00:00,83.46791969060797
2012-01-29 12:00:00,118.15368035132006
2012-01-29 13:00:00,156.3806041394861
2012-01-29 14:00:00,190.61613100583622
2012-01-29 15:00:00,216.2182525952497
2012-01-29 16:00:00,199.21395787403335
2012-01-29 17:00:00,180.1515775542971
2012-01-29 18:00:00,148.17701470898592
2012-01-29 19:00:00,125.83269887499138
2012-01-29 20:00:00,101.51426965539616
2012-01-29 21:00:00,63.82469600978858
2012-01-29 22:00:00,38.12441325011657
2012-01-29 23:00:00,28.735709659207913
2012-01-30 00:00:00,11.629534552457088
2012-01-30 01:00:00,13.325148311458625
2012-01-30 02:00:00,10.903588090152153
2012-01-30 03:00:00,10.890574894634145
2012-01-30 04:00:00,11.921995063567849
2012-01-30 05:00:00,14.391687144660947
2012-01-30 06:00:00,17.92968995850999
2012-01-30 07:00:00,25.40011784047897
2012-01-30 08:00:00,38.18194043596327
2012-01-30 09:00:00,57.89729317582332
2012-01-30 10:00:00,83.46795398711492
2012-01-30 11:00:00,126.20376896976919
2012-01-30 12:00:00,155.57218711379997
2012-01-30 13:00:00,199.8388262900478
2012-01-30 14:00:00,214.22024857105478
2012-01-30 15:00:00,214.13914304533355
2012-01-30 16:00:00,204.68174747664634
2012-01-30 17:00:00,159.6941206112933
2012-01-30 18:00:00,123.55989697918704
2012-01-30 19:00:00,118.05916072761501
2012-01-30 20:00:00,72.81032314032133
2012-01-30 21:00:00,49.672606014063845
2012-01-30 22:00:00,33.38731093327879
2012-01-30 23:00:00,23.813593469481262
2012-01-31 00:00:00,17.62646753752688
2012-01-31 01:00:00,12.925470560117418
2012-01-31 02:00:00,11.584623151240056
2012-01-31 03:00:00,11.62662798626269
2012-01-31 04:00:00,13.046526227999745
2012-01-31 05:00:00,15.693504640977778
2012-01-31 06:00:00,20.63527633509821
2012-01-31 07:00:00,29.337333531967673
2012-01-31 08:00:00,44.519635199488526
2012-01-31 09:00:00,66.63287200726124
2012-01-31 10:00:00,96.34103094054915
2012-01-31 11:00:00,148.22945562586426
2012-01-31 12:00:00,216.7252397632309
2012-01-31 13:00:00,264.6282986164461
2012-01-31 14:00:00,278.0921654461991
2012-01-31 15:00:00,275.70185578208543
2012-01-31 16:00:00,253.91515280243024
2012-01-31 17:00:00,211.18890859853158
2012-01-31 18:00:00,154.60342390106723
2012-01-31 19:00:00,117.61463457639773
2012-01-31 20:00:00,98.00459474453886
2012-01-31 21:00:00,54.41086187090372
2012-01-31 22:00:00,36.72150236789043
2012-01-31 23:00:00,26.394226768452462
2012-02-20 00:00:00,19.750353550890175
2012-02-20 01:00:00,15.067722058939124
2012-02-20 02:00:00,12.628866939763824
2012-02-20 03:00:00,12.037456147363086
2012-02-20 05:00:00,15.472959495290699
2012-02-20 06:00:00,20.932681668940013
2012-02-20 07:00:00,26.69245378928489
2012-02-20 08:00:00,43.250551683745364
2012-02-20 09:00:00,65.7691723408671
2012-02-20 10:00:00,100.63023061426573
2012-02-20 11:00:00,149.22010007253914
2012-02-20 12:00:00,218.71699524283682
2012-02-20 13:00:00,283.71716894871724
2012-02-20 14:00:00,329.12388123937666
2012-02-20 15:00:00,343.008574201768
2012-02-20 16:00:00,332.1738957525985
2012-02-20 17:00:00,280.22937252800534
2012-02-20 18:00:00,221.91692496232213
2012-02-20 19:00:00,159.9019841534209
2012-02-20 20:00:00,111.03427236835532
2012-02-20 21:00:00,74.92865322827954
2012-02-20 22:00:00,53.59927301441334
2012-02-20 23:00:00,34.985910422854964
2012-02-21 00:00:00,23.499461834430107
2012-02-21 01:00:00,18.5009356770057
2012-02-21 02:00:00,16.033380987500365
2012-02-21 04:00:00,16.645769435769086
2012-02-21 05:00:00,19.437985763751726
2012-02-21 06:00:00,24.858588068492832
2012-02-21 07:00:00,37.228358641958096
2012-02-21 08:00:00,50.850768134862214
2012-02-21 09:00:00,74.68878818091436
2012-02-21 10:00:00,114.53844035272117
2012-02-21 11:00:00,152.59637817589066
2012-02-21 12:00:00,216.62375427571652
2012-02-21 13:00:00,302.51980709063207
2012-02-21 14:00:00,313.36160443911155
2012-02-21 15:00:00,354.17854540116593
2012-02-21 16:00:00,332.37132278085886
2012-02-21 17:00:00,282.1308271973948
2012-02-21 18:00:00,214.39700797240556
2012-02-21 19:00:00,148.95542931552177
2012-02-21 20:00:00,103.29597837829958
2012-02-21 21:00:00,71.56305791137312
2012-02-21 22:00:00,42.33497376270597
2012-02-21 23:00:00,31.392708044469117
2012-02-22 00:00:00,23.909626366661087
2012-02-22 01:00:00,19.89816002494197
2012-02-22 02:00:00,17.324882512981073
2012-02-22 03:00:00,15.15117433067364
2012-02-22 04:00:00,18.642046629715274
2012-02-22 05:00:00,22.5339948080695
2012-02-22 06:00:00,27.89724687232786
2012-02-22 07:00:00,40.0533143286935
2012-02-22 08:00:00,57.84017533684628
2012-02-22 09:00:00,90.42391693347872
2012-02-22 10:00:00,136.1722741065222
2012-02-22 11:00:00,196.81732284571788
2012-02-22 12:00:00,286.79612762912757
2012-02-22 13:00:00,356.2299621883544
2012-02-22 14:00:00,409.76709802500153
2012-02-22 15:00:00,344.38197733901984
2012-02-22 16:00:00,309.6410579381889
2012-02-22 17:00:00,271.27175444739845
2012-02-22 18:00:00,206.46921389847887
2012-02-22 19:00:00,149.95989751248942
2012-02-22 20:00:00,103.6874627375826
2012-02-22 21:00:00,60.75803296202231
2012-02-22 22:00:00,46.8211969312147
2012-02-22 23:00:00,31.40878963726089
2012-02-23 00:00:00,27.628484104224235
2012-02-23 01:00:00,23.372118964458668
2012-02-23 02:00:00,20.634021961299556
2012-02-23 03:00:00,12.671805937461032
2012-02-23 04:00:00,21.939651456221597
2012-02-23 05:00:00,26.01338324303662
2012-02-23 06:00:00,27.969673486221733
2012-02-23 07:00:00,41.31300987622211
2012-02-23 08:00:00,55.05739249547799
2012-02-23 09:00:00,86.98435791022806
2012-02-23 10:00:00,156.87813371253714
2012-02-23 11:00:00,223.01135370246982
2012-02-23 12:00:00,289.27360971464304
2012-02-23 13:00:00,354.4256354074239
2012-02-23 14:00:00,397.4615246792891
2012-02-23 15:00:00,389.01458766223436
2012-02-23 16:00:00,365.1908087085539
2012-02-23 17:00:00,300.1741408849821
2012-02-23 18:00:00,249.80989553859354
2012-02-23 19:00:00,181.46618717905477
2012-02-23 20:00:00,128.00360344150434
2012-02-23 21:00:00,89.39065778176096
2012-02-23 22:00:00,61.517310141689414
2012-02-23 23:00:00,43.97082246827828
2012-02-24 00:00:00,32.13029419180151
2012-02-24 01:00:00,28.646677521138308
2012-02-24 02:00:00,13.525947474839517
2012-02-24 03:00:00,22.071853337026468
2012-02-24 04:00:00,22.102329123937775
2012-02-24 05:00:00,23.661648758512243
2012-02-24 06:00:00,30.570341340728685
2012-02-24 07:00:00,46.780693037394286
2012-02-24 08:00:00,66.05540920222911
2012-02-24 09:00:00,54.80633000586588
2012-02-24 10:00:00,82.07962765512052
2012-02-24 11:00:00,187.14566501604097
2012-02-24 12:00:00,276.21852972380225
2012-02-24 13:00:00,359.2713412102356
2012-02-24 14:00:00,426.26851143570514
2012-02-24 15:00:00,227.31546584859126
2012-02-24 16:00:00,210.86269435732174
2012-02-24 17:00:00,164.51367413875775
2012-02-24 18:00:00,203.54658787418592
2012-02-24 19:00:00,161.26828722779734
2012-02-24 20:00:00,144.18554929548415
2012-02-24 21:00:00,78.87198434987535
2012-02-24 22:00:00,54.55473806388588
2012-02-24 23:00:00,37.76487336576448
2012-02-25 00:00:00,34.87286248760496
2012-02-25 01:00:00,24.80763315215404
2012-02-25 02:00:00,20.828160930119115
2012-02-25 03:00:00,17.8842729156401
2012-02-25 04:00:00,17.249675362032526
2012-02-25 05:00:00,17.22361805940416
2012-02-25 06:00:00,20.94959623439604
2012-02-25 07:00:00,30.26265171338807
2012-02-25 08:00:00,43.13553407069064
2012-02-25 09:00:00,35.8470288978478
2012-02-25 10:00:00,100.03303608095949
2012-02-25 11:00:00,132.80352238317454
2012-02-25 12:00:00,166.26999281616108
2012-02-25 13:00:00,234.69418525224143
2012-02-25 14:00:00,273.19723672850216
2012-02-25 15:00:00,311.9079718282404
2012-02-25 16:00:00,290.6980826000242
2012-02-25 17:00:00,297.62587568215986
2012-02-25 18:00:00,220.25055554110318
2012-02-25 19:00:00,171.23269428238015
2012-02-25 20:00:00,115.41488158060956
2012-02-25 21:00:00,84.94322336707096
2012-02-25 22:00:00,58.0250277127002
2012-02-25 23:00:00,40.72242761623409
2012-02-26 00:00:00,25.593876479008898
2012-02-26 01:00:00,19.95512970287265
2012-02-26 02:00:00,16.357332144327195
2012-02-26 03:00:00,14.603226663128206
2012-02-26 04:00:00,14.57917848432665
2012-02-26 05:00:00,16.320803969354603
2012-02-26 06:00:00,19.479804941004446
2012-02-26 07:00:00,26.758194687264847
2012-02-26 08:00:00,38.25541014481251
2012-02-26 09:00:00,55.39930563006059
2012-02-26 10:00:00,82.24580907253512
2012-02-26 11:00:00,120.03689007025056
2012-02-26 12:00:00,176.51571163739553
2012-02-26 13:00:00,238.33119101960912
2012-02-26 14:00:00,275.6375711491992
2012-02-26 15:00:00,295.7577541410378
2012-02-26 16:00:00,298.4925118427058
2012-02-26 17:00:00,275.8823274753133
2012-02-26 18:00:00,230.20736043764077
2012-02-26 19:00:00,173.70928741873385
2012-02-26 20:00:00,133.75406373587813
2012-02-26 21:00:00,92.26875654800648
2012-02-26 22:00:00,58.94244832686928
2012-02-26 23:00:00,42.69381260211548
2012-02-27 00:00:00,20.834277472003887
2012-02-27 01:00:00,16.931415662251474
2012-02-27 02:00:00,14.11393844520134
2012-02-27 03:00:00,13.757192166933587
2012-02-27 04:00:00,14.18468535897348
2012-02-27 05:00:00,17.12310337685261
2012-02-27 06:00:00,23.981159802140876
2012-02-27 07:00:00,34.43516351280395
2012-02-27 08:00:00,53.17214041664957
2012-02-27 09:00:00,80.6663515847444
2012-02-27 10:00:00,119.09462952772239
2012-02-27 11:00:00,176.773292874538
2012-02-27 12:00:00,248.53146784559232
2012-02-27 13:00:00,334.7210841101176
2012-02-27 14:00:00,369.3517086522442
2012-02-27 15:00:00,327.4246536015817
2012-02-27 16:00:00,309.2295761702953
2012-02-27 17:00:00,246.51137240611874
2012-02-27 18:00:00,195.71920432781974
2012-02-27 19:00:00,141.43111069477715
2012-02-27 20:00:00,100.24062666263674
2012-02-27 21:00:00,68.11581535322294
2012-02-27 22:00:00,48.93122226083015
2012-02-27 23:00:00,34.88400026844758
2012-02-28 00:00:00,26.664632360176455
2012-02-28 01:00:00,20.79468388585173
2012-02-28 02:00:00,18.277420119635096
2012-02-28 03:00:00,14.171585553200693
2012-02-28 04:00:00,14.89793384259527
2012-02-28 05:00:00,17.920539905709017
2012-02-28 06:00:00,23.805236103291875
2012-02-28 07:00:00,32.994373220183114
2012-02-28 08:00:00,49.168510054143134
2012-02-28 09:00:00,73.8654317332661
2012-02-28 10:00:00,110.00732253926749
2012-02-28 11:00:00,158.03569956093344
2012-02-28 12:00:00,219.55441343006177
2012-02-28 13:00:00,273.89653386303786
2012-02-28 14:00:00,310.1544168348428
2012-02-28 15:00:00,312.7562276349234
2012-02-28 16:00:00,298.71041602659966
2012-02-28 17:00:00,239.45827364634704
2012-02-28 18:00:00,187.98360527379677
2012-02-28 19:00:00,130.5966223962883
2012-02-28 20:00:00,91.38380029744276
2012-02-28 21:00:00,68.33100506343014
2012-02-28 22:00:00,45.506856373583524
2012-02-28 23:00:00,30.741372224794492
2012-02-29 00:00:00,24.5384133060487
2012-02-29 01:00:00,19.26620085021597
2012-02-29 02:00:00,16.50280170394137
2012-02-29 03:00:00,16.56516171775021
2012-02-29 05:00:00,20.660641803711542
2012-02-29 06:00:00,24.966867371781376
2012-02-29 07:00:00,31.937428761590294
2012-02-29 08:00:00,50.131653869005596
2012-02-29 09:00:00,46.21193765505493
2012-02-29 10:00:00,68.42082783326792
2012-02-29 11:00:00,89.65069935483574
2012-02-29 12:00:00,112.98904752085787
2012-02-29 13:00:00,230.40977397096057
2012-02-29 14:00:00,260.69009053741524
2012-02-29 15:00:00,338.7304531605756
2012-02-29 16:00:00,198.2844115525195
2012-02-29 17:00:00,246.28094041497596
2012-02-29 18:00:00,121.77635259990328
2012-02-29 19:00:00,134.7623879459085
2012-02-29 20:00:00,58.619260343174375
2012-02-29 21:00:00,39.26192788762766
2012-02-29 22:00:00,24.245207735809654
2012-02-29 23:00:00,16.96059706442518
2012-03-20 00:00:00,28.612174057747243
2012-03-20 01:00:00,22.810135912592326
2012-03-20 02:00:00,19.713859545981425
2012-03-20 03:00:00,17.622977933471645
2012-03-20 04:00:00,18.636703142086418
2012-03-20 05:00:00,20.897520046531433
2012-03-20 06:00:00,27.01506315447459
2012-03-20 07:00:00,24.212941415352205
2012-03-20 08:00:00,61.85797584103326
2012-03-20 09:00:00,94.23730189006365
2012-03-20 10:00:00,156.2664840992042
2012-03-20 11:00:00,244.07320549399253
2012-03-20 12:00:00,348.8940855242743
2012-03-20 13:00:00,439.5699333835784
2012-03-20 14:00:00,468.79033366471543
2012-03-20 15:00:00,488.8293514434311
2012-03-20 16:00:00,498.93828887175306
2012-03-20 17:00:00,406.6903215056632
2012-03-20 18:00:00,313.78804857861826
2012-03-20 19:00:00,218.3732466516478
2012-03-20 20:00:00,150.73669453610242
2012-03-20 21:00:00,98.45079413319857
2012-03-20 22:00:00,63.429434264069364
2012-03-20 23:00:00,41.084104017608304
2012-03-21 00:00:00,29.520976288288203
2012-03-21 01:00:00,24.81141694500082
2012-03-21 02:00:00,20.39683907331856
2012-03-21 03:00:00,18.032814885310426
2012-03-21 04:00:00,19.660294078850814
2012-03-21 05:00:00,23.60149561483213
2012-03-21 06:00:00,27.855206062496528
2012-03-21 07:00:00,24.82304816133819
2012-03-21 08:00:00,36.51182231377205
2012-03-21 09:00:00,94.49378140161495
2012-03-21 10:00:00,150.0362921955743
2012-03-21 11:00:00,214.47718251749055
2012-03-21 12:00:00,313.18870108354633
2012-03-21 13:00:00,369.39310642086235
2012-03-21 14:00:00,440.8816193086255
2012-03-21 15:00:00,449.982561619657
2012-03-21 16:00:00,475.44417303452536
2012-03-21 17:00:00,398.8900144642845
2012-03-21 18:00:00,309.0933827135807
2012-03-21 19:00:00,222.02507855762516
2012-03-21 20:00:00,139.93807183411116
2012-03-21 21:00:00,88.76536979678335
2012-03-21 22:00:00,59.189112806737484
2012-03-21 23:00:00,44.8871707866672
2012-03-22 00:00:00,35.06145198594699
2012-03-22 01:00:00,28.03767823621185
2012-03-22 02:00:00,24.579658819792563
2012-03-22 03:00:00,23.8356548466998
2012-03-22 04:00:00,17.60592272431849
2012-03-22 05:00:00,20.874972243239917
2012-03-22 06:00:00,26.98615635294793
2012-03-22 07:00:00,37.37701342234611
2012-03-22 08:00:00,61.056386025562
2012-03-22 09:00:00,90.5286532923007
2012-03-22 10:00:00,120.1828239798465
2012-03-22 11:00:00,195.6134031431307
2012-03-22 12:00:00,285.46554631928433
2012-03-22 13:00:00,446.12891320408164
2012-03-22 14:00:00,527.4627876547806
2012-03-22 15:00:00,548.987959540941
2012-03-22 16:00:00,515.2599889351922
2012-03-22 17:00:00,432.22933700485356
2012-03-22 18:00:00,334.34829675937453
2012-03-22 19:00:00,245.89789664999125
2012-03-22 20:00:00,163.1543063672179
2012-03-22 21:00:00,106.45135019459626
2012-03-22 22:00:00,68.49370624260746
2012-03-22 23:00:00,48.19366762127173
2012-03-23 00:00:00,39.49228630829231
2012-03-23 01:00:00,29.79466912227233
2012-03-23 02:00:00,25.93163048803064
2012-03-23 03:00:00,24.99826857885935
2012-03-23 04:00:00,22.091978589354397
2012-03-23 05:00:00,26.602859282357674
2012-03-23 06:00:00,37.44191549620071
2012-03-23 07:00:00,47.33188564562522
2012-03-23 08:00:00,67.23063133353524
2012-03-23 09:00:00,106.55971235817027
2012-03-23 10:00:00,162.79829496565327
2012-03-23 11:00:00,266.8256238692584
2012-03-23 12:00:00,361.2142637554319
2012-03-23 13:00:00,423.5935596675292
2012-03-23 14:00:00,448.00281334789
2012-03-23 15:00:00,458.9722402720247
2012-03-23 16:00:00,425.1966048492173
2012-03-23 17:00:00,358.391063609679
2012-03-23 18:00:00,320.1291692729108
2012-03-23 19:00:00,243.21345275437878
2012-03-23 20:00:00,165.3412976492878
2012-03-23 21:00:00,116.96033868726704
2012-03-23 22:00:00,81.8685813162227
2012-03-23 23:00:00,57.52432446587261
2012-03-24 00:00:00,54.61472816985586
2012-03-24 01:00:00,39.31369745183112
2012-03-24 02:00:00,30.906939278135425
2012-03-24 03:00:00,27.68506891137065
2012-03-24 04:00:00,25.860619091559744
2012-03-24 05:00:00,25.705482990833033
2012-03-24 06:00:00,31.266339500256933
2012-03-24 07:00:00,38.63237549807982
2012-03-24 08:00:00,49.91632162590249
2012-03-24 09:00:00,86.17685899429613
2012-03-24 10:00:00,121.28183543269998
2012-03-24 11:00:00,162.3856570715031
2012-03-24 12:00:00,148.28301652128678
2012-03-24 13:00:00,197.77738536140592
2012-03-24 14:00:00,264.5420778323441
2012-03-24 15:00:00,267.37427730602076
2012-03-24 16:00:00,269.6488393164706
2012-03-24 17:00:00,267.0884729039635
2012-03-24 18:00:00,195.80431640354624
2012-03-24 19:00:00,148.46271828492848
2012-03-24 20:00:00,92.90484994029141
2012-03-24 21:00:00,63.088083622875814
2012-03-24 22:00:00,42.1142171460243
2012-03-24 23:00:00,49.77685032887089
2012-03-25 00:00:00,30.742349144963935
2012-03-25 01:00:00,20.570186348823945
2012-03-25 02:00:00,10.706290587670233
2012-03-25 03:00:00,10.720117421684584
2012-03-25 04:00:00,16.825910997255082
2012-03-25 05:00:00,16.47962948336245
2012-03-25 06:00:00,20.047017518120438
2012-03-25 07:00:00,29.35187340374151
2012-03-25 08:00:00,41.2812797995341
2012-03-25 09:00:00,60.52471850873474
2012-03-25 10:00:00,99.03023190103606
2012-03-25 11:00:00,131.572469531746
2012-03-25 12:00:00,185.50834272645488
2012-03-25 13:00:00,273.2093036009557
2012-03-25 14:00:00,339.08116659575796
2012-03-25 15:00:00,375.74223539619555
2012-03-25 16:00:00,488.6822182367847
2012-03-25 17:00:00,455.1293610200304
2012-03-25 18:00:00,374.1386083905025
2012-03-25 19:00:00,281.4340469095698
2012-03-25 20:00:00,191.77303996107287
2012-03-25 21:00:00,131.29975013255608
2012-03-25 22:00:00,83.62659840348488
2012-03-25 23:00:00,57.93694720321409
2012-03-26 00:00:00,25.867641875373636
2012-03-26 01:00:00,22.70076510729483
2012-03-26 02:00:00,18.361085625670466
2012-03-26 03:00:00,19.23182582701973
2012-03-26 04:00:00,20.641448918954346
2012-03-26 05:00:00,26.01036177374233
2012-03-26 06:00:00,32.31107822687052
2012-03-26 07:00:00,50.13706226719666
2012-03-26 08:00:00,76.10383524858786
2012-03-26 09:00:00,109.980913799018
2012-03-26 10:00:00,150.3007262683261
2012-03-26 11:00:00,199.75795822918192
2012-03-26 12:00:00,281.39073684727407
2012-03-26 13:00:00,330.728169692784
2012-03-26 14:00:00,402.93959446388504
2012-03-26 15:00:00,385.67618650605846
2012-03-26 16:00:00,329.0987868623781
2012-03-26 17:00:00,264.1197802015771
2012-03-26 18:00:00,204.53621787140173
2012-03-26 19:00:00,136.67863693069378
2012-03-26 20:00:00,93.61392270633176
2012-03-26 21:00:00,59.458649769647806
2012-03-26 22:00:00,36.522706750565305
2012-03-26 23:00:00,23.58574535802904
2012-03-27 00:00:00,17.954614001669995
2012-03-27 01:00:00,13.998719900814422
2012-03-27 02:00:00,12.466602425081708
2012-03-27 03:00:00,12.142433627218285
2012-03-27 04:00:00,13.371153527656176
2012-03-27 05:00:00,17.308962011884585
2012-03-27 06:00:00,23.241532918625833
2012-03-27 07:00:00,32.8380918139875
2012-03-27 08:00:00,47.66824582793021
2012-03-27 09:00:00,74.55785585292345
2012-03-27 10:00:00,111.59718851442688
2012-03-27 11:00:00,162.2042489499008
2012-03-27 12:00:00,226.05243900865997
2012-03-27 13:00:00,281.74959875355665
2012-03-27 14:00:00,323.5057780116053
2012-03-27 15:00:00,316.2456906665436
2012-03-27 16:00:00,291.2551046887917
2012-03-27 17:00:00,224.88021717249475
2012-03-27 18:00:00,169.60134224898658
2012-03-27 19:00:00,121.72035344471247
2012-03-27 20:00:00,81.0124260847886
2012-03-27 21:00:00,69.60678828799989
2012-03-27 22:00:00,46.417101760986036
2012-03-27 23:00:00,31.941850922634853
2012-03-28 00:00:00,24.65707132511493
2012-03-28 01:00:00,21.04736036279923
2012-03-28 02:00:00,18.25667337734673
2012-03-28 03:00:00,16.81354270646175
2012-03-28 04:00:00,19.28033208305239
2012-03-28 05:00:00,23.14536452433708
2012-03-28 06:00:00,31.10281089510338
2012-03-28 07:00:00,43.58823897390269
2012-03-28 08:00:00,69.23692236229728
2012-03-28 09:00:00,102.3161358893098
2012-03-28 10:00:00,156.19587275723745
2012-03-28 11:00:00,232.21572259388284
2012-03-28 12:00:00,279.618862242439
2012-03-28 13:00:00,405.2963461681336
2012-03-28 14:00:00,433.01605830468105
2012-03-28 15:00:00,414.6941025450763
2012-03-28 16:00:00,249.47814603351995
2012-03-28 17:00:00,398.4026615478889
2012-03-28 18:00:00,304.44700804448604
2012-03-28 19:00:00,214.12263034690733
2012-03-28 20:00:00,145.73427226679456
2012-03-28 21:00:00,99.26274265295451
2012-03-28 22:00:00,67.01550773950427
2012-03-28 23:00:00,46.19293231335954
2012-03-29 00:00:00,38.87132424946686
2012-03-29 01:00:00,31.580199018853158
2012-03-29 02:00:00,20.437007869821734
2012-03-29 03:00:00,19.833904644609554
2012-03-29 04:00:00,23.59135811347646
2012-03-29 05:00:00,30.63277171786867
2012-03-29 06:00:00,41.52081468010534
2012-03-29 07:00:00,55.60741695447682
2012-03-29 08:00:00,78.40436790823294
2012-03-29 09:00:00,118.89186278746907
2012-03-29 10:00:00,171.34404311532793
2012-03-29 11:00:00,247.5356516258566
2012-03-29 12:00:00,324.1945412862995
2012-03-29 13:00:00,403.35472798622146
2012-03-29 14:00:00,463.4628189949788
2012-03-29 15:00:00,467.42425685267995
2012-03-29 16:00:00,418.6722019632589
2012-03-29 17:00:00,362.05560563888713
2012-03-29 18:00:00,280.75046831257487
2012-03-29 19:00:00,200.11434559684596
2012-03-29 20:00:00,134.154546487285
2012-03-29 21:00:00,95.18458176472069
2012-03-29 22:00:00,63.44818183854792
2012-03-29 23:00:00,45.588777604584365
2012-03-30 00:00:00,36.18120472117997
2012-03-30 01:00:00,29.25114206919678
2012-03-30 02:00:00,24.196903428205086
2012-03-30 03:00:00,24.26052154431354
2012-03-30 04:00:00,26.16434025636539
2012-03-30 05:00:00,31.107714617054594
2012-03-30 06:00:00,39.74610150620875
2012-03-30 07:00:00,53.629910298756066
2012-03-30 08:00:00,77.79777002247693
2012-03-30 09:00:00,116.3060704230986
2012-03-30 10:00:00,160.82893127623495
2012-03-30 11:00:00,232.18148240012127
2012-03-30 12:00:00,318.4143361911701
2012-03-30 13:00:00,250.42066716786331
2012-03-30 14:00:00,289.9861257746227
2012-03-30 15:00:00,302.9878104939828
2012-03-30 16:00:00,275.35893338963183
2012-03-30 17:00:00,365.7107000723615
2012-03-30 18:00:00,313.28924322484494
2012-03-30 19:00:00,227.07441230173794
2012-03-30 20:00:00,157.69554404353775
2012-03-30 21:00:00,104.97088757977694
2012-03-30 22:00:00,66.48440929355446
2012-03-30 23:00:00,49.79972642509708
2012-03-31 00:00:00,42.93330552468312
2012-03-31 01:00:00,31.170553182302452
2012-03-31 02:00:00,25.589571591515934
2012-03-31 03:00:00,23.84180681086186
2012-03-31 04:00:00,25.10005210529527
2012-03-31 05:00:00,26.161875299924883
2012-03-31 06:00:00,25.19424293259938
2012-03-31 07:00:00,33.34012607755924
2012-03-31 08:00:00,47.041197555873545
2012-03-31 09:00:00,83.36995099298137
2012-03-31 10:00:00,124.96626415017087
2012-03-31 11:00:00,219.85052841556566
2012-03-31 12:00:00,328.0316480077792
2012-03-31 13:00:00,447.3225903959758
2012-03-31 14:00:00,485.6164270750774
2012-03-31 15:00:00,546.2289824315184
2012-03-31 16:00:00,544.8797570445699
2012-03-31 17:00:00,535.1027047507977
2012-03-31 18:00:00,378.97519095339635
2012-03-31 19:00:00,312.6902947584015
2012-03-31 20:00:00,197.07072252997878
2012-03-31 21:00:00,133.82309137340243
2012-03-31 22:00:00,87.95945546396663
2012-03-31 23:00:00,53.34482698300156
2012-04-20 00:00:00,51.629707380647766
2012-04-20 01:00:00,37.309046573539014
2012-04-20 02:00:00,30.265860207927503
2012-04-20 03:00:00,29.613712644498776
2012-04-20 04:00:00,28.77421050101723
2012-04-20 05:00:00,34.64951180463145
2012-04-20 06:00:00,48.76709225891307
2012-04-20 07:00:00,61.694539761217186
2012-04-20 08:00:00,90.5639344227568
2012-04-20 09:00:00,145.66004010593622
2012-04-20 10:00:00,243.60168287710692
2012-04-20 11:00:00,369.0753445379767
2012-04-20 12:00:00,492.16961488190077
2012-04-20 13:00:00,563.1022132068439
2012-04-20 14:00:00,643.6904588883899
2012-04-20 15:00:00,678.7234009829042
2012-04-20 16:00:00,613.2833499077267
2012-04-20 17:00:00,529.3247600559409
2012-04-20 18:00:00,419.1354119921107
2012-04-20 19:00:00,309.81817584544973
2012-04-20 20:00:00,219.00261959459306
2012-04-20 21:00:00,148.70564068620385
2012-04-20 22:00:00,100.46235233968561
2012-04-20 23:00:00,69.51075179586607
2012-04-21 00:00:00,62.579892682694485
2012-04-21 01:00:00,46.879640898917714
2012-04-21 02:00:00,38.26122691214373
2012-04-21 03:00:00,32.34239319763981
2012-04-21 04:00:00,32.11668473193549
2012-04-21 05:00:00,35.43000565242101
2012-04-21 06:00:00,43.1308295703846
2012-04-21 07:00:00,56.98499700784026
2012-04-21 08:00:00,82.28508100827398
2012-04-21 09:00:00,126.89691955208541
2012-04-21 10:00:00,202.00090161232308
2012-04-21 11:00:00,298.0485663204755
2012-04-21 12:00:00,418.8053626635727
2012-04-21 13:00:00,552.9731278601392
2012-04-21 14:00:00,632.905691745897
2012-04-21 15:00:00,655.5229853053929
2012-04-21 16:00:00,689.6995714953268
2012-04-21 17:00:00,473.86174002857865
2012-04-21 18:00:00,485.6077190220827
2012-04-21 19:00:00,244.0004426344104
2012-04-21 20:00:00,157.21262735516126
2012-04-21 21:00:00,106.56514862915662
2012-04-21 22:00:00,122.5424811044951
2012-04-21 23:00:00,73.95755110261204
2012-04-22 00:00:00,45.79319280255395
2012-04-22 01:00:00,34.476416350189695
2012-04-22 02:00:00,33.64690147784325
2012-04-22 03:00:00,25.189385965398664
2012-04-22 04:00:00,26.250963577468795
2012-04-22 05:00:00,28.96898439614184
2012-04-22 06:00:00,36.22555340368577
2012-04-22 07:00:00,28.96604863645668
2012-04-22 08:00:00,38.439114338765314
2012-04-22 09:00:00,56.258830477862034
2012-04-22 10:00:00,81.77107604808083
2012-04-22 11:00:00,113.3680834541146
2012-04-22 12:00:00,159.60291450940468
2012-04-22 13:00:00,223.201795270556
2012-04-22 14:00:00,257.70244139952257
2012-04-22 15:00:00,285.55180044349817
2012-04-22 16:00:00,285.7403118525955
2012-04-22 17:00:00,214.52960091306537
2012-04-22 18:00:00,176.35383084118737
2012-04-22 19:00:00,145.05108442494105
2012-04-22 20:00:00,97.01619536707338
2012-04-22 21:00:00,72.10616155650483
2012-04-22 22:00:00,45.542672556917104
2012-04-22 23:00:00,34.63150993371368
2012-04-23 00:00:00,17.491163808784197
2012-04-23 01:00:00,12.521744875977928
2012-04-23 02:00:00,17.3090440250117
2012-04-23 03:00:00,18.075293689561775
2012-04-23 04:00:00,12.259659811718759
2012-04-23 05:00:00,14.799300584295619
2012-04-23 06:00:00,30.113436682290768
2012-04-23 07:00:00,27.730176647209106
2012-04-23 08:00:00,66.45159339582877
2012-04-23 09:00:00,100.64856117736842
2012-04-23 10:00:00,161.92323945299418
2012-04-23 11:00:00,229.94560924810492
2012-04-23 12:00:00,202.7677872653862
2012-04-23 13:00:00,258.3808612847888
2012-04-23 14:00:00,301.00762285256064
2012-04-23 15:00:00,495.2798223635944
2012-04-23 16:00:00,244.25951854076868
2012-04-23 17:00:00,200.52832502252383
2012-04-23 18:00:00,167.59435249606958
2012-04-23 19:00:00,188.98573698270164
2012-04-23 20:00:00,127.4278649034353
2012-04-23 21:00:00,78.86798888691924
2012-04-23 22:00:00,61.70852609314262
2012-04-23 23:00:00,42.58521904755881
2012-04-24 00:00:00,29.41949411195337
2012-04-24 01:00:00,22.467023633107264
2012-04-24 02:00:00,21.265642470902574
2012-04-24 03:00:00,20.275432546937058
2012-04-24 04:00:00,23.19628372771562
2012-04-24 05:00:00,27.902522094584747
2012-04-24 06:00:00,36.682567457783215
2012-04-24 07:00:00,53.40689372542452
2012-04-24 08:00:00,81.0494803317511
2012-04-24 09:00:00,129.83796118905437
2012-04-24 10:00:00,198.76252642825378
2012-04-24 11:00:00,245.11329304534925
2012-04-24 12:00:00,328.3315181168768
2012-04-24 13:00:00,418.4042574314666
2012-04-24 14:00:00,443.9298051688918
2012-04-24 15:00:00,437.6508300600373
2012-04-24 16:00:00,405.1721443450925
2012-04-24 17:00:00,332.3156648381908
2012-04-24 18:00:00,234.25853514580547
2012-04-24 19:00:00,162.40623609139044
2012-04-24 20:00:00,115.3511249482408
2012-04-24 21:00:00,78.2429201298337
2012-04-24 22:00:00,63.55251289056495
2012-04-24 23:00:00,44.89416944235322
2012-04-25 00:00:00,35.27338309486342
2012-04-25 01:00:00,28.88354090750422
2012-04-25 02:00:00,27.182812380453832
2012-04-25 03:00:00,24.355539280412746
2012-04-25 04:00:00,27.347229108347342
2012-04-25 05:00:00,33.98182354017865
2012-04-25 06:00:00,44.46898338603357
2012-04-25 07:00:00,61.36276275162676
2012-04-25 08:00:00,86.2380356802818
2012-04-25 09:00:00,144.76625032489932
2012-04-25 10:00:00,190.55833795245263
2012-04-25 11:00:00,259.96898520763284
2012-04-25 12:00:00,329.2317373766243
2012-04-25 13:00:00,398.63689268527713
2012-04-25 14:00:00,415.49565356674407
2012-04-25 15:00:00,402.0673650119933
2012-04-25 16:00:00,377.6766791615078
2012-04-25 17:00:00,314.8137851714954
2012-04-25 18:00:00,240.6548084403508
2012-04-25 19:00:00,172.26308704627766
2012-04-25 20:00:00,122.06768683143255
2012-04-25 21:00:00,118.619006252013
2012-04-25 22:00:00,80.04411662056805
2012-04-25 23:00:00,49.94792365209188
2012-04-26 00:00:00,43.64983160273686
2012-04-26 01:00:00,32.587716905463026
2012-04-26 02:00:00,29.70148825481718
2012-04-26 03:00:00,28.829922357062078
2012-04-26 04:00:00,31.350040066400368
2012-04-26 05:00:00,37.2024943611407
2012-04-26 06:00:00,47.89175966737054
2012-04-26 07:00:00,37.68209735061118
2012-04-26 08:00:00,54.91719392868676
2012-04-26 09:00:00,76.1309504453917
2012-04-26 10:00:00,161.94513548484488
2012-04-26 11:00:00,230.8269748354282
2012-04-26 12:00:00,376.0809362154018
2012-04-26 13:00:00,468.94616745405796
2012-04-26 14:00:00,569.9469613189252
2012-04-26 15:00:00,549.9148398593356
2012-04-26 16:00:00,512.9141596224666
2012-04-26 17:00:00,510.3827382245858
2012-04-26 18:00:00,356.71600495840255
2012-04-26 19:00:00,257.30218452947156
2012-04-26 20:00:00,196.18584834465582
2012-04-26 21:00:00,124.12308567291088
2012-04-26 22:00:00,84.34608219801376
2012-04-26 23:00:00,55.06728179717832
2012-04-27 00:00:00,52.734918251822464
2012-04-27 01:00:00,41.8206968471673
2012-04-27 02:00:00,36.44241055126184
2012-04-27 03:00:00,32.427863458459896
2012-04-27 04:00:00,33.6244434681658
2012-04-27 05:00:00,39.798510760620275
2012-04-27 06:00:00,50.0692416561327
2012-04-27 07:00:00,71.74603661913359
2012-04-27 08:00:00,107.8005383326516
2012-04-27 09:00:00,150.16339524430532
2012-04-27 10:00:00,209.30467534347574
2012-04-27 11:00:00,296.8033963096138
2012-04-27 12:00:00,392.98539278565346
2012-04-27 13:00:00,466.71762217876534
2012-04-27 14:00:00,529.4366115905818
2012-04-27 15:00:00,528.3858976538694
2012-04-27 16:00:00,492.37731766074955
2012-04-27 17:00:00,381.12795733722544
2012-04-27 18:00:00,298.31590710762526
2012-04-27 19:00:00,221.73335422493804
2012-04-27 20:00:00,160.40257489636022
2012-04-27 21:00:00,110.62704000835367
2012-04-27 22:00:00,79.7833678359611
2012-04-27 23:00:00,56.69862438279848
2012-04-28 00:00:00,53.64994125767321
2012-04-28 01:00:00,39.08856333682245
2012-04-28 02:00:00,30.771794690673143
2012-04-28 03:00:00,27.75811055317902
2012-04-28 04:00:00,28.229290238545158
2012-04-28 05:00:00,30.467315395241755
2012-04-28 06:00:00,37.83673268493826
2012-04-28 07:00:00,50.12537884285083
2012-04-28 08:00:00,70.76201847444342
2012-04-28 09:00:00,92.34456191032959
2012-04-28 10:00:00,140.76071099014442
2012-04-28 11:00:00,208.55339531752006
2012-04-28 12:00:00,310.74461342549654
2012-04-28 13:00:00,394.4703592129232
2012-04-28 14:00:00,544.8067679447846
2012-04-28 15:00:00,627.0300152267106
2012-04-28 16:00:00,560.8895605552926
2012-04-28 17:00:00,519.0448354298819
2012-04-28 18:00:00,286.7323263249761
2012-04-28 19:00:00,205.86034542406742
2012-04-28 20:00:00,251.33753566072528
2012-04-28 21:00:00,98.72948797736251
2012-04-28 22:00:00,104.11962082383435
2012-04-28 23:00:00,73.02003666731075
2012-04-29 00:00:00,25.849494839983702
2012-04-29 01:00:00,30.725172761965275
2012-04-29 02:00:00,24.12290961195817
2012-04-29 03:00:00,21.217335357856392
2012-04-29 04:00:00,21.233450862528173
2012-04-29 05:00:00,26.938435912361342
2012-04-29 06:00:00,30.922737011975684
2012-04-29 07:00:00,36.933559303547725
2012-04-29 08:00:00,69.24564657102435
2012-04-29 09:00:00,106.18976766335342
2012-04-29 10:00:00,162.96598927563338
2012-04-29 11:00:00,242.85039259891843
2012-04-29 12:00:00,324.0444447864919
2012-04-29 13:00:00,438.6241093639615
2012-04-29 14:00:00,487.3608796027445
2012-04-29 15:00:00,558.8134984039029
2012-04-29 16:00:00,489.2709973684954
2012-04-29 17:00:00,433.331921931877
2012-04-29 18:00:00,349.83335576182566
2012-04-29 19:00:00,306.66625911558026
2012-04-29 20:00:00,209.0643447479734
2012-04-29 21:00:00,168.3800176166937
2012-04-29 22:00:00,111.22167830177526
2012-04-29 23:00:00,80.85937594064177
2012-04-30 00:00:00,37.47414720933595
2012-04-30 01:00:00,28.479682208315133
2012-04-30 02:00:00,25.826457019430816
2012-04-30 03:00:00,24.08096793269424
2012-04-30 04:00:00,26.850373234529073
2012-04-30 05:00:00,32.412542468632516
2012-04-30 06:00:00,41.06239075126696
2012-04-30 07:00:00,59.49005704115117
2012-04-30 08:00:00,83.4540148636262
2012-04-30 09:00:00,114.4635888940723
2012-04-30 10:00:00,171.8164836927846
2012-04-30 11:00:00,262.271045315666
2012-04-30 12:00:00,366.7398735752594
2012-04-30 13:00:00,489.6918602376471
2012-04-30 14:00:00,574.8236286074126
2012-04-30 15:00:00,596.0354796106599
2012-04-30 16:00:00,621.4947288545742
2012-04-30 17:00:00,515.4099447138852
2012-04-30 18:00:00,352.2786001143971
2012-04-30 19:00:00,246.63708970518775
2012-04-30 20:00:00,164.12899269769645
2012-04-30 21:00:00,108.23931619682307
2012-04-30 22:00:00,71.22392517196984
2012-04-30 23:00:00,48.99681230391273
2012-05-20 00:00:00,71.93311650228618
2012-05-20 01:00:00,54.55233793398943
2012-05-20 02:00:00,44.71685847811795
2012-05-20 03:00:00,40.13974647670402
2012-05-20 04:00:00,39.839345419927355
2012-05-20 05:00:00,42.855699817373925
2012-05-20 06:00:00,53.2181531084342
2012-05-20 07:00:00,70.4154491304906
2012-05-20 08:00:00,100.52380433454296
2012-05-20 09:00:00,116.71918024156514
2012-05-20 10:00:00,178.3386315501663
2012-05-20 11:00:00,268.5359043436829
2012-05-20 12:00:00,374.7244480490213
2012-05-20 13:00:00,503.12509338939526
2012-05-20 14:00:00,620.2618207679494
2012-05-20 15:00:00,629.9001317138361
2012-05-20 16:00:00,713.3768760301951
2012-05-20 17:00:00,664.7021509626926
2012-05-20 18:00:00,571.4888390362606
2012-05-20 19:00:00,456.9590145537574
2012-05-20 20:00:00,324.90763878962275
2012-05-20 21:00:00,221.4352489639469
2012-05-20 22:00:00,147.41463195714107
2012-05-20 23:00:00,56.026380287957586
2012-05-21 00:00:00,24.866201603220123
2012-05-21 01:00:00,19.77107435607091
2012-05-21 02:00:00,15.86280451695986
2012-05-21 03:00:00,26.567927380506486
2012-05-21 04:00:00,18.396728449291043
2012-05-21 05:00:00,22.20768914227736
2012-05-21 06:00:00,29.328921110484284
2012-05-21 07:00:00,41.58023379159717
2012-05-21 08:00:00,61.86206799393369
2012-05-21 09:00:00,93.88366109739303
2012-05-21 10:00:00,141.81042277576466
2012-05-21 11:00:00,345.5792697962659
2012-05-21 12:00:00,470.09556916822856
2012-05-21 13:00:00,375.3580587675105
2012-05-21 14:00:00,428.20811798288025
2012-05-21 15:00:00,742.8270788015275
2012-05-21 16:00:00,680.6847521663075
2012-05-21 17:00:00,569.8300267789999
2012-05-21 18:00:00,474.7764442870114
2012-05-21 19:00:00,338.7461968756378
2012-05-21 20:00:00,228.84065805349272
2012-05-21 21:00:00,151.3000416807072
2012-05-21 22:00:00,89.45498497970829
2012-05-21 23:00:00,67.92558740668612
2012-05-22 00:00:00,46.76574276347814
2012-05-22 01:00:00,33.77696250486387
2012-05-22 02:00:00,29.648555580020584
2012-05-22 03:00:00,28.896434333252124
2012-05-22 04:00:00,29.339882366957045
2012-05-22 05:00:00,22.40925377478994
2012-05-22 06:00:00,29.607165451849344
2012-05-22 07:00:00,41.83212961312845
2012-05-22 08:00:00,97.35545332178526
2012-05-22 09:00:00,157.88163507074054
2012-05-22 10:00:00,248.68514602991186
2012-05-22 11:00:00,365.56897984789384
2012-05-22 12:00:00,490.965409790189
2012-05-22 13:00:00,645.1406266132692
2012-05-22 14:00:00,725.2745787383309
2012-05-22 15:00:00,821.8664333560109
2012-05-22 16:00:00,765.7201976201143
2012-05-22 17:00:00,616.5769532058109
2012-05-22 18:00:00,482.9710868987395
2012-05-22 19:00:00,340.66671539534815
2012-05-22 20:00:00,227.3200806199266
2012-05-22 21:00:00,146.58743147560153
2012-05-22 22:00:00,101.12911662259505
2012-05-22 23:00:00,69.69309667795952
2012-05-23 00:00:00,51.28936740877216
2012-05-23 01:00:00,39.34126315088908
2012-05-23 02:00:00,31.451729693845348
2012-05-23 03:00:00,35.80747644447639
2012-05-23 04:00:00,21.201791802991263
2012-05-23 05:00:00,23.826691570102223
2012-05-23 06:00:00,54.544479331015104
2012-05-23 07:00:00,82.67999302655095
2012-05-23 08:00:00,121.12707134200691
2012-05-23 09:00:00,171.8879627150339
2012-05-23 10:00:00,277.46786132056775
2012-05-23 11:00:00,414.03155012746083
2012-05-23 12:00:00,502.72227281896073
2012-05-23 13:00:00,608.9597510142785
2012-05-23 14:00:00,779.5850503475968
2012-05-23 15:00:00,723.0610436675273
2012-05-23 16:00:00,416.7436806783615
2012-05-23 17:00:00,353.4641759989161
2012-05-23 18:00:00,270.10640545342983
2012-05-23 19:00:00,276.3682201393269
2012-05-23 20:00:00,189.37421163358118
2012-05-23 21:00:00,128.61724073228427
2012-05-23 22:00:00,85.33839237470197
2012-05-23 23:00:00,65.9925195938816
2012-05-24 00:00:00,55.808474591998035
2012-05-24 01:00:00,41.94710197227363
2012-05-24 02:00:00,37.289179577690724
2012-05-24 03:00:00,32.22499346427722
2012-05-24 04:00:00,34.53915502912253
2012-05-24 05:00:00,40.95234960573773
2012-05-24 06:00:00,52.94122054887574
2012-05-24 07:00:00,86.49828411574674
2012-05-24 08:00:00,135.5793857677829
2012-05-24 09:00:00,200.76186873397472
2012-05-24 10:00:00,303.06219485675575
2012-05-24 11:00:00,430.05193972562273
2012-05-24 12:00:00,566.5603158031561
2012-05-24 13:00:00,685.9475032885255
2012-05-24 14:00:00,769.2508746611686
2012-05-24 15:00:00,792.5952078621008
2012-05-24 16:00:00,735.6177063386694
2012-05-24 17:00:00,621.4097606324208
2012-05-24 18:00:00,487.443112701852
2012-05-24 19:00:00,364.44195044432263
2012-05-24 20:00:00,230.0619468017464
2012-05-24 21:00:00,95.15854800031
2012-05-24 22:00:00,101.81315308535275
2012-05-24 23:00:00,71.17040889691309
2012-05-25 00:00:00,60.82398947242987
2012-05-25 01:00:00,49.1533690267304
2012-05-25 02:00:00,39.78858866774599
2012-05-25 03:00:00,35.991508057594444
2012-05-25 04:00:00,39.38132871313951
2012-05-25 05:00:00,46.07612177392767
2012-05-25 06:00:00,59.4071970432393
2012-05-25 07:00:00,81.72444961110021
2012-05-25 08:00:00,116.88120385953046
2012-05-25 09:00:00,171.75639978974732
2012-05-25 10:00:00,302.81270631536023
2012-05-25 11:00:00,429.2513902761918
2012-05-25 12:00:00,585.758911195511
2012-05-25 13:00:00,727.5101232259555
2012-05-25 14:00:00,819.8642112429332
2012-05-25 15:00:00,803.3829265815276
2012-05-25 16:00:00,723.3311354148842
2012-05-25 17:00:00,626.5445897842523
2012-05-25 18:00:00,486.7249174262036
2012-05-25 19:00:00,369.87982946639875
2012-05-25 20:00:00,265.8922316773003
2012-05-25 21:00:00,180.88922372821253
2012-05-25 22:00:00,122.74283541785191
2012-05-25 23:00:00,84.50483693254697
2012-05-26 00:00:00,75.69578058748989
2012-05-26 01:00:00,56.779103617324985
2012-05-26 02:00:00,43.00244746975893
2012-05-26 03:00:00,39.03769448273054
2012-05-26 04:00:00,38.73610378976226
2012-05-26 05:00:00,45.16787753588006
2012-05-26 06:00:00,51.85160520664301
2012-05-26 07:00:00,62.133541251740034
2012-05-26 08:00:00,107.80588070897817
2012-05-26 09:00:00,151.49840286546507
2012-05-26 10:00:00,230.1075654809368
2012-05-26 11:00:00,342.6327569148854
2012-05-26 12:00:00,480.700660412346
2012-05-26 13:00:00,606.9209609953899
2012-05-26 14:00:00,745.4234222711632
2012-05-26 15:00:00,830.8453969741233
2012-05-26 16:00:00,826.5241797722127
2012-05-26 17:00:00,688.8512740817554
2012-05-26 18:00:00,582.4862984995059
2012-05-26 19:00:00,451.39877706525726
2012-05-26 20:00:00,323.3089770672929
2012-05-26 21:00:00,222.83319181778413
2012-05-26 22:00:00,162.2412006401624
2012-05-26 23:00:00,109.82085901451416
2012-05-27 00:00:00,64.74020004104494
2012-05-27 01:00:00,53.26759505382916
2012-05-27 02:00:00,44.19204926755689
2012-05-27 03:00:00,39.91842087122972
2012-05-27 04:00:00,36.99223876765349
2012-05-27 05:00:00,40.906498824882036
2012-05-27 06:00:00,49.8164473744735
2012-05-27 07:00:00,61.972141529696096
2012-05-27 08:00:00,92.41348329743705
2012-05-27 09:00:00,134.47480058242343
2012-05-27 10:00:00,211.02722143626852
2012-05-27 11:00:00,303.99882704495644
2012-05-27 12:00:00,418.2538491623716
2012-05-27 13:00:00,538.7056409656706
2012-05-27 14:00:00,656.0134280584366
2012-05-27 15:00:00,710.3419233094852
2012-05-27 16:00:00,711.513623731451
2012-05-27 17:00:00,631.349182427701
2012-05-27 18:00:00,541.2896619179932
2012-05-27 19:00:00,411.11795457222877
2012-05-27 20:00:00,304.4831336823133
2012-05-27 21:00:00,126.42818474141178
2012-05-27 22:00:00,80.24725042639615
2012-05-27 23:00:00,53.887636349378674
2012-05-28 00:00:00,54.72313756365333
2012-05-28 01:00:00,39.400250231177196
2012-05-28 02:00:00,34.94201858450792
2012-05-28 03:00:00,35.29678266803727
2012-05-28 04:00:00,35.65346969943622
2012-05-28 05:00:00,41.36235445091354
2012-05-28 06:00:00,54.5568982578897
2012-05-28 07:00:00,73.49053587694274
2012-05-28 08:00:00,114.22163275400158
2012-05-28 09:00:00,171.5387925462238
2012-05-28 10:00:00,261.88693753239403
2012-05-28 11:00:00,369.6569740749026
2012-05-28 12:00:00,498.9017922660788
2012-05-28 13:00:00,536.7071281593264
2012-05-28 14:00:00,640.3546630690358
2012-05-28 15:00:00,679.171718178895
2012-05-28 16:00:00,651.859023274235
2012-05-28 17:00:00,562.2549890456601
2012-05-28 18:00:00,464.31204075096457
2012-05-28 19:00:00,345.07855063474295
2012-05-28 20:00:00,247.27640794119105
2012-05-28 21:00:00,167.85540786737945
2012-05-28 22:00:00,115.51851993301237
2012-05-28 23:00:00,76.108058264988
2012-05-29 00:00:00,46.54034856112791
2012-05-29 01:00:00,37.00634016550756
2012-05-29 02:00:00,32.21695629059497
2012-05-29 03:00:00,32.43503965201076
2012-05-29 04:00:00,36.133710089896155
2012-05-29 05:00:00,43.4647918596544
2012-05-29 06:00:00,57.19649633779028
2012-05-29 07:00:00,80.81324948551656
2012-05-29 08:00:00,117.818881507567
2012-05-29 09:00:00,177.90187971954438
2012-05-29 10:00:00,260.82100026412337
2012-05-29 11:00:00,373.3332176578355
2012-05-29 12:00:00,452.54607195670957
2012-05-29 13:00:00,537.2418945902065
2012-05-29 14:00:00,612.713426222488
2012-05-29 15:00:00,617.3873502993445
2012-05-29 16:00:00,567.6635305968322
2012-05-29 17:00:00,481.6672866289253
2012-05-29 18:00:00,388.8762259235031
2012-05-29 19:00:00,299.7288692843021
2012-05-29 20:00:00,129.7989447337158
2012-05-29 21:00:00,75.06197003618871
2012-05-29 22:00:00,79.78149789836499
2012-05-29 23:00:00,32.40582746118134
2012-05-30 00:00:00,26.30707481445803
2012-05-30 01:00:00,21.067633179239028
2012-05-30 02:00:00,17.297256961053225
2012-05-30 03:00:00,18.504323974198254
2012-05-30 04:00:00,31.66154478329094
2012-05-30 05:00:00,42.17559080787596
2012-05-30 06:00:00,55.33941726312207
2012-05-30 07:00:00,49.0715916078264
2012-05-30 08:00:00,116.86124091004145
2012-05-30 09:00:00,176.61229580365185
2012-05-30 10:00:00,260.82325906250117
2012-05-30 11:00:00,374.67838833774084
2012-05-30 12:00:00,546.4308774383364
2012-05-30 13:00:00,669.1178015383341
2012-05-30 14:00:00,691.4469672488192
2012-05-30 15:00:00,748.10950037387
2012-05-30 16:00:00,686.936828810618
2012-05-30 17:00:00,562.9837508367092
2012-05-30 18:00:00,428.56018192054614
2012-05-30 19:00:00,317.1009395146114
2012-05-30 20:00:00,205.56148598140035
2012-05-30 21:00:00,151.22436478843426
2012-05-30 22:00:00,102.89991664905108
2012-05-30 23:00:00,72.62267116999841
2012-05-31 00:00:00,61.01837650692389
2012-05-31 01:00:00,48.91915225045664
2012-05-31 02:00:00,43.266791817565725
2012-05-31 03:00:00,41.58761002289694
2012-05-31 04:00:00,45.33038367104286
2012-05-31 05:00:00,52.6474004572669
2012-05-31 06:00:00,67.21984878963197
2012-05-31 07:00:00,95.12103253029322
2012-05-31 08:00:00,136.20717008650814
2012-05-31 09:00:00,191.2676417353159
2012-05-31 10:00:00,257.10081102871675
2012-05-31 11:00:00,354.39768519882847
2012-05-31 12:00:00,479.72545934400375
2012-05-31 13:00:00,585.2169046905972
2012-05-31 14:00:00,616.9926607186774
2012-05-31 15:00:00,654.5601879627255
2012-05-31 16:00:00,609.14760572488
2012-05-31 17:00:00,499.7598846211563
2012-05-31 18:00:00,385.9464518837223
2012-05-31 19:00:00,296.9637459594304
2012-05-31 20:00:00,233.7591202443181
2012-05-31 21:00:00,157.6571236131126
2012-05-31 22:00:00,113.23154651089591
2012-05-31 23:00:00,80.8549869205234
2012-06-20 00:00:00,53.12385858073624
2012-06-20 01:00:00,43.94261623366624
2012-06-20 02:00:00,38.05778658643773
2012-06-20 03:00:00,37.33681206153488
2012-06-20 04:00:00,40.712177268248915
2012-06-20 05:00:00,48.873545299634166
2012-06-20 06:00:00,54.124204046952165
2012-06-20 07:00:00,76.7854409401302
2012-06-20 08:00:00,117.76695518482323
2012-06-20 09:00:00,177.2850044659802
2012-06-20 10:00:00,241.30889148424868
2012-06-20 11:00:00,322.19374903905435
2012-06-20 12:00:00,406.53428992908135
2012-06-20 13:00:00,520.0402864730378
2012-06-20 14:00:00,527.3832524475927
2012-06-20 15:00:00,491.9178174326935
2012-06-20 16:00:00,445.6054504406043
2012-06-20 17:00:00,387.1429324538581
2012-06-20 18:00:00,295.84267086272484
2012-06-20 19:00:00,230.51921859258852
2012-06-20 20:00:00,169.30508842326498
2012-06-20 21:00:00,125.62106893419966
2012-06-20 22:00:00,86.30528299459651
2012-06-20 23:00:00,67.11614847591697
2012-06-21 00:00:00,61.41722926089891
2012-06-21 01:00:00,46.39845902965755
2012-06-21 02:00:00,40.74079129670396
2012-06-21 03:00:00,41.539703427987135
2012-06-21 04:00:00,42.24914675847057
2012-06-21 05:00:00,50.04619156055765
2012-06-21 06:00:00,58.57604472544178
2012-06-21 07:00:00,81.1303981677115
2012-06-21 08:00:00,140.2265156087157
2012-06-21 09:00:00,179.06218410876502
2012-06-21 10:00:00,234.5735338781193
2012-06-21 11:00:00,311.24828913942474
2012-06-21 12:00:00,348.93719308950085
2012-06-21 13:00:00,444.66588829881476
2012-06-21 14:00:00,570.4606331169043
2012-06-21 15:00:00,469.47072595269975
2012-06-21 16:00:00,478.64906857007
2012-06-21 17:00:00,469.839519197304
2012-06-21 18:00:00,374.2801417007974
2012-06-21 19:00:00,250.56275425602777
2012-06-21 20:00:00,192.0247653250151
2012-06-21 21:00:00,144.14331258899293
2012-06-21 22:00:00,96.08444917175625
2012-06-21 23:00:00,70.55961866727947
2012-06-22 00:00:00,57.221039041547364
2012-06-22 01:00:00,47.92251445312462
2012-06-22 02:00:00,44.59569114327832
2012-06-22 03:00:00,43.46054030787645
2012-06-22 04:00:00,43.88202489983325
2012-06-22 05:00:00,54.335152390143136
2012-06-22 06:00:00,71.10581549062115
2012-06-22 07:00:00,108.70826635213365
2012-06-22 08:00:00,152.08216898585906
2012-06-22 09:00:00,219.3518559532633
2012-06-22 10:00:00,292.8312987245232
2012-06-22 11:00:00,409.06000914308163
2012-06-22 12:00:00,482.2535981999831
2012-06-22 13:00:00,514.9306318005199
2012-06-22 14:00:00,583.4590846312778
2012-06-22 15:00:00,535.1996152503608
2012-06-22 16:00:00,496.10114678060035
2012-06-22 17:00:00,519.0164449168927
2012-06-22 18:00:00,429.7756446823762
2012-06-22 19:00:00,352.1082517835789
2012-06-22 20:00:00,244.02468004493372
2012-06-22 21:00:00,115.08980753019162
2012-06-22 22:00:00,136.35415373338725
2012-06-22 23:00:00,87.41972181787214
2012-06-23 00:00:00,84.6242429719758
2012-06-23 01:00:00,64.94498056140259
2012-06-23 02:00:00,45.76979436749813
2012-06-23 03:00:00,41.20218133002889
2012-06-23 04:00:00,40.7915832619824
2012-06-23 05:00:00,44.95033772099183
2012-06-23 06:00:00,60.74576534505245
2012-06-23 07:00:00,80.07711379488364
2012-06-23 08:00:00,121.59381372624732
2012-06-23 09:00:00,172.66234895503982
2012-06-23 10:00:00,254.37955494409488
2012-06-23 11:00:00,360.7766845509138
2012-06-23 12:00:00,453.7398751293705
2012-06-23 13:00:00,542.1238693514515
2012-06-23 14:00:00,709.666419755142
2012-06-23 15:00:00,696.450688096324
2012-06-23 16:00:00,673.4765839373321
2012-06-23 17:00:00,611.1688320254116
2012-06-23 18:00:00,501.9156257324834
2012-06-23 19:00:00,397.79927261673674
2012-06-23 20:00:00,308.59847581852756
2012-06-23 21:00:00,220.91858971324498
2012-06-23 22:00:00,159.0642337244581
2012-06-23 23:00:00,118.2807026496987
2012-06-24 00:00:00,77.11321149596816
2012-06-24 01:00:00,53.45049773817449
2012-06-24 02:00:00,43.74262974945832
2012-06-24 03:00:00,40.585726300333796
2012-06-24 04:00:00,41.08701707159069
2012-06-24 05:00:00,49.29404655731196
2012-06-24 06:00:00,60.418698904067675
2012-06-24 07:00:00,79.30713733053001
2012-06-24 08:00:00,110.54764416690193
2012-06-24 09:00:00,154.67899755483657
2012-06-24 10:00:00,204.5331904426444
2012-06-24 11:00:00,294.7124235831476
2012-06-24 12:00:00,368.39470923242584
2012-06-24 13:00:00,486.80587439923835
2012-06-24 14:00:00,534.852878536966
2012-06-24 15:00:00,555.1586673516229
2012-06-24 16:00:00,594.968241081458
2012-06-24 17:00:00,555.6942656434991
2012-06-24 18:00:00,470.8380920421593
2012-06-24 19:00:00,387.67301891828885
2012-06-24 20:00:00,308.2231847013122
2012-06-24 21:00:00,222.8717565806005
2012-06-24 22:00:00,154.4057756654864
2012-06-24 23:00:00,106.40697098953123
2012-06-25 00:00:00,52.57256309842193
2012-06-25 01:00:00,43.322692091688346
2012-06-25 02:00:00,37.57777489586497
2012-06-25 03:00:00,37.28552498939132
2012-06-25 04:00:00,39.26884389517907
2012-06-25 05:00:00,48.53567500760765
2012-06-25 06:00:00,63.02139501806548
2012-06-25 07:00:00,90.68823658607876
2012-06-25 08:00:00,137.97805707991066
2012-06-25 09:00:00,206.48802548927856
2012-06-25 10:00:00,289.4760317166692
2012-06-25 11:00:00,363.2775185528624
2012-06-25 12:00:00,495.0092741001276
2012-06-25 13:00:00,732.8533413655583
2012-06-25 14:00:00,751.5757069771594
2012-06-25 15:00:00,740.4872849741126
2012-06-25 16:00:00,601.6264707667252
2012-06-25 17:00:00,449.18704989424106
2012-06-25 18:00:00,367.0505166864857
2012-06-25 19:00:00,262.97718815787323
2012-06-25 20:00:00,186.4897223765962
2012-06-25 21:00:00,125.99092926737823
2012-06-25 22:00:00,82.27655468298761
2012-06-25 23:00:00,60.56998090790336
2012-06-26 00:00:00,45.24326986758963
2012-06-26 01:00:00,36.99963919992767
2012-06-26 02:00:00,35.796145954605684
2012-06-26 03:00:00,35.27638732803912
2012-06-26 04:00:00,38.28986629153612
2012-06-26 05:00:00,46.6613902214386
2012-06-26 06:00:00,63.12300917160113
2012-06-26 07:00:00,89.07568061476863
2012-06-26 08:00:00,131.96799778510166
2012-06-26 09:00:00,195.90436793775547
2012-06-26 10:00:00,278.7045040469847
2012-06-26 11:00:00,379.48998745050375
2012-06-26 12:00:00,503.2155338333541
2012-06-26 13:00:00,588.7403581967606
2012-06-26 14:00:00,671.7891095071028
2012-06-26 15:00:00,657.7314987452409
2012-06-26 16:00:00,591.2185031065247
2012-06-26 17:00:00,503.9396409942661
2012-06-26 18:00:00,383.36090181456564
2012-06-26 19:00:00,272.19546963329344
2012-06-26 20:00:00,192.20593117233574
2012-06-26 21:00:00,135.5997330157942
2012-06-26 22:00:00,91.00398647673761
2012-06-26 23:00:00,68.9638558725045
2012-06-27 00:00:00,52.398641798454136
2012-06-27 01:00:00,43.075541770193475
2012-06-27 02:00:00,40.124374670111074
2012-06-27 03:00:00,38.73980027246687
2012-06-27 04:00:00,39.16476520785794
2012-06-27 05:00:00,48.52628433182747
2012-06-27 06:00:00,65.69585695231488
2012-06-27 07:00:00,88.79850004249172
2012-06-27 08:00:00,130.16823508789207
2012-06-27 09:00:00,190.17933665464105
2012-06-27 10:00:00,266.3997861388281
2012-06-27 11:00:00,338.3097214994383
2012-06-27 12:00:00,441.2977780231608
2012-06-27 13:00:00,507.7061689280369
2012-06-27 14:00:00,554.8651522206665
2012-06-27 15:00:00,574.2163750830414
2012-06-27 16:00:00,508.1732184438786
2012-06-27 17:00:00,423.73215317583526
2012-06-27 18:00:00,343.137947229157
2012-06-27 19:00:00,259.66293957056104
2012-06-27 20:00:00,187.4486012161977
2012-06-27 21:00:00,135.83652180842643
2012-06-27 22:00:00,96.92174958475809
2012-06-27 23:00:00,74.19930850118381
2012-06-28 00:00:00,64.6731513024301
2012-06-28 01:00:00,53.64665324290483
2012-06-28 02:00:00,45.38203852226851
2012-06-28 03:00:00,44.00836538810653
2012-06-28 04:00:00,49.518957509309885
2012-06-28 05:00:00,57.95418986626984
2012-06-28 06:00:00,74.92037885444648
2012-06-28 07:00:00,105.12773277878333
2012-06-28 08:00:00,145.3867345946984
2012-06-28 09:00:00,215.22877602093487
2012-06-28 10:00:00,301.1100193032185
2012-06-28 11:00:00,337.39023818176867
2012-06-28 12:00:00,405.6565309573719
2012-06-28 13:00:00,476.3705854336429
2012-06-28 14:00:00,550.2628010539571
2012-06-28 15:00:00,567.4386543234544
2012-06-28 16:00:00,492.20153254911287
2012-06-28 17:00:00,406.70691835096915
2012-06-28 18:00:00,345.2915296891043
2012-06-28 19:00:00,272.1528390577435
2012-06-28 20:00:00,200.1996391096192
2012-06-28 21:00:00,173.57392386439642
2012-06-28 22:00:00,116.1967004418377
2012-06-28 23:00:00,82.78176846168562
2012-06-29 00:00:00,66.89750722817371
2012-06-29 01:00:00,54.94899435409701
2012-06-29 02:00:00,49.87396331583045
2012-06-29 03:00:00,48.604457906868966
2012-06-29 04:00:00,53.51402218056702
2012-06-29 05:00:00,63.71744983188349
2012-06-29 06:00:00,74.16447318854956
2012-06-29 07:00:00,113.45091279499812
2012-06-29 08:00:00,140.95808806244122
2012-06-29 09:00:00,223.54823839993944
2012-06-29 10:00:00,194.35467280272678
2012-06-29 11:00:00,240.97307672008935
2012-06-29 12:00:00,272.20746883111826
2012-06-29 13:00:00,365.09699281655884
2012-06-29 14:00:00,339.59124539715066
2012-06-29 15:00:00,355.4418189484632
2012-06-29 16:00:00,329.7154434738812
2012-06-29 17:00:00,241.48922989232742
2012-06-29 18:00:00,256.00033591571673
2012-06-29 19:00:00,204.47621852226953
2012-06-29 20:00:00,124.41889568800671
2012-06-29 21:00:00,112.22571584316611
2012-06-29 22:00:00,49.957617857069046
2012-06-29 23:00:00,35.28836230109883
2012-06-30 00:00:00,44.50484193847254
2012-06-30 01:00:00,33.2707852614563
2012-06-30 02:00:00,43.42789314226799
2012-06-30 03:00:00,38.900785467614405
2012-06-30 04:00:00,35.73680492804296
2012-06-30 05:00:00,46.321467889668405
2012-06-30 06:00:00,56.342171890141486
2012-06-30 07:00:00,74.55890297343528
2012-06-30 08:00:00,105.31464230186197
2012-06-30 09:00:00,155.0885758086677
2012-06-30 10:00:00,161.6477902992819
2012-06-30 11:00:00,238.80646913824103
2012-06-30 12:00:00,339.39970485397106
2012-06-30 13:00:00,453.06654869854265
2012-06-30 14:00:00,556.9913540242505
2012-06-30 15:00:00,621.8116347257337
2012-06-30 16:00:00,588.4844243345641
2012-06-30 17:00:00,588.2266169736012
2012-06-30 18:00:00,490.35038029006984
2012-06-30 19:00:00,441.57310280597045
2012-06-30 20:00:00,318.99864140329834
2012-06-30 21:00:00,216.61961649331687
2012-06-30 22:00:00,161.68806848800068
2012-06-30 23:00:00,109.86900199954364
2012-07-20 00:00:00,38.899982324691116
2012-07-20 01:00:00,54.396829816335334
2012-07-20 02:00:00,43.53493446466143
2012-07-20 03:00:00,42.386357152556045
2012-07-20 04:00:00,45.56127077996269
2012-07-20 05:00:00,54.12474242358972
2012-07-20 06:00:00,69.75986208242784
2012-07-20 07:00:00,96.13907458094945
2012-07-20 08:00:00,146.23703718155627
2012-07-20 09:00:00,217.47689341316996
2012-07-20 10:00:00,317.60298104531967
2012-07-20 11:00:00,283.6073757461585
2012-07-20 12:00:00,379.10726644307607
2012-07-20 13:00:00,471.6820424926355
2012-07-20 14:00:00,512.5326257906937
2012-07-20 15:00:00,824.0603072128697
2012-07-20 16:00:00,794.2855879461647
2012-07-20 17:00:00,634.7277308436916
2012-07-20 18:00:00,551.650772807595
2012-07-20 19:00:00,384.3011478368713
2012-07-20 20:00:00,168.9346832038348
2012-07-20 21:00:00,114.90966596762586
2012-07-20 22:00:00,124.06200504646422
2012-07-20 23:00:00,87.40973696441877
2012-07-21 00:00:00,51.728854003350406
2012-07-21 01:00:00,61.00818614724327
2012-07-21 02:00:00,29.58509790067336
2012-07-21 03:00:00,26.52103743295271
2012-07-21 04:00:00,26.33822451822658
2012-07-21 05:00:00,29.07735484093909
2012-07-21 06:00:00,35.36764699385168
2012-07-21 07:00:00,73.62918581589014
2012-07-21 08:00:00,110.23673920368941
2012-07-21 09:00:00,162.62911019676173
2012-07-21 10:00:00,145.57611241206413
2012-07-21 11:00:00,359.9603610512135
2012-07-21 12:00:00,325.46737764612374
2012-07-21 13:00:00,435.3631597343266
2012-07-21 14:00:00,789.1266397992997
2012-07-21 15:00:00,559.9886040407248
2012-07-21 16:00:00,564.4639245660194
2012-07-21 17:00:00,512.2403600221957
2012-07-21 18:00:00,661.7932188915421
2012-07-21 19:00:00,500.6503266298793
2012-07-21 20:00:00,225.30319497786328
2012-07-21 21:00:00,240.68787099358747
2012-07-21 22:00:00,161.42692590173988
2012-07-21 23:00:00,110.90745736588174
2012-07-22 00:00:00,67.48531806175313
2012-07-22 01:00:00,50.84100989835246
2012-07-22 02:00:00,41.79569813446836
2012-07-22 03:00:00,37.67620242556838
2012-07-22 04:00:00,42.20778641985461
2012-07-22 05:00:00,46.673919262610106
2012-07-22 06:00:00,53.96003794392835
2012-07-22 07:00:00,72.25080433277778
2012-07-22 08:00:00,106.22823059959136
2012-07-22 09:00:00,161.73658467769778
2012-07-22 10:00:00,234.67534411470464
2012-07-22 11:00:00,343.7599693188746
2012-07-22 12:00:00,475.70860868164516
2012-07-22 13:00:00,638.0383269935725
2012-07-22 14:00:00,828.9760956789463
2012-07-22 15:00:00,919.6158961120327
2012-07-22 16:00:00,900.3730763400433
2012-07-22 17:00:00,810.1914092404055
2012-07-22 18:00:00,667.3889028187763
2012-07-22 19:00:00,511.47870430169115
2012-07-22 20:00:00,363.69912365242897
2012-07-22 21:00:00,240.58182715666388
2012-07-22 22:00:00,167.26397060000014
2012-07-22 23:00:00,113.52370842457874
2012-07-23 00:00:00,51.52624556487644
2012-07-23 01:00:00,40.81683902782169
2012-07-23 02:00:00,30.2727453362206
2012-07-23 03:00:00,29.585454329735818
2012-07-23 04:00:00,32.14644461818042
2012-07-23 05:00:00,38.80571760776833
2012-07-23 06:00:00,54.21922639572228
2012-07-23 07:00:00,87.55824891662547
2012-07-23 08:00:00,131.13016599932092
2012-07-23 09:00:00,181.18473243040054
2012-07-23 10:00:00,268.33947282108534
2012-07-23 11:00:00,371.5247354600151
2012-07-23 12:00:00,506.8567115756269
2012-07-23 13:00:00,638.5313014799757
2012-07-23 14:00:00,743.79748792671
2012-07-23 15:00:00,799.4616188917349
2012-07-23 16:00:00,695.2387567963682
2012-07-23 17:00:00,575.9319906840999
2012-07-23 18:00:00,437.09634425531937
2012-07-23 19:00:00,332.153263823219
2012-07-23 20:00:00,246.07894729517258
2012-07-23 21:00:00,162.10487659598513
2012-07-23 22:00:00,113.21539141207445
2012-07-23 23:00:00,77.9174415658433
2012-07-24 00:00:00,57.65047157114487
2012-07-24 01:00:00,45.46486031852842
2012-07-24 02:00:00,39.0004694684809
2012-07-24 03:00:00,38.0111099146227
2012-07-24 04:00:00,41.431928004398145
2012-07-24 05:00:00,49.79046334381112
2012-07-24 06:00:00,65.41628696224643
2012-07-24 07:00:00,94.95866947546226
2012-07-24 08:00:00,137.36915888967897
2012-07-24 09:00:00,159.95868355488932
2012-07-24 10:00:00,250.53975204231858
2012-07-24 11:00:00,307.9634705722897
2012-07-24 12:00:00,449.18670422046915
2012-07-24 13:00:00,528.8703503690269
2012-07-24 14:00:00,604.6483908626651
2012-07-24 15:00:00,737.8108185270488
2012-07-24 16:00:00,732.5256878734541
2012-07-24 17:00:00,623.653928529642
2012-07-24 18:00:00,520.2919179056023
2012-07-24 19:00:00,369.9603888140228
2012-07-24 20:00:00,255.6447427997605
2012-07-24 21:00:00,168.64157465891742
2012-07-24 22:00:00,112.21692309088664
2012-07-24 23:00:00,78.84044798437316
2012-07-25 00:00:00,61.24621962257579
2012-07-25 01:00:00,50.176656545487916
2012-07-25 02:00:00,45.08143865668553
2012-07-25 03:00:00,44.560374437827534
2012-07-25 04:00:00,48.781256508735474
2012-07-25 05:00:00,58.68081969820573
2012-07-25 06:00:00,76.70586580519952
2012-07-25 07:00:00,102.240567218565
2012-07-25 08:00:00,138.86163756851448
2012-07-25 09:00:00,192.7924995170872
2012-07-25 10:00:00,291.7313278323326
2012-07-25 11:00:00,387.9555233514619
2012-07-25 12:00:00,522.5667267626224
2012-07-25 13:00:00,607.0945638471679
2012-07-25 14:00:00,650.2507875618783
2012-07-25 15:00:00,703.7642171084063
2012-07-25 16:00:00,609.4052738626342
2012-07-25 17:00:00,534.2493659582683
2012-07-25 18:00:00,374.93934007722316
2012-07-25 19:00:00,308.4984527881558
2012-07-25 20:00:00,234.5760637321775
2012-07-25 21:00:00,165.6182687405039
2012-07-25 22:00:00,120.45116877465267
2012-07-25 23:00:00,84.64693962431953
2012-07-26 00:00:00,72.78468978602851
2012-07-26 01:00:00,58.148247137941816
2012-07-26 02:00:00,50.48509093277303
2012-07-26 03:00:00,48.99815185879984
2012-07-26 04:00:00,51.54522166166229
2012-07-26 05:00:00,61.11608509860144
2012-07-26 06:00:00,77.25001670850142
2012-07-26 07:00:00,105.17545778930541
2012-07-26 08:00:00,138.07204759458517
2012-07-26 09:00:00,205.56780375176572
2012-07-26 10:00:00,326.4793702990294
2012-07-26 11:00:00,359.6788819204836
2012-07-26 12:00:00,454.66012667893403
2012-07-26 13:00:00,527.6522751774512
2012-07-26 14:00:00,467.58513975501484
2012-07-26 15:00:00,423.6401536998609
2012-07-26 16:00:00,407.7407832529441
2012-07-26 17:00:00,400.3802726585268
2012-07-26 18:00:00,272.66031850790273
2012-07-26 19:00:00,223.98229999387954
2012-07-26 20:00:00,196.04450981650749
2012-07-26 21:00:00,165.3412806000425
2012-07-26 22:00:00,112.12435927970147
2012-07-26 23:00:00,91.91376121620321
2012-07-27 00:00:00,75.51078079049431
2012-07-27 01:00:00,59.96807904788363
2012-07-27 02:00:00,51.012519969134104
2012-07-27 03:00:00,51.43197581884189
2012-07-27 04:00:00,54.48305113574336
2012-07-27 05:00:00,61.60784787443201
2012-07-27 06:00:00,83.42019588116572
2012-07-27 07:00:00,116.98617056212852
2012-07-27 08:00:00,158.3973767161792
2012-07-27 09:00:00,197.20475426510572
2012-07-27 10:00:00,290.2480844015416
2012-07-27 11:00:00,401.7886862300598
2012-07-27 12:00:00,520.3933751811436
2012-07-27 13:00:00,667.8409849842126
2012-07-27 14:00:00,685.338302740786
2012-07-27 15:00:00,700.6690039296907
2012-07-27 16:00:00,721.4338202851849
2012-07-27 17:00:00,546.9628751054737
2012-07-27 18:00:00,488.6094801004265
2012-07-27 19:00:00,353.51247418690514
2012-07-27 20:00:00,273.64083913839505
2012-07-27 21:00:00,185.91762445383162
2012-07-27 22:00:00,126.937404613073
2012-07-27 23:00:00,94.37165027508675
2012-07-28 00:00:00,93.82795110666085
2012-07-28 01:00:00,69.51451979634058
2012-07-28 02:00:00,57.33715431907833
2012-07-28 03:00:00,51.360086297142395
2012-07-28 04:00:00,48.35722125842557
2012-07-28 05:00:00,54.94086118746386
2012-07-28 06:00:00,69.88194214242795
2012-07-28 07:00:00,89.15673197722029
2012-07-28 08:00:00,124.28079976589532
2012-07-28 09:00:00,167.52396545747735
2012-07-28 10:00:00,224.06833757129138
2012-07-28 11:00:00,320.3491744573013
2012-07-28 12:00:00,448.3427864667491
2012-07-28 13:00:00,546.2504069347297
2012-07-28 14:00:00,688.4674102248285
2012-07-28 15:00:00,697.0410484467664
2012-07-28 16:00:00,773.9897711139158
2012-07-28 17:00:00,787.4578616236491
2012-07-28 18:00:00,652.7049758727632
2012-07-28 19:00:00,587.9159860312612
2012-07-28 20:00:00,414.62775962876384
2012-07-28 21:00:00,296.40480534708286
2012-07-28 22:00:00,198.22001905608641
2012-07-28 23:00:00,128.20958018838775
2012-07-29 00:00:00,73.81429978829632
2012-07-29 01:00:00,59.76961511990944
2012-07-29 02:00:00,52.26226056407841
2012-07-29 03:00:00,48.02284341306898
2012-07-29 04:00:00,48.30263636527596
2012-07-29 05:00:00,51.01270538626349
2012-07-29 06:00:00,63.951054893781105
2012-07-29 07:00:00,85.089148204439
2012-07-29 08:00:00,118.20651246558296
2012-07-29 09:00:00,167.13405637647583
2012-07-29 10:00:00,253.21471564126435
2012-07-29 11:00:00,350.19473225814755
2012-07-29 12:00:00,492.0566348433291
2012-07-29 13:00:00,577.1451476589638
2012-07-29 14:00:00,712.5011412622766
2012-07-29 15:00:00,770.5995620875452
2012-07-29 16:00:00,771.870656756797
2012-07-29 17:00:00,659.6705285902774
2012-07-29 18:00:00,576.0778052182876
2012-07-29 19:00:00,499.32916914011395
2012-07-29 20:00:00,360.41078240431716
2012-07-29 21:00:00,248.80568533950174
2012-07-29 22:00:00,173.8972206757083
2012-07-29 23:00:00,120.49412990733549
2012-07-30 00:00:00,56.71722469026657
2012-07-30 01:00:00,45.78513961255961
2012-07-30 02:00:00,41.36297464451195
2012-07-30 03:00:00,38.196161234952974
2012-07-30 04:00:00,41.60835499113244
2012-07-30 05:00:00,49.485986266088155
2012-07-30 06:00:00,65.16515765122229
2012-07-30 07:00:00,92.10033081054856
2012-07-30 08:00:00,122.86949604495379
2012-07-30 09:00:00,192.7420666934306
2012-07-30 10:00:00,287.28373387945066
2012-07-30 11:00:00,390.35447925362456
2012-07-30 12:00:00,555.0359939851909
2012-07-30 13:00:00,690.9112338512085
2012-07-30 14:00:00,785.1576301809497
2012-07-30 15:00:00,802.7218807571198
2012-07-30 16:00:00,736.3365956413559
2012-07-30 17:00:00,689.4019321948407
2012-07-30 18:00:00,512.4173134685419
2012-07-30 19:00:00,307.199318160645
2012-07-30 20:00:00,254.44790519395298
2012-07-30 21:00:00,167.96321286178983
2012-07-30 22:00:00,100.93214609087899
2012-07-30 23:00:00,76.99469478289141
2012-07-31 00:00:00,57.25280301846392
2012-07-31 01:00:00,44.56012332350033
2012-07-31 02:00:00,39.051456172038534
2012-07-31 03:00:00,38.15786549674582
2012-07-31 04:00:00,41.431928004398145
2012-07-31 05:00:00,49.64627516972484
2012-07-31 06:00:00,61.123158825868906
2012-07-31 07:00:00,90.65491377850971
2012-07-31 08:00:00,136.0018810783576
2012-07-31 09:00:00,213.45441379395612
2012-07-31 10:00:00,328.87812822271985
2012-07-31 11:00:00,452.69192109994566
2012-07-31 12:00:00,561.4382831906784
2012-07-31 13:00:00,679.6053943672134
2012-07-31 14:00:00,775.4717276331021
2012-07-31 15:00:00,899.5881165088621
2012-07-31 16:00:00,821.2450726355122
2012-07-31 17:00:00,666.9079148486255
2012-07-31 18:00:00,526.8160095139413
2012-07-31 19:00:00,222.25302165219
2012-07-31 20:00:00,153.87118762250512
2012-07-31 21:00:00,169.65945727975475
2012-07-31 22:00:00,116.8363093139395
2012-07-31 23:00:00,69.08213854239426
2012-08-20 00:00:00,46.62510494981282
2012-08-20 01:00:00,40.916923551794724
2012-08-20 02:00:00,35.93144619413999
2012-08-20 03:00:00,33.10169937207301
2012-08-20 04:00:00,34.7340433739392
2012-08-20 05:00:00,42.517251067408644
2012-08-20 06:00:00,57.88525365262613
2012-08-20 07:00:00,81.97623991279458
2012-08-20 08:00:00,126.08189224917969
2012-08-20 09:00:00,196.6409280901363
2012-08-20 10:00:00,291.6405071361731
2012-08-20 11:00:00,468.37871853584824
2012-08-20 12:00:00,578.3798567206954
2012-08-20 13:00:00,780.6925391942989
2012-08-20 14:00:00,862.0992800525598
2012-08-20 15:00:00,879.5729284769221
2012-08-20 16:00:00,807.4414237516553
2012-08-20 17:00:00,688.3415579786418
2012-08-20 18:00:00,461.4514804033378
2012-08-20 19:00:00,326.07393219652187
2012-08-20 20:00:00,209.3481299973567
2012-08-20 21:00:00,155.7198280497248
2012-08-20 22:00:00,93.6575476786933
2012-08-20 23:00:00,64.56220849452954
2012-08-21 00:00:00,47.55846871680889
2012-08-21 01:00:00,37.71970120998222
2012-08-21 02:00:00,30.91679552477277
2012-08-21 03:00:00,33.83237203244947
2012-08-21 04:00:00,36.73529386453764
2012-08-21 05:00:00,46.19006951238314
2012-08-21 06:00:00,60.724844832395505
2012-08-21 07:00:00,90.79383626868592
2012-08-21 08:00:00,134.31631540749498
2012-08-21 09:00:00,216.0547843733878
2012-08-21 10:00:00,320.59831846831963
2012-08-21 11:00:00,453.03735223536194
2012-08-21 12:00:00,581.9860849106267
2012-08-21 13:00:00,695.2487784886938
2012-08-21 14:00:00,742.1091644359462
2012-08-21 15:00:00,772.1010484281019
2012-08-21 16:00:00,711.0875446754123
2012-08-21 17:00:00,661.0775360074592
2012-08-21 18:00:00,511.05263340549556
2012-08-21 19:00:00,217.52670810176264
2012-08-21 20:00:00,258.1914187058419
2012-08-21 21:00:00,170.67238617179436
2012-08-21 22:00:00,110.41634667787915
2012-08-21 23:00:00,72.85863185595888
2012-08-22 00:00:00,54.67187047890379
2012-08-22 01:00:00,46.64292274402933
2012-08-22 02:00:00,41.22513926264608
2012-08-22 03:00:00,40.39135669817706
2012-08-22 04:00:00,41.19008137025772
2012-08-22 05:00:00,52.79462546326332
2012-08-22 06:00:00,71.30890635948344
2012-08-22 07:00:00,96.65860661748732
2012-08-22 08:00:00,143.7550683928808
2012-08-22 09:00:00,219.79588547629228
2012-08-22 10:00:00,317.1548551488505
2012-08-22 11:00:00,444.09237676144676
2012-08-22 12:00:00,589.1505238906084
2012-08-22 13:00:00,694.1228211393897
2012-08-22 14:00:00,766.1642785537797
2012-08-22 15:00:00,800.2792176777866
2012-08-22 16:00:00,438.7791142055594
2012-08-22 17:00:00,365.5076170476975
2012-08-22 18:00:00,299.9325519278184
2012-08-22 19:00:00,332.7965572066068
2012-08-22 20:00:00,249.42651133921248
2012-08-22 21:00:00,170.24430808136657
2012-08-22 22:00:00,114.98427599203632
2012-08-22 23:00:00,74.74546265911312
2012-08-23 00:00:00,65.91193884247403
2012-08-23 01:00:00,50.41924088894128
2012-08-23 02:00:00,44.20079753260453
2012-08-23 03:00:00,42.27019775768018
2012-08-23 04:00:00,46.07440247591856
2012-08-23 05:00:00,54.62944986576356
2012-08-23 06:00:00,59.127823891151714
2012-08-23 07:00:00,87.25258709487642
2012-08-23 08:00:00,134.646640277532
2012-08-23 09:00:00,201.841863021877
2012-08-23 10:00:00,315.9326399757944
2012-08-23 11:00:00,429.5442877883544
2012-08-23 12:00:00,531.9902752798837
2012-08-23 13:00:00,605.9489807206411
2012-08-23 14:00:00,791.1356212569062
2012-08-23 15:00:00,818.5793287838478
2012-08-23 16:00:00,790.5912320377241
2012-08-23 17:00:00,649.162098788006
2012-08-23 18:00:00,524.6614881612009
2012-08-23 19:00:00,388.8013511488549
2012-08-23 20:00:00,281.3059986602039
2012-08-23 21:00:00,189.4226587447849
2012-08-23 22:00:00,117.84102702172686
2012-08-23 23:00:00,83.73905705539248
2012-08-24 00:00:00,67.67111018214537
2012-08-24 01:00:00,53.97758940786634
2012-08-24 02:00:00,53.22234759514271
2012-08-24 03:00:00,51.325615871249575
2012-08-24 04:00:00,50.04760071146768
2012-08-24 05:00:00,63.76863269530621
2012-08-24 06:00:00,71.20724758154607
2012-08-24 07:00:00,102.70144957886664
2012-08-24 08:00:00,150.72483038841656
2012-08-24 09:00:00,219.49812295833797
2012-08-24 10:00:00,299.75585507630456
2012-08-24 11:00:00,418.0967630541054
2012-08-24 12:00:00,546.4695889592535
2012-08-24 13:00:00,619.4860729491213
2012-08-24 14:00:00,813.6840612095848
2012-08-24 15:00:00,805.907348144515
2012-08-24 16:00:00,747.5769156213328
2012-08-24 17:00:00,653.1459677030701
2012-08-24 18:00:00,514.4678611885212
2012-08-24 19:00:00,378.4497676785824
2012-08-24 20:00:00,267.02766564754813
2012-08-24 21:00:00,181.92327215792986
2012-08-24 22:00:00,126.63973609805818
2012-08-24 23:00:00,88.48018515602533
2012-08-25 00:00:00,83.28191991466626
2012-08-25 01:00:00,62.57393954198935
2012-08-25 02:00:00,49.54481346277932
2012-08-25 03:00:00,50.18260038419963
2012-08-25 04:00:00,45.06951373122067
2012-08-25 05:00:00,49.057092811359354
2012-08-25 06:00:00,57.96477643981007
2012-08-25 07:00:00,76.62173365721159
2012-08-25 08:00:00,109.88189093067557
2012-08-25 09:00:00,163.81402026334646
2012-08-25 10:00:00,243.97509009958156
2012-08-25 11:00:00,348.61387380789864
2012-08-25 12:00:00,314.2981802571069
2012-08-25 13:00:00,650.2164540525217
2012-08-25 14:00:00,546.8684397212993
2012-08-25 15:00:00,940.3830860403849
2012-08-25 16:00:00,935.4937445931132
2012-08-25 17:00:00,847.4562505877443
2012-08-25 18:00:00,710.9278229173991
2012-08-25 19:00:00,517.9852576047635
2012-08-25 20:00:00,223.22843921948905
2012-08-25 21:00:00,263.024145619197
2012-08-25 22:00:00,175.89678107882668
2012-08-25 23:00:00,107.94992275588203
2012-08-26 00:00:00,68.62829539311964
2012-08-26 01:00:00,51.94556279734907
2012-08-26 02:00:00,38.47783918338185
2012-08-26 03:00:00,34.65619623272107
2012-08-26 04:00:00,34.66139179255022
2012-08-26 05:00:00,42.3748166545839
2012-08-26 06:00:00,52.00670612093278
2012-08-26 07:00:00,68.0665181144552
2012-08-26 08:00:00,104.26815153984627
2012-08-26 09:00:00,152.72034247205156
2012-08-26 10:00:00,224.84489979617885
2012-08-26 11:00:00,329.5416946664121
2012-08-26 12:00:00,259.05176218252524
2012-08-26 13:00:00,363.3386952555634
2012-08-26 14:00:00,695.5828519525222
2012-08-26 15:00:00,440.7668305186319
2012-08-26 16:00:00,441.49387008135517
2012-08-26 17:00:00,695.4953592627022
2012-08-26 18:00:00,520.2103217450153
2012-08-26 19:00:00,392.44795192503057
2012-08-26 20:00:00,308.4926918871069
2012-08-26 21:00:00,226.67511940729187
2012-08-26 22:00:00,144.2666484602722
2012-08-26 23:00:00,104.5388526276682
2012-08-27 00:00:00,52.3930357412635
2012-08-27 01:00:00,38.751577086887536
2012-08-27 02:00:00,33.943371908738996
2012-08-27 03:00:00,33.257342416668266
2012-08-27 04:00:00,38.99375501138558
2012-08-27 05:00:00,44.34638320111684
2012-08-27 06:00:00,58.566722818756276
2012-08-27 07:00:00,87.70920757663947
2012-08-27 08:00:00,128.5453644376603
2012-08-27 09:00:00,194.73439248141065
2012-08-27 10:00:00,288.45075960503635
2012-08-27 11:00:00,430.1198158972371
2012-08-27 12:00:00,584.0358129878035
2012-08-27 13:00:00,714.9147514643034
2012-08-27 14:00:00,736.6180616871665
2012-08-27 15:00:00,743.4569800692536
2012-08-27 16:00:00,683.2414821012105
2012-08-27 17:00:00,576.0603814437216
2012-08-27 18:00:00,468.42737555293
2012-08-27 19:00:00,344.7273532910832
2012-08-27 20:00:00,232.18438377883928
2012-08-27 21:00:00,150.2317270376117
2012-08-27 22:00:00,95.84377543484008
2012-08-27 23:00:00,66.14204599664326
2012-08-28 00:00:00,49.26235624674273
2012-08-28 01:00:00,37.98950785864285
2012-08-28 02:00:00,35.69295805193887
2012-08-28 03:00:00,33.17514070152339
2012-08-28 04:00:00,38.5431612258367
2012-08-28 05:00:00,42.0434516961271
2012-08-28 06:00:00,51.65741549244705
2012-08-28 07:00:00,78.09609262196084
2012-08-28 08:00:00,112.49161465592177
2012-08-28 09:00:00,173.33818017767504
2012-08-28 10:00:00,301.27162265731334
2012-08-28 11:00:00,397.4377039295985
2012-08-28 12:00:00,506.9556806413386
2012-08-28 13:00:00,605.6639178455416
2012-08-28 14:00:00,652.705612374383
2012-08-28 15:00:00,656.6859702622087
2012-08-28 16:00:00,613.8232601760316
2012-08-28 17:00:00,538.8227627334628
2012-08-28 18:00:00,437.86149651756466
2012-08-28 19:00:00,341.20180401496845
2012-08-28 20:00:00,236.72512905839739
2012-08-28 21:00:00,156.63176527325706
2012-08-28 22:00:00,111.36898677259181
2012-08-28 23:00:00,78.647430746108
2012-08-29 00:00:00,60.34703650500512
2012-08-29 01:00:00,48.04041409394178
2012-08-29 02:00:00,41.90089232727298
2012-08-29 03:00:00,41.11891828668281
2012-08-29 04:00:00,44.50097033251994
2012-08-29 05:00:00,53.47300045009869
2012-08-29 06:00:00,69.97534919823505
2012-08-29 07:00:00,100.6953947480945
2012-08-29 08:00:00,146.1007247387775
2012-08-29 09:00:00,206.02995906605994
2012-08-29 10:00:00,294.58874378434473
2012-08-29 11:00:00,424.8787399656852
2012-08-29 12:00:00,524.9456035415163
2012-08-29 13:00:00,680.3483260860644
2012-08-29 14:00:00,728.4673011462224
2012-08-29 15:00:00,739.8303015674691
2012-08-29 16:00:00,669.8025253137982
2012-08-29 17:00:00,530.9135590877988
2012-08-29 18:00:00,451.7176329723986
2012-08-29 19:00:00,358.0349140856783
2012-08-29 20:00:00,254.9623151741839
2012-08-29 21:00:00,168.00061875787816
2012-08-29 22:00:00,115.1695906355512
2012-08-29 23:00:00,81.45388349841895
2012-08-30 00:00:00,69.01416855016886
2012-08-30 01:00:00,55.67912208734241
2012-08-30 02:00:00,47.74461193138826
2012-08-30 03:00:00,46.29942584352764
2012-08-30 04:00:00,49.76843380621469
2012-08-30 05:00:00,59.00938511216093
2012-08-30 06:00:00,69.28015565408522
2012-08-30 07:00:00,105.26266583416158
2012-08-30 08:00:00,155.75783720280202
2012-08-30 09:00:00,224.98050530581148
2012-08-30 10:00:00,322.13846614354264
2012-08-30 11:00:00,398.0558748978603
2012-08-30 12:00:00,564.3608798990377
2012-08-30 13:00:00,724.5609101873952
2012-08-30 14:00:00,825.1805778878199
2012-08-30 15:00:00,772.4754713772612
2012-08-30 16:00:00,698.9394386634624
2012-08-30 17:00:00,526.525976209785
2012-08-30 18:00:00,444.7974825338583
2012-08-30 19:00:00,372.88386046892725
2012-08-30 20:00:00,269.54642034536954
2012-08-30 21:00:00,182.52413179476093
2012-08-30 22:00:00,128.89884178096443
2012-08-30 23:00:00,85.8663447608647
2012-08-31 00:00:00,66.18950231623566
2012-08-31 01:00:00,53.353311438157995
2012-08-31 02:00:00,44.774446284614555
2012-08-31 03:00:00,43.704337956719655
2012-08-31 04:00:00,47.09040929723641
2012-08-31 05:00:00,55.795308519829256
2012-08-31 06:00:00,65.13204459217039
2012-08-31 07:00:00,90.20709008197719
2012-08-31 08:00:00,145.1262170250924
2012-08-31 09:00:00,230.80998804985674
2012-08-31 10:00:00,328.64575869468234
2012-08-31 11:00:00,318.63964429363966
2012-08-31 12:00:00,411.7150723655616
2012-08-31 13:00:00,499.75166385651056
2012-08-31 14:00:00,524.1363875536823
2012-08-31 15:00:00,531.5217596518008
2012-08-31 16:00:00,493.5953119932556
2012-08-31 17:00:00,476.02830565035396
2012-08-31 18:00:00,406.8624876313068
2012-08-31 19:00:00,351.7752325055515
2012-08-31 20:00:00,243.7938847643405
2012-08-31 21:00:00,183.81204662054543
2012-08-31 22:00:00,125.69995532351965
2012-08-31 23:00:00,94.14379376463432
2012-09-20 00:00:00,62.10244585889083
2012-09-20 01:00:00,46.53607461730323
2012-09-20 02:00:00,40.83547146537555
2012-09-20 03:00:00,38.345070764966444
2012-09-20 04:00:00,40.60942352499242
2012-09-20 05:00:00,48.14973927650281
2012-09-20 06:00:00,63.1786225534571
2012-09-20 07:00:00,83.91671412670125
2012-09-20 08:00:00,136.90299748554318
2012-09-20 09:00:00,210.22081418177024
2012-09-20 10:00:00,305.0660204103513
2012-09-20 11:00:00,407.47214646305036
2012-09-20 12:00:00,541.1751745719746
2012-09-20 13:00:00,683.3912792666807
2012-09-20 14:00:00,798.348532289047
2012-09-20 15:00:00,823.2681111198366
2012-09-20 16:00:00,766.7275017060227
2012-09-20 17:00:00,659.46168253659
2012-09-20 18:00:00,524.9868762232976
2012-09-20 19:00:00,385.3579099007252
2012-09-20 20:00:00,265.18603597153515
2012-09-20 21:00:00,178.422726729632
2012-09-20 22:00:00,117.33120212512249
2012-09-20 23:00:00,83.80677510767913
2012-09-21 00:00:00,68.74093769836345
2012-09-21 01:00:00,54.04806946249238
2012-09-21 02:00:00,47.70001408669067
2012-09-21 03:00:00,43.96375515135038
2012-09-21 04:00:00,48.05859580933684
2012-09-21 05:00:00,54.62107603439058
2012-09-21 06:00:00,72.56610256112614
2012-09-21 07:00:00,102.71293471514646
2012-09-21 08:00:00,150.990994466208
2012-09-21 09:00:00,229.89977323464447
2012-09-21 10:00:00,337.3679553009881
2012-09-21 11:00:00,470.98410831719735
2012-09-21 12:00:00,625.733940978939
2012-09-21 13:00:00,758.2715290795747
2012-09-21 14:00:00,855.7525949402742
2012-09-21 15:00:00,879.8133192622884
2012-09-21 16:00:00,816.914974319006
2012-09-21 17:00:00,703.1179337767134
2012-09-21 18:00:00,554.5579564593894
2012-09-21 19:00:00,404.2955886588711
2012-09-21 20:00:00,278.2245569878113
2012-09-21 21:00:00,186.20630642945403
2012-09-21 22:00:00,127.56643385628513
2012-09-21 23:00:00,89.78897664718566
2012-09-22 00:00:00,83.67743942695607
2012-09-22 01:00:00,57.71338120058007
2012-09-22 02:00:00,44.07494843906666
2012-09-22 03:00:00,41.81582288906063
2012-09-22 04:00:00,41.55894578523177
2012-09-22 05:00:00,45.80054277529024
2012-09-22 06:00:00,55.74487977673498
2012-09-22 07:00:00,77.74835122299669
2012-09-22 08:00:00,113.8100218797031
2012-09-22 09:00:00,170.02415063676276
2012-09-22 10:00:00,254.39280911543787
2012-09-22 11:00:00,366.48446611661785
2012-09-22 12:00:00,505.5754731244297
2012-09-22 13:00:00,663.6559616815722
2012-09-22 14:00:00,785.7319482937066
2012-09-22 15:00:00,892.1860063769225
2012-09-22 16:00:00,917.0110568120573
2012-09-22 17:00:00,831.2545952224356
2012-09-22 18:00:00,694.8147749717677
2012-09-22 19:00:00,542.1200982862665
2012-09-22 20:00:00,377.9403860589802
2012-09-22 21:00:00,265.2457189354136
2012-09-22 22:00:00,177.70167978678518
2012-09-22 23:00:00,116.4155784215932
2012-09-23 00:00:00,64.02417581389176
2012-09-23 01:00:00,54.32295138784845
2012-09-23 02:00:00,43.06625057810018
2012-09-23 03:00:00,39.36371019888454
2012-09-23 04:00:00,38.79946773213136
2012-09-23 05:00:00,43.36690236618433
2012-09-23 06:00:00,52.092878531705885
2012-09-23 07:00:00,69.71872306672445
2012-09-23 08:00:00,98.05354248983687
2012-09-23 09:00:00,142.6624545213134
2012-09-23 10:00:00,207.2112510321813
2012-09-23 11:00:00,308.6461315030373
2012-09-23 12:00:00,425.3492254771271
2012-09-23 13:00:00,530.3811384612194
2012-09-23 14:00:00,646.3266113798388
2012-09-23 15:00:00,668.3810548556805
2012-09-23 16:00:00,667.7475256038123
2012-09-23 17:00:00,622.3032420635592
2012-09-23 18:00:00,523.0102876339766
2012-09-23 19:00:00,416.4899970518379
2012-09-23 20:00:00,296.1333012628206
2012-09-23 21:00:00,193.7396348076419
2012-09-23 22:00:00,146.49246788124765
2012-09-23 23:00:00,92.7331792089455
2012-09-24 00:00:00,49.24593345831836
2012-09-24 01:00:00,39.111824210927516
2012-09-24 02:00:00,31.215477295396592
2012-09-24 03:00:00,33.68287532623806
2012-09-24 04:00:00,36.044572427275405
2012-09-24 05:00:00,45.08720803769815
2012-09-24 06:00:00,59.3434912640418
2012-09-24 07:00:00,82.6443921121308
2012-09-24 08:00:00,124.7200590819684
2012-09-24 09:00:00,188.677854497888
2012-09-24 10:00:00,281.03077243940794
2012-09-24 11:00:00,364.70302633026415
2012-09-24 12:00:00,482.8002417617372
2012-09-24 13:00:00,570.7365347635333
2012-09-24 14:00:00,635.4971826648906
2012-09-24 15:00:00,679.6671862996172
2012-09-24 16:00:00,604.9463995604663
2012-09-24 17:00:00,511.6037305244218
2012-09-24 18:00:00,416.4655711135487
2012-09-24 19:00:00,298.65584286090007
2012-09-24 20:00:00,225.53569535431032
2012-09-24 21:00:00,145.9415706735157
2012-09-24 22:00:00,96.71569369449182
2012-09-24 23:00:00,67.34624034408215
2012-09-25 00:00:00,50.000250854630934
2012-09-25 01:00:00,38.503139842155434
2012-09-25 02:00:00,32.18206028401076
2012-09-25 03:00:00,32.55553047972868
2012-09-25 04:00:00,35.258978253977496
2012-09-25 05:00:00,41.07114430440311
2012-09-25 06:00:00,54.659736177478216
2012-09-25 07:00:00,77.30297940459207
2012-09-25 08:00:00,123.86731939327346
2012-09-25 09:00:00,192.41180109395384
2012-09-25 10:00:00,285.8107775488369
2012-09-25 11:00:00,397.2861962004683
2012-09-25 12:00:00,527.4744750280508
2012-09-25 13:00:00,688.222653300862
2012-09-25 14:00:00,723.5028746094815
2012-09-25 15:00:00,714.3025368658324
2012-09-25 16:00:00,684.1188575140076
2012-09-25 17:00:00,568.9286919493627
2012-09-25 18:00:00,443.1562148263175
2012-09-25 19:00:00,339.0670817363469
2012-09-25 20:00:00,235.4405369386772
2012-09-25 21:00:00,155.63336086964728
2012-09-25 22:00:00,103.68431095604986
2012-09-25 23:00:00,71.45065388167899
2012-09-26 00:00:00,55.390402991336835
2012-09-26 01:00:00,44.507401495527986
2012-09-26 02:00:00,35.61745502677667
2012-09-26 03:00:00,34.8970884367966
2012-09-26 04:00:00,40.64000601129713
2012-09-26 05:00:00,48.82796195639378
2012-09-26 06:00:00,63.45061188554375
2012-09-26 07:00:00,86.86880753976315
2012-09-26 08:00:00,130.85383528460275
2012-09-26 09:00:00,202.5252732585775
2012-09-26 10:00:00,292.27787485753623
2012-09-26 11:00:00,424.99704807026563
2012-09-26 12:00:00,567.5284191982508
2012-09-26 13:00:00,693.6998194049307
2012-09-26 14:00:00,734.2121757499275
2012-09-26 15:00:00,749.1071627821656
2012-09-26 16:00:00,672.1655545621917
2012-09-26 17:00:00,573.7377994083438
2012-09-26 18:00:00,439.2861111649169
2012-09-26 19:00:00,330.9088633186284
2012-09-26 20:00:00,232.70707999719963
2012-09-26 21:00:00,157.24717512830895
2012-09-26 22:00:00,60.92168006328851
2012-09-26 23:00:00,63.98537808419497
2012-09-27 00:00:00,60.074852566894
2012-09-27 01:00:00,48.04020629361121
2012-09-27 02:00:00,42.11518052177184
2012-09-27 03:00:00,41.413026263926646
2012-09-27 04:00:00,35.79691943417669
2012-09-27 05:00:00,50.17599472992432
2012-09-27 06:00:00,59.99106779219223
2012-09-27 07:00:00,94.5063829009361
2012-09-27 08:00:00,140.42332151909386
2012-09-27 09:00:00,213.2110837923615
2012-09-27 10:00:00,263.3841162898498
2012-09-27 11:00:00,371.62698815063504
2012-09-27 12:00:00,492.40541755757243
2012-09-27 13:00:00,625.9849038215327
2012-09-27 14:00:00,673.971972955486
2012-09-27 15:00:00,704.7541837876258
2012-09-27 16:00:00,703.651227133219
2012-09-27 17:00:00,613.8651529659376
2012-09-27 18:00:00,475.77584027018133
2012-09-27 19:00:00,384.43418694361696
2012-09-27 20:00:00,238.2267389535788
2012-09-27 21:00:00,93.12343715845573
2012-09-27 22:00:00,63.15062812760571
2012-09-27 23:00:00,44.391881429327974
2012-09-28 00:00:00,33.670993743506706
2012-09-28 01:00:00,27.62795776208707
2012-09-28 02:00:00,23.85768584358214
2012-09-28 03:00:00,39.12230058552084
2012-09-28 04:00:00,25.088062569876485
2012-09-28 05:00:00,52.54348493398838
2012-09-28 06:00:00,55.464648560939324
2012-09-28 07:00:00,77.59536302714218
2012-09-28 08:00:00,142.48349479642658
2012-09-28 09:00:00,189.7768610121895
2012-09-28 10:00:00,289.647604223796
2012-09-28 11:00:00,433.6549813750857
2012-09-28 12:00:00,551.2617768340035
2012-09-28 13:00:00,673.339001317249
2012-09-28 14:00:00,774.90291629601
2012-09-28 15:00:00,804.5464802882665
2012-09-28 16:00:00,738.402524210401
2012-09-28 17:00:00,634.8357852426011
2012-09-28 18:00:00,482.2623833517067
2012-09-28 19:00:00,222.00753932793143
2012-09-28 20:00:00,156.9641520318919
2012-09-28 21:00:00,106.52756745754347
2012-09-28 22:00:00,115.20442239310526
2012-09-28 23:00:00,81.98742642596748
2012-09-29 00:00:00,84.43730455551619
2012-09-29 01:00:00,63.25339252506863
2012-09-29 02:00:00,46.09849967532483
2012-09-29 03:00:00,41.24904294205277
2012-09-29 04:00:00,45.24150201017716
2012-09-29 05:00:00,49.58605257769538
2012-09-29 06:00:00,60.20463541730933
2012-09-29 07:00:00,78.19295386180086
2012-09-29 08:00:00,111.63893182704146
2012-09-29 09:00:00,166.0187084866482
2012-09-29 10:00:00,250.37492454645445
2012-09-29 11:00:00,366.03649911393535
2012-09-29 12:00:00,474.86734573834536
2012-09-29 13:00:00,633.9030539695895
2012-09-29 14:00:00,771.4014078730685
2012-09-29 15:00:00,889.5097261430261
2012-09-29 16:00:00,876.3448244234564
2012-09-29 17:00:00,764.9358149027383
2012-09-29 18:00:00,687.1886748367242
2012-09-29 19:00:00,539.9617184474729
2012-09-29 20:00:00,381.85247252072554
2012-09-29 21:00:00,259.92620751926194
2012-09-29 22:00:00,174.6714133041931
2012-09-29 23:00:00,117.94691206740445
2012-09-30 00:00:00,73.86577802732408
2012-09-30 01:00:00,55.809437327389794
2012-09-30 02:00:00,45.301074582693616
2012-09-30 03:00:00,39.49368340532631
2012-09-30 04:00:00,39.42864632948186
2012-09-30 05:00:00,42.76127890380047
2012-09-30 06:00:00,51.29865149611023
2012-09-30 07:00:00,66.64527114487196
2012-09-30 08:00:00,99.8669030275232
2012-09-30 09:00:00,150.56051572241967
2012-09-30 10:00:00,212.57996960928403
2012-09-30 11:00:00,300.3765898412509
2012-09-30 12:00:00,413.52603077587327
2012-09-30 13:00:00,547.9206854117502
2012-09-30 14:00:00,668.4359189998034
2012-09-30 15:00:00,697.2190841354711
2012-09-30 16:00:00,698.9568383484013
2012-09-30 17:00:00,622.3864012558888
2012-09-30 18:00:00,606.9729831921721
2012-09-30 19:00:00,258.4425592830847
2012-09-30 20:00:00,183.75819061456704
2012-09-30 21:00:00,225.34091302028685
2012-09-30 22:00:00,147.62713038700042
2012-09-30 23:00:00,99.38738770936942
2012-10-20 00:00:00,74.82615473932658
2012-10-20 01:00:00,60.30500825213298
2012-10-20 02:00:00,46.91726567236678
2012-10-20 03:00:00,41.24431564699379
2012-10-20 04:00:00,43.69324654767232
2012-10-20 05:00:00,43.250195632503974
2012-10-20 06:00:00,57.88913234749984
2012-10-20 07:00:00,69.61539188323503
2012-10-20 08:00:00,111.4546067863935
2012-10-20 09:00:00,169.0111940331012
2012-10-20 10:00:00,249.242038552467
2012-10-20 11:00:00,370.63346604707306
2012-10-20 12:00:00,511.7616940552181
2012-10-20 13:00:00,662.5093817456932
2012-10-20 14:00:00,802.6739891951445
2012-10-20 15:00:00,925.5704138260894
2012-10-20 16:00:00,895.0639988612444
2012-10-20 17:00:00,766.0534735174997
2012-10-20 18:00:00,639.4744074129501
2012-10-20 19:00:00,510.50720939350646
2012-10-20 20:00:00,338.139697144039
2012-10-20 21:00:00,241.9421993735126
2012-10-20 22:00:00,164.5548277108003
2012-10-20 23:00:00,114.41506893475047
2012-10-21 00:00:00,69.66847418764682
2012-10-21 01:00:00,52.34111530148055
2012-10-21 02:00:00,42.452492637211414
2012-10-21 03:00:00,37.588470690515166
2012-10-21 04:00:00,34.667502192253025
2012-10-21 05:00:00,41.497370429717726
2012-10-21 06:00:00,52.31516100091885
2012-10-21 07:00:00,69.07977947486492
2012-10-21 08:00:00,98.46551665713689
2012-10-21 09:00:00,144.85963486997952
2012-10-21 10:00:00,211.58171557292104
2012-10-21 11:00:00,302.8966093503276
2012-10-21 12:00:00,408.3217042674257
2012-10-21 13:00:00,532.1521389909864
2012-10-21 14:00:00,632.9209959346523
2012-10-21 15:00:00,699.6338119475455
2012-10-21 16:00:00,716.2499220875973
2012-10-21 17:00:00,657.1022092872764
2012-10-21 18:00:00,541.1422925932146
2012-10-21 19:00:00,419.48712133699223
2012-10-21 20:00:00,299.98673580125995
2012-10-21 21:00:00,209.71792197347065
2012-10-21 22:00:00,143.85061459471666
2012-10-21 23:00:00,99.90563510206779
2012-10-22 00:00:00,48.58289233936754
2012-10-22 01:00:00,38.00125986024655
2012-10-22 02:00:00,32.741352981277004
2012-10-22 03:00:00,33.19281109381841
2012-10-22 04:00:00,35.37913937605125
2012-10-22 05:00:00,40.364522821851345
2012-10-22 06:00:00,51.22121570031098
2012-10-22 07:00:00,78.85814005875378
2012-10-22 08:00:00,125.22512784101228
2012-10-22 09:00:00,191.17640466527706
2012-10-22 10:00:00,295.35352565647116
2012-10-22 11:00:00,372.05177095161775
2012-10-22 12:00:00,505.8275844837167
2012-10-22 13:00:00,564.7978486508861
2012-10-22 14:00:00,624.1856976916091
2012-10-22 15:00:00,658.1045200873781
2012-10-22 16:00:00,644.4388241989502
2012-10-22 17:00:00,535.4000685972064
2012-10-22 18:00:00,503.21052606276425
2012-10-22 19:00:00,341.554078831907
2012-10-22 20:00:00,233.0414006314145
2012-10-22 21:00:00,151.6070722770021
2012-10-22 22:00:00,90.50491841132445
2012-10-22 23:00:00,62.488467939453756
2012-10-23 00:00:00,43.46670899989668
2012-10-23 01:00:00,38.63019269079499
2012-10-23 02:00:00,29.849855206908995
2012-10-23 03:00:00,32.51670678506294
2012-10-23 04:00:00,34.76030859997376
2012-10-23 05:00:00,42.578347071050295
2012-10-23 06:00:00,51.81564599502818
2012-10-23 07:00:00,71.53846200479032
2012-10-23 08:00:00,111.10777682949275
2012-10-23 09:00:00,172.67840044824098
2012-10-23 10:00:00,303.43703450529074
2012-10-23 11:00:00,433.66366381622674
2012-10-23 12:00:00,503.65643380972455
2012-10-23 13:00:00,630.8293317272039
2012-10-23 14:00:00,750.8646097372498
2012-10-23 15:00:00,768.8245544223399
2012-10-23 16:00:00,734.5796403389598
2012-10-23 17:00:00,600.4341506605983
2012-10-23 18:00:00,499.9578511464136
2012-10-23 19:00:00,359.42489410043186
2012-10-23 20:00:00,245.34316037762088
2012-10-23 21:00:00,162.78039760186957
2012-10-23 22:00:00,106.80708047851662
2012-10-23 23:00:00,71.64581368122616
2012-10-24 00:00:00,54.61964231591813
2012-10-24 01:00:00,45.431246518506846
2012-10-24 02:00:00,40.154204634202436
2012-10-24 03:00:00,36.293082695904594
2012-10-24 04:00:00,39.473426723363815
2012-10-24 05:00:00,46.031800935600515
2012-10-24 06:00:00,58.570289989802305
2012-10-24 07:00:00,77.70560352722673
2012-10-24 08:00:00,110.32092829540427
2012-10-24 09:00:00,173.85097953229936
2012-10-24 10:00:00,270.3304673095474
2012-10-24 11:00:00,444.98277480689796
2012-10-24 12:00:00,591.1358727795813
2012-10-24 13:00:00,727.1550733537877
2012-10-24 14:00:00,612.1982664013709
2012-10-24 15:00:00,724.1851098929193
2012-10-24 16:00:00,605.08273345242
2012-10-24 17:00:00,615.7992852823743
2012-10-24 18:00:00,458.38061629148604
2012-10-24 19:00:00,311.5414960235234
2012-10-24 20:00:00,219.04372350780915
2012-10-24 21:00:00,146.57100853784536
2012-10-24 22:00:00,98.86213972490691
2012-10-24 23:00:00,68.84234747833467
2012-10-25 00:00:00,58.43010289215158
2012-10-25 01:00:00,52.05882280156949
2012-10-25 02:00:00,43.02020244551965
2012-10-25 03:00:00,32.8820326940198
2012-10-25 04:00:00,35.40210820655019
2012-10-25 05:00:00,41.85397810875674
2012-10-25 06:00:00,54.04726877948577
2012-10-25 07:00:00,74.85784430324442
2012-10-25 08:00:00,115.28532813504975
2012-10-25 09:00:00,170.74613791812598
2012-10-25 10:00:00,254.90938125936495
2012-10-25 11:00:00,364.6617781084283
2012-10-25 12:00:00,519.3892460470631
2012-10-25 13:00:00,659.2374804892288
2012-10-25 14:00:00,853.5022523630414
2012-10-25 15:00:00,899.8191840418335
2012-10-25 16:00:00,831.750225773303
2012-10-25 17:00:00,701.4969902842105
2012-10-25 18:00:00,489.8516479682629
2012-10-25 19:00:00,349.4656820048508
2012-10-25 20:00:00,203.94037200490908
2012-10-25 21:00:00,137.54608763618333
2012-10-25 22:00:00,100.10787636552587
2012-10-25 23:00:00,69.91168959258133
2012-10-26 00:00:00,60.564023313519044
2012-10-26 01:00:00,42.64893744617057
2012-10-26 02:00:00,37.60386742316458
2012-10-26 03:00:00,36.54056324413469
2012-10-26 04:00:00,39.391677041434804
2012-10-26 05:00:00,46.870175999170264
2012-10-26 06:00:00,60.54632348795947
2012-10-26 07:00:00,83.45381467711029
2012-10-26 08:00:00,121.42402843339616
2012-10-26 09:00:00,178.71663931640825
2012-10-26 10:00:00,261.755572625415
2012-10-26 11:00:00,413.1458083406796
2012-10-26 12:00:00,574.1734792387916
2012-10-26 13:00:00,728.4408867624034
2012-10-26 14:00:00,831.2883209252404
2012-10-26 15:00:00,854.1484976385975
2012-10-26 16:00:00,769.0936120537499
2012-10-26 17:00:00,632.1409052639519
2012-10-26 18:00:00,483.8738378001506
2012-10-26 19:00:00,332.03412544757407
2012-10-26 20:00:00,230.11253163173438
2012-10-26 21:00:00,165.07595313660926
2012-10-26 22:00:00,105.99866023436498
2012-10-26 23:00:00,82.6690411870895
2012-10-27 00:00:00,71.86249633247951
2012-10-27 01:00:00,48.69357056865501
2012-10-27 02:00:00,39.5129678949674
2012-10-27 03:00:00,39.17306183469004
2012-10-27 04:00:00,35.21528864372968
2012-10-27 05:00:00,41.55026685706419
2012-10-27 06:00:00,50.53881891044528
2012-10-27 07:00:00,72.23506585809945
2012-10-27 08:00:00,108.82356938304748
2012-10-27 09:00:00,160.25589624714695
2012-10-27 10:00:00,250.9182997759703
2012-10-27 11:00:00,383.7970164658252
2012-10-27 12:00:00,533.1640645917262
2012-10-27 13:00:00,660.4497013787577
2012-10-27 14:00:00,834.820272186856
2012-10-27 15:00:00,902.7075302806313
2012-10-27 16:00:00,909.51598359405
2012-10-27 17:00:00,824.4604415339775
2012-10-27 18:00:00,677.8265123198123
2012-10-27 19:00:00,493.0867082721604
2012-10-27 20:00:00,349.0872991257798
2012-10-27 21:00:00,237.05165804675536
2012-10-27 22:00:00,158.39444692679217
2012-10-27 23:00:00,108.51822532492021
2012-10-28 00:00:00,42.67913362327996
2012-10-28 01:00:00,49.412624085442054
2012-10-28 02:00:00,41.10020133338886
2012-10-28 03:00:00,37.29391209464103
2012-10-28 04:00:00,37.210334012179906
2012-10-28 05:00:00,41.199026237169925
2012-10-28 06:00:00,49.91524680136941
2012-10-28 07:00:00,65.95377928788056
2012-10-28 08:00:00,92.36652278736204
2012-10-28 09:00:00,133.89219937152387
2012-10-28 10:00:00,192.26937279996116
2012-10-28 11:00:00,285.52858938072166
2012-10-28 12:00:00,408.8959618208635
2012-10-28 13:00:00,541.8043534291196
2012-10-28 14:00:00,669.4329158852468
2012-10-28 15:00:00,744.6599419873172
2012-10-28 16:00:00,465.89016954717056
2012-10-28 17:00:00,395.5115912131071
2012-10-28 18:00:00,258.1506376409539
2012-10-28 19:00:00,195.93182315049913
2012-10-28 20:00:00,139.06586266449807
2012-10-28 21:00:00,105.49402982069059
2012-10-28 22:00:00,71.16141756477067
2012-10-28 23:00:00,43.78628278217218
2012-10-29 00:00:00,24.010738753379286
2012-10-30 13:00:00,293.4824578774823
2012-10-30 14:00:00,334.8816100145422
2012-10-30 15:00:00,329.3216008603951
2012-10-30 16:00:00,303.2977212518333
2012-10-30 17:00:00,252.35354952566826
2012-10-30 18:00:00,196.43937022907159
2012-10-30 19:00:00,314.4325654607489
2012-10-30 20:00:00,153.97309743934107
2012-10-30 21:00:00,99.8104208794394
2012-10-30 22:00:00,76.69037291263261
2012-10-30 23:00:00,52.901553048659785
2012-10-31 00:00:00,37.278457014065054
2012-10-31 01:00:00,30.002175989888666
2012-10-31 02:00:00,25.899385918219494
2012-10-31 03:00:00,25.95621809731566
2012-10-31 04:00:00,25.264455005052405
2012-10-31 05:00:00,33.1318939657411
2012-10-31 06:00:00,47.8706722159422
2012-10-31 07:00:00,56.88744543659154
2012-10-31 08:00:00,102.56869718795774
2012-10-31 09:00:00,159.44823480947161
2012-10-31 10:00:00,241.49011255862138
2012-10-31 11:00:00,324.165944591511
2012-10-31 12:00:00,521.7964727751194
2012-10-31 13:00:00,637.2465367794836
2012-10-31 14:00:00,652.1552105442482
2012-10-31 15:00:00,753.6051300953783
2012-10-31 16:00:00,625.444907341965
2012-10-31 17:00:00,519.7388031625414
2012-10-31 18:00:00,397.16833962073747
2012-10-31 19:00:00,273.4248410335446
2012-10-31 20:00:00,186.6367584014986
2012-10-31 21:00:00,125.00531236050422
2012-10-31 22:00:00,89.2835740814145
2012-10-31 23:00:00,63.918958605116785
2012-11-20 00:00:00,40.23935888664592
2012-11-20 01:00:00,33.08447635461058
2012-11-20 02:00:00,24.636501257729957
2012-11-20 03:00:00,25.183280973154627
2012-11-20 04:00:00,27.069630656448922
2012-11-20 05:00:00,32.64020612416285
2012-11-20 06:00:00,42.26237878190357
2012-11-20 07:00:00,64.4645526239509
2012-11-20 08:00:00,97.94429017135009
2012-11-20 09:00:00,144.94201845524546
2012-11-20 10:00:00,226.4369764109253
2012-11-20 11:00:00,333.59548920863523
2012-11-20 12:00:00,461.6158003838065
2012-11-20 13:00:00,590.1681073989763
2012-11-20 14:00:00,663.4738347290237
2012-11-20 15:00:00,685.1852237452506
2012-11-20 16:00:00,620.2099460043165
2012-11-20 17:00:00,495.6123478766232
2012-11-20 18:00:00,383.7489467231197
2012-11-20 19:00:00,271.34244723245797
2012-11-20 20:00:00,174.77542456536747
2012-11-20 21:00:00,128.75351012087108
2012-11-20 22:00:00,85.74683611380046
2012-11-20 23:00:00,51.17820665176489
2012-11-21 00:00:00,41.24143311301602
2012-11-21 01:00:00,31.34078527748093
2012-11-21 02:00:00,24.373556364393412
2012-11-21 03:00:00,23.880598749350312
2012-11-21 04:00:00,25.97324324144291
2012-11-21 05:00:00,31.179970350764698
2012-11-21 06:00:00,41.695588522815136
2012-11-21 07:00:00,57.202014659887176
2012-11-21 08:00:00,82.60631887786444
2012-11-21 09:00:00,148.05542791736713
2012-11-21 10:00:00,247.4097352431795
2012-11-21 11:00:00,346.3317955831973
2012-11-21 12:00:00,446.64367972150274
2012-11-21 13:00:00,514.6292844202835
2012-11-21 14:00:00,575.1192037683547
2012-11-21 15:00:00,615.8765258848483
2012-11-21 16:00:00,532.447534498181
2012-11-21 17:00:00,469.4625912422113
2012-11-21 18:00:00,357.6181838493815
2012-11-21 19:00:00,259.2913676952938
2012-11-21 20:00:00,184.46315544297022
2012-11-21 21:00:00,125.49026950813519
2012-11-21 22:00:00,82.4975253350142
2012-11-21 23:00:00,59.249281657118566
2012-11-22 00:00:00,57.087056670011
2012-11-22 01:00:00,42.010928650868664
2012-11-22 02:00:00,31.854711584183004
2012-11-22 03:00:00,29.4287040355809
2012-11-22 04:00:00,27.989450317505955
2012-11-22 05:00:00,34.45397199315565
2012-11-22 06:00:00,45.13893558622143
2012-11-22 07:00:00,56.251101374729295
2012-11-22 08:00:00,82.36800280867784
2012-11-22 09:00:00,146.08222523776328
2012-11-22 10:00:00,223.07235853429702
2012-11-22 11:00:00,316.30943607636834
2012-11-22 12:00:00,423.36278470267314
2012-11-22 13:00:00,528.3644476041773
2012-11-22 14:00:00,619.8505626470618
2012-11-22 15:00:00,670.3097179333857
2012-11-22 16:00:00,685.7467974374716
2012-11-22 17:00:00,609.862320993245
2012-11-22 18:00:00,517.6628462995615
2012-11-22 19:00:00,387.39676159693323
2012-11-22 20:00:00,271.4674021483326
2012-11-22 21:00:00,179.40675436846465
2012-11-22 22:00:00,121.52735202361644
2012-11-22 23:00:00,80.11514578270176
2012-11-23 00:00:00,52.2579977785349
2012-11-23 01:00:00,37.38667188148623
2012-11-23 02:00:00,33.87226910951842
2012-11-23 03:00:00,35.04095509090484
2012-11-23 04:00:00,34.145439828612616
2012-11-23 05:00:00,40.848526693139334
2012-11-23 06:00:00,52.71734936778999
2012-11-23 07:00:00,72.73207970336178
2012-11-23 08:00:00,93.11956708794423
2012-11-23 09:00:00,159.4948814991622
2012-11-23 10:00:00,257.21084926220215
2012-11-23 11:00:00,386.35985922966466
2012-11-23 12:00:00,477.0289498496864
2012-11-23 13:00:00,600.8469579079508
2012-11-23 14:00:00,682.5211530896895
2012-11-23 15:00:00,735.0871714805565
2012-11-23 16:00:00,620.3659611838838
2012-11-23 17:00:00,511.4365308484438
2012-11-23 18:00:00,417.9225122470515
2012-11-23 19:00:00,305.49573820874036
2012-11-23 20:00:00,221.93123742025864
2012-11-23 21:00:00,158.57090346753765
2012-11-23 22:00:00,90.33334172686045
2012-11-23 23:00:00,67.29037491531369
2012-11-24 00:00:00,60.769942181467414
2012-11-24 01:00:00,40.97478543399393
2012-11-24 02:00:00,31.517319785813516
2012-11-24 03:00:00,28.428854237810068
2012-11-24 04:00:00,26.689797169591134
2012-11-24 05:00:00,30.030751369192423
2012-11-24 06:00:00,37.05051414444866
2012-11-24 07:00:00,43.72232558873234
2012-11-24 08:00:00,62.432272228625386
2012-11-24 09:00:00,89.16679167344807
2012-11-24 10:00:00,140.34594963130394
2012-11-24 11:00:00,208.78381503559214
2012-11-24 12:00:00,277.6219821719498
2012-11-24 13:00:00,437.39487906742573
2012-11-24 14:00:00,503.3083221823342
2012-11-24 15:00:00,574.7179818474127
2012-11-24 16:00:00,570.9001828559392
2012-11-24 17:00:00,526.8997722620813
2012-11-24 18:00:00,418.1076577963121
2012-11-24 19:00:00,334.41106873649437
2012-11-24 20:00:00,235.34036862997968
2012-11-24 21:00:00,163.06745786549237
2012-11-24 22:00:00,108.85507905184423
2012-11-24 23:00:00,73.81646765364896
2012-11-25 00:00:00,45.901965054126336
2012-11-25 01:00:00,34.44508526837879
2012-11-25 02:00:00,27.176817220215675
2012-11-25 03:00:00,27.476689746762407
2012-11-25 04:00:00,27.431441914680654
2012-11-25 05:00:00,26.120833552056578
2012-11-25 06:00:00,32.46073089569819
2012-11-25 07:00:00,44.07420747379606
2012-11-25 08:00:00,60.611465811666136
2012-11-25 09:00:00,86.85835677126637
2012-11-25 10:00:00,142.38716391737708
2012-11-25 11:00:00,183.78250966198863
2012-11-25 12:00:00,258.9031165554758
2012-11-25 13:00:00,343.37334948394266
2012-11-25 14:00:00,439.60772343848566
2012-11-25 15:00:00,539.150381141062
2012-11-25 16:00:00,522.4764955069702
2012-11-25 17:00:00,474.6966763113489
2012-11-25 18:00:00,394.5304602649093
2012-11-25 19:00:00,313.4736986658028
2012-11-25 20:00:00,245.62407009489954
2012-11-25 21:00:00,162.4883693238213
2012-11-25 22:00:00,113.08608967331486
2012-11-25 23:00:00,72.50761116423857
2012-11-26 00:00:00,37.06877828170961
2012-11-26 01:00:00,28.92956733616748
2012-11-26 02:00:00,25.404676156637805
2012-11-26 03:00:00,24.827906350953068
2012-11-26 04:00:00,27.588606738241612
2012-11-26 05:00:00,30.883532233614037
2012-11-26 06:00:00,43.98304148503349
2012-11-26 07:00:00,64.21230144413605
2012-11-26 08:00:00,95.42815602086947
2012-11-26 09:00:00,144.2476909190487
2012-11-26 10:00:00,225.9204178157438
2012-11-26 11:00:00,307.8649820855807
2012-11-26 12:00:00,419.0794383643278
2012-11-26 13:00:00,526.421775464583
2012-11-26 14:00:00,608.4476366303339
2012-11-26 15:00:00,613.9736170161178
2012-11-26 16:00:00,538.3979537919971
2012-11-26 17:00:00,452.79159079743516
2012-11-26 18:00:00,372.67886689121303
2012-11-26 19:00:00,277.8545403765286
2012-11-26 20:00:00,182.5694075341311
2012-11-26 21:00:00,120.40034795285024
2012-11-26 22:00:00,82.19278379817472
2012-11-26 23:00:00,49.339444474880686
2012-11-27 00:00:00,36.88967488874917
2012-11-27 01:00:00,28.941258832682195
2012-11-27 02:00:00,24.80552133352092
2012-11-27 03:00:00,15.713432936282608
2012-11-27 04:00:00,14.876103742385187
2012-11-27 05:00:00,28.123967981689574
2012-11-27 06:00:00,37.86098916712428
2012-11-27 07:00:00,34.04823408788479
2012-11-27 08:00:00,51.454721945695724
2012-11-27 09:00:00,125.21074278633517
2012-11-27 10:00:00,116.75262031341389
2012-11-27 11:00:00,148.56071094721895
2012-11-27 12:00:00,198.38433670521013
2012-11-27 13:00:00,255.24080608814913
2012-11-27 14:00:00,284.84560143656694
2012-11-27 15:00:00,525.3487464246646
2012-11-27 16:00:00,483.83427396447576
2012-11-27 17:00:00,401.5044854089665
2012-11-27 18:00:00,303.98642723181126
2012-11-27 19:00:00,237.19158550927867
2012-11-27 20:00:00,152.26993989424722
2012-11-27 21:00:00,94.45780663733551
2012-11-27 22:00:00,65.45553243724737
2012-11-27 23:00:00,40.72253442426483
2012-11-28 00:00:00,32.50557377470588
2012-11-28 01:00:00,26.669241647822254
2012-11-28 02:00:00,23.571490298629957
2012-11-28 03:00:00,23.681316570998682
2012-11-28 04:00:00,25.78115515392459
2012-11-28 05:00:00,31.64654066400537
2012-11-28 06:00:00,40.964055961719694
2012-11-28 07:00:00,56.86157206799765
2012-11-28 08:00:00,87.73889390426437
2012-11-28 09:00:00,137.8045687056317
2012-11-28 10:00:00,213.98255506389742
2012-11-28 11:00:00,295.4126968792536
2012-11-28 12:00:00,376.18796696211814
2012-11-28 13:00:00,490.2204371165196
2012-11-28 14:00:00,540.9538780848457
2012-11-28 15:00:00,494.8957990507965
2012-11-28 16:00:00,433.9374901182607
2012-11-28 17:00:00,375.2932775169589
2012-11-28 18:00:00,282.33248622714865
2012-11-28 19:00:00,215.71514772648072
2012-11-28 20:00:00,150.5565880981097
2012-11-28 21:00:00,100.35868404208391
2012-11-28 22:00:00,69.29249163659689
2012-11-28 23:00:00,49.751577028194674
2012-11-29 00:00:00,43.07985148911766
2012-11-29 01:00:00,34.826026709145445
2012-11-29 02:00:00,31.58010990407987
2012-11-29 04:00:00,29.49142412052357
2012-11-29 05:00:00,37.8907057942463
2012-11-29 06:00:00,49.966239167202644
2012-11-29 07:00:00,68.51098421553685
2012-11-29 08:00:00,93.41263969860032
2012-11-29 09:00:00,153.29519171345046
2012-11-29 10:00:00,227.68422914760865
2012-11-29 11:00:00,291.4691370292403
2012-11-29 12:00:00,409.19692417013016
2012-11-29 13:00:00,488.23618690812407
2012-11-29 14:00:00,601.6620479598331
2012-11-29 15:00:00,606.5985351192169
2012-11-29 16:00:00,558.8086596083469
2012-11-29 17:00:00,456.53619462371927
2012-11-29 18:00:00,380.7812747639883
2012-11-29 19:00:00,268.34349960280804
2012-11-29 20:00:00,188.96769525103466
2012-11-29 21:00:00,125.89092346913462
2012-11-29 22:00:00,86.29056046586868
2012-11-29 23:00:00,64.71071651114646
2012-11-30 00:00:00,46.71148405454669
2012-11-30 01:00:00,37.7980548651126
2012-11-30 02:00:00,34.34720124257344
2012-11-30 03:00:00,33.47291825278957
2012-11-30 04:00:00,35.35270430148871
2012-11-30 05:00:00,39.59109649960795
2012-11-30 06:00:00,48.01224337037162
2012-11-30 07:00:00,71.9077964838973
2012-11-30 08:00:00,90.73239730021729
2012-11-30 09:00:00,153.33163371438155
2012-11-30 10:00:00,236.66337337617446
2012-11-30 11:00:00,329.9340825146223
2012-11-30 12:00:00,453.90191633068076
2012-11-30 13:00:00,530.9035118357036
2012-11-30 14:00:00,603.3047915833887
2012-11-30 15:00:00,615.3244569676125
2012-11-30 16:00:00,654.7164359638712
2012-11-30 17:00:00,538.6144881638653
2012-11-30 18:00:00,408.7943902163192
2012-11-30 19:00:00,320.2203063728148
2012-11-30 20:00:00,221.92509664484066
2012-11-30 21:00:00,137.55595387543002
2012-11-30 22:00:00,97.40474600582415
2012-11-30 23:00:00,60.1021747864557
2012-12-20 00:00:00,45.82568973448952
2012-12-20 01:00:00,37.96244516720867
2012-12-20 02:00:00,33.280357321810264
2012-12-20 03:00:00,27.307685812440237
2012-12-20 04:00:00,29.35372802138813
2012-12-20 05:00:00,34.77093404922719
2012-12-20 06:00:00,47.16731771947875
2012-12-20 07:00:00,64.52806525035733
2012-12-20 08:00:00,93.65266464789033
2012-12-20 09:00:00,138.85934231776272
2012-12-20 10:00:00,207.00661233041455
2012-12-20 11:00:00,282.33983028489433
2012-12-20 12:00:00,392.1663899342869
2012-12-20 13:00:00,497.5858350578913
2012-12-20 14:00:00,558.7870095374334
2012-12-20 15:00:00,573.1603668679484
2012-12-20 16:00:00,501.58051421365457
2012-12-20 17:00:00,452.1143536947821
2012-12-20 18:00:00,344.5639131364249
2012-12-20 19:00:00,154.58058094691467
2012-12-20 20:00:00,106.10483425045503
2012-12-20 21:00:00,71.56162699401416
2012-12-20 22:00:00,43.61472815774262
2012-12-20 23:00:00,35.595896460143656
2012-12-21 00:00:00,27.355531746352643
2012-12-21 01:00:00,22.39248783895394
2012-12-21 02:00:00,18.412271812502226
2012-12-21 03:00:00,17.943600844662345
2012-12-21 04:00:00,32.259226817315884
2012-12-21 05:00:00,36.4961704933334
2012-12-21 06:00:00,47.77282043629629
2012-12-21 07:00:00,69.23709861408025
2012-12-21 08:00:00,97.57510079723247
2012-12-21 09:00:00,127.73855424442809
2012-12-21 10:00:00,204.94796772425926
2012-12-21 11:00:00,262.6271944668323
2012-12-21 12:00:00,340.16511927987085
2012-12-21 13:00:00,421.55708915400675
2012-12-21 14:00:00,477.4309183251743
2012-12-21 15:00:00,497.00591968449055
2012-12-21 16:00:00,446.17596298252124
2012-12-21 17:00:00,404.8673541702059
2012-12-21 18:00:00,313.9197779284114
2012-12-21 19:00:00,244.01343116644844
2012-12-21 20:00:00,165.90579493628096
2012-12-21 21:00:00,106.04109347827044
2012-12-21 22:00:00,74.96070687649764
2012-12-21 23:00:00,53.95407067709371
2012-12-22 00:00:00,48.21244990715848
2012-12-22 01:00:00,36.182649709917385
2012-12-22 02:00:00,29.40014899687587
2012-12-22 03:00:00,27.274941725259577
2012-12-22 04:00:00,28.815584976248285
2012-12-22 05:00:00,30.450113261266413
2012-12-22 06:00:00,35.799740102812606
2012-12-22 07:00:00,47.37462648767441
2012-12-22 08:00:00,65.57394606094742
2012-12-22 09:00:00,102.00184637516257
2012-12-22 10:00:00,152.7016930487995
2012-12-22 11:00:00,219.44307853510776
2012-12-22 12:00:00,292.0156474827362
2012-12-22 13:00:00,406.95199401604424
2012-12-22 14:00:00,500.185584921728
2012-12-22 15:00:00,523.1638159586456
2012-12-22 16:00:00,572.1808712712187
2012-12-22 17:00:00,521.809455492141
2012-12-22 18:00:00,417.3285329291884
2012-12-22 19:00:00,326.8432958263023
2012-12-22 20:00:00,241.15308479546357
2012-12-22 21:00:00,160.58214019491814
2012-12-22 22:00:00,107.3889299879297
2012-12-22 23:00:00,74.17287658557801
2012-12-23 00:00:00,43.66062985629089
2012-12-23 01:00:00,33.660168543762005
2012-12-23 02:00:00,27.906283580916945
2012-12-23 03:00:00,25.18865271939989
2012-12-23 04:00:00,24.456050600214695
2012-12-23 05:00:00,29.88087785940739
2012-12-23 06:00:00,34.523199342546555
2012-12-23 07:00:00,45.58630713777267
2012-12-23 08:00:00,61.6103801505854
2012-12-23 09:00:00,96.70574693655863
2012-12-23 10:00:00,143.36615893644392
2012-12-23 11:00:00,204.10008228473103
2012-12-23 12:00:00,287.03524186167766
2012-12-23 13:00:00,374.5595818941617
2012-12-23 14:00:00,407.3894184309831
2012-12-23 15:00:00,496.1866136376875
2012-12-23 16:00:00,495.81002399420913
2012-12-23 17:00:00,516.2267664520026
2012-12-23 18:00:00,402.9102197439928
2012-12-23 19:00:00,314.5577502946592
2012-12-23 20:00:00,238.79635183449597
2012-12-23 21:00:00,157.85719988280502
2012-12-23 22:00:00,101.8604744471704
2012-12-23 23:00:00,73.48656627393808
2012-12-24 00:00:00,35.28538652526588
2012-12-24 01:00:00,28.090365286326445
2012-12-24 02:00:00,23.50139519937354
2012-12-24 03:00:00,22.967836138872723
2012-12-24 05:00:00,26.6232242042525
2012-12-24 06:00:00,39.887461566020214
2012-12-24 07:00:00,58.188057885917694
2012-12-24 08:00:00,88.21064550989202
2012-12-24 09:00:00,117.89439640618843
2012-12-24 10:00:00,191.29081645194276
2012-12-24 11:00:00,256.3532162761573
2012-12-24 12:00:00,369.65637555515383
2012-12-24 13:00:00,257.51823872475126
2012-12-24 14:00:00,274.7165569756264
2012-12-24 15:00:00,269.33269731376043
2012-12-24 16:00:00,247.24541824913888
2012-12-24 17:00:00,192.2847109346034
2012-12-24 18:00:00,148.87378939878343
2012-12-24 19:00:00,161.7731716360694
2012-12-24 20:00:00,69.19429650067705
2012-12-24 21:00:00,46.642612440304866
2012-12-24 22:00:00,51.51288278867212
2012-12-24 23:00:00,22.57218208052488
2012-12-25 00:00:00,18.929107119219974
2012-12-25 01:00:00,24.576219393514013
2012-12-25 02:00:00,20.55658584436072
2012-12-25 04:00:00,19.904832931289693
2012-12-25 05:00:00,20.32722782675848
2012-12-25 06:00:00,25.917048069850292
2012-12-25 07:00:00,35.7995043507074
2012-12-25 08:00:00,62.8749528156063
2012-12-25 09:00:00,91.61311819045346
2012-12-25 10:00:00,178.90114633026226
2012-12-25 11:00:00,275.1712163255998
2012-12-25 12:00:00,394.7577423283409
2012-12-25 13:00:00,570.5318183363321
2012-12-25 14:00:00,649.9280558095634
2012-12-25 15:00:00,664.884103801594
2012-12-25 16:00:00,579.4723836372485
2012-12-25 17:00:00,496.6438768614675
2012-12-25 18:00:00,391.61140644654364
2012-12-25 19:00:00,283.3751574506242
2012-12-25 20:00:00,192.77800967379488
2012-12-25 21:00:00,124.9671010463696
2012-12-25 22:00:00,82.76297780520537
2012-12-25 23:00:00,53.87474973425616
2012-12-26 00:00:00,33.40631613644892
2012-12-26 01:00:00,25.32708387234758
2012-12-26 02:00:00,22.385230134145097
2012-12-26 03:00:00,21.258710924866932
2012-12-26 04:00:00,25.233675591702614
2012-12-26 05:00:00,27.89809546079204
2012-12-26 06:00:00,36.566069753595386
2012-12-26 07:00:00,27.660145792044446
2012-12-26 08:00:00,40.52240850585669
2012-12-26 09:00:00,60.501196495901524
2012-12-26 10:00:00,89.63573763092606
2012-12-26 11:00:00,125.99742592000852
2012-12-26 12:00:00,173.02279895221218
2012-12-26 13:00:00,215.19022084039253
2012-12-26 14:00:00,228.04275023286917
2012-12-26 15:00:00,256.94848278240624
2012-12-26 16:00:00,236.24633857008095
2012-12-26 17:00:00,181.00548373282874
2012-12-26 18:00:00,143.82654486962304
2012-12-26 19:00:00,116.58452375888307
2012-12-26 20:00:00,74.59080043017059
2012-12-26 21:00:00,81.91228726282765
2012-12-26 22:00:00,29.428831613825977
2012-12-26 23:00:00,23.222407386630266
2012-12-27 00:00:00,19.58874251841662
2012-12-27 01:00:00,13.886721168561678
2012-12-27 02:00:00,20.822614692893865
2012-12-27 03:00:00,20.99066434207305
2012-12-27 04:00:00,22.111783696077776
2012-12-27 05:00:00,33.77422427447545
2012-12-27 06:00:00,42.166126270307274
2012-12-27 07:00:00,60.751003108080404
2012-12-27 08:00:00,88.98049756045839
2012-12-27 09:00:00,129.28888543702178
2012-12-27 10:00:00,192.12653746783914
2012-12-27 11:00:00,253.10070842816089
2012-12-27 12:00:00,378.83439802769385
2012-12-27 13:00:00,473.7369458758624
2012-12-27 14:00:00,469.6924267475593
2012-12-27 15:00:00,484.87154797032684
2012-12-27 16:00:00,460.8916770853378
2012-12-27 17:00:00,388.7154031389792
2012-12-27 18:00:00,303.5562910720658
2012-12-27 19:00:00,237.88922332321735
2012-12-27 20:00:00,170.55040303405448
2012-12-27 21:00:00,101.84722806222396
2012-12-27 22:00:00,67.80892278494873
2012-12-27 23:00:00,48.35657846743106
2012-12-28 00:00:00,39.92079948660401
2012-12-28 01:00:00,34.88703656621429
2012-12-28 02:00:00,30.734172537946883
2012-12-28 03:00:00,27.676555431089724
2012-12-28 04:00:00,30.50756026973529
2012-12-28 05:00:00,36.22881407373077
2012-12-28 06:00:00,48.603647732214256
2012-12-28 07:00:00,68.49854445614758
2012-12-28 08:00:00,91.06119485560342
2012-12-28 09:00:00,128.64023425428178
2012-12-28 10:00:00,193.31952395741564
2012-12-28 11:00:00,279.88078136508733
2012-12-28 12:00:00,384.46501090368537
2012-12-28 13:00:00,476.96285467149266
2012-12-28 14:00:00,540.4384462751417
2012-12-28 15:00:00,575.745749440968
2012-12-28 16:00:00,568.7153124596161
2012-12-28 17:00:00,463.0431493567459
2012-12-28 18:00:00,358.7932753335865
2012-12-28 19:00:00,230.47140756817552
2012-12-28 20:00:00,166.54375960633652
2012-12-28 21:00:00,109.44932891784286
2012-12-28 22:00:00,76.50451897850121
2012-12-28 23:00:00,54.710788142472666
2012-12-29 00:00:00,50.0389484837734
2012-12-29 01:00:00,36.05106351403603
2012-12-29 02:00:00,30.490965836170446
2012-12-29 03:00:00,26.63595661178867
2012-12-29 04:00:00,26.106287110414378
2012-12-29 05:00:00,28.799544772626547
2012-12-29 06:00:00,35.8851992854605
2012-12-29 07:00:00,47.41209955509573
2012-12-29 08:00:00,63.351966650527274
2012-12-29 09:00:00,93.29344968334738
2012-12-29 10:00:00,87.22837571533083
2012-12-29 11:00:00,111.3178864425266
2012-12-29 12:00:00,142.17503453290274
2012-12-29 13:00:00,189.7902422591476
2012-12-29 14:00:00,444.0880255300854
2012-12-29 15:00:00,502.7204088397718
2012-12-29 16:00:00,616.3851361298139
2012-12-29 17:00:00,542.6395548422154
2012-12-29 18:00:00,469.15381485582196
2012-12-29 19:00:00,324.29711698142876
2012-12-29 20:00:00,225.95544121031892
2012-12-29 21:00:00,153.55972652303927
2012-12-29 22:00:00,103.71894129543925
2012-12-29 23:00:00,71.96964423201037
2012-12-30 00:00:00,44.51897099389231
2012-12-30 01:00:00,31.8802626987121
2012-12-30 02:00:00,26.689680585279188
2012-12-30 03:00:00,23.55674856884929
2012-12-30 04:00:00,24.52805190901093
2012-12-30 05:00:00,24.95705454806129
2012-12-30 06:00:00,30.041738069067954
2012-12-30 07:00:00,45.42501411955149
2012-12-30 08:00:00,61.63677376986517
2012-12-30 09:00:00,91.81560632821197
2012-12-30 10:00:00,124.09869216997517
2012-12-30 11:00:00,185.4417176242349
2012-12-30 12:00:00,245.06784182073503
2012-12-30 13:00:00,336.5675974900766
2012-12-30 14:00:00,419.85784295545113
2012-12-30 15:00:00,469.81834120469415
2012-12-30 16:00:00,460.8072597146904
2012-12-30 17:00:00,424.5574996737316
2012-12-30 18:00:00,320.09544665704493
2012-12-30 19:00:00,365.35354762160677
2012-12-30 20:00:00,192.3120986818972
2012-12-30 21:00:00,137.98919047241085
2012-12-30 22:00:00,93.18595003827473
2012-12-30 23:00:00,62.31426700774617
2012-12-31 00:00:00,30.965054861779265
2012-12-31 01:00:00,24.65098976755406
2012-12-31 02:00:00,21.62245346608254
2012-12-31 03:00:00,21.48752496767949
2012-12-31 04:00:00,22.929283355417343
2012-12-31 05:00:00,27.49784627880537
2012-12-31 06:00:00,36.80741304806372
2012-12-31 07:00:00,52.97720260883323
2012-12-31 08:00:00,75.95165215713456
2012-12-31 09:00:00,111.6427977270555
2012-12-31 10:00:00,166.00102996066013
2012-12-31 11:00:00,246.57242543373738
2012-12-31 12:00:00,333.205022456932
2012-12-31 13:00:00,402.7098383440536
2012-12-31 14:00:00,471.17033987990294
2012-12-31 15:00:00,493.7564133071448
2012-12-31 16:00:00,445.1592937937388
2012-12-31 17:00:00,385.86316491933655
2012-12-31 18:00:00,285.518537969561
2012-12-31 19:00:00,207.90666579973004
2012-12-31 20:00:00,139.89755281091152
2012-12-31 21:00:00,101.99760958457387
2012-12-31 22:00:00,68.61748629431632
2012-12-31 23:00:00,47.77284753163503
