datetime,count
2011-01-20 00:00:00,12.756873630476703
2011-01-20 01:00:00,5.933919679180405
2011-01-20 02:00:00,3.1977524890050724
2011-01-20 03:00:00,1.7300862140567526
2011-01-20 04:00:00,1.8495929100457764
2011-01-20 05:00:00,9.50926915885684
2011-01-20 06:00:00,42.04575411152607
2011-01-20 07:00:00,117.10704089419919
2011-01-20 08:00:00,185.03128837610922
2011-01-20 09:00:00,84.91746154395621
2011-01-20 10:00:00,47.22952264526863
2011-01-20 11:00:00,54.90040589832922
2011-01-20 12:00:00,73.82168758122572
2011-01-20 13:00:00,65.30067919274364
2011-01-20 14:00:00,59.23491245620557
2011-01-20 15:00:00,65.20521605041014
2011-01-20 16:00:00,95.87627338302354
2011-01-20 17:00:00,188.5064041292892
2011-01-20 18:00:00,156.70875395205545
2011-01-20 19:00:00,116.2291723408329
2011-01-20 20:00:00,82.47017628598886
2011-01-20 21:00:00,61.60591781207074
2011-01-20 22:00:00,45.969062639200324
2011-01-20 23:00:00,29.6351576841904
2011-01-21 00:00:00,16.498972767620995
2011-01-21 01:00:00,7.793931612652406
2011-01-21 02:00:00,2.4518698953235702
2011-01-21 03:00:00,1.0777418384360726
2011-01-21 04:00:00,1.7184879225612808
2011-01-21 05:00:00,8.493500175381993
2011-01-21 06:00:00,34.53729197522249
2011-01-21 07:00:00,92.42352961300068
2011-01-21 08:00:00,164.44125071587092
2011-01-21 09:00:00,88.48657813726608
2011-01-21 10:00:00,47.63572845146262
2011-01-21 11:00:00,58.1150634424558
2011-01-21 12:00:00,68.73763251248268
2011-01-21 13:00:00,64.90820535476288
2011-01-21 14:00:00,59.82697739876274
2011-01-21 15:00:00,60.99736000010262
2011-01-21 16:00:00,84.77643950888253
2011-01-21 17:00:00,132.84456737235033
2011-01-21 18:00:00,113.07074758202442
2011-01-21 19:00:00,77.91408808778318
2011-01-21 20:00:00,50.419073220034505
2011-01-21 21:00:00,41.879985952459805
2011-01-21 22:00:00,35.92162343826369
2011-01-21 23:00:00,29.141575388088878
2011-01-22 00:00:00,23.971934003702195
2011-01-22 01:00:00,16.178658066477833
2011-01-22 02:00:00,12.498257889850434
2011-01-22 03:00:00,5.5555077561480255
2011-01-22 04:00:00,1.795477599653746
2011-01-22 06:00:00,4.538835760956122
2011-01-22 07:00:00,11.847494206300599
2011-01-22 08:00:00,29.296302277736565
2011-01-22 09:00:00,47.062001000670996
2011-01-22 10:00:00,61.546459585488456
2011-01-22 11:00:00,75.98414597624627
2011-01-22 12:00:00,86.23022378233895
2011-01-22 13:00:00,102.45605883480857
2011-01-22 14:00:00,102.83438179400589
2011-01-22 15:00:00,109.86010154107663
2011-01-22 16:00:00,95.63228682129426
2011-01-22 17:00:00,93.81173112019103
2011-01-22 18:00:00,71.02461710062958
2011-01-22 19:00:00,62.65996497805631
2011-01-22 20:00:00,47.51555524630304
2011-01-22 21:00:00,40.636654719836514
2011-01-22 22:00:00,37.82024637622973
2011-01-22 23:00:00,32.15578668747166
2011-01-23 00:00:00,26.183977911919413
2011-01-23 01:00:00,22.07228507194958
2011-01-23 02:00:00,16.851179721487927
2011-01-23 03:00:00,8.339440612572153
2011-01-23 05:00:00,2.046694619363977
2011-01-23 06:00:00,2.9989818760911424
2011-01-23 07:00:00,9.16701333436032
2011-01-23 08:00:00,22.192062804507003
2011-01-23 09:00:00,40.231232160627755
2011-01-23 10:00:00,68.91464907955606
2011-01-23 11:00:00,88.07507700218683
2011-01-23 12:00:00,99.91132918932313
2011-01-23 13:00:00,97.1518443060329
2011-01-23 14:00:00,96.75895144989042
2011-01-23 15:00:00,95.82794455105031
2011-01-23 16:00:00,96.79155750503064
2011-01-23 17:00:00,82.38492736897835
2011-01-23 18:00:00,68.34265957330386
2011-01-23 19:00:00,53.25760232049873
2011-01-23 20:00:00,41.39019978568197
2011-01-23 21:00:00,32.996155712605635
2011-01-23 22:00:00,25.36698353081947
2011-01-23 23:00:00,16.01596180806143
2011-01-24 00:00:00,8.322239348128303
2011-01-24 01:00:00,3.6479812037665917
2011-01-24 03:00:00,1.156692845799448
2011-01-24 04:00:00,1.4895412550088434
2011-01-24 05:00:00,5.270457836735859
2011-01-24 06:00:00,22.693073570225554
2011-01-24 07:00:00,66.14554237393972
2011-01-24 08:00:00,116.16682309771052
2011-01-24 09:00:00,66.24128510774564
2011-01-24 10:00:00,40.40368460610528
2011-01-24 11:00:00,44.023112009074566
2011-01-24 12:00:00,51.419742815049645
2011-01-24 13:00:00,49.837299286651735
2011-01-24 14:00:00,45.55396199397447
2011-01-24 15:00:00,56.850312727719086
2011-01-24 16:00:00,78.66114956625911
2011-01-24 17:00:00,134.4080806653428
2011-01-24 18:00:00,132.82929296333586
2011-01-24 19:00:00,97.74089595918178
2011-01-24 20:00:00,68.15594357722546
2011-01-24 21:00:00,49.35735674067646
2011-01-24 22:00:00,29.97609250243727
2011-01-24 23:00:00,17.614893946017133
2011-01-25 00:00:00,7.138775161773694
2011-01-25 01:00:00,3.261698187839011
2011-01-25 02:00:00,1.7357928602552215
2011-01-25 04:00:00,1.6351647219912222
2011-01-25 05:00:00,7.278471073592012
2011-01-25 06:00:00,36.259540097945845
2011-01-25 07:00:00,96.84179034854294
2011-01-25 08:00:00,147.82986097641106
2011-01-25 09:00:00,77.82050130345976
2011-01-25 10:00:00,43.96173736271022
2011-01-25 11:00:00,45.46106737631703
2011-01-25 12:00:00,58.326518109185876
2011-01-25 13:00:00,58.87566202108512
2011-01-25 14:00:00,60.35615914782714
2011-01-25 15:00:00,68.5589596651788
2011-01-25 16:00:00,108.08640311411243
2011-01-25 17:00:00,223.25116580638502
2011-01-25 18:00:00,190.51344635337725
2011-01-25 19:00:00,115.72995735170376
2011-01-25 20:00:00,85.28424577681002
2011-01-25 21:00:00,63.779133935019736
2011-01-25 22:00:00,43.93827510432496
2011-01-25 23:00:00,23.81844069508144
2011-01-26 00:00:00,9.93276291089291
2011-01-26 01:00:00,4.379009826385571
2011-01-26 02:00:00,1.1170445332705639
2011-01-26 05:00:00,4.3142206395687435
2011-01-26 06:00:00,20.120183666198344
2011-01-26 07:00:00,56.70172004769085
2011-01-26 08:00:00,97.27989889613423
2011-01-26 09:00:00,48.19856460334025
2011-01-26 10:00:00,24.51473265436336
2011-01-26 11:00:00,24.97915200305036
2011-01-26 12:00:00,31.952061858178812
2011-01-26 13:00:00,28.988096313112365
2011-01-26 14:00:00,26.531579908330315
2011-01-26 15:00:00,28.21733547254145
2011-01-26 16:00:00,49.872372507750754
2011-01-26 17:00:00,78.75816757701614
2011-01-27 16:00:00,86.19065007180275
2011-01-27 17:00:00,172.7676894436922
2011-01-27 18:00:00,156.51231563917702
2011-01-27 19:00:00,110.564526168116
2011-01-27 20:00:00,82.02383312272875
2011-01-27 21:00:00,63.27998501537861
2011-01-27 22:00:00,47.819766314430716
2011-01-27 23:00:00,30.522686286349874
2011-01-28 00:00:00,15.867891451729198
2011-01-28 01:00:00,7.495815803422384
2011-01-28 02:00:00,3.7407046215093085
2011-01-28 03:00:00,1.8224135437413629
2011-01-28 05:00:00,7.611898211343593
2011-01-28 06:00:00,30.21574852788683
2011-01-28 07:00:00,83.49961577212126
2011-01-28 08:00:00,150.59092828308377
2011-01-28 09:00:00,51.38515750797616
2011-01-28 10:00:00,28.44941104639625
2011-01-28 11:00:00,33.19553343375654
2011-01-28 12:00:00,40.572372266661525
2011-01-28 13:00:00,40.0313557180044
2011-01-28 14:00:00,40.20476343903519
2011-01-28 15:00:00,69.06548904898976
2011-01-28 16:00:00,106.11834610534537
2011-01-28 17:00:00,172.3260311205433
2011-01-28 18:00:00,144.1561417927633
2011-01-28 19:00:00,94.61157733632977
2011-01-28 20:00:00,63.995611357677134
2011-01-28 21:00:00,51.10777129352542
2011-01-28 22:00:00,49.44419362872062
2011-01-28 23:00:00,41.34256312769654
2011-01-29 00:00:00,30.89025377611394
2011-01-29 01:00:00,25.30229069984044
2011-01-29 02:00:00,18.896062047619395
2011-01-29 03:00:00,8.239158694353604
2011-01-29 04:00:00,2.5366475371857113
2011-01-29 06:00:00,6.230255845368249
2011-01-29 07:00:00,15.256255499179735
2011-01-29 08:00:00,38.92318713040447
2011-01-29 09:00:00,61.6535717162559
2011-01-29 10:00:00,77.93044610075822
2011-01-29 11:00:00,92.62130416167243
2011-01-29 12:00:00,106.07508181999283
2011-01-29 13:00:00,114.20859775808981
2011-01-29 14:00:00,116.13071433284283
2011-01-29 15:00:00,122.26029684365783
2011-01-29 16:00:00,121.95620378946927
2011-01-29 17:00:00,118.48676128286452
2011-01-29 18:00:00,92.79684588184115
2011-01-29 19:00:00,70.45558959153252
2011-01-29 20:00:00,58.87466189232149
2011-01-29 21:00:00,49.35441615277839
2011-01-29 22:00:00,42.8440973486656
2011-01-29 23:00:00,38.08301034958759
2011-01-30 00:00:00,30.861314388607635
2011-01-30 01:00:00,26.118653722640353
2011-01-30 02:00:00,20.912471885540576
2011-01-30 03:00:00,10.085546202892727
2011-01-30 04:00:00,2.8555107038434575
2011-01-30 05:00:00,2.660714983140191
2011-01-30 07:00:00,10.62135698796047
2011-01-30 08:00:00,23.877845794045452
2011-01-30 09:00:00,45.49343219743249
2011-01-30 10:00:00,76.60194002283481
2011-01-30 11:00:00,109.47890853753994
2011-01-30 12:00:00,150.47051177370537
2011-01-30 13:00:00,140.74750112192078
2011-01-30 14:00:00,134.3365116972779
2011-01-30 15:00:00,143.8286965953842
2011-01-30 16:00:00,143.9179863954429
2011-01-30 17:00:00,122.02950334091497
2011-01-30 18:00:00,92.206947306809
2011-01-30 19:00:00,71.85672644230654
2011-01-30 20:00:00,53.47961838362867
2011-01-30 21:00:00,39.253125817744376
2011-01-30 22:00:00,30.73179637702713
2011-01-30 23:00:00,19.529334385683796
2011-01-31 00:00:00,10.246163856641848
2011-01-31 01:00:00,4.76941442353864
2011-01-31 02:00:00,2.859213874688087
2011-01-31 03:00:00,1.571829111411307
2011-01-31 04:00:00,1.8823300767953997
2011-01-31 05:00:00,6.288747307073714
2011-01-31 06:00:00,25.41742146169012
2011-01-31 07:00:00,66.54733029790032
2011-01-31 08:00:00,114.71972802797774
2011-01-31 09:00:00,64.31875543892883
2011-01-31 10:00:00,38.42034042092442
2011-01-31 11:00:00,43.60363400083671
2011-01-31 12:00:00,59.03786220952141
2011-01-31 13:00:00,55.68874011076858
2011-01-31 14:00:00,50.481920078686315
2011-01-31 15:00:00,52.47474743125589
2011-01-31 16:00:00,73.2166674485104
2011-01-31 17:00:00,129.59654094715336
2011-01-31 18:00:00,124.0064920512236
2011-01-31 19:00:00,136.6395717227212
2011-01-31 20:00:00,39.481364471439946
2011-01-31 21:00:00,28.97328220128714
2011-01-31 22:00:00,32.1827412339249
2011-01-31 23:00:00,18.57525819648464
2011-02-20 00:00:00,34.14657308308746
2011-02-20 01:00:00,27.24829761921614
2011-02-20 02:00:00,20.571364594519338
2011-02-20 03:00:00,9.728234177316198
2011-02-20 04:00:00,2.754345304060437
2011-02-20 06:00:00,3.919145306964099
2011-02-20 07:00:00,10.406025419740546
2011-02-20 08:00:00,27.999595256852142
2011-02-20 09:00:00,51.0859772689623
2011-02-20 10:00:00,85.74283484931618
2011-02-20 11:00:00,116.3238363553767
2011-02-20 12:00:00,153.76855926827682
2011-02-20 13:00:00,174.07276759613774
2011-02-20 14:00:00,165.27878888491153
2011-02-20 15:00:00,167.6868030879726
2011-02-20 16:00:00,167.22643178055296
2011-02-20 17:00:00,139.43948223346666
2011-02-20 18:00:00,105.15474290139507
2011-02-20 19:00:00,82.74072612188873
2011-02-20 20:00:00,67.89736228455197
2011-02-20 21:00:00,49.91524241367971
2011-02-20 22:00:00,36.50732879133821
2011-02-20 23:00:00,23.116302585476273
2011-02-21 00:00:00,12.66691583715777
2011-02-21 01:00:00,5.6473944674946415
2011-02-21 02:00:00,3.3207967937993677
2011-02-21 03:00:00,1.8433241520461328
2011-02-21 04:00:00,2.517957403061217
2011-02-21 05:00:00,9.09909309362717
2011-02-21 06:00:00,43.29526115896613
2011-02-21 07:00:00,123.18358281142613
2011-02-21 08:00:00,158.71441876008467
2011-02-21 09:00:00,89.84679390194759
2011-02-21 10:00:00,52.38964032858027
2011-02-21 11:00:00,62.39767122098144
2011-02-21 12:00:00,75.99620748115068
2011-02-21 13:00:00,39.41654832984038
2011-02-21 14:00:00,63.51164642389012
2011-02-21 15:00:00,62.12661597494668
2011-02-21 16:00:00,51.83942564239899
2011-02-21 17:00:00,152.2422905671872
2011-02-21 18:00:00,136.29081255428736
2011-02-21 19:00:00,99.47941210809931
2011-02-21 20:00:00,42.28252783446354
2011-02-21 21:00:00,28.703694679590342
2011-02-21 22:00:00,18.970885415946533
2011-02-21 23:00:00,10.890023923151583
2011-02-22 06:00:00,29.493219384487297
2011-02-22 07:00:00,81.87239774057407
2011-02-22 08:00:00,134.42692271101546
2011-02-22 09:00:00,66.67357076732999
2011-02-22 10:00:00,44.60386202499948
2011-02-22 11:00:00,44.68366334031535
2011-02-22 12:00:00,56.179831877324375
2011-02-22 13:00:00,58.80623824874791
2011-02-22 14:00:00,51.71542651721238
2011-02-22 15:00:00,58.47166187079318
2011-02-22 16:00:00,89.05417889761632
2011-02-22 17:00:00,173.05237461109215
2011-02-22 18:00:00,172.67429745116905
2011-02-22 19:00:00,108.82931471654115
2011-02-22 20:00:00,78.43576378787901
2011-02-22 21:00:00,58.09479943518884
2011-02-22 22:00:00,38.11793667967114
2011-02-22 23:00:00,22.658778845461537
2011-02-23 00:00:00,9.237474564712597
2011-02-23 01:00:00,3.9398707112274476
2011-02-23 02:00:00,1.7177549580149234
2011-02-23 03:00:00,1.3531538016729479
2011-02-23 05:00:00,7.189062513632837
2011-02-23 06:00:00,33.52755230815761
2011-02-23 07:00:00,91.04848714759089
2011-02-23 08:00:00,159.74329155062122
2011-02-23 09:00:00,87.08746648880792
2011-02-23 10:00:00,47.43545609262134
2011-02-23 11:00:00,51.70499592405059
2011-02-23 12:00:00,69.8671659281079
2011-02-23 13:00:00,70.2832872553332
2011-02-23 14:00:00,67.83512304480546
2011-02-23 15:00:00,79.26811682995621
2011-02-23 16:00:00,115.93830821357433
2011-02-23 17:00:00,221.14543102777904
2011-02-23 18:00:00,215.52488176114096
2011-02-23 19:00:00,146.99966521095956
2011-02-23 20:00:00,86.45813597980171
2011-02-23 21:00:00,66.03016631381647
2011-02-23 22:00:00,51.33051290912793
2011-02-23 23:00:00,27.72369492934744
2011-02-24 00:00:00,12.92209134418449
2011-02-24 01:00:00,5.290558487873551
2011-02-24 02:00:00,2.7385312461352025
2011-02-24 03:00:00,1.5400309869554785
2011-02-24 05:00:00,9.016550737092125
2011-02-24 06:00:00,40.73108033116913
2011-02-24 07:00:00,113.129869008742
2011-02-24 08:00:00,194.90934265200173
2011-02-24 09:00:00,81.76160740396988
2011-02-24 10:00:00,42.543269066629456
2011-02-24 11:00:00,55.14083955312993
2011-02-24 12:00:00,74.3254268598312
2011-02-24 13:00:00,76.03523259930968
2011-02-24 14:00:00,70.04021218310086
2011-02-24 15:00:00,43.97657019304846
2011-02-24 16:00:00,65.1136002321701
2011-02-24 17:00:00,124.19810277274159
2011-02-24 18:00:00,170.9089067542685
2011-02-24 19:00:00,73.49253176417069
2011-02-24 20:00:00,91.15998593411943
2011-02-24 21:00:00,71.65316691685814
2011-02-24 22:00:00,33.419441457123504
2011-02-24 23:00:00,34.95500619755369
2011-02-25 00:00:00,12.460811390123732
2011-02-25 01:00:00,9.587319791641118
2011-02-25 02:00:00,4.830948982157299
2011-02-25 03:00:00,2.252564512814006
2011-02-25 05:00:00,9.745492712877102
2011-02-25 06:00:00,24.798129064587176
2011-02-25 07:00:00,67.97158613779345
2011-02-25 08:00:00,128.64902509108364
2011-02-25 09:00:00,62.66396924314384
2011-02-25 10:00:00,40.69610027093027
2011-02-25 11:00:00,101.32725358690602
2011-02-25 12:00:00,74.33187002855311
2011-02-25 13:00:00,73.34068392009083
2011-02-25 14:00:00,65.91837808259154
2011-02-25 15:00:00,106.52179080577234
2011-02-25 16:00:00,115.63509001387222
2011-02-25 17:00:00,171.891291979859
2011-02-25 18:00:00,159.14043937981916
2011-02-25 19:00:00,108.50439790526234
2011-02-25 20:00:00,70.98644878576503
2011-02-25 21:00:00,59.575693553163354
2011-02-25 22:00:00,50.708831019034164
2011-02-25 23:00:00,42.070262415575584
2011-02-26 00:00:00,34.14966940752553
2011-02-26 01:00:00,25.643335956205085
2011-02-26 02:00:00,17.776185979867392
2011-02-26 03:00:00,8.595544837014822
2011-02-26 04:00:00,2.5985873519388116
2011-02-26 05:00:00,2.585767291593432
2011-02-26 06:00:00,7.279003564905243
2011-02-26 07:00:00,17.159967003640432
2011-02-26 08:00:00,42.09650619294049
2011-02-26 09:00:00,64.57932037035346
2011-02-26 10:00:00,99.96351104841088
2011-02-26 11:00:00,138.01274629306752
2011-02-26 12:00:00,140.52877013738808
2011-02-26 13:00:00,147.0323821582264
2011-02-26 14:00:00,146.14617996959507
2011-02-26 15:00:00,154.78821378476374
2011-02-26 16:00:00,155.74148338921293
2011-02-26 17:00:00,147.02256803209394
2011-02-26 18:00:00,120.6012743184308
2011-02-26 19:00:00,97.33511086862234
2011-02-26 20:00:00,73.88091761537935
2011-02-26 21:00:00,57.07238163426286
2011-02-26 22:00:00,51.176417885298505
2011-02-26 23:00:00,44.61929998037023
2011-02-27 00:00:00,34.580584953412476
2011-02-27 01:00:00,30.007660518760083
2011-02-27 02:00:00,23.774826300070583
2011-02-27 03:00:00,11.937241475228177
2011-02-27 04:00:00,3.2102010863099846
2011-02-27 06:00:00,4.587487937593249
2011-02-27 07:00:00,11.96651374592594
2011-02-27 08:00:00,31.97155928794385
2011-02-27 09:00:00,59.76432175212191
2011-02-27 10:00:00,99.55022153652854
2011-02-27 11:00:00,141.95088965102357
2011-02-27 12:00:00,188.49319764729026
2011-02-27 13:00:00,202.97753553137858
2011-02-27 14:00:00,195.47553217446006
2011-02-27 15:00:00,200.40722269880914
2011-02-27 16:00:00,206.7180713332877
2011-02-27 17:00:00,159.49717549648005
2011-02-27 18:00:00,125.72926722689317
2011-02-27 19:00:00,100.85890556761461
2011-02-27 20:00:00,81.12932268567066
2011-02-27 21:00:00,58.40079909383679
2011-02-27 22:00:00,42.92099479736044
2011-02-27 23:00:00,26.304295780129944
2011-02-28 00:00:00,13.70798283984806
2011-02-28 01:00:00,3.179830176007615
2011-02-28 03:00:00,1.0443068404501947
2011-02-28 05:00:00,8.351714262047652
2011-02-28 06:00:00,34.11143892328567
2011-02-28 07:00:00,100.7562107782972
2011-02-28 08:00:00,157.1836677236584
2011-02-28 09:00:00,115.86827932114763
2011-02-28 10:00:00,69.37204945722159
2011-02-28 11:00:00,90.93834821133878
2011-02-28 12:00:00,115.37545839552793
2011-02-28 13:00:00,53.631322939115826
2011-02-28 14:00:00,44.1166648077967
2011-02-28 15:00:00,47.542787496653766
2011-02-28 16:00:00,71.34554748308736
2011-02-28 17:00:00,115.65950832584619
2011-02-28 18:00:00,129.71026611321918
2011-02-28 19:00:00,81.20537629379315
2011-02-28 20:00:00,57.08579158662367
2011-02-28 21:00:00,64.90182612240989
2011-02-28 22:00:00,24.35476638329885
2011-02-28 23:00:00,22.699110649187325
2011-03-20 00:00:00,40.90867189602773
2011-03-20 01:00:00,33.40315605672902
2011-03-20 02:00:00,25.450102274448252
2011-03-20 03:00:00,12.112576438439017
2011-03-20 04:00:00,3.3151468375625206
2011-03-20 05:00:00,3.1160517582031284
2011-03-20 06:00:00,4.521939307691149
2011-03-20 07:00:00,11.813648958328887
2011-03-20 08:00:00,32.44011014572778
2011-03-20 09:00:00,63.71551461055013
2011-03-20 10:00:00,104.50024338001303
2011-03-20 11:00:00,142.07265791239524
2011-03-20 12:00:00,175.87245678057567
2011-03-20 13:00:00,190.2628841834783
2011-03-20 14:00:00,191.03733676215512
2011-03-20 15:00:00,183.04285152573888
2011-03-20 16:00:00,197.5591401315274
2011-03-20 17:00:00,154.349247659829
2011-03-20 18:00:00,117.14965417690833
2011-03-20 19:00:00,89.6476614170643
2011-03-20 20:00:00,70.71756694934933
2011-03-20 21:00:00,47.64357573234334
2011-03-20 22:00:00,37.12023022083346
2011-03-20 23:00:00,14.273095953399858
2011-03-21 00:00:00,10.222381150612852
2011-03-21 01:00:00,7.4359340573472785
2011-03-21 02:00:00,4.457764400405909
2011-03-21 03:00:00,2.450619003496322
2011-03-21 05:00:00,11.405480156524762
2011-03-21 06:00:00,27.424327569147867
2011-03-21 07:00:00,69.80286177620162
2011-03-21 08:00:00,197.93805761520667
2011-03-21 09:00:00,125.2127141716729
2011-03-21 10:00:00,77.50758078778067
2011-03-21 11:00:00,99.03701036875492
2011-03-21 12:00:00,130.5754331193764
2011-03-21 13:00:00,143.85012495607023
2011-03-21 14:00:00,139.31063704483492
2011-03-21 15:00:00,156.3710686023
2011-03-21 16:00:00,209.55218809469108
2011-03-21 17:00:00,374.37774757337957
2011-03-21 18:00:00,345.97054859310003
2011-03-21 19:00:00,293.1552072949306
2011-03-21 20:00:00,213.22200881202036
2011-03-21 21:00:00,120.5118439732717
2011-03-21 22:00:00,82.30541192744163
2011-03-21 23:00:00,49.34438884126234
2011-03-22 00:00:00,19.509111773247625
2011-03-22 01:00:00,7.943535846020905
2011-03-22 02:00:00,4.181949103875452
2011-03-22 03:00:00,2.793738041340239
2011-03-22 04:00:00,3.4517870533092903
2011-03-22 05:00:00,15.370979667743482
2011-03-22 06:00:00,75.3601514930171
2011-03-22 07:00:00,204.76834438866655
2011-03-22 08:00:00,324.45958944339606
2011-03-22 09:00:00,148.76034784158955
2011-03-22 10:00:00,93.81587005924406
2011-03-22 11:00:00,102.87404372276487
2011-03-22 12:00:00,134.06126839334638
2011-03-22 13:00:00,150.60747423398448
2011-03-22 14:00:00,130.43579615207105
2011-03-22 15:00:00,145.71226227319983
2011-03-22 16:00:00,238.76889881042624
2011-03-22 17:00:00,473.0297121273531
2011-03-22 18:00:00,440.187930293425
2011-03-22 19:00:00,236.11307768924777
2011-03-22 20:00:00,161.36873778497971
2011-03-22 21:00:00,118.60103031490225
2011-03-22 22:00:00,80.77535723482583
2011-03-22 23:00:00,48.016002836879146
2011-03-23 00:00:00,10.950375195104261
2011-03-23 01:00:00,4.408767299635755
2011-03-23 02:00:00,1.9647062722260529
2011-03-23 03:00:00,2.5443038950043895
2011-03-23 05:00:00,7.778593260243803
2011-03-23 06:00:00,60.82091911561484
2011-03-23 07:00:00,160.3472218463955
2011-03-23 08:00:00,279.98507548326273
2011-03-23 09:00:00,137.15268351751376
2011-03-23 10:00:00,71.74609167333881
2011-03-23 11:00:00,75.66809831544015
2011-03-23 12:00:00,95.85908736290487
2011-03-23 13:00:00,54.4591524986139
2011-03-23 14:00:00,86.84101662783462
2011-03-23 15:00:00,96.40842042295017
2011-03-23 16:00:00,144.13160556798607
2011-03-23 17:00:00,283.0077761378642
2011-03-23 18:00:00,166.28348553519598
2011-03-23 19:00:00,116.74722480054356
2011-03-23 20:00:00,71.38134018083016
2011-03-23 21:00:00,50.17937305706099
2011-03-23 22:00:00,70.25753314541835
2011-03-23 23:00:00,26.338101691299357
2011-03-24 00:00:00,18.696414020185937
2011-03-24 01:00:00,7.327201560747485
2011-03-24 02:00:00,3.9107012744710796
2011-03-24 03:00:00,2.193913478834862
2011-03-24 04:00:00,2.3454593087542612
2011-03-24 05:00:00,12.822058455796949
2011-03-24 06:00:00,59.05146218788593
2011-03-24 07:00:00,95.71002114168307
2011-03-24 08:00:00,150.4964441955883
2011-03-24 09:00:00,120.44168021172894
2011-03-24 10:00:00,57.75265657685619
2011-03-24 11:00:00,74.0837158286051
2011-03-24 12:00:00,90.15345069454469
2011-03-24 13:00:00,93.50688073028472
2011-03-24 14:00:00,80.72362340491534
2011-03-24 15:00:00,83.19858920253265
2011-03-24 16:00:00,128.2348860230123
2011-03-24 17:00:00,248.28846460407965
2011-03-24 18:00:00,230.5840255566338
2011-03-24 19:00:00,174.51111933184438
2011-03-24 20:00:00,132.2267560319092
2011-03-24 21:00:00,99.3503165663101
2011-03-24 22:00:00,76.54163623901147
2011-03-24 23:00:00,47.59253061541767
2011-03-25 00:00:00,26.018840923098562
2011-03-25 01:00:00,11.430874784805658
2011-03-25 02:00:00,5.64972488052039
2011-03-25 03:00:00,2.8061328176068647
2011-03-25 04:00:00,2.4605479628957823
2011-03-25 05:00:00,11.484035807012967
2011-03-25 06:00:00,45.147550885118314
2011-03-25 07:00:00,126.26950051357322
2011-03-25 08:00:00,243.4988822189018
2011-03-25 09:00:00,137.7366613178825
2011-03-25 10:00:00,88.19859427050842
2011-03-25 11:00:00,103.18493753029404
2011-03-25 12:00:00,133.93453352591555
2011-03-25 13:00:00,135.26106108147883
2011-03-25 14:00:00,130.43441232704333
2011-03-25 15:00:00,125.10406415387575
2011-03-25 16:00:00,166.97805829234534
2011-03-25 17:00:00,253.52499619759755
2011-03-25 18:00:00,232.92259166313954
2011-03-25 19:00:00,149.01204489427758
2011-03-25 20:00:00,107.15349148069645
2011-03-25 21:00:00,86.61022893288985
2011-03-25 22:00:00,71.1766289393309
2011-03-25 23:00:00,55.008085672956334
2011-03-26 00:00:00,44.78571249675608
2011-03-26 01:00:00,37.96229255392057
2011-03-26 02:00:00,26.20659685776225
2011-03-26 03:00:00,11.377368670866439
2011-03-26 04:00:00,3.851322255127725
2011-03-26 05:00:00,3.72757502826448
2011-03-26 06:00:00,8.878125160042893
2011-03-26 07:00:00,22.41302313847309
2011-03-26 08:00:00,59.89915483707516
2011-03-26 09:00:00,96.94347163020446
2011-03-26 10:00:00,139.9620957173933
2011-03-26 11:00:00,176.41562526128513
2011-03-26 12:00:00,206.38890056063212
2011-03-26 13:00:00,220.36215997941014
2011-03-26 14:00:00,234.90349499587668
2011-03-26 15:00:00,237.57073598004675
2011-03-26 16:00:00,222.19342190997156
2011-03-26 17:00:00,192.4760870040785
2011-03-26 18:00:00,153.64064318465256
2011-03-26 19:00:00,114.05038304874655
2011-03-26 20:00:00,88.74451389139715
2011-03-26 21:00:00,72.52603500932788
2011-03-26 22:00:00,67.61127628807354
2011-03-26 23:00:00,56.152869893298956
2011-03-27 00:00:00,47.63626430074709
2011-03-27 01:00:00,37.75824374921094
2011-03-27 02:00:00,17.09103903807753
2011-03-27 03:00:00,8.019990694455355
2011-03-27 04:00:00,2.2325068246653537
2011-03-27 06:00:00,2.988407891302914
2011-03-27 07:00:00,8.063062102788594
2011-03-27 08:00:00,37.614363338824944
2011-03-27 09:00:00,74.92800021427122
2011-03-27 10:00:00,108.24030143431513
2011-03-27 11:00:00,140.13899737300184
2011-03-27 12:00:00,170.39034458319352
2011-03-27 13:00:00,203.3132804266904
2011-03-27 14:00:00,207.30524603529312
2011-03-27 15:00:00,197.53156393793367
2011-03-27 16:00:00,228.03885519334824
2011-03-27 17:00:00,181.37758427613431
2011-03-27 18:00:00,144.5154071085838
2011-03-27 19:00:00,112.87429713552567
2011-03-27 20:00:00,86.48399210897138
2011-03-27 21:00:00,64.26051577999445
2011-03-27 22:00:00,50.79776276194193
2011-03-27 23:00:00,32.73662873866747
2011-03-28 00:00:00,15.350204429780106
2011-03-28 01:00:00,6.875102731652164
2011-03-28 02:00:00,4.081878249629554
2011-03-28 03:00:00,2.2439787099537245
2011-03-28 05:00:00,9.087689619645174
2011-03-28 06:00:00,37.48346532572484
2011-03-28 07:00:00,109.18436706308756
2011-03-28 08:00:00,194.725433835072
2011-03-28 09:00:00,104.63233653141849
2011-03-28 10:00:00,70.12396311937404
2011-03-28 11:00:00,73.92070805616248
2011-03-28 12:00:00,103.19696348438113
2011-03-28 13:00:00,100.2980334609648
2011-03-28 14:00:00,105.90146035046322
2011-03-28 15:00:00,111.64721653542328
2011-03-28 16:00:00,170.60800631421066
2011-03-28 17:00:00,294.66989217508126
2011-03-28 18:00:00,272.81912996591194
2011-03-28 19:00:00,198.39478835072842
2011-03-28 20:00:00,148.1400891245139
2011-03-28 21:00:00,105.24101534991594
2011-03-28 22:00:00,65.89576382232914
2011-03-28 23:00:00,35.04530082484709
2011-03-29 00:00:00,13.468517121959431
2011-03-29 01:00:00,5.686008494195369
2011-03-29 02:00:00,2.813275348574627
2011-03-29 03:00:00,1.9068996427514757
2011-03-29 04:00:00,2.5009897993807746
2011-03-29 05:00:00,11.759661418834572
2011-03-29 06:00:00,53.77199507816185
2011-03-29 07:00:00,146.41449486259557
2011-03-29 08:00:00,249.736620834023
2011-03-29 09:00:00,132.22770388942587
2011-03-29 10:00:00,78.31811698604557
2011-03-29 11:00:00,76.80518624248664
2011-03-29 12:00:00,109.46515914725302
2011-03-29 13:00:00,107.33899707009272
2011-03-29 14:00:00,101.66735012727126
2011-03-29 15:00:00,116.50507084799722
2011-03-29 16:00:00,188.30873885484388
2011-03-29 17:00:00,397.4223400025137
2011-03-29 18:00:00,352.32043229808653
2011-03-29 19:00:00,222.5866427589131
2011-03-29 20:00:00,171.7571390341529
2011-03-29 21:00:00,121.76929568472363
2011-03-29 22:00:00,85.52004318028149
2011-03-29 23:00:00,42.35772093409862
2011-03-30 00:00:00,18.13316493965183
2011-03-30 01:00:00,8.612448512042079
2011-03-30 02:00:00,3.417690928287922
2011-03-30 03:00:00,2.747349523005285
2011-03-30 04:00:00,2.619326979581221
2011-03-30 05:00:00,12.7420691645617
2011-03-30 06:00:00,61.06973823687952
2011-03-30 07:00:00,177.58364004556822
2011-03-30 08:00:00,297.26597355641604
2011-03-30 09:00:00,145.2332364066927
2011-03-30 10:00:00,77.09772487144286
2011-03-30 11:00:00,78.94042857269461
2011-03-30 12:00:00,103.94288339480417
2011-03-30 13:00:00,96.87719720471723
2011-03-30 14:00:00,87.3918466176237
2011-03-30 15:00:00,46.99979382852562
2011-03-30 16:00:00,67.36419162614273
2011-03-30 17:00:00,133.02594427272484
2011-03-30 18:00:00,215.89651970799324
2011-03-30 19:00:00,151.58041364648352
2011-03-30 20:00:00,63.13657561556495
2011-03-30 21:00:00,75.71831729503465
2011-03-30 22:00:00,36.15342894140452
2011-03-30 23:00:00,20.641118074021897
2011-03-31 00:00:00,9.808493722072694
2011-03-31 01:00:00,4.063266422830027
2011-03-31 02:00:00,2.189669058494922
2011-03-31 03:00:00,1.2372843793989985
2011-03-31 04:00:00,1.3100602175967582
2011-03-31 05:00:00,7.2525451959691685
2011-03-31 06:00:00,32.60487979257516
2011-03-31 07:00:00,91.946243312595
2011-03-31 08:00:00,242.45933884358712
2011-03-31 09:00:00,72.56359271501883
2011-03-31 10:00:00,35.9911238980335
2011-03-31 11:00:00,44.29150856666518
2011-03-31 12:00:00,53.743920385342626
2011-03-31 13:00:00,55.068278516555566
2011-03-31 14:00:00,48.161978914397885
2011-03-31 15:00:00,48.92440714167353
2011-03-31 16:00:00,123.85587307467748
2011-03-31 17:00:00,241.18199945938778
2011-03-31 18:00:00,236.05480139300892
2011-03-31 19:00:00,166.75548604044664
2011-03-31 20:00:00,71.13305376501039
2011-03-31 21:00:00,93.76568284069991
2011-03-31 22:00:00,41.87352953122697
2011-03-31 23:00:00,27.026518148845895
2011-04-20 00:00:00,22.887851643718825
2011-04-20 01:00:00,9.131257158717542
2011-04-20 02:00:00,4.06921867128791
2011-04-20 03:00:00,3.4132380826942765
2011-04-20 04:00:00,3.031197116758779
2011-04-20 05:00:00,16.122880940458817
2011-04-20 06:00:00,78.66200081844856
2011-04-20 07:00:00,234.91598506628856
2011-04-20 08:00:00,473.20786612028996
2011-04-20 09:00:00,262.4606238023941
2011-04-20 10:00:00,134.2346652026515
2011-04-20 11:00:00,138.7743747482251
2011-04-20 12:00:00,182.04393159088153
2011-04-20 13:00:00,165.1570106992431
2011-04-20 14:00:00,153.6598895829107
2011-04-20 15:00:00,161.84139863534512
2011-04-20 16:00:00,229.9481442579525
2011-04-20 17:00:00,443.11233121489585
2011-04-20 18:00:00,526.917614184041
2011-04-20 19:00:00,380.4109119663114
2011-04-20 20:00:00,288.71809756359727
2011-04-20 21:00:00,190.56828787155797
2011-04-20 22:00:00,142.02830367269306
2011-04-20 23:00:00,79.33560329992515
2011-04-21 00:00:00,34.38222727677427
2011-04-21 01:00:00,13.73383087396324
2011-04-21 02:00:00,6.8332938797365355
2011-04-21 03:00:00,3.1336310206107725
2011-04-21 04:00:00,3.209228778789965
2011-04-21 05:00:00,16.32015486407378
2011-04-21 06:00:00,70.74322444956974
2011-04-21 07:00:00,218.42578931034726
2011-04-21 08:00:00,331.4311723709994
2011-04-21 09:00:00,176.21673051352167
2011-04-21 10:00:00,94.18538866947752
2011-04-21 11:00:00,118.07509755799505
2011-04-21 12:00:00,156.57206294388484
2011-04-21 13:00:00,150.8273753842851
2011-04-21 14:00:00,134.27524644345925
2011-04-21 15:00:00,150.25090150011914
2011-04-21 16:00:00,233.96619581137494
2011-04-21 17:00:00,463.88484177682204
2011-04-21 18:00:00,425.26500073528365
2011-04-21 19:00:00,273.8079475406043
2011-04-21 20:00:00,210.3709794242645
2011-04-21 21:00:00,146.40624211390258
2011-04-21 22:00:00,116.75600807972707
2011-04-21 23:00:00,71.87225303889056
2011-04-22 00:00:00,33.616712126661184
2011-04-22 01:00:00,15.814418447223805
2011-04-22 02:00:00,7.854063302879943
2011-04-22 03:00:00,3.7531896547021657
2011-04-22 04:00:00,3.278143338073444
2011-04-22 05:00:00,15.90250174647795
2011-04-22 06:00:00,62.51800489522671
2011-04-22 07:00:00,160.22416004558644
2011-04-22 08:00:00,291.7716315653987
2011-04-22 09:00:00,93.99715319588341
2011-04-22 10:00:00,92.72083027666166
2011-04-22 11:00:00,62.66560287465733
2011-04-22 12:00:00,76.91961767301761
2011-04-22 13:00:00,73.22111247011263
2011-04-22 14:00:00,64.99305140593844
2011-04-22 15:00:00,71.85932735189671
2011-04-22 16:00:00,98.91144681889934
2011-04-22 17:00:00,149.37644572014844
2011-04-22 18:00:00,127.39482628240513
2011-04-22 19:00:00,89.9315983929202
2011-04-22 20:00:00,62.32385748081193
2011-04-22 21:00:00,49.5377360108145
2011-04-22 22:00:00,45.04060724202296
2011-04-22 23:00:00,38.00144922286343
2011-04-23 00:00:00,48.95423171687028
2011-04-23 01:00:00,38.024168722495816
2011-04-23 02:00:00,17.44217221041394
2011-04-23 03:00:00,7.942470133259468
2011-04-23 04:00:00,2.7770453764044425
2011-04-23 05:00:00,2.781321959883539
2011-04-23 06:00:00,10.742247081110339
2011-04-23 07:00:00,15.858292900265075
2011-04-23 08:00:00,65.89866463289133
2011-04-23 09:00:00,105.30824003476724
2011-04-23 10:00:00,163.6726917282851
2011-04-23 11:00:00,210.47866389793032
2011-04-23 12:00:00,270.7647758757983
2011-04-23 13:00:00,279.76732468844625
2011-04-23 14:00:00,311.2992408374411
2011-04-23 15:00:00,320.46397385061294
2011-04-23 16:00:00,307.24214112217817
2011-04-23 17:00:00,278.9868752485861
2011-04-23 18:00:00,240.11684826648366
2011-04-23 19:00:00,194.20537623861688
2011-04-23 20:00:00,133.70576118767167
2011-04-23 21:00:00,115.5225625762306
2011-04-23 22:00:00,108.70775264841875
2011-04-23 23:00:00,91.95766817089255
2011-04-24 00:00:00,79.77586395528583
2011-04-24 01:00:00,65.01552782214932
2011-04-24 02:00:00,50.5259982315013
2011-04-24 03:00:00,25.409272751109715
2011-04-24 04:00:00,7.194102218961736
2011-04-24 05:00:00,6.717850894962221
2011-04-24 06:00:00,9.078326397757849
2011-04-24 07:00:00,24.732422131901743
2011-04-24 08:00:00,65.01039169020524
2011-04-24 09:00:00,127.4799464074924
2011-04-24 10:00:00,230.39060901119265
2011-04-24 11:00:00,308.0861823265356
2011-04-24 12:00:00,351.9166433200858
2011-04-24 13:00:00,355.38525809346334
2011-04-24 14:00:00,339.11366921864806
2011-04-24 15:00:00,331.14425491774637
2011-04-24 16:00:00,335.77094953963393
2011-04-24 17:00:00,289.69956964050493
2011-04-24 18:00:00,242.68065580508554
2011-04-24 19:00:00,93.91787254833102
2011-04-24 20:00:00,74.46150820853997
2011-04-24 21:00:00,54.93150135287571
2011-04-24 22:00:00,42.56773212407059
2011-04-24 23:00:00,28.44145069384823
2011-04-25 00:00:00,14.723841679589048
2011-04-25 01:00:00,11.763148457925036
2011-04-25 02:00:00,6.916999672840813
2011-04-25 03:00:00,3.2872024247455647
2011-04-25 04:00:00,4.378929957323677
2011-04-25 05:00:00,14.254507874904284
2011-04-25 06:00:00,64.09351581197329
2011-04-25 07:00:00,180.86717852906767
2011-04-25 08:00:00,370.766867746411
2011-04-25 09:00:00,218.4762520476647
2011-04-25 10:00:00,130.7727780092048
2011-04-25 11:00:00,148.41535205347964
2011-04-25 12:00:00,186.98210063368577
2011-04-25 13:00:00,186.3488083601114
2011-04-25 14:00:00,178.69873386687522
2011-04-25 15:00:00,193.85630499481562
2011-04-25 16:00:00,263.3253787148463
2011-04-25 17:00:00,475.0039513171754
2011-04-25 18:00:00,443.615957759089
2011-04-25 19:00:00,325.1344173671889
2011-04-25 20:00:00,227.85055658661355
2011-04-25 21:00:00,156.00432096573402
2011-04-25 22:00:00,101.18800239329136
2011-04-25 23:00:00,56.242478699240465
2011-04-26 00:00:00,24.625871137857565
2011-04-26 01:00:00,10.651639445132359
2011-04-26 02:00:00,4.743735111478394
2011-04-26 03:00:00,3.1348030824397295
2011-04-26 04:00:00,4.540000085783793
2011-04-26 05:00:00,20.183175409001066
2011-04-26 06:00:00,96.84551669477035
2011-04-26 07:00:00,272.5132370350454
2011-04-26 08:00:00,443.13456101547274
2011-04-26 09:00:00,228.04809059285753
2011-04-26 10:00:00,127.44353519391554
2011-04-26 11:00:00,129.29703655297268
2011-04-26 12:00:00,157.692343566838
2011-04-26 13:00:00,165.87537925888316
2011-04-26 14:00:00,149.0969793217287
2011-04-26 15:00:00,157.8879578772191
2011-04-26 16:00:00,250.07199864465997
2011-04-26 17:00:00,493.0774430203954
2011-04-26 18:00:00,455.09402520741884
2011-04-26 19:00:00,302.5351648101179
2011-04-26 20:00:00,218.04397819080248
2011-04-26 21:00:00,161.88412982408502
2011-04-26 22:00:00,104.31052803279002
2011-04-26 23:00:00,61.409354613504256
2011-04-27 00:00:00,27.86960947278309
2011-04-27 01:00:00,11.674086966216729
2011-04-27 02:00:00,5.022170282246348
2011-04-27 03:00:00,3.6077845260153296
2011-04-27 04:00:00,3.732812715920831
2011-04-27 05:00:00,18.23392526338476
2011-04-27 06:00:00,93.24950877223212
2011-04-27 07:00:00,239.94619976682222
2011-04-27 08:00:00,405.7389371485492
2011-04-27 09:00:00,198.43288069258804
2011-04-27 10:00:00,108.6427932243017
2011-04-27 11:00:00,115.79299581442172
2011-04-27 12:00:00,161.06703541378053
2011-04-27 13:00:00,146.6451654113048
2011-04-27 14:00:00,139.78516480192548
2011-04-27 15:00:00,149.69400013328422
2011-04-27 16:00:00,214.81381277398683
2011-04-27 17:00:00,220.60385972390128
2011-04-27 18:00:00,226.37364137414366
2011-04-27 19:00:00,298.0258277958525
2011-04-27 20:00:00,211.27387934637045
2011-04-27 21:00:00,149.64121069822295
2011-04-27 22:00:00,104.55710897529859
2011-04-27 23:00:00,60.2751108500742
2011-04-28 00:00:00,32.40923529355868
2011-04-28 01:00:00,11.64841258753143
2011-04-28 02:00:00,6.157189531437766
2011-04-28 03:00:00,3.692312705542726
2011-04-28 04:00:00,3.7921318700297078
2011-04-28 05:00:00,20.99339206476916
2011-04-28 06:00:00,97.29971049929192
2011-04-28 07:00:00,271.74540386130974
2011-04-28 08:00:00,440.42526839593324
2011-04-28 09:00:00,124.34673899438509
2011-04-28 10:00:00,102.86708862554703
2011-04-28 11:00:00,122.12299062373421
2011-04-28 12:00:00,152.68013442481916
2011-04-28 13:00:00,141.79431872667888
2011-04-28 14:00:00,135.98733002090702
2011-04-28 15:00:00,155.70333984586202
2011-04-28 16:00:00,228.92001135877962
2011-04-28 17:00:00,496.2954357379596
2011-04-28 18:00:00,467.3404997924016
2011-04-28 19:00:00,336.6719571258214
2011-04-28 20:00:00,253.74080323349162
2011-04-28 21:00:00,194.008317744888
2011-04-28 22:00:00,141.3740125996632
2011-04-28 23:00:00,96.63341401813803
2011-04-29 00:00:00,47.809774234854416
2011-04-29 01:00:00,22.77501453035709
2011-04-29 02:00:00,10.085288010726707
2011-04-29 03:00:00,4.893156797668134
2011-04-29 04:00:00,4.4770126565960675
2011-04-29 05:00:00,21.524833723937565
2011-04-29 06:00:00,89.3095880290376
2011-04-29 07:00:00,270.25557730791667
2011-04-29 08:00:00,492.1518502921338
2011-04-29 09:00:00,265.06943744785167
2011-04-29 10:00:00,153.83178772965684
2011-04-29 11:00:00,194.45889856753953
2011-04-29 12:00:00,221.78027449167524
2011-04-29 13:00:00,217.77071370762252
2011-04-29 14:00:00,207.54589623641778
2011-04-29 15:00:00,192.8646703448522
2011-04-29 16:00:00,245.9558583546613
2011-04-29 17:00:00,380.19721154855773
2011-04-29 18:00:00,355.65720324228636
2011-04-29 19:00:00,222.6432635552464
2011-04-29 20:00:00,167.7049983197485
2011-04-29 21:00:00,131.8417305585285
2011-04-29 22:00:00,109.53023098055837
2011-04-29 23:00:00,85.89895344386753
2011-04-30 00:00:00,66.3202267793036
2011-04-30 01:00:00,53.02608631634295
2011-04-30 02:00:00,38.47042259630727
2011-04-30 03:00:00,16.725580476946583
2011-04-30 04:00:00,5.423812903631218
2011-04-30 05:00:00,5.648601104571827
2011-04-30 06:00:00,13.75790081619252
2011-04-30 07:00:00,32.543187715691836
2011-04-30 08:00:00,84.04823392193026
2011-04-30 09:00:00,139.70745717351502
2011-04-30 10:00:00,212.76343383261377
2011-04-30 11:00:00,269.3834588097616
2011-04-30 12:00:00,310.88549351113494
2011-04-30 13:00:00,342.0568800042616
2011-04-30 14:00:00,353.6145980946124
2011-04-30 15:00:00,378.8273439206575
2011-04-30 16:00:00,354.38383486080306
2011-04-30 17:00:00,316.77056604867704
2011-04-30 18:00:00,262.7441920206994
2011-04-30 19:00:00,227.36675658539343
2011-04-30 20:00:00,139.79196823015772
2011-04-30 21:00:00,117.18710143025035
2011-04-30 22:00:00,104.82364319267054
2011-04-30 23:00:00,93.17502609755132
2011-05-20 00:00:00,39.28810324271604
2011-05-20 01:00:00,18.810347393885014
2011-05-20 02:00:00,8.920560270330029
2011-05-20 03:00:00,4.388199634940256
2011-05-20 04:00:00,3.932370647323291
2011-05-20 05:00:00,18.62135220965997
2011-05-20 06:00:00,78.32753303082687
2011-05-20 07:00:00,237.34687741712042
2011-05-20 08:00:00,492.3451863728437
2011-05-20 09:00:00,249.0431936241229
2011-05-20 10:00:00,145.60611334753435
2011-05-20 11:00:00,161.05609937108196
2011-05-20 12:00:00,200.25355537153433
2011-05-20 13:00:00,119.03592592379192
2011-05-20 14:00:00,204.04953534470215
2011-05-20 15:00:00,197.68984534445278
2011-05-20 16:00:00,272.6315957526802
2011-05-20 17:00:00,523.3649404731668
2011-05-20 18:00:00,410.64016232384887
2011-05-20 19:00:00,282.1449798803074
2011-05-20 20:00:00,193.05238167884087
2011-05-20 21:00:00,153.87366228951782
2011-05-20 22:00:00,136.5230031429632
2011-05-20 23:00:00,100.80559893755715
2011-05-21 00:00:00,82.3715999649845
2011-05-21 01:00:00,67.22579945259153
2011-05-21 02:00:00,48.07057225793587
2011-05-21 03:00:00,19.691634040717265
2011-05-21 04:00:00,6.082222684119173
2011-05-21 05:00:00,6.15059715606669
2011-05-21 06:00:00,16.34763298867206
2011-05-21 07:00:00,43.19199812735583
2011-05-21 08:00:00,107.74788403303079
2011-05-21 09:00:00,180.02294921972316
2011-05-21 10:00:00,268.29483977134424
2011-05-21 11:00:00,334.2613134949576
2011-05-21 12:00:00,401.85573860252634
2011-05-21 13:00:00,424.91697156262154
2011-05-21 14:00:00,434.3758778712937
2011-05-21 15:00:00,394.8929508142725
2011-05-21 16:00:00,343.8387991297339
2011-05-21 17:00:00,321.27721169751976
2011-05-21 18:00:00,271.22218906903447
2011-05-21 19:00:00,254.25086302518048
2011-05-21 20:00:00,190.37837263188206
2011-05-21 21:00:00,154.28856221598892
2011-05-21 22:00:00,130.58003718154544
2011-05-21 23:00:00,111.7358175265067
2011-05-22 00:00:00,82.11097907788324
2011-05-22 01:00:00,66.87977266320868
2011-05-22 02:00:00,52.47824174941407
2011-05-22 03:00:00,24.84289463435017
2011-05-22 04:00:00,7.275586984982268
2011-05-22 05:00:00,6.568108563655477
2011-05-22 06:00:00,10.061084677938037
2011-05-22 07:00:00,28.643395631241678
2011-05-22 08:00:00,79.64450850532175
2011-05-22 09:00:00,151.50437416669928
2011-05-22 10:00:00,251.8333816459625
2011-05-22 11:00:00,319.5647446687169
2011-05-22 12:00:00,348.496748682556
2011-05-22 13:00:00,334.26725619943903
2011-05-22 14:00:00,179.00141876273298
2011-05-22 15:00:00,310.8526068840207
2011-05-22 16:00:00,346.0542664141484
2011-05-22 17:00:00,304.95519953033516
2011-05-22 18:00:00,248.49462763650425
2011-05-22 19:00:00,197.42774857073854
2011-05-22 20:00:00,153.97296990798802
2011-05-22 21:00:00,114.00156030200586
2011-05-22 22:00:00,87.07516475795107
2011-05-22 23:00:00,50.92421725658862
2011-05-23 00:00:00,25.2369760251466
2011-05-23 01:00:00,12.457704515829159
2011-05-23 02:00:00,3.985994118597306
2011-05-23 03:00:00,2.1005299924434895
2011-05-23 04:00:00,4.571034727919272
2011-05-23 05:00:00,16.173735183730013
2011-05-23 06:00:00,67.28743209331547
2011-05-23 07:00:00,191.94011321071062
2011-05-23 08:00:00,373.1144448934123
2011-05-23 09:00:00,208.17769624694841
2011-05-23 10:00:00,127.99061135119794
2011-05-23 11:00:00,144.73282767950968
2011-05-23 12:00:00,183.62568340912853
2011-05-23 13:00:00,162.75882223556894
2011-05-23 14:00:00,142.21914511358227
2011-05-23 15:00:00,157.00763658940215
2011-05-23 16:00:00,234.48208702946846
2011-05-23 17:00:00,235.65556205101055
2011-05-23 18:00:00,419.4348499198867
2011-05-23 19:00:00,312.1178066642993
2011-05-23 20:00:00,209.74651845678534
2011-05-23 21:00:00,146.4929201613193
2011-05-23 22:00:00,96.67030868896478
2011-05-23 23:00:00,52.35146961229756
2011-05-24 00:00:00,20.662271702881927
2011-05-24 01:00:00,9.170858752679559
2011-05-24 02:00:00,4.493948212387759
2011-05-24 03:00:00,3.0892995570108597
2011-05-24 04:00:00,4.849956748961928
2011-05-24 05:00:00,18.77055168078401
2011-05-24 06:00:00,88.92884928880119
2011-05-24 07:00:00,166.14015127723667
2011-05-24 08:00:00,259.5285395912977
2011-05-24 09:00:00,219.31004416303116
2011-05-24 10:00:00,133.94880292350183
2011-05-24 11:00:00,144.04432354167201
2011-05-24 12:00:00,168.15502740974776
2011-05-24 13:00:00,175.62672070872654
2011-05-24 14:00:00,154.4447872476917
2011-05-24 15:00:00,87.29031535644883
2011-05-24 16:00:00,252.16823584056579
2011-05-24 17:00:00,535.3150777541459
2011-05-24 18:00:00,482.1084543223621
2011-05-24 19:00:00,326.1171586596951
2011-05-24 20:00:00,238.46349344021317
2011-05-24 21:00:00,174.14904436380547
2011-05-24 22:00:00,62.40707459971798
2011-05-24 23:00:00,40.742833969500055
2011-05-25 00:00:00,15.460471655425257
2011-05-25 01:00:00,6.492000554118596
2011-05-25 02:00:00,4.775279070725792
2011-05-25 03:00:00,3.827013079359022
2011-05-25 04:00:00,3.723204377659868
2011-05-25 05:00:00,21.532053134027795
2011-05-25 06:00:00,98.33347322146213
2011-05-25 07:00:00,301.81611564852784
2011-05-25 08:00:00,517.3343533780727
2011-05-25 09:00:00,275.7003482183663
2011-05-25 10:00:00,142.50749407429942
2011-05-25 11:00:00,152.7933940239575
2011-05-25 12:00:00,188.72788954773475
2011-05-25 13:00:00,171.22094541075074
2011-05-25 14:00:00,156.7062283738456
2011-05-25 15:00:00,167.72721379797267
2011-05-25 16:00:00,240.54468759395118
2011-05-25 17:00:00,481.5288574801458
2011-05-25 18:00:00,481.2422913008319
2011-05-25 19:00:00,344.348636792937
2011-05-25 20:00:00,247.96560637239887
2011-05-25 21:00:00,172.94672379622486
2011-05-25 22:00:00,129.35128350407078
2011-05-25 23:00:00,76.35060313535537
2011-05-26 00:00:00,35.587228557123055
2011-05-26 01:00:00,14.600456053303656
2011-05-26 02:00:00,7.544846459892987
2011-05-26 03:00:00,4.186974828634077
2011-05-26 04:00:00,4.607834672468127
2011-05-26 05:00:00,22.38125679581015
2011-05-26 06:00:00,98.41035471673244
2011-05-26 07:00:00,268.465774386963
2011-05-26 08:00:00,472.2296063404156
2011-05-26 09:00:00,257.9276873168007
2011-05-26 10:00:00,121.54117930233828
2011-05-26 11:00:00,147.29128780053904
2011-05-26 12:00:00,172.76336195358948
2011-05-26 13:00:00,165.3535131562453
2011-05-26 14:00:00,144.61596818681204
2011-05-26 15:00:00,146.3266279644052
2011-05-26 16:00:00,219.81259047608182
2011-05-26 17:00:00,489.0903807818136
2011-05-26 18:00:00,453.9292756310427
2011-05-26 19:00:00,328.63056240920764
2011-05-26 20:00:00,261.1220680765567
2011-05-26 21:00:00,202.3279263143712
2011-05-26 22:00:00,149.30720923424755
2011-05-26 23:00:00,95.79195424501962
2011-05-27 00:00:00,50.31437635692139
2011-05-27 01:00:00,24.65409776198002
2011-05-27 02:00:00,12.544223222834656
2011-05-27 03:00:00,6.121885888688201
2011-05-27 04:00:00,5.348876630085386
2011-05-27 05:00:00,24.664506751335082
2011-05-27 06:00:00,103.49509527452909
2011-05-27 07:00:00,279.16658205041614
2011-05-27 08:00:00,485.67355943092923
2011-05-27 09:00:00,275.75465597180454
2011-05-27 10:00:00,155.7385122112805
2011-05-27 11:00:00,166.6796950589504
2011-05-27 12:00:00,202.75555225791672
2011-05-27 13:00:00,226.6940276367585
2011-05-27 14:00:00,201.41486583850903
2011-05-27 15:00:00,219.11655420304822
2011-05-27 16:00:00,257.50006752161806
2011-05-27 17:00:00,459.62243688036097
2011-05-27 18:00:00,364.2068254991779
2011-05-27 19:00:00,143.50245391800144
2011-05-27 20:00:00,169.48680719193058
2011-05-27 21:00:00,149.4193404184695
2011-05-27 22:00:00,136.9425802141216
2011-05-27 23:00:00,103.50503265550351
2011-05-28 00:00:00,84.27027731953426
2011-05-28 01:00:00,64.20317528751981
2011-05-28 02:00:00,45.61235056079823
2011-05-28 03:00:00,20.704768664987974
2011-05-28 04:00:00,6.714411167182341
2011-05-28 05:00:00,6.789892507119682
2011-05-28 06:00:00,17.30179317691703
2011-05-28 07:00:00,42.70191985638718
2011-05-28 08:00:00,112.93900149731242
2011-05-28 09:00:00,176.78649591853642
2011-05-28 10:00:00,260.30937120307334
2011-05-28 11:00:00,312.3778348634758
2011-05-28 12:00:00,357.9928030797683
2011-05-28 13:00:00,362.64719537559597
2011-05-28 14:00:00,369.75119207193126
2011-05-28 15:00:00,376.0924170188076
2011-05-28 16:00:00,337.02789843273024
2011-05-28 17:00:00,313.49526617801996
2011-05-28 18:00:00,265.10898924543403
2011-05-28 19:00:00,231.72323509512165
2011-05-28 20:00:00,178.57210686351056
2011-05-28 21:00:00,139.96303117693296
2011-05-28 22:00:00,126.31932684453595
2011-05-28 23:00:00,110.32685799970098
2011-05-29 00:00:00,88.97274915061375
2011-05-29 01:00:00,74.23571771147436
2011-05-29 02:00:00,58.81635766800198
2011-05-29 03:00:00,29.107488610702184
2011-05-29 04:00:00,8.179425077166846
2011-05-29 05:00:00,7.2851333012587425
2011-05-29 06:00:00,9.989707643203237
2011-05-29 07:00:00,26.69477292129083
2011-05-29 08:00:00,66.44538766308463
2011-05-29 09:00:00,119.00065878360014
2011-05-29 10:00:00,207.8482880001863
2011-05-29 11:00:00,247.30572208658623
2011-05-29 12:00:00,310.2389904051538
2011-05-29 13:00:00,333.4694670593501
2011-05-29 14:00:00,313.0767565366671
2011-05-29 15:00:00,308.5734147287734
2011-05-29 16:00:00,310.2568469937505
2011-05-29 17:00:00,280.1087643855807
2011-05-29 18:00:00,228.57852942257085
2011-05-29 19:00:00,181.60450736794596
2011-05-29 20:00:00,144.36641419642748
2011-05-29 21:00:00,112.26174679938586
2011-05-29 22:00:00,87.19806492883583
2011-05-29 23:00:00,56.32440439557469
2011-05-30 00:00:00,27.991923570959383
2011-05-30 01:00:00,12.723230279184408
2011-05-30 02:00:00,7.338446962285691
2011-05-30 03:00:00,4.034250347615866
2011-05-30 04:00:00,5.0756676564149075
2011-05-30 05:00:00,16.697044174217016
2011-05-30 06:00:00,71.72980477178949
2011-05-30 07:00:00,209.07731278992486
2011-05-30 08:00:00,357.5804783770344
2011-05-30 09:00:00,235.4798548234084
2011-05-30 10:00:00,132.13135990923286
2011-05-30 11:00:00,160.38128749278664
2011-05-30 12:00:00,186.64392382033287
2011-05-30 13:00:00,180.64634571121195
2011-05-30 14:00:00,166.648726398537
2011-05-30 15:00:00,165.44018589626108
2011-05-30 16:00:00,236.16229086162852
2011-05-30 17:00:00,436.65839391391455
2011-05-30 18:00:00,430.33112651936375
2011-05-30 19:00:00,282.98058230435447
2011-05-30 20:00:00,247.37771633848365
2011-05-30 21:00:00,161.95179934588475
2011-05-30 22:00:00,108.01967423533402
2011-05-30 23:00:00,60.70859222045123
2011-05-31 00:00:00,25.548213864664287
2011-05-31 01:00:00,10.761152190997098
2011-05-31 02:00:00,4.682798861929958
2011-05-31 03:00:00,3.3043672866453337
2011-05-31 04:00:00,5.1085881954660195
2011-05-31 05:00:00,23.63493197858732
2011-05-31 06:00:00,111.95627476353911
2011-05-31 07:00:00,322.60826258018164
2011-05-31 08:00:00,519.4981634553533
2011-05-31 09:00:00,250.1254908371423
2011-05-31 10:00:00,131.2560347414771
2011-05-31 11:00:00,133.47054478079966
2011-05-31 12:00:00,154.4932739203129
2011-05-31 13:00:00,147.94719833181725
2011-05-31 14:00:00,140.3696970478711
2011-05-31 15:00:00,143.7547897093278
2011-05-31 16:00:00,225.84763365394627
2011-05-31 17:00:00,464.09670403261185
2011-05-31 18:00:00,453.46981260250124
2011-05-31 19:00:00,337.40257489735944
2011-05-31 20:00:00,238.52242892612412
2011-05-31 21:00:00,178.40995355387253
2011-05-31 22:00:00,123.69456951172283
2011-05-31 23:00:00,72.88958626437014
2011-06-20 00:00:00,29.761738749029462
2011-06-20 01:00:00,13.183979149489835
2011-06-20 02:00:00,7.752480536137632
2011-06-20 03:00:00,2.4337690141500024
2011-06-20 04:00:00,2.8847995355065397
2011-06-20 05:00:00,10.516898408567204
2011-06-20 06:00:00,44.903612631321735
2011-06-20 07:00:00,115.83344310017769
2011-06-20 08:00:00,203.33559058314097
2011-06-20 09:00:00,195.42248897710945
2011-06-20 10:00:00,112.85391918460341
2011-06-20 11:00:00,134.41248500876907
2011-06-20 12:00:00,179.36956688273716
2011-06-20 13:00:00,191.38740547410072
2011-06-20 14:00:00,179.39753254846946
2011-06-20 15:00:00,191.47485812464228
2011-06-20 16:00:00,275.08591404081716
2011-06-20 17:00:00,523.1596572642009
2011-06-20 18:00:00,450.58317793608916
2011-06-20 19:00:00,324.671444340437
2011-06-20 20:00:00,224.25243960082696
2011-06-20 21:00:00,159.78837178483604
2011-06-20 22:00:00,97.04391259446595
2011-06-20 23:00:00,58.63126663046319
2011-06-21 00:00:00,26.053645679483648
2011-06-21 01:00:00,6.353391491076271
2011-06-21 02:00:00,3.080596719568678
2011-06-21 03:00:00,2.0880959224212434
2011-06-21 04:00:00,4.6687333607366375
2011-06-21 05:00:00,21.392712505956762
2011-06-21 06:00:00,99.41320735010925
2011-06-21 07:00:00,281.62374811885445
2011-06-21 08:00:00,458.7264451743278
2011-06-21 09:00:00,211.3429360862489
2011-06-21 10:00:00,121.00560176604534
2011-06-21 11:00:00,135.0048467312939
2011-06-21 12:00:00,169.84072330129078
2011-06-21 13:00:00,177.71018974102978
2011-06-21 14:00:00,155.52690691722964
2011-06-21 15:00:00,165.53379125749575
2011-06-21 16:00:00,256.5100380794167
2011-06-21 17:00:00,502.3389374904996
2011-06-21 18:00:00,439.44798000318997
2011-06-21 19:00:00,304.94591809791723
2011-06-21 20:00:00,133.85727508076644
2011-06-21 21:00:00,180.7303723426814
2011-06-21 22:00:00,129.85990602765165
2011-06-21 23:00:00,79.05550158483803
2011-06-22 00:00:00,31.223392977735656
2011-06-22 01:00:00,13.463135565875454
2011-06-22 02:00:00,6.266063941859986
2011-06-22 03:00:00,4.7721419338382605
2011-06-22 04:00:00,4.673284276015613
2011-06-22 05:00:00,24.642610749509178
2011-06-22 06:00:00,118.49119545609013
2011-06-22 07:00:00,329.4900956179053
2011-06-22 08:00:00,555.6728933440683
2011-06-22 09:00:00,263.45066849877594
2011-06-22 10:00:00,134.20917206544732
2011-06-22 11:00:00,142.82389582166044
2011-06-22 12:00:00,162.3599530269669
2011-06-22 13:00:00,143.6287971108872
2011-06-22 14:00:00,134.567467857378
2011-06-22 15:00:00,144.61230574872712
2011-06-22 16:00:00,198.98694228991968
2011-06-22 17:00:00,405.25561840959125
2011-06-22 18:00:00,424.5899217999447
2011-06-22 19:00:00,310.1788434931288
2011-06-22 20:00:00,243.60254369984008
2011-06-22 21:00:00,169.08244211608027
2011-06-22 22:00:00,120.30453933184003
2011-06-22 23:00:00,69.35095030767859
2011-06-23 00:00:00,35.44629973761054
2011-06-23 01:00:00,14.906876572230892
2011-06-23 02:00:00,8.033223272197496
2011-06-23 03:00:00,4.261203003977554
2011-06-23 04:00:00,4.523867923594775
2011-06-23 05:00:00,27.38986754200007
2011-06-23 06:00:00,126.1429070116567
2011-06-23 07:00:00,322.8375844195129
2011-06-23 08:00:00,514.2517368091445
2011-06-23 09:00:00,247.79618301670604
2011-06-23 10:00:00,123.4109186133267
2011-06-23 11:00:00,84.03358705787593
2011-06-23 12:00:00,166.0092916083423
2011-06-23 13:00:00,163.04324786921745
2011-06-23 14:00:00,138.92734881711525
2011-06-23 15:00:00,157.24484125118644
2011-06-23 16:00:00,234.39076624502914
2011-06-23 17:00:00,434.7377103242782
2011-06-23 18:00:00,440.32144759157
2011-06-23 19:00:00,317.12066018741103
2011-06-23 20:00:00,251.59003787132303
2011-06-23 21:00:00,195.98393551622306
2011-06-23 22:00:00,133.7593148540535
2011-06-23 23:00:00,94.10421680672646
2011-06-24 00:00:00,51.72076011377721
2011-06-24 01:00:00,22.94914628608189
2011-06-24 02:00:00,11.563831946941733
2011-06-24 03:00:00,5.827425908817321
2011-06-24 04:00:00,5.427926518587912
2011-06-24 05:00:00,25.050378488645638
2011-06-24 06:00:00,102.03075816741763
2011-06-24 07:00:00,254.01880889906536
2011-06-24 08:00:00,522.7778529404854
2011-06-24 09:00:00,305.20875008219656
2011-06-24 10:00:00,168.93876192896792
2011-06-24 11:00:00,199.95044900623063
2011-06-24 12:00:00,243.76787194203868
2011-06-24 13:00:00,252.2618965754939
2011-06-24 14:00:00,220.4212812829628
2011-06-24 15:00:00,230.7418321514654
2011-06-24 16:00:00,319.3078997253488
2011-06-24 17:00:00,558.100934444201
2011-06-24 18:00:00,469.12475765630523
2011-06-24 19:00:00,337.82503183188504
2011-06-24 20:00:00,232.4532409442362
2011-06-24 21:00:00,189.2019325868047
2011-06-24 22:00:00,179.36189314718624
2011-06-24 23:00:00,134.87464831310714
2011-06-25 00:00:00,110.76628607741765
2011-06-25 01:00:00,84.28586407568481
2011-06-25 02:00:00,56.306179368411236
2011-06-25 03:00:00,26.605199046441605
2011-06-25 04:00:00,8.711455854570342
2011-06-25 05:00:00,8.630016978827667
2011-06-25 06:00:00,21.40916352564014
2011-06-25 07:00:00,50.96182154905785
2011-06-25 08:00:00,136.97244277747708
2011-06-25 09:00:00,214.47157010783144
2011-06-25 10:00:00,304.615875726496
2011-06-25 11:00:00,392.44920873337855
2011-06-25 12:00:00,406.57854648510033
2011-06-25 13:00:00,416.06636172168317
2011-06-25 14:00:00,407.2708093215419
2011-06-25 15:00:00,449.286165067656
2011-06-25 16:00:00,377.349844036655
2011-06-25 17:00:00,362.3816312459716
2011-06-25 18:00:00,304.40398951181504
2011-06-25 19:00:00,257.038014092945
2011-06-25 20:00:00,206.39634478316907
2011-06-25 21:00:00,171.8849113969273
2011-06-25 22:00:00,155.4683527888306
2011-06-25 23:00:00,119.35528825703356
2011-06-26 00:00:00,114.61089635747526
2011-06-26 01:00:00,93.4019856213866
2011-06-26 02:00:00,70.37270691751968
2011-06-26 03:00:00,33.29478558586144
2011-06-26 04:00:00,9.472266984044161
2011-06-26 05:00:00,9.105332685511094
2011-06-26 06:00:00,13.34186714582452
2011-06-26 07:00:00,37.41034464270224
2011-06-26 08:00:00,87.77838527857283
2011-06-26 09:00:00,175.08271987900326
2011-06-26 10:00:00,293.83529119893495
2011-06-26 11:00:00,358.2931405701339
2011-06-26 12:00:00,427.417399536031
2011-06-26 13:00:00,444.7900275766386
2011-06-26 14:00:00,404.5264543309602
2011-06-26 15:00:00,418.42352710311854
2011-06-26 16:00:00,389.2021530151175
2011-06-26 17:00:00,325.680364803451
2011-06-26 18:00:00,256.45409870935504
2011-06-26 19:00:00,206.64686377689216
2011-06-26 20:00:00,165.83294933210996
2011-06-26 21:00:00,126.01706606406829
2011-06-26 22:00:00,114.6193511785951
2011-06-26 23:00:00,71.58967037824972
2011-06-27 00:00:00,17.39981778858156
2011-06-27 01:00:00,12.96995462032957
2011-06-27 02:00:00,4.639394282859678
2011-06-27 03:00:00,2.550468524817701
2011-06-27 04:00:00,5.040890115877802
2011-06-27 05:00:00,18.07408421905962
2011-06-27 06:00:00,78.27025841123465
2011-06-27 07:00:00,224.31528200670726
2011-06-27 08:00:00,429.5587952413437
2011-06-27 09:00:00,257.61852028661383
2011-06-27 10:00:00,142.4462557978267
2011-06-27 11:00:00,166.24355202584022
2011-06-27 12:00:00,214.21360103149468
2011-06-27 13:00:00,184.67952126285414
2011-06-27 14:00:00,176.13920540222594
2011-06-27 15:00:00,196.55664985230743
2011-06-27 16:00:00,296.52165952350504
2011-06-27 17:00:00,519.6211793290663
2011-06-27 18:00:00,535.4737809763271
2011-06-27 19:00:00,350.49611339138323
2011-06-27 20:00:00,251.28375663288176
2011-06-27 21:00:00,186.19614544516767
2011-06-27 22:00:00,124.19853343864749
2011-06-27 23:00:00,71.29477463557446
2011-06-28 00:00:00,24.386762727040626
2011-06-28 01:00:00,12.4955252055324
2011-06-28 02:00:00,5.63796606895194
2011-06-28 03:00:00,3.82153687451053
2011-06-28 04:00:00,5.775636992143751
2011-06-28 05:00:00,26.2544659988956
2011-06-28 06:00:00,113.1748279935191
2011-06-28 07:00:00,311.4076702888912
2011-06-28 08:00:00,519.1148734628296
2011-06-28 09:00:00,271.3243353847988
2011-06-28 10:00:00,147.51081193336663
2011-06-28 11:00:00,153.80199320806827
2011-06-28 12:00:00,165.60142924972467
2011-06-28 13:00:00,185.66634216035266
2011-06-28 14:00:00,146.7749065724235
2011-06-28 15:00:00,173.63014985124752
2011-06-28 16:00:00,240.59681847198402
2011-06-28 17:00:00,272.2375057126932
2011-06-28 18:00:00,272.4078526868037
2011-06-28 19:00:00,306.4163301248395
2011-06-28 20:00:00,270.28737193646697
2011-06-28 21:00:00,180.66840033416003
2011-06-28 22:00:00,127.30613903832516
2011-06-28 23:00:00,76.04134715033278
2011-06-29 00:00:00,27.580892775540534
2011-06-29 01:00:00,12.730061259237889
2011-06-29 02:00:00,5.701325551314616
2011-06-29 03:00:00,4.2983377180539915
2011-06-29 04:00:00,4.541586399915111
2011-06-29 05:00:00,23.73745133865943
2011-06-29 06:00:00,114.42597478997769
2011-06-29 07:00:00,345.2514993055432
2011-06-29 08:00:00,597.8537022471148
2011-06-29 09:00:00,289.933766794639
2011-06-29 10:00:00,153.4437481340706
2011-06-29 11:00:00,165.8387842078357
2011-06-29 12:00:00,210.09737435490342
2011-06-29 13:00:00,183.0354559470203
2011-06-29 14:00:00,176.6637796279774
2011-06-29 15:00:00,191.91838815725217
2011-06-29 16:00:00,251.19669165331123
2011-06-29 17:00:00,504.9196229464
2011-06-29 18:00:00,544.0261090551338
2011-06-29 19:00:00,372.9179736276685
2011-06-29 20:00:00,279.27202957320065
2011-06-29 21:00:00,204.84852308265417
2011-06-29 22:00:00,158.6427054137392
2011-06-29 23:00:00,89.92653945985515
2011-06-30 00:00:00,41.46044073392788
2011-06-30 01:00:00,16.77030007542037
2011-06-30 02:00:00,8.761820539731271
2011-06-30 03:00:00,4.806802556960129
2011-06-30 04:00:00,5.006573331995973
2011-06-30 05:00:00,26.410600713559845
2011-06-30 06:00:00,124.12820997109881
2011-06-30 07:00:00,358.5326663164639
2011-06-30 08:00:00,632.9024389649725
2011-06-30 09:00:00,307.16488444725746
2011-06-30 10:00:00,153.6206135611148
2011-06-30 11:00:00,185.7198557252394
2011-06-30 12:00:00,223.066469379614
2011-06-30 13:00:00,214.68700644087437
2011-06-30 14:00:00,186.79126480612138
2011-06-30 15:00:00,202.8469261406205
2011-06-30 16:00:00,311.6778412664052
2011-06-30 17:00:00,573.2857501394498
2011-06-30 18:00:00,560.8967157737707
2011-06-30 19:00:00,399.6157770513223
2011-06-30 20:00:00,307.41122464467685
2011-06-30 21:00:00,240.53482957186685
2011-06-30 22:00:00,174.17570636146442
2011-06-30 23:00:00,114.6215879873307
2011-07-20 00:00:00,31.195493406436025
2011-07-20 01:00:00,13.647466873561466
2011-07-20 02:00:00,6.081805172320793
2011-07-20 03:00:00,4.676680610125396
2011-07-20 04:00:00,4.701537057133257
2011-07-20 05:00:00,24.582487877199263
2011-07-20 06:00:00,101.71173652422249
2011-07-20 07:00:00,283.64439238147133
2011-07-20 08:00:00,567.702124425358
2011-07-20 09:00:00,278.9029174206649
2011-07-20 10:00:00,143.213164960889
2011-07-20 11:00:00,142.10467003131933
2011-07-20 12:00:00,185.171257390037
2011-07-20 13:00:00,154.4065245589371
2011-07-20 14:00:00,137.5121625113845
2011-07-20 15:00:00,157.1310768905
2011-07-20 16:00:00,237.47939937938375
2011-07-20 17:00:00,430.0772611231623
2011-07-20 18:00:00,437.07755443832775
2011-07-20 19:00:00,310.62843528168776
2011-07-20 20:00:00,219.16296156313922
2011-07-20 21:00:00,169.075733356566
2011-07-20 22:00:00,129.7222620073342
2011-07-20 23:00:00,74.50795359044433
2011-07-21 00:00:00,32.28753887155992
2011-07-21 01:00:00,12.755441937720587
2011-07-21 02:00:00,6.873828499535646
2011-07-21 03:00:00,4.142053405541515
2011-07-21 04:00:00,4.420191077811034
2011-07-21 05:00:00,24.235587444729795
2011-07-21 06:00:00,111.6159999213412
2011-07-21 07:00:00,302.9212479946289
2011-07-21 08:00:00,486.59202348189353
2011-07-21 09:00:00,216.3134881912352
2011-07-21 10:00:00,106.96905766480847
2011-07-21 11:00:00,116.62885735673093
2011-07-21 12:00:00,152.239636957328
2011-07-21 13:00:00,147.7999660525581
2011-07-21 14:00:00,124.17322169236797
2011-07-21 15:00:00,134.9049905778113
2011-07-21 16:00:00,196.09430330695525
2011-07-21 17:00:00,387.7998274759762
2011-07-21 18:00:00,379.2676995789051
2011-07-21 19:00:00,269.4010128775254
2011-07-21 20:00:00,216.37081719318147
2011-07-21 21:00:00,170.0343521494711
2011-07-21 22:00:00,134.1017197822175
2011-07-21 23:00:00,90.86843721900897
2011-07-22 00:00:00,50.58958577511843
2011-07-22 01:00:00,25.819168465299235
2011-07-22 02:00:00,11.728495577787974
2011-07-22 03:00:00,5.78461596818276
2011-07-22 04:00:00,5.386156267269445
2011-07-22 05:00:00,25.565553090411665
2011-07-22 06:00:00,103.21657859404515
2011-07-22 07:00:00,262.5958855875029
2011-07-22 08:00:00,438.6732714901687
2011-07-22 09:00:00,255.63235506170776
2011-07-22 10:00:00,135.26586011286844
2011-07-22 11:00:00,160.263875678176
2011-07-22 12:00:00,169.10318692830725
2011-07-22 13:00:00,163.4097039563166
2011-07-22 14:00:00,133.12347999405776
2011-07-22 15:00:00,153.5523683421276
2011-07-22 16:00:00,143.43143806306605
2011-07-22 17:00:00,451.2892031418206
2011-07-22 18:00:00,380.2004139956266
2011-07-22 19:00:00,270.7445103005185
2011-07-22 20:00:00,201.38687456751384
2011-07-22 21:00:00,163.14726535095053
2011-07-22 22:00:00,137.864803257413
2011-07-22 23:00:00,115.48079264010556
2011-07-23 00:00:00,100.82333388615044
2011-07-23 01:00:00,77.50295512568701
2011-07-23 02:00:00,59.29588022671141
2011-07-23 03:00:00,25.356863857165255
2011-07-23 04:00:00,8.44784453024363
2011-07-23 05:00:00,8.55957255643374
2011-07-23 06:00:00,21.37532208417959
2011-07-23 07:00:00,52.37595966600042
2011-07-23 08:00:00,118.84511980747304
2011-07-23 09:00:00,189.1984673785311
2011-07-23 10:00:00,259.84922431659743
2011-07-23 11:00:00,290.18610798673336
2011-07-23 12:00:00,314.76950905977895
2011-07-23 13:00:00,291.868322370383
2011-07-23 14:00:00,325.0602815013181
2011-07-23 15:00:00,311.10693106269196
2011-07-23 16:00:00,276.09696745085796
2011-07-23 17:00:00,254.36578421152782
2011-07-23 18:00:00,224.15845000997834
2011-07-23 19:00:00,209.5955511667561
2011-07-23 20:00:00,173.73026755843983
2011-07-23 21:00:00,145.6374550242819
2011-07-23 22:00:00,136.30070568367557
2011-07-23 23:00:00,124.71321076202732
2011-07-24 00:00:00,101.55210903889194
2011-07-24 01:00:00,84.62183356022788
2011-07-24 02:00:00,65.34877569299151
2011-07-24 03:00:00,32.34030156957349
2011-07-24 04:00:00,9.214488240580332
2011-07-24 05:00:00,8.646061393736653
2011-07-24 06:00:00,11.42526258627141
2011-07-24 07:00:00,34.41423624118913
2011-07-24 08:00:00,79.5871598207192
2011-07-24 09:00:00,142.548727766076
2011-07-24 10:00:00,225.9257643521295
2011-07-24 11:00:00,288.3722167588453
2011-07-24 12:00:00,316.0011515228725
2011-07-24 13:00:00,337.0001993267653
2011-07-24 14:00:00,308.1793803833813
2011-07-24 15:00:00,290.65723197496095
2011-07-24 16:00:00,290.8376738947099
2011-07-24 17:00:00,281.0535020887109
2011-07-24 18:00:00,235.5977299845746
2011-07-24 19:00:00,189.00886768788445
2011-07-24 20:00:00,154.76343671752895
2011-07-24 21:00:00,120.95328710182362
2011-07-24 22:00:00,100.9769682164595
2011-07-24 23:00:00,58.39596239329815
2011-07-25 00:00:00,30.93551871702766
2011-07-25 01:00:00,13.047154859159061
2011-07-25 02:00:00,7.653077827084329
2011-07-25 03:00:00,4.749192143921439
2011-07-25 04:00:00,5.725419087523977
2011-07-25 05:00:00,20.2583042241812
2011-07-25 06:00:00,78.40274281668083
2011-07-25 07:00:00,231.15763993214387
2011-07-25 08:00:00,399.73009008882775
2011-07-25 09:00:00,246.32324724902833
2011-07-25 10:00:00,143.1838829585719
2011-07-25 11:00:00,133.76023798618746
2011-07-25 12:00:00,169.7045204393439
2011-07-25 13:00:00,173.47924420088367
2011-07-25 14:00:00,153.4849961493829
2011-07-25 15:00:00,167.67844760624263
2011-07-25 16:00:00,251.62829685624877
2011-07-25 17:00:00,498.4415036692002
2011-07-25 18:00:00,462.295264763046
2011-07-25 19:00:00,344.4258586595972
2011-07-25 20:00:00,236.7170092440811
2011-07-25 21:00:00,170.0752328424202
2011-07-25 22:00:00,115.47511390298816
2011-07-25 23:00:00,64.39342130029176
2011-07-26 00:00:00,26.838930357464836
2011-07-26 01:00:00,11.79805624120216
2011-07-26 02:00:00,5.593300732693434
2011-07-26 03:00:00,3.754888880857029
2011-07-26 04:00:00,5.148878733565845
2011-07-26 05:00:00,24.298368511512344
2011-07-26 06:00:00,111.09979313279352
2011-07-26 07:00:00,324.90895170215913
2011-07-26 08:00:00,569.1792130110316
2011-07-26 09:00:00,290.9205565141045
2011-07-26 10:00:00,160.24365748407908
2011-07-26 11:00:00,168.9035286860127
2011-07-26 12:00:00,199.6731575960105
2011-07-26 13:00:00,181.23762489375554
2011-07-26 14:00:00,157.0582383846737
2011-07-26 15:00:00,161.34917193327595
2011-07-26 16:00:00,257.6243945703436
2011-07-26 17:00:00,498.2151212531586
2011-07-26 18:00:00,489.1826183208578
2011-07-26 19:00:00,351.6802148273103
2011-07-26 20:00:00,255.60597431803413
2011-07-26 21:00:00,194.5652934233857
2011-07-26 22:00:00,140.34573669919982
2011-07-26 23:00:00,82.90383163698792
2011-07-27 00:00:00,31.069150732955663
2011-07-27 01:00:00,14.508175195081387
2011-07-27 02:00:00,6.270102072053806
2011-07-27 03:00:00,5.170241540657681
2011-07-27 04:00:00,5.107816676920121
2011-07-27 05:00:00,26.534601950922898
2011-07-27 06:00:00,126.16229210227148
2011-07-27 07:00:00,350.99184552873237
2011-07-27 08:00:00,616.2472081629094
2011-07-27 09:00:00,313.0912032251492
2011-07-27 10:00:00,171.5095591656652
2011-07-27 11:00:00,175.4005585157919
2011-07-27 12:00:00,200.1965163724734
2011-07-27 13:00:00,171.2944202052165
2011-07-27 14:00:00,167.3337306288503
2011-07-27 15:00:00,177.20733151219844
2011-07-27 16:00:00,260.79291654816154
2011-07-27 17:00:00,519.8036420072675
2011-07-27 18:00:00,566.7359570236292
2011-07-27 19:00:00,408.66371787248494
2011-07-27 20:00:00,271.15312390456654
2011-07-27 21:00:00,202.08584819919625
2011-07-27 22:00:00,163.7510288602811
2011-07-27 23:00:00,93.30734646867515
2011-07-28 00:00:00,42.03688442934861
2011-07-28 01:00:00,17.958208855769964
2011-07-28 02:00:00,9.218040923733168
2011-07-28 03:00:00,5.44016257210468
2011-07-28 04:00:00,5.4574909074268065
2011-07-28 05:00:00,29.357942119836753
2011-07-28 06:00:00,132.66059908010772
2011-07-28 07:00:00,357.6143624750283
2011-07-28 08:00:00,581.1776626851478
2011-07-28 09:00:00,272.02001753745253
2011-07-28 10:00:00,130.51723199792931
2011-07-28 11:00:00,140.5359468137645
2011-07-28 12:00:00,175.33155025882957
2011-07-28 13:00:00,167.21968699960414
2011-07-28 14:00:00,137.73871851190052
2011-07-28 15:00:00,156.7720177132993
2011-07-28 16:00:00,244.78232343684215
2011-07-28 17:00:00,475.92683751538004
2011-07-28 18:00:00,435.88262188629994
2011-07-28 19:00:00,317.69527470750427
2011-07-28 20:00:00,246.96303554209072
2011-07-28 21:00:00,187.15707712383895
2011-07-28 22:00:00,142.9364507521827
2011-07-28 23:00:00,92.81867543119006
2011-07-29 00:00:00,50.956570252822075
2011-07-29 01:00:00,24.30527847187031
2011-07-29 02:00:00,12.790984926933518
2011-07-29 03:00:00,6.112376543185602
2011-07-29 04:00:00,5.260762217122158
2011-07-29 05:00:00,26.14369262257005
2011-07-29 06:00:00,95.55583199701107
2011-07-29 07:00:00,263.8751469185147
2011-07-29 08:00:00,485.9175005519474
2011-07-29 09:00:00,267.76683318457196
2011-07-29 10:00:00,136.5719722455919
2011-07-29 11:00:00,150.62872375695022
2011-07-29 12:00:00,169.10123874821466
2011-07-29 13:00:00,197.988071292623
2011-07-29 14:00:00,155.0298885694509
2011-07-29 15:00:00,166.51661444592213
2011-07-29 16:00:00,215.2540723655205
2011-07-29 17:00:00,361.03343791694283
2011-07-29 18:00:00,338.01487860202224
2011-07-29 19:00:00,254.74157050148816
2011-07-29 20:00:00,189.86125530563223
2011-07-29 21:00:00,171.84975668951975
2011-07-29 22:00:00,155.1251826797635
2011-07-29 23:00:00,129.8099484498019
2011-07-30 00:00:00,103.04948974034822
2011-07-30 01:00:00,82.79092910487036
2011-07-30 02:00:00,60.94164949009791
2011-07-30 03:00:00,26.25858321403118
2011-07-30 04:00:00,8.516011674822794
2011-07-30 05:00:00,8.045164530836333
2011-07-30 06:00:00,19.837319535805022
2011-07-30 07:00:00,49.42129994217005
2011-07-30 08:00:00,124.81544474510514
2011-07-30 09:00:00,191.48087094565355
2011-07-30 10:00:00,274.68331445742314
2011-07-30 11:00:00,338.83632551257637
2011-07-30 12:00:00,393.92229217144154
2011-07-30 13:00:00,395.94695137323106
2011-07-30 14:00:00,378.01469764429237
2011-07-30 15:00:00,357.7905971571069
2011-07-30 16:00:00,330.7421868111094
2011-07-30 17:00:00,312.569866214435
2011-07-30 18:00:00,276.24009517952084
2011-07-30 19:00:00,280.84234626279397
2011-07-30 20:00:00,196.3995007471943
2011-07-30 21:00:00,162.44063536123085
2011-07-30 22:00:00,149.77592639832326
2011-07-30 23:00:00,134.26864964585693
2011-07-31 00:00:00,109.3329605262036
2011-07-31 01:00:00,90.20534357223427
2011-07-31 02:00:00,68.67843645618068
2011-07-31 03:00:00,34.987679625262764
2011-07-31 04:00:00,9.818725514249104
2011-07-31 05:00:00,9.214198725287007
2011-07-31 06:00:00,13.278969830403769
2011-07-31 07:00:00,36.83715820575158
2011-07-31 08:00:00,88.30204398073481
2011-07-31 09:00:00,173.73839412234358
2011-07-31 10:00:00,271.1500387217891
2011-07-31 11:00:00,331.3629608907942
2011-07-31 12:00:00,356.98133369952785
2011-07-31 13:00:00,361.51311464678673
2011-07-31 14:00:00,340.0817797440173
2011-07-31 15:00:00,315.60732372456886
2011-07-31 16:00:00,319.4815893698008
2011-07-31 17:00:00,301.8296254730644
2011-07-31 18:00:00,239.89175906068354
2011-07-31 19:00:00,191.7320412770087
2011-07-31 20:00:00,152.01214186406554
2011-07-31 21:00:00,120.52549711674531
2011-07-31 22:00:00,93.35174633278179
2011-07-31 23:00:00,63.665382642307975
2011-08-20 00:00:00,94.39969898805852
2011-08-20 01:00:00,75.74871489445032
2011-08-20 02:00:00,57.170970122560355
2011-08-20 03:00:00,25.659640375104086
2011-08-20 04:00:00,7.2682076063782555
2011-08-20 05:00:00,8.137936803143026
2011-08-20 06:00:00,17.60559747926972
2011-08-20 07:00:00,49.584007272771174
2011-08-20 08:00:00,134.25549678486334
2011-08-20 09:00:00,212.05508209077738
2011-08-20 10:00:00,288.2695231554004
2011-08-20 11:00:00,364.9769223722422
2011-08-20 12:00:00,389.0688453752032
2011-08-20 13:00:00,398.53405745854366
2011-08-20 14:00:00,389.66922122077455
2011-08-20 15:00:00,403.8130109846949
2011-08-20 16:00:00,367.96767859167153
2011-08-20 17:00:00,333.285174342988
2011-08-20 18:00:00,278.54734555114425
2011-08-20 19:00:00,244.38141360678995
2011-08-20 20:00:00,188.3268369187642
2011-08-20 21:00:00,153.30479488518813
2011-08-20 22:00:00,124.98825720989069
2011-08-20 23:00:00,124.20345711466658
2011-08-21 00:00:00,99.2025341317774
2011-08-21 01:00:00,81.12400501059344
2011-08-21 02:00:00,63.6572568882167
2011-08-21 03:00:00,30.60821132450598
2011-08-21 04:00:00,8.673075607112521
2011-08-21 05:00:00,7.6934314916336275
2011-08-21 06:00:00,11.32750397050046
2011-08-21 07:00:00,31.559331498235863
2011-08-21 08:00:00,80.92075730055363
2011-08-21 09:00:00,152.437981465159
2011-08-21 10:00:00,243.16223436991848
2011-08-21 11:00:00,289.6055787864282
2011-08-21 12:00:00,338.87337597476585
2011-08-21 13:00:00,330.97994878318576
2011-08-21 14:00:00,172.90129925637302
2011-08-21 15:00:00,311.7733528574027
2011-08-21 16:00:00,329.3981647610332
2011-08-21 17:00:00,300.2805657030272
2011-08-21 18:00:00,237.67891956353247
2011-08-21 19:00:00,195.53271005494378
2011-08-21 20:00:00,149.47782294125824
2011-08-21 21:00:00,116.88403101938819
2011-08-21 22:00:00,85.90257265515916
2011-08-21 23:00:00,63.52870865060561
2011-08-22 00:00:00,32.02374737998751
2011-08-22 01:00:00,14.626153735594718
2011-08-22 02:00:00,8.317797084936542
2011-08-22 03:00:00,2.754919913799799
2011-08-22 04:00:00,6.1184106379436205
2011-08-22 05:00:00,20.445502424236874
2011-08-22 06:00:00,90.03270827304813
2011-08-22 07:00:00,252.47519492750553
2011-08-22 08:00:00,435.51532489583695
2011-08-22 09:00:00,260.80298677695265
2011-08-22 10:00:00,153.70083844725252
2011-08-22 11:00:00,183.8034634538977
2011-08-22 12:00:00,226.39866813786244
2011-08-22 13:00:00,214.36456339108963
2011-08-22 14:00:00,200.5408639633288
2011-08-22 15:00:00,222.47078247381887
2011-08-22 16:00:00,307.5375911085429
2011-08-22 17:00:00,563.3586535334689
2011-08-22 18:00:00,549.2763243552001
2011-08-22 19:00:00,398.57333648508563
2011-08-22 20:00:00,278.8526736029822
2011-08-22 21:00:00,193.66012839322497
2011-08-22 22:00:00,127.1177126900998
2011-08-22 23:00:00,71.87303971720344
2011-08-23 00:00:00,29.121135840395535
2011-08-23 01:00:00,12.223488723581365
2011-08-23 02:00:00,5.82891646534747
2011-08-23 03:00:00,3.838091253771759
2011-08-23 04:00:00,5.271026903884599
2011-08-23 05:00:00,24.152495859856725
2011-08-23 06:00:00,110.75908452727622
2011-08-23 07:00:00,345.0544839373614
2011-08-23 08:00:00,553.2597629791601
2011-08-23 09:00:00,282.052394767923
2011-08-23 10:00:00,176.30072458404507
2011-08-23 11:00:00,173.31499004378713
2011-08-23 12:00:00,205.57573875816433
2011-08-23 13:00:00,218.87860558569943
2011-08-23 14:00:00,195.2900163235514
2011-08-23 15:00:00,197.98620582847775
2011-08-23 16:00:00,324.5094207191291
2011-08-23 17:00:00,618.3757398884636
2011-08-23 18:00:00,604.2161653995495
2011-08-23 19:00:00,378.9412549041597
2011-08-23 20:00:00,259.059772673529
2011-08-23 21:00:00,203.89335909562672
2011-08-23 22:00:00,138.55947575323773
2011-08-23 23:00:00,81.04438739923725
2011-08-24 00:00:00,34.08810855319087
2011-08-24 01:00:00,14.133156963402788
2011-08-24 02:00:00,5.930857332094599
2011-08-24 03:00:00,4.717415780192515
2011-08-24 04:00:00,4.407646877292752
2011-08-24 05:00:00,23.838242546705636
2011-08-24 06:00:00,114.99667773544553
2011-08-24 07:00:00,329.66087985098204
2011-08-24 08:00:00,555.5046592786291
2011-08-24 09:00:00,267.9746017827713
2011-08-24 10:00:00,143.31448516249768
2011-08-24 11:00:00,149.75357489902655
2011-08-24 12:00:00,187.09599025702312
2011-08-24 13:00:00,168.6913275283843
2011-08-24 14:00:00,155.89164878313
2011-08-24 15:00:00,169.8464536666669
2011-08-24 16:00:00,238.546441564691
2011-08-24 17:00:00,477.52871456675064
2011-08-24 18:00:00,498.81861167008697
2011-08-24 19:00:00,350.2193161510099
2011-08-24 20:00:00,253.14671369621956
2011-08-24 21:00:00,176.76179664249722
2011-08-24 22:00:00,134.81608199526872
2011-08-24 23:00:00,78.59568293136796
2011-08-25 00:00:00,35.80338493023082
2011-08-25 01:00:00,14.600391771474632
2011-08-25 02:00:00,7.868060515124937
2011-08-25 03:00:00,4.4620176457755
2011-08-25 04:00:00,4.597292367976383
2011-08-25 05:00:00,24.42110169088083
2011-08-25 06:00:00,115.77431976393743
2011-08-25 07:00:00,299.1221794666906
2011-08-25 08:00:00,496.6875119604029
2011-08-25 09:00:00,237.73384865312389
2011-08-25 10:00:00,118.96303726521859
2011-08-25 11:00:00,88.62424860262813
2011-08-25 12:00:00,107.53787159769976
2011-08-25 13:00:00,180.19136603381983
2011-08-25 14:00:00,151.15165920645458
2011-08-25 15:00:00,163.2422436836192
2011-08-25 16:00:00,256.49473871491404
2011-08-25 17:00:00,499.46694006813334
2011-08-25 18:00:00,410.671857585539
2011-08-25 19:00:00,283.24392507327246
2011-08-25 20:00:00,235.19461019587143
2011-08-25 21:00:00,185.88074981011349
2011-08-25 22:00:00,149.3421539575999
2011-08-25 23:00:00,94.89207407665405
2011-08-26 00:00:00,50.98024656874323
2011-08-26 01:00:00,25.151840210985384
2011-08-26 02:00:00,11.892176574993803
2011-08-26 03:00:00,5.667538440146397
2011-08-26 04:00:00,5.3964985695129295
2011-08-26 05:00:00,23.416683194643568
2011-08-26 06:00:00,102.91750213221908
2011-08-26 07:00:00,297.9148130248334
2011-08-26 08:00:00,522.1458276037904
2011-08-26 09:00:00,305.6572648271321
2011-08-26 10:00:00,168.7703878865327
2011-08-26 11:00:00,185.82924399134077
2011-08-26 12:00:00,214.9605600657351
2011-08-26 13:00:00,215.5773870708821
2011-08-26 14:00:00,215.40890700098385
2011-08-26 15:00:00,200.07836294616484
2011-08-26 16:00:00,308.11174212844696
2011-08-26 17:00:00,466.8127575123134
2011-08-26 18:00:00,377.3552545584523
2011-08-26 19:00:00,291.3205100457596
2011-08-26 20:00:00,201.2614401026696
2011-08-26 21:00:00,160.34056851748457
2011-08-26 22:00:00,148.37723932861635
2011-08-26 23:00:00,117.14927220102057
2011-08-27 00:00:00,94.92032408514736
2011-08-27 01:00:00,72.31714905219901
2011-08-27 02:00:00,52.976029633968146
2011-08-27 03:00:00,21.474194842388062
2011-08-27 04:00:00,7.031388867091604
2011-08-27 05:00:00,6.87430286121628
2011-08-27 06:00:00,17.03217299314596
2011-08-27 07:00:00,40.542945997393126
2011-08-27 08:00:00,105.21487479030901
2011-08-27 09:00:00,154.30160575571793
2011-08-27 10:00:00,216.98098446363733
2011-08-27 11:00:00,154.03140455418696
2011-08-27 12:00:00,173.52163149329624
2011-08-27 13:00:00,183.67040778342906
2011-08-27 14:00:00,170.4769630403239
2011-08-27 15:00:00,170.7530373525002
2011-08-27 16:00:00,159.79942557812856
2011-08-27 17:00:00,133.02764607631775
2011-08-28 07:00:00,16.910128732296858
2011-08-28 08:00:00,40.88946608753293
2011-08-28 09:00:00,144.16796786281495
2011-08-28 10:00:00,234.952489300242
2011-08-28 11:00:00,310.8188426008316
2011-08-28 12:00:00,375.7459512442737
2011-08-28 13:00:00,381.25829055810135
2011-08-28 14:00:00,352.6105240938857
2011-08-28 15:00:00,356.0276228665548
2011-08-28 16:00:00,358.41092167276275
2011-08-28 17:00:00,339.2136347836979
2011-08-28 18:00:00,286.2978450249922
2011-08-28 19:00:00,228.7980348266802
2011-08-28 20:00:00,184.11194663882512
2011-08-28 21:00:00,131.72117504453317
2011-08-28 22:00:00,100.71018729610752
2011-08-28 23:00:00,63.86659218205465
2011-08-29 00:00:00,32.867009772122955
2011-08-29 01:00:00,14.658937667234735
2011-08-29 02:00:00,8.37380016448152
2011-08-29 03:00:00,4.738657942244486
2011-08-29 04:00:00,5.66795584593473
2011-08-29 05:00:00,19.707319397137187
2011-08-29 06:00:00,83.63585794729467
2011-08-29 07:00:00,251.93777390493926
2011-08-29 08:00:00,443.3231943681737
2011-08-29 09:00:00,253.82460577369315
2011-08-29 10:00:00,155.88181159462042
2011-08-29 11:00:00,180.36170254736876
2011-08-29 12:00:00,213.1240250564656
2011-08-29 13:00:00,218.30494587534488
2011-08-29 14:00:00,215.5061032650723
2011-08-29 15:00:00,220.22806719532423
2011-08-29 16:00:00,312.95838854881794
2011-08-29 17:00:00,484.3162364532829
2011-08-29 18:00:00,503.4015059623743
2011-08-29 19:00:00,367.4355220937712
2011-08-29 20:00:00,256.2092376835936
2011-08-29 21:00:00,181.77447784461702
2011-08-29 22:00:00,121.98824227399162
2011-08-29 23:00:00,68.97792163597347
2011-08-30 00:00:00,25.387939670074957
2011-08-30 01:00:00,11.467113324275692
2011-08-30 02:00:00,5.436986049736989
2011-08-30 03:00:00,3.580137715048111
2011-08-30 04:00:00,4.784480870124312
2011-08-30 05:00:00,22.67613466609913
2011-08-30 06:00:00,109.20198898524276
2011-08-30 07:00:00,313.29958620589866
2011-08-30 08:00:00,564.6925061241042
2011-08-30 09:00:00,280.1786657878574
2011-08-30 10:00:00,162.42686330931917
2011-08-30 11:00:00,165.89995763330086
2011-08-30 12:00:00,213.54731763690498
2011-08-30 13:00:00,212.39765630307687
2011-08-30 14:00:00,186.89623068579624
2011-08-30 15:00:00,195.9639283238254
2011-08-30 16:00:00,311.75652344297976
2011-08-30 17:00:00,600.1552040564964
2011-08-30 18:00:00,578.8671624451135
2011-08-30 19:00:00,395.7674180425251
2011-08-30 20:00:00,288.010950295352
2011-08-30 21:00:00,194.20426496388973
2011-08-30 22:00:00,142.3914708393984
2011-08-30 23:00:00,84.64300873217537
2011-08-31 00:00:00,33.38523994727891
2011-08-31 01:00:00,14.11995201706758
2011-08-31 02:00:00,5.948826921618376
2011-08-31 03:00:00,4.649682532976151
2011-08-31 04:00:00,4.559196012630616
2011-08-31 05:00:00,22.59745014591438
2011-08-31 06:00:00,110.66709044356017
2011-08-31 07:00:00,321.5038710082078
2011-08-31 08:00:00,580.1707833814489
2011-08-31 09:00:00,282.5845806094465
2011-08-31 10:00:00,161.57048808329054
2011-08-31 11:00:00,167.58319456047724
2011-08-31 12:00:00,211.8668985394701
2011-08-31 13:00:00,200.1405585123641
2011-08-31 14:00:00,180.383274917599
2011-08-31 15:00:00,198.44064386449597
2011-08-31 16:00:00,279.0718785795611
2011-08-31 17:00:00,543.4633441230516
2011-08-31 18:00:00,527.4855716217259
2011-08-31 19:00:00,326.75442530273256
2011-08-31 20:00:00,267.6740733134599
2011-08-31 21:00:00,191.86275562509346
2011-08-31 22:00:00,147.07632631982
2011-08-31 23:00:00,77.75349453240001
2011-09-20 00:00:00,22.929254616800275
2011-09-20 01:00:00,9.35246189216249
2011-09-20 02:00:00,4.627332251888878
2011-09-20 03:00:00,3.1279513361072433
2011-09-20 04:00:00,4.69484693417235
2011-09-20 05:00:00,19.807884964382563
2011-09-20 06:00:00,92.04841950654759
2011-09-20 07:00:00,257.9991896575274
2011-09-20 08:00:00,243.0410285676629
2011-09-20 09:00:00,118.64835431854544
2011-09-20 10:00:00,68.80226507482239
2011-09-20 11:00:00,68.96937612277975
2011-09-20 12:00:00,134.2166169300916
2011-09-20 13:00:00,138.78955514341067
2011-09-20 14:00:00,125.84953343862828
2011-09-20 15:00:00,149.85948758525026
2011-09-20 16:00:00,224.1170593450805
2011-09-20 17:00:00,496.3748605909367
2011-09-20 18:00:00,480.3402152916394
2011-09-20 19:00:00,330.7612394150023
2011-09-20 20:00:00,224.5931983629388
2011-09-20 21:00:00,167.9602082285089
2011-09-20 22:00:00,119.20863185774556
2011-09-20 23:00:00,70.86223077691517
2011-09-21 00:00:00,28.14363841112871
2011-09-21 01:00:00,12.142281464057922
2011-09-21 02:00:00,5.411040077696932
2011-09-21 03:00:00,3.812786641575831
2011-09-21 04:00:00,3.549697988513294
2011-09-21 05:00:00,19.013327038854634
2011-09-21 06:00:00,87.82153610970786
2011-09-21 07:00:00,240.32947173006048
2011-09-21 08:00:00,424.4318744967887
2011-09-21 09:00:00,215.62186908071618
2011-09-21 10:00:00,121.67670399319933
2011-09-21 11:00:00,123.23053308770523
2011-09-21 12:00:00,166.4780731112357
2011-09-21 13:00:00,150.97593050353228
2011-09-21 14:00:00,138.18189097768035
2011-09-21 15:00:00,156.48026549555965
2011-09-21 16:00:00,222.33091759649034
2011-09-21 17:00:00,260.48351824707134
2011-09-21 18:00:00,255.57200797164253
2011-09-21 19:00:00,179.3105436899091
2011-09-21 20:00:00,130.3765946475164
2011-09-21 21:00:00,144.6411048523642
2011-09-21 22:00:00,119.80052218508052
2011-09-21 23:00:00,73.096707469455
2011-09-22 00:00:00,34.07057873370071
2011-09-22 01:00:00,12.80879602728887
2011-09-22 02:00:00,6.869389676720106
2011-09-22 03:00:00,3.938249871858046
2011-09-22 04:00:00,4.210286737039096
2011-09-22 05:00:00,22.973694547980944
2011-09-22 06:00:00,102.39029159732331
2011-09-22 07:00:00,287.3444267229382
2011-09-22 08:00:00,454.00950342750383
2011-09-22 09:00:00,219.96589097502158
2011-09-22 10:00:00,111.1737109618752
2011-09-22 11:00:00,130.60154276714047
2011-09-22 12:00:00,164.97328828705398
2011-09-22 13:00:00,157.0987830288011
2011-09-22 14:00:00,136.07392645969423
2011-09-22 15:00:00,151.48453473647993
2011-09-22 16:00:00,237.54776077381143
2011-09-22 17:00:00,459.9914864914196
2011-09-22 18:00:00,419.4884807434889
2011-09-22 19:00:00,290.32052904988404
2011-09-22 20:00:00,213.9459003622788
2011-09-22 21:00:00,172.29836187815707
2011-09-22 22:00:00,123.51530306270159
2011-09-22 23:00:00,85.20697875461157
2011-09-23 00:00:00,51.62543520251249
2011-09-23 01:00:00,24.25525846649642
2011-09-23 02:00:00,11.815705920710723
2011-09-23 03:00:00,5.84046273693729
2011-09-23 04:00:00,3.230370697968553
2011-09-23 05:00:00,26.152876109149105
2011-09-23 06:00:00,101.82593054947448
2011-09-23 07:00:00,171.58001731635653
2011-09-23 08:00:00,309.44326921231954
2011-09-23 09:00:00,164.25238935657973
2011-09-23 10:00:00,92.26294237655455
2011-09-23 11:00:00,107.6952513583921
2011-09-23 12:00:00,134.85837118199194
2011-09-23 13:00:00,129.18006825598096
2011-09-23 14:00:00,116.89973294471426
2011-09-23 15:00:00,130.5854022956295
2011-09-23 16:00:00,182.3694566518957
2011-09-23 17:00:00,471.93885806513043
2011-09-23 18:00:00,441.3592168540018
2011-09-23 19:00:00,308.766524291829
2011-09-23 20:00:00,219.23363528135584
2011-09-23 21:00:00,165.7843796270305
2011-09-23 22:00:00,154.0062546071873
2011-09-23 23:00:00,109.08760674595102
2011-09-24 00:00:00,98.8109740986698
2011-09-24 01:00:00,71.55234087215182
2011-09-24 02:00:00,52.923509288011935
2011-09-24 03:00:00,26.81319478465162
2011-09-24 04:00:00,8.334478851523357
2011-09-24 05:00:00,7.612195683107754
2011-09-24 06:00:00,18.860419209029523
2011-09-24 07:00:00,46.74096152740156
2011-09-24 08:00:00,119.25077650581567
2011-09-24 09:00:00,188.77685915581858
2011-09-24 10:00:00,262.9929786064284
2011-09-24 11:00:00,326.0391346389272
2011-09-24 12:00:00,366.4540961989335
2011-09-24 13:00:00,436.4147539346844
2011-09-24 14:00:00,393.78231218995796
2011-09-24 15:00:00,394.42001231698
2011-09-24 16:00:00,362.20000044999585
2011-09-24 17:00:00,372.9061688434352
2011-09-24 18:00:00,311.41875365037333
2011-09-24 19:00:00,264.9767675961656
2011-09-24 20:00:00,210.3914416563451
2011-09-24 21:00:00,171.33162353272988
2011-09-24 22:00:00,141.33158977612177
2011-09-24 23:00:00,120.5401478948289
2011-09-25 00:00:00,101.04069825848318
2011-09-25 01:00:00,82.3429721418297
2011-09-25 02:00:00,39.343788844594364
2011-09-25 03:00:00,19.47075492433847
2011-09-25 04:00:00,5.27836004735652
2011-09-25 05:00:00,9.225697618472688
2011-09-25 06:00:00,12.268455073271802
2011-09-25 07:00:00,32.344896683460576
2011-09-25 08:00:00,86.28668839837931
2011-09-25 09:00:00,164.66025557500376
2011-09-25 10:00:00,268.5088237408957
2011-09-25 11:00:00,320.4756851260093
2011-09-25 12:00:00,395.7654366192891
2011-09-25 13:00:00,398.45683548252345
2011-09-25 14:00:00,370.9640859974996
2011-09-25 15:00:00,367.3946992057827
2011-09-25 16:00:00,418.2698919855031
2011-09-25 17:00:00,371.32482235377927
2011-09-25 18:00:00,305.4866464061685
2011-09-25 19:00:00,219.52073155773527
2011-09-25 20:00:00,176.57903550026776
2011-09-25 21:00:00,130.84097670115685
2011-09-25 22:00:00,105.96800588441903
2011-09-25 23:00:00,61.22157680728153
2011-09-26 00:00:00,32.5891049003986
2011-09-26 01:00:00,14.3912595693738
2011-09-26 02:00:00,8.462388967475889
2011-09-26 03:00:00,4.696805042341606
2011-09-26 04:00:00,5.727430253662933
2011-09-26 05:00:00,21.373436456460787
2011-09-26 06:00:00,86.00438160399503
2011-09-26 07:00:00,250.6847056273388
2011-09-26 08:00:00,432.42676195994756
2011-09-26 09:00:00,235.40773491585975
2011-09-26 10:00:00,135.94487323686107
2011-09-26 11:00:00,176.09458640231142
2011-09-26 12:00:00,207.71267276814308
2011-09-26 13:00:00,200.47955809759188
2011-09-26 14:00:00,204.62370901963178
2011-09-26 15:00:00,230.1572520848408
2011-09-26 16:00:00,321.36692480457845
2011-09-26 17:00:00,560.6206700912246
2011-09-26 18:00:00,515.8806396586681
2011-09-26 19:00:00,380.03337462759555
2011-09-26 20:00:00,254.27440704735565
2011-09-26 21:00:00,182.1492760756668
2011-09-26 22:00:00,120.19984806307104
2011-09-26 23:00:00,68.99937416024495
2011-09-27 00:00:00,28.217094701496894
2011-09-27 01:00:00,12.284481408609537
2011-09-27 02:00:00,6.196535880868382
2011-09-27 03:00:00,3.961952301202577
2011-09-27 04:00:00,3.2268204552575206
2011-09-27 05:00:00,14.928915592533588
2011-09-27 06:00:00,113.4970321090544
2011-09-27 07:00:00,315.0647623126116
2011-09-27 08:00:00,527.1311847570233
2011-09-27 09:00:00,150.61517225697168
2011-09-27 10:00:00,81.18456312092717
2011-09-27 11:00:00,139.87799924248216
2011-09-27 12:00:00,167.47694337179672
2011-09-27 13:00:00,178.02954553891396
2011-09-27 14:00:00,160.9407258570211
2011-09-27 15:00:00,171.4794538435432
2011-09-27 16:00:00,261.1564183953467
2011-09-27 17:00:00,503.89044870942706
2011-09-27 18:00:00,480.9279702562308
2011-09-27 19:00:00,341.4006191976339
2011-09-27 20:00:00,286.58987126132183
2011-09-27 21:00:00,207.27258945677195
2011-09-27 22:00:00,140.1758291536686
2011-09-27 23:00:00,83.32594544568042
2011-09-28 00:00:00,35.49996609556235
2011-09-28 01:00:00,15.014354207680983
2011-09-28 02:00:00,6.163737768195901
2011-09-28 03:00:00,4.606706850894702
2011-09-28 04:00:00,5.1279530781188845
2011-09-28 05:00:00,24.71248403835392
2011-09-28 06:00:00,66.48225842776723
2011-09-28 07:00:00,181.9331197692462
2011-09-28 08:00:00,309.62683030158
2011-09-28 09:00:00,153.4085556477817
2011-09-28 10:00:00,137.58186068519646
2011-09-28 11:00:00,145.86964784348817
2011-09-28 12:00:00,196.73582669809917
2011-09-28 13:00:00,184.06975062288052
2011-09-28 14:00:00,179.2166900667701
2011-09-28 15:00:00,198.24470958484324
2011-09-28 16:00:00,276.2832064754909
2011-09-28 17:00:00,537.2703879805891
2011-09-28 18:00:00,285.58193776235845
2011-09-28 19:00:00,200.50637367629542
2011-09-28 20:00:00,139.7462421584925
2011-09-28 21:00:00,100.00156850171791
2011-09-28 22:00:00,147.7756897938571
2011-09-28 23:00:00,82.83918538933582
2011-09-29 00:00:00,37.873035079773395
2011-09-29 01:00:00,13.84545658694933
2011-09-29 02:00:00,7.4612306293374155
2011-09-29 03:00:00,4.356728815041443
2011-09-29 04:00:00,4.7668032049179105
2011-09-29 05:00:00,26.90381157872531
2011-09-29 06:00:00,124.50306841589945
2011-09-29 07:00:00,374.0194198559177
2011-09-29 08:00:00,641.4957421292789
2011-09-29 09:00:00,288.80920363096254
2011-09-29 10:00:00,155.87483286357687
2011-09-29 11:00:00,181.99407946305078
2011-09-29 12:00:00,228.06098357558997
2011-09-29 13:00:00,215.18475456170432
2011-09-29 14:00:00,193.16426170836363
2011-09-29 15:00:00,206.62189023644206
2011-09-29 16:00:00,322.5282156431734
2011-09-29 17:00:00,618.3738648419792
2011-09-29 18:00:00,604.6821833796862
2011-09-29 19:00:00,422.9536823352065
2011-09-29 20:00:00,315.4930155508991
2011-09-29 21:00:00,242.34048730399095
2011-09-29 22:00:00,171.25195428247682
2011-09-29 23:00:00,99.6580704249261
2011-09-30 00:00:00,53.30837775540347
2011-09-30 01:00:00,25.784428339926585
2011-09-30 02:00:00,12.689087405694295
2011-09-30 03:00:00,6.063683184371621
2011-09-30 04:00:00,5.355979116108838
2011-09-30 05:00:00,25.48525495879409
2011-09-30 06:00:00,101.16151359607224
2011-09-30 07:00:00,284.29878634621764
2011-09-30 08:00:00,552.665337727836
2011-09-30 09:00:00,306.33941964890215
2011-09-30 10:00:00,195.6823316924637
2011-09-30 11:00:00,235.38661304548742
2011-09-30 12:00:00,253.64616154482465
2011-09-30 13:00:00,252.90356916195913
2011-09-30 14:00:00,228.3878184410012
2011-09-30 15:00:00,269.48240965512736
2011-09-30 16:00:00,360.8802449806488
2011-09-30 17:00:00,593.706432635788
2011-09-30 18:00:00,467.6954187064075
2011-09-30 19:00:00,316.6892162013326
2011-09-30 20:00:00,217.7356040491847
2011-09-30 21:00:00,175.55488975708394
2011-09-30 22:00:00,152.5693145330156
2011-09-30 23:00:00,121.78225383634377
2011-10-20 00:00:00,35.42240527681573
2011-10-20 01:00:00,14.557156433505938
2011-10-20 02:00:00,7.6206426902494515
2011-10-20 03:00:00,4.084627779305703
2011-10-20 04:00:00,4.366775782268633
2011-10-20 05:00:00,24.00650758663293
2011-10-20 06:00:00,101.30731686128605
2011-10-20 07:00:00,271.9065008108341
2011-10-20 08:00:00,454.63785740518244
2011-10-20 09:00:00,210.77040586530066
2011-10-20 10:00:00,115.74618908094277
2011-10-20 11:00:00,137.9758781132172
2011-10-20 12:00:00,170.7027358907528
2011-10-20 13:00:00,168.5969247129755
2011-10-20 14:00:00,129.64796396770907
2011-10-20 15:00:00,142.4659426553331
2011-10-20 16:00:00,216.2403187490142
2011-10-20 17:00:00,432.8770431320195
2011-10-20 18:00:00,400.3025882194353
2011-10-20 19:00:00,304.1620866736332
2011-10-20 20:00:00,215.44283638988637
2011-10-20 21:00:00,176.72045996139065
2011-10-20 22:00:00,132.2595948510778
2011-10-20 23:00:00,83.66131026169789
2011-10-21 00:00:00,43.36905398140106
2011-10-21 01:00:00,20.685513757760447
2011-10-21 02:00:00,10.111226483219184
2011-10-21 03:00:00,4.637892161332057
2011-10-21 04:00:00,4.176345067365692
2011-10-21 05:00:00,18.73567148572811
2011-10-21 06:00:00,79.64775619578919
2011-10-21 07:00:00,223.83769891064105
2011-10-21 08:00:00,442.01401108207403
2011-10-21 09:00:00,234.98742952233425
2011-10-21 10:00:00,156.62159984894774
2011-10-21 11:00:00,196.85281718735172
2011-10-21 12:00:00,234.86139731402724
2011-10-21 13:00:00,219.1442630995056
2011-10-21 14:00:00,219.3452867545996
2011-10-21 15:00:00,228.51867678680873
2011-10-21 16:00:00,311.5289632237754
2011-10-21 17:00:00,421.65904879931657
2011-10-21 18:00:00,342.8326447742811
2011-10-21 19:00:00,231.71838483941096
2011-10-21 20:00:00,168.00629079603493
2011-10-21 21:00:00,145.75391284919692
2011-10-21 22:00:00,133.48372056766078
2011-10-21 23:00:00,98.51205305475419
2011-10-22 00:00:00,80.98471414748607
2011-10-22 01:00:00,62.90317152757831
2011-10-22 02:00:00,45.63624735337315
2011-10-22 03:00:00,21.28921945045762
2011-10-22 04:00:00,6.729439105963592
2011-10-22 05:00:00,6.9380158582500275
2011-10-22 06:00:00,16.341301898150878
2011-10-22 07:00:00,38.017110294338565
2011-10-22 08:00:00,107.9871686228553
2011-10-22 09:00:00,170.30776374933177
2011-10-22 10:00:00,226.637079806092
2011-10-22 11:00:00,271.970232813393
2011-10-22 12:00:00,356.4691065407549
2011-10-22 13:00:00,416.521746784596
2011-10-22 14:00:00,340.44347464581585
2011-10-22 15:00:00,370.8278602094326
2011-10-22 16:00:00,366.4848913748983
2011-10-22 17:00:00,310.3351942256794
2011-10-22 18:00:00,259.36973774537006
2011-10-22 19:00:00,223.92117380154676
2011-10-22 20:00:00,167.548982823458
2011-10-22 21:00:00,132.4357447877346
2011-10-22 22:00:00,118.74931111334698
2011-10-22 23:00:00,100.31535193834368
2011-10-23 00:00:00,77.87774541680216
2011-10-23 01:00:00,65.64853527537845
2011-10-23 02:00:00,47.6725980907306
2011-10-23 03:00:00,24.286423438987416
2011-10-23 04:00:00,6.876191005719874
2011-10-23 05:00:00,6.175374590628458
2011-10-23 06:00:00,8.747876215331123
2011-10-23 07:00:00,24.89976261336202
2011-10-23 08:00:00,62.89744709937498
2011-10-23 09:00:00,134.31900502119333
2011-10-23 10:00:00,223.6565713215322
2011-10-23 11:00:00,284.818770580305
2011-10-23 12:00:00,363.8735950356331
2011-10-23 13:00:00,383.1423007239065
2011-10-23 14:00:00,360.42873756519674
2011-10-23 15:00:00,367.36040349930704
2011-10-23 16:00:00,360.6539445100142
2011-10-23 17:00:00,313.4469828505093
2011-10-23 18:00:00,260.36884738587753
2011-10-23 19:00:00,190.31980318088904
2011-10-23 20:00:00,143.1364393815749
2011-10-23 21:00:00,111.92539261998387
2011-10-23 22:00:00,83.80918326776086
2011-10-23 23:00:00,53.61603466193344
2011-10-24 00:00:00,29.097120816742176
2011-10-24 01:00:00,11.829567695201305
2011-10-24 02:00:00,6.951904606540137
2011-10-24 03:00:00,3.8797322325344012
2011-10-24 04:00:00,5.0134338888516385
2011-10-24 05:00:00,16.908688040804552
2011-10-24 06:00:00,72.03916416091035
2011-10-24 07:00:00,176.80823150951034
2011-10-24 08:00:00,325.78983472017666
2011-10-24 09:00:00,192.91018501094956
2011-10-24 10:00:00,112.07065852091684
2011-10-24 11:00:00,143.80902040527022
2011-10-24 12:00:00,194.2248271489094
2011-10-24 13:00:00,184.26286328999458
2011-10-24 14:00:00,169.90559742592484
2011-10-24 15:00:00,211.15593072123548
2011-10-24 16:00:00,285.7194509786579
2011-10-24 17:00:00,494.1504620288394
2011-10-24 18:00:00,512.2226288331552
2011-10-24 19:00:00,182.07102241035295
2011-10-24 20:00:00,223.0543765195492
2011-10-24 21:00:00,152.58221062671853
2011-10-24 22:00:00,108.49854467118621
2011-10-24 23:00:00,61.32523739583635
2011-10-25 00:00:00,23.848662293619444
2011-10-25 01:00:00,10.483572007902364
2011-10-25 02:00:00,4.941554160755907
2011-10-25 03:00:00,3.334653160301834
2011-10-25 04:00:00,4.237720394745241
2011-10-25 05:00:00,19.6058537979179
2011-10-25 06:00:00,92.85450832839048
2011-10-25 07:00:00,263.4803376314194
2011-10-25 08:00:00,497.1082459419719
2011-10-25 09:00:00,251.77191033504573
2011-10-25 10:00:00,142.6232102754457
2011-10-25 11:00:00,147.94472486344725
2011-10-25 12:00:00,185.81109550157166
2011-10-25 13:00:00,195.81274235092738
2011-10-25 14:00:00,179.70067603761518
2011-10-25 15:00:00,205.81918843440894
2011-10-25 16:00:00,315.2235274264125
2011-10-25 17:00:00,642.8407090220827
2011-10-25 18:00:00,573.2323391463538
2011-10-25 19:00:00,332.57995212630266
2011-10-25 20:00:00,233.48837294321746
2011-10-25 21:00:00,164.55297045314984
2011-10-25 22:00:00,120.39328926603888
2011-10-25 23:00:00,69.42472083276915
2011-10-26 00:00:00,28.182939838139202
2011-10-26 01:00:00,11.83343224986625
2011-10-26 02:00:00,5.4283178083869545
2011-10-26 03:00:00,4.235108485540788
2011-10-26 04:00:00,3.8519297922305897
2011-10-26 05:00:00,21.03451397026095
2011-10-26 06:00:00,98.09843301226495
2011-10-26 07:00:00,273.6878246309396
2011-10-26 08:00:00,444.96785140820543
2011-10-26 09:00:00,237.62406158899637
2011-10-26 10:00:00,128.08493869441375
2011-10-26 11:00:00,143.07678376097286
2011-10-26 12:00:00,116.6160702036496
2011-10-26 13:00:00,104.58780493059159
2011-10-26 14:00:00,147.07375338261582
2011-10-26 15:00:00,161.79665398661052
2011-10-26 16:00:00,223.31695125589513
2011-10-26 17:00:00,436.38267027476115
2011-10-26 18:00:00,481.6478593115943
2011-10-26 19:00:00,341.08044219991876
2011-10-26 20:00:00,243.64299223093923
2011-10-26 21:00:00,170.02292493465157
2011-10-26 22:00:00,117.07472789776124
2011-10-26 23:00:00,68.14504555803853
2011-10-27 00:00:00,34.186625596411034
2011-10-27 01:00:00,14.025827378772902
2011-10-27 02:00:00,4.192987111852704
2011-10-27 03:00:00,2.3922981423991625
2011-10-27 04:00:00,2.6823063700131167
2011-10-27 05:00:00,14.286727343568145
2011-10-27 06:00:00,71.04672436621796
2011-10-27 07:00:00,286.6484906294133
2011-10-27 08:00:00,284.8033734226594
2011-10-27 09:00:00,234.36074271484728
2011-10-27 10:00:00,68.80290413969539
2011-10-27 11:00:00,81.60929993846838
2011-10-27 12:00:00,99.02583724361108
2011-10-27 13:00:00,155.01189095469832
2011-10-27 14:00:00,149.31503280274868
2011-10-27 15:00:00,154.6365626179813
2011-10-27 16:00:00,250.49667015776396
2011-10-27 17:00:00,408.6009482041887
2011-10-27 18:00:00,377.4850373137617
2011-10-27 19:00:00,247.76033232133923
2011-10-27 20:00:00,199.04939073993387
2011-10-27 21:00:00,147.57094256494238
2011-10-27 22:00:00,102.71319541729987
2011-10-27 23:00:00,66.44904812734724
2011-10-28 00:00:00,37.909191219387644
2011-10-28 01:00:00,17.15744874124339
2011-10-28 02:00:00,8.562236517388136
2011-10-28 03:00:00,3.90267360601093
2011-10-28 04:00:00,3.5687540640980226
2011-10-28 05:00:00,15.707714828574025
2011-10-28 06:00:00,65.86049697619175
2011-10-28 07:00:00,185.09073948076102
2011-10-28 08:00:00,346.53743627593894
2011-10-28 09:00:00,201.76154891310065
2011-10-28 10:00:00,117.34573270454793
2011-10-28 11:00:00,144.87260219444622
2011-10-28 12:00:00,175.46200717041125
2011-10-28 13:00:00,169.17829914019217
2011-10-28 14:00:00,146.56012700685426
2011-10-28 15:00:00,156.69404072821274
2011-10-28 16:00:00,216.6742629054948
2011-10-28 17:00:00,354.0698857367943
2011-10-28 18:00:00,297.55187840018675
2011-10-28 19:00:00,213.16661146673377
2011-10-28 20:00:00,81.39431342472335
2011-10-28 21:00:00,64.06063020349308
2011-10-28 22:00:00,53.338530815551664
2011-10-28 23:00:00,41.67640744952267
2011-10-29 00:00:00,32.741061547074125
2011-10-29 01:00:00,26.430168246631393
2011-10-29 02:00:00,19.549007588495527
2011-10-29 03:00:00,8.499598853814845
2011-10-29 04:00:00,2.783060561483298
2011-10-29 05:00:00,2.602398285644808
2011-10-29 06:00:00,6.478046277762097
2011-10-29 07:00:00,15.720874272365947
2011-10-29 08:00:00,40.96581155066996
2011-10-29 09:00:00,63.35541520244883
2011-10-29 10:00:00,85.40286361650571
2011-10-29 11:00:00,100.52531336485507
2011-10-29 12:00:00,105.75737263976872
2011-10-29 13:00:00,107.18353398315276
2011-10-29 14:00:00,110.80514530606904
2011-10-29 15:00:00,113.73013437829556
2011-10-29 16:00:00,102.89656043825863
2011-10-29 17:00:00,94.79772461899678
2011-10-29 18:00:00,81.06879517475659
2011-10-29 19:00:00,130.1444770448147
2011-10-29 20:00:00,101.26759807598138
2011-10-29 21:00:00,84.89226124772237
2011-10-29 22:00:00,76.69899338622386
2011-10-29 23:00:00,68.83838368545445
2011-10-30 00:00:00,55.514498959049845
2011-10-30 01:00:00,46.3480447195972
2011-10-30 02:00:00,35.6720854886367
2011-10-30 03:00:00,17.990364652134318
2011-10-30 04:00:00,4.940721453093453
2011-10-30 05:00:00,4.849148636140032
2011-10-30 06:00:00,7.2090884764742125
2011-10-30 07:00:00,21.319851297781234
2011-10-30 08:00:00,51.037722782623476
2011-10-30 09:00:00,102.2970250226921
2011-10-30 10:00:00,184.59175874906387
2011-10-30 11:00:00,237.12150509235056
2011-10-30 12:00:00,297.66814109014285
2011-10-30 13:00:00,308.5160633379741
2011-10-30 14:00:00,312.895158427318
2011-10-30 15:00:00,314.98527672779187
2011-10-30 16:00:00,320.3791347142517
2011-10-30 17:00:00,277.0141649280439
2011-10-30 18:00:00,203.54222703063053
2011-10-30 19:00:00,220.8652236843613
2011-10-30 20:00:00,123.29048251156203
2011-10-30 21:00:00,91.12535669537401
2011-10-30 22:00:00,68.31728267981795
2011-10-30 23:00:00,40.71663225663309
2011-10-31 00:00:00,20.953583157404097
2011-10-31 01:00:00,9.385651481528498
2011-10-31 02:00:00,5.29363047414622
2011-10-31 03:00:00,2.8133958097452787
2011-10-31 04:00:00,3.6530676480856386
2011-10-31 05:00:00,12.439324756964158
2011-10-31 06:00:00,54.855285898983134
2011-10-31 07:00:00,154.76795537188835
2011-10-31 08:00:00,263.3456428727916
2011-10-31 09:00:00,154.24135047254083
2011-10-31 10:00:00,99.81187240766553
2011-10-31 11:00:00,138.7976549368745
2011-10-31 12:00:00,181.06626441399305
2011-10-31 13:00:00,163.01674172351935
2011-10-31 14:00:00,147.79559151825111
2011-10-31 15:00:00,178.06052407738355
2011-10-31 16:00:00,239.01939749110184
2011-10-31 17:00:00,427.0227119681984
2011-10-31 18:00:00,391.5429904400158
2011-10-31 19:00:00,285.7893776846124
2011-10-31 20:00:00,200.90434398272262
2011-10-31 21:00:00,114.7447370403053
2011-10-31 22:00:00,77.90764920941979
2011-10-31 23:00:00,44.72201191906007
2011-11-20 00:00:00,79.80727032346346
2011-11-20 01:00:00,68.68551521758386
2011-11-20 02:00:00,52.864270445409225
2011-11-20 03:00:00,23.66330054219325
2011-11-20 04:00:00,6.631530390854679
2011-11-20 05:00:00,6.500634758645409
2011-11-20 06:00:00,9.617834199740088
2011-11-20 07:00:00,29.01092757231921
2011-11-20 08:00:00,63.40415645732555
2011-11-20 09:00:00,138.79306690306743
2011-11-20 10:00:00,210.42055443100867
2011-11-20 11:00:00,291.05125273202805
2011-11-20 12:00:00,340.8453905179779
2011-11-20 13:00:00,354.54369681191605
2011-11-20 14:00:00,348.1294072637881
2011-11-20 15:00:00,315.56209270566836
2011-11-20 16:00:00,327.00114658987246
2011-11-20 17:00:00,289.57908649266136
2011-11-20 18:00:00,244.61497183317906
2011-11-20 19:00:00,181.92720219671253
2011-11-20 20:00:00,150.6073114134785
2011-11-20 21:00:00,108.14827034560247
2011-11-20 22:00:00,48.850757113462855
2011-11-20 23:00:00,31.861174906156204
2011-11-21 00:00:00,27.318424961664387
2011-11-21 01:00:00,6.958345544007017
2011-11-21 02:00:00,3.902979908417463
2011-11-21 03:00:00,2.1874715121106543
2011-11-21 04:00:00,2.7459195767450817
2011-11-21 05:00:00,16.681039847617082
2011-11-21 06:00:00,68.48377567844237
2011-11-21 07:00:00,199.2701221392389
2011-11-21 08:00:00,362.48979786719616
2011-11-21 09:00:00,203.64205464651337
2011-11-21 10:00:00,133.11770379217307
2011-11-21 11:00:00,146.0547964799466
2011-11-21 12:00:00,181.52620041534516
2011-11-21 13:00:00,171.61770615891012
2011-11-21 14:00:00,146.82635912622007
2011-11-21 15:00:00,86.51287816375276
2011-11-21 16:00:00,123.11022315025357
2011-11-21 17:00:00,205.47442419964534
2011-11-21 18:00:00,208.21893114513654
2011-11-21 19:00:00,144.73492464011287
2011-11-21 20:00:00,102.22100610386065
2011-11-21 21:00:00,74.65387501551217
2011-11-21 22:00:00,51.1800148387555
2011-11-21 23:00:00,29.09651086720442
2011-11-22 00:00:00,11.530468190665067
2011-11-22 01:00:00,5.206306703415868
2011-11-22 02:00:00,2.4798998691137615
2011-11-22 03:00:00,1.6809304417601414
2011-11-22 04:00:00,2.2980007723730393
2011-11-22 05:00:00,10.631722476668198
2011-11-22 06:00:00,82.80196014733114
2011-11-22 07:00:00,134.527101683447
2011-11-22 08:00:00,218.7549081937322
2011-11-22 09:00:00,117.93256895001048
2011-11-22 10:00:00,64.30147267089446
2011-11-22 11:00:00,61.717216717035875
2011-11-22 12:00:00,74.77278066354411
2011-11-22 13:00:00,79.25507075000827
2011-11-22 14:00:00,70.373710085825
2011-11-22 15:00:00,82.05339335699912
2011-11-22 16:00:00,129.36100831427794
2011-11-22 17:00:00,245.38396468856033
2011-11-22 18:00:00,244.44067893900578
2011-11-22 19:00:00,170.84095877897101
2011-11-22 20:00:00,188.06904035171368
2011-11-22 21:00:00,139.29657405707133
2011-11-22 22:00:00,108.6982980428443
2011-11-22 23:00:00,61.568873066012
2011-11-23 00:00:00,25.48125188066805
2011-11-23 01:00:00,10.621978397242728
2011-11-23 02:00:00,2.907423954236328
2011-11-23 03:00:00,2.312570826346326
2011-11-23 04:00:00,2.331961097113793
2011-11-23 05:00:00,19.675755649377294
2011-11-23 06:00:00,93.19931270004683
2011-11-23 07:00:00,255.73040723984815
2011-11-23 08:00:00,457.4338109534026
2011-11-23 09:00:00,232.7734343289135
2011-11-23 10:00:00,118.11835244798637
2011-11-23 11:00:00,118.01574028977366
2011-11-23 12:00:00,167.90124721466552
2011-11-23 13:00:00,125.74168789963791
2011-11-23 14:00:00,123.42733820966168
2011-11-23 15:00:00,124.42345840654325
2011-11-23 16:00:00,165.83678714412096
2011-11-23 17:00:00,191.2898694236275
2011-11-23 18:00:00,330.447221435126
2011-11-23 19:00:00,254.5343267666021
2011-11-23 20:00:00,175.97546529483162
2011-11-23 21:00:00,124.5617269987089
2011-11-23 22:00:00,92.52766053699892
2011-11-23 23:00:00,55.44097287949298
2011-11-24 00:00:00,25.971248032279735
2011-11-24 01:00:00,10.007129507983667
2011-11-24 02:00:00,5.36341339076549
2011-11-24 03:00:00,3.0637739766007055
2011-11-24 04:00:00,3.483349147700621
2011-11-24 05:00:00,19.007113843158823
2011-11-24 06:00:00,87.95943237555615
2011-11-24 07:00:00,220.85982955960262
2011-11-24 08:00:00,392.01886075443497
2011-11-24 09:00:00,209.0914754491432
2011-11-24 10:00:00,109.05674963760178
2011-11-24 11:00:00,135.84473527026682
2011-11-24 12:00:00,186.46625047909782
2011-11-24 13:00:00,188.44487292569295
2011-11-24 14:00:00,168.44383512009117
2011-11-24 15:00:00,183.0793285200959
2011-11-24 16:00:00,272.7820892054263
2011-11-24 17:00:00,542.3828961515221
2011-11-24 18:00:00,433.38641017673956
2011-11-24 19:00:00,289.34951762861596
2011-11-24 20:00:00,192.64826296382526
2011-11-24 21:00:00,149.8822253169276
2011-11-24 22:00:00,113.2638224803702
2011-11-24 23:00:00,71.89914692400322
2011-11-25 00:00:00,38.44043926874013
2011-11-25 01:00:00,19.14947635173912
2011-11-25 02:00:00,8.214041235578858
2011-11-25 03:00:00,3.9478822810824368
2011-11-25 04:00:00,3.7387202287309718
2011-11-25 05:00:00,17.66738317670521
2011-11-25 06:00:00,65.46057276126417
2011-11-25 07:00:00,190.29218758257983
2011-11-25 08:00:00,328.5996855446353
2011-11-25 09:00:00,211.53530615644328
2011-11-25 10:00:00,122.13432993916818
2011-11-25 11:00:00,159.37229282745804
2011-11-25 12:00:00,227.8028032418858
2011-11-25 13:00:00,237.38992369692448
2011-11-25 14:00:00,226.82637849715147
2011-11-25 15:00:00,250.73075568776778
2011-11-25 16:00:00,326.4143259756858
2011-11-25 17:00:00,550.2733119416084
2011-11-25 18:00:00,423.4480341905477
2011-11-25 19:00:00,268.4838672394953
2011-11-25 20:00:00,175.42738784579862
2011-11-25 21:00:00,132.22611200173628
2011-11-25 22:00:00,111.82531923071662
2011-11-25 23:00:00,88.16546250781194
2011-11-26 00:00:00,71.78132101331464
2011-11-26 01:00:00,53.77370707299157
2011-11-26 02:00:00,37.779998215860545
2011-11-26 03:00:00,17.53954841404614
2011-11-26 04:00:00,5.743050501195114
2011-11-26 05:00:00,5.598903384047459
2011-11-26 06:00:00,12.711620423990954
2011-11-26 07:00:00,30.76293706592692
2011-11-26 08:00:00,88.31138570201082
2011-11-26 09:00:00,142.292881944071
2011-11-26 10:00:00,210.78504301731704
2011-11-26 11:00:00,274.94215439639026
2011-11-26 12:00:00,356.042918653517
2011-11-26 13:00:00,402.16403615177546
2011-11-26 14:00:00,350.45571477520605
2011-11-26 15:00:00,374.4739530433174
2011-11-26 16:00:00,313.6172425325394
2011-11-26 17:00:00,288.9328940320399
2011-11-26 18:00:00,217.5890522953629
2011-11-26 19:00:00,181.71210442743876
2011-11-26 20:00:00,155.88924116795948
2011-11-26 21:00:00,114.77953303186663
2011-11-26 22:00:00,104.07660710343761
2011-11-26 23:00:00,96.61117340074946
2011-11-27 00:00:00,78.66903879404803
2011-11-27 01:00:00,66.31557116491625
2011-11-27 02:00:00,49.51936977193933
2011-11-27 03:00:00,24.286423438987416
2011-11-27 04:00:00,6.6476242148980065
2011-11-27 05:00:00,6.269198660647934
2011-11-27 06:00:00,9.7285926952219
2011-11-27 07:00:00,25.755568909532276
2011-11-27 08:00:00,65.02247890640271
2011-11-27 09:00:00,138.53161671468072
2011-11-27 10:00:00,225.90127365641118
2011-11-27 11:00:00,294.01081653175163
2011-11-27 12:00:00,387.83352893868647
2011-11-27 13:00:00,388.7823695632832
2011-11-27 14:00:00,396.8894715822344
2011-11-27 15:00:00,416.51707747670497
2011-11-27 16:00:00,379.4290208868397
2011-11-27 17:00:00,334.8138068802297
2011-11-27 18:00:00,255.38866368361042
2011-11-27 19:00:00,188.30717095919616
2011-11-27 20:00:00,154.77527249958035
2011-11-27 21:00:00,114.50948279167378
2011-11-27 22:00:00,90.14097289479706
2011-11-27 23:00:00,58.791254697273004
2011-11-28 00:00:00,28.56140780649483
2011-11-28 01:00:00,12.672535321716898
2011-11-28 03:00:00,3.9429557989670783
2011-11-28 04:00:00,5.244634288321026
2011-11-28 05:00:00,17.558409561452965
2011-11-28 06:00:00,75.93790995224225
2011-11-28 07:00:00,218.40293648136878
2011-11-28 08:00:00,338.9994375588477
2011-11-28 09:00:00,186.50393850300966
2011-11-28 10:00:00,122.09334077178596
2011-11-28 11:00:00,153.08701874886108
2011-11-28 12:00:00,231.37519637052304
2011-11-28 13:00:00,214.5676471328042
2011-11-28 14:00:00,219.59338013596016
2011-11-28 15:00:00,216.36779686891737
2011-11-28 16:00:00,297.59796970702416
2011-11-28 17:00:00,547.5541184757564
2011-11-28 18:00:00,497.1003983955233
2011-11-28 19:00:00,342.87383886042056
2011-11-28 20:00:00,217.69784147156022
2011-11-28 21:00:00,155.38343226076557
2011-11-28 22:00:00,104.72300336866684
2011-11-28 23:00:00,59.53832933409126
2011-11-29 00:00:00,27.884876822726913
2011-11-29 01:00:00,11.907644412078863
2011-11-29 02:00:00,5.295599235669056
2011-11-29 03:00:00,3.5894731369855606
2011-11-29 04:00:00,4.646060048538005
2011-11-29 05:00:00,22.89825134699887
2011-11-29 06:00:00,111.13410855240026
2011-11-29 07:00:00,320.49342174930837
2011-11-29 08:00:00,525.2855753337514
2011-11-29 09:00:00,140.17850706997837
2011-11-29 10:00:00,76.43083265003536
2011-11-29 11:00:00,70.07749722127892
2011-11-29 12:00:00,72.43957089876623
2011-11-29 13:00:00,78.34897323247118
2011-11-29 14:00:00,66.54943580550078
2011-11-29 15:00:00,69.80785784349185
2011-11-29 16:00:00,113.83940781065624
2011-11-29 17:00:00,361.9044297451834
2011-11-29 18:00:00,353.81724277800913
2011-11-29 19:00:00,241.64310267581456
2011-11-29 20:00:00,166.81259523253502
2011-11-29 21:00:00,124.74945116155347
2011-11-29 22:00:00,96.59062960291338
2011-11-29 23:00:00,54.171725017693625
2011-11-30 00:00:00,22.734739514118644
2011-11-30 01:00:00,9.420995394495447
2011-11-30 02:00:00,4.21946513420302
2011-11-30 03:00:00,3.356171004206506
2011-11-30 04:00:00,3.0242320942461083
2011-11-30 05:00:00,15.765210198802155
2011-11-30 06:00:00,72.44989079321418
2011-11-30 07:00:00,199.19233484653378
2011-11-30 08:00:00,345.19320168223186
2011-11-30 09:00:00,174.04783149416758
2011-11-30 10:00:00,99.09243894071926
2011-11-30 11:00:00,111.32181202814711
2011-11-30 12:00:00,125.0298803111912
2011-11-30 13:00:00,117.95414072853934
2011-11-30 14:00:00,109.00421348498391
2011-11-30 15:00:00,126.11421015466894
2011-11-30 16:00:00,181.80188268230071
2011-11-30 17:00:00,304.9679355819379
2011-11-30 18:00:00,343.165582126602
2011-11-30 19:00:00,210.68531399147633
2011-11-30 20:00:00,153.18917234423213
2011-11-30 21:00:00,117.39108922451489
2011-11-30 22:00:00,89.4947596296642
2011-11-30 23:00:00,50.27493883048184
2011-12-20 00:00:00,21.3158433690852
2011-12-20 01:00:00,9.757897062507467
2011-12-20 02:00:00,4.158700090889182
2011-12-20 03:00:00,2.818857998256388
2011-12-20 04:00:00,3.976338446866325
2011-12-20 05:00:00,18.901283315558544
2011-12-20 06:00:00,87.83538772418727
2011-12-20 07:00:00,241.78320085795173
2011-12-20 08:00:00,441.20841693386467
2011-12-20 09:00:00,188.81765825450654
2011-12-20 10:00:00,111.45186909259311
2011-12-20 11:00:00,107.28299104954738
2011-12-20 12:00:00,144.81505753363135
2011-12-20 13:00:00,148.30762837849934
2011-12-20 14:00:00,131.6882603694553
2011-12-20 15:00:00,148.5363900878343
2011-12-20 16:00:00,256.7890522590199
2011-12-20 17:00:00,436.2429927354813
2011-12-20 18:00:00,397.8284530057599
2011-12-20 19:00:00,292.11074414783235
2011-12-20 20:00:00,197.96893992295742
2011-12-20 21:00:00,143.81981645884986
2011-12-20 22:00:00,95.82335395833296
2011-12-20 23:00:00,59.862058818019605
2011-12-21 00:00:00,12.675074080047759
2011-12-21 01:00:00,5.691150140955343
2011-12-21 02:00:00,2.601376667214525
2011-12-21 03:00:00,2.06914020233368
2011-12-21 04:00:00,1.993701663333688
2011-12-21 05:00:00,10.6431143753955
2011-12-21 06:00:00,48.94961392138566
2011-12-21 07:00:00,129.50120293297022
2011-12-21 08:00:00,138.3949764649542
2011-12-21 09:00:00,114.2852859360964
2011-12-21 10:00:00,63.431703671258674
2011-12-21 11:00:00,65.57691340686364
2011-12-21 12:00:00,49.0716325551534
2011-12-21 13:00:00,43.66799733057858
2011-12-21 14:00:00,70.51574432850404
2011-12-21 15:00:00,76.82803533961903
2011-12-21 16:00:00,61.57260718093508
2011-12-21 17:00:00,120.90010765242744
2011-12-21 18:00:00,205.92615730861334
2011-12-21 19:00:00,159.38726899405745
2011-12-21 20:00:00,114.7785562101021
2011-12-21 21:00:00,94.36903369280553
2011-12-21 22:00:00,74.0735992846072
2011-12-21 23:00:00,43.95638633930615
2011-12-22 00:00:00,19.576617936466118
2011-12-22 01:00:00,7.785401321678811
2011-12-22 02:00:00,4.600700984736043
2011-12-22 03:00:00,2.4937566545491823
2011-12-22 04:00:00,2.319673874805292
2011-12-22 05:00:00,13.283349125044571
2011-12-22 06:00:00,58.32435874534499
2011-12-22 07:00:00,154.53371296312346
2011-12-22 08:00:00,238.1332668331337
2011-12-22 09:00:00,113.61654275206996
2011-12-22 10:00:00,59.120675759140774
2011-12-22 11:00:00,77.17456130788189
2011-12-22 12:00:00,106.74150036001241
2011-12-22 13:00:00,96.77118588600234
2011-12-22 14:00:00,84.6347832130207
2011-12-22 15:00:00,95.09460168373217
2011-12-22 16:00:00,137.61463641568218
2011-12-22 17:00:00,242.1994341029089
2011-12-22 18:00:00,236.4722188170641
2011-12-22 19:00:00,171.9632127530532
2011-12-22 20:00:00,75.77717706016234
2011-12-22 21:00:00,58.46079665284533
2011-12-22 22:00:00,36.444905265382175
2011-12-22 23:00:00,26.878057922008768
2011-12-23 00:00:00,13.759236677180496
2011-12-23 01:00:00,6.499710691970938
2011-12-23 02:00:00,3.1737166342108627
2011-12-23 03:00:00,1.5166112086349783
2011-12-23 04:00:00,1.313938929127189
2011-12-23 05:00:00,11.197631090623728
2011-12-23 06:00:00,46.64303540293167
2011-12-23 07:00:00,132.3528111865358
2011-12-23 08:00:00,248.7509779521564
2011-12-23 09:00:00,136.08925645605433
2011-12-23 10:00:00,74.87246009269866
2011-12-23 11:00:00,85.59727997895409
2011-12-23 12:00:00,102.96430917004425
2011-12-23 13:00:00,104.4241024752938
2011-12-23 14:00:00,95.09465054827369
2011-12-23 15:00:00,100.64664334763395
2011-12-23 16:00:00,139.5740123365845
2011-12-23 17:00:00,221.56806769034773
2011-12-23 18:00:00,188.0985287479877
2011-12-23 19:00:00,128.76437450085044
2011-12-23 20:00:00,80.16788016812127
2011-12-23 21:00:00,67.67767924191027
2011-12-23 22:00:00,61.61849909600278
2011-12-23 23:00:00,50.143579484557556
2011-12-24 00:00:00,36.67697785633644
2011-12-24 01:00:00,30.201543110962607
2011-12-24 02:00:00,21.700302545734985
2011-12-24 03:00:00,9.688210516877406
2011-12-24 04:00:00,3.113036956343796
2011-12-24 05:00:00,3.11783095882227
2011-12-24 06:00:00,7.326303855684929
2011-12-24 07:00:00,18.415213097478045
2011-12-24 08:00:00,46.73584261745217
2011-12-24 09:00:00,72.11432766410995
2011-12-24 10:00:00,98.40631585286121
2011-12-24 11:00:00,129.79037130862193
2011-12-24 12:00:00,156.74366301820538
2011-12-24 13:00:00,159.63010495008518
2011-12-24 14:00:00,161.0890093756677
2011-12-24 15:00:00,157.59138334718415
2011-12-24 16:00:00,146.90290168861583
2011-12-24 17:00:00,125.2697296851536
2011-12-24 18:00:00,114.21223488384373
2011-12-24 19:00:00,97.71260794486895
2011-12-24 20:00:00,68.3361029226064
2011-12-24 21:00:00,56.73447935808732
2011-12-24 22:00:00,51.53035541179387
2011-12-24 23:00:00,45.69468629646935
2011-12-25 00:00:00,34.86172900173309
2011-12-25 01:00:00,28.65653837192819
2011-12-25 02:00:00,22.538100210510937
2011-12-25 03:00:00,11.496196320793175
2011-12-25 05:00:00,2.8292442935915227
2011-12-25 06:00:00,4.145636715531106
2011-12-25 07:00:00,11.690869473681381
2011-12-25 08:00:00,27.27763305945321
2011-12-25 09:00:00,54.12783514279692
2011-12-25 10:00:00,89.39666772244405
2011-12-25 11:00:00,122.28376526385323
2011-12-25 12:00:00,137.6566988925299
2011-12-25 13:00:00,144.5563571097084
2011-12-25 14:00:00,145.16137706006086
2011-12-25 15:00:00,146.5681154569523
2011-12-25 16:00:00,158.75327984753616
2011-12-25 17:00:00,134.99005087779153
2011-12-25 18:00:00,103.03831686754265
2011-12-25 19:00:00,84.0896616688797
2011-12-25 20:00:00,68.35977975391718
2011-12-25 21:00:00,49.927860787576606
2011-12-25 22:00:00,37.2203354982357
2011-12-25 23:00:00,23.415729821772292
2011-12-26 00:00:00,10.961604161391351
2011-12-26 01:00:00,5.542837137166632
2011-12-26 02:00:00,3.744108810063481
2011-12-26 04:00:00,2.5221552199766766
2011-12-26 05:00:00,8.721508128944786
2011-12-26 06:00:00,36.37762463306522
2011-12-26 07:00:00,106.03313403904734
2011-12-26 08:00:00,186.47204271259895
2011-12-26 09:00:00,104.2147751006796
2011-12-26 10:00:00,56.31540666070517
2011-12-26 11:00:00,62.31451121101234
2011-12-26 12:00:00,86.50058020003222
2011-12-26 13:00:00,90.84142190686798
2011-12-26 14:00:00,82.1584695349027
2011-12-26 15:00:00,90.70455611210265
2011-12-26 16:00:00,121.35801977741292
2011-12-26 17:00:00,207.96217278234695
2011-12-26 18:00:00,199.63525163388636
2011-12-26 19:00:00,136.674496997823
2011-12-26 20:00:00,97.071336462137
2011-12-26 21:00:00,64.86151325672556
2011-12-26 22:00:00,44.03869103139882
2011-12-26 23:00:00,24.43960396192633
2011-12-27 00:00:00,9.803336346289278
2011-12-27 01:00:00,4.351308639643308
2011-12-27 02:00:00,2.152903806324793
2011-12-27 03:00:00,1.418581287061995
2011-12-27 04:00:00,1.9462423613587079
2011-12-27 05:00:00,8.842163967515374
2011-12-27 06:00:00,41.03271144374749
2011-12-27 07:00:00,113.93483727020816
2011-12-27 08:00:00,192.56589234270953
2011-12-27 09:00:00,60.192729334346
2011-12-27 10:00:00,54.212056984124835
2011-12-27 11:00:00,32.899156106158486
2011-12-27 12:00:00,37.6433124983372
2011-12-27 13:00:00,37.738450548626716
2011-12-27 14:00:00,39.269960086664526
2011-12-27 15:00:00,42.41097889641754
2011-12-27 16:00:00,69.68032064540682
2011-12-27 17:00:00,137.0743447508744
2011-12-27 18:00:00,219.40811835065574
2011-12-27 19:00:00,145.57257023346142
2011-12-27 20:00:00,100.59048564003137
2011-12-27 21:00:00,75.82502242997023
2011-12-27 22:00:00,53.8163013715851
2011-12-27 23:00:00,30.121166254990648
2011-12-28 00:00:00,12.92408410799214
2011-12-28 01:00:00,5.546204314306937
2011-12-28 02:00:00,2.449158159772091
2011-12-28 03:00:00,1.948065297166017
2011-12-28 05:00:00,9.866359997259622
2011-12-28 06:00:00,47.595732730874246
2011-12-28 07:00:00,130.2488866686051
2011-12-28 08:00:00,216.03266645073433
2011-12-28 09:00:00,108.07297283952455
2011-12-28 10:00:00,59.30379776656117
2011-12-28 11:00:00,62.50800550177223
2011-12-28 12:00:00,71.69813891116509
2011-12-28 13:00:00,67.66653755386191
2011-12-28 14:00:00,61.0756177494594
2011-12-28 15:00:00,66.80953816654207
2011-12-28 16:00:00,90.46246359581438
2011-12-28 17:00:00,178.23390092824872
2011-12-28 18:00:00,170.36740468990314
2011-12-28 19:00:00,116.83342460102989
2011-12-28 20:00:00,85.77240560216276
2011-12-28 21:00:00,60.667282523498756
2011-12-28 22:00:00,47.61835983443089
2011-12-28 23:00:00,26.410953107416823
2011-12-29 00:00:00,11.430737628332023
2011-12-29 01:00:00,5.093104379985517
2011-12-29 02:00:00,2.7336959651768846
2011-12-29 03:00:00,1.5137701975047733
2011-12-29 04:00:00,1.6340112227003343
2011-12-29 05:00:00,9.133872548417425
2011-12-29 06:00:00,43.471173837107024
2011-12-29 07:00:00,112.98753041426922
2011-12-29 08:00:00,177.2807263287506
2011-12-29 09:00:00,80.22778724321552
2011-12-29 10:00:00,40.960465894471184
2011-12-29 11:00:00,50.934475559545014
2011-12-29 12:00:00,64.34006344591246
2011-12-29 13:00:00,64.86338795162291
2011-12-29 14:00:00,61.372920856491284
2011-12-29 15:00:00,63.86733355816039
2011-12-29 16:00:00,103.7672844546625
2011-12-29 17:00:00,199.99929166322764
2011-12-29 18:00:00,191.24947673054928
2011-12-29 19:00:00,136.4125179779914
2011-12-29 20:00:00,99.5408914182875
2011-12-29 21:00:00,69.62606148660306
2011-12-29 22:00:00,57.4754309835512
2011-12-29 23:00:00,38.84961186507302
2011-12-30 00:00:00,20.39320902543472
2011-12-30 01:00:00,9.417882680598016
2011-12-30 02:00:00,4.519497070368058
2011-12-30 03:00:00,2.1597138951938777
2011-12-30 04:00:00,1.973176873934558
2011-12-30 05:00:00,9.011599517189667
2011-12-30 06:00:00,37.63077716311413
2011-12-30 07:00:00,105.44008219532249
2011-12-30 08:00:00,173.41364847629148
2011-12-30 09:00:00,110.71085182618323
2011-12-30 10:00:00,62.21906509752181
2011-12-30 11:00:00,77.18507106929967
2011-12-30 12:00:00,97.32854253841823
2011-12-30 13:00:00,96.3446854866713
2011-12-30 14:00:00,97.82892689266217
2011-12-30 15:00:00,125.98842386163103
2011-12-30 16:00:00,158.689202567871
2011-12-30 17:00:00,235.74298012004843
2011-12-30 18:00:00,191.59283372006988
2011-12-30 19:00:00,109.87901366399987
2011-12-30 20:00:00,81.49666728620628
2011-12-30 21:00:00,69.41006423014078
2011-12-30 22:00:00,58.77428624938174
2011-12-30 23:00:00,47.919715781181
2011-12-31 00:00:00,40.02262430512296
2011-12-31 01:00:00,32.901247998982896
2011-12-31 02:00:00,24.3353254811409
2011-12-31 03:00:00,10.92225125651265
2011-12-31 04:00:00,3.7689740490799104
2011-12-31 05:00:00,3.2753537191522235
2011-12-31 06:00:00,9.276816499014334
2011-12-31 07:00:00,13.411003985746499
2011-12-31 08:00:00,53.14233157892506
2011-12-31 09:00:00,93.8019751835617
2011-12-31 10:00:00,128.93763052275085
2011-12-31 11:00:00,162.6419767375502
2011-12-31 12:00:00,230.3883602367492
2011-12-31 13:00:00,211.57200768142147
2011-12-31 14:00:00,203.28609154539203
2011-12-31 15:00:00,195.09985769481344
2011-12-31 16:00:00,177.76000130304712
2011-12-31 17:00:00,166.0884155735541
2011-12-31 18:00:00,144.80466469387054
2011-12-31 19:00:00,121.72737655304476
2011-12-31 20:00:00,94.71811116020383
2011-12-31 21:00:00,76.19382003322353
2011-12-31 22:00:00,66.22668840190272
2011-12-31 23:00:00,58.50167432814961
2012-01-20 00:00:00,28.120124215593485
2012-01-20 01:00:00,15.361109646682893
2012-01-20 02:00:00,7.7403005871515465
2012-01-20 03:00:00,3.5650592003174997
2012-01-20 04:00:00,3.097204503196834
2012-01-20 05:00:00,14.737370089083177
2012-01-20 06:00:00,58.060762575383414
2012-01-20 07:00:00,159.11296074456874
2012-01-20 08:00:00,284.7978807096459
2012-01-20 09:00:00,149.34402592472725
2012-01-20 10:00:00,78.46998743978794
2012-01-20 11:00:00,85.95623658862714
2012-01-20 12:00:00,106.02562547431413
2012-01-20 13:00:00,121.14498353418315
2012-01-20 14:00:00,99.84918551212759
2012-01-20 15:00:00,112.00948817179032
2012-01-20 16:00:00,146.07183222895836
2012-01-20 17:00:00,255.1809671596518
2012-01-20 18:00:00,208.08020822251763
2012-01-20 19:00:00,146.08041396833525
2012-01-20 20:00:00,100.99211574503889
2012-01-20 21:00:00,82.36545315480346
2012-01-20 22:00:00,71.5835786309959
2012-01-20 23:00:00,32.14358248339001
2012-01-21 00:00:00,26.170211635352526
2012-01-21 01:00:00,23.820370201231412
2012-01-21 02:00:00,15.750460469822343
2012-01-21 03:00:00,6.882073712968813
2012-01-21 04:00:00,2.3141356310041012
2012-01-21 05:00:00,2.306554703586914
2012-01-21 06:00:00,5.610556077109801
2012-01-21 07:00:00,13.615655539400127
2012-01-21 08:00:00,54.552692775143356
2012-01-21 09:00:00,84.36811991154896
2012-01-21 10:00:00,71.4994034618901
2012-01-21 11:00:00,152.5409613889411
2012-01-21 12:00:00,174.04402529564913
2012-01-21 13:00:00,173.02273900123265
2012-01-21 14:00:00,108.28551057646189
2012-01-21 15:00:00,108.46087062111505
2012-01-21 16:00:00,159.76552263375132
2012-01-21 17:00:00,142.9854966345497
2012-01-21 18:00:00,122.42151110521698
2012-01-21 19:00:00,102.27536837144248
2012-01-21 20:00:00,81.92264220685905
2012-01-21 21:00:00,74.60659562218893
2012-01-21 22:00:00,61.59806038073404
2012-01-21 23:00:00,53.782436677347086
2012-01-22 00:00:00,47.33252676753121
2012-01-22 01:00:00,37.583348240633526
2012-01-22 02:00:00,29.3485478087665
2012-01-22 03:00:00,14.528125099437794
2012-01-22 04:00:00,2.4218394169887367
2012-01-22 05:00:00,2.3038478773161746
2012-01-22 06:00:00,5.54939889391599
2012-01-22 07:00:00,15.118433729870825
2012-01-22 08:00:00,37.26994324969709
2012-01-22 09:00:00,69.04950050933888
2012-01-22 10:00:00,110.44419990589549
2012-01-22 11:00:00,82.35313054166886
2012-01-22 12:00:00,161.62657551987783
2012-01-22 13:00:00,164.18552708279816
2012-01-22 14:00:00,154.4522286918475
2012-01-22 15:00:00,151.4985656684479
2012-01-22 16:00:00,151.59261697363195
2012-01-22 17:00:00,140.8826318417722
2012-01-22 18:00:00,70.55975421608304
2012-01-22 19:00:00,55.51975248796184
2012-01-22 20:00:00,43.176128615455404
2012-01-22 21:00:00,34.41989336219347
2012-01-22 22:00:00,44.98448409600895
2012-01-22 23:00:00,29.198456414201942
2012-01-23 00:00:00,16.01727490756537
2012-01-23 01:00:00,6.90373953284065
2012-01-23 02:00:00,4.059556356093153
2012-01-23 03:00:00,2.308440743627315
2012-01-23 04:00:00,2.9989852822742167
2012-01-23 05:00:00,10.59639675109549
2012-01-23 06:00:00,44.97002943771936
2012-01-23 07:00:00,77.45883309491437
2012-01-23 08:00:00,127.93445603345143
2012-01-23 09:00:00,120.20755303062272
2012-01-23 10:00:00,71.3424590692457
2012-01-23 11:00:00,78.65410975650816
2012-01-23 12:00:00,106.20799964431853
2012-01-23 13:00:00,59.336308263958976
2012-01-23 14:00:00,52.38684512191098
2012-01-23 15:00:00,91.6452331377687
2012-01-23 16:00:00,138.06250501211846
2012-01-23 17:00:00,248.60048441057157
2012-01-23 18:00:00,238.4334147106998
2012-01-23 19:00:00,178.66389480655081
2012-01-23 20:00:00,124.91454484236249
2012-01-23 21:00:00,86.09204012910472
2012-01-23 22:00:00,58.45347364163293
2012-01-23 23:00:00,34.49981012677499
2012-01-24 00:00:00,14.742603064703243
2012-01-24 01:00:00,6.850347305822888
2012-01-24 02:00:00,3.422189108075393
2012-01-24 03:00:00,2.3878538020839537
2012-01-24 04:00:00,3.189483495739332
2012-01-24 05:00:00,14.75617579344725
2012-01-24 06:00:00,69.40281112500195
2012-01-24 07:00:00,196.41732616248888
2012-01-24 08:00:00,319.3947807887742
2012-01-24 09:00:00,157.9243566497453
2012-01-24 10:00:00,93.67576156094563
2012-01-24 11:00:00,97.002962211838
2012-01-24 12:00:00,116.13859335879498
2012-01-24 13:00:00,118.93956082749007
2012-01-24 14:00:00,108.78742238386879
2012-01-24 15:00:00,120.56939301492133
2012-01-24 16:00:00,210.4657547286794
2012-01-24 17:00:00,444.0791339753693
2012-01-24 18:00:00,416.97878204566723
2012-01-24 19:00:00,320.2873562025313
2012-01-24 20:00:00,172.9454211987525
2012-01-24 21:00:00,141.5512511312266
2012-01-24 22:00:00,91.19029916943181
2012-01-24 23:00:00,54.566649560742476
2012-01-25 00:00:00,19.739800809518517
2012-01-25 01:00:00,8.586600242850121
2012-01-25 02:00:00,3.706180015822239
2012-01-25 03:00:00,2.8185108947631625
2012-01-25 04:00:00,2.6484548602504128
2012-01-25 05:00:00,14.323858305869765
2012-01-25 06:00:00,65.31070897254668
2012-01-25 07:00:00,178.51369743348425
2012-01-25 08:00:00,304.23479579768275
2012-01-25 09:00:00,150.73700349437098
2012-01-25 10:00:00,70.87394149259262
2012-01-25 11:00:00,81.1840733669079
2012-01-25 12:00:00,126.7752598243514
2012-01-25 13:00:00,121.05487117137173
2012-01-25 14:00:00,113.49909038639228
2012-01-25 15:00:00,135.22822700231873
2012-01-25 16:00:00,172.13698004058085
2012-01-25 17:00:00,353.5539463584195
2012-01-25 18:00:00,329.0379336164737
2012-01-25 19:00:00,234.18312779237235
2012-01-25 20:00:00,165.85224261039752
2012-01-25 21:00:00,121.00594721465036
2012-01-25 22:00:00,91.38013522872855
2012-01-25 23:00:00,47.85251293454413
2012-01-26 00:00:00,21.35680603912048
2012-01-26 01:00:00,9.063376641809636
2012-01-26 02:00:00,4.631528433994216
2012-01-26 03:00:00,2.7070535936989533
2012-01-26 04:00:00,3.2668574617596295
2012-01-26 05:00:00,16.447759494943355
2012-01-26 06:00:00,74.79586699344843
2012-01-26 07:00:00,201.95136325135917
2012-01-26 08:00:00,325.30921050573727
2012-01-26 09:00:00,164.67434023653317
2012-01-26 10:00:00,78.2049810422897
2012-01-26 11:00:00,91.24163316736755
2012-01-26 12:00:00,119.60998154613573
2012-01-26 13:00:00,132.48747320733543
2012-01-26 14:00:00,116.66241090687545
2012-01-26 15:00:00,130.02824427303372
2012-01-26 16:00:00,190.60751834113927
2012-01-26 17:00:00,397.532895795694
2012-01-26 18:00:00,374.33997741452606
2012-01-26 19:00:00,243.21450901547763
2012-01-26 20:00:00,183.0394857587793
2012-01-26 21:00:00,144.34205402390518
2012-01-26 22:00:00,113.67547706511267
2012-01-26 23:00:00,72.89806230404007
2012-01-27 00:00:00,36.60370405182138
2012-01-27 01:00:00,17.280864847872866
2012-01-27 02:00:00,10.039392123184957
2012-01-27 03:00:00,4.168705356063012
2012-01-27 04:00:00,3.5961941643289053
2012-01-27 05:00:00,17.77598591663068
2012-01-27 06:00:00,70.29967758595944
2012-01-27 07:00:00,199.4866086834776
2012-01-27 08:00:00,257.56838039223913
2012-01-27 09:00:00,140.07279942572637
2012-01-27 10:00:00,76.02478736571182
2012-01-27 11:00:00,149.7686538634298
2012-01-27 12:00:00,189.95419931128
2012-01-27 13:00:00,203.29152601022054
2012-01-27 14:00:00,180.83993203746303
2012-01-27 15:00:00,205.65075982656603
2012-01-27 16:00:00,238.56668814718117
2012-01-27 17:00:00,369.936556935249
2012-01-27 18:00:00,310.96772164406605
2012-01-27 19:00:00,207.61778149426115
2012-01-27 20:00:00,137.09570399877822
2012-01-27 21:00:00,106.1007752935046
2012-01-27 22:00:00,101.18945861633196
2012-01-27 23:00:00,76.4074452534272
2012-01-28 00:00:00,61.85047430153577
2012-01-28 01:00:00,49.93296249417229
2012-01-28 02:00:00,35.40489088757687
2012-01-28 03:00:00,15.436546020781114
2012-01-28 04:00:00,4.933937183824517
2012-01-28 05:00:00,4.8111589726548765
2012-01-28 06:00:00,12.307685088347883
2012-01-28 07:00:00,28.667827488676053
2012-01-28 08:00:00,67.27889099078902
2012-01-28 09:00:00,111.00276307718553
2012-01-28 10:00:00,160.91374735944132
2012-01-28 11:00:00,213.10832691516768
2012-01-28 12:00:00,226.93255251660466
2012-01-28 13:00:00,257.42766727765894
2012-01-28 14:00:00,275.21028487892295
2012-01-28 15:00:00,295.60395972016516
2012-01-28 16:00:00,285.465270751477
2012-01-28 17:00:00,260.4651412962118
2012-01-28 18:00:00,236.47106292769539
2012-01-28 19:00:00,167.80749318543596
2012-01-28 20:00:00,146.11830622247828
2012-01-28 21:00:00,113.61956566690213
2012-01-28 22:00:00,101.49651117476965
2012-01-28 23:00:00,86.27873797214468
2012-01-29 00:00:00,66.09740774019537
2012-01-29 01:00:00,53.65446673482366
2012-01-29 02:00:00,40.15521571152648
2012-01-29 03:00:00,19.73277111450787
2012-01-29 04:00:00,5.66485231676148
2012-01-29 05:00:00,4.601848511692059
2012-01-29 06:00:00,6.825927361146939
2012-01-29 07:00:00,18.430699033265622
2012-01-29 08:00:00,43.568078250141404
2012-01-29 09:00:00,80.70499359492356
2012-01-29 10:00:00,150.13509708079937
2012-01-29 11:00:00,195.62066075984026
2012-01-29 12:00:00,256.0119323047806
2012-01-29 13:00:00,252.6353829598215
2012-01-29 14:00:00,237.66626049813308
2012-01-29 15:00:00,258.05224797706825
2012-01-29 16:00:00,248.90636920938476
2012-01-29 17:00:00,224.7197965250586
2012-01-29 18:00:00,178.60743789687652
2012-01-29 19:00:00,137.10370679468116
2012-01-29 20:00:00,103.27666552584101
2012-01-29 21:00:00,79.75661980270877
2012-01-29 22:00:00,64.58806824191794
2012-01-29 23:00:00,40.5287808476674
2012-01-30 00:00:00,19.579687776715247
2012-01-30 01:00:00,8.192315478689215
2012-01-30 02:00:00,4.65277931117842
2012-01-30 03:00:00,2.6973668431552444
2012-01-30 04:00:00,3.170302076825595
2012-01-30 05:00:00,11.217509665770368
2012-01-30 06:00:00,47.85629635314221
2012-01-30 07:00:00,134.2015361086836
2012-01-30 08:00:00,226.09194486419787
2012-01-30 09:00:00,127.37316844784388
2012-01-30 10:00:00,75.40832681017868
2012-01-30 11:00:00,102.83233033739084
2012-01-30 12:00:00,115.34143273083977
2012-01-30 13:00:00,128.30662799720912
2012-01-30 14:00:00,126.62799428480001
2012-01-30 15:00:00,133.85182343925143
2012-01-30 16:00:00,200.024108200687
2012-01-30 17:00:00,374.60445755513956
2012-01-30 18:00:00,346.4700630354946
2012-01-30 19:00:00,227.25147098085833
2012-01-30 20:00:00,157.77422764564054
2012-01-30 21:00:00,112.6351915794932
2012-01-30 22:00:00,71.17914282243134
2012-01-30 23:00:00,39.075305239738135
2012-01-31 00:00:00,16.48568452224168
2012-01-31 01:00:00,7.55626037135216
2012-01-31 02:00:00,3.829943741531421
2012-01-31 03:00:00,2.587147747436987
2012-01-31 04:00:00,3.5839723683295643
2012-01-31 05:00:00,16.581282322537767
2012-01-31 06:00:00,74.13160321962299
2012-01-31 07:00:00,193.77920805693554
2012-01-31 08:00:00,324.3614847706899
2012-01-31 09:00:00,167.59782555688
2012-01-31 10:00:00,86.61598438637469
2012-01-31 11:00:00,114.86509029260336
2012-01-31 12:00:00,136.50605065125237
2012-01-31 13:00:00,166.11422060955536
2012-01-31 14:00:00,157.8560509327531
2012-01-31 15:00:00,178.45263991411485
2012-01-31 16:00:00,281.33892446345186
2012-01-31 17:00:00,562.7833160284528
2012-01-31 18:00:00,558.9181772824771
2012-01-31 19:00:00,360.51717025057167
2012-01-31 20:00:00,203.9643776069551
2012-01-31 21:00:00,172.68188431683467
2012-01-31 22:00:00,116.74245553773353
2012-01-31 23:00:00,69.90208561117026
2012-02-20 00:00:00,17.24736913920035
2012-02-20 01:00:00,7.6895353460731055
2012-02-20 02:00:00,4.521622222429023
2012-02-20 03:00:00,2.4118045211237438
2012-02-20 05:00:00,10.286376755638635
2012-02-20 06:00:00,47.1793766945009
2012-02-20 07:00:00,120.0711964088294
2012-02-20 08:00:00,215.87039162756992
2012-02-20 09:00:00,121.61466332732915
2012-02-20 10:00:00,71.09196448918813
2012-02-20 11:00:00,90.8706792768346
2012-02-20 12:00:00,126.31166730810592
2012-02-20 13:00:00,123.08624021834868
2012-02-20 14:00:00,122.25050084139423
2012-02-20 15:00:00,137.3380965716034
2012-02-20 16:00:00,215.0185647122659
2012-02-20 17:00:00,382.1170643361199
2012-02-20 18:00:00,334.2681705057239
2012-02-20 19:00:00,243.98417226483298
2012-02-20 20:00:00,173.1831462321024
2012-02-20 21:00:00,113.0214467227079
2012-02-20 22:00:00,78.07561445897332
2012-02-20 23:00:00,46.45348445795634
2012-02-21 00:00:00,16.948619890002853
2012-02-21 01:00:00,7.502792319406992
2012-02-21 02:00:00,3.548734816775451
2012-02-21 04:00:00,3.1775577733601117
2012-02-21 05:00:00,14.127743626023046
2012-02-21 06:00:00,65.56002419840766
2012-02-21 07:00:00,189.64459768820757
2012-02-21 08:00:00,287.88978321102667
2012-02-21 09:00:00,138.33001673089456
2012-02-21 10:00:00,79.18483240335351
2012-02-21 11:00:00,73.19559845304057
2012-02-21 12:00:00,94.40883762865151
2012-02-21 13:00:00,116.01078342118701
2012-02-21 14:00:00,90.11657553919164
2012-02-21 15:00:00,111.24988888539707
2012-02-21 16:00:00,184.5265715426412
2012-02-21 17:00:00,383.29869314558
2012-02-21 18:00:00,370.91680381912056
2012-02-21 19:00:00,253.55938723356283
2012-02-21 20:00:00,171.8264451299655
2012-02-21 21:00:00,130.69220476291966
2012-02-21 22:00:00,82.52722698803234
2012-02-21 23:00:00,51.429709522713445
2012-02-22 00:00:00,21.284998689074424
2012-02-22 01:00:00,9.218139014869061
2012-02-22 02:00:00,4.107115257804247
2012-02-22 03:00:00,3.0144567019190074
2012-02-22 04:00:00,3.247158598353978
2012-02-22 05:00:00,17.192330742073587
2012-02-22 06:00:00,78.02451956480833
2012-02-22 07:00:00,218.73478297110745
2012-02-22 08:00:00,360.64403574598543
2012-02-22 09:00:00,187.41379673139392
2012-02-22 10:00:00,99.03965408144347
2012-02-22 11:00:00,105.0889629897439
2012-02-22 12:00:00,141.78161337661732
2012-02-22 13:00:00,135.80498842734545
2012-02-22 14:00:00,129.55869911594414
2012-02-22 15:00:00,166.16627139082914
2012-02-22 16:00:00,243.25312463606178
2012-02-22 17:00:00,484.72320064934655
2012-02-22 18:00:00,417.1489172598333
2012-02-22 19:00:00,283.12236003804423
2012-02-22 20:00:00,201.7697914802378
2012-02-22 21:00:00,158.84131042087915
2012-02-22 22:00:00,110.62581096295794
2012-02-22 23:00:00,67.499858674638
2012-02-23 00:00:00,30.012991965105176
2012-02-23 01:00:00,11.875938844873247
2012-02-23 02:00:00,6.462075722333133
2012-02-23 03:00:00,2.2374846971490294
2012-02-23 04:00:00,3.8720735159449386
2012-02-23 05:00:00,21.230298563151322
2012-02-23 06:00:00,89.4530685488955
2012-02-23 07:00:00,248.73809855296315
2012-02-23 08:00:00,385.2443128883793
2012-02-23 09:00:00,187.55845350235475
2012-02-23 10:00:00,109.89523571627146
2012-02-23 11:00:00,146.5368356104829
2012-02-23 12:00:00,189.6948149069446
2012-02-23 13:00:00,194.6048465043839
2012-02-23 14:00:00,173.8827903588213
2012-02-23 15:00:00,196.19251042984249
2012-02-23 16:00:00,322.3664447627831
2012-02-23 17:00:00,576.203408155572
2012-02-23 18:00:00,538.8508536367367
2012-02-23 19:00:00,357.44710433525876
2012-02-23 20:00:00,246.9911770266987
2012-02-23 21:00:00,174.5553464543118
2012-02-23 22:00:00,129.70230278140718
2012-02-23 23:00:00,92.0929331351673
2012-02-24 00:00:00,44.041985755821074
2012-02-24 01:00:00,21.844869391977824
2012-02-24 02:00:00,5.51160536137747
2012-02-24 03:00:00,4.927519883240681
2012-02-24 04:00:00,4.270789881832768
2012-02-24 05:00:00,18.17749837130612
2012-02-24 06:00:00,73.56103909153272
2012-02-24 07:00:00,207.39637988359243
2012-02-24 08:00:00,347.53044348425635
2012-02-24 09:00:00,112.1694840728807
2012-02-24 10:00:00,64.23588796203268
2012-02-24 11:00:00,125.66251314423202
2012-02-24 12:00:00,166.19342123247193
2012-02-24 13:00:00,174.03354011556996
2012-02-24 14:00:00,171.5814182382372
2012-02-24 15:00:00,93.88382171784905
2012-02-24 16:00:00,126.75548522581468
2012-02-24 17:00:00,217.1353555479631
2012-02-24 18:00:00,314.88577005908655
2012-02-24 19:00:00,225.62360469642928
2012-02-24 20:00:00,163.64372946981533
2012-02-24 21:00:00,120.19308744560068
2012-02-24 22:00:00,111.54325917452195
2012-02-24 23:00:00,82.14240721393567
2012-02-25 00:00:00,69.53648903363164
2012-02-25 01:00:00,52.12024387717061
2012-02-25 02:00:00,37.88863967645055
2012-02-25 03:00:00,15.998824801949114
2012-02-25 04:00:00,5.205930229741122
2012-02-25 05:00:00,4.800987392061171
2012-02-25 06:00:00,11.895205877651803
2012-02-25 07:00:00,28.703522765461535
2012-02-25 08:00:00,72.04534738032801
2012-02-25 09:00:00,55.487024250239976
2012-02-25 10:00:00,150.84063164652142
2012-02-25 11:00:00,186.1770542465921
2012-02-25 12:00:00,219.17912388765274
2012-02-25 13:00:00,235.90524446274787
2012-02-25 14:00:00,234.12614555556414
2012-02-25 15:00:00,244.91805483260066
2012-02-25 16:00:00,216.11999226021712
2012-02-25 17:00:00,202.01407595490465
2012-02-25 18:00:00,161.60659861623571
2012-02-25 19:00:00,131.92868794383574
2012-02-25 20:00:00,99.47891288173996
2012-02-25 21:00:00,85.25318279834809
2012-02-25 22:00:00,73.0617466450756
2012-02-25 23:00:00,65.77276606436718
2012-02-26 00:00:00,54.60218199894229
2012-02-26 01:00:00,46.39060788414949
2012-02-26 02:00:00,36.05187638135708
2012-02-26 03:00:00,18.66787844022064
2012-02-26 04:00:00,5.285417926974471
2012-02-26 05:00:00,4.670858032924702
2012-02-26 06:00:00,6.616616901818104
2012-02-26 07:00:00,17.419877354396203
2012-02-26 08:00:00,43.57035413507335
2012-02-26 09:00:00,85.05305831831971
2012-02-26 10:00:00,155.03227976483018
2012-02-26 11:00:00,189.49948979051456
2012-02-26 12:00:00,247.0063801224747
2012-02-26 13:00:00,268.04480399649765
2012-02-26 14:00:00,269.20656157599433
2012-02-26 15:00:00,280.9469680319103
2012-02-26 16:00:00,257.6651504272913
2012-02-26 17:00:00,234.88089036746703
2012-02-26 18:00:00,179.4283017278096
2012-02-26 19:00:00,147.1845655473779
2012-02-26 20:00:00,109.98687915932136
2012-02-26 21:00:00,82.564857582812
2012-02-26 22:00:00,63.62008466490121
2012-02-26 23:00:00,38.137403510113174
2012-02-27 00:00:00,19.006882940393353
2012-02-27 01:00:00,8.522834982966792
2012-02-27 02:00:00,4.8731162982906575
2012-02-27 03:00:00,2.679921932232177
2012-02-27 04:00:00,3.263229619353311
2012-02-27 05:00:00,11.546316063791817
2012-02-27 06:00:00,49.22110677164401
2012-02-27 07:00:00,141.56355464844125
2012-02-27 08:00:00,262.53817688192055
2012-02-27 09:00:00,144.85426897862155
2012-02-27 10:00:00,95.31795373101954
2012-02-27 11:00:00,119.12870147302358
2012-02-27 12:00:00,165.35015759266705
2012-02-27 13:00:00,155.16208902488256
2012-02-27 14:00:00,164.35357697608632
2012-02-27 15:00:00,197.55829091055728
2012-02-27 16:00:00,287.85702313189046
2012-02-27 17:00:00,512.7130536281085
2012-02-27 18:00:00,477.8331272223539
2012-02-27 19:00:00,336.74626729558145
2012-02-27 20:00:00,226.95119822754734
2012-02-27 21:00:00,158.4527579543689
2012-02-27 22:00:00,102.04342200868426
2012-02-27 23:00:00,56.974984737048274
2012-02-28 00:00:00,23.317418660311372
2012-02-28 01:00:00,9.173042531857218
2012-02-28 02:00:00,4.90639243872166
2012-02-28 03:00:00,3.204770902914392
2012-02-28 04:00:00,3.590896691700656
2012-02-28 05:00:00,16.613317770612962
2012-02-28 06:00:00,74.11335842498573
2012-02-28 07:00:00,198.36664195718603
2012-02-28 08:00:00,308.97606228522744
2012-02-28 09:00:00,152.97649408210378
2012-02-28 10:00:00,89.3572791431688
2012-02-28 11:00:00,100.76611435978597
2012-02-28 12:00:00,133.29863573480205
2012-02-28 13:00:00,138.30110260979706
2012-02-28 14:00:00,136.2945178408505
2012-02-28 15:00:00,155.78546834397133
2012-02-28 16:00:00,244.51076306447396
2012-02-28 17:00:00,486.56902054343885
2012-02-28 18:00:00,457.5800397695513
2012-02-28 19:00:00,334.2472887260787
2012-02-28 20:00:00,213.9266174629177
2012-02-28 21:00:00,136.28011115312574
2012-02-28 22:00:00,96.72389532813246
2012-02-28 23:00:00,52.321484045733314
2012-02-29 00:00:00,22.506834626017152
2012-02-29 01:00:00,9.569524621126387
2012-02-29 02:00:00,3.888122262428133
2012-02-29 03:00:00,3.0491627799899543
2012-02-29 05:00:00,15.19234564808128
2012-02-29 06:00:00,67.25533849774551
2012-02-29 07:00:00,173.46614582981192
2012-02-29 08:00:00,314.2435003460277
2012-02-29 09:00:00,96.10087464311762
2012-02-29 10:00:00,48.76534564342055
2012-02-29 11:00:00,49.590182224351636
2012-02-29 12:00:00,62.64472524529076
2012-02-29 13:00:00,99.80438716736428
2012-02-29 14:00:00,92.231596604706
2012-02-29 15:00:00,114.46815525114044
2012-02-29 16:00:00,100.86512340213426
2012-02-29 17:00:00,328.54359067353977
2012-02-29 18:00:00,216.27348301286753
2012-02-29 19:00:00,241.3184908474862
2012-02-29 20:00:00,108.37144383070505
2012-02-29 21:00:00,77.92366558177751
2012-02-29 22:00:00,58.06588860045084
2012-02-29 23:00:00,33.798093705596195
2012-03-20 00:00:00,25.466322278336154
2012-03-20 01:00:00,11.932237171281507
2012-03-20 02:00:00,5.7350668121412856
2012-03-20 03:00:00,3.64926512454781
2012-03-20 04:00:00,4.695831294593287
2012-03-20 05:00:00,22.267172777056963
2012-03-20 06:00:00,98.12381705559866
2012-03-20 07:00:00,162.52905370071326
2012-03-20 08:00:00,460.144466932522
2012-03-20 09:00:00,223.79587084541728
2012-03-20 10:00:00,132.5224162497277
2012-03-20 11:00:00,143.8231931942355
2012-03-20 12:00:00,173.44107337966236
2012-03-20 13:00:00,181.087772379561
2012-03-20 14:00:00,150.93998651300763
2012-03-20 15:00:00,171.462997889003
2012-03-20 16:00:00,288.6719231341357
2012-03-20 17:00:00,552.9549745508524
2012-03-20 18:00:00,533.0243636075409
2012-03-20 19:00:00,369.23396856570815
2012-03-20 20:00:00,269.7433855473506
2012-03-20 21:00:00,199.4318180017219
2012-03-20 22:00:00,136.21625807689878
2012-03-20 23:00:00,77.33058684803824
2012-03-21 00:00:00,44.17900317173457
2012-03-21 01:00:00,18.438008608453238
2012-03-21 02:00:00,7.7543898323359395
2012-03-21 03:00:00,5.517090527152747
2012-03-21 04:00:00,5.419606653527601
2012-03-21 05:00:00,29.311308621411957
2012-03-21 06:00:00,126.73562620225518
2012-03-21 07:00:00,213.02672665445536
2012-03-21 08:00:00,376.21408752323407
2012-03-21 09:00:00,314.9255842774589
2012-03-21 10:00:00,166.90092032149414
2012-03-21 11:00:00,172.54537661752352
2012-03-21 12:00:00,243.71269725250548
2012-03-21 13:00:00,216.74926275002437
2012-03-21 14:00:00,208.64171758035437
2012-03-21 15:00:00,229.52791378553906
2012-03-21 16:00:00,372.02599171077054
2012-03-21 17:00:00,734.2444184960199
2012-03-21 18:00:00,775.6066711970293
2012-03-21 19:00:00,555.1634795289194
2012-03-21 20:00:00,357.3284568643122
2012-03-21 21:00:00,245.47956973576322
2012-03-21 22:00:00,182.3550268066696
2012-03-21 23:00:00,117.20401803944418
2012-03-22 00:00:00,50.68171564524185
2012-03-22 01:00:00,20.793306812206776
2012-03-22 02:00:00,11.20538399713631
2012-03-22 03:00:00,6.393203366984306
2012-03-22 04:00:00,5.601714624584698
2012-03-22 05:00:00,30.713795452430002
2012-03-22 06:00:00,141.451120119145
2012-03-22 07:00:00,393.15491679049137
2012-03-22 08:00:00,662.8555758742721
2012-03-22 09:00:00,313.29275675585717
2012-03-22 10:00:00,152.6617677441561
2012-03-22 11:00:00,191.13824088464443
2012-03-22 12:00:00,227.62488634063547
2012-03-22 13:00:00,268.50770230957755
2012-03-22 14:00:00,242.52994815432766
2012-03-22 15:00:00,260.4007793202419
2012-03-22 16:00:00,406.7924865079302
2012-03-22 17:00:00,806.6250257634762
2012-03-22 18:00:00,759.5647985858127
2012-03-22 19:00:00,575.9054101673318
2012-03-22 20:00:00,376.46549004413447
2012-03-22 21:00:00,286.540943096086
2012-03-22 22:00:00,206.3355187584708
2012-03-22 23:00:00,139.59731847963403
2012-03-23 00:00:00,78.32803237176249
2012-03-23 01:00:00,35.55470457575553
2012-03-23 02:00:00,17.403803845642248
2012-03-23 03:00:00,8.070624300160526
2012-03-23 04:00:00,6.394267288352052
2012-03-23 05:00:00,31.471856685884493
2012-03-23 06:00:00,128.39441320620395
2012-03-23 07:00:00,340.4268055313015
2012-03-23 08:00:00,612.1463999447362
2012-03-23 09:00:00,351.2607127654874
2012-03-23 10:00:00,205.24052300289665
2012-03-23 11:00:00,266.9523659484036
2012-03-23 12:00:00,337.03042728656493
2012-03-23 13:00:00,382.24256732751616
2012-03-23 14:00:00,343.6339284881653
2012-03-23 15:00:00,369.0950107015488
2012-03-23 16:00:00,493.52987783265206
2012-03-23 17:00:00,804.1209332576964
2012-03-23 18:00:00,742.3647134605249
2012-03-23 19:00:00,502.31414449998556
2012-03-23 20:00:00,356.7768021848502
2012-03-23 21:00:00,279.13476714019583
2012-03-23 22:00:00,224.9226193422503
2012-03-23 23:00:00,177.81515186778833
2012-03-24 00:00:00,154.70224987133918
2012-03-24 01:00:00,112.10466748371265
2012-03-24 02:00:00,79.41240370333988
2012-03-24 03:00:00,35.6421050050747
2012-03-24 04:00:00,11.199436089317564
2012-03-24 05:00:00,9.984973280377638
2012-03-24 06:00:00,24.73935112792541
2012-03-24 07:00:00,58.04366924926915
2012-03-24 08:00:00,140.33019348378136
2012-03-24 09:00:00,235.2145740909136
2012-03-24 10:00:00,316.4205685088393
2012-03-24 11:00:00,362.82659045235084
2012-03-24 12:00:00,252.327083665467
2012-03-24 13:00:00,255.73804256859017
2012-03-24 14:00:00,254.23421293276476
2012-03-24 15:00:00,238.6675202635019
2012-03-24 16:00:00,229.92607674205718
2012-03-24 17:00:00,220.88322122468222
2012-03-24 18:00:00,174.77539489751848
2012-03-24 19:00:00,155.6905546590293
2012-03-24 20:00:00,113.34849932892159
2012-03-24 21:00:00,95.01963707925985
2012-03-24 22:00:00,83.57027727573018
2012-03-24 23:00:00,122.69941305153785
2012-03-25 00:00:00,99.91230357298893
2012-03-25 01:00:00,81.08700127858319
2012-03-25 02:00:00,37.78188598648934
2012-03-25 03:00:00,18.949496296413752
2012-03-25 04:00:00,8.734793918621378
2012-03-25 05:00:00,7.9663618142594395
2012-03-25 06:00:00,11.672955248581669
2012-03-25 07:00:00,31.425485384115273
2012-03-25 08:00:00,77.47006586707911
2012-03-25 09:00:00,147.0383186756097
2012-03-25 10:00:00,237.42683672985856
2012-03-25 11:00:00,290.8542560803233
2012-03-25 12:00:00,347.24558369651254
2012-03-25 13:00:00,366.8357108171376
2012-03-25 14:00:00,360.974615390724
2012-03-25 15:00:00,354.0715270837716
2012-03-25 16:00:00,455.5400999437772
2012-03-25 17:00:00,418.6751694042451
2012-03-25 18:00:00,344.4414855546101
2012-03-25 19:00:00,257.0106318031371
2012-03-25 20:00:00,196.3305795499025
2012-03-25 21:00:00,156.51420885906583
2012-03-25 22:00:00,119.18720407119157
2012-03-25 23:00:00,80.35724633841943
2012-03-26 00:00:00,37.348569788010785
2012-03-26 01:00:00,17.73837883494303
2012-03-26 02:00:00,10.030851275152818
2012-03-26 03:00:00,5.655216903283739
2012-03-26 04:00:00,6.92169739317263
2012-03-26 05:00:00,24.788002819248963
2012-03-26 06:00:00,99.25887776835725
2012-03-26 07:00:00,298.58780763171694
2012-03-26 08:00:00,522.5433321637086
2012-03-26 09:00:00,311.99746257452693
2012-03-26 10:00:00,182.51894336266082
2012-03-26 11:00:00,201.90298972756347
2012-03-26 12:00:00,259.70984067979066
2012-03-26 13:00:00,235.42824198886282
2012-03-26 14:00:00,229.7000391535343
2012-03-26 15:00:00,237.35832335370597
2012-03-26 16:00:00,338.2465303075649
2012-03-26 17:00:00,611.7012974933037
2012-03-26 18:00:00,562.3221787329378
2012-03-26 19:00:00,405.08871511274816
2012-03-26 20:00:00,256.2888387975327
2012-03-26 21:00:00,176.88398886187898
2012-03-26 22:00:00,119.35625605476116
2012-03-26 23:00:00,61.797517493245785
2012-03-27 00:00:00,24.001858303658782
2012-03-27 01:00:00,10.232458449541058
2012-03-27 02:00:00,4.822753157794856
2012-03-27 03:00:00,3.2375009437885556
2012-03-27 04:00:00,4.209846856122118
2012-03-27 05:00:00,19.01931689541007
2012-03-27 06:00:00,90.98321463297331
2012-03-27 07:00:00,252.56699985979853
2012-03-27 08:00:00,397.0481301064531
2012-03-27 09:00:00,207.57215481074778
2012-03-27 10:00:00,117.62599937878547
2012-03-27 11:00:00,132.83596164113067
2012-03-27 12:00:00,168.6599235862505
2012-03-27 13:00:00,202.29185904791285
2012-03-27 14:00:00,190.83631134088853
2012-03-27 15:00:00,227.89514204803638
2012-03-27 16:00:00,359.28733912312794
2012-03-27 17:00:00,753.7668449837047
2012-03-27 18:00:00,673.6081447470543
2012-03-27 19:00:00,478.1802097945961
2012-03-27 20:00:00,328.38574537729403
2012-03-27 21:00:00,199.31351674200417
2012-03-27 22:00:00,142.83636135863787
2012-03-27 23:00:00,83.28340827459435
2012-03-28 00:00:00,33.314605695269705
2012-03-28 01:00:00,13.881282211884118
2012-03-28 02:00:00,5.879732355033494
2012-03-28 03:00:00,4.680741859186716
2012-03-28 04:00:00,4.764992330945773
2012-03-28 05:00:00,25.77090363192749
2012-03-28 06:00:00,117.29421521350746
2012-03-28 07:00:00,324.09271893505144
2012-03-28 08:00:00,576.5210523048181
2012-03-28 09:00:00,292.0843961059666
2012-03-28 10:00:00,171.3526120151814
2012-03-28 11:00:00,193.03010321519477
2012-03-28 12:00:00,246.19667266283494
2012-03-28 13:00:00,251.61299630573
2012-03-28 14:00:00,252.55387484972917
2012-03-28 15:00:00,255.19590689436802
2012-03-28 16:00:00,234.08917457343676
2012-03-28 17:00:00,727.8802531031733
2012-03-28 18:00:00,746.9175905875878
2012-03-28 19:00:00,537.7450067938198
2012-03-28 20:00:00,377.9973208028123
2012-03-28 21:00:00,265.88729640120715
2012-03-28 22:00:00,206.74761255032504
2012-03-28 23:00:00,115.62090217962417
2012-03-29 00:00:00,52.86042424999108
2012-03-29 01:00:00,23.33680245102354
2012-03-29 02:00:00,14.120282554380948
2012-03-29 03:00:00,7.957488354115495
2012-03-29 04:00:00,7.510394159390929
2012-03-29 05:00:00,39.00893901818044
2012-03-29 06:00:00,158.75941252656813
2012-03-29 07:00:00,435.5300083287582
2012-03-29 08:00:00,695.3150417893867
2012-03-29 09:00:00,340.9330590697349
2012-03-29 10:00:00,161.43175546709168
2012-03-29 11:00:00,206.0354395601437
2012-03-29 12:00:00,246.21720939498556
2012-03-29 13:00:00,229.530301131714
2012-03-29 14:00:00,216.23960727401996
2012-03-29 15:00:00,242.43219147799337
2012-03-29 16:00:00,375.0482041813336
2012-03-29 17:00:00,711.8770074034001
2012-03-29 18:00:00,663.1444859813553
2012-03-29 19:00:00,452.7494821767843
2012-03-29 20:00:00,333.56247778838866
2012-03-29 21:00:00,244.16571634366417
2012-03-29 22:00:00,176.69207906448898
2012-03-29 23:00:00,114.24986317298962
2012-03-30 00:00:00,59.593898796363476
2012-03-30 01:00:00,26.8930078175839
2012-03-30 02:00:00,12.82611770614958
2012-03-30 03:00:00,6.105252591644327
2012-03-30 04:00:00,5.700124174051894
2012-03-30 05:00:00,25.65222994998136
2012-03-30 06:00:00,101.87541620975972
2012-03-30 07:00:00,283.5491540961556
2012-03-30 08:00:00,505.3286624628502
2012-03-30 09:00:00,290.739421091134
2012-03-30 10:00:00,157.18494466424252
2012-03-30 11:00:00,191.06830609186
2012-03-30 12:00:00,243.71575070670642
2012-03-30 13:00:00,154.0678048374512
2012-03-30 14:00:00,138.28439196837212
2012-03-30 15:00:00,156.51531547082703
2012-03-30 16:00:00,181.7275690529453
2012-03-30 17:00:00,496.23511284287855
2012-03-30 18:00:00,497.12204395278434
2012-03-30 19:00:00,327.60798268212295
2012-03-30 20:00:00,229.63498603552807
2012-03-30 21:00:00,180.06000346736593
2012-03-30 22:00:00,153.87318995873386
2012-03-30 23:00:00,129.52352200193405
2012-03-31 00:00:00,101.11803840936521
2012-03-31 01:00:00,75.36423632890116
2012-03-31 02:00:00,56.70976006198777
2012-03-31 03:00:00,26.581493176627482
2012-03-31 04:00:00,8.666125202052626
2012-03-31 05:00:00,8.80153797988262
2012-03-31 06:00:00,18.597355654690496
2012-03-31 07:00:00,45.13192365567111
2012-03-31 08:00:00,112.14438561731333
2012-03-31 09:00:00,191.41422248924567
2012-03-31 10:00:00,271.8673201336292
2012-03-31 11:00:00,404.426243168557
2012-03-31 12:00:00,498.5052847418963
2012-03-31 13:00:00,549.4439032124934
2012-03-31 14:00:00,452.68602421761307
2012-03-31 15:00:00,469.6479238637311
2012-03-31 16:00:00,414.21503318292616
2012-03-31 17:00:00,384.63347827284997
2012-03-31 18:00:00,271.3961284539609
2012-03-31 19:00:00,249.6266750822327
2012-03-31 20:00:00,176.95268126874893
2012-03-31 21:00:00,148.3387927842487
2012-03-31 22:00:00,130.8400303686642
2012-03-31 23:00:00,109.59323543857616
2012-04-20 00:00:00,70.98041792645698
2012-04-20 01:00:00,30.22722480123286
2012-04-20 02:00:00,14.497229847617321
2012-04-20 03:00:00,7.131242753164965
2012-04-20 04:00:00,6.175743187577319
2012-04-20 05:00:00,30.39630590393296
2012-04-20 06:00:00,123.46825122703119
2012-04-20 07:00:00,342.37934488266313
2012-04-20 08:00:00,638.9907812533897
2012-04-20 09:00:00,354.2777621555451
2012-04-20 10:00:00,209.46052609854405
2012-04-20 11:00:00,269.25333185144353
2012-04-20 12:00:00,361.7005555901508
2012-04-20 13:00:00,387.141886226561
2012-04-20 14:00:00,351.29347072511985
2012-04-20 15:00:00,379.8377794187749
2012-04-20 16:00:00,525.7902638794475
2012-04-20 17:00:00,811.6970113650378
2012-04-20 18:00:00,673.126575722229
2012-04-20 19:00:00,474.31322552732274
2012-04-20 20:00:00,318.4709889750643
2012-04-20 21:00:00,245.41588405891136
2012-04-20 22:00:00,208.8164992541192
2012-04-20 23:00:00,166.22112036633888
2012-04-21 00:00:00,129.42063186158057
2012-04-21 01:00:00,100.52475076186057
2012-04-21 02:00:00,76.53955349487437
2012-04-21 03:00:00,31.917852028114908
2012-04-21 04:00:00,10.350735405822165
2012-04-21 05:00:00,10.366675290855792
2012-04-21 06:00:00,25.933884419645025
2012-04-21 07:00:00,61.73235064905802
2012-04-21 08:00:00,161.46821281447268
2012-04-21 09:00:00,267.4761419047874
2012-04-21 10:00:00,401.732242448695
2012-04-21 11:00:00,489.04325165550574
2012-04-21 12:00:00,586.021262283314
2012-04-21 13:00:00,613.7375608487475
2012-04-21 14:00:00,638.8697537345023
2012-04-21 15:00:00,664.3124633328629
2012-04-21 16:00:00,592.9950067117647
2012-04-21 17:00:00,515.5756016133203
2012-04-21 18:00:00,393.46755083604756
2012-04-21 19:00:00,170.29208243170132
2012-04-21 20:00:00,126.37847081337434
2012-04-21 21:00:00,102.91591907719659
2012-04-21 22:00:00,165.98881586164825
2012-04-21 23:00:00,130.7888493903687
2012-04-22 00:00:00,109.63149537825788
2012-04-22 01:00:00,88.48401296667542
2012-04-22 02:00:00,78.5139665568269
2012-04-22 03:00:00,34.655276052430324
2012-04-22 04:00:00,9.9308598481069
2012-04-22 05:00:00,9.096057645338737
2012-04-22 06:00:00,13.041442999434087
2012-04-22 07:00:00,20.178258980262395
2012-04-22 08:00:00,49.47976024502143
2012-04-22 09:00:00,91.67045700474296
2012-04-22 10:00:00,140.38978816870733
2012-04-22 11:00:00,170.35662898730965
2012-04-22 12:00:00,199.49542505429457
2012-04-22 13:00:00,196.8033820289524
2012-04-22 14:00:00,186.99368658395386
2012-04-22 15:00:00,181.65215670485009
2012-04-22 16:00:00,178.2882338633391
2012-04-22 17:00:00,153.34137054181377
2012-04-22 18:00:00,126.153001959869
2012-04-22 19:00:00,97.8808611358406
2012-04-22 20:00:00,79.46435467542831
2012-04-22 21:00:00,63.376452998873155
2012-04-22 22:00:00,46.14177121258781
2012-04-22 23:00:00,32.22022177857357
2012-04-23 00:00:00,16.823216803952434
2012-04-23 01:00:00,7.2814406551492725
2012-04-23 02:00:00,6.834883843787295
2012-04-23 03:00:00,3.8426402510588495
2012-04-23 04:00:00,2.8192645056830656
2012-04-23 05:00:00,9.975430125109456
2012-04-23 06:00:00,69.25874276123729
2012-04-23 07:00:00,121.03652538929903
2012-04-23 08:00:00,337.32711421039767
2012-04-23 09:00:00,186.4046356847571
2012-04-23 10:00:00,115.10601780561642
2012-04-23 11:00:00,129.38169266953886
2012-04-23 12:00:00,103.98996820915278
2012-04-23 13:00:00,98.10217221714858
2012-04-23 14:00:00,92.32224480907527
2012-04-23 15:00:00,166.74279615999254
2012-04-23 16:00:00,125.19003814106154
2012-04-23 17:00:00,223.39732210014424
2012-04-23 18:00:00,239.59880939653596
2012-04-23 19:00:00,292.8939040464251
2012-04-23 20:00:00,201.48220016986264
2012-04-23 21:00:00,140.63795651692442
2012-04-23 22:00:00,106.42874105324523
2012-04-23 23:00:00,61.68603211148146
2012-04-24 00:00:00,23.22832603294687
2012-04-24 01:00:00,10.14358890931573
2012-04-24 02:00:00,5.398160158349798
2012-04-24 03:00:00,3.6237700822677383
2012-04-24 04:00:00,4.906478455265075
2012-04-24 05:00:00,22.699869339148346
2012-04-24 06:00:00,104.4722290767765
2012-04-24 07:00:00,298.23587699072135
2012-04-24 08:00:00,514.9502319292468
2012-04-24 09:00:00,281.8300563797647
2012-04-24 10:00:00,163.70719662681893
2012-04-24 11:00:00,180.7320436822228
2012-04-24 12:00:00,229.2214242624703
2012-04-24 13:00:00,244.51359082955244
2012-04-24 14:00:00,219.693660800548
2012-04-24 15:00:00,236.38191728791227
2012-04-24 16:00:00,400.6612828548865
2012-04-24 17:00:00,777.9577752413228
2012-04-24 18:00:00,830.0355260410173
2012-04-24 19:00:00,527.2903935143488
2012-04-24 20:00:00,345.7480681896182
2012-04-24 21:00:00,233.62397949872621
2012-04-24 22:00:00,174.2998211414003
2012-04-24 23:00:00,98.87272900418603
2012-04-25 00:00:00,44.03573122919549
2012-04-25 01:00:00,17.696982232987402
2012-04-25 02:00:00,6.631917770439043
2012-04-25 03:00:00,4.648394376888212
2012-04-25 04:00:00,4.69961129343547
2012-04-25 05:00:00,26.16480555540863
2012-04-25 06:00:00,122.02451783222013
2012-04-25 07:00:00,331.4270665976007
2012-04-25 08:00:00,571.0753334839172
2012-04-25 09:00:00,344.5043774047229
2012-04-25 10:00:00,225.0494919983508
2012-04-25 11:00:00,224.16999866147515
2012-04-25 12:00:00,286.84161775437
2012-04-25 13:00:00,276.20819224949054
2012-04-25 14:00:00,247.841637345774
2012-04-25 15:00:00,302.85716574224824
2012-04-25 16:00:00,418.2101574145872
2012-04-25 17:00:00,829.1525637182599
2012-04-25 18:00:00,854.9496462791388
2012-04-25 19:00:00,617.9112684918953
2012-04-25 20:00:00,434.6386665524564
2012-04-25 21:00:00,261.03085150868384
2012-04-25 22:00:00,205.391643492007
2012-04-25 23:00:00,105.90805044788615
2012-04-26 00:00:00,47.37877670412822
2012-04-26 01:00:00,19.684705310686233
2012-04-26 02:00:00,10.354051396014023
2012-04-26 03:00:00,5.936021029896411
2012-04-26 04:00:00,6.2760671751880945
2012-04-26 05:00:00,33.54314813145287
2012-04-26 06:00:00,148.6284380073179
2012-04-26 07:00:00,222.95862637130247
2012-04-26 08:00:00,378.7413529344398
2012-04-26 09:00:00,177.9544207736192
2012-04-26 10:00:00,142.8580442916288
2012-04-26 11:00:00,163.02821485619847
2012-04-26 12:00:00,229.8607594426579
2012-04-26 13:00:00,213.32406726189902
2012-04-26 14:00:00,198.52302273517765
2012-04-26 15:00:00,194.46168707542458
2012-04-26 16:00:00,305.3100756491369
2012-04-26 17:00:00,695.9505425483893
2012-04-26 18:00:00,591.899596386298
2012-04-26 19:00:00,414.10894235436984
2012-04-26 20:00:00,352.71930046581
2012-04-26 21:00:00,257.37718589221436
2012-04-26 22:00:00,198.2889599112023
2012-04-26 23:00:00,124.18449449010842
2012-04-27 00:00:00,67.2700662275047
2012-04-27 01:00:00,31.781624600981544
2012-04-27 02:00:00,15.609019358037035
2012-04-27 03:00:00,6.943296411585807
2012-04-27 04:00:00,6.5784407640628455
2012-04-27 05:00:00,30.261580414217402
2012-04-27 06:00:00,120.23952905029549
2012-04-27 07:00:00,315.56878803628547
2012-04-27 08:00:00,652.1386661038871
2012-04-27 09:00:00,320.10009379079486
2012-04-27 10:00:00,193.27865831498104
2012-04-27 11:00:00,232.23476782746067
2012-04-27 12:00:00,294.9676619825264
2012-04-27 13:00:00,290.48225479683583
2012-04-27 14:00:00,267.99396933917774
2012-04-27 15:00:00,314.61487137697833
2012-04-27 16:00:00,458.88606396079706
2012-04-27 17:00:00,754.4422191248132
2012-04-27 18:00:00,624.2333923004433
2012-04-27 19:00:00,417.17913570084767
2012-04-27 20:00:00,269.9037240357987
2012-04-27 21:00:00,208.73843892701728
2012-04-27 22:00:00,181.6849007071064
2012-04-27 23:00:00,137.98850292684006
2012-04-28 00:00:00,109.80533961176714
2012-04-28 01:00:00,77.0478855447138
2012-04-28 02:00:00,60.224871241249495
2012-04-28 03:00:00,25.0735461791404
2012-04-28 04:00:00,8.370037304926997
2012-04-28 05:00:00,8.502673200137522
2012-04-28 06:00:00,20.570763069407953
2012-04-28 07:00:00,50.40454841237614
2012-04-28 08:00:00,142.22364140117952
2012-04-28 09:00:00,210.66710306763716
2012-04-28 10:00:00,276.75268913319184
2012-04-28 11:00:00,338.5865183902716
2012-04-28 12:00:00,391.4439502600815
2012-04-28 13:00:00,424.4844338245268
2012-04-28 14:00:00,474.34398078539664
2012-04-28 15:00:00,454.0645619624344
2012-04-28 16:00:00,407.8367491539128
2012-04-28 17:00:00,363.98719077493047
2012-04-28 18:00:00,186.7348502970858
2012-04-28 19:00:00,135.71821826640888
2012-04-28 20:00:00,190.72711855859743
2012-04-28 21:00:00,86.83465915435437
2012-04-28 22:00:00,130.49015290553638
2012-04-28 23:00:00,121.50199521435684
2012-04-29 00:00:00,56.49443809359111
2012-04-29 01:00:00,78.28683121844205
2012-04-29 02:00:00,60.811081688520254
2012-04-29 03:00:00,29.23581841219175
2012-04-29 04:00:00,8.438923108007806
2012-04-29 05:00:00,8.68120137203599
2012-04-29 06:00:00,12.179584564033442
2012-04-29 07:00:00,30.25913707911684
2012-04-29 08:00:00,90.19957070465973
2012-04-29 09:00:00,175.66829432128227
2012-04-29 10:00:00,305.09242403265773
2012-04-29 11:00:00,428.793157406548
2012-04-29 12:00:00,519.534850262046
2012-04-29 13:00:00,530.9860403988915
2012-04-29 14:00:00,579.4901738621672
2012-04-29 15:00:00,561.5625003645787
2012-04-29 16:00:00,602.1605320526577
2012-04-29 17:00:00,540.0998844351275
2012-04-29 18:00:00,437.84509579339357
2012-04-29 19:00:00,330.7040750645232
2012-04-29 20:00:00,268.819006490815
2012-04-29 21:00:00,184.11229281065042
2012-04-29 22:00:00,148.07835111324306
2012-04-29 23:00:00,89.45129966491382
2012-04-30 00:00:00,39.956804301455875
2012-04-30 01:00:00,17.037947155411366
2012-04-30 02:00:00,10.007805460008012
2012-04-30 03:00:00,5.183633180108031
2012-04-30 04:00:00,6.236069120980235
2012-04-30 05:00:00,22.06514204193804
2012-04-30 06:00:00,102.69282984476963
2012-04-30 07:00:00,288.99590952282074
2012-04-30 08:00:00,505.70903816702315
2012-04-30 09:00:00,259.81055123695086
2012-04-30 10:00:00,159.12636936142636
2012-04-30 11:00:00,190.98356993755112
2012-04-30 12:00:00,238.25160484869994
2012-04-30 13:00:00,245.02275445592284
2012-04-30 14:00:00,226.11564297603906
2012-04-30 15:00:00,254.48155544916162
2012-04-30 16:00:00,402.3537991644918
2012-04-30 17:00:00,718.806315561116
2012-04-30 18:00:00,621.5287581657382
2012-04-30 19:00:00,431.37107695993654
2012-04-30 20:00:00,304.89485159829627
2012-04-30 21:00:00,218.41119262735896
2012-04-30 22:00:00,151.6194456093612
2012-04-30 23:00:00,85.37067836242035
2012-05-20 00:00:00,162.1130309129891
2012-05-20 01:00:00,138.2577969946504
2012-05-20 02:00:00,107.44530484397812
2012-05-20 03:00:00,49.52061232254149
2012-05-20 04:00:00,13.090718677097168
2012-05-20 05:00:00,11.650889255565556
2012-05-20 06:00:00,17.363538644775502
2012-05-20 07:00:00,47.1771254069503
2012-05-20 08:00:00,129.3662874670243
2012-05-20 09:00:00,273.780961958132
2012-05-20 10:00:00,450.8351815801755
2012-05-20 11:00:00,536.8674949956036
2012-05-20 12:00:00,640.7555482978844
2012-05-20 13:00:00,641.4603303672875
2012-05-20 14:00:00,582.9685677061127
2012-05-20 15:00:00,521.8983894811419
2012-05-20 16:00:00,574.7385359883633
2012-05-20 17:00:00,516.1978848456893
2012-05-20 18:00:00,413.4949209000504
2012-05-20 19:00:00,299.8836141490176
2012-05-20 20:00:00,237.75864583253403
2012-05-20 21:00:00,179.8175865262931
2012-05-20 22:00:00,140.9061016766442
2012-05-20 23:00:00,48.78688598187086
2012-05-21 00:00:00,24.237236561470446
2012-05-21 01:00:00,10.599196310233902
2012-05-21 02:00:00,6.192267972627118
2012-05-21 03:00:00,5.632476192709836
2012-05-21 04:00:00,4.3010394066598385
2012-05-21 05:00:00,15.218408198304997
2012-05-21 06:00:00,64.5853756468917
2012-05-21 07:00:00,182.87457034578858
2012-05-21 08:00:00,320.06052266198304
2012-05-21 09:00:00,182.0587893143399
2012-05-21 10:00:00,105.13602182660372
2012-05-21 11:00:00,211.18891675253863
2012-05-21 12:00:00,260.2935568359948
2012-05-21 13:00:00,149.6976017907162
2012-05-21 14:00:00,139.370671283348
2012-05-21 15:00:00,263.4412936344733
2012-05-21 16:00:00,367.7136937022205
2012-05-21 17:00:00,666.854540373421
2012-05-21 18:00:00,723.7669155766145
2012-05-21 19:00:00,544.0801784993663
2012-05-21 20:00:00,374.0737260282961
2012-05-21 21:00:00,268.6533607138332
2012-05-21 22:00:00,159.7723641330713
2012-05-21 23:00:00,96.76200934427331
2012-05-22 00:00:00,37.23444106861025
2012-05-22 01:00:00,15.514154558645854
2012-05-22 02:00:00,7.750318105253851
2012-05-22 03:00:00,5.2533353457943
2012-05-22 04:00:00,6.839104875992684
2012-05-22 05:00:00,19.063151370598668
2012-05-22 06:00:00,91.18995677698564
2012-05-22 07:00:00,253.14091058902912
2012-05-22 08:00:00,670.1855060603267
2012-05-22 09:00:00,345.52087413160564
2012-05-22 10:00:00,192.99083980961674
2012-05-22 11:00:00,199.14911889862495
2012-05-22 12:00:00,236.06743031554913
2012-05-22 13:00:00,258.04632747583565
2012-05-22 14:00:00,221.51319504836476
2012-05-22 15:00:00,281.24585378545476
2012-05-22 16:00:00,441.2129522798239
2012-05-22 17:00:00,931.617340565242
2012-05-22 18:00:00,837.7441615536536
2012-05-22 19:00:00,539.1833193765743
2012-05-22 20:00:00,368.32092423246064
2012-05-22 21:00:00,277.44738492840554
2012-05-22 22:00:00,203.86255209798495
2012-05-22 23:00:00,120.60109032377727
2012-05-23 00:00:00,48.444960676665055
2012-05-23 01:00:00,19.62446521988694
2012-05-23 02:00:00,7.975198327708018
2012-05-23 03:00:00,7.229933047284706
2012-05-23 04:00:00,3.6209018893442355
2012-05-23 05:00:00,18.497937000719453
2012-05-23 06:00:00,163.20088760097389
2012-05-23 07:00:00,479.71520874779844
2012-05-23 08:00:00,823.0199536570177
2012-05-23 09:00:00,391.05421436104103
2012-05-23 10:00:00,211.38277686925386
2012-05-23 11:00:00,232.13076159154463
2012-05-23 12:00:00,269.60824995338436
2012-05-23 13:00:00,233.56649279408535
2012-05-23 14:00:00,249.66564327879945
2012-05-23 15:00:00,266.4654584594772
2012-05-23 16:00:00,223.7287126071856
2012-05-23 17:00:00,416.7391037191233
2012-05-23 18:00:00,427.6387028312441
2012-05-23 19:00:00,452.0820231679045
2012-05-23 20:00:00,336.73773594224883
2012-05-23 21:00:00,249.24957924076278
2012-05-23 22:00:00,183.73790953302307
2012-05-23 23:00:00,116.85684505629982
2012-05-24 00:00:00,55.2606347376778
2012-05-24 01:00:00,22.238537156286274
2012-05-24 02:00:00,12.336658139578903
2012-05-24 03:00:00,6.2054180027206876
2012-05-24 04:00:00,6.50716835274096
2012-05-24 05:00:00,35.67833264541372
2012-05-24 06:00:00,164.3150917148516
2012-05-24 07:00:00,520.5241447442056
2012-05-24 08:00:00,876.2096780169184
2012-05-24 09:00:00,410.1462631949611
2012-05-24 10:00:00,214.85306231934428
2012-05-24 11:00:00,252.09883039044004
2012-05-24 12:00:00,320.45016953203685
2012-05-24 13:00:00,306.9409428006632
2012-05-24 14:00:00,259.6791325962607
2012-05-24 15:00:00,275.5119864807531
2012-05-24 16:00:00,404.2822221291877
2012-05-24 17:00:00,806.4801343343782
2012-05-24 18:00:00,758.9723154424798
2012-05-24 19:00:00,525.4702835425766
2012-05-24 20:00:00,355.83400771020376
2012-05-24 21:00:00,165.80739862587163
2012-05-24 22:00:00,209.99248018146275
2012-05-24 23:00:00,136.0356466572036
2012-05-25 00:00:00,78.86871339773244
2012-05-25 01:00:00,37.79936098123489
2012-05-25 02:00:00,17.88014487931106
2012-05-25 03:00:00,8.095061842708853
2012-05-25 04:00:00,7.61339034761516
2012-05-25 05:00:00,35.191685921690706
2012-05-25 06:00:00,140.3698375046886
2012-05-25 07:00:00,386.9421846419926
2012-05-25 08:00:00,714.4766950618474
2012-05-25 09:00:00,384.824444277264
2012-05-25 10:00:00,244.35052225039954
2012-05-25 11:00:00,287.9938755559989
2012-05-25 12:00:00,374.77977261844956
2012-05-25 13:00:00,369.7588963071865
2012-05-25 14:00:00,341.54372966502586
2012-05-25 15:00:00,350.40120890599957
2012-05-25 16:00:00,484.4900316695287
2012-05-25 17:00:00,748.7923251944891
2012-05-25 18:00:00,657.3840848503031
2012-05-25 19:00:00,462.38608719647056
2012-05-25 20:00:00,327.54760317500904
2012-05-25 21:00:00,269.9222838412871
2012-05-25 22:00:00,236.94347200768496
2012-05-25 23:00:00,178.7872685611869
2012-05-26 00:00:00,144.4133683476242
2012-05-26 01:00:00,113.26027557436137
2012-05-26 02:00:00,81.67694355371792
2012-05-26 03:00:00,36.857078623296516
2012-05-26 04:00:00,11.952491926000633
2012-05-26 05:00:00,11.752423771876503
2012-05-26 06:00:00,29.092479729759418
2012-05-26 07:00:00,65.00747128515836
2012-05-26 08:00:00,189.9736817173808
2012-05-26 09:00:00,282.1623800782297
2012-05-26 10:00:00,398.9114333816341
2012-05-26 11:00:00,493.45998945698216
2012-05-26 12:00:00,561.2053439272421
2012-05-26 13:00:00,570.4444206988828
2012-05-26 14:00:00,570.1166458424906
2012-05-26 15:00:00,560.117387034936
2012-05-26 16:00:00,544.6453928199718
2012-05-26 17:00:00,465.1881795199899
2012-05-26 18:00:00,413.60834348366274
2012-05-26 19:00:00,334.5213193691216
2012-05-26 20:00:00,278.08073468925727
2012-05-26 21:00:00,227.2019686524732
2012-05-26 22:00:00,207.97992906875427
2012-05-26 23:00:00,184.8679813878386
2012-05-27 00:00:00,144.91179886896106
2012-05-27 01:00:00,128.10002619531133
2012-05-27 02:00:00,99.29000229455733
2012-05-27 03:00:00,50.09559456235724
2012-05-27 04:00:00,13.341091154981232
2012-05-27 05:00:00,12.457907662062354
2012-05-27 06:00:00,18.431156158250765
2012-05-27 07:00:00,49.20825119865637
2012-05-27 08:00:00,123.7503277701439
2012-05-27 09:00:00,228.25184265398283
2012-05-27 10:00:00,384.4762722900013
2012-05-27 11:00:00,485.32258570609036
2012-05-27 12:00:00,562.1704959612009
2012-05-27 13:00:00,580.5119922798496
2012-05-27 14:00:00,540.8587074759896
2012-05-27 15:00:00,537.0361731729439
2012-05-27 16:00:00,537.3695687585392
2012-05-27 17:00:00,490.83963828926335
2012-05-27 18:00:00,392.3773057757679
2012-05-27 19:00:00,319.35653945511126
2012-05-27 20:00:00,263.52747904502513
2012-05-27 21:00:00,99.5649015973313
2012-05-27 22:00:00,83.48498950491675
2012-05-27 23:00:00,52.13516303560486
2012-05-28 00:00:00,46.98261643698397
2012-05-28 01:00:00,19.027091444861302
2012-05-28 02:00:00,12.155010854131353
2012-05-28 03:00:00,7.187961048612225
2012-05-28 04:00:00,8.80297528473562
2012-05-28 05:00:00,31.147650271527038
2012-05-28 06:00:00,135.49145008754343
2012-05-28 07:00:00,383.30361885179514
2012-05-28 08:00:00,723.3420207560445
2012-05-28 09:00:00,424.2002366905665
2012-05-28 10:00:00,244.9700619419212
2012-05-28 11:00:00,258.44476690896636
2012-05-28 12:00:00,325.8974292137047
2012-05-28 13:00:00,278.0020572740522
2012-05-28 14:00:00,253.87337345928182
2012-05-28 15:00:00,274.2133356878035
2012-05-28 16:00:00,386.4570217426909
2012-05-28 17:00:00,690.4290079212517
2012-05-28 18:00:00,677.8975985171239
2012-05-28 19:00:00,506.1567534983792
2012-05-28 20:00:00,351.47562762395546
2012-05-28 21:00:00,253.04246275217983
2012-05-28 22:00:00,177.841535491654
2012-05-28 23:00:00,101.26163140744451
2012-05-29 00:00:00,40.336103738130156
2012-05-29 01:00:00,17.731243910063778
2012-05-29 02:00:00,8.809106829891759
2012-05-29 03:00:00,5.794780319066482
2012-05-29 04:00:00,8.16575362147774
2012-05-29 05:00:00,37.778936961256434
2012-05-29 06:00:00,175.56096696715358
2012-05-29 07:00:00,487.35260562347224
2012-05-29 08:00:00,814.5720736368195
2012-05-29 09:00:00,391.2135590514785
2012-05-29 10:00:00,207.7981652555497
2012-05-29 11:00:00,213.6496399152005
2012-05-29 12:00:00,253.46744611982157
2012-05-29 13:00:00,250.85797282664478
2012-05-29 14:00:00,220.60970819281118
2012-05-29 15:00:00,244.82514875066818
2012-05-29 16:00:00,373.16031527563155
2012-05-29 17:00:00,770.7503872352538
2012-05-29 18:00:00,738.1701935202501
2012-05-29 19:00:00,536.234608241008
2012-05-29 20:00:00,199.85106138966142
2012-05-29 21:00:00,131.92205365902
2012-05-29 22:00:00,174.97425299641276
2012-05-29 23:00:00,63.57222908607637
2012-05-30 00:00:00,26.17076279924545
2012-05-30 01:00:00,10.752786367476002
2012-05-30 02:00:00,4.817237271729704
2012-05-30 03:00:00,3.8693258568095756
2012-05-30 04:00:00,6.1288205912387745
2012-05-30 05:00:00,34.514005135575125
2012-05-30 06:00:00,160.23772256806535
2012-05-30 07:00:00,259.1345574548018
2012-05-30 08:00:00,752.3018771491953
2012-05-30 09:00:00,380.8704913079464
2012-05-30 10:00:00,187.7470668062222
2012-05-30 11:00:00,207.39329875265358
2012-05-30 12:00:00,327.55354870247953
2012-05-30 13:00:00,301.44844986440205
2012-05-30 14:00:00,278.03878925818634
2012-05-30 15:00:00,292.5509116190253
2012-05-30 16:00:00,411.662222872565
2012-05-30 17:00:00,834.0143978348195
2012-05-30 18:00:00,835.4213203337506
2012-05-30 19:00:00,573.7784828955685
2012-05-30 20:00:00,332.78403508280684
2012-05-30 21:00:00,302.3067520321037
2012-05-30 22:00:00,221.6833387859843
2012-05-30 23:00:00,131.32709694136045
2012-05-31 00:00:00,59.10582369099334
2012-05-31 01:00:00,24.602687173364266
2012-05-31 02:00:00,13.484070337850651
2012-05-31 03:00:00,7.474940816548456
2012-05-31 04:00:00,8.226295327496791
2012-05-31 05:00:00,41.55026958464967
2012-05-31 06:00:00,187.27187669417867
2012-05-31 07:00:00,528.6033491813441
2012-05-31 08:00:00,899.3212430231395
2012-05-31 09:00:00,454.9876799970793
2012-05-31 10:00:00,226.7211752462296
2012-05-31 11:00:00,275.32976343235805
2012-05-31 12:00:00,343.9142444621406
2012-05-31 13:00:00,338.66532915837337
2012-05-31 14:00:00,293.57811984259433
2012-05-31 15:00:00,300.82925007488245
2012-05-31 16:00:00,458.81648854248266
2012-05-31 17:00:00,938.5434642091112
2012-05-31 18:00:00,888.7107123732321
2012-05-31 19:00:00,624.2177110731412
2012-05-31 20:00:00,456.345151576021
2012-05-31 21:00:00,352.06248299031733
2012-05-31 22:00:00,257.07787983138826
2012-05-31 23:00:00,162.05513755109953
2012-06-20 00:00:00,48.01428862958141
2012-06-20 01:00:00,20.371114455966357
2012-06-20 02:00:00,8.992202319717444
2012-06-20 03:00:00,7.221933334151187
2012-06-20 04:00:00,7.059984443774922
2012-06-20 05:00:00,38.18310001504621
2012-06-20 06:00:00,157.5049490955349
2012-06-20 07:00:00,445.53607327401744
2012-06-20 08:00:00,770.9989765765625
2012-06-20 09:00:00,401.7701873695252
2012-06-20 10:00:00,216.09192621541388
2012-06-20 11:00:00,214.72053822645574
2012-06-20 12:00:00,268.5213734423363
2012-06-20 13:00:00,253.03831224490727
2012-06-20 14:00:00,222.92451794330134
2012-06-20 15:00:00,253.16859318842145
2012-06-20 16:00:00,347.7512050434116
2012-06-20 17:00:00,697.0676153057587
2012-06-20 18:00:00,715.2990639340961
2012-06-20 19:00:00,489.723935581146
2012-06-20 20:00:00,373.12817452709913
2012-06-20 21:00:00,283.7856954432542
2012-06-20 22:00:00,225.16517300685834
2012-06-20 23:00:00,128.97238054812917
2012-06-21 00:00:00,62.47595256980092
2012-06-21 01:00:00,24.447368298403106
2012-06-21 02:00:00,13.302154116229309
2012-06-21 03:00:00,8.047087388570414
2012-06-21 04:00:00,8.025602639231632
2012-06-21 05:00:00,43.792205878795265
2012-06-21 06:00:00,184.81034183509627
2012-06-21 07:00:00,513.6692767437864
2012-06-21 08:00:00,980.5481803120763
2012-06-21 09:00:00,442.36440993816245
2012-06-21 10:00:00,218.0479984024976
2012-06-21 11:00:00,252.5263618652345
2012-06-21 12:00:00,280.6768528535582
2012-06-21 13:00:00,287.34789457029296
2012-06-21 14:00:00,248.96414206092453
2012-06-21 15:00:00,242.69086460944487
2012-06-21 16:00:00,391.25367930716
2012-06-21 17:00:00,831.2845397952309
2012-06-21 18:00:00,753.5534158819066
2012-06-21 19:00:00,507.8049616010671
2012-06-21 20:00:00,401.93814116053204
2012-06-21 21:00:00,320.7827920179252
2012-06-21 22:00:00,237.4033510667799
2012-06-21 23:00:00,162.72622895739215
2012-06-22 00:00:00,79.64457168541166
2012-06-22 01:00:00,39.407107838866295
2012-06-22 02:00:00,20.888382474620116
2012-06-22 03:00:00,9.981847355172073
2012-06-22 04:00:00,8.703214692892447
2012-06-22 05:00:00,40.89488649413257
2012-06-22 06:00:00,168.72685133881626
2012-06-22 07:00:00,513.7255407815348
2012-06-22 08:00:00,936.412185920831
2012-06-22 09:00:00,486.8798155771228
2012-06-22 10:00:00,255.904066404926
2012-06-22 11:00:00,323.513737816704
2012-06-22 12:00:00,372.549468985737
2012-06-22 13:00:00,345.6828734512541
2012-06-22 14:00:00,312.8209803228848
2012-06-22 15:00:00,314.9333247100999
2012-06-22 16:00:00,455.92296961270085
2012-06-22 17:00:00,793.8919132710803
2012-06-22 18:00:00,627.0596419982105
2012-06-22 19:00:00,416.91366597328624
2012-06-22 20:00:00,286.6436375255127
2012-06-22 21:00:00,150.70114578791805
2012-06-22 22:00:00,254.08068875666922
2012-06-22 23:00:00,188.3233785217813
2012-06-23 00:00:00,160.75862122138028
2012-06-23 01:00:00,122.85848801209085
2012-06-23 02:00:00,79.09994877948174
2012-06-23 03:00:00,36.72134902858187
2012-06-23 04:00:00,11.737135313068586
2012-06-23 05:00:00,11.64243232920273
2012-06-23 06:00:00,32.71819489465316
2012-06-23 07:00:00,77.50705572366019
2012-06-23 08:00:00,204.61124893860338
2012-06-23 09:00:00,328.2691518965247
2012-06-23 10:00:00,469.2257915373333
2012-06-23 11:00:00,570.4966613045257
2012-06-23 12:00:00,637.5424928719174
2012-06-23 13:00:00,667.2200037339421
2012-06-23 14:00:00,698.8047959848615
2012-06-23 15:00:00,638.6406175523742
2012-06-23 16:00:00,612.296010885819
2012-06-23 17:00:00,591.9581935975281
2012-06-23 18:00:00,498.9451157920725
2012-06-23 19:00:00,456.3154545868829
2012-06-23 20:00:00,354.75400211050516
2012-06-23 21:00:00,304.76446071943366
2012-06-23 22:00:00,273.1472236762931
2012-06-23 23:00:00,243.97491561687573
2012-06-24 00:00:00,192.48135793833288
2012-06-24 01:00:00,141.50215706586954
2012-06-24 02:00:00,114.7685201746402
2012-06-24 03:00:00,51.53423756216914
2012-06-24 04:00:00,15.019945479123585
2012-06-24 05:00:00,14.187371001330456
2012-06-24 06:00:00,21.189807844327238
2012-06-24 07:00:00,57.86820322831273
2012-06-24 08:00:00,157.0314402493505
2012-06-24 09:00:00,299.8957946168601
2012-06-24 10:00:00,507.2143421773815
2012-06-24 11:00:00,589.1128487466987
2012-06-24 12:00:00,675.8917045042625
2012-06-24 13:00:00,654.2197934396281
2012-06-24 14:00:00,591.0336393692494
2012-06-24 15:00:00,582.6222068553822
2012-06-24 16:00:00,594.2604324385279
2012-06-24 17:00:00,530.0783950768798
2012-06-24 18:00:00,446.27705672375976
2012-06-24 19:00:00,348.15855360622305
2012-06-24 20:00:00,274.2827911934809
2012-06-24 21:00:00,210.30688973279177
2012-06-24 22:00:00,175.30330622685506
2012-06-24 23:00:00,112.5896160412207
2012-06-25 00:00:00,54.644839268197885
2012-06-25 01:00:00,24.37120215782474
2012-06-25 02:00:00,13.993335001380347
2012-06-25 03:00:00,7.665519505705222
2012-06-25 04:00:00,9.217672016286057
2012-06-25 05:00:00,34.1697107135079
2012-06-25 06:00:00,141.6105638919294
2012-06-25 07:00:00,402.7522609102899
2012-06-25 08:00:00,717.1105981047059
2012-06-25 09:00:00,412.60400011125694
2012-06-25 10:00:00,245.580184539403
2012-06-25 11:00:00,270.1060709391543
2012-06-25 12:00:00,325.5949192301511
2012-06-25 13:00:00,334.2077436358456
2012-06-25 14:00:00,310.45863404369413
2012-06-25 15:00:00,321.4008790662063
2012-06-25 16:00:00,476.39094562767195
2012-06-25 17:00:00,856.1402190021853
2012-06-25 18:00:00,847.6708683386947
2012-06-25 19:00:00,621.52387590432
2012-06-25 20:00:00,434.23881645282455
2012-06-25 21:00:00,321.2116974237716
2012-06-25 22:00:00,212.63799068447753
2012-06-25 23:00:00,120.535924334498
2012-06-26 00:00:00,48.392715839711805
2012-06-26 01:00:00,20.24863914769341
2012-06-26 02:00:00,9.542694092477253
2012-06-26 03:00:00,6.232160831259978
2012-06-26 04:00:00,8.548114972129172
2012-06-26 05:00:00,36.82276595913706
2012-06-26 06:00:00,173.9549371176112
2012-06-26 07:00:00,473.6577880346013
2012-06-26 08:00:00,835.0240078207584
2012-06-26 09:00:00,407.1632443327004
2012-06-26 10:00:00,241.22415333868233
2012-06-26 11:00:00,246.3938958215489
2012-06-26 12:00:00,301.7263678235145
2012-06-26 13:00:00,318.0786361222612
2012-06-26 14:00:00,282.4345939147407
2012-06-26 15:00:00,308.3034131529432
2012-06-26 16:00:00,486.17866773217554
2012-06-26 17:00:00,976.9895280110692
2012-06-26 18:00:00,963.865606890238
2012-06-26 19:00:00,694.1938615751261
2012-06-26 20:00:00,476.24627184573063
2012-06-26 21:00:00,357.9091441541977
2012-06-26 22:00:00,246.76218894955892
2012-06-26 23:00:00,143.49137184865242
2012-06-27 00:00:00,58.250269523501196
2012-06-27 01:00:00,24.174142860603112
2012-06-27 02:00:00,10.116228219618563
2012-06-27 03:00:00,8.474879924478055
2012-06-27 04:00:00,8.114159327601508
2012-06-27 05:00:00,42.96166466943821
2012-06-27 06:00:00,193.43955394344346
2012-06-27 07:00:00,535.2244548594217
2012-06-27 08:00:00,946.3494913603436
2012-06-27 09:00:00,482.31752452293046
2012-06-27 10:00:00,261.19280528653906
2012-06-27 11:00:00,271.53735165433693
2012-06-27 12:00:00,349.11154729223523
2012-06-27 13:00:00,305.76682272129517
2012-06-27 14:00:00,284.6587319822486
2012-06-27 15:00:00,299.3299989219375
2012-06-27 16:00:00,420.792312186155
2012-06-27 17:00:00,842.3534244309108
2012-06-27 18:00:00,889.9118613002781
2012-06-27 19:00:00,631.1484459852751
2012-06-27 20:00:00,481.6173261400116
2012-06-27 21:00:00,349.3867997504032
2012-06-27 22:00:00,271.6032874533046
2012-06-27 23:00:00,149.71872153438585
2012-06-28 00:00:00,69.02749975947823
2012-06-28 01:00:00,28.78231398873004
2012-06-28 02:00:00,15.335252036647493
2012-06-28 03:00:00,8.749489083042885
2012-06-28 04:00:00,8.670849202150853
2012-06-28 05:00:00,48.549849013849574
2012-06-28 06:00:00,223.59433028264996
2012-06-28 07:00:00,608.5613468442721
2012-06-28 08:00:00,1042.3255533826218
2012-06-28 09:00:00,482.96987063233416
2012-06-28 10:00:00,241.6710736796693
2012-06-28 11:00:00,292.50153877751154
2012-06-28 12:00:00,333.7548849294219
2012-06-28 13:00:00,314.17337621443903
2012-06-28 14:00:00,267.2947741627538
2012-06-28 15:00:00,286.33905814850726
2012-06-28 16:00:00,438.4946037257477
2012-06-28 17:00:00,859.3518093703816
2012-06-28 18:00:00,824.3451809987915
2012-06-28 19:00:00,574.2531298814971
2012-06-28 20:00:00,462.0043983760402
2012-06-28 21:00:00,341.02185972562495
2012-06-28 22:00:00,264.3798754177423
2012-06-28 23:00:00,180.71729430228288
2012-06-29 00:00:00,98.50351424841499
2012-06-29 01:00:00,45.380411143907395
2012-06-29 02:00:00,22.056962379484126
2012-06-29 03:00:00,10.540271936244679
2012-06-29 04:00:00,9.399051613521403
2012-06-29 05:00:00,46.47308097507988
2012-06-29 06:00:00,166.61125278828615
2012-06-29 07:00:00,523.4656826133617
2012-06-29 08:00:00,874.7387367354529
2012-06-29 09:00:00,504.3448504643669
2012-06-29 10:00:00,226.38132323822742
2012-06-29 11:00:00,237.4077351467891
2012-06-29 12:00:00,278.1740684298289
2012-06-29 13:00:00,289.25574155922243
2012-06-29 14:00:00,242.58070227827193
2012-06-29 15:00:00,282.8403362300535
2012-06-29 16:00:00,381.87158771634233
2012-06-29 17:00:00,542.6217478836235
2012-06-29 18:00:00,549.8720049032268
2012-06-29 19:00:00,406.4578286244323
2012-06-29 20:00:00,265.3436217484717
2012-06-29 21:00:00,223.69141785399233
2012-06-29 22:00:00,126.69874974775391
2012-06-29 23:00:00,101.13212705815377
2012-06-30 00:00:00,82.45069654870177
2012-06-30 01:00:00,62.81688741835111
2012-06-30 02:00:00,82.11619774462963
2012-06-30 03:00:00,36.85562967675883
2012-06-30 04:00:00,11.728897941174637
2012-06-30 05:00:00,12.56794495379957
2012-06-30 06:00:00,31.13907212746458
2012-06-30 07:00:00,75.56806742095698
2012-06-30 08:00:00,189.59142232215777
2012-06-30 09:00:00,293.21140788791973
2012-06-30 10:00:00,428.80319259101736
2012-06-30 11:00:00,514.5746857481813
2012-06-30 12:00:00,578.3600229510181
2012-06-30 13:00:00,591.8564877434278
2012-06-30 14:00:00,597.2656306463194
2012-06-30 15:00:00,598.2328563360943
2012-06-30 16:00:00,543.4548516167628
2012-06-30 17:00:00,524.2100137324289
2012-06-30 18:00:00,459.2973055625105
2012-06-30 19:00:00,379.9477625017668
2012-06-30 20:00:00,301.3420922361445
2012-06-30 21:00:00,252.61398616220828
2012-06-30 22:00:00,227.09462328178992
2012-06-30 23:00:00,206.78920759780416
2012-07-20 00:00:00,46.305641648266736
2012-07-20 01:00:00,38.865272685336734
2012-07-20 02:00:00,18.119248426525175
2012-07-20 03:00:00,8.616937716074828
2012-07-20 04:00:00,7.684966955436585
2012-07-20 05:00:00,36.92264793500581
2012-07-20 06:00:00,146.56125501272274
2012-07-20 07:00:00,407.93614213199777
2012-07-20 08:00:00,763.3421597651482
2012-07-20 09:00:00,425.57950610561664
2012-07-20 10:00:00,234.4816741100565
2012-07-20 11:00:00,167.66853599398547
2012-07-20 12:00:00,200.42786034783725
2012-07-20 13:00:00,201.61154222879
2012-07-20 14:00:00,177.41713711283674
2012-07-20 15:00:00,302.85000440052266
2012-07-20 16:00:00,408.46353217930294
2012-07-20 17:00:00,629.1599519771594
2012-07-20 18:00:00,579.7526811754097
2012-07-20 19:00:00,404.0804137849032
2012-07-20 20:00:00,163.38461314899587
2012-07-20 21:00:00,134.6773235973341
2012-07-20 22:00:00,209.88649162826033
2012-07-20 23:00:00,162.74706624608348
2012-07-21 00:00:00,80.60366220408768
2012-07-21 01:00:00,103.91933074420376
2012-07-21 02:00:00,44.824337590871224
2012-07-21 03:00:00,20.313726972760815
2012-07-21 04:00:00,6.483105265545042
2012-07-21 05:00:00,6.556198422849911
2012-07-21 06:00:00,16.24401891650335
2012-07-21 07:00:00,64.80335420719364
2012-07-21 08:00:00,165.6022232391334
2012-07-21 09:00:00,261.1053354990605
2012-07-21 10:00:00,213.09049592895533
2012-07-21 11:00:00,435.44948703138857
2012-07-21 12:00:00,300.60967858838586
2012-07-21 13:00:00,313.6234373256307
2012-07-21 14:00:00,495.7639954513971
2012-07-21 15:00:00,302.06914769878273
2012-07-21 16:00:00,285.4393695382393
2012-07-21 17:00:00,265.52022467530645
2012-07-21 18:00:00,369.6903250681107
2012-07-21 19:00:00,323.0119612757348
2012-07-21 20:00:00,152.89455552377407
2012-07-21 21:00:00,210.6982672289388
2012-07-21 22:00:00,192.60796800059245
2012-07-21 23:00:00,177.0907974673641
2012-07-22 00:00:00,139.4090634961855
2012-07-22 01:00:00,115.26972990791832
2012-07-22 02:00:00,91.32727306427302
2012-07-22 03:00:00,45.196738899917
2012-07-22 04:00:00,14.51475580588156
2012-07-22 05:00:00,13.553875426414503
2012-07-22 06:00:00,18.175841554525643
2012-07-22 07:00:00,50.973389991892184
2012-07-22 08:00:00,129.5484497281354
2012-07-22 09:00:00,251.2507359096679
2012-07-22 10:00:00,400.78773061898954
2012-07-22 11:00:00,486.1715445779416
2012-07-22 12:00:00,566.5652445708059
2012-07-22 13:00:00,575.3433988440074
2012-07-22 14:00:00,590.1629549794706
2012-07-22 15:00:00,584.4844541865978
2012-07-22 16:00:00,578.4849807395768
2012-07-22 17:00:00,502.4844207457795
2012-07-22 18:00:00,421.45213188449264
2012-07-22 19:00:00,328.69592961984137
2012-07-22 20:00:00,257.3366057470301
2012-07-22 21:00:00,200.3168545778445
2012-07-22 22:00:00,157.54103192322376
2012-07-22 23:00:00,101.62171609272761
2012-07-23 00:00:00,51.18734750473718
2012-07-23 01:00:00,22.063400210715276
2012-07-23 02:00:00,11.971113440877863
2012-07-23 03:00:00,6.581020317842337
2012-07-23 04:00:00,8.142516034064117
2012-07-23 05:00:00,28.81074109103869
2012-07-23 06:00:00,126.77703865701143
2012-07-23 07:00:00,395.3790368593569
2012-07-23 08:00:00,699.556643130902
2012-07-23 09:00:00,360.375791410886
2012-07-23 10:00:00,222.72954373614164
2012-07-23 11:00:00,246.82788814514498
2012-07-23 12:00:00,313.1559050683902
2012-07-23 13:00:00,301.8358255222598
2012-07-23 14:00:00,266.92134276089047
2012-07-23 15:00:00,311.0956054745313
2012-07-23 16:00:00,444.67016791993126
2012-07-23 17:00:00,786.7832298481692
2012-07-23 18:00:00,795.3698045490285
2012-07-23 19:00:00,551.4013620489784
2012-07-23 20:00:00,395.8821949098025
2012-07-23 21:00:00,280.8691830096269
2012-07-23 22:00:00,193.71527697827048
2012-07-23 23:00:00,111.20709934232858
2012-07-24 00:00:00,44.455883668644375
2012-07-24 01:00:00,18.957866131410093
2012-07-24 02:00:00,9.20191753740487
2012-07-24 03:00:00,6.237261231324662
2012-07-24 04:00:00,8.80642657935823
2012-07-24 05:00:00,40.547103999826
2012-07-24 06:00:00,186.6170818349421
2012-07-24 07:00:00,533.9076868595848
2012-07-24 08:00:00,860.6737782247721
2012-07-24 09:00:00,424.38699669613305
2012-07-24 10:00:00,214.56023072817268
2012-07-24 11:00:00,190.2077663307097
2012-07-24 12:00:00,242.9064411279802
2012-07-24 13:00:00,237.77765166344906
2012-07-24 14:00:00,216.28936562663247
2012-07-24 15:00:00,266.03707134045356
2012-07-24 16:00:00,418.2912273694245
2012-07-24 17:00:00,834.7942075640839
2012-07-24 18:00:00,801.492393425399
2012-07-24 19:00:00,582.8602219392942
2012-07-24 20:00:00,410.0605862602331
2012-07-24 21:00:00,300.79487192730755
2012-07-24 22:00:00,211.43897726434463
2012-07-24 23:00:00,127.82527145634988
2012-07-25 00:00:00,53.92593151936339
2012-07-25 01:00:00,23.692821809501257
2012-07-25 02:00:00,10.307069268537928
2012-07-25 03:00:00,8.016578833981475
2012-07-25 04:00:00,7.659060760874876
2012-07-25 05:00:00,42.23090230714011
2012-07-25 06:00:00,195.0622689197412
2012-07-25 07:00:00,550.6415584955188
2012-07-25 08:00:00,1014.4166091203889
2012-07-25 09:00:00,507.08101084229133
2012-07-25 10:00:00,281.7933901325079
2012-07-25 11:00:00,294.2764352856981
2012-07-25 12:00:00,376.4234615532491
2012-07-25 13:00:00,322.1636932111505
2012-07-25 14:00:00,297.48351336273106
2012-07-25 15:00:00,335.5226115843625
2012-07-25 16:00:00,460.5076202628649
2012-07-25 17:00:00,942.7959002641632
2012-07-25 18:00:00,947.5815541972221
2012-07-25 19:00:00,668.1645408033164
2012-07-25 20:00:00,469.044618000587
2012-07-25 21:00:00,334.2947818403639
2012-07-25 22:00:00,244.73081865444766
2012-07-25 23:00:00,135.61091147607684
2012-07-26 00:00:00,62.77113134365176
2012-07-26 01:00:00,25.50536147448304
2012-07-26 02:00:00,13.375124281626015
2012-07-26 03:00:00,7.705064516395336
2012-07-26 04:00:00,8.13622053158813
2012-07-26 05:00:00,44.61030772012696
2012-07-26 06:00:00,198.0024464307703
2012-07-26 07:00:00,560.2287002340067
2012-07-26 08:00:00,822.958870206395
2012-07-26 09:00:00,409.41214409020176
2012-07-26 10:00:00,213.80641397651115
2012-07-26 11:00:00,237.52110509430554
2012-07-26 12:00:00,281.1886880039509
2012-07-26 13:00:00,259.29595609805386
2012-07-26 14:00:00,213.93496569495727
2012-07-26 15:00:00,218.656412992941
2012-07-26 16:00:00,308.06527407704976
2012-07-26 17:00:00,650.8355624313123
2012-07-26 18:00:00,605.0533172609754
2012-07-26 19:00:00,445.66218737715917
2012-07-26 20:00:00,379.81612134046844
2012-07-26 21:00:00,294.2641398168432
2012-07-26 22:00:00,222.37113990053336
2012-07-26 23:00:00,163.32842916218635
2012-07-27 00:00:00,92.97837312587565
2012-07-27 01:00:00,42.46197176221533
2012-07-27 02:00:00,20.43254569196388
2012-07-27 03:00:00,9.90325046137713
2012-07-27 04:00:00,9.271995156046371
2012-07-27 05:00:00,43.079772973009376
2012-07-27 06:00:00,176.82772800743183
2012-07-27 07:00:00,484.0394271732388
2012-07-27 08:00:00,896.1476078222124
2012-07-27 09:00:00,464.52438617634357
2012-07-27 10:00:00,276.0413407848258
2012-07-27 11:00:00,289.7381150671433
2012-07-27 12:00:00,346.51949131819384
2012-07-27 13:00:00,354.5033494014046
2012-07-27 14:00:00,305.42204205171294
2012-07-27 15:00:00,352.21541228745934
2012-07-27 16:00:00,478.88427269868794
2012-07-27 17:00:00,759.9847392547371
2012-07-27 18:00:00,708.4830453208602
2012-07-27 19:00:00,478.24398955368724
2012-07-27 20:00:00,344.9831890245067
2012-07-27 21:00:00,281.55388187061027
2012-07-27 22:00:00,253.11116578883124
2012-07-27 23:00:00,207.59732015839904
2012-07-28 00:00:00,167.9204388484723
2012-07-28 01:00:00,128.4987787138886
2012-07-28 02:00:00,97.83898067747543
2012-07-28 03:00:00,43.91237464518898
2012-07-28 04:00:00,13.020550893489045
2012-07-28 05:00:00,13.20839040462263
2012-07-28 06:00:00,34.717060359800975
2012-07-28 07:00:00,82.90588061271434
2012-07-28 08:00:00,207.83054168333484
2012-07-28 09:00:00,327.6469584006129
2012-07-28 10:00:00,430.87229991520337
2012-07-28 11:00:00,538.1793241290453
2012-07-28 12:00:00,597.6333485604374
2012-07-28 13:00:00,574.5042504080908
2012-07-28 14:00:00,592.7131440107336
2012-07-28 15:00:00,584.9417526037411
2012-07-28 16:00:00,555.5895544849566
2012-07-28 17:00:00,536.8247027142447
2012-07-28 18:00:00,453.8653812665299
2012-07-28 19:00:00,391.8724904991545
2012-07-28 20:00:00,283.3886491908591
2012-07-28 21:00:00,253.63599901554414
2012-07-28 22:00:00,227.42425169968837
2012-07-28 23:00:00,197.74902291647467
2012-07-29 00:00:00,154.57369008567804
2012-07-29 01:00:00,135.08563386940926
2012-07-29 02:00:00,108.1765582121545
2012-07-29 03:00:00,53.16359476945396
2012-07-29 04:00:00,15.081012804854334
2012-07-29 05:00:00,13.418952385267701
2012-07-29 06:00:00,20.4859662672904
2012-07-29 07:00:00,55.57090084049105
2012-07-29 08:00:00,141.2669199711673
2012-07-29 09:00:00,261.6325210538622
2012-07-29 10:00:00,458.4256758194219
2012-07-29 11:00:00,528.4675017491526
2012-07-29 12:00:00,604.1036289533156
2012-07-29 13:00:00,609.1073494278364
2012-07-29 14:00:00,594.2173593896242
2012-07-29 15:00:00,610.2734731755709
2012-07-29 16:00:00,610.6523349583081
2012-07-29 17:00:00,535.9747270794093
2012-07-29 18:00:00,435.0066279049703
2012-07-29 19:00:00,345.842933470041
2012-07-29 20:00:00,268.04623049239325
2012-07-29 21:00:00,205.7581527559632
2012-07-29 22:00:00,165.29042137312723
2012-07-29 23:00:00,111.5114967998269
2012-07-30 00:00:00,54.69379336324103
2012-07-30 01:00:00,25.10171627771989
2012-07-30 02:00:00,14.793453345671399
2012-07-30 03:00:00,7.797512871460982
2012-07-30 04:00:00,9.788170097359133
2012-07-30 05:00:00,33.482343244985735
2012-07-30 06:00:00,139.3777343093808
2012-07-30 07:00:00,410.8124092788368
2012-07-30 08:00:00,653.9274791829262
2012-07-30 09:00:00,384.17883320278924
2012-07-30 10:00:00,210.63422234434708
2012-07-30 11:00:00,251.51573667762747
2012-07-30 12:00:00,323.55891628712106
2012-07-30 13:00:00,330.2257292965375
2012-07-30 14:00:00,295.7962386967518
2012-07-30 15:00:00,315.70970923449596
2012-07-30 16:00:00,444.93909699899666
2012-07-30 17:00:00,785.5189149034355
2012-07-30 18:00:00,726.0017899143718
2012-07-30 19:00:00,549.7870920004747
2012-07-30 20:00:00,383.0336720579197
2012-07-30 21:00:00,277.052759608987
2012-07-30 22:00:00,167.76290768039203
2012-07-30 23:00:00,106.62884337218583
2012-07-31 00:00:00,43.54566433658248
2012-07-31 01:00:00,18.7790806683745
2012-07-31 02:00:00,9.29135522171049
2012-07-31 03:00:00,6.389614801582198
2012-07-31 04:00:00,8.80642657935823
2012-07-31 05:00:00,39.77154260474563
2012-07-31 06:00:00,179.25896787996058
2012-07-31 07:00:00,503.6506540400694
2012-07-31 08:00:00,855.9827705529707
2012-07-31 09:00:00,433.3845106557201
2012-07-31 10:00:00,249.30834379958534
2012-07-31 11:00:00,253.72411293935255
2012-07-31 12:00:00,313.1339380418044
2012-07-31 13:00:00,278.0123080054111
2012-07-31 14:00:00,246.858117451896
2012-07-31 15:00:00,282.36595174563416
2012-07-31 16:00:00,441.72867786720474
2012-07-31 17:00:00,885.901996932693
2012-07-31 18:00:00,843.9883279752079
2012-07-31 19:00:00,308.47017183773
2012-07-31 20:00:00,224.75656887750068
2012-07-31 21:00:00,291.18305439020315
2012-07-31 22:00:00,207.41315199199622
2012-07-31 23:00:00,110.97075615596127
2012-08-20 00:00:00,46.389527634584624
2012-08-20 01:00:00,22.24572571379781
2012-08-20 02:00:00,13.080994262278358
2012-08-20 03:00:00,7.191259132555242
2012-08-20 04:00:00,8.43313005710059
2012-08-20 05:00:00,30.716571356708233
2012-08-20 06:00:00,127.24814397336037
2012-08-20 07:00:00,365.441148756723
2012-08-20 08:00:00,649.4778668333847
2012-08-20 09:00:00,389.25019309099844
2012-08-20 10:00:00,218.36488952843163
2012-08-20 11:00:00,277.40023824860754
2012-08-20 12:00:00,326.65294295747594
2012-08-20 13:00:00,341.90340979175517
2012-08-20 14:00:00,314.05644000237703
2012-08-20 15:00:00,328.78772074400825
2012-08-20 16:00:00,467.8740382818207
2012-08-20 17:00:00,807.2526252726906
2012-08-20 18:00:00,643.3807682245244
2012-08-20 19:00:00,478.7646860211684
2012-08-20 20:00:00,320.406794174396
2012-08-20 21:00:00,272.24112523220134
2012-08-20 22:00:00,168.56378036312623
2012-08-20 23:00:00,96.76214686259677
2012-08-21 00:00:00,38.44009990449759
2012-08-21 01:00:00,16.655196070701887
2012-08-21 02:00:00,7.579961579266482
2012-08-21 03:00:00,6.057283367663072
2012-08-21 04:00:00,8.348393902318467
2012-08-21 05:00:00,38.182377918940595
2012-08-21 06:00:00,176.58258238989532
2012-08-21 07:00:00,518.6179241998457
2012-08-21 08:00:00,835.235346704473
2012-08-21 09:00:00,448.9365607634136
2012-08-21 10:00:00,247.03581065653472
2012-08-21 11:00:00,266.1453174783598
2012-08-21 12:00:00,335.2010348264794
2012-08-21 13:00:00,349.6994268782176
2012-08-21 14:00:00,302.92001530505127
2012-08-21 15:00:00,336.77042016609664
2012-08-21 16:00:00,530.9343019315024
2012-08-21 17:00:00,903.1676302643053
2012-08-21 18:00:00,885.1532182797067
2012-08-21 19:00:00,316.6226930202855
2012-08-21 20:00:00,422.05334765320424
2012-08-21 21:00:00,315.6291849979239
2012-08-21 22:00:00,219.33571259773987
2012-08-21 23:00:00,126.4677215331677
2012-08-22 00:00:00,50.60084622496138
2012-08-22 01:00:00,22.588816350746452
2012-08-22 02:00:00,10.06639410751858
2012-08-22 03:00:00,8.006830000018562
2012-08-22 04:00:00,7.092461446427295
2012-08-22 05:00:00,41.13878290346168
2012-08-22 06:00:00,198.5653175224253
2012-08-22 07:00:00,532.5175095213756
2012-08-22 08:00:00,915.8049945087423
2012-08-22 09:00:00,489.2426047347818
2012-08-22 10:00:00,245.66117595610245
2012-08-22 11:00:00,256.5264303983774
2012-08-22 12:00:00,346.8268652808431
2012-08-22 13:00:00,304.8764950115202
2012-08-22 14:00:00,286.2677686826415
2012-08-22 15:00:00,306.97408932171214
2012-08-22 16:00:00,229.75458041469693
2012-08-22 17:00:00,451.13167652864865
2012-08-22 18:00:00,453.38739521310885
2012-08-22 19:00:00,531.2898215351815
2012-08-22 20:00:00,396.7939431207219
2012-08-22 21:00:00,303.79113890147573
2012-08-22 22:00:00,236.1610737575557
2012-08-22 23:00:00,131.777491908037
2012-08-23 00:00:00,62.73241923038724
2012-08-23 01:00:00,24.964767050154055
2012-08-23 02:00:00,13.453358031143468
2012-08-23 03:00:00,7.456488351948613
2012-08-23 04:00:00,8.20598808667123
2012-08-23 05:00:00,44.99283817011353
2012-08-23 06:00:00,177.68722161997255
2012-08-23 07:00:00,510.2096725268301
2012-08-23 08:00:00,867.6521376574025
2012-08-23 09:00:00,430.36054376962215
2012-08-23 10:00:00,237.47500442927975
2012-08-23 11:00:00,287.029933173355
2012-08-23 12:00:00,371.68089862027347
2012-08-23 13:00:00,329.42758863737146
2012-08-23 14:00:00,278.21707942462837
2012-08-23 15:00:00,306.8047246823717
2012-08-23 16:00:00,464.85739933303597
2012-08-23 17:00:00,902.1506057494208
2012-08-23 18:00:00,847.157476116247
2012-08-23 19:00:00,620.5645220767881
2012-08-23 20:00:00,454.33773490706136
2012-08-23 21:00:00,347.15101356223516
2012-08-23 22:00:00,241.52273674019003
2012-08-23 23:00:00,156.99730075853006
2012-08-24 00:00:00,85.57446542090688
2012-08-24 01:00:00,39.440251054288716
2012-08-24 02:00:00,22.336540533726968
2012-08-24 03:00:00,10.41400579286743
2012-08-24 04:00:00,8.634903266945742
2012-08-24 05:00:00,44.1138817681258
2012-08-24 06:00:00,156.3971275183286
2012-08-24 07:00:00,453.1325199703022
2012-08-24 08:00:00,836.854923492689
2012-08-24 09:00:00,489.16962690241394
2012-08-24 10:00:00,280.0474157846337
2012-08-24 11:00:00,316.02348076952296
2012-08-24 12:00:00,394.35001017522205
2012-08-24 13:00:00,379.55315646366864
2012-08-24 14:00:00,381.43150452706095
2012-08-24 15:00:00,370.42487713393484
2012-08-24 16:00:00,500.1222168174477
2012-08-24 17:00:00,789.8126007673394
2012-08-24 18:00:00,649.4240601015657
2012-08-24 19:00:00,472.1395378906988
2012-08-24 20:00:00,309.27742916079666
2012-08-24 21:00:00,262.288431983217
2012-08-24 22:00:00,251.06401798786763
2012-08-24 23:00:00,187.64270863499345
2012-08-25 00:00:00,163.16020549306685
2012-08-25 01:00:00,122.15247499918175
2012-08-25 02:00:00,85.5703558334218
2012-08-25 03:00:00,43.05244659169645
2012-08-25 04:00:00,12.793575365385543
2012-08-25 05:00:00,12.262205964027912
2012-08-25 06:00:00,29.74684434197635
2012-08-25 07:00:00,71.49684394684321
2012-08-25 08:00:00,180.17330553932666
2012-08-25 09:00:00,283.05282023553934
2012-08-25 10:00:00,399.45796837086203
2012-08-25 11:00:00,486.1731302832443
2012-08-25 12:00:00,334.3317132260029
2012-08-25 13:00:00,576.3866262300868
2012-08-25 14:00:00,342.21500557049944
2012-08-25 15:00:00,527.258966058553
2012-08-25 16:00:00,494.7505740778997
2012-08-25 17:00:00,451.42191147928077
2012-08-25 18:00:00,377.861803934181
2012-08-25 19:00:00,329.39909282572813
2012-08-25 20:00:00,153.44512973162142
2012-08-25 21:00:00,224.16993959702802
2012-08-25 22:00:00,201.0033314052317
2012-08-25 23:00:00,168.5342628955299
2012-08-26 00:00:00,148.1038101582068
2012-08-26 01:00:00,127.28150649250114
2012-08-26 02:00:00,89.33581342377936
2012-08-26 03:00:00,43.78703397407635
2012-08-26 04:00:00,12.63913353220386
2012-08-26 05:00:00,12.942192400455912
2012-08-26 06:00:00,18.25605453499409
2012-08-26 07:00:00,51.664175442751116
2012-08-26 08:00:00,130.02861257761785
2012-08-26 09:00:00,243.24362418096283
2012-08-26 10:00:00,396.126687471164
2012-08-26 11:00:00,485.1878843687274
2012-08-26 12:00:00,309.26960914506856
2012-08-26 13:00:00,296.1861787203297
2012-08-26 14:00:00,532.5137844076819
2012-08-26 15:00:00,276.09689013066856
2012-08-26 16:00:00,276.26829289451325
2012-08-26 17:00:00,458.3866031060674
2012-08-26 18:00:00,359.171212090822
2012-08-26 19:00:00,275.8742963961782
2012-08-26 20:00:00,239.84552199744118
2012-08-26 21:00:00,194.22882471025886
2012-08-26 22:00:00,151.23451000671702
2012-08-26 23:00:00,100.65072239228559
2012-08-27 00:00:00,53.32016425173685
2012-08-27 01:00:00,22.631069624354517
2012-08-27 02:00:00,13.11653858216954
2012-08-27 03:00:00,7.315734622205087
2012-08-27 04:00:00,9.646438226278086
2012-08-27 05:00:00,33.44931972556442
2012-08-27 06:00:00,141.95550884547688
2012-08-27 07:00:00,416.18019082883905
2012-08-27 08:00:00,697.3936657392043
2012-08-27 09:00:00,391.00068839422846
2012-08-27 10:00:00,231.05462775142684
2012-08-27 11:00:00,264.6841475702551
2012-08-27 12:00:00,359.29161550509
2012-08-27 13:00:00,330.7742359472249
2012-08-27 14:00:00,308.9305060894254
2012-08-27 15:00:00,300.75468793414433
2012-08-27 16:00:00,434.2300047398465
2012-08-27 17:00:00,816.3864865336471
2012-08-27 18:00:00,775.043339019052
2012-08-27 19:00:00,538.5529696776965
2012-08-27 20:00:00,382.2719188529463
2012-08-27 21:00:00,271.6237141845896
2012-08-27 22:00:00,177.10616116255122
2012-08-27 23:00:00,102.65062084262257
2012-08-28 00:00:00,40.780696778278475
2012-08-28 01:00:00,17.934537237142557
2012-08-28 02:00:00,8.946539143116556
2012-08-28 03:00:00,6.1336560520852546
2012-08-28 04:00:00,8.679999536049444
2012-08-28 05:00:00,37.15492476688384
2012-08-28 06:00:00,167.35012321170078
2012-08-28 07:00:00,476.9980529563865
2012-08-28 08:00:00,768.8463308612787
2012-08-28 09:00:00,373.78592941976615
2012-08-28 10:00:00,231.8745717409753
2012-08-28 11:00:00,232.74675308082584
2012-08-28 12:00:00,280.86377001442236
2012-08-28 13:00:00,287.3390930461354
2012-08-28 14:00:00,251.0185091911079
2012-08-28 15:00:00,290.4535038396109
2012-08-28 16:00:00,456.1682307480531
2012-08-28 17:00:00,901.722371680178
2012-08-28 18:00:00,906.8938795968985
2012-08-28 19:00:00,646.015582641828
2012-08-28 20:00:00,462.0217545252804
2012-08-28 21:00:00,347.1886894167828
2012-08-28 22:00:00,247.11941563367532
2012-08-28 23:00:00,144.68975620962192
2012-08-29 00:00:00,56.48710728570042
2012-08-29 01:00:00,22.69817702480479
2012-08-29 02:00:00,9.83515674527965
2012-08-29 03:00:00,7.898682225124391
2012-08-29 04:00:00,7.212895234365871
2012-08-29 05:00:00,39.389257310025165
2012-08-29 06:00:00,183.6992490101465
2012-08-29 07:00:00,552.1368023110682
2012-08-29 08:00:00,949.1323922613105
2012-08-29 09:00:00,490.8908466998015
2012-08-29 10:00:00,254.50350691642075
2012-08-29 11:00:00,281.6134153810397
2012-08-29 12:00:00,362.6884408816364
2012-08-29 13:00:00,329.5188837064684
2012-08-29 14:00:00,295.39047307585946
2012-08-29 15:00:00,314.1690674115332
2012-08-29 16:00:00,462.39116712729856
2012-08-29 17:00:00,876.7860725416863
2012-08-29 18:00:00,909.4274672401508
2012-08-29 19:00:00,602.0043693403331
2012-08-29 20:00:00,459.06354178121416
2012-08-29 21:00:00,321.5777147866609
2012-08-29 22:00:00,258.58339208234906
2012-08-29 23:00:00,148.53682497240519
2012-08-30 00:00:00,65.16230254081118
2012-08-30 01:00:00,27.189671360712147
2012-08-30 02:00:00,14.00817988678761
2012-08-30 03:00:00,7.992331439995264
2012-08-30 04:00:00,8.544406311110153
2012-08-30 05:00:00,46.84836077691934
2012-08-30 06:00:00,193.90729735703582
2012-08-30 07:00:00,606.4283394915113
2012-08-30 08:00:00,1019.0216926273176
2012-08-30 09:00:00,499.69959347750586
2012-08-30 10:00:00,251.72217871053255
2012-08-30 11:00:00,299.4858431955802
2012-08-30 12:00:00,348.7983800755093
2012-08-30 13:00:00,333.26414314464256
2012-08-30 14:00:00,288.67204865164945
2012-08-30 15:00:00,296.4891815481079
2012-08-30 16:00:00,457.74667827743366
2012-08-30 17:00:00,894.1448068560298
2012-08-30 18:00:00,871.8971161247439
2012-08-30 19:00:00,608.0078563695762
2012-08-30 20:00:00,445.8838588946885
2012-08-30 21:00:00,337.0387535377541
2012-08-30 22:00:00,262.4809878384773
2012-08-30 23:00:00,162.84413551181373
2012-08-31 00:00:00,83.73120875124606
2012-08-31 01:00:00,39.55369367798723
2012-08-31 02:00:00,19.583799602073576
2012-08-31 03:00:00,9.44908482017668
2012-08-31 04:00:00,8.473932327869099
2012-08-31 05:00:00,39.93322380263871
2012-08-31 06:00:00,145.95690363532393
2012-08-31 07:00:00,420.20873147564134
2012-08-31 08:00:00,837.0231920350701
2012-08-31 09:00:00,499.627807727464
2012-08-31 10:00:00,276.94548675337734
2012-08-31 11:00:00,314.960954978704
2012-08-31 12:00:00,395.4585846995411
2012-08-31 13:00:00,360.8592723116017
2012-08-31 14:00:00,323.9139942217175
2012-08-31 15:00:00,338.42577411142184
2012-08-31 16:00:00,463.58940186420205
2012-08-31 17:00:00,795.6923963484253
2012-08-31 18:00:00,675.109083882535
2012-08-31 19:00:00,512.0059841567668
2012-08-31 20:00:00,352.0231398289772
2012-08-31 21:00:00,280.7773189793516
2012-08-31 22:00:00,254.85812594969292
2012-08-31 23:00:00,208.24629430359454
2012-09-20 00:00:00,56.77278462776394
2012-09-20 01:00:00,20.48711122049242
2012-09-20 02:00:00,11.093721173063473
2012-09-20 03:00:00,6.205375873017852
2012-09-20 04:00:00,6.413498956748482
2012-09-20 05:00:00,35.164750133366525
2012-09-20 06:00:00,167.5181660865599
2012-09-20 07:00:00,460.54638949200853
2012-09-20 08:00:00,828.525860284249
2012-09-20 09:00:00,438.9817565961429
2012-09-20 10:00:00,228.92650320805686
2012-09-20 11:00:00,297.4272620043623
2012-09-20 12:00:00,345.5584323536692
2012-09-20 13:00:00,336.39535989612307
2012-09-20 14:00:00,284.9469106997889
2012-09-20 15:00:00,308.8551416753861
2012-09-20 16:00:00,467.80662893691357
2012-09-20 17:00:00,882.2786926528245
2012-09-20 18:00:00,776.6717940599543
2012-09-20 19:00:00,534.1359257513699
2012-09-20 20:00:00,407.053889584383
2012-09-20 21:00:00,308.0284361642825
2012-09-20 22:00:00,226.42771549864335
2012-09-20 23:00:00,150.57967561329843
2012-09-21 00:00:00,84.89846481735432
2012-09-21 01:00:00,38.479488885810035
2012-09-21 02:00:00,19.389407228171414
2012-09-21 03:00:00,8.601016406454841
2012-09-21 04:00:00,8.05034260571906
2012-09-21 05:00:00,37.74422874064355
2012-09-21 06:00:00,149.14318121444015
2012-09-21 07:00:00,444.5047893411013
2012-09-21 08:00:00,799.2805754435874
2012-09-21 09:00:00,464.109784122798
2012-09-21 10:00:00,267.3534027412909
2012-09-21 11:00:00,324.8652925469804
2012-09-21 12:00:00,407.0417836519503
2012-09-21 13:00:00,407.7416623377975
2012-09-21 14:00:00,353.2929327452774
2012-09-21 15:00:00,392.5043813875003
2012-09-21 16:00:00,535.0831044261303
2012-09-21 17:00:00,834.1897032110437
2012-09-21 18:00:00,701.919871134707
2012-09-21 19:00:00,482.7408963647953
2012-09-21 20:00:00,328.7703517691652
2012-09-21 21:00:00,255.09853479935865
2012-09-21 22:00:00,236.06512500407098
2012-09-21 23:00:00,180.4124257581988
2012-09-22 00:00:00,149.02991998167707
2012-09-22 01:00:00,108.98385563965648
2012-09-22 02:00:00,78.76032946936677
2012-09-22 03:00:00,35.62677500882209
2012-09-22 04:00:00,11.66542964735209
2012-09-22 05:00:00,11.515292171517462
2012-09-22 06:00:00,28.808263862455192
2012-09-22 07:00:00,73.72434048646402
2012-09-22 08:00:00,189.18920003723187
2012-09-22 09:00:00,309.9439714081819
2012-09-22 10:00:00,432.31756970224524
2012-09-22 11:00:00,546.1117059277481
2012-09-22 12:00:00,620.4029439333756
2012-09-22 13:00:00,626.8751839337968
2012-09-22 14:00:00,649.5084551869319
2012-09-22 15:00:00,637.2597026375417
2012-09-22 16:00:00,592.982263109865
2012-09-22 17:00:00,546.3095077504399
2012-09-22 18:00:00,470.8820590130743
2012-09-22 19:00:00,413.0078090386132
2012-09-22 20:00:00,321.28876807096657
2012-09-22 21:00:00,261.21965476807617
2012-09-22 22:00:00,235.453286663734
2012-09-22 23:00:00,215.29341043938
2012-09-23 00:00:00,206.540732816056
2012-09-23 01:00:00,144.48702875292543
2012-09-23 02:00:00,113.93847999745495
2012-09-23 03:00:00,50.70421612690639
2012-09-23 04:00:00,14.157247655177308
2012-09-23 05:00:00,12.958195627740743
2012-09-23 06:00:00,18.127844100712984
2012-09-23 07:00:00,52.22913828444378
2012-09-23 08:00:00,129.3982416516903
2012-09-23 09:00:00,253.921404925725
2012-09-23 10:00:00,462.42318563154123
2012-09-23 11:00:00,576.1105647836051
2012-09-23 12:00:00,722.4350082794697
2012-09-23 13:00:00,750.6323006648003
2012-09-23 14:00:00,706.1559224920037
2012-09-23 15:00:00,706.1269793396514
2012-09-23 16:00:00,683.0788892085646
2012-09-23 17:00:00,585.1465399102435
2012-09-23 18:00:00,479.07847420091366
2012-09-23 19:00:00,362.0026571406908
2012-09-23 20:00:00,287.0088844093375
2012-09-23 21:00:00,204.7648238087666
2012-09-23 22:00:00,183.60055720484235
2012-09-23 23:00:00,98.67962957656763
2012-09-24 00:00:00,49.78785084721569
2012-09-24 01:00:00,22.396834888884694
2012-09-24 02:00:00,12.13515721532211
2012-09-24 03:00:00,7.245029514942595
2012-09-24 04:00:00,8.837350051445648
2012-09-24 05:00:00,33.93518721444595
2012-09-24 06:00:00,145.5179560193717
2012-09-24 07:00:00,386.4246439034908
2012-09-24 08:00:00,726.3533367606341
2012-09-24 09:00:00,427.2502862190918
2012-09-24 10:00:00,254.75818063273462
2012-09-24 11:00:00,313.5543506134829
2012-09-24 12:00:00,387.28941050529704
2012-09-24 13:00:00,392.6661217517392
2012-09-24 14:00:00,399.5386018716246
2012-09-24 15:00:00,425.6097518499326
2012-09-24 16:00:00,545.4595795383481
2012-09-24 17:00:00,1047.6654735176328
2012-09-24 18:00:00,881.2597938076161
2012-09-24 19:00:00,623.5679452390802
2012-09-24 20:00:00,424.92684440287167
2012-09-24 21:00:00,292.1741964341954
2012-09-24 22:00:00,192.70858008904796
2012-09-24 23:00:00,102.35636612203213
2012-09-25 00:00:00,41.027957858225186
2012-09-25 01:00:00,17.327792051520728
2012-09-25 02:00:00,8.160258308793393
2012-09-25 03:00:00,5.687310601776337
2012-09-25 04:00:00,7.725951394216082
2012-09-25 05:00:00,35.78310494503828
2012-09-25 06:00:00,165.2719080291205
2012-09-25 07:00:00,463.2496460369805
2012-09-25 08:00:00,830.5477721194943
2012-09-25 09:00:00,448.99049094775023
2012-09-25 10:00:00,251.68083845597644
2012-09-25 11:00:00,270.98487000789424
2012-09-25 12:00:00,339.90837716713753
2012-09-25 13:00:00,351.3933481042875
2012-09-25 14:00:00,319.2149432538045
2012-09-25 15:00:00,349.33224201493067
2012-09-25 16:00:00,548.7930758490531
2012-09-25 17:00:00,1092.4778145236603
2012-09-25 18:00:00,1054.729381519561
2012-09-25 19:00:00,682.9370909166145
2012-09-25 20:00:00,456.0979966956056
2012-09-25 21:00:00,341.0892006346745
2012-09-25 22:00:00,243.2554658286033
2012-09-25 23:00:00,142.51994885350857
2012-09-26 00:00:00,56.585555081514656
2012-09-26 01:00:00,23.701922425251333
2012-09-26 02:00:00,9.772851496578562
2012-09-26 03:00:00,7.773345620363404
2012-09-26 04:00:00,7.848213550990171
2012-09-26 05:00:00,42.85731217450277
2012-09-26 06:00:00,196.8109846713622
2012-09-26 07:00:00,541.8534613516714
2012-09-26 08:00:00,916.0235839354115
2012-09-26 09:00:00,506.24805666746187
2012-09-26 10:00:00,241.03037222738422
2012-09-26 11:00:00,271.7179110379594
2012-09-26 12:00:00,355.8831863537839
2012-09-26 13:00:00,327.5590469128442
2012-09-26 14:00:00,308.2668933137854
2012-09-26 15:00:00,337.49543806005454
2012-09-26 16:00:00,489.30965852431217
2012-09-26 17:00:00,941.5585623133462
2012-09-26 18:00:00,989.7849159890011
2012-09-26 19:00:00,695.5222107262477
2012-09-26 20:00:00,465.36522336193843
2012-09-26 21:00:00,340.5638924543938
2012-09-26 22:00:00,141.4929619121493
2012-09-26 23:00:00,126.25458006687018
2012-09-27 00:00:00,68.04879782616042
2012-09-27 01:00:00,27.918540510852335
2012-09-27 02:00:00,15.04512821789626
2012-09-27 03:00:00,8.83640882467062
2012-09-27 04:00:00,8.226656523202651
2012-09-27 05:00:00,49.95640423316159
2012-09-27 06:00:00,215.229821211824
2012-09-27 07:00:00,663.0204719702004
2012-09-27 08:00:00,1082.4826541687858
2012-09-27 09:00:00,551.1115991892284
2012-09-27 10:00:00,243.96059719966576
2012-09-27 11:00:00,294.12508792438337
2012-09-27 12:00:00,362.95627819060417
2012-09-27 13:00:00,364.47549058541057
2012-09-27 14:00:00,310.5210564290262
2012-09-27 15:00:00,342.42803289722497
2012-09-27 16:00:00,446.9877301482655
2012-09-27 17:00:00,835.8710232308277
2012-09-27 18:00:00,806.3306182268115
2012-09-27 19:00:00,654.4184426947046
2012-09-27 20:00:00,434.79907527585186
2012-09-27 21:00:00,186.00373559219645
2012-09-27 22:00:00,140.56032357574628
2012-09-27 23:00:00,96.02107352680547
2012-09-28 00:00:00,50.662124241901346
2012-09-28 01:00:00,25.237826844712725
2012-09-28 02:00:00,11.546494934570667
2012-09-28 03:00:00,9.751656965579159
2012-09-28 04:00:00,5.156714222233737
2012-09-28 05:00:00,45.752284794243145
2012-09-28 06:00:00,159.07475829266824
2012-09-28 07:00:00,460.20262433683274
2012-09-28 08:00:00,953.5047757715981
2012-09-28 09:00:00,476.8779755512711
2012-09-28 10:00:00,270.8858291262537
2012-09-28 11:00:00,345.6981065649581
2012-09-28 12:00:00,418.9179776428324
2012-09-28 13:00:00,419.28452499742104
2012-09-28 14:00:00,374.0390147214138
2012-09-28 15:00:00,401.1830470765847
2012-09-28 16:00:00,558.6276899865425
2012-09-28 17:00:00,872.9703080453295
2012-09-28 18:00:00,767.6008499795931
2012-09-28 19:00:00,321.49374149061333
2012-09-28 20:00:00,220.6290143471974
2012-09-28 21:00:00,178.3362104921593
2012-09-28 22:00:00,257.72787563543943
2012-09-28 23:00:00,200.34648653168938
2012-09-29 00:00:00,169.95178015983078
2012-09-29 01:00:00,132.00646679251088
2012-09-29 02:00:00,90.22857337047836
2012-09-29 03:00:00,39.2705027232487
2012-09-29 04:00:00,13.830569948271105
2012-09-29 05:00:00,13.50275729251945
2012-09-29 06:00:00,32.81530568133656
2012-09-29 07:00:00,75.34779739296741
2012-09-29 08:00:00,194.97315916469498
2012-09-29 09:00:00,315.0206728834819
2012-09-29 10:00:00,468.78501169369736
2012-09-29 11:00:00,581.1434030133624
2012-09-29 12:00:00,726.8127674435068
2012-09-29 13:00:00,743.7734883391589
2012-09-29 14:00:00,748.6912611655283
2012-09-29 15:00:00,741.2698863870683
2012-09-29 16:00:00,706.9825712196466
2012-09-29 17:00:00,623.8697777898196
2012-09-29 18:00:00,518.6565898039338
2012-09-29 19:00:00,413.7323728360062
2012-09-29 20:00:00,318.843518330616
2012-09-29 21:00:00,272.49754268947055
2012-09-29 22:00:00,232.94630606629164
2012-09-29 23:00:00,210.53319090850215
2012-09-30 00:00:00,176.4758131418733
2012-09-30 01:00:00,148.76366261363052
2012-09-30 02:00:00,110.36769678381549
2012-09-30 03:00:00,50.62423605838233
2012-09-30 04:00:00,14.33318979760825
2012-09-30 05:00:00,13.10998155170388
2012-09-30 06:00:00,18.66099265714042
2012-09-30 07:00:00,51.70715110052036
2012-09-30 08:00:00,135.86968586993345
2012-09-30 09:00:00,272.13819106945397
2012-09-30 10:00:00,502.2225605175317
2012-09-30 11:00:00,618.9411233943358
2012-09-30 12:00:00,735.115325163363
2012-09-30 13:00:00,736.0096540333794
2012-09-30 14:00:00,699.1068312923164
2012-09-30 15:00:00,719.26273888294
2012-09-30 16:00:00,726.6809402438961
2012-09-30 17:00:00,634.6719383497516
2012-09-30 18:00:00,397.9532571958166
2012-09-30 19:00:00,178.99480893459216
2012-09-30 20:00:00,141.9136003949658
2012-09-30 21:00:00,211.4023743084381
2012-09-30 22:00:00,159.79604392434334
2012-09-30 23:00:00,101.24378643636763
2012-10-20 00:00:00,144.325934077789
2012-10-20 01:00:00,115.04488242511206
2012-10-20 02:00:00,81.82569616953892
2012-10-20 03:00:00,35.040242102938265
2012-10-20 04:00:00,12.589356507297182
2012-10-20 05:00:00,11.429771001525312
2012-10-20 06:00:00,30.135374166044475
2012-10-20 07:00:00,68.72449782557642
2012-10-20 08:00:00,191.39947673207308
2012-10-20 09:00:00,324.9807167717772
2012-10-20 10:00:00,478.3278705046645
2012-10-20 11:00:00,575.5879488606289
2012-10-20 12:00:00,706.8203226318628
2012-10-20 13:00:00,716.9627552900834
2012-10-20 14:00:00,771.0337863705679
2012-10-20 15:00:00,764.2216211511119
2012-10-20 16:00:00,628.8809721142865
2012-10-20 17:00:00,600.5567148529308
2012-10-20 18:00:00,493.0855796343401
2012-10-20 19:00:00,415.9977740503456
2012-10-20 20:00:00,320.0695360303484
2012-10-20 21:00:00,242.62663760727028
2012-10-20 22:00:00,214.89620310077706
2012-10-20 23:00:00,186.51660728665183
2012-10-21 00:00:00,151.46707020186358
2012-10-21 01:00:00,119.08289500065848
2012-10-21 02:00:00,89.73004315819236
2012-10-21 03:00:00,43.285268386156694
2012-10-21 04:00:00,11.37244140329121
2012-10-21 05:00:00,11.444010295569084
2012-10-21 06:00:00,18.14146188383915
2012-10-21 07:00:00,49.42345909833446
2012-10-21 08:00:00,125.56559243537413
2012-10-21 09:00:00,245.72841624469356
2012-10-21 10:00:00,421.81125699283996
2012-10-21 11:00:00,531.4307265721521
2012-10-21 12:00:00,660.44383570945
2012-10-21 13:00:00,693.72111954959
2012-10-21 14:00:00,676.5037997096437
2012-10-21 15:00:00,641.4887758213036
2012-10-21 16:00:00,638.7962508893265
2012-10-21 17:00:00,548.3949831058212
2012-10-21 18:00:00,459.95900609551416
2012-10-21 19:00:00,349.16551731929684
2012-10-21 20:00:00,262.38889600484174
2012-10-21 21:00:00,178.7583979495982
2012-10-21 22:00:00,149.0169629258063
2012-10-21 23:00:00,101.30891963520843
2012-10-22 00:00:00,47.14594069379604
2012-10-22 01:00:00,20.635684551244154
2012-10-22 02:00:00,11.651404496565416
2012-10-22 03:00:00,6.794764466631643
2012-10-22 04:00:00,8.115862843466637
2012-10-22 05:00:00,27.380269690546825
2012-10-22 06:00:00,111.59855591407626
2012-10-22 07:00:00,335.21733120478075
2012-10-22 08:00:00,670.4527111011649
2012-10-22 09:00:00,384.9672593905936
2012-10-22 10:00:00,251.616117834182
2012-10-22 11:00:00,316.59168830774894
2012-10-22 12:00:00,439.06617077944856
2012-10-22 13:00:00,422.91050103933475
2012-10-22 14:00:00,385.6036510541255
2012-10-22 15:00:00,424.2463470071358
2012-10-22 16:00:00,582.7637587650341
2012-10-22 17:00:00,1051.228291966505
2012-10-22 18:00:00,821.4958161734842
2012-10-22 19:00:00,604.4646721716804
2012-10-22 20:00:00,402.19944936383996
2012-10-22 21:00:00,273.3321159022527
2012-10-22 22:00:00,169.7430858070196
2012-10-22 23:00:00,98.38298694668707
2012-10-23 00:00:00,38.85506859211298
2012-10-23 01:00:00,17.57404446898079
2012-10-23 02:00:00,8.249012785201748
2012-10-23 03:00:00,5.741567033553015
2012-10-23 04:00:00,7.697172543386011
2012-10-23 05:00:00,37.14402464036323
2012-10-23 06:00:00,158.36748471265722
2012-10-23 07:00:00,434.8629274708825
2012-10-23 08:00:00,746.0755459198252
2012-10-23 09:00:00,384.22898097774845
2012-10-23 10:00:00,262.2444902553726
2012-10-23 11:00:00,290.50084381428974
2012-10-23 12:00:00,326.07336468514933
2012-10-23 13:00:00,352.290687096195
2012-10-23 14:00:00,336.49920749781506
2012-10-23 15:00:00,356.4630162760591
2012-10-23 16:00:00,578.9161860660378
2012-10-23 17:00:00,1196.9837875475957
2012-10-23 18:00:00,1031.7490722836521
2012-10-23 19:00:00,700.0834639444663
2012-10-23 20:00:00,456.9794594768579
2012-10-23 21:00:00,343.7355134078053
2012-10-23 22:00:00,235.854535693656
2012-10-23 23:00:00,134.35403889297058
2012-10-24 00:00:00,55.873209850958425
2012-10-24 01:00:00,24.73270313657818
2012-10-24 02:00:00,11.021787651517634
2012-10-24 03:00:00,7.8081405318561385
2012-10-24 04:00:00,7.523464455597261
2012-10-24 05:00:00,41.272381633086
2012-10-24 06:00:00,180.37725008438935
2012-10-24 07:00:00,502.7016274687289
2012-10-24 08:00:00,817.4738275485962
2012-10-24 09:00:00,414.7125773924763
2012-10-24 10:00:00,225.5775806295995
2012-10-24 11:00:00,277.09467152638615
2012-10-24 12:00:00,361.65526340620454
2012-10-24 13:00:00,356.27856624392604
2012-10-24 14:00:00,341.3666987822718
2012-10-24 15:00:00,378.9295507217599
2012-10-24 16:00:00,546.1203395246164
2012-10-24 17:00:00,1042.1287150405299
2012-10-24 18:00:00,1083.6068299871017
2012-10-24 19:00:00,640.9187118302356
2012-10-24 20:00:00,444.55621994166813
2012-10-24 21:00:00,318.11772388838693
2012-10-24 22:00:00,237.96887708718583
2012-10-24 23:00:00,135.69422045251392
2012-10-25 00:00:00,65.18680022179117
2012-10-25 01:00:00,29.291406453147633
2012-10-25 02:00:00,14.588892141789195
2012-10-25 03:00:00,6.833085842216379
2012-10-25 04:00:00,7.375848045007586
2012-10-25 05:00:00,39.667703964820205
2012-10-25 06:00:00,180.9352933786201
2012-10-25 07:00:00,502.8988116376652
2012-10-25 08:00:00,830.8533428927443
2012-10-25 09:00:00,388.9279317475891
2012-10-25 10:00:00,201.87223543322136
2012-10-25 11:00:00,237.14214703703047
2012-10-25 12:00:00,299.7305730588807
2012-10-25 13:00:00,298.09753337986734
2012-10-25 14:00:00,290.1358384888398
2012-10-25 15:00:00,325.8913024118852
2012-10-25 16:00:00,474.4843764751633
2012-10-25 17:00:00,923.9536873759903
2012-10-25 18:00:00,809.7649644993795
2012-10-25 19:00:00,542.917044697152
2012-10-25 20:00:00,372.4004928005925
2012-10-25 21:00:00,287.30061382136404
2012-10-25 22:00:00,229.67228328978086
2012-10-25 23:00:00,148.0690300665342
2012-10-26 00:00:00,85.98559954818829
2012-10-26 01:00:00,37.097531036923804
2012-10-26 02:00:00,18.603167878164236
2012-10-26 03:00:00,8.719781722807422
2012-10-26 04:00:00,7.928336400729361
2012-10-26 05:00:00,38.460912308172716
2012-10-26 06:00:00,154.8959218363185
2012-10-26 07:00:00,433.2178390781988
2012-10-26 08:00:00,793.5673857093763
2012-10-26 09:00:00,431.56386307974316
2012-10-26 10:00:00,242.41566279251566
2012-10-26 11:00:00,293.9388992349724
2012-10-26 12:00:00,370.1534737268791
2012-10-26 13:00:00,379.25161557255706
2012-10-26 14:00:00,355.43108359935786
2012-10-26 15:00:00,400.57619668660203
2012-10-26 16:00:00,488.6087393705015
2012-10-26 17:00:00,763.2374315530412
2012-10-26 18:00:00,658.9900411436399
2012-10-26 19:00:00,442.30843330295727
2012-10-26 20:00:00,304.10348371332566
2012-10-26 21:00:00,255.63896107338923
2012-10-26 22:00:00,221.60458929709088
2012-10-26 23:00:00,192.10188615097766
2012-10-27 00:00:00,151.2092959347827
2012-10-27 01:00:00,107.10535543448691
2012-10-27 02:00:00,77.70492925521603
2012-10-27 03:00:00,38.61420024800634
2012-10-27 04:00:00,11.530137291283188
2012-10-27 05:00:00,11.6416030875667
2012-10-27 06:00:00,28.84391358775479
2012-10-27 07:00:00,74.1982525616722
2012-10-27 08:00:00,191.70370546267475
2012-10-27 09:00:00,296.4781459391613
2012-10-27 10:00:00,438.82282547905436
2012-10-27 11:00:00,557.257609194096
2012-10-27 12:00:00,689.5099671504305
2012-10-27 13:00:00,733.3689328165875
2012-10-27 14:00:00,731.5507769164818
2012-10-27 15:00:00,599.1241506423629
2012-10-27 16:00:00,547.5971213638013
2012-10-27 17:00:00,504.4965632680137
2012-10-27 18:00:00,431.43365221392054
2012-10-27 19:00:00,350.8728449478806
2012-10-27 20:00:00,273.0200393038789
2012-10-27 21:00:00,228.87171161162868
2012-10-27 22:00:00,203.2503585125846
2012-10-27 23:00:00,175.16018971891333
2012-10-28 00:00:00,89.31587868070525
2012-10-28 01:00:00,119.1077998705903
2012-10-28 02:00:00,93.21285412750233
2012-10-28 03:00:00,46.365570138950716
2012-10-28 04:00:00,13.001495077170699
2012-10-28 05:00:00,12.377543369787357
2012-10-28 06:00:00,18.17547022818077
2012-10-28 07:00:00,49.997379218940814
2012-10-28 08:00:00,113.54191440470088
2012-10-28 09:00:00,222.3091322658309
2012-10-28 10:00:00,353.58352174390023
2012-10-28 11:00:00,449.28302373796936
2012-10-28 12:00:00,484.2041570822423
2012-10-28 13:00:00,489.48932583483975
2012-10-28 14:00:00,477.02261873517807
2012-10-28 15:00:00,460.18116849466946
2012-10-28 16:00:00,270.1941145604419
2012-10-28 17:00:00,224.93376040244922
2012-10-28 18:00:00,167.21143114737268
2012-10-28 19:00:00,137.41197274813376
2012-10-28 20:00:00,105.32384034113836
2012-10-28 21:00:00,87.7307044805113
2012-10-28 22:00:00,70.70325369417249
2012-10-28 23:00:00,43.92152793544596
2012-10-29 00:00:00,23.731016329294103
2012-10-30 13:00:00,97.75463850492275
2012-10-30 14:00:00,86.80020753989845
2012-10-30 15:00:00,96.30449338970199
2012-10-30 16:00:00,151.8285333537019
2012-10-30 17:00:00,303.70415865371945
2012-10-30 18:00:00,302.5366829985677
2012-10-30 19:00:00,510.8389399739295
2012-10-30 20:00:00,239.44869484176587
2012-10-30 21:00:00,183.07238576289674
2012-10-30 22:00:00,142.08485110124548
2012-10-30 23:00:00,84.46074207658891
2012-10-31 00:00:00,32.1858018583766
2012-10-31 01:00:00,13.678434376086738
2012-10-31 02:00:00,6.008095528114638
2012-10-31 03:00:00,4.825142962520123
2012-10-31 04:00:00,4.485726957459739
2012-10-31 05:00:00,24.903546599104786
2012-10-31 06:00:00,126.13245712220944
2012-10-31 07:00:00,315.66270368638584
2012-10-31 08:00:00,622.3410149239525
2012-10-31 09:00:00,323.3815566062947
2012-10-31 10:00:00,164.253343521319
2012-10-31 11:00:00,159.20919756348988
2012-10-31 12:00:00,249.22983562191496
2012-10-31 13:00:00,237.74058680344484
2012-10-31 14:00:00,200.35336046100883
2012-10-31 15:00:00,244.2213184143387
2012-10-31 16:00:00,310.38423823339747
2012-10-31 17:00:00,590.4928009729002
2012-10-31 18:00:00,605.9368395854505
2012-10-31 19:00:00,428.3034822088249
2012-10-31 20:00:00,311.41921906515427
2012-10-31 21:00:00,223.9236299193405
2012-10-31 22:00:00,175.8556834639733
2012-10-31 23:00:00,103.85025198145189
2012-11-20 00:00:00,31.011532349292338
2012-11-20 01:00:00,14.44255007726665
2012-11-20 02:00:00,6.191139739592055
2012-11-20 03:00:00,4.383916683450085
2012-11-20 04:00:00,5.913959965085483
2012-11-20 05:00:00,27.89454271744228
2012-11-20 06:00:00,127.41824533130864
2012-11-20 07:00:00,378.5254271647193
2012-11-20 08:00:00,636.8431610722646
2012-11-20 09:00:00,305.7628394952828
2012-11-20 10:00:00,177.58330716595486
2012-11-20 11:00:00,184.9686053102424
2012-11-20 12:00:00,230.1857560578162
2012-11-20 13:00:00,250.52205510419688
2012-11-20 14:00:00,215.05417805804575
2012-11-20 15:00:00,243.44438810291604
2012-11-20 16:00:00,350.09642646732004
2012-11-20 17:00:00,637.8078057746178
2012-11-20 18:00:00,638.7864108429807
2012-11-20 19:00:00,448.84254128527584
2012-11-20 20:00:00,301.84760839929
2012-11-20 21:00:00,239.7446683802283
2012-11-20 22:00:00,170.1571712385204
2012-11-20 23:00:00,88.7584136261651
2012-11-21 00:00:00,39.55134509945112
2012-11-21 01:00:00,15.536307444013149
2012-11-21 02:00:00,6.356954430487899
2012-11-21 03:00:00,5.056334264199428
2012-11-21 04:00:00,4.871985968633668
2012-11-21 05:00:00,26.3495662056691
2012-11-21 06:00:00,123.47993646228409
2012-11-21 07:00:00,325.3403282783863
2012-11-21 08:00:00,531.7330878951296
2012-11-21 09:00:00,314.91327347056387
2012-11-21 10:00:00,182.78628860636644
2012-11-21 11:00:00,198.05796517031524
2012-11-21 12:00:00,282.0585278859915
2012-11-21 13:00:00,257.12189509847434
2012-11-21 14:00:00,251.87736206685358
2012-11-21 15:00:00,284.39037004096866
2012-11-21 16:00:00,384.17153356954867
2012-11-21 17:00:00,671.825879509675
2012-11-21 18:00:00,738.6685857558176
2012-11-21 19:00:00,455.17014193088335
2012-11-21 20:00:00,302.0756847488529
2012-11-21 21:00:00,239.06365996004118
2012-11-21 22:00:00,177.83665391210207
2012-11-21 23:00:00,97.31303184053803
2012-11-22 00:00:00,43.77166182804077
2012-11-22 01:00:00,16.509830167094137
2012-11-22 02:00:00,8.140428241273659
2012-11-22 03:00:00,4.622167599826723
2012-11-22 04:00:00,4.701611872223891
2012-11-22 05:00:00,27.09359301648254
2012-11-22 06:00:00,130.27196772833898
2012-11-22 07:00:00,330.66866806552173
2012-11-22 08:00:00,553.2987883785735
2012-11-22 09:00:00,311.4779863037072
2012-11-22 10:00:00,172.17571799222523
2012-11-22 11:00:00,237.351799106098
2012-11-22 12:00:00,314.27810040499287
2012-11-22 13:00:00,318.8819441791276
2012-11-22 14:00:00,292.59069279041023
2012-11-22 15:00:00,313.43726662464456
2012-11-22 16:00:00,451.1259455980416
2012-11-22 17:00:00,836.7714176128037
2012-11-22 18:00:00,707.6504697945767
2012-11-22 19:00:00,431.2783944360587
2012-11-22 20:00:00,320.89881486148556
2012-11-22 21:00:00,244.13865516572912
2012-11-22 22:00:00,181.7944704952516
2012-11-22 23:00:00,112.67140131264742
2012-11-23 00:00:00,59.1935141867279
2012-11-23 01:00:00,26.7495083496395
2012-11-23 02:00:00,13.023961646516641
2012-11-23 03:00:00,6.431734236989865
2012-11-23 04:00:00,5.41516393108181
2012-11-23 05:00:00,26.557465157307075
2012-11-23 06:00:00,106.44216109036199
2012-11-23 07:00:00,299.13922932083835
2012-11-23 08:00:00,522.207380228014
2012-11-23 09:00:00,308.14414909655295
2012-11-23 10:00:00,194.1974065779645
2012-11-23 11:00:00,261.25614876491653
2012-11-23 12:00:00,351.2331208279011
2012-11-23 13:00:00,358.25894280666984
2012-11-23 14:00:00,356.81202684800155
2012-11-23 15:00:00,366.86053227390744
2012-11-23 16:00:00,474.0254811903015
2012-11-23 17:00:00,780.3888794806021
2012-11-23 18:00:00,649.1607945703427
2012-11-23 19:00:00,431.1892227065734
2012-11-23 20:00:00,338.24678178283784
2012-11-23 21:00:00,257.74507215299036
2012-11-23 22:00:00,212.8655075187868
2012-11-23 23:00:00,164.5086456131877
2012-11-24 00:00:00,129.472406347425
2012-11-24 01:00:00,84.52273391829213
2012-11-24 02:00:00,57.60572772286251
2012-11-24 03:00:00,25.47765685492955
2012-11-24 04:00:00,7.737665956078064
2012-11-24 05:00:00,8.054768726133258
2012-11-24 06:00:00,19.31581590190072
2012-11-24 07:00:00,44.166229758909594
2012-11-24 08:00:00,105.8493280840315
2012-11-24 09:00:00,164.8762363648938
2012-11-24 10:00:00,240.4997102799372
2012-11-24 11:00:00,302.9737554264765
2012-11-24 12:00:00,324.31065338137626
2012-11-24 13:00:00,418.5584712359385
2012-11-24 14:00:00,406.0336415198026
2012-11-24 15:00:00,386.03927546423665
2012-11-24 16:00:00,342.1045188961895
2012-11-24 17:00:00,305.9194340471425
2012-11-24 18:00:00,262.22694462154806
2012-11-24 19:00:00,236.4497788995127
2012-11-24 20:00:00,173.82309185344442
2012-11-24 21:00:00,150.0006687089634
2012-11-24 22:00:00,131.9263876486557
2012-11-24 23:00:00,119.5526890941987
2012-11-25 00:00:00,91.29539988734363
2012-11-25 01:00:00,78.55794154232457
2012-11-25 02:00:00,57.8920634315516
2012-11-25 03:00:00,32.16992646994623
2012-11-25 04:00:00,9.108239408039273
2012-11-25 05:00:00,7.345821987030378
2012-11-25 06:00:00,10.973586667441625
2012-11-25 07:00:00,29.84603354790004
2012-11-25 08:00:00,71.47669632014771
2012-11-25 09:00:00,137.07246133908362
2012-11-25 10:00:00,242.75607331860385
2012-11-25 11:00:00,284.91039749896345
2012-11-25 12:00:00,336.88597309352156
2012-11-25 13:00:00,338.9255439583667
2012-11-25 14:00:00,342.87755462634743
2012-11-25 15:00:00,372.3718732287761
2012-11-25 16:00:00,377.5025039359391
2012-11-25 17:00:00,330.7977944219773
2012-11-25 18:00:00,259.23928138410594
2012-11-25 19:00:00,215.61282448765675
2012-11-25 20:00:00,161.52206031903714
2012-11-25 21:00:00,132.9442493252352
2012-11-25 22:00:00,99.84139513212922
2012-11-25 23:00:00,60.504646290291596
2012-11-26 00:00:00,32.05260331483575
2012-11-26 01:00:00,13.76163316207803
2012-11-26 02:00:00,8.092154274880242
2012-11-26 03:00:00,4.4485946909710625
2012-11-26 04:00:00,5.798809178609904
2012-11-26 05:00:00,19.456546181475055
2012-11-26 06:00:00,87.0762236042875
2012-11-26 07:00:00,257.0075291511252
2012-11-26 08:00:00,443.33352268949824
2012-11-26 09:00:00,265.88348576510487
2012-11-26 10:00:00,174.32340042280035
2012-11-26 11:00:00,220.73615870477622
2012-11-26 12:00:00,313.5626429116763
2012-11-26 13:00:00,296.4470219202489
2012-11-26 14:00:00,280.02558086154403
2012-11-26 15:00:00,293.1511104634319
2012-11-26 16:00:00,454.6145341373997
2012-11-26 17:00:00,764.9161793184003
2012-11-26 18:00:00,589.7226161514278
2012-11-26 19:00:00,431.76326183320293
2012-11-26 20:00:00,305.35218670096003
2012-11-26 21:00:00,218.73880427668522
2012-11-26 22:00:00,139.62132491179995
2012-11-26 23:00:00,70.19451725324042
2012-11-27 00:00:00,28.84454380172105
2012-11-27 01:00:00,12.431733492924682
2012-11-27 02:00:00,6.091660633927564
2012-11-27 03:00:00,2.536183506780731
2012-11-27 04:00:00,3.246631362887566
2012-11-27 05:00:00,24.454402973211838
2012-11-27 06:00:00,115.85711242992795
2012-11-27 07:00:00,197.54561991155185
2012-11-27 08:00:00,331.11789991617144
2012-11-27 09:00:00,265.7358712944584
2012-11-27 10:00:00,86.45270536575136
2012-11-27 11:00:00,79.94829342935583
2012-11-27 12:00:00,90.33908252092516
2012-11-27 13:00:00,96.62903498558543
2012-11-27 14:00:00,82.9486956217257
2012-11-27 15:00:00,158.18703139496753
2012-11-27 16:00:00,249.3892457861383
2012-11-27 17:00:00,479.95470573493685
2012-11-27 18:00:00,472.1245755655809
2012-11-27 19:00:00,333.9991242999813
2012-11-27 20:00:00,233.47970553276085
2012-11-27 21:00:00,169.7366829528748
2012-11-27 22:00:00,125.21369160464214
2012-11-27 23:00:00,68.50093067789881
2012-11-28 00:00:00,28.482946413029893
2012-11-28 01:00:00,12.163268941911781
2012-11-28 02:00:00,5.420392857414084
2012-11-28 03:00:00,4.328208560922119
2012-11-28 04:00:00,4.210941024570063
2012-11-28 05:00:00,23.218491742247718
2012-11-28 06:00:00,105.60055448966492
2012-11-28 07:00:00,293.8436127612691
2012-11-28 08:00:00,513.3785033093254
2012-11-28 09:00:00,287.1859548989162
2012-11-28 10:00:00,157.4348503187099
2012-11-28 11:00:00,168.01276569285264
2012-11-28 12:00:00,210.38311559202833
2012-11-28 13:00:00,203.23630587294866
2012-11-28 14:00:00,190.95089085562947
2012-11-28 15:00:00,210.8673240971835
2012-11-28 16:00:00,308.48894328194234
2012-11-28 17:00:00,597.4696757075517
2012-11-28 18:00:00,554.6995160474885
2012-11-28 19:00:00,403.18756017828963
2012-11-28 20:00:00,296.00677894546254
2012-11-28 21:00:00,200.19735691381558
2012-11-28 22:00:00,147.59584257768074
2012-11-28 23:00:00,82.69148936345425
2012-11-29 00:00:00,37.239251548048756
2012-11-29 01:00:00,14.608807174980532
2012-11-29 02:00:00,8.104123876413222
2012-11-29 04:00:00,4.608208053672013
2012-11-29 05:00:00,26.046216656118187
2012-11-29 06:00:00,124.56273142734199
2012-11-29 07:00:00,333.79883362585383
2012-11-29 08:00:00,519.2099088243236
2012-11-29 09:00:00,275.581921907958
2012-11-29 10:00:00,143.8289611004312
2012-11-29 11:00:00,199.33221058610883
2012-11-29 12:00:00,245.3457400063362
2012-11-29 13:00:00,253.38847244774806
2012-11-29 14:00:00,201.3467252265551
2012-11-29 15:00:00,211.5666891357797
2012-11-29 16:00:00,329.04519124322826
2012-11-29 17:00:00,617.9763665929008
2012-11-29 18:00:00,552.8301166379998
2012-11-29 19:00:00,368.2125263799031
2012-11-29 20:00:00,285.99756243091844
2012-11-29 21:00:00,201.73483267160123
2012-11-29 22:00:00,154.06757749020315
2012-11-29 23:00:00,109.0158343281173
2012-11-30 00:00:00,53.61893449775044
2012-11-30 01:00:00,24.92781885747139
2012-11-30 02:00:00,12.891709496721694
2012-11-30 03:00:00,6.160509388405309
2012-11-30 04:00:00,5.392323968552364
2012-11-30 05:00:00,24.706879031704876
2012-11-30 06:00:00,98.88559273104788
2012-11-30 07:00:00,288.40932211850793
2012-11-30 08:00:00,460.78539106684525
2012-11-30 09:00:00,286.0338288944423
2012-11-30 10:00:00,170.359248299382
2012-11-30 11:00:00,214.32895048918
2012-11-30 12:00:00,298.80647277138974
2012-11-30 13:00:00,296.09351816781
2012-11-30 14:00:00,273.17082513316296
2012-11-30 15:00:00,311.3550220075236
2012-11-30 16:00:00,431.73940923002067
2012-11-30 17:00:00,621.9267021204797
2012-11-30 18:00:00,484.0228029711802
2012-11-30 19:00:00,356.2923630221354
2012-11-30 20:00:00,244.96423910884553
2012-11-30 21:00:00,184.19129791654294
2012-11-30 22:00:00,172.10508515983318
2012-11-30 23:00:00,121.69860198683985
2012-12-20 00:00:00,43.42947208770453
2012-12-20 01:00:00,18.486445766842476
2012-12-20 02:00:00,9.962230896246774
2012-12-20 03:00:00,4.8027762120722235
2012-12-20 04:00:00,5.13453072928416
2012-12-20 05:00:00,28.016890057410066
2012-12-20 06:00:00,134.230816962457
2012-12-20 07:00:00,370.96387579756174
2012-12-20 08:00:00,597.5595490863367
2012-12-20 09:00:00,282.43117395840517
2012-12-20 10:00:00,146.86569510126083
2012-12-20 11:00:00,168.14280569753222
2012-12-20 12:00:00,218.8915692971821
2012-12-20 13:00:00,207.04332910010214
2012-12-20 14:00:00,182.30183813775895
2012-12-20 15:00:00,185.57809071110907
2012-12-20 16:00:00,271.3202603594055
2012-12-20 17:00:00,541.1321926361819
2012-12-20 18:00:00,505.7447451813316
2012-12-20 19:00:00,213.17678866760798
2012-12-20 20:00:00,167.54287491144171
2012-12-20 21:00:00,129.25646376420875
2012-12-20 22:00:00,95.15319785964864
2012-12-20 23:00:00,68.19348023494653
2012-12-21 00:00:00,22.485518291826196
2012-12-21 01:00:00,10.689551309233192
2012-12-21 02:00:00,5.485788705368293
2012-12-21 03:00:00,2.6214717940101866
2012-12-21 04:00:00,3.3021854340819856
2012-12-21 05:00:00,15.322928216007382
2012-12-21 06:00:00,59.92491795434791
2012-12-21 07:00:00,182.63849531301474
2012-12-21 08:00:00,319.9768229337044
2012-12-21 09:00:00,162.08213996432082
2012-12-21 10:00:00,102.18752587250248
2012-12-21 11:00:00,110.36323195623882
2012-12-21 12:00:00,138.06559974901847
2012-12-21 13:00:00,133.6189256830663
2012-12-21 14:00:00,119.75268453818788
2012-12-21 15:00:00,125.81734952989432
2012-12-21 16:00:00,173.77636120847953
2012-12-21 17:00:00,254.38461621030905
2012-12-21 18:00:00,219.05907043194537
2012-12-21 19:00:00,178.99829797360678
2012-12-21 20:00:00,125.34488348506602
2012-12-21 21:00:00,92.62233370347222
2012-12-21 22:00:00,87.17913371293376
2012-12-21 23:00:00,69.92342621535666
2012-12-22 00:00:00,51.68905978567756
2012-12-22 01:00:00,41.93110141655494
2012-12-22 02:00:00,30.274732464506368
2012-12-22 03:00:00,13.87661284632783
2012-12-22 04:00:00,4.932472891302417
2012-12-22 05:00:00,4.594906888320865
2012-12-22 06:00:00,11.420120920936396
2012-12-22 07:00:00,27.714264065936696
2012-12-22 08:00:00,65.30225315218853
2012-12-22 09:00:00,108.2380567122045
2012-12-22 10:00:00,153.7314732005982
2012-12-22 11:00:00,192.4062403290538
2012-12-22 12:00:00,206.95155663385114
2012-12-22 13:00:00,237.7639903895609
2012-12-22 14:00:00,238.783247081569
2012-12-22 15:00:00,231.0227241109429
2012-12-22 16:00:00,211.55481950772736
2012-12-22 17:00:00,194.73569131083838
2012-12-22 18:00:00,150.4293022491565
2012-12-22 19:00:00,128.4425750187408
2012-12-22 20:00:00,106.41658643986163
2012-12-22 21:00:00,82.11971800329411
2012-12-22 22:00:00,73.63314154606266
2012-12-22 23:00:00,67.37545874529243
2012-12-23 00:00:00,53.38422259535911
2012-12-23 01:00:00,46.32471170911685
2012-12-23 02:00:00,34.832677266596946
2012-12-23 03:00:00,17.405808170073925
2012-12-23 04:00:00,4.9327205902218845
2012-12-23 05:00:00,4.806184811299657
2012-12-23 06:00:00,6.347407451670643
2012-12-23 07:00:00,17.292478113220238
2012-12-23 08:00:00,41.12163671294213
2012-12-23 09:00:00,84.55484143132239
2012-12-23 10:00:00,139.05557346600878
2012-12-23 11:00:00,176.83151614347835
2012-12-23 12:00:00,241.45377858686606
2012-12-23 13:00:00,248.32943097382636
2012-12-23 14:00:00,244.42668446150856
2012-12-23 15:00:00,254.1320466339957
2012-12-23 16:00:00,249.4259059971903
2012-12-23 17:00:00,210.29152181618946
2012-12-23 18:00:00,167.62625712908167
2012-12-23 19:00:00,139.56873609893648
2012-12-23 20:00:00,99.06206751650605
2012-12-23 21:00:00,74.127736565259
2012-12-23 22:00:00,56.98937901594934
2012-12-23 23:00:00,38.44730325549488
2012-12-24 00:00:00,18.924659021122466
2012-12-24 01:00:00,8.437335183170397
2012-12-24 02:00:00,4.771083063392972
2012-12-24 03:00:00,2.622863339602609
2012-12-24 05:00:00,10.768822129071962
2012-12-24 06:00:00,49.44038439563141
2012-12-24 07:00:00,140.1886644833079
2012-12-24 08:00:00,251.11242075261796
2012-12-24 09:00:00,130.00795419553566
2012-12-24 10:00:00,80.9098557812062
2012-12-24 11:00:00,87.41475917972846
2012-12-24 12:00:00,119.0390042180643
2012-12-24 13:00:00,61.580110739140025
2012-12-24 14:00:00,56.03418286978549
2012-12-24 15:00:00,58.09786889488427
2012-12-24 16:00:00,82.67487749818177
2012-12-24 17:00:00,148.60092006100604
2012-12-24 18:00:00,146.44766303123836
2012-12-24 19:00:00,174.0338580261911
2012-12-24 20:00:00,74.42273767406316
2012-12-24 21:00:00,54.0891874954722
2012-12-24 22:00:00,62.14658449820468
2012-12-24 23:00:00,21.701369802025347
2012-12-25 00:00:00,8.621169024276378
2012-12-25 01:00:00,6.333367458280402
2012-12-25 02:00:00,3.1335701594597003
2012-12-25 04:00:00,2.889912610929274
2012-12-25 05:00:00,12.682399779785458
2012-12-25 06:00:00,58.93586606437702
2012-12-25 07:00:00,162.02956683379372
2012-12-25 08:00:00,288.7140258899826
2012-12-25 09:00:00,139.59289984499046
2012-12-25 10:00:00,90.4751015821229
2012-12-25 11:00:00,92.29496920641628
2012-12-25 12:00:00,116.10108909637381
2012-12-25 13:00:00,136.48239956134256
2012-12-25 14:00:00,117.9274036221187
2012-12-25 15:00:00,122.60098518405471
2012-12-25 16:00:00,176.26415861820476
2012-12-25 17:00:00,315.8093612891425
2012-12-25 18:00:00,301.9919820892761
2012-12-25 19:00:00,210.27044170071449
2012-12-25 20:00:00,145.80474334617892
2012-12-25 21:00:00,107.67538179844689
2012-12-25 22:00:00,76.7231568455965
2012-12-25 23:00:00,42.703937088667764
2012-12-26 00:00:00,17.673699761986402
2012-12-26 01:00:00,7.065059022741634
2012-12-26 02:00:00,3.1484460013969344
2012-12-26 03:00:00,2.3506634650212472
2012-12-26 04:00:00,2.3898327621047155
2012-12-26 05:00:00,12.074770960589584
2012-12-26 06:00:00,57.41110357771714
2012-12-26 07:00:00,88.62264370827641
2012-12-26 08:00:00,152.04480239044076
2012-12-26 09:00:00,75.33253337816726
2012-12-26 10:00:00,38.5982190261845
2012-12-26 11:00:00,37.83929060744478
2012-12-26 12:00:00,52.30990855858113
2012-12-26 13:00:00,47.457490354041234
2012-12-26 14:00:00,44.817270874742334
2012-12-26 15:00:00,51.396211313997746
2012-12-26 16:00:00,73.02497082450634
2012-12-26 17:00:00,142.7189532791122
2012-12-26 18:00:00,154.9080505061373
2012-12-26 19:00:00,117.59579440421359
2012-12-26 20:00:00,86.5063516627579
2012-12-26 21:00:00,97.70797000659068
2012-12-26 22:00:00,39.16349782114299
2012-12-26 23:00:00,24.91499474450721
2012-12-27 00:00:00,11.612948373183412
2012-12-27 01:00:00,4.359197557537281
2012-12-27 02:00:00,3.8755884319804323
2012-12-27 03:00:00,2.377309396788712
2012-12-27 04:00:00,2.457042352981236
2012-12-27 05:00:00,15.69075901881397
2012-12-27 06:00:00,65.17638856811004
2012-12-27 07:00:00,197.59862132875642
2012-12-27 08:00:00,318.4713708452387
2012-12-27 09:00:00,144.68530564476782
2012-12-27 10:00:00,74.46594900565236
2012-12-27 11:00:00,80.9370099547053
2012-12-27 12:00:00,112.91368464830246
2012-12-27 13:00:00,108.5656526116858
2012-12-27 14:00:00,77.18255752365457
2012-12-27 15:00:00,84.70129164399586
2012-12-27 16:00:00,135.99943847680424
2012-12-27 17:00:00,264.82891511662825
2012-12-27 18:00:00,239.96757462166633
2012-12-27 19:00:00,184.10090386152388
2012-12-27 20:00:00,147.20000521740408
2012-12-27 21:00:00,100.6058549290348
2012-12-27 22:00:00,75.29456190566461
2012-12-27 23:00:00,49.727886100116876
2012-12-28 00:00:00,27.901406073925617
2012-12-28 01:00:00,14.314490370416019
2012-12-28 02:00:00,7.0749556722647515
2012-12-28 03:00:00,3.173709160820186
2012-12-28 04:00:00,2.9419208602296694
2012-12-28 05:00:00,14.066123700255346
2012-12-28 06:00:00,55.649594716479584
2012-12-28 07:00:00,162.55356648965576
2012-12-28 08:00:00,281.6407544915193
2012-12-28 09:00:00,145.94231251766067
2012-12-28 10:00:00,85.75609404575822
2012-12-28 11:00:00,105.97250486338943
2012-12-28 12:00:00,139.9302826703842
2012-12-28 13:00:00,138.06436765596564
2012-12-28 14:00:00,124.93945796793606
2012-12-28 15:00:00,141.51307935570392
2012-12-28 16:00:00,200.60475751505882
2012-12-28 17:00:00,283.95081926291647
2012-12-28 18:00:00,242.16579205878506
2012-12-28 19:00:00,152.4586183143179
2012-12-28 20:00:00,107.90019699669003
2012-12-28 21:00:00,86.95649136793182
2012-12-28 22:00:00,80.07897159149728
2012-12-28 23:00:00,64.1109833452236
2012-12-29 00:00:00,53.57181836802566
2012-12-29 01:00:00,40.30144390685919
2012-12-29 02:00:00,30.777310385328107
2012-12-29 03:00:00,13.772365164033957
2012-12-29 04:00:00,4.380711219202769
2012-12-29 05:00:00,4.387457409735311
2012-12-29 06:00:00,11.294641207325808
2012-12-29 07:00:00,27.14678540527524
2012-12-29 08:00:00,70.52568385022697
2012-12-29 09:00:00,109.07104762812145
2012-12-29 10:00:00,88.5045061503389
2012-12-29 11:00:00,96.20392992303432
2012-12-29 12:00:00,111.12630514845596
2012-12-29 13:00:00,113.71952080207961
2012-12-29 14:00:00,197.20652741036542
2012-12-29 15:00:00,203.3350070975954
2012-12-29 16:00:00,226.88871362432917
2012-12-29 17:00:00,192.20554190632265
2012-12-29 18:00:00,174.6504080497836
2012-12-29 19:00:00,136.5839059546136
2012-12-29 20:00:00,97.04769036843234
2012-12-29 21:00:00,79.35827340187384
2012-12-29 22:00:00,68.57208751159818
2012-12-29 23:00:00,70.7935260481822
2012-12-30 00:00:00,54.66396822326868
2012-12-30 01:00:00,42.58164718249572
2012-12-30 02:00:00,34.5611683638801
2012-12-30 03:00:00,16.376718232851342
2012-12-30 04:00:00,4.937041746668908
2012-12-30 05:00:00,4.528402182572971
2012-12-30 06:00:00,6.09406529563987
2012-12-30 07:00:00,18.51631020604777
2012-12-30 08:00:00,44.234652419514745
2012-12-30 09:00:00,83.95473066454302
2012-12-30 10:00:00,135.42857208940245
2012-12-30 11:00:00,173.242440600719
2012-12-30 12:00:00,204.42310757407625
2012-12-30 13:00:00,206.55494407823716
2012-12-30 14:00:00,208.90612964564784
2012-12-30 15:00:00,205.60526563284517
2012-12-30 16:00:00,199.86174709330407
2012-12-30 17:00:00,176.83689514348086
2012-12-30 18:00:00,127.79079802515149
2012-12-30 19:00:00,149.03883406435284
2012-12-30 20:00:00,82.77709042886303
2012-12-30 21:00:00,65.41044333337146
2012-12-30 22:00:00,51.162627437188455
2012-12-30 23:00:00,33.07886151854582
2012-12-31 00:00:00,16.523087526066178
2012-12-31 01:00:00,7.36662296333481
2012-12-31 02:00:00,4.218730866786228
2012-12-31 03:00:00,2.3644378923022877
2012-12-31 04:00:00,2.87875786599259
2012-12-31 05:00:00,10.20874361265498
2012-12-31 06:00:00,43.744548228163936
2012-12-31 07:00:00,125.06730501517087
2012-12-31 08:00:00,209.11398697364876
2012-12-31 09:00:00,115.89162884641505
2012-12-31 10:00:00,68.69539886498103
2012-12-31 11:00:00,79.70740416480206
2012-12-31 12:00:00,105.58461777065932
2012-12-31 13:00:00,106.16571219825803
2012-12-31 14:00:00,99.44858172535999
2012-12-31 15:00:00,110.32366847884948
2012-12-31 16:00:00,146.79439753595182
2012-12-31 17:00:00,268.6544276109653
2012-12-31 18:00:00,255.96909222187023
2012-12-31 19:00:00,183.31401164279748
2012-12-31 20:00:00,128.8661655318071
2012-12-31 21:00:00,101.22796331654612
2012-12-31 22:00:00,69.6147296365448
2012-12-31 23:00:00,39.68250202198818
