datetime,count
2011-01-20 00:00:00,9.543076888374724
2011-01-20 01:00:00,9.983138970998654
2011-01-20 02:00:00,11.178482719503192
2011-01-20 03:00:00,13.529901522474812
2011-01-20 04:00:00,15.14992136290329
2011-01-20 05:00:00,14.914016573446172
2011-01-20 06:00:00,15.788944610449986
2011-01-20 07:00:00,19.129340856944186
2011-01-20 08:00:00,21.606851309031928
2011-01-20 09:00:00,29.072397858908825
2011-01-20 10:00:00,33.260059426513855
2011-01-20 11:00:00,43.19539211499188
2011-01-20 12:00:00,48.16199468689602
2011-01-20 13:00:00,53.76738312085159
2011-01-20 14:00:00,64.2208733447336
2011-01-20 15:00:00,77.19488084250376
2011-01-20 16:00:00,78.37624334908926
2011-01-20 17:00:00,88.00072707160895
2011-01-20 18:00:00,82.85451496305221
2011-01-20 19:00:00,81.31572663540832
2011-01-20 20:00:00,99.17460138254339
2011-01-20 21:00:00,104.70238015834406
2011-01-20 22:00:00,108.3455690706402
2011-01-20 23:00:00,121.9812364374428
2011-01-21 00:00:00,11.513316597684897
2011-01-21 01:00:00,12.73004581488967
2011-01-21 02:00:00,9.152879249030509
2011-01-21 03:00:00,9.180167906130992
2011-01-21 04:00:00,14.751199276939348
2011-01-21 05:00:00,17.885844121018582
2011-01-21 06:00:00,20.928632043313403
2011-01-21 07:00:00,23.0962583894544
2011-01-21 08:00:00,27.452500896601336
2011-01-21 09:00:00,28.48231866710545
2011-01-21 10:00:00,33.552597305177684
2011-01-21 11:00:00,43.25089021571254
2011-01-21 12:00:00,61.054856766823484
2011-01-21 13:00:00,73.28151604207551
2011-01-21 14:00:00,74.99012894060645
2011-01-21 15:00:00,75.74910156893898
2011-01-21 16:00:00,81.88343622511412
2011-01-21 17:00:00,84.86095368285825
2011-01-21 18:00:00,86.17760296702092
2011-01-21 19:00:00,97.12498332076129
2011-01-21 20:00:00,100.51078449952992
2011-01-21 21:00:00,96.51913681419295
2011-01-21 22:00:00,98.519447757292
2011-01-21 23:00:00,116.77445212924147
2011-01-22 00:00:00,12.148889831534966
2011-01-22 01:00:00,15.525929396086863
2011-01-22 02:00:00,16.798220734052343
2011-01-22 03:00:00,18.294148416007978
2011-01-22 04:00:00,17.359635112146826
2011-01-22 06:00:00,22.0407121576632
2011-01-22 07:00:00,21.902258134494343
2011-01-22 08:00:00,23.62329361034268
2011-01-22 09:00:00,27.751277349681423
2011-01-22 10:00:00,32.0114584676273
2011-01-22 11:00:00,36.307036879241856
2011-01-22 12:00:00,39.05617289683887
2011-01-22 13:00:00,39.21367182665995
2011-01-22 14:00:00,49.22914569764899
2011-01-22 15:00:00,54.40861916866754
2011-01-22 16:00:00,66.2516314999257
2011-01-22 17:00:00,61.45853023944683
2011-01-22 18:00:00,66.67342196543613
2011-01-22 19:00:00,71.11761902126386
2011-01-22 20:00:00,62.91074476411058
2011-01-22 21:00:00,73.08495929337127
2011-01-22 22:00:00,66.51446692443588
2011-01-22 23:00:00,62.34159855285445
2011-01-23 00:00:00,10.016535497008011
2011-01-23 01:00:00,10.745379372436476
2011-01-23 02:00:00,10.353254720472405
2011-01-23 03:00:00,11.106599656555455
2011-01-23 05:00:00,16.577070409694606
2011-01-23 06:00:00,17.783285497162854
2011-01-23 07:00:00,17.108959565713263
2011-01-23 08:00:00,16.025273113062347
2011-01-23 09:00:00,20.94630039898956
2011-01-23 10:00:00,28.607491835742717
2011-01-23 11:00:00,32.53660988897115
2011-01-23 12:00:00,41.21405037742121
2011-01-23 13:00:00,46.09519560105611
2011-01-23 14:00:00,55.492120973774625
2011-01-23 15:00:00,59.52995346768954
2011-01-23 16:00:00,66.02409069929533
2011-01-23 17:00:00,70.39363765998361
2011-01-23 18:00:00,65.62339841341802
2011-01-23 19:00:00,70.68851595898626
2011-01-23 20:00:00,66.09810195512546
2011-01-23 21:00:00,70.21662563417867
2011-01-23 22:00:00,71.09931286579616
2011-01-23 23:00:00,70.74681173955058
2011-01-24 00:00:00,7.882758371154595
2011-01-24 01:00:00,7.964818670299975
2011-01-24 03:00:00,9.91244826183669
2011-01-24 04:00:00,10.449612924246699
2011-01-24 05:00:00,11.669214328347962
2011-01-24 06:00:00,13.033088961010938
2011-01-24 07:00:00,14.001054930748658
2011-01-24 08:00:00,15.555970331246463
2011-01-24 09:00:00,19.65801867273944
2011-01-24 10:00:00,22.246928060106534
2011-01-24 11:00:00,25.178708658526787
2011-01-24 12:00:00,33.306060982168546
2011-01-24 13:00:00,37.75835640871737
2011-01-24 14:00:00,40.60997927323885
2011-01-24 15:00:00,48.106389736526125
2011-01-24 16:00:00,48.13291750936231
2011-01-24 17:00:00,48.13819868980365
2011-01-24 18:00:00,46.00020613254647
2011-01-24 19:00:00,57.131513688528266
2011-01-24 20:00:00,57.36441960513255
2011-01-24 21:00:00,61.10025475163341
2011-01-24 22:00:00,79.05045545165461
2011-01-24 23:00:00,91.35790214719894
2011-01-25 00:00:00,5.618989866762332
2011-01-25 01:00:00,6.726280100916949
2011-01-25 02:00:00,6.077724057024247
2011-01-25 04:00:00,7.1596997275332575
2011-01-25 05:00:00,7.620106123983038
2011-01-25 06:00:00,9.584586602830464
2011-01-25 07:00:00,10.22600048447929
2011-01-25 08:00:00,15.444120043602277
2011-01-25 09:00:00,21.598857638057936
2011-01-25 10:00:00,26.699551920776077
2011-01-25 11:00:00,31.30950300437089
2011-01-25 12:00:00,39.651904234550194
2011-01-25 13:00:00,44.62352721476249
2011-01-25 14:00:00,56.67947008328227
2011-01-25 15:00:00,68.74277582916325
2011-01-25 16:00:00,77.68540373350568
2011-01-25 17:00:00,78.30350442189403
2011-01-25 18:00:00,96.7375135490267
2011-01-25 19:00:00,84.44616495423554
2011-01-25 20:00:00,75.12552219295759
2011-01-25 21:00:00,84.89847044806766
2011-01-25 22:00:00,94.24128388210282
2011-01-25 23:00:00,124.94325661869753
2011-01-26 00:00:00,7.871795449477013
2011-01-26 01:00:00,9.70439170896306
2011-01-26 02:00:00,6.58637684183376
2011-01-26 05:00:00,7.449463392859145
2011-01-26 06:00:00,8.370061254795335
2011-01-26 07:00:00,10.355753292876367
2011-01-26 08:00:00,11.635507798321534
2011-01-26 09:00:00,13.073413193218114
2011-01-26 10:00:00,14.059406125124337
2011-01-26 11:00:00,15.039533439873303
2011-01-26 12:00:00,16.898105205262034
2011-01-26 13:00:00,18.986357566854792
2011-01-26 14:00:00,21.40197444102775
2011-01-26 15:00:00,22.912390217504562
2011-01-26 16:00:00,85.07077968966406
2011-01-26 17:00:00,28.814683688654014
2011-01-27 16:00:00,53.726623753059314
2011-01-27 17:00:00,59.98478738796618
2011-01-27 18:00:00,51.950050630294115
2011-01-27 19:00:00,58.17035552996691
2011-01-27 20:00:00,57.405767559384145
2011-01-27 21:00:00,64.27931961345843
2011-01-27 22:00:00,71.97588510065492
2011-01-27 23:00:00,71.86122496046885
2011-01-28 00:00:00,9.944611437080017
2011-01-28 01:00:00,10.995559631423692
2011-01-28 02:00:00,12.244395267620492
2011-01-28 03:00:00,13.840965632795074
2011-01-28 05:00:00,15.336494476238945
2011-01-28 06:00:00,16.38191115791241
2011-01-28 07:00:00,16.73794717039378
2011-01-28 08:00:00,18.506816217419118
2011-01-28 09:00:00,15.463966360613604
2011-01-28 10:00:00,17.187214920858125
2011-01-28 11:00:00,18.298172638740212
2011-01-28 12:00:00,20.231926573335308
2011-01-28 13:00:00,22.370039946077
2011-01-28 14:00:00,28.789077434850867
2011-01-28 15:00:00,41.44551035652787
2011-01-28 16:00:00,39.65183599579479
2011-01-28 17:00:00,49.09594257739756
2011-01-28 18:00:00,53.00140277128251
2011-01-28 19:00:00,74.46159386217303
2011-01-28 20:00:00,85.02322685896806
2011-01-28 21:00:00,86.32908315756512
2011-01-28 22:00:00,92.6297096234985
2011-01-28 23:00:00,112.3515241064057
2011-01-29 00:00:00,12.310950007468737
2011-01-29 01:00:00,13.84659811893225
2011-01-29 02:00:00,14.928008956329718
2011-01-29 03:00:00,15.235537006274413
2011-01-29 04:00:00,13.701444634074567
2011-01-29 06:00:00,17.607120235498677
2011-01-29 07:00:00,20.479798492082804
2011-01-29 08:00:00,25.129200509118473
2011-01-29 09:00:00,25.717080910099266
2011-01-29 10:00:00,30.807386200608974
2011-01-29 11:00:00,32.74878358183293
2011-01-29 12:00:00,38.68266457213219
2011-01-29 13:00:00,46.60823364604663
2011-01-29 14:00:00,47.893068265300194
2011-01-29 15:00:00,39.02199539874549
2011-01-29 16:00:00,52.23058644766129
2011-01-29 17:00:00,54.913709501943046
2011-01-29 18:00:00,50.31109765812514
2011-01-29 19:00:00,65.07634700567988
2011-01-29 20:00:00,50.34031682040918
2011-01-29 21:00:00,54.59827613580051
2011-01-29 22:00:00,51.396303288633185
2011-01-29 23:00:00,55.743581617159606
2011-01-30 00:00:00,8.606517050698685
2011-01-30 01:00:00,9.263150458418615
2011-01-30 02:00:00,10.382658930058387
2011-01-30 03:00:00,8.834934056908013
2011-01-30 04:00:00,9.477799804163151
2011-01-30 05:00:00,11.263978665579184
2011-01-30 07:00:00,12.962842867238665
2011-01-30 08:00:00,18.619277599195794
2011-01-30 09:00:00,21.931909766429413
2011-01-30 10:00:00,24.553169846371198
2011-01-30 11:00:00,24.22643538123791
2011-01-30 12:00:00,46.659284193959635
2011-01-30 13:00:00,41.19549862285238
2011-01-30 14:00:00,44.91526900659934
2011-01-30 15:00:00,51.39825349079915
2011-01-30 16:00:00,55.1381995305928
2011-01-30 17:00:00,62.27374708471901
2011-01-30 18:00:00,51.57868634968564
2011-01-30 19:00:00,55.66454742088963
2011-01-30 20:00:00,70.2896976051954
2011-01-30 21:00:00,67.17412620334088
2011-01-30 22:00:00,70.13902537481167
2011-01-30 23:00:00,78.13860874571655
2011-01-31 00:00:00,8.944441267343914
2011-01-31 01:00:00,8.1952020107641
2011-01-31 02:00:00,9.327881666326142
2011-01-31 03:00:00,10.41656290839828
2011-01-31 04:00:00,11.67013616157669
2011-01-31 05:00:00,11.151546749576417
2011-01-31 06:00:00,10.464218025694143
2011-01-31 07:00:00,15.163752327487371
2011-01-31 08:00:00,18.135083833619586
2011-01-31 09:00:00,20.290147418076625
2011-01-31 10:00:00,22.934844388254945
2011-01-31 11:00:00,25.611629511448996
2011-01-31 12:00:00,32.66731897342404
2011-01-31 13:00:00,32.56144137162903
2011-01-31 14:00:00,40.29332059990816
2011-01-31 15:00:00,41.427018858894165
2011-01-31 16:00:00,48.32292895686321
2011-01-31 17:00:00,49.66903119638105
2011-01-31 18:00:00,58.593364810438196
2011-01-31 19:00:00,82.29473420354218
2011-01-31 20:00:00,44.22725600631435
2011-01-31 21:00:00,50.84407132895962
2011-01-31 22:00:00,88.9413807669171
2011-01-31 23:00:00,96.66136252737994
2011-02-20 00:00:00,22.933946930093672
2011-02-20 01:00:00,21.202780669374466
2011-02-20 02:00:00,22.898313721184117
2011-02-20 03:00:00,22.181537785138186
2011-02-20 04:00:00,23.795556720838267
2011-02-20 06:00:00,24.48774985363397
2011-02-20 07:00:00,23.27859127813785
2011-02-20 08:00:00,26.641488649171517
2011-02-20 09:00:00,32.106123203206224
2011-02-20 10:00:00,42.64569336306915
2011-02-20 11:00:00,53.14571419379769
2011-02-20 12:00:00,57.0591955381491
2011-02-20 13:00:00,66.27731332424938
2011-02-20 14:00:00,84.66067758668217
2011-02-20 15:00:00,88.06083938710525
2011-02-20 16:00:00,93.06641624718573
2011-02-20 17:00:00,92.78229810014825
2011-02-20 18:00:00,95.17402450176864
2011-02-20 19:00:00,102.09927374375576
2011-02-20 20:00:00,97.93562778838135
2011-02-20 21:00:00,93.73643746969155
2011-02-20 22:00:00,103.66346496450446
2011-02-20 23:00:00,102.20123020182618
2011-02-21 00:00:00,19.62983362063241
2011-02-21 01:00:00,21.514957002513984
2011-02-21 02:00:00,23.58111554921639
2011-02-21 03:00:00,25.754095328235522
2011-02-21 04:00:00,24.84993007375023
2011-02-21 05:00:00,28.647306372615756
2011-02-21 06:00:00,45.57955999466927
2011-02-21 07:00:00,49.86200873192113
2011-02-21 08:00:00,34.3562786151613
2011-02-21 09:00:00,37.58423873564907
2011-02-21 10:00:00,41.02453751669201
2011-02-21 11:00:00,45.164337567466326
2011-02-21 12:00:00,45.976003019880444
2011-02-21 13:00:00,26.67693675455073
2011-02-21 14:00:00,48.91283760174127
2011-02-21 15:00:00,53.51226267876869
2011-02-21 16:00:00,33.63532406188633
2011-02-21 17:00:00,57.02270441432567
2011-02-21 18:00:00,45.9988318478172
2011-02-21 19:00:00,50.416264778293964
2011-02-21 20:00:00,41.618042592883846
2011-02-21 21:00:00,45.40179819810394
2011-02-21 22:00:00,45.174067011868935
2011-02-21 23:00:00,49.5122948147399
2011-02-22 06:00:00,9.61810642248598
2011-02-22 07:00:00,10.869309124780235
2011-02-22 08:00:00,12.232870391064976
2011-02-22 09:00:00,14.958278967086619
2011-02-22 10:00:00,15.629292424844415
2011-02-22 11:00:00,20.81874399751619
2011-02-22 12:00:00,28.58814327051999
2011-02-22 13:00:00,35.85114638522042
2011-02-22 14:00:00,40.75863172694932
2011-02-22 15:00:00,53.02072840654035
2011-02-22 16:00:00,54.819609903754845
2011-02-22 17:00:00,61.66132203430658
2011-02-22 18:00:00,73.56506395393748
2011-02-22 19:00:00,79.34859775508365
2011-02-22 20:00:00,90.00812919289352
2011-02-22 21:00:00,102.18423633227684
2011-02-22 22:00:00,111.8452553973817
2011-02-22 23:00:00,126.39500975077792
2011-02-23 00:00:00,7.096478877844704
2011-02-23 01:00:00,8.61526799433565
2011-02-23 02:00:00,8.808540652999605
2011-02-23 03:00:00,9.812095003573395
2011-02-23 05:00:00,12.386402686380867
2011-02-23 06:00:00,13.917102983679229
2011-02-23 07:00:00,14.789633657247649
2011-02-23 08:00:00,17.02471934721206
2011-02-23 09:00:00,22.14203207398367
2011-02-23 10:00:00,28.05977829271025
2011-02-23 11:00:00,37.080372083518675
2011-02-23 12:00:00,46.74142327982016
2011-02-23 13:00:00,62.549590747714255
2011-02-23 14:00:00,74.17846579393364
2011-02-23 15:00:00,90.70428525839057
2011-02-23 16:00:00,93.26898654566281
2011-02-23 17:00:00,114.50780701720396
2011-02-23 18:00:00,120.49080990630851
2011-02-23 19:00:00,111.07188565814845
2011-02-23 20:00:00,82.01098980116016
2011-02-23 21:00:00,102.61063617050037
2011-02-23 22:00:00,115.29116459098005
2011-02-23 23:00:00,120.39197652305339
2011-02-24 00:00:00,8.884154931095166
2011-02-24 01:00:00,9.326637956517715
2011-02-24 02:00:00,9.151785625438832
2011-02-24 03:00:00,10.101839970703793
2011-02-24 05:00:00,11.718772948362929
2011-02-24 06:00:00,12.848367568503441
2011-02-24 07:00:00,13.68360475471491
2011-02-24 08:00:00,17.829011533787543
2011-02-24 09:00:00,22.149623010312244
2011-02-24 10:00:00,28.791450471903747
2011-02-24 11:00:00,44.47641678153156
2011-02-24 12:00:00,59.155972324611206
2011-02-24 13:00:00,72.41614304109527
2011-02-24 14:00:00,88.36329347790718
2011-02-24 15:00:00,57.03247139183736
2011-02-24 16:00:00,58.636035376456675
2011-02-24 17:00:00,58.04830744084605
2011-02-24 18:00:00,73.32313652577706
2011-02-24 19:00:00,54.911402549922116
2011-02-24 20:00:00,84.86883548473372
2011-02-24 21:00:00,102.94097170075675
2011-02-24 22:00:00,83.93102742966435
2011-02-24 23:00:00,115.5793872787601
2011-02-25 00:00:00,8.209468559571723
2011-02-25 01:00:00,11.285423692910458
2011-02-25 02:00:00,12.4780691499511
2011-02-25 03:00:00,15.93626637900614
2011-02-25 05:00:00,19.482541919783458
2011-02-25 06:00:00,16.37128466133098
2011-02-25 07:00:00,16.6991386776212
2011-02-25 08:00:00,20.544301551329447
2011-02-25 09:00:00,20.94901752738681
2011-02-25 10:00:00,30.227674134220127
2011-02-25 11:00:00,63.454554650309824
2011-02-25 12:00:00,66.13490725297918
2011-02-25 13:00:00,73.12405527553993
2011-02-25 14:00:00,87.5842347812563
2011-02-25 15:00:00,141.38400038445783
2011-02-25 16:00:00,85.66751801815288
2011-02-25 17:00:00,95.13996860014996
2011-02-25 18:00:00,104.97826941416177
2011-02-25 19:00:00,104.10227465989603
2011-02-25 20:00:00,119.94508109222181
2011-02-25 21:00:00,126.25028792346279
2011-02-25 22:00:00,128.88723355701512
2011-02-25 23:00:00,142.84681582098145
2011-02-26 00:00:00,15.826868962231774
2011-02-26 01:00:00,17.134469480999577
2011-02-26 02:00:00,15.502602116214913
2011-02-26 03:00:00,18.384317124346744
2011-02-26 04:00:00,21.962114526823967
2011-02-26 05:00:00,22.60102886629654
2011-02-26 06:00:00,21.303536953495193
2011-02-26 07:00:00,24.40427057294954
2011-02-26 08:00:00,30.257576833044226
2011-02-26 09:00:00,37.069015052181456
2011-02-26 10:00:00,47.97091141563916
2011-02-26 11:00:00,47.475612743434006
2011-02-26 12:00:00,61.8613731937334
2011-02-26 13:00:00,73.22181340458862
2011-02-26 14:00:00,83.22511344594663
2011-02-26 15:00:00,93.02698925444689
2011-02-26 16:00:00,93.23561232307357
2011-02-26 17:00:00,104.70701835778513
2011-02-26 18:00:00,102.38889543686278
2011-02-26 19:00:00,100.34688461577805
2011-02-26 20:00:00,93.17312495240792
2011-02-26 21:00:00,83.11945349574748
2011-02-26 22:00:00,76.73585591213143
2011-02-26 23:00:00,81.10870241399908
2011-02-27 00:00:00,9.967704263487871
2011-02-27 01:00:00,11.018486210288263
2011-02-27 02:00:00,12.154368176204585
2011-02-27 03:00:00,13.36557492887463
2011-02-27 04:00:00,12.684470727900944
2011-02-27 06:00:00,15.069245917591813
2011-02-27 07:00:00,15.659756569783855
2011-02-27 08:00:00,18.24323407782666
2011-02-27 09:00:00,21.48328529925669
2011-02-27 10:00:00,26.549437883236592
2011-02-27 11:00:00,45.64298023883749
2011-02-27 12:00:00,63.048069927782535
2011-02-27 13:00:00,72.42940340834036
2011-02-27 14:00:00,89.51005781410406
2011-02-27 15:00:00,107.2141907495255
2011-02-27 16:00:00,123.64102000932722
2011-02-27 17:00:00,98.15173175651903
2011-02-27 18:00:00,98.72259812209958
2011-02-27 19:00:00,104.5264317675363
2011-02-27 20:00:00,110.58737409452392
2011-02-27 21:00:00,102.54838134053055
2011-02-27 22:00:00,122.30234587041184
2011-02-27 23:00:00,121.01914770458423
2011-02-28 00:00:00,13.130013525252739
2011-02-28 01:00:00,7.366832136622323
2011-02-28 03:00:00,8.722313577791576
2011-02-28 05:00:00,15.041777016191123
2011-02-28 06:00:00,16.97705258909169
2011-02-28 07:00:00,20.675843406162674
2011-02-28 08:00:00,20.646663969213325
2011-02-28 09:00:00,29.364042892749147
2011-02-28 10:00:00,60.9293766496118
2011-02-28 11:00:00,82.02372877747604
2011-02-28 12:00:00,91.59693072398174
2011-02-28 13:00:00,35.961652988343744
2011-02-28 14:00:00,35.43896449348634
2011-02-28 15:00:00,39.575137878039406
2011-02-28 16:00:00,42.9344374867668
2011-02-28 17:00:00,48.029191237286376
2011-02-28 18:00:00,62.12741232912943
2011-02-28 19:00:00,75.68477696146236
2011-02-28 20:00:00,84.51814341440682
2011-02-28 21:00:00,118.70946276436754
2011-02-28 22:00:00,71.52736239422673
2011-02-28 23:00:00,121.20922641821257
2011-03-20 00:00:00,23.907016383468683
2011-03-20 01:00:00,22.60133946223113
2011-03-20 02:00:00,23.275350376683594
2011-03-20 03:00:00,22.13079822109693
2011-03-20 04:00:00,22.27592512277133
2011-03-20 05:00:00,22.433499726737203
2011-03-20 06:00:00,24.19160571034229
2011-03-20 07:00:00,23.908331700499943
2011-03-20 08:00:00,30.95000566742083
2011-03-20 09:00:00,37.594677822966716
2011-03-20 10:00:00,45.14991053018983
2011-03-20 11:00:00,56.708830117604286
2011-03-20 12:00:00,64.18837186872493
2011-03-20 13:00:00,71.31187399051748
2011-03-20 14:00:00,83.86980315321769
2011-03-20 15:00:00,95.79760677563878
2011-03-20 16:00:00,101.67447998322231
2011-03-20 17:00:00,112.40889961699115
2011-03-20 18:00:00,109.40329355587984
2011-03-20 19:00:00,104.22493982356089
2011-03-20 20:00:00,107.75730101379429
2011-03-20 21:00:00,107.12896475161726
2011-03-20 22:00:00,113.70272708781319
2011-03-20 23:00:00,69.78148174475461
2011-03-21 00:00:00,8.527022037545981
2011-03-21 01:00:00,14.393103878832868
2011-03-21 02:00:00,15.972867167168554
2011-03-21 03:00:00,17.83710188723169
2011-03-21 05:00:00,15.341958681450022
2011-03-21 06:00:00,14.899275102039278
2011-03-21 07:00:00,14.322108833257102
2011-03-21 08:00:00,22.827608250111496
2011-03-21 09:00:00,30.66362808855039
2011-03-21 10:00:00,45.818414497672656
2011-03-21 11:00:00,59.90010631315234
2011-03-21 12:00:00,65.09127997200291
2011-03-21 13:00:00,101.09703788940863
2011-03-21 14:00:00,123.87945050431613
2011-03-21 15:00:00,152.88676851335984
2011-03-21 16:00:00,155.83242567051283
2011-03-21 17:00:00,173.3058871330029
2011-03-21 18:00:00,164.01554723620706
2011-03-21 19:00:00,228.23000755535352
2011-03-21 20:00:00,219.38806497522063
2011-03-21 21:00:00,102.21928004430086
2011-03-21 22:00:00,132.46269037355012
2011-03-21 23:00:00,143.23596245974977
2011-03-22 00:00:00,9.990615604096366
2011-03-22 01:00:00,7.821461756598453
2011-03-22 02:00:00,10.40406479496236
2011-03-22 03:00:00,15.819759206304095
2011-03-22 04:00:00,21.21304059719478
2011-03-22 05:00:00,21.129410293816637
2011-03-22 06:00:00,18.906746167275223
2011-03-22 07:00:00,30.96619418332141
2011-03-22 08:00:00,43.3578464905774
2011-03-22 09:00:00,49.809115530979625
2011-03-22 10:00:00,64.60897124451463
2011-03-22 11:00:00,70.23076180153824
2011-03-22 12:00:00,87.60368468342378
2011-03-22 13:00:00,114.11751729043227
2011-03-22 14:00:00,134.80528045679782
2011-03-22 15:00:00,150.20258214838748
2011-03-22 16:00:00,165.21974174341824
2011-03-22 17:00:00,186.71289000578602
2011-03-22 18:00:00,193.3201310738926
2011-03-22 19:00:00,193.06072624267043
2011-03-22 20:00:00,220.98708771187643
2011-03-22 21:00:00,232.52875079587946
2011-03-22 22:00:00,238.79796636195547
2011-03-22 23:00:00,269.8627776345697
2011-03-23 00:00:00,8.707941245057107
2011-03-23 01:00:00,8.715352035837842
2011-03-23 02:00:00,9.792387256643726
2011-03-23 03:00:00,16.732419278525096
2011-03-23 05:00:00,12.54194308872534
2011-03-23 06:00:00,20.721498064538817
2011-03-23 07:00:00,20.26688019679384
2011-03-23 08:00:00,25.386182614581298
2011-03-23 09:00:00,29.93537047678503
2011-03-23 10:00:00,35.78563527159203
2011-03-23 11:00:00,37.98349349704518
2011-03-23 12:00:00,41.500489477513426
2011-03-23 13:00:00,33.17235344262343
2011-03-23 14:00:00,57.19441872821447
2011-03-23 15:00:00,75.97492418324909
2011-03-23 16:00:00,96.88937504821092
2011-03-23 17:00:00,108.86287526021552
2011-03-23 18:00:00,73.89551447410044
2011-03-23 19:00:00,83.02745446010523
2011-03-23 20:00:00,75.6608847284656
2011-03-23 21:00:00,69.29917636360275
2011-03-23 22:00:00,119.4366371769807
2011-03-23 23:00:00,93.25903647319878
2011-03-24 00:00:00,9.648589170459198
2011-03-24 01:00:00,9.323569336778478
2011-03-24 02:00:00,10.487881078961518
2011-03-24 03:00:00,11.050753399561176
2011-03-24 04:00:00,12.373929309543426
2011-03-24 05:00:00,15.257030883421434
2011-03-24 06:00:00,17.08385073840083
2011-03-24 07:00:00,12.461307388695328
2011-03-24 08:00:00,12.703324183838506
2011-03-24 09:00:00,22.72786136165499
2011-03-24 10:00:00,23.421463403816727
2011-03-24 11:00:00,35.847946745954204
2011-03-24 12:00:00,45.77091993542713
2011-03-24 13:00:00,55.3018934012745
2011-03-24 14:00:00,58.89626222301138
2011-03-24 15:00:00,65.5962034691269
2011-03-24 16:00:00,76.88829641769094
2011-03-24 17:00:00,81.86916933249981
2011-03-24 18:00:00,98.86849208851397
2011-03-24 19:00:00,107.51687544904226
2011-03-24 20:00:00,103.84584700349517
2011-03-24 21:00:00,104.9693309856084
2011-03-24 22:00:00,116.22793973087875
2011-03-24 23:00:00,120.23507248622784
2011-03-25 00:00:00,12.704988005470213
2011-03-25 01:00:00,11.214327068102886
2011-03-25 02:00:00,12.117855518110387
2011-03-25 03:00:00,13.944278308243394
2011-03-25 04:00:00,13.612178152143969
2011-03-25 05:00:00,14.719451754298444
2011-03-25 06:00:00,15.809813359562938
2011-03-25 07:00:00,23.38658701390011
2011-03-25 08:00:00,31.375560706991962
2011-03-25 09:00:00,37.79287224456225
2011-03-25 10:00:00,40.18654480831469
2011-03-25 11:00:00,58.20939791543786
2011-03-25 12:00:00,70.61183542495033
2011-03-25 13:00:00,80.37612651338671
2011-03-25 14:00:00,110.0793718663985
2011-03-25 15:00:00,106.67659308092962
2011-03-25 16:00:00,120.24846250372451
2011-03-25 17:00:00,124.49277472802667
2011-03-25 18:00:00,126.22497535120904
2011-03-25 19:00:00,142.44830318396708
2011-03-25 20:00:00,150.68512339687308
2011-03-25 21:00:00,167.79939117865433
2011-03-25 22:00:00,180.36758007382608
2011-03-25 23:00:00,188.01615724485603
2011-03-26 00:00:00,23.531394391027618
2011-03-26 01:00:00,25.751472394095238
2011-03-26 02:00:00,22.97684451997291
2011-03-26 03:00:00,22.59083941478827
2011-03-26 04:00:00,27.028152325180695
2011-03-26 05:00:00,24.969346753448843
2011-03-26 06:00:00,24.24601067968611
2011-03-26 07:00:00,29.37197520424652
2011-03-26 08:00:00,37.0243975383676
2011-03-26 09:00:00,43.93641499154217
2011-03-26 10:00:00,50.54408165261451
2011-03-26 11:00:00,60.088704239047544
2011-03-26 12:00:00,70.99551602857665
2011-03-26 13:00:00,84.79074054479842
2011-03-26 14:00:00,101.65049499610848
2011-03-26 15:00:00,108.82800673897597
2011-03-26 16:00:00,124.29135549624007
2011-03-26 17:00:00,128.97647214888153
2011-03-26 18:00:00,126.57567705795951
2011-03-26 19:00:00,110.07092587427074
2011-03-26 20:00:00,119.38110812545014
2011-03-26 21:00:00,122.2378752315671
2011-03-26 22:00:00,144.01922251269875
2011-03-26 23:00:00,144.6102927001384
2011-03-27 00:00:00,23.499791649259173
2011-03-27 01:00:00,21.613024371403665
2011-03-27 02:00:00,12.826364462614595
2011-03-27 03:00:00,11.934498901676763
2011-03-27 04:00:00,12.13695928004935
2011-03-27 06:00:00,12.324671817760093
2011-03-27 07:00:00,12.635178322489331
2011-03-27 08:00:00,22.80973298046902
2011-03-27 09:00:00,32.365809637657414
2011-03-27 10:00:00,37.62347931705424
2011-03-27 11:00:00,45.63227615948133
2011-03-27 12:00:00,53.949252967475225
2011-03-27 13:00:00,67.34396798047737
2011-03-27 14:00:00,78.37775308204431
2011-03-27 15:00:00,85.81069141455752
2011-03-27 16:00:00,88.63688391257213
2011-03-27 17:00:00,103.99407676176757
2011-03-27 18:00:00,102.15675094869268
2011-03-27 19:00:00,112.68523934949833
2011-03-27 20:00:00,106.80355950758967
2011-03-27 21:00:00,102.00402846232066
2011-03-27 22:00:00,109.4262565806156
2011-03-27 23:00:00,113.55640227334341
2011-03-28 00:00:00,9.81917488034408
2011-03-28 01:00:00,12.818591106792093
2011-03-28 02:00:00,14.229102922525847
2011-03-28 03:00:00,15.889818398708442
2011-03-28 05:00:00,18.351970574240788
2011-03-28 06:00:00,23.973575661591212
2011-03-28 07:00:00,28.88827214384867
2011-03-28 08:00:00,30.70067538286088
2011-03-28 09:00:00,35.29799571665655
2011-03-28 10:00:00,43.95868918031479
2011-03-28 11:00:00,49.52675045253497
2011-03-28 12:00:00,49.683490631240744
2011-03-28 13:00:00,69.59924953091353
2011-03-28 14:00:00,90.89849012177423
2011-03-28 15:00:00,100.40532795948788
2011-03-28 16:00:00,118.51880009438868
2011-03-28 17:00:00,135.73727177754438
2011-03-28 18:00:00,143.97007829108603
2011-03-28 19:00:00,144.68489185127982
2011-03-28 20:00:00,165.9796732852245
2011-03-28 21:00:00,188.30450225791307
2011-03-28 22:00:00,208.7236048374301
2011-03-28 23:00:00,222.70923635144695
2011-03-29 00:00:00,13.888927971329405
2011-03-29 01:00:00,14.077569205640904
2011-03-29 02:00:00,15.908895649550185
2011-03-29 03:00:00,17.97845615895548
2011-03-29 04:00:00,15.271706238455861
2011-03-29 05:00:00,20.2001005838101
2011-03-29 06:00:00,21.660488316550893
2011-03-29 07:00:00,24.513349190175497
2011-03-29 08:00:00,31.888894910585794
2011-03-29 09:00:00,43.695431250283924
2011-03-29 10:00:00,53.998006642372545
2011-03-29 11:00:00,62.70542639742549
2011-03-29 12:00:00,72.45451064454478
2011-03-29 13:00:00,85.76814970679548
2011-03-29 14:00:00,100.75593547881772
2011-03-29 15:00:00,116.0038105636554
2011-03-29 16:00:00,131.6336714247823
2011-03-29 17:00:00,158.10546885656606
2011-03-29 18:00:00,158.7145578348759
2011-03-29 19:00:00,174.44612954367824
2011-03-29 20:00:00,202.6942775517623
2011-03-29 21:00:00,168.97893906077366
2011-03-29 22:00:00,178.04802148994312
2011-03-29 23:00:00,202.57492093896485
2011-03-30 00:00:00,12.668055550980968
2011-03-30 01:00:00,15.649493489424898
2011-03-30 02:00:00,15.99253283549535
2011-03-30 03:00:00,18.84594984031637
2011-03-30 04:00:00,20.18945255371829
2011-03-30 05:00:00,22.647196532018082
2011-03-30 06:00:00,26.94598565146493
2011-03-30 07:00:00,32.98419168407541
2011-03-30 08:00:00,36.38464275441577
2011-03-30 09:00:00,42.0934445569399
2011-03-30 10:00:00,49.92254608749901
2011-03-30 11:00:00,56.349514547176135
2011-03-30 12:00:00,62.90102457321951
2011-03-30 13:00:00,76.08322329039567
2011-03-30 14:00:00,85.60019583623313
2011-03-30 15:00:00,35.243876621278645
2011-03-30 16:00:00,39.37320026873378
2011-03-30 17:00:00,40.699228605428246
2011-03-30 18:00:00,62.15557315249583
2011-03-30 19:00:00,69.83670194446431
2011-03-30 20:00:00,49.07698484911773
2011-03-30 21:00:00,79.88297348757769
2011-03-30 22:00:00,64.6141798976153
2011-03-30 23:00:00,69.48076462264898
2011-03-31 00:00:00,5.3573505117123
2011-03-31 01:00:00,5.96763645886249
2011-03-31 02:00:00,6.682178944464642
2011-03-31 03:00:00,7.521375837807097
2011-03-31 04:00:00,8.460632670572439
2011-03-31 05:00:00,9.430370956033814
2011-03-31 06:00:00,10.125158912424757
2011-03-31 07:00:00,11.878184561918085
2011-03-31 08:00:00,16.79988236634564
2011-03-31 09:00:00,15.753559312549958
2011-03-31 10:00:00,17.63983162586313
2011-03-31 11:00:00,21.64420288846536
2011-03-31 12:00:00,24.23579884733675
2011-03-31 13:00:00,30.656689683141032
2011-03-31 14:00:00,34.32740712672689
2011-03-31 15:00:00,36.63156887605674
2011-03-31 16:00:00,60.56581905392248
2011-03-31 17:00:00,67.8177438632915
2011-03-31 18:00:00,77.02221451282634
2011-03-31 19:00:00,86.24456660882994
2011-03-31 20:00:00,58.08281480315968
2011-03-31 21:00:00,92.14128840525922
2011-03-31 22:00:00,75.83470850048577
2011-03-31 23:00:00,75.25716679619609
2011-04-20 00:00:00,10.529743160895224
2011-04-20 01:00:00,10.01756743685344
2011-04-20 02:00:00,11.255529244009775
2011-04-20 03:00:00,11.479351275630068
2011-04-20 04:00:00,11.765735128237203
2011-04-20 05:00:00,15.456058284772018
2011-04-20 06:00:00,17.93826785211146
2011-04-20 07:00:00,18.969487847081677
2011-04-20 08:00:00,62.0166345466545
2011-04-20 09:00:00,87.21263238273956
2011-04-20 10:00:00,73.7910774972558
2011-04-20 11:00:00,82.91011125733293
2011-04-20 12:00:00,170.97294385979424
2011-04-20 13:00:00,192.10162364055998
2011-04-20 14:00:00,255.87147233877047
2011-04-20 15:00:00,302.8612197194687
2011-04-20 16:00:00,340.2885318134367
2011-04-20 17:00:00,370.6349691781618
2011-04-20 18:00:00,443.2079404738926
2011-04-20 19:00:00,452.5230383059452
2011-04-20 20:00:00,472.7960330062326
2011-04-20 21:00:00,512.2332008070907
2011-04-20 22:00:00,500.69261402018464
2011-04-20 23:00:00,544.6035128824502
2011-04-21 00:00:00,34.619617256865226
2011-04-21 01:00:00,33.13556799556402
2011-04-21 02:00:00,36.70873752333577
2011-04-21 03:00:00,35.27608062719417
2011-04-21 04:00:00,36.300763539639405
2011-04-21 05:00:00,38.48100018527442
2011-04-21 06:00:00,39.39663045213105
2011-04-21 07:00:00,49.98942299448128
2011-04-21 08:00:00,51.78329124828628
2011-04-21 09:00:00,61.539876978017126
2011-04-21 10:00:00,68.7743277315097
2011-04-21 11:00:00,83.73105352861894
2011-04-21 12:00:00,100.55534594864459
2011-04-21 13:00:00,127.70886453534457
2011-04-21 14:00:00,152.26185385635424
2011-04-21 15:00:00,187.40494142808487
2011-04-21 16:00:00,210.57309860497148
2011-04-21 17:00:00,213.3949020212617
2011-04-21 18:00:00,248.1178336332755
2011-04-21 19:00:00,241.92298206515883
2011-04-21 20:00:00,244.75616619613638
2011-04-21 21:00:00,226.3106343661654
2011-04-21 22:00:00,268.2919384541269
2011-04-21 23:00:00,270.9944849528113
2011-04-22 00:00:00,18.456793223121707
2011-04-22 01:00:00,22.963702088623414
2011-04-22 02:00:00,25.54356875342513
2011-04-22 03:00:00,28.243017357159413
2011-04-22 04:00:00,29.274050489418112
2011-04-22 05:00:00,32.0875532515168
2011-04-22 06:00:00,35.7883648690311
2011-04-22 07:00:00,42.54555407528133
2011-04-22 08:00:00,46.84872491575538
2011-04-22 09:00:00,28.934395138795434
2011-04-22 10:00:00,56.89696623298536
2011-04-22 11:00:00,35.6764734278036
2011-04-22 12:00:00,37.06103962574265
2011-04-22 13:00:00,38.61836298538935
2011-04-22 14:00:00,41.71265688623579
2011-04-22 15:00:00,47.212054432487726
2011-04-22 16:00:00,51.521411028855965
2011-04-22 17:00:00,50.68402579839884
2011-04-22 18:00:00,56.04032209332329
2011-04-22 19:00:00,61.96267267353938
2011-04-22 20:00:00,71.75119400053829
2011-04-22 21:00:00,73.85263593708947
2011-04-22 22:00:00,76.78728400178981
2011-04-22 23:00:00,96.79297281608073
2011-04-23 00:00:00,15.020715924430359
2011-04-23 01:00:00,16.29122038951846
2011-04-23 02:00:00,13.575221367826881
2011-04-23 03:00:00,14.520618270319169
2011-04-23 04:00:00,15.692670013073094
2011-04-23 05:00:00,17.020010695172992
2011-04-23 06:00:00,25.443231127092325
2011-04-23 07:00:00,20.74581307554668
2011-04-23 08:00:00,30.754915135087067
2011-04-23 09:00:00,41.90204721791137
2011-04-23 10:00:00,53.75168527074429
2011-04-23 11:00:00,63.29913458786747
2011-04-23 12:00:00,68.04267603858847
2011-04-23 13:00:00,73.5931216213301
2011-04-23 14:00:00,99.68755019456245
2011-04-23 15:00:00,128.55794069498097
2011-04-23 16:00:00,137.81064559369216
2011-04-23 17:00:00,150.2837026697352
2011-04-23 18:00:00,134.8587143070525
2011-04-23 19:00:00,126.20092041358069
2011-04-23 20:00:00,150.62597009964406
2011-04-23 21:00:00,188.0531068583058
2011-04-23 22:00:00,232.41499238847032
2011-04-23 23:00:00,189.16090207951723
2011-04-24 00:00:00,26.094671052814345
2011-04-24 01:00:00,23.76394573375284
2011-04-24 02:00:00,25.493107109882654
2011-04-24 03:00:00,22.745449761271605
2011-04-24 04:00:00,24.4005012266531
2011-04-24 05:00:00,26.175980970297324
2011-04-24 06:00:00,30.48225492696895
2011-04-24 07:00:00,32.700267813700684
2011-04-24 08:00:00,34.17846627239921
2011-04-24 09:00:00,45.73835320260392
2011-04-24 10:00:00,67.4688770646268
2011-04-24 11:00:00,109.09332610076918
2011-04-24 12:00:00,122.78854520866456
2011-04-24 13:00:00,159.9148963676625
2011-04-24 14:00:00,187.44221728198767
2011-04-24 15:00:00,162.1176148454367
2011-04-24 16:00:00,254.0392760464515
2011-04-24 17:00:00,171.1518380703548
2011-04-24 18:00:00,158.31330525716996
2011-04-24 19:00:00,97.53458790204922
2011-04-24 20:00:00,104.63160134108577
2011-04-24 21:00:00,84.22123559188273
2011-04-24 22:00:00,79.99299416868249
2011-04-24 23:00:00,84.03126287031475
2011-04-25 00:00:00,8.622461028593657
2011-04-25 01:00:00,10.051430893571252
2011-04-25 02:00:00,11.224559441001205
2011-04-25 03:00:00,17.016485470362994
2011-04-25 04:00:00,17.80279339982508
2011-04-25 05:00:00,18.74237072305361
2011-04-25 06:00:00,21.852547587923333
2011-04-25 07:00:00,26.745414361170432
2011-04-25 08:00:00,32.09135459982412
2011-04-25 09:00:00,43.63093427848548
2011-04-25 10:00:00,69.13792717849198
2011-04-25 11:00:00,77.20719382739243
2011-04-25 12:00:00,85.87182139717845
2011-04-25 13:00:00,127.0727537971086
2011-04-25 14:00:00,187.56694933242665
2011-04-25 15:00:00,226.0425540569761
2011-04-25 16:00:00,231.79887136200156
2011-04-25 17:00:00,257.1001199270243
2011-04-25 18:00:00,264.2322943521463
2011-04-25 19:00:00,284.63382354601595
2011-04-25 20:00:00,290.87937725395
2011-04-25 21:00:00,253.7744387140118
2011-04-25 22:00:00,250.28244986693124
2011-04-25 23:00:00,235.31902726574
2011-04-26 00:00:00,21.574331178385105
2011-04-26 01:00:00,21.92156357754705
2011-04-26 02:00:00,17.456209828737332
2011-04-26 03:00:00,16.662967622390347
2011-04-26 04:00:00,22.081197217161755
2011-04-26 05:00:00,21.1929369775603
2011-04-26 06:00:00,24.41922918696586
2011-04-26 07:00:00,32.91909762794233
2011-04-26 08:00:00,37.201485667741736
2011-04-26 09:00:00,60.302747827354374
2011-04-26 10:00:00,77.66106735142114
2011-04-26 11:00:00,99.88799511075196
2011-04-26 12:00:00,127.7496870468746
2011-04-26 13:00:00,186.72193253043918
2011-04-26 14:00:00,177.21708384797856
2011-04-26 15:00:00,183.3096512858624
2011-04-26 16:00:00,222.5953191016019
2011-04-26 17:00:00,228.40799015861472
2011-04-26 18:00:00,236.3945039500167
2011-04-26 19:00:00,206.04986019190048
2011-04-26 20:00:00,231.51177577359792
2011-04-26 21:00:00,220.45676126791645
2011-04-26 22:00:00,262.9265522824502
2011-04-26 23:00:00,298.68282809096297
2011-04-27 00:00:00,15.723231974606453
2011-04-27 01:00:00,17.747421922928883
2011-04-27 02:00:00,16.854164786304825
2011-04-27 03:00:00,24.750370413979063
2011-04-27 04:00:00,17.32903688971933
2011-04-27 05:00:00,26.29089428242745
2011-04-27 06:00:00,21.977157701558376
2011-04-27 07:00:00,39.44539295308702
2011-04-27 08:00:00,44.562142797998135
2011-04-27 09:00:00,51.22698434278266
2011-04-27 10:00:00,65.63212474150076
2011-04-27 11:00:00,84.89388368530474
2011-04-27 12:00:00,78.90885411894216
2011-04-27 13:00:00,87.00752436422069
2011-04-27 14:00:00,113.57327137528075
2011-04-27 15:00:00,170.9556972063853
2011-04-27 16:00:00,165.55457432626883
2011-04-27 17:00:00,105.61050813897978
2011-04-27 18:00:00,118.66175798926247
2011-04-27 19:00:00,171.8785930966212
2011-04-27 20:00:00,168.9341666422392
2011-04-27 21:00:00,159.03112630748643
2011-04-27 22:00:00,233.94705968802398
2011-04-27 23:00:00,263.7119297035406
2011-04-28 00:00:00,20.728233938462505
2011-04-28 01:00:00,24.95613405578442
2011-04-28 02:00:00,28.095100920027793
2011-04-28 03:00:00,36.02177321756445
2011-04-28 04:00:00,35.13433077746972
2011-04-28 05:00:00,39.231984946979914
2011-04-28 06:00:00,50.90801658148436
2011-04-28 07:00:00,56.933201151790556
2011-04-28 08:00:00,64.74442795986494
2011-04-28 09:00:00,37.93641134701851
2011-04-28 10:00:00,59.77658675634073
2011-04-28 11:00:00,76.42854887945492
2011-04-28 12:00:00,96.49807564913837
2011-04-28 13:00:00,96.00886193630237
2011-04-28 14:00:00,84.81328216523634
2011-04-28 15:00:00,148.62726115901933
2011-04-28 16:00:00,122.94784276729155
2011-04-28 17:00:00,281.0139486341142
2011-04-28 18:00:00,314.66150855671935
2011-04-28 19:00:00,351.2381637355052
2011-04-28 20:00:00,345.6279863933419
2011-04-28 21:00:00,347.34068610875556
2011-04-28 22:00:00,373.9467525114663
2011-04-28 23:00:00,435.07248117662897
2011-04-29 00:00:00,41.620900223996124
2011-04-29 01:00:00,39.202472846284415
2011-04-29 02:00:00,30.464805702845684
2011-04-29 03:00:00,35.57982685427973
2011-04-29 04:00:00,44.33066903138369
2011-04-29 05:00:00,51.3037313586436
2011-04-29 06:00:00,67.48693558513928
2011-04-29 07:00:00,80.67717042612301
2011-04-29 08:00:00,98.9925852021756
2011-04-29 09:00:00,109.84343278341093
2011-04-29 10:00:00,127.00432474331713
2011-04-29 11:00:00,159.67028961735522
2011-04-29 12:00:00,159.35734542039944
2011-04-29 13:00:00,176.53297001909598
2011-04-29 14:00:00,222.74348224148713
2011-04-29 15:00:00,211.27153858220493
2011-04-29 16:00:00,219.84049271854437
2011-04-29 17:00:00,226.1475291540226
2011-04-29 18:00:00,233.5519309508001
2011-04-29 19:00:00,196.49882858372646
2011-04-29 20:00:00,248.33111994655863
2011-04-29 21:00:00,247.7997055923143
2011-04-29 22:00:00,220.09842385364945
2011-04-29 23:00:00,288.96186503714875
2011-04-30 00:00:00,37.520251658208494
2011-04-30 01:00:00,40.05634230453767
2011-04-30 02:00:00,43.93411764706823
2011-04-30 03:00:00,44.52188250837315
2011-04-30 04:00:00,48.540020055472446
2011-04-30 05:00:00,49.662997092284
2011-04-30 06:00:00,47.55243084159553
2011-04-30 07:00:00,54.87029364557556
2011-04-30 08:00:00,58.93121109672196
2011-04-30 09:00:00,75.64382810953418
2011-04-30 10:00:00,100.79265534139877
2011-04-30 11:00:00,118.3428189164486
2011-04-30 12:00:00,136.946078456869
2011-04-30 13:00:00,160.66333171271626
2011-04-30 14:00:00,172.41688660374749
2011-04-30 15:00:00,198.13455940955603
2011-04-30 16:00:00,230.64521546045268
2011-04-30 17:00:00,220.44490046474095
2011-04-30 18:00:00,225.5148938249262
2011-04-30 19:00:00,244.58972893863805
2011-04-30 20:00:00,154.0649005467885
2011-04-30 21:00:00,167.09624639227349
2011-04-30 22:00:00,166.2583442956421
2011-04-30 23:00:00,180.32105407914827
2011-05-20 00:00:00,13.252326824163088
2011-05-20 01:00:00,11.640374180938105
2011-05-20 02:00:00,13.521855426376613
2011-05-20 03:00:00,13.858903410413486
2011-05-20 04:00:00,19.154536723057138
2011-05-20 05:00:00,21.28904911531317
2011-05-20 06:00:00,28.0983126799275
2011-05-20 07:00:00,43.82498415262397
2011-05-20 08:00:00,58.05288799867627
2011-05-20 09:00:00,71.51105790115297
2011-05-20 10:00:00,89.11039996165682
2011-05-20 11:00:00,124.53304534077897
2011-05-20 12:00:00,157.37447272761642
2011-05-20 13:00:00,103.90541855329265
2011-05-20 14:00:00,190.98586526164482
2011-05-20 15:00:00,210.65394364812096
2011-05-20 16:00:00,238.9727620568385
2011-05-20 17:00:00,231.72342088421829
2011-05-20 18:00:00,258.3298371136092
2011-05-20 19:00:00,224.20642991674248
2011-05-20 20:00:00,249.1911847035655
2011-05-20 21:00:00,263.2623361532086
2011-05-20 22:00:00,213.47036961754299
2011-05-20 23:00:00,254.11692233514768
2011-05-21 00:00:00,28.11842822626346
2011-05-21 01:00:00,31.31099312323009
2011-05-21 02:00:00,36.82577206043264
2011-05-21 03:00:00,29.5185266796598
2011-05-21 04:00:00,27.080470954259333
2011-05-21 05:00:00,29.117192192568528
2011-05-21 06:00:00,39.56424160557203
2011-05-21 07:00:00,57.045613237439674
2011-05-21 08:00:00,73.81226628541566
2011-05-21 09:00:00,95.91752299121168
2011-05-21 10:00:00,111.31985276793225
2011-05-21 11:00:00,146.95410036389617
2011-05-21 12:00:00,158.30899380251776
2011-05-21 13:00:00,198.24769707389444
2011-05-21 14:00:00,231.5563370783244
2011-05-21 15:00:00,269.68393997740515
2011-05-21 16:00:00,316.2800141473601
2011-05-21 17:00:00,331.0950187027184
2011-05-21 18:00:00,338.8138826393152
2011-05-21 19:00:00,335.02254992299027
2011-05-21 20:00:00,231.21204425812604
2011-05-21 21:00:00,271.93522754023934
2011-05-21 22:00:00,240.78774594746668
2011-05-21 23:00:00,197.00374315183433
2011-05-22 00:00:00,23.359678855669582
2011-05-22 01:00:00,20.524137869153538
2011-05-22 02:00:00,21.827270776185365
2011-05-22 03:00:00,19.298216895950624
2011-05-22 04:00:00,19.09103044488051
2011-05-22 05:00:00,22.208826975546746
2011-05-22 06:00:00,28.907884503590076
2011-05-22 07:00:00,37.59552982706554
2011-05-22 08:00:00,65.81704382035308
2011-05-22 09:00:00,80.84752406082096
2011-05-22 10:00:00,98.742652317036
2011-05-22 11:00:00,148.9187708929815
2011-05-22 12:00:00,185.66363071262825
2011-05-22 13:00:00,174.9003207470472
2011-05-22 14:00:00,88.03467075171234
2011-05-22 15:00:00,179.7321713293483
2011-05-22 16:00:00,175.00686399069662
2011-05-22 17:00:00,210.9210223022333
2011-05-22 18:00:00,199.22922946540208
2011-05-22 19:00:00,212.6149643674986
2011-05-22 20:00:00,200.74163583315078
2011-05-22 21:00:00,172.58519944477393
2011-05-22 22:00:00,134.45680557107426
2011-05-22 23:00:00,178.72188077278616
2011-05-23 00:00:00,17.418909065103392
2011-05-23 01:00:00,14.818292328780174
2011-05-23 02:00:00,15.45246708685207
2011-05-23 03:00:00,15.117816609322464
2011-05-23 04:00:00,21.009809359723292
2011-05-23 05:00:00,23.461918656093864
2011-05-23 06:00:00,22.458879451459595
2011-05-23 07:00:00,32.24018175062938
2011-05-23 08:00:00,33.918343322238364
2011-05-23 09:00:00,38.07496307752808
2011-05-23 10:00:00,69.27523354450885
2011-05-23 11:00:00,91.66755106348579
2011-05-23 12:00:00,102.3663085005333
2011-05-23 13:00:00,177.97539989624698
2011-05-23 14:00:00,183.15658059249668
2011-05-23 15:00:00,203.34550078803707
2011-05-23 16:00:00,223.65753438747643
2011-05-23 17:00:00,134.4537764500513
2011-05-23 18:00:00,170.94641848739332
2011-05-23 19:00:00,189.24555377889175
2011-05-23 20:00:00,154.19456174051666
2011-05-23 21:00:00,141.30030871589
2011-05-23 22:00:00,132.4651864877992
2011-05-23 23:00:00,234.32717433853765
2011-05-24 00:00:00,13.299106598731658
2011-05-24 01:00:00,14.939313554059657
2011-05-24 02:00:00,16.984281976945788
2011-05-24 03:00:00,18.69163851663336
2011-05-24 04:00:00,19.246936397642052
2011-05-24 05:00:00,24.637107935524654
2011-05-24 06:00:00,27.570766231435254
2011-05-24 07:00:00,32.97274624429828
2011-05-24 08:00:00,33.41848266679038
2011-05-24 09:00:00,70.82260061406836
2011-05-24 10:00:00,99.13225396988778
2011-05-24 11:00:00,142.48797191490831
2011-05-24 12:00:00,186.56901132529694
2011-05-24 13:00:00,207.82885262020366
2011-05-24 14:00:00,235.83275817918673
2011-05-24 15:00:00,142.475513044228
2011-05-24 16:00:00,158.14798939820832
2011-05-24 17:00:00,223.9400786739846
2011-05-24 18:00:00,203.42220731581799
2011-05-24 19:00:00,198.56767836890646
2011-05-24 20:00:00,218.4245513701782
2011-05-24 21:00:00,215.12825280948215
2011-05-24 22:00:00,166.59176249336562
2011-05-24 23:00:00,254.98926950879945
2011-05-25 00:00:00,13.70555073916569
2011-05-25 01:00:00,14.974909812130235
2011-05-25 02:00:00,16.5609315039268
2011-05-25 03:00:00,12.370410868777828
2011-05-25 04:00:00,13.779011559111149
2011-05-25 05:00:00,22.588208791083186
2011-05-25 06:00:00,21.183553026617425
2011-05-25 07:00:00,47.428515998117845
2011-05-25 08:00:00,61.83466443963686
2011-05-25 09:00:00,78.28184469902612
2011-05-25 10:00:00,99.26399197656092
2011-05-25 11:00:00,143.8759195691856
2011-05-25 12:00:00,151.88496030496148
2011-05-25 13:00:00,170.65476456375393
2011-05-25 14:00:00,193.1134609086316
2011-05-25 15:00:00,239.01598320804226
2011-05-25 16:00:00,268.38917213787715
2011-05-25 17:00:00,298.9461069404046
2011-05-25 18:00:00,285.39408950603615
2011-05-25 19:00:00,287.24293019451966
2011-05-25 20:00:00,325.04499076366125
2011-05-25 21:00:00,283.16298054769237
2011-05-25 22:00:00,325.52777018358904
2011-05-25 23:00:00,313.6822007459318
2011-05-26 00:00:00,23.14773252368793
2011-05-26 01:00:00,25.919355501653783
2011-05-26 02:00:00,21.02554083168193
2011-05-26 03:00:00,19.710399891519675
2011-05-26 04:00:00,20.458521215651402
2011-05-26 05:00:00,32.17378880411094
2011-05-26 06:00:00,25.71964307330571
2011-05-26 07:00:00,35.81489476032045
2011-05-26 08:00:00,54.55040684790739
2011-05-26 09:00:00,74.72502325248425
2011-05-26 10:00:00,74.68550958136431
2011-05-26 11:00:00,107.70045493018938
2011-05-26 12:00:00,150.88676564150725
2011-05-26 13:00:00,201.3109798813471
2011-05-26 14:00:00,225.41520421455132
2011-05-26 15:00:00,297.2981254172696
2011-05-26 16:00:00,320.2172335090205
2011-05-26 17:00:00,354.29345974943175
2011-05-26 18:00:00,398.8825260935029
2011-05-26 19:00:00,438.82104375220655
2011-05-26 20:00:00,358.03790806133276
2011-05-26 21:00:00,357.4936042450958
2011-05-26 22:00:00,367.7618277537902
2011-05-26 23:00:00,417.231473991767
2011-05-27 00:00:00,36.24461519406837
2011-05-27 01:00:00,54.18363020394487
2011-05-27 02:00:00,53.98648074356814
2011-05-27 03:00:00,51.19125975284682
2011-05-27 04:00:00,50.576567729452215
2011-05-27 05:00:00,63.30300533378282
2011-05-27 06:00:00,60.97946284786542
2011-05-27 07:00:00,61.95690137954912
2011-05-27 08:00:00,69.2826137658562
2011-05-27 09:00:00,101.9774019389298
2011-05-27 10:00:00,150.79087073769819
2011-05-27 11:00:00,180.8231010256939
2011-05-27 12:00:00,202.3877817979833
2011-05-27 13:00:00,185.45358600691907
2011-05-27 14:00:00,225.305162745413
2011-05-27 15:00:00,287.6489203143557
2011-05-27 16:00:00,305.46205731270953
2011-05-27 17:00:00,284.362039086958
2011-05-27 18:00:00,315.57365207951983
2011-05-27 19:00:00,144.18151586647937
2011-05-27 20:00:00,270.9613199607345
2011-05-27 21:00:00,178.6571737080569
2011-05-27 22:00:00,230.62188567977006
2011-05-27 23:00:00,186.21622560458323
2011-05-28 00:00:00,23.306121723376034
2011-05-28 01:00:00,25.611066660314677
2011-05-28 02:00:00,22.72690819481302
2011-05-28 03:00:00,29.68611906563841
2011-05-28 04:00:00,32.34493014788335
2011-05-28 05:00:00,34.92041508798416
2011-05-28 06:00:00,44.90925414670067
2011-05-28 07:00:00,49.807015670622214
2011-05-28 08:00:00,63.34833644841849
2011-05-28 09:00:00,81.6279342516066
2011-05-28 10:00:00,116.31181519188526
2011-05-28 11:00:00,126.14987359650776
2011-05-28 12:00:00,166.58771715710094
2011-05-28 13:00:00,163.77777258711143
2011-05-28 14:00:00,198.57664696201184
2011-05-28 15:00:00,230.72354622630417
2011-05-28 16:00:00,256.37933476195735
2011-05-28 17:00:00,274.294972117056
2011-05-28 18:00:00,246.92194980139112
2011-05-28 19:00:00,240.28533351403553
2011-05-28 20:00:00,261.97128806522693
2011-05-28 21:00:00,215.70811202664353
2011-05-28 22:00:00,204.8536953745075
2011-05-28 23:00:00,186.29703031947983
2011-05-29 00:00:00,30.089084801464306
2011-05-29 01:00:00,26.88887873124232
2011-05-29 02:00:00,28.393355626036325
2011-05-29 03:00:00,30.459371700863862
2011-05-29 04:00:00,32.08994084758021
2011-05-29 05:00:00,28.828104034650217
2011-05-29 06:00:00,50.04534068447843
2011-05-29 07:00:00,54.21520710858947
2011-05-29 08:00:00,57.89426350691469
2011-05-29 09:00:00,52.69813939533276
2011-05-29 10:00:00,77.76527372622373
2011-05-29 11:00:00,84.15223565264765
2011-05-29 12:00:00,115.7758392218036
2011-05-29 13:00:00,118.47491820398406
2011-05-29 14:00:00,127.44279816445854
2011-05-29 15:00:00,136.97576635121493
2011-05-29 16:00:00,146.66407103694038
2011-05-29 17:00:00,157.33594555409363
2011-05-29 18:00:00,146.98224928451006
2011-05-29 19:00:00,157.03019850584906
2011-05-29 20:00:00,140.85041271957755
2011-05-29 21:00:00,131.1229959871116
2011-05-29 22:00:00,113.802620572431
2011-05-29 23:00:00,122.955218173018
2011-05-30 00:00:00,15.241039260195048
2011-05-30 01:00:00,16.487081156234183
2011-05-30 02:00:00,18.308902399816883
2011-05-30 03:00:00,20.067172015215245
2011-05-30 04:00:00,21.84082365590095
2011-05-30 05:00:00,31.691394065623015
2011-05-30 06:00:00,34.59691271998051
2011-05-30 07:00:00,35.14991427141457
2011-05-30 08:00:00,48.45626698767636
2011-05-30 09:00:00,67.16258727573435
2011-05-30 10:00:00,136.5523373931987
2011-05-30 11:00:00,143.88512304386634
2011-05-30 12:00:00,189.17035284687051
2011-05-30 13:00:00,218.1136782346766
2011-05-30 14:00:00,238.48147424097604
2011-05-30 15:00:00,292.541963266665
2011-05-30 16:00:00,329.51608601379235
2011-05-30 17:00:00,342.1765010085709
2011-05-30 18:00:00,370.85694136806416
2011-05-30 19:00:00,212.43360097449968
2011-05-30 20:00:00,279.32463341573845
2011-05-30 21:00:00,235.02056527526963
2011-05-30 22:00:00,225.91908975444437
2011-05-30 23:00:00,170.60924670499077
2011-05-31 00:00:00,16.30269150788745
2011-05-31 01:00:00,12.827786203753906
2011-05-31 02:00:00,16.77332034214864
2011-05-31 03:00:00,17.51931007089391
2011-05-31 04:00:00,23.2472241257754
2011-05-31 05:00:00,26.27141499758879
2011-05-31 06:00:00,34.064600146264496
2011-05-31 07:00:00,59.47191759913736
2011-05-31 08:00:00,83.63152399624342
2011-05-31 09:00:00,105.2316855016448
2011-05-31 10:00:00,115.53619579924275
2011-05-31 11:00:00,146.22894588098302
2011-05-31 12:00:00,180.76212957018222
2011-05-31 13:00:00,231.71923775020892
2011-05-31 14:00:00,243.5862703097589
2011-05-31 15:00:00,303.2615768308852
2011-05-31 16:00:00,332.05398340461636
2011-05-31 17:00:00,297.83651124337047
2011-05-31 18:00:00,334.8319192479612
2011-05-31 19:00:00,291.93992741004496
2011-05-31 20:00:00,329.9178837808627
2011-05-31 21:00:00,329.91505468461145
2011-05-31 22:00:00,333.7258638432476
2011-05-31 23:00:00,267.77380018579265
2011-06-20 00:00:00,16.926365876137208
2011-06-20 01:00:00,15.042912729766702
2011-06-20 02:00:00,16.798610057504696
2011-06-20 03:00:00,16.18378198921813
2011-06-20 04:00:00,20.211863820439934
2011-06-20 05:00:00,24.909417292699775
2011-06-20 06:00:00,29.950274838634204
2011-06-20 07:00:00,26.9966004589941
2011-06-20 08:00:00,32.83757746492459
2011-06-20 09:00:00,63.7372892307129
2011-06-20 10:00:00,71.17623342921226
2011-06-20 11:00:00,77.01206817003249
2011-06-20 12:00:00,107.0172465964428
2011-06-20 13:00:00,114.75274495456446
2011-06-20 14:00:00,144.73077812553692
2011-06-20 15:00:00,163.03168456827805
2011-06-20 16:00:00,207.2932387228462
2011-06-20 17:00:00,228.34024842999492
2011-06-20 18:00:00,245.13849841336258
2011-06-20 19:00:00,235.4661911351412
2011-06-20 20:00:00,237.62075745811129
2011-06-20 21:00:00,230.25245292075797
2011-06-20 22:00:00,312.3646882038837
2011-06-20 23:00:00,247.94604084531596
2011-06-21 00:00:00,15.700423459094704
2011-06-21 01:00:00,15.977352868924033
2011-06-21 02:00:00,16.382736564349525
2011-06-21 03:00:00,18.513938212562383
2011-06-21 04:00:00,24.73999917612422
2011-06-21 05:00:00,28.202119531659278
2011-06-21 06:00:00,31.870884111550126
2011-06-21 07:00:00,27.887872179818526
2011-06-21 08:00:00,40.958506226998736
2011-06-21 09:00:00,47.772074385550624
2011-06-21 10:00:00,61.90096615937786
2011-06-21 11:00:00,52.76377304769825
2011-06-21 12:00:00,80.65433118114741
2011-06-21 13:00:00,117.9921855252219
2011-06-21 14:00:00,152.00334529234112
2011-06-21 15:00:00,188.18431305535992
2011-06-21 16:00:00,211.04487273170943
2011-06-21 17:00:00,192.62389536616064
2011-06-21 18:00:00,244.79895725183997
2011-06-21 19:00:00,245.18385951983893
2011-06-21 20:00:00,214.272662829772
2011-06-21 21:00:00,242.9882892621003
2011-06-21 22:00:00,227.25911098066928
2011-06-21 23:00:00,304.7919475701668
2011-06-22 00:00:00,18.052593206983637
2011-06-22 01:00:00,20.01928544356153
2011-06-22 02:00:00,20.563189619153572
2011-06-22 03:00:00,25.27294567906446
2011-06-22 04:00:00,21.91918273586313
2011-06-22 05:00:00,20.209736169367453
2011-06-22 06:00:00,27.890622930059955
2011-06-22 07:00:00,35.716716382067546
2011-06-22 08:00:00,51.44927142629739
2011-06-22 09:00:00,48.8980436003981
2011-06-22 10:00:00,76.84355309198068
2011-06-22 11:00:00,84.98722411721832
2011-06-22 12:00:00,161.43454251013515
2011-06-22 13:00:00,194.60444674350805
2011-06-22 14:00:00,237.97082869502344
2011-06-22 15:00:00,246.68683888559121
2011-06-22 16:00:00,258.92636234867376
2011-06-22 17:00:00,321.91328314872504
2011-06-22 18:00:00,326.2932949381442
2011-06-22 19:00:00,421.8083677309626
2011-06-22 20:00:00,208.8043391080534
2011-06-22 21:00:00,195.111646244102
2011-06-22 22:00:00,295.3307750135845
2011-06-22 23:00:00,333.5614069956921
2011-06-23 00:00:00,18.647848786057352
2011-06-23 01:00:00,25.078182739670865
2011-06-23 02:00:00,28.08095061145999
2011-06-23 03:00:00,39.950578318521764
2011-06-23 04:00:00,38.448638173841545
2011-06-23 05:00:00,38.98444914277361
2011-06-23 06:00:00,43.65230137913762
2011-06-23 07:00:00,62.3584855473218
2011-06-23 08:00:00,79.6718861957051
2011-06-23 09:00:00,88.04935360787051
2011-06-23 10:00:00,109.73838815979234
2011-06-23 11:00:00,84.62255602929547
2011-06-23 12:00:00,141.35914623960457
2011-06-23 13:00:00,174.7207360419915
2011-06-23 14:00:00,177.57409964904082
2011-06-23 15:00:00,266.3803968564108
2011-06-23 16:00:00,242.72504535503975
2011-06-23 17:00:00,224.43064015109954
2011-06-23 18:00:00,201.0056768751861
2011-06-23 19:00:00,223.77546378816731
2011-06-23 20:00:00,215.85045920034153
2011-06-23 21:00:00,240.43919978169706
2011-06-23 22:00:00,346.40949920308327
2011-06-23 23:00:00,305.6862754837328
2011-06-24 00:00:00,24.912813100111368
2011-06-24 01:00:00,24.51964230738837
2011-06-24 02:00:00,27.11088219362672
2011-06-24 03:00:00,29.225615668423533
2011-06-24 04:00:00,31.64301863873245
2011-06-24 05:00:00,28.48482149510399
2011-06-24 06:00:00,39.224890861167225
2011-06-24 07:00:00,58.89840425040476
2011-06-24 08:00:00,66.063014524006
2011-06-24 09:00:00,103.75747623344844
2011-06-24 10:00:00,182.4959239250743
2011-06-24 11:00:00,216.28007839739547
2011-06-24 12:00:00,228.68206170300672
2011-06-24 13:00:00,266.61402510042365
2011-06-24 14:00:00,268.01256334991615
2011-06-24 15:00:00,342.9507567937013
2011-06-24 16:00:00,378.4207733471524
2011-06-24 17:00:00,380.57499408985296
2011-06-24 18:00:00,423.33085013259097
2011-06-24 19:00:00,436.3113046833997
2011-06-24 20:00:00,435.99623646913034
2011-06-24 21:00:00,446.2847570115258
2011-06-24 22:00:00,451.1072795837588
2011-06-24 23:00:00,502.81713474426886
2011-06-25 00:00:00,67.51126267983454
2011-06-25 01:00:00,67.4105523721223
2011-06-25 02:00:00,82.0942655114771
2011-06-25 03:00:00,68.50398498457338
2011-06-25 04:00:00,74.29829061135551
2011-06-25 05:00:00,70.89544199523353
2011-06-25 06:00:00,87.8553554994836
2011-06-25 07:00:00,96.11849479180631
2011-06-25 08:00:00,133.7751341228646
2011-06-25 09:00:00,155.61379864371193
2011-06-25 10:00:00,167.1313180115822
2011-06-25 11:00:00,175.3150255026916
2011-06-25 12:00:00,218.12156388950598
2011-06-25 13:00:00,236.5710454087504
2011-06-25 14:00:00,241.25464998140882
2011-06-25 15:00:00,232.39076680058756
2011-06-25 16:00:00,298.9536858059546
2011-06-25 17:00:00,317.919312071051
2011-06-25 18:00:00,323.15805088959263
2011-06-25 19:00:00,337.83656490815383
2011-06-25 20:00:00,350.9764500746943
2011-06-25 21:00:00,348.71911424906443
2011-06-25 22:00:00,405.29021053360486
2011-06-25 23:00:00,458.8797934110331
2011-06-26 00:00:00,54.09315664300873
2011-06-26 01:00:00,62.92722437975513
2011-06-26 02:00:00,60.87550041638796
2011-06-26 03:00:00,54.78467732737883
2011-06-26 04:00:00,58.46665326673525
2011-06-26 05:00:00,58.14006510984125
2011-06-26 06:00:00,62.37057279236041
2011-06-26 07:00:00,73.42762132033293
2011-06-26 08:00:00,90.39553215472021
2011-06-26 09:00:00,111.32281070982158
2011-06-26 10:00:00,146.2974741999222
2011-06-26 11:00:00,164.91797542955075
2011-06-26 12:00:00,194.9567643710994
2011-06-26 13:00:00,189.8411282272846
2011-06-26 14:00:00,222.76977314118182
2011-06-26 15:00:00,218.47348863236348
2011-06-26 16:00:00,254.47110795990918
2011-06-26 17:00:00,285.3154487284665
2011-06-26 18:00:00,303.2034945506383
2011-06-26 19:00:00,310.13783195897884
2011-06-26 20:00:00,319.13831916681477
2011-06-26 21:00:00,318.02230848802907
2011-06-26 22:00:00,289.4827593113428
2011-06-26 23:00:00,316.8221468438784
2011-06-27 00:00:00,18.806009975325534
2011-06-27 01:00:00,26.075047112686892
2011-06-27 02:00:00,20.356897819928733
2011-06-27 03:00:00,22.732804118498333
2011-06-27 04:00:00,31.66019005928452
2011-06-27 05:00:00,36.07015537660201
2011-06-27 06:00:00,45.60607007385987
2011-06-27 07:00:00,59.10311829190444
2011-06-27 08:00:00,51.62911666284365
2011-06-27 09:00:00,105.03972028141641
2011-06-27 10:00:00,128.30887798729904
2011-06-27 11:00:00,119.70662007076902
2011-06-27 12:00:00,146.27758972603917
2011-06-27 13:00:00,170.50689779445233
2011-06-27 14:00:00,184.37432867127725
2011-06-27 15:00:00,205.22348286560856
2011-06-27 16:00:00,213.45628846568607
2011-06-27 17:00:00,240.44739302146402
2011-06-27 18:00:00,264.91193960166686
2011-06-27 19:00:00,254.12686513527132
2011-06-27 20:00:00,252.02837765916013
2011-06-27 21:00:00,259.53672801522737
2011-06-27 22:00:00,255.9147908375677
2011-06-27 23:00:00,285.7832692681494
2011-06-28 00:00:00,20.811716093571064
2011-06-28 01:00:00,18.719427210574423
2011-06-28 02:00:00,26.87166632943522
2011-06-28 03:00:00,30.3673545709307
2011-06-28 04:00:00,27.0165346521707
2011-06-28 05:00:00,27.018192996352862
2011-06-28 06:00:00,28.62688100397554
2011-06-28 07:00:00,32.44030661231793
2011-06-28 08:00:00,41.66855327313267
2011-06-28 09:00:00,57.92737888365803
2011-06-28 10:00:00,127.6798523243638
2011-06-28 11:00:00,139.31167053827375
2011-06-28 12:00:00,171.67254502927238
2011-06-28 13:00:00,183.5100554715634
2011-06-28 14:00:00,230.6610749021094
2011-06-28 15:00:00,246.2950763348459
2011-06-28 16:00:00,281.00478457478533
2011-06-28 17:00:00,199.45510355464933
2011-06-28 18:00:00,228.60720586948025
2011-06-28 19:00:00,373.66571839886967
2011-06-28 20:00:00,281.7500357035935
2011-06-28 21:00:00,320.18096574547326
2011-06-28 22:00:00,317.13643980565405
2011-06-28 23:00:00,357.712640274997
2011-06-29 00:00:00,23.373588131226192
2011-06-29 01:00:00,20.086453654767837
2011-06-29 02:00:00,19.496806613425033
2011-06-29 03:00:00,28.431086535782722
2011-06-29 04:00:00,23.957580383580474
2011-06-29 05:00:00,27.295082472920367
2011-06-29 06:00:00,47.92948719146511
2011-06-29 07:00:00,79.16271241234975
2011-06-29 08:00:00,99.76279603236729
2011-06-29 09:00:00,121.63571364973944
2011-06-29 10:00:00,144.7905940784772
2011-06-29 11:00:00,178.34852276831776
2011-06-29 12:00:00,201.30889679757837
2011-06-29 13:00:00,245.3685642053129
2011-06-29 14:00:00,270.4065790233959
2011-06-29 15:00:00,307.6991544128206
2011-06-29 16:00:00,357.81586195500694
2011-06-29 17:00:00,410.6522983896236
2011-06-29 18:00:00,443.6424488116654
2011-06-29 19:00:00,462.3315645211608
2011-06-29 20:00:00,491.42756662636333
2011-06-29 21:00:00,521.1591543645022
2011-06-29 22:00:00,544.0967243921593
2011-06-29 23:00:00,554.5571203694577
2011-06-30 00:00:00,37.44978658490214
2011-06-30 01:00:00,38.38981074543741
2011-06-30 02:00:00,38.764256944800174
2011-06-30 03:00:00,39.72911973786271
2011-06-30 04:00:00,38.300968604900035
2011-06-30 05:00:00,43.88068742191183
2011-06-30 06:00:00,52.3063846340366
2011-06-30 07:00:00,63.981754927930595
2011-06-30 08:00:00,101.66097137135307
2011-06-30 09:00:00,125.48836749239672
2011-06-30 10:00:00,144.39231734279267
2011-06-30 11:00:00,173.38204949420762
2011-06-30 12:00:00,204.66950091595646
2011-06-30 13:00:00,234.6980595414875
2011-06-30 14:00:00,272.74495712965864
2011-06-30 15:00:00,318.84210063927173
2011-06-30 16:00:00,352.8984944433062
2011-06-30 17:00:00,400.80420489807153
2011-06-30 18:00:00,428.9647550543347
2011-06-30 19:00:00,450.57231557227493
2011-06-30 20:00:00,504.52216062934116
2011-06-30 21:00:00,518.6975242861091
2011-06-30 22:00:00,539.8094657762587
2011-06-30 23:00:00,458.2043579039572
2011-07-20 00:00:00,14.203651840702861
2011-07-20 01:00:00,14.716740520044045
2011-07-20 02:00:00,16.535421832097782
2011-07-20 03:00:00,20.1470264340678
2011-07-20 04:00:00,22.021418527719618
2011-07-20 05:00:00,26.831253880225507
2011-07-20 06:00:00,33.2398381418583
2011-07-20 07:00:00,43.374635223369694
2011-07-20 08:00:00,47.15568197893734
2011-07-20 09:00:00,65.92210570260882
2011-07-20 10:00:00,68.05902539540789
2011-07-20 11:00:00,101.71332412819339
2011-07-20 12:00:00,119.02964397930278
2011-07-20 13:00:00,160.0227015873778
2011-07-20 14:00:00,193.61142698864643
2011-07-20 15:00:00,232.48996017097116
2011-07-20 16:00:00,204.8029124850138
2011-07-20 17:00:00,231.45158487006373
2011-07-20 18:00:00,261.41304202750246
2011-07-20 19:00:00,216.89703213913674
2011-07-20 20:00:00,177.71697760691112
2011-07-20 21:00:00,297.7411127375632
2011-07-20 22:00:00,298.7614813623286
2011-07-20 23:00:00,285.2450412566464
2011-07-21 00:00:00,27.13330712648817
2011-07-21 01:00:00,22.303149673608207
2011-07-21 02:00:00,24.973645457725617
2011-07-21 03:00:00,33.572932108105384
2011-07-21 04:00:00,31.141899476682998
2011-07-21 05:00:00,34.870714127480845
2011-07-21 06:00:00,39.046003108157336
2011-07-21 07:00:00,43.16209744984803
2011-07-21 08:00:00,56.78644109634119
2011-07-21 09:00:00,69.21602662455473
2011-07-21 10:00:00,84.8810347714855
2011-07-21 11:00:00,123.12880178372508
2011-07-21 12:00:00,141.61472101351362
2011-07-21 13:00:00,158.00914852278092
2011-07-21 14:00:00,208.92325058309174
2011-07-21 15:00:00,209.64311544769302
2011-07-21 16:00:00,265.2658790298146
2011-07-21 17:00:00,321.0370218128916
2011-07-21 18:00:00,325.59301073635663
2011-07-21 19:00:00,197.4330157285391
2011-07-21 20:00:00,191.89993148539338
2011-07-21 21:00:00,177.96213077169688
2011-07-21 22:00:00,253.04698074808317
2011-07-21 23:00:00,302.7236736589712
2011-07-22 00:00:00,39.36760257496839
2011-07-22 01:00:00,40.96536918811303
2011-07-22 02:00:00,25.67122486137615
2011-07-22 03:00:00,34.50513591319621
2011-07-22 04:00:00,40.09786475340402
2011-07-22 05:00:00,38.89381885189179
2011-07-22 06:00:00,48.766904961178426
2011-07-22 07:00:00,90.67043954933767
2011-07-22 08:00:00,107.12428333093762
2011-07-22 09:00:00,88.82412411397942
2011-07-22 10:00:00,133.09172340833607
2011-07-22 11:00:00,162.96598715206986
2011-07-22 12:00:00,179.468299915845
2011-07-22 13:00:00,179.0308410464822
2011-07-22 14:00:00,212.53122291099118
2011-07-22 15:00:00,223.69407439517036
2011-07-22 16:00:00,230.70285534889177
2011-07-22 17:00:00,329.03481141770465
2011-07-22 18:00:00,429.6685154004224
2011-07-22 19:00:00,499.9539348621835
2011-07-22 20:00:00,335.1619687962025
2011-07-22 21:00:00,370.3009123515915
2011-07-22 22:00:00,607.2889071352772
2011-07-22 23:00:00,413.92600165912
2011-07-23 00:00:00,57.45004200449712
2011-07-23 01:00:00,74.8322397125325
2011-07-23 02:00:00,74.84446671188833
2011-07-23 03:00:00,59.06262395322518
2011-07-23 04:00:00,65.01957203192572
2011-07-23 05:00:00,80.23125377875762
2011-07-23 06:00:00,113.02912660568423
2011-07-23 07:00:00,121.53004311833223
2011-07-23 08:00:00,145.2968767183223
2011-07-23 09:00:00,155.117867615263
2011-07-23 10:00:00,195.8965111286442
2011-07-23 11:00:00,218.38894684954045
2011-07-23 12:00:00,228.40870344160157
2011-07-23 13:00:00,240.92952922833285
2011-07-23 14:00:00,229.52309197573865
2011-07-23 15:00:00,257.25497576600094
2011-07-23 16:00:00,305.20279561771287
2011-07-23 17:00:00,331.0179109917401
2011-07-23 18:00:00,366.00882085366123
2011-07-23 19:00:00,324.58816251643145
2011-07-23 20:00:00,296.8307910215709
2011-07-23 21:00:00,321.9377730899261
2011-07-23 22:00:00,351.40339215526444
2011-07-23 23:00:00,372.91045522439754
2011-07-24 00:00:00,59.91618596038669
2011-07-24 01:00:00,51.91243163296696
2011-07-24 02:00:00,60.34655064641203
2011-07-24 03:00:00,64.73761119374494
2011-07-24 04:00:00,64.0890786660624
2011-07-24 05:00:00,68.39638605812463
2011-07-24 06:00:00,98.26940300110591
2011-07-24 07:00:00,98.8196694643491
2011-07-24 08:00:00,117.76275877406464
2011-07-24 09:00:00,127.81779342496955
2011-07-24 10:00:00,155.70676175435617
2011-07-24 11:00:00,155.41249203813481
2011-07-24 12:00:00,188.88062127599383
2011-07-24 13:00:00,202.4836680377449
2011-07-24 14:00:00,205.09648358863402
2011-07-24 15:00:00,250.80243752485183
2011-07-24 16:00:00,269.0518432786808
2011-07-24 17:00:00,292.9563104651608
2011-07-24 18:00:00,309.29452135382707
2011-07-24 19:00:00,305.1741046341012
2011-07-24 20:00:00,316.4955492056199
2011-07-24 21:00:00,232.41138814083902
2011-07-24 22:00:00,209.25118846656267
2011-07-24 23:00:00,271.08552316236756
2011-07-25 00:00:00,28.145189261258707
2011-07-25 01:00:00,28.678757315986648
2011-07-25 02:00:00,28.598004122067966
2011-07-25 03:00:00,22.341726739052522
2011-07-25 04:00:00,21.976585631644138
2011-07-25 05:00:00,24.54152989206862
2011-07-25 06:00:00,37.163034267521915
2011-07-25 07:00:00,46.036876488121266
2011-07-25 08:00:00,57.572260327869174
2011-07-25 09:00:00,66.11817044928456
2011-07-25 10:00:00,92.80333916018613
2011-07-25 11:00:00,136.4565746435548
2011-07-25 12:00:00,152.38277509141744
2011-07-25 13:00:00,115.12351424344531
2011-07-25 14:00:00,111.67253267261665
2011-07-25 15:00:00,81.62853193608815
2011-07-25 16:00:00,89.31585055812458
2011-07-25 17:00:00,127.67331674579486
2011-07-25 18:00:00,152.87107734751024
2011-07-25 19:00:00,196.8897895497262
2011-07-25 20:00:00,194.4850028376999
2011-07-25 21:00:00,139.22452663262482
2011-07-25 22:00:00,155.47378193015822
2011-07-25 23:00:00,187.29902460764816
2011-07-26 00:00:00,15.418755985782292
2011-07-26 01:00:00,17.424555080531746
2011-07-26 02:00:00,13.734665786938596
2011-07-26 03:00:00,15.65669762125333
2011-07-26 04:00:00,18.531882520037698
2011-07-26 05:00:00,20.182010021899618
2011-07-26 06:00:00,28.855993678197837
2011-07-26 07:00:00,57.42029566505987
2011-07-26 08:00:00,85.32628341899914
2011-07-26 09:00:00,127.26148610405563
2011-07-26 10:00:00,162.61648838023658
2011-07-26 11:00:00,168.0608968144197
2011-07-26 12:00:00,193.47097226359233
2011-07-26 13:00:00,239.3874160206857
2011-07-26 14:00:00,274.2756712063898
2011-07-26 15:00:00,313.8732532987029
2011-07-26 16:00:00,332.05260403829834
2011-07-26 17:00:00,378.5244397131448
2011-07-26 18:00:00,413.90003705130044
2011-07-26 19:00:00,437.5674691989715
2011-07-26 20:00:00,464.3876241589143
2011-07-26 21:00:00,489.44909137798544
2011-07-26 22:00:00,473.09636529342794
2011-07-26 23:00:00,495.07837494515087
2011-07-27 00:00:00,44.76227169385199
2011-07-27 01:00:00,46.609755032476514
2011-07-27 02:00:00,49.48033614263775
2011-07-27 03:00:00,46.16295374179233
2011-07-27 04:00:00,60.316509117376846
2011-07-27 05:00:00,63.254162356784335
2011-07-27 06:00:00,70.4558437798025
2011-07-27 07:00:00,91.03984708373893
2011-07-27 08:00:00,114.22130820434214
2011-07-27 09:00:00,141.92275430352294
2011-07-27 10:00:00,148.19427321530134
2011-07-27 11:00:00,172.00849988645143
2011-07-27 12:00:00,221.28844253425615
2011-07-27 13:00:00,252.33363691519693
2011-07-27 14:00:00,282.11557598477526
2011-07-27 15:00:00,321.6604386933658
2011-07-27 16:00:00,357.37576217006807
2011-07-27 17:00:00,404.2045992974534
2011-07-27 18:00:00,434.8394358832113
2011-07-27 19:00:00,477.588509631388
2011-07-27 20:00:00,450.5477941056409
2011-07-27 21:00:00,459.22753426282014
2011-07-27 22:00:00,467.06416639550986
2011-07-27 23:00:00,605.5874746453019
2011-07-28 00:00:00,39.128013033661645
2011-07-28 01:00:00,41.15128358656927
2011-07-28 02:00:00,47.142811607279576
2011-07-28 03:00:00,48.67872467337373
2011-07-28 04:00:00,49.534833811067216
2011-07-28 05:00:00,50.16077582169948
2011-07-28 06:00:00,48.593356948142045
2011-07-28 07:00:00,55.97647031471252
2011-07-28 08:00:00,71.12292632289326
2011-07-28 09:00:00,98.48669325088565
2011-07-28 10:00:00,124.2889838088637
2011-07-28 11:00:00,133.21373054429444
2011-07-28 12:00:00,161.55656082877795
2011-07-28 13:00:00,205.7433403684421
2011-07-28 14:00:00,255.8909509507716
2011-07-28 15:00:00,239.1069951751604
2011-07-28 16:00:00,284.3253460997073
2011-07-28 17:00:00,281.6112900538981
2011-07-28 18:00:00,291.46301764589145
2011-07-28 19:00:00,300.72486880658823
2011-07-28 20:00:00,299.69155602749345
2011-07-28 21:00:00,312.3902551340805
2011-07-28 22:00:00,307.7568360952638
2011-07-28 23:00:00,280.96066306432573
2011-07-29 00:00:00,23.910748923525674
2011-07-29 01:00:00,26.250175744483464
2011-07-29 02:00:00,26.533833348880616
2011-07-29 03:00:00,29.337933280130443
2011-07-29 04:00:00,28.97249555477786
2011-07-29 05:00:00,29.285570360922826
2011-07-29 06:00:00,43.908775528674866
2011-07-29 07:00:00,62.67697042777355
2011-07-29 08:00:00,65.07402659104538
2011-07-29 09:00:00,153.66356947767514
2011-07-29 10:00:00,182.78050569897525
2011-07-29 11:00:00,205.28207694487153
2011-07-29 12:00:00,235.88005325285351
2011-07-29 13:00:00,239.25856198605524
2011-07-29 14:00:00,288.16567593130526
2011-07-29 15:00:00,320.0822384644271
2011-07-29 16:00:00,359.5473972027604
2011-07-29 17:00:00,393.66858975007705
2011-07-29 18:00:00,434.3365886880388
2011-07-29 19:00:00,447.5275902990662
2011-07-29 20:00:00,521.4319737558973
2011-07-29 21:00:00,518.5598594262839
2011-07-29 22:00:00,545.1186756345154
2011-07-29 23:00:00,544.7179958839495
2011-07-30 00:00:00,64.54743694921257
2011-07-30 01:00:00,68.14319938706356
2011-07-30 02:00:00,74.2917516810503
2011-07-30 03:00:00,68.10274293960701
2011-07-30 04:00:00,65.67410381718368
2011-07-30 05:00:00,64.44202211446724
2011-07-30 06:00:00,70.02552404870404
2011-07-30 07:00:00,84.7807864900484
2011-07-30 08:00:00,113.68908129757872
2011-07-30 09:00:00,168.4010869515486
2011-07-30 10:00:00,197.51945670187186
2011-07-30 11:00:00,224.7301929270109
2011-07-30 12:00:00,251.2092010800627
2011-07-30 13:00:00,251.44429438608827
2011-07-30 14:00:00,269.8979464255024
2011-07-30 15:00:00,316.4531495999654
2011-07-30 16:00:00,357.5575899630609
2011-07-30 17:00:00,373.4053795554008
2011-07-30 18:00:00,420.82739377359843
2011-07-30 19:00:00,410.0540664330553
2011-07-30 20:00:00,419.100796012415
2011-07-30 21:00:00,410.4196526966851
2011-07-30 22:00:00,406.82713312126356
2011-07-30 23:00:00,406.63823958309564
2011-07-31 00:00:00,65.33528904895938
2011-07-31 01:00:00,58.311319073093735
2011-07-31 02:00:00,55.97326808893883
2011-07-31 03:00:00,55.660607701536414
2011-07-31 04:00:00,52.621569589772314
2011-07-31 05:00:00,58.229716717470346
2011-07-31 06:00:00,60.616785453922255
2011-07-31 07:00:00,99.72705754964461
2011-07-31 08:00:00,118.34896940043365
2011-07-31 09:00:00,132.48889215933752
2011-07-31 10:00:00,191.95298034184418
2011-07-31 11:00:00,219.67395911962393
2011-07-31 12:00:00,236.13676494239658
2011-07-31 13:00:00,250.74497689277092
2011-07-31 14:00:00,270.91118978245856
2011-07-31 15:00:00,292.74564115677236
2011-07-31 16:00:00,312.67742321665946
2011-07-31 17:00:00,327.7193440456983
2011-07-31 18:00:00,323.0254896153622
2011-07-31 19:00:00,264.3780110537613
2011-07-31 20:00:00,283.6152307703043
2011-07-31 21:00:00,272.76691975157075
2011-07-31 22:00:00,209.98110220314913
2011-07-31 23:00:00,252.66912209484119
2011-08-20 00:00:00,20.501315602763086
2011-08-20 01:00:00,26.37503915315301
2011-08-20 02:00:00,33.27298820446231
2011-08-20 03:00:00,36.08733342564013
2011-08-20 04:00:00,38.41641495135105
2011-08-20 05:00:00,35.90953655182389
2011-08-20 06:00:00,56.15846115808745
2011-08-20 07:00:00,42.93100251876415
2011-08-20 08:00:00,72.35740365942847
2011-08-20 09:00:00,90.56823964244872
2011-08-20 10:00:00,117.35703181083791
2011-08-20 11:00:00,128.89654238309
2011-08-20 12:00:00,155.40000413306922
2011-08-20 13:00:00,183.06408639731063
2011-08-20 14:00:00,233.8791096682413
2011-08-20 15:00:00,281.0574001140163
2011-08-20 16:00:00,289.9309703101295
2011-08-20 17:00:00,298.38733832977687
2011-08-20 18:00:00,262.5715663651378
2011-08-20 19:00:00,251.1750919934953
2011-08-20 20:00:00,273.8438564565742
2011-08-20 21:00:00,234.20771888071374
2011-08-20 22:00:00,283.5184000222717
2011-08-20 23:00:00,237.1069236688211
2011-08-21 00:00:00,38.59921798749823
2011-08-21 01:00:00,35.246025821026876
2011-08-21 02:00:00,37.614121904411434
2011-08-21 03:00:00,35.41401115919228
2011-08-21 04:00:00,37.8681167302832
2011-08-21 05:00:00,33.51209216203319
2011-08-21 06:00:00,35.88240457692709
2011-08-21 07:00:00,47.248314416875445
2011-08-21 08:00:00,57.34636284861404
2011-08-21 09:00:00,72.73142946218502
2011-08-21 10:00:00,77.9045783041722
2011-08-21 11:00:00,118.29028226427094
2011-08-21 12:00:00,142.58172586419673
2011-08-21 13:00:00,156.99608860584635
2011-08-21 14:00:00,83.71643794468581
2011-08-21 15:00:00,78.41030208906174
2011-08-21 16:00:00,97.91121518302292
2011-08-21 17:00:00,104.29084256553521
2011-08-21 18:00:00,114.47174868530736
2011-08-21 19:00:00,168.9027570033318
2011-08-21 20:00:00,133.82779091461825
2011-08-21 21:00:00,143.56564546516395
2011-08-21 22:00:00,200.5438308455236
2011-08-21 23:00:00,193.00623969792267
2011-08-22 00:00:00,18.305016363033296
2011-08-22 01:00:00,20.016873901125194
2011-08-22 02:00:00,42.135181585326634
2011-08-22 03:00:00,31.412746871309995
2011-08-22 04:00:00,43.226530167975504
2011-08-22 05:00:00,48.23498057835458
2011-08-22 06:00:00,58.6705683860614
2011-08-22 07:00:00,65.75119040000158
2011-08-22 08:00:00,73.42518222290468
2011-08-22 09:00:00,96.56838198775193
2011-08-22 10:00:00,123.96288202775649
2011-08-22 11:00:00,169.06113307587214
2011-08-22 12:00:00,193.76975960724357
2011-08-22 13:00:00,226.4141780297714
2011-08-22 14:00:00,251.17196990299985
2011-08-22 15:00:00,277.7523106359615
2011-08-22 16:00:00,313.2232545447027
2011-08-22 17:00:00,353.1232942076081
2011-08-22 18:00:00,378.27366700026107
2011-08-22 19:00:00,402.94136645851626
2011-08-22 20:00:00,398.7498834138049
2011-08-22 21:00:00,413.3478071215075
2011-08-22 22:00:00,468.9434275330545
2011-08-22 23:00:00,484.476235843866
2011-08-23 00:00:00,30.488323338484545
2011-08-23 01:00:00,29.930437648848574
2011-08-23 02:00:00,30.80829249946456
2011-08-23 03:00:00,35.303614458451555
2011-08-23 04:00:00,34.97964224103851
2011-08-23 05:00:00,39.76783170957926
2011-08-23 06:00:00,42.14728371503952
2011-08-23 07:00:00,67.12123680775606
2011-08-23 08:00:00,77.9768779859328
2011-08-23 09:00:00,100.45756535048297
2011-08-23 10:00:00,122.1288975555642
2011-08-23 11:00:00,153.56153311608665
2011-08-23 12:00:00,164.9127345469849
2011-08-23 13:00:00,208.596900128555
2011-08-23 14:00:00,234.51202696787874
2011-08-23 15:00:00,266.50478301480837
2011-08-23 16:00:00,300.0381815697899
2011-08-23 17:00:00,340.35311690485446
2011-08-23 18:00:00,382.62967451347043
2011-08-23 19:00:00,323.41542198902926
2011-08-23 20:00:00,338.53553200933135
2011-08-23 21:00:00,308.2525725326039
2011-08-23 22:00:00,381.04898534816795
2011-08-23 23:00:00,396.4432475607912
2011-08-24 00:00:00,28.72748067676834
2011-08-24 01:00:00,29.08055790090051
2011-08-24 02:00:00,26.30521042995202
2011-08-24 03:00:00,29.55598423774181
2011-08-24 04:00:00,28.358545449724293
2011-08-24 05:00:00,31.86306851828004
2011-08-24 06:00:00,33.01408094305314
2011-08-24 07:00:00,53.729229184665044
2011-08-24 08:00:00,56.15808297396226
2011-08-24 09:00:00,66.01648258916623
2011-08-24 10:00:00,104.23155062448497
2011-08-24 11:00:00,130.6921317630289
2011-08-24 12:00:00,147.10305661598667
2011-08-24 13:00:00,193.8844047169695
2011-08-24 14:00:00,217.84446184219925
2011-08-24 15:00:00,245.40339480237458
2011-08-24 16:00:00,256.0623553259537
2011-08-24 17:00:00,286.04725315430744
2011-08-24 18:00:00,294.9182589387266
2011-08-24 19:00:00,331.36398721563575
2011-08-24 20:00:00,341.9976800276438
2011-08-24 21:00:00,353.59009955355884
2011-08-24 22:00:00,359.28702524223627
2011-08-24 23:00:00,354.0379994252377
2011-08-25 00:00:00,22.586590536498377
2011-08-25 01:00:00,29.541946297404888
2011-08-25 02:00:00,33.07918853432521
2011-08-25 03:00:00,31.425361335193205
2011-08-25 04:00:00,31.33453909361885
2011-08-25 05:00:00,29.943278583702746
2011-08-25 06:00:00,33.22729247058932
2011-08-25 07:00:00,55.82184128543562
2011-08-25 08:00:00,71.87359150469617
2011-08-25 09:00:00,90.19983712358778
2011-08-25 10:00:00,112.59152441075116
2011-08-25 11:00:00,55.366402162645635
2011-08-25 12:00:00,61.99576822622187
2011-08-25 13:00:00,80.21306853940285
2011-08-25 14:00:00,125.81836076914344
2011-08-25 15:00:00,158.65687373012207
2011-08-25 16:00:00,82.2761313393965
2011-08-25 17:00:00,92.1275677997513
2011-08-25 18:00:00,153.0154227667912
2011-08-25 19:00:00,220.44392224617647
2011-08-25 20:00:00,188.23660523360198
2011-08-25 21:00:00,208.95133598031416
2011-08-25 22:00:00,176.38470392421166
2011-08-25 23:00:00,213.06573036694215
2011-08-26 00:00:00,21.084360189215648
2011-08-26 01:00:00,21.312196343904112
2011-08-26 02:00:00,21.973954716077262
2011-08-26 03:00:00,23.81940362211524
2011-08-26 04:00:00,24.558708621078903
2011-08-26 05:00:00,36.912718289240416
2011-08-26 06:00:00,30.023724429972624
2011-08-26 07:00:00,39.337156236007
2011-08-26 08:00:00,47.539113278224654
2011-08-26 09:00:00,65.56439422156903
2011-08-26 10:00:00,101.23896606743327
2011-08-26 11:00:00,141.95576418014193
2011-08-26 12:00:00,154.19482166912522
2011-08-26 13:00:00,202.70690423689692
2011-08-26 14:00:00,171.88804813656995
2011-08-26 15:00:00,253.46535872459054
2011-08-26 16:00:00,209.6452976496709
2011-08-26 17:00:00,162.29416433114167
2011-08-26 18:00:00,226.20670849539596
2011-08-26 19:00:00,161.04450136981907
2011-08-26 20:00:00,177.14150432879327
2011-08-26 21:00:00,200.01618020806637
2011-08-26 22:00:00,217.6879849876139
2011-08-26 23:00:00,201.65566393090577
2011-08-27 00:00:00,25.36985629611919
2011-08-27 01:00:00,27.953821176461098
2011-08-27 02:00:00,30.50059808861524
2011-08-27 03:00:00,44.920551863435634
2011-08-27 04:00:00,48.72008858351225
2011-08-27 05:00:00,53.40365871794635
2011-08-27 06:00:00,57.92072615964091
2011-08-27 07:00:00,63.24809292564342
2011-08-27 08:00:00,67.72512580346914
2011-08-27 09:00:00,74.83159595847661
2011-08-27 10:00:00,95.66437558294838
2011-08-27 11:00:00,57.7630859097876
2011-08-27 12:00:00,72.62736454828894
2011-08-27 13:00:00,78.06659287264873
2011-08-27 14:00:00,73.95795913355173
2011-08-27 15:00:00,80.21358088824796
2011-08-27 16:00:00,86.81554277733599
2011-08-27 17:00:00,95.85968704494272
2011-08-28 07:00:00,44.54554386175523
2011-08-28 08:00:00,48.064019209460874
2011-08-28 09:00:00,73.34913460548482
2011-08-28 10:00:00,117.09826856982545
2011-08-28 11:00:00,132.28010849171054
2011-08-28 12:00:00,170.2745019096235
2011-08-28 13:00:00,206.38563711695278
2011-08-28 14:00:00,233.6721398109713
2011-08-28 15:00:00,249.22956189207633
2011-08-28 16:00:00,297.53723248497215
2011-08-28 17:00:00,291.4421596426158
2011-08-28 18:00:00,294.38139850043524
2011-08-28 19:00:00,275.28008678248744
2011-08-28 20:00:00,307.6353633298411
2011-08-28 21:00:00,228.01872869740785
2011-08-28 22:00:00,195.2095328592967
2011-08-28 23:00:00,184.13592442740685
2011-08-29 00:00:00,20.624019663447612
2011-08-29 01:00:00,24.84250607303808
2011-08-29 02:00:00,28.35314204372721
2011-08-29 03:00:00,30.979772966898164
2011-08-29 04:00:00,32.56562789717774
2011-08-29 05:00:00,32.620020396087085
2011-08-29 06:00:00,36.427187509862875
2011-08-29 07:00:00,60.263574880918
2011-08-29 08:00:00,74.39005115370442
2011-08-29 09:00:00,88.91866479359544
2011-08-29 10:00:00,116.13526430363152
2011-08-29 11:00:00,128.24424730763934
2011-08-29 12:00:00,168.14824278211282
2011-08-29 13:00:00,182.39881656412487
2011-08-29 14:00:00,185.63393229803154
2011-08-29 15:00:00,228.37628204240897
2011-08-29 16:00:00,263.4394016831704
2011-08-29 17:00:00,297.32985210448965
2011-08-29 18:00:00,282.15335801762666
2011-08-29 19:00:00,315.0842076198852
2011-08-29 20:00:00,305.3898686849201
2011-08-29 21:00:00,343.08381052480155
2011-08-29 22:00:00,340.99398440979616
2011-08-29 23:00:00,341.2986618045439
2011-08-30 00:00:00,16.1528951461937
2011-08-30 01:00:00,20.174820117322927
2011-08-30 02:00:00,19.66874180003848
2011-08-30 03:00:00,22.717122362552225
2011-08-30 04:00:00,22.439071657669565
2011-08-30 05:00:00,24.83144348754489
2011-08-30 06:00:00,32.07938456964225
2011-08-30 07:00:00,42.38903698850285
2011-08-30 08:00:00,68.77137996830942
2011-08-30 09:00:00,95.20003399856515
2011-08-30 10:00:00,133.35594543600268
2011-08-30 11:00:00,158.30433069233464
2011-08-30 12:00:00,161.41680634553006
2011-08-30 13:00:00,207.17639925818196
2011-08-30 14:00:00,242.01547388432587
2011-08-30 15:00:00,271.8271470491265
2011-08-30 16:00:00,297.8023368599073
2011-08-30 17:00:00,311.60590382460833
2011-08-30 18:00:00,325.6059369369577
2011-08-30 19:00:00,313.16831194409457
2011-08-30 20:00:00,328.0599647150531
2011-08-30 21:00:00,288.3562430055101
2011-08-30 22:00:00,320.7058819803294
2011-08-30 23:00:00,362.4259512485722
2011-08-31 00:00:00,19.603060057593872
2011-08-31 01:00:00,22.025588261937553
2011-08-31 02:00:00,20.714985225003364
2011-08-31 03:00:00,20.664995670133504
2011-08-31 04:00:00,26.151217924838814
2011-08-31 05:00:00,24.041265160188743
2011-08-31 06:00:00,29.008109686842886
2011-08-31 07:00:00,35.04961373538545
2011-08-31 08:00:00,51.3393701806298
2011-08-31 09:00:00,63.63259883507163
2011-08-31 10:00:00,126.36731732732771
2011-08-31 11:00:00,153.9677118482319
2011-08-31 12:00:00,175.50080552480614
2011-08-31 13:00:00,209.3660282940391
2011-08-31 14:00:00,229.2672240599106
2011-08-31 15:00:00,257.59985758676453
2011-08-31 16:00:00,283.54916670029434
2011-08-31 17:00:00,297.21949963863307
2011-08-31 18:00:00,301.5845586002564
2011-08-31 19:00:00,404.2036945727041
2011-08-31 20:00:00,313.8321483263339
2011-08-31 21:00:00,319.9833809654773
2011-08-31 22:00:00,268.2811248715391
2011-08-31 23:00:00,245.20741746789713
2011-09-20 00:00:00,20.165124926396736
2011-09-20 01:00:00,16.33957821551554
2011-09-20 02:00:00,18.465165469344058
2011-09-20 03:00:00,23.468081618152866
2011-09-20 04:00:00,17.720355553526517
2011-09-20 05:00:00,26.809855737189455
2011-09-20 06:00:00,30.297503146461928
2011-09-20 07:00:00,34.03415831355675
2011-09-20 08:00:00,25.488978416993103
2011-09-20 09:00:00,28.673122183519745
2011-09-20 10:00:00,36.773989845160365
2011-09-20 11:00:00,41.5578540952833
2011-09-20 12:00:00,55.50667941454755
2011-09-20 13:00:00,62.282656245937346
2011-09-20 14:00:00,84.56201109894562
2011-09-20 15:00:00,124.64435838601851
2011-09-20 16:00:00,123.88504167491452
2011-09-20 17:00:00,104.54189530360763
2011-09-20 18:00:00,118.14156827052692
2011-09-20 19:00:00,104.245033565042
2011-09-20 20:00:00,96.55648253721326
2011-09-20 21:00:00,109.11734707413923
2011-09-20 22:00:00,123.31223258789854
2011-09-20 23:00:00,139.35370601963464
2011-09-21 00:00:00,7.607787062704373
2011-09-21 01:00:00,10.299634835953123
2011-09-21 02:00:00,11.572454273899613
2011-09-21 03:00:00,19.396292363445212
2011-09-21 04:00:00,18.94219538248649
2011-09-21 05:00:00,21.435047048761998
2011-09-21 06:00:00,24.228820574879926
2011-09-21 07:00:00,27.222996026476917
2011-09-21 08:00:00,29.927827350750448
2011-09-21 09:00:00,33.749798552011846
2011-09-21 10:00:00,49.840611230642715
2011-09-21 11:00:00,71.50607895077194
2011-09-21 12:00:00,90.73838756519412
2011-09-21 13:00:00,117.15428878949767
2011-09-21 14:00:00,132.42379343517078
2011-09-21 15:00:00,145.5811999239416
2011-09-21 16:00:00,163.5719912494686
2011-09-21 17:00:00,128.72755515006995
2011-09-21 18:00:00,118.17601350242695
2011-09-21 19:00:00,92.93298853251363
2011-09-21 20:00:00,104.41756212319429
2011-09-21 21:00:00,138.29529107213943
2011-09-21 22:00:00,172.9767824449058
2011-09-21 23:00:00,148.85632596054384
2011-09-22 00:00:00,10.984641173773264
2011-09-22 01:00:00,17.11483287707841
2011-09-22 02:00:00,19.263868176992197
2011-09-22 03:00:00,21.458736587803603
2011-09-22 04:00:00,24.02812550501204
2011-09-22 05:00:00,27.045232962145796
2011-09-22 06:00:00,25.748534732954866
2011-09-22 07:00:00,28.58239105560517
2011-09-22 08:00:00,32.51430602548881
2011-09-22 09:00:00,43.98535832157422
2011-09-22 10:00:00,57.525637199193895
2011-09-22 11:00:00,64.07870627816838
2011-09-22 12:00:00,85.14008137559023
2011-09-22 13:00:00,95.90781362965355
2011-09-22 14:00:00,107.95261816335244
2011-09-22 15:00:00,134.49947872858814
2011-09-22 16:00:00,170.88030066203987
2011-09-22 17:00:00,167.85792952573752
2011-09-22 18:00:00,163.26155926031512
2011-09-22 19:00:00,154.14172364975184
2011-09-22 20:00:00,150.6213852140447
2011-09-22 21:00:00,193.2643262570193
2011-09-22 22:00:00,155.80361251400134
2011-09-22 23:00:00,193.317926678058
2011-09-23 00:00:00,32.241661194453556
2011-09-23 01:00:00,27.465836939832123
2011-09-23 02:00:00,32.93171805347784
2011-09-23 03:00:00,33.57777203367675
2011-09-23 04:00:00,30.280807300006092
2011-09-23 05:00:00,49.3887537413344
2011-09-23 06:00:00,58.91074657659748
2011-09-23 07:00:00,52.543279497064674
2011-09-23 08:00:00,58.096062032784516
2011-09-23 09:00:00,55.501330178729134
2011-09-23 10:00:00,60.8363577757307
2011-09-23 11:00:00,67.26555420631804
2011-09-23 12:00:00,86.07857466197073
2011-09-23 13:00:00,80.68077552205443
2011-09-23 14:00:00,89.20713332795057
2011-09-23 15:00:00,116.35461819177586
2011-09-23 16:00:00,118.63726145002465
2011-09-23 17:00:00,137.04561634684708
2011-09-23 18:00:00,100.83648051515068
2011-09-23 19:00:00,150.43324037465567
2011-09-23 20:00:00,151.057868833581
2011-09-23 21:00:00,150.1614517378104
2011-09-23 22:00:00,203.44855659286023
2011-09-23 23:00:00,271.1674893345558
2011-09-24 00:00:00,22.439520969032923
2011-09-24 01:00:00,43.13836289529352
2011-09-24 02:00:00,46.7871558656681
2011-09-24 03:00:00,32.57196356608349
2011-09-24 04:00:00,38.00912361766293
2011-09-24 05:00:00,59.09276845040866
2011-09-24 06:00:00,64.0910406065678
2011-09-24 07:00:00,80.63135628307114
2011-09-24 08:00:00,84.7036155672095
2011-09-24 09:00:00,98.3448412133594
2011-09-24 10:00:00,106.66319038583254
2011-09-24 11:00:00,134.3336236960406
2011-09-24 12:00:00,145.6960294279595
2011-09-24 13:00:00,124.93966840446627
2011-09-24 14:00:00,226.36709431826353
2011-09-24 15:00:00,245.51401151763446
2011-09-24 16:00:00,232.95005998353258
2011-09-24 17:00:00,214.3545459350011
2011-09-24 18:00:00,203.33273936329368
2011-09-24 19:00:00,147.1386052146748
2011-09-24 20:00:00,187.19785217323172
2011-09-24 21:00:00,219.02857992202206
2011-09-24 22:00:00,266.398564898924
2011-09-24 23:00:00,306.50205466741966
2011-09-25 00:00:00,45.64950270113375
2011-09-25 01:00:00,53.10461946704972
2011-09-25 02:00:00,35.13647634147924
2011-09-25 03:00:00,37.693149314212455
2011-09-25 04:00:00,44.231165291278316
2011-09-25 05:00:00,49.671017204887406
2011-09-25 06:00:00,75.44898378516794
2011-09-25 07:00:00,69.15092007386413
2011-09-25 08:00:00,81.42695923382416
2011-09-25 09:00:00,101.33047780812974
2011-09-25 10:00:00,108.70369564045839
2011-09-25 11:00:00,147.89124306474721
2011-09-25 12:00:00,145.03904795941682
2011-09-25 13:00:00,175.24017511992383
2011-09-25 14:00:00,166.9142355584475
2011-09-25 15:00:00,179.05959443477082
2011-09-25 16:00:00,182.8402752869993
2011-09-25 17:00:00,172.47471870405096
2011-09-25 18:00:00,185.02468095709202
2011-09-25 19:00:00,160.76997827321364
2011-09-25 20:00:00,170.09219036586373
2011-09-25 21:00:00,126.1439588009412
2011-09-25 22:00:00,165.48092167929192
2011-09-25 23:00:00,213.88939529350492
2011-09-26 00:00:00,22.091846072447147
2011-09-26 01:00:00,31.673767899701435
2011-09-26 02:00:00,35.37049543245245
2011-09-26 03:00:00,30.764952414367357
2011-09-26 04:00:00,37.06249058699959
2011-09-26 05:00:00,45.422742316108035
2011-09-26 06:00:00,46.218668140699044
2011-09-26 07:00:00,47.84338507742149
2011-09-26 08:00:00,53.427310533836355
2011-09-26 09:00:00,76.97304814376757
2011-09-26 10:00:00,85.95677206489654
2011-09-26 11:00:00,94.10491806405841
2011-09-26 12:00:00,143.65266654753998
2011-09-26 13:00:00,185.45984802068057
2011-09-26 14:00:00,173.00879785838578
2011-09-26 15:00:00,242.59468886116028
2011-09-26 16:00:00,248.08414431668965
2011-09-26 17:00:00,239.22245575938564
2011-09-26 18:00:00,173.4981760128963
2011-09-26 19:00:00,199.27668589269558
2011-09-26 20:00:00,177.9989813805912
2011-09-26 21:00:00,198.77370377405387
2011-09-26 22:00:00,187.0017049978092
2011-09-26 23:00:00,208.82715859479978
2011-09-27 00:00:00,14.177762281967059
2011-09-27 01:00:00,16.13654434075846
2011-09-27 02:00:00,17.949927908594315
2011-09-27 03:00:00,27.418412502348687
2011-09-27 04:00:00,26.59254725886704
2011-09-27 05:00:00,30.0519253869147
2011-09-27 06:00:00,42.911275546266566
2011-09-27 07:00:00,48.49352859733048
2011-09-27 08:00:00,63.79309897864725
2011-09-27 09:00:00,57.48328048516069
2011-09-27 10:00:00,57.267570011234
2011-09-27 11:00:00,92.53030647332386
2011-09-27 12:00:00,105.47901577863148
2011-09-27 13:00:00,188.28385516666515
2011-09-27 14:00:00,179.1442312636818
2011-09-27 15:00:00,179.09067781125046
2011-09-27 16:00:00,207.41930750516892
2011-09-27 17:00:00,196.98018891411618
2011-09-27 18:00:00,222.65125315452076
2011-09-27 19:00:00,247.04688941436075
2011-09-27 20:00:00,249.58437861746822
2011-09-27 21:00:00,239.01369898256488
2011-09-27 22:00:00,249.6657434888616
2011-09-27 23:00:00,282.14432494781295
2011-09-28 00:00:00,17.447722651352773
2011-09-28 01:00:00,19.603896233450964
2011-09-28 02:00:00,24.65220105535427
2011-09-28 03:00:00,31.85285028094475
2011-09-28 04:00:00,27.806948526733052
2011-09-28 05:00:00,37.27508586332365
2011-09-28 06:00:00,36.434900999421636
2011-09-28 07:00:00,40.937492688384836
2011-09-28 08:00:00,47.52381234424177
2011-09-28 09:00:00,53.39676153909297
2011-09-28 10:00:00,67.69091408509512
2011-09-28 11:00:00,114.81954312763011
2011-09-28 12:00:00,134.11278363006812
2011-09-28 13:00:00,143.8228570664611
2011-09-28 14:00:00,231.43070027257264
2011-09-28 15:00:00,200.9622676924275
2011-09-28 16:00:00,228.7772517840367
2011-09-28 17:00:00,258.3925159515839
2011-09-28 18:00:00,203.8601545808486
2011-09-28 19:00:00,229.05300573587306
2011-09-28 20:00:00,240.56407724723888
2011-09-28 21:00:00,242.949550323704
2011-09-28 22:00:00,244.31824499300174
2011-09-28 23:00:00,228.2506422470466
2011-09-29 00:00:00,17.06574520748581
2011-09-29 01:00:00,23.434265920050315
2011-09-29 02:00:00,26.240197335980874
2011-09-29 03:00:00,34.85832347356253
2011-09-29 04:00:00,46.08415144229325
2011-09-29 05:00:00,50.489719997573175
2011-09-29 06:00:00,56.242370009253506
2011-09-29 07:00:00,45.33286052893849
2011-09-29 08:00:00,54.16020098961822
2011-09-29 09:00:00,80.09633401564236
2011-09-29 10:00:00,127.49254824373433
2011-09-29 11:00:00,151.8331788759721
2011-09-29 12:00:00,178.8300550772465
2011-09-29 13:00:00,196.77098286256862
2011-09-29 14:00:00,286.9752908828187
2011-09-29 15:00:00,355.4729281605023
2011-09-29 16:00:00,416.74212323554394
2011-09-29 17:00:00,413.87094220977804
2011-09-29 18:00:00,474.92959178624045
2011-09-29 19:00:00,444.22504079340996
2011-09-29 20:00:00,458.1034571129436
2011-09-29 21:00:00,421.5523573554164
2011-09-29 22:00:00,361.531179228991
2011-09-29 23:00:00,334.1792366759894
2011-09-30 00:00:00,28.32997358254598
2011-09-30 01:00:00,35.873678841193076
2011-09-30 02:00:00,34.63420382050193
2011-09-30 03:00:00,38.29435225344803
2011-09-30 04:00:00,43.27415768158666
2011-09-30 05:00:00,47.84737787877144
2011-09-30 06:00:00,53.180339818003986
2011-09-30 07:00:00,58.80044699463223
2011-09-30 08:00:00,76.2164982977889
2011-09-30 09:00:00,97.0038492401585
2011-09-30 10:00:00,129.48065891836023
2011-09-30 11:00:00,189.47316092717173
2011-09-30 12:00:00,260.36514172384057
2011-09-30 13:00:00,340.5755974140422
2011-09-30 14:00:00,359.88380528839616
2011-09-30 15:00:00,332.1232272946369
2011-09-30 16:00:00,335.708387858587
2011-09-30 17:00:00,369.256599462214
2011-09-30 18:00:00,395.8769006423064
2011-09-30 19:00:00,375.93287569583316
2011-09-30 20:00:00,415.6615246638394
2011-09-30 21:00:00,411.9545074729822
2011-09-30 22:00:00,464.3913185272315
2011-09-30 23:00:00,513.4682704788485
2011-10-20 00:00:00,17.184944628855806
2011-10-20 01:00:00,23.211380244256606
2011-10-20 02:00:00,26.20949819888652
2011-10-20 03:00:00,31.594633247089334
2011-10-20 04:00:00,35.37765654746754
2011-10-20 05:00:00,37.80462888809174
2011-10-20 06:00:00,39.243183921658755
2011-10-20 07:00:00,46.35106766045027
2011-10-20 08:00:00,65.28472768959655
2011-10-20 09:00:00,73.40238960279865
2011-10-20 10:00:00,97.16050552197564
2011-10-20 11:00:00,122.43791195573469
2011-10-20 12:00:00,149.57713306900646
2011-10-20 13:00:00,184.27308794118534
2011-10-20 14:00:00,204.0937568362534
2011-10-20 15:00:00,222.40310802068916
2011-10-20 16:00:00,249.03282494567827
2011-10-20 17:00:00,282.74610254805884
2011-10-20 18:00:00,287.9288982222593
2011-10-20 19:00:00,296.3026896844161
2011-10-20 20:00:00,362.2919237094376
2011-10-20 21:00:00,347.7963942341121
2011-10-20 22:00:00,390.82535362704334
2011-10-20 23:00:00,374.26978018048516
2011-10-21 00:00:00,32.65086661396789
2011-10-21 01:00:00,35.936388179444506
2011-10-21 02:00:00,35.07476907026111
2011-10-21 03:00:00,32.3135714494983
2011-10-21 04:00:00,35.983629264800335
2011-10-21 05:00:00,34.91900976953162
2011-10-21 06:00:00,43.9910170239724
2011-10-21 07:00:00,48.63999503595403
2011-10-21 08:00:00,72.223347840257
2011-10-21 09:00:00,98.8264867999167
2011-10-21 10:00:00,120.64178265978312
2011-10-21 11:00:00,162.353422433025
2011-10-21 12:00:00,181.42240669159722
2011-10-21 13:00:00,183.72330424118837
2011-10-21 14:00:00,242.305114797969
2011-10-21 15:00:00,244.76835005372607
2011-10-21 16:00:00,269.5248739612172
2011-10-21 17:00:00,271.25495274895064
2011-10-21 18:00:00,274.95164941270144
2011-10-21 19:00:00,308.8523448761415
2011-10-21 20:00:00,334.59971122776295
2011-10-21 21:00:00,296.462152037079
2011-10-21 22:00:00,345.06056926624547
2011-10-21 23:00:00,327.63014454086994
2011-10-22 00:00:00,40.79180266641116
2011-10-22 01:00:00,44.24211540033174
2011-10-22 02:00:00,48.456509022281935
2011-10-22 03:00:00,51.36498748706295
2011-10-22 04:00:00,49.04603263296657
2011-10-22 05:00:00,49.309423982584356
2011-10-22 06:00:00,47.00163815477507
2011-10-22 07:00:00,49.889239765729755
2011-10-22 08:00:00,61.52558689674028
2011-10-22 09:00:00,80.94456049280076
2011-10-22 10:00:00,116.1165308576892
2011-10-22 11:00:00,125.93807143321423
2011-10-22 12:00:00,137.495171533672
2011-10-22 13:00:00,174.97142904154325
2011-10-22 14:00:00,209.54219782581094
2011-10-22 15:00:00,201.9907749541123
2011-10-22 16:00:00,247.40729730409208
2011-10-22 17:00:00,209.23155180883137
2011-10-22 18:00:00,213.89732861721998
2011-10-22 19:00:00,178.3431006722099
2011-10-22 20:00:00,183.29202857278966
2011-10-22 21:00:00,162.57849342928546
2011-10-22 22:00:00,176.32994861080763
2011-10-22 23:00:00,163.74280970809622
2011-10-23 00:00:00,22.929639273023735
2011-10-23 01:00:00,24.598093116662586
2011-10-23 02:00:00,26.457292923827403
2011-10-23 03:00:00,27.055190050217497
2011-10-23 04:00:00,29.023835753369458
2011-10-23 05:00:00,29.743015829462216
2011-10-23 06:00:00,33.57448168695246
2011-10-23 07:00:00,37.589495694397804
2011-10-23 08:00:00,41.64882563515863
2011-10-23 09:00:00,57.81847540604756
2011-10-23 10:00:00,76.68458610223587
2011-10-23 11:00:00,91.33689917805839
2011-10-23 12:00:00,137.33402626523457
2011-10-23 13:00:00,163.34427384198028
2011-10-23 14:00:00,176.145510774573
2011-10-23 15:00:00,194.7933860721689
2011-10-23 16:00:00,201.65851775013843
2011-10-23 17:00:00,178.87136128365287
2011-10-23 18:00:00,190.22838677725906
2011-10-23 19:00:00,132.23548914249105
2011-10-23 20:00:00,160.16645349279028
2011-10-23 21:00:00,171.82081629240224
2011-10-23 22:00:00,161.2226152998643
2011-10-23 23:00:00,175.70752839413703
2011-10-24 00:00:00,17.863762514693416
2011-10-24 01:00:00,18.972529607942185
2011-10-24 02:00:00,19.0609456420831
2011-10-24 03:00:00,23.333681598011264
2011-10-24 04:00:00,24.15392651664388
2011-10-24 05:00:00,23.447751093363262
2011-10-24 06:00:00,29.6421769164872
2011-10-24 07:00:00,36.959035853724
2011-10-24 08:00:00,50.49283973378898
2011-10-24 09:00:00,64.9223900072481
2011-10-24 10:00:00,77.37088121534359
2011-10-24 11:00:00,109.45761661256508
2011-10-24 12:00:00,134.1652236431588
2011-10-24 13:00:00,171.27063183314408
2011-10-24 14:00:00,190.26585932000924
2011-10-24 15:00:00,196.30328767705905
2011-10-24 16:00:00,196.01998542807786
2011-10-24 17:00:00,191.4417523381165
2011-10-24 18:00:00,255.27904568133334
2011-10-24 19:00:00,138.5544827357957
2011-10-24 20:00:00,181.6987538662131
2011-10-24 21:00:00,174.698673565741
2011-10-24 22:00:00,266.75142337970107
2011-10-24 23:00:00,268.03353122860096
2011-10-25 00:00:00,17.623749442200438
2011-10-25 01:00:00,19.916392292885213
2011-10-25 02:00:00,19.523190078119093
2011-10-25 03:00:00,17.493627815575987
2011-10-25 04:00:00,20.71469424220615
2011-10-25 05:00:00,23.40943271509876
2011-10-25 06:00:00,28.792082100664334
2011-10-25 07:00:00,38.83976906366796
2011-10-25 08:00:00,46.96282046534128
2011-10-25 09:00:00,85.94905155392004
2011-10-25 10:00:00,108.81395820982407
2011-10-25 11:00:00,135.54392522918914
2011-10-25 12:00:00,179.4336743327371
2011-10-25 13:00:00,218.70984810661903
2011-10-25 14:00:00,237.03971099356647
2011-10-25 15:00:00,266.3853769367574
2011-10-25 16:00:00,307.67139377746724
2011-10-25 17:00:00,340.2006234659664
2011-10-25 18:00:00,328.4496471939145
2011-10-25 19:00:00,241.24243798609365
2011-10-25 20:00:00,253.41615034323277
2011-10-25 21:00:00,251.87010175739826
2011-10-25 22:00:00,330.76792554213915
2011-10-25 23:00:00,321.66317324034657
2011-10-26 00:00:00,21.742044557626613
2011-10-26 01:00:00,26.844473612447942
2011-10-26 02:00:00,29.689378007794954
2011-10-26 03:00:00,33.734352442414284
2011-10-26 04:00:00,33.81792240871687
2011-10-26 05:00:00,37.823417185363525
2011-10-26 06:00:00,42.497600432621745
2011-10-26 07:00:00,47.21722092572124
2011-10-26 08:00:00,71.23045272893894
2011-10-26 09:00:00,94.80462475858909
2011-10-26 10:00:00,121.70467052259043
2011-10-26 11:00:00,122.01040248396627
2011-10-26 12:00:00,125.3459078535658
2011-10-26 13:00:00,123.9589203084637
2011-10-26 14:00:00,139.9002489225766
2011-10-26 15:00:00,157.1889935274453
2011-10-26 16:00:00,190.529715448218
2011-10-26 17:00:00,215.1896884659143
2011-10-26 18:00:00,190.60783732356433
2011-10-26 19:00:00,167.18001198430673
2011-10-26 20:00:00,162.4779573083332
2011-10-26 21:00:00,316.2598124123264
2011-10-26 22:00:00,289.05541142838234
2011-10-26 23:00:00,324.7766143806834
2011-10-27 00:00:00,13.810103825886715
2011-10-27 01:00:00,15.463674042872476
2011-10-27 02:00:00,17.92882835191599
2011-10-27 03:00:00,20.075559249956406
2011-10-27 04:00:00,25.537472510551325
2011-10-27 05:00:00,30.848254475196917
2011-10-27 06:00:00,36.32156602991139
2011-10-27 07:00:00,45.41520633978523
2011-10-27 08:00:00,44.49357393928645
2011-10-27 09:00:00,78.76498351926729
2011-10-27 10:00:00,58.39509319695283
2011-10-27 11:00:00,64.5353142165255
2011-10-27 12:00:00,72.26253154071546
2011-10-27 13:00:00,110.62304031579941
2011-10-27 14:00:00,128.759103037553
2011-10-27 15:00:00,156.34561938174758
2011-10-27 16:00:00,232.01707447142408
2011-10-27 17:00:00,237.47548067998912
2011-10-27 18:00:00,268.7661449113546
2011-10-27 19:00:00,267.2577188116948
2011-10-27 20:00:00,239.80372305986054
2011-10-27 21:00:00,274.1404814492011
2011-10-27 22:00:00,236.42985672828152
2011-10-27 23:00:00,268.44785793823144
2011-10-28 00:00:00,24.376714715755742
2011-10-28 01:00:00,25.441057028603293
2011-10-28 02:00:00,28.245586635915075
2011-10-28 03:00:00,27.730678071841474
2011-10-28 04:00:00,33.12440522430639
2011-10-28 05:00:00,42.18388044819921
2011-10-28 06:00:00,38.13406706111161
2011-10-28 07:00:00,42.16408162471968
2011-10-28 08:00:00,52.553573532414816
2011-10-28 09:00:00,64.62369412413504
2011-10-28 10:00:00,75.7487920894443
2011-10-28 11:00:00,99.04348508032787
2011-10-28 12:00:00,130.00732927290494
2011-10-28 13:00:00,144.32196231376182
2011-10-28 14:00:00,143.59557698939116
2011-10-28 15:00:00,162.18614993972
2011-10-28 16:00:00,174.5001944236207
2011-10-28 17:00:00,186.54945559411607
2011-10-28 18:00:00,203.2684695038604
2011-10-28 19:00:00,228.06205056367898
2011-10-28 20:00:00,129.54500623856052
2011-10-28 21:00:00,129.90984747679374
2011-10-28 22:00:00,129.32406736061063
2011-10-28 23:00:00,133.74464510038152
2011-10-29 00:00:00,14.92023943673229
2011-10-29 01:00:00,17.335374858222025
2011-10-29 02:00:00,18.801661237123827
2011-10-29 03:00:00,21.549539379170035
2011-10-29 04:00:00,23.372274469798846
2011-10-29 05:00:00,19.16891947818892
2011-10-29 06:00:00,21.793075068828713
2011-10-29 07:00:00,23.6364092562433
2011-10-29 08:00:00,28.76273189173061
2011-10-29 09:00:00,31.195583926242318
2011-10-29 10:00:00,28.67503948271364
2011-10-29 11:00:00,31.29536373681593
2011-10-29 12:00:00,31.805951031061745
2011-10-29 13:00:00,34.573252844596254
2011-10-29 14:00:00,37.279824242829484
2011-10-29 15:00:00,39.18598095105178
2011-10-29 16:00:00,40.62967784460625
2011-10-29 17:00:00,44.06627749647121
2011-10-29 18:00:00,47.79355671543418
2011-10-29 19:00:00,71.58156288064508
2011-10-29 20:00:00,77.63618076406584
2011-10-29 21:00:00,84.20291931430353
2011-10-29 22:00:00,89.37846792407856
2011-10-29 23:00:00,101.15829299570844
2011-10-30 00:00:00,15.575266715912196
2011-10-30 01:00:00,16.785315837879793
2011-10-30 02:00:00,18.080884184138515
2011-10-30 03:00:00,24.380093125999547
2011-10-30 04:00:00,22.596696646169207
2011-10-30 05:00:00,27.867200786033322
2011-10-30 06:00:00,30.904786831360173
2011-10-30 07:00:00,33.96861123559066
2011-10-30 08:00:00,41.927058404114945
2011-10-30 09:00:00,54.48811348306155
2011-10-30 10:00:00,66.02385457076029
2011-10-30 11:00:00,89.72260304257142
2011-10-30 12:00:00,107.91650766402839
2011-10-30 13:00:00,132.76839317344724
2011-10-30 14:00:00,157.33505128415155
2011-10-30 15:00:00,171.73961338100005
2011-10-30 16:00:00,186.8173739372005
2011-10-30 17:00:00,183.16086799081648
2011-10-30 18:00:00,167.8587499526837
2011-10-30 19:00:00,305.25814615298464
2011-10-30 20:00:00,140.04613570030875
2011-10-30 21:00:00,126.46796594758801
2011-10-30 22:00:00,113.19503118895705
2011-10-30 23:00:00,91.6736612977944
2011-10-31 00:00:00,10.2678464243479
2011-10-31 01:00:00,12.574503481010774
2011-10-31 02:00:00,12.236361672205948
2011-10-31 03:00:00,13.702055462130055
2011-10-31 04:00:00,15.259318260053341
2011-10-31 05:00:00,14.855311605885909
2011-10-31 06:00:00,19.029087240081566
2011-10-31 07:00:00,19.33405434512724
2011-10-31 08:00:00,32.35206707274151
2011-10-31 09:00:00,47.268171902977834
2011-10-31 10:00:00,71.98821043310083
2011-10-31 11:00:00,92.36793206129292
2011-10-31 12:00:00,118.80452161570493
2011-10-31 13:00:00,147.619050333574
2011-10-31 14:00:00,162.475349488527
2011-10-31 15:00:00,168.5903251733953
2011-10-31 16:00:00,163.62891616383777
2011-10-31 17:00:00,181.43078663155967
2011-10-31 18:00:00,160.12394833043024
2011-10-31 19:00:00,178.8124292942461
2011-10-31 20:00:00,199.68209130172627
2011-10-31 21:00:00,202.30844019817567
2011-10-31 22:00:00,225.9203825271319
2011-10-31 23:00:00,252.2881358346118
2011-11-20 00:00:00,37.64051023942402
2011-11-20 01:00:00,45.953506065372025
2011-11-20 02:00:00,49.50041030196351
2011-11-20 03:00:00,58.21003680825735
2011-11-20 04:00:00,59.3475282131838
2011-11-20 05:00:00,70.58332349717182
2011-11-20 06:00:00,75.4085160209314
2011-11-20 07:00:00,68.44181549633744
2011-11-20 08:00:00,83.45138726072965
2011-11-20 09:00:00,75.53364358924831
2011-11-20 10:00:00,97.1237606163851
2011-11-20 11:00:00,138.00604912349297
2011-11-20 12:00:00,149.3385903601488
2011-11-20 13:00:00,188.40550159338744
2011-11-20 14:00:00,155.86930734857313
2011-11-20 15:00:00,185.58327783985055
2011-11-20 16:00:00,209.5070814605605
2011-11-20 17:00:00,227.71812310917025
2011-11-20 18:00:00,254.93249900686655
2011-11-20 19:00:00,215.66446497086946
2011-11-20 20:00:00,257.9856553251357
2011-11-20 21:00:00,217.83850168047368
2011-11-20 22:00:00,135.09023147101738
2011-11-20 23:00:00,144.91994633273515
2011-11-21 00:00:00,18.547688951473916
2011-11-21 01:00:00,17.208931152084293
2011-11-21 02:00:00,16.91779885883256
2011-11-21 03:00:00,18.646211252609223
2011-11-21 04:00:00,20.822458888737856
2011-11-21 05:00:00,27.65844083880193
2011-11-21 06:00:00,29.868994932923606
2011-11-21 07:00:00,44.251899380518196
2011-11-21 08:00:00,44.856058386687515
2011-11-21 09:00:00,56.2282208268014
2011-11-21 10:00:00,77.51885049316279
2011-11-21 11:00:00,93.87301545004362
2011-11-21 12:00:00,112.47663138652506
2011-11-21 13:00:00,125.60407051389096
2011-11-21 14:00:00,124.90055051953973
2011-11-21 15:00:00,77.57754634524944
2011-11-21 16:00:00,86.63182281800388
2011-11-21 17:00:00,93.23363625664311
2011-11-21 18:00:00,109.55214656343664
2011-11-21 19:00:00,108.88980615276543
2011-11-21 20:00:00,131.16642528990954
2011-11-21 21:00:00,144.84265037154722
2011-11-21 22:00:00,160.60068483493026
2011-11-21 23:00:00,180.625594343896
2011-11-22 00:00:00,10.679949411296604
2011-11-22 01:00:00,12.823048356512679
2011-11-22 02:00:00,12.793492673698942
2011-11-22 03:00:00,14.457775839425894
2011-11-22 04:00:00,17.69615173352586
2011-11-22 05:00:00,19.998213272108273
2011-11-22 06:00:00,30.568781380559173
2011-11-22 07:00:00,25.82757032486556
2011-11-22 08:00:00,29.187433936752612
2011-11-22 09:00:00,31.183757164123673
2011-11-22 10:00:00,35.24039778729465
2011-11-22 11:00:00,43.56271128505896
2011-11-22 12:00:00,45.27690865035379
2011-11-22 13:00:00,53.44434104698513
2011-11-22 14:00:00,60.396822232262046
2011-11-22 15:00:00,71.59020958031779
2011-11-22 16:00:00,80.90325517890807
2011-11-22 17:00:00,90.80817155550025
2011-11-22 18:00:00,95.12624496201894
2011-11-22 19:00:00,132.42079792148868
2011-11-22 20:00:00,181.53288721511396
2011-11-22 21:00:00,206.09026779699167
2011-11-22 22:00:00,278.2633034387611
2011-11-22 23:00:00,307.79162165524366
2011-11-23 00:00:00,20.53341398510015
2011-11-23 01:00:00,23.209990315166124
2011-11-23 02:00:00,20.611547555927512
2011-11-23 03:00:00,23.158703721480567
2011-11-23 04:00:00,29.788649419457936
2011-11-23 05:00:00,35.17437197834956
2011-11-23 06:00:00,30.619945654477387
2011-11-23 07:00:00,38.25950782108615
2011-11-23 08:00:00,50.5327231737043
2011-11-23 09:00:00,61.554071075742776
2011-11-23 10:00:00,69.16086679207775
2011-11-23 11:00:00,115.80361058719824
2011-11-23 12:00:00,131.62072772702336
2011-11-23 13:00:00,148.43930961492924
2011-11-23 14:00:00,141.940637903644
2011-11-23 15:00:00,174.72735888562934
2011-11-23 16:00:00,172.97803394099859
2011-11-23 17:00:00,107.04810107370078
2011-11-23 18:00:00,226.63233866718303
2011-11-23 19:00:00,213.51100550864092
2011-11-23 20:00:00,202.68918372404184
2011-11-23 21:00:00,242.12052964211384
2011-11-23 22:00:00,240.82747121780403
2011-11-23 23:00:00,268.32903849584966
2011-11-24 00:00:00,22.655737543650407
2011-11-24 01:00:00,25.192899624331517
2011-11-24 02:00:00,25.012017154061144
2011-11-24 03:00:00,24.65988749900128
2011-11-24 04:00:00,30.774230441353094
2011-11-24 05:00:00,34.2773748716332
2011-11-24 06:00:00,37.784851764626254
2011-11-24 07:00:00,30.0967810882638
2011-11-24 08:00:00,43.94896670767213
2011-11-24 09:00:00,53.34357717950329
2011-11-24 10:00:00,67.06216260412813
2011-11-24 11:00:00,118.91131816700468
2011-11-24 12:00:00,153.436518636279
2011-11-24 13:00:00,184.44079608377143
2011-11-24 14:00:00,221.95235063614427
2011-11-24 15:00:00,244.4639695819764
2011-11-24 16:00:00,266.89586575783494
2011-11-24 17:00:00,270.6388931394096
2011-11-24 18:00:00,213.33151245914542
2011-11-24 19:00:00,213.64077645530102
2011-11-24 20:00:00,149.50094325176389
2011-11-24 21:00:00,179.84959268253772
2011-11-24 22:00:00,199.2850496590654
2011-11-24 23:00:00,194.88045087152744
2011-11-25 00:00:00,21.00439300450273
2011-11-25 01:00:00,22.2163842092702
2011-11-25 02:00:00,19.855626290884736
2011-11-25 03:00:00,24.1517588764926
2011-11-25 04:00:00,29.016377074273496
2011-11-25 05:00:00,28.894706420607584
2011-11-25 06:00:00,28.180783435106846
2011-11-25 07:00:00,30.775458379847603
2011-11-25 08:00:00,34.75216033783418
2011-11-25 09:00:00,47.135563106781355
2011-11-25 10:00:00,65.74792941777939
2011-11-25 11:00:00,90.14447696445046
2011-11-25 12:00:00,145.17659147060894
2011-11-25 13:00:00,198.4817072673071
2011-11-25 14:00:00,246.42847664512337
2011-11-25 15:00:00,277.695487901266
2011-11-25 16:00:00,280.93915418929004
2011-11-25 17:00:00,317.7194857485634
2011-11-25 18:00:00,284.92818604071147
2011-11-25 19:00:00,193.15826041166963
2011-11-25 20:00:00,247.74502575813858
2011-11-25 21:00:00,188.72244222810025
2011-11-25 22:00:00,208.41364241915443
2011-11-25 23:00:00,214.18750349111895
2011-11-26 00:00:00,26.80690155641935
2011-11-26 01:00:00,27.43079925381433
2011-11-26 02:00:00,26.226068393751373
2011-11-26 03:00:00,27.02555108230768
2011-11-26 04:00:00,29.31146631393059
2011-11-26 05:00:00,36.7596592770362
2011-11-26 06:00:00,46.59776477716827
2011-11-26 07:00:00,31.144856236405637
2011-11-26 08:00:00,48.42608558540408
2011-11-26 09:00:00,55.38069520603772
2011-11-26 10:00:00,55.288504239239955
2011-11-26 11:00:00,97.49927139565563
2011-11-26 12:00:00,126.34150585091031
2011-11-26 13:00:00,166.66369258400243
2011-11-26 14:00:00,205.73746236745546
2011-11-26 15:00:00,243.6617751898328
2011-11-26 16:00:00,227.6775985948409
2011-11-26 17:00:00,246.93536280997958
2011-11-26 18:00:00,211.9482427130939
2011-11-26 19:00:00,193.47977213513778
2011-11-26 20:00:00,234.1192401179534
2011-11-26 21:00:00,174.94699405133827
2011-11-26 22:00:00,203.97965903388078
2011-11-26 23:00:00,158.87430412981726
2011-11-27 00:00:00,25.52661695913304
2011-11-27 01:00:00,27.384037465118332
2011-11-27 02:00:00,27.97271857876673
2011-11-27 03:00:00,27.055190050217497
2011-11-27 04:00:00,30.606166399024804
2011-11-27 05:00:00,34.18100076639667
2011-11-27 06:00:00,44.175286178214236
2011-11-27 07:00:00,43.652758901202894
2011-11-27 08:00:00,54.443223394249785
2011-11-27 09:00:00,80.9619935575879
2011-11-27 10:00:00,86.85311760587291
2011-11-27 11:00:00,121.62532761983887
2011-11-27 12:00:00,160.2956997983733
2011-11-27 13:00:00,159.0421456543889
2011-11-27 14:00:00,276.24610889300135
2011-11-27 15:00:00,290.9694558904831
2011-11-27 16:00:00,235.97262613906648
2011-11-27 17:00:00,224.59691405731533
2011-11-27 18:00:00,193.2571248439607
2011-11-27 19:00:00,186.14758234640618
2011-11-27 20:00:00,225.94430051174254
2011-11-27 21:00:00,216.09343447866917
2011-11-27 22:00:00,210.79974172069538
2011-11-27 23:00:00,226.1383885752812
2011-11-28 00:00:00,22.0442474113723
2011-11-28 01:00:00,24.66385233180498
2011-11-28 03:00:00,23.194877048584026
2011-11-28 04:00:00,28.485651823651686
2011-11-28 05:00:00,24.47804057071007
2011-11-28 06:00:00,33.99981293906873
2011-11-28 07:00:00,31.151032737281934
2011-11-28 08:00:00,41.51110917456765
2011-11-28 09:00:00,59.70758746890244
2011-11-28 10:00:00,85.8651226454764
2011-11-28 11:00:00,120.14302038828725
2011-11-28 12:00:00,138.75324378891327
2011-11-28 13:00:00,188.43641126282162
2011-11-28 14:00:00,192.28802503139033
2011-11-28 15:00:00,205.32194169747874
2011-11-28 16:00:00,220.53279057622228
2011-11-28 17:00:00,276.0050329619342
2011-11-28 18:00:00,256.96828118450753
2011-11-28 19:00:00,229.0130906321361
2011-11-28 20:00:00,326.43696890782314
2011-11-28 21:00:00,338.7364718827475
2011-11-28 22:00:00,316.15227565999754
2011-11-28 23:00:00,356.129074606626
2011-11-29 00:00:00,16.606529718305943
2011-11-29 01:00:00,20.245485173318684
2011-11-29 02:00:00,24.650305081919047
2011-11-29 03:00:00,27.857020310060783
2011-11-29 04:00:00,40.735924271431976
2011-11-29 05:00:00,29.457116375610635
2011-11-29 06:00:00,38.87305280509774
2011-11-29 07:00:00,50.13495099110548
2011-11-29 08:00:00,59.274832203663514
2011-11-29 09:00:00,68.66887841461875
2011-11-29 10:00:00,77.60189313308966
2011-11-29 11:00:00,61.46489954872267
2011-11-29 12:00:00,61.05834949350651
2011-11-29 13:00:00,70.83501838471892
2011-11-29 14:00:00,63.70105988119455
2011-11-29 15:00:00,78.75804611463434
2011-11-29 16:00:00,87.75369815851496
2011-11-29 17:00:00,141.96154660705113
2011-11-29 18:00:00,172.08107285652503
2011-11-29 19:00:00,195.15845826946486
2011-11-29 20:00:00,193.64083480384397
2011-11-29 21:00:00,218.8312335308382
2011-11-29 22:00:00,211.54299329471368
2011-11-29 23:00:00,235.64794084899034
2011-11-30 00:00:00,19.768094166330197
2011-11-30 01:00:00,19.037774041948833
2011-11-30 02:00:00,19.499203175092866
2011-11-30 03:00:00,21.908896841036217
2011-11-30 04:00:00,21.13010883642621
2011-11-30 05:00:00,20.24796456589283
2011-11-30 06:00:00,19.872353960138938
2011-11-30 07:00:00,24.62719314330273
2011-11-30 08:00:00,28.72052074496117
2011-11-30 09:00:00,38.16767437358369
2011-11-30 10:00:00,54.95855137519437
2011-11-30 11:00:00,87.44962775871439
2011-11-30 12:00:00,95.76171017229719
2011-11-30 13:00:00,127.30597221876066
2011-11-30 14:00:00,143.03832764568182
2011-11-30 15:00:00,140.28021087610284
2011-11-30 16:00:00,156.75951922748195
2011-11-30 17:00:00,164.4204310812627
2011-11-30 18:00:00,178.22807268469307
2011-11-30 19:00:00,183.25954111957577
2011-11-30 20:00:00,205.9065873344486
2011-11-30 21:00:00,226.6773932071572
2011-11-30 22:00:00,227.798144496145
2011-11-30 23:00:00,256.3752264198127
2011-12-20 00:00:00,18.839973988769795
2011-12-20 01:00:00,20.913924435289378
2011-12-20 02:00:00,22.3658804761969
2011-12-20 03:00:00,25.27541888862126
2011-12-20 04:00:00,34.47753583466242
2011-12-20 05:00:00,35.45618103236184
2011-12-20 06:00:00,40.06861383067335
2011-12-20 07:00:00,43.62213242679153
2011-12-20 08:00:00,68.74499781421363
2011-12-20 09:00:00,53.871558869783115
2011-12-20 10:00:00,87.54890585172151
2011-12-20 11:00:00,89.1627699693189
2011-12-20 12:00:00,121.49269123728149
2011-12-20 13:00:00,137.29746370576845
2011-12-20 14:00:00,149.1195622645611
2011-12-20 15:00:00,160.29703942470283
2011-12-20 16:00:00,163.91767137340642
2011-12-20 17:00:00,163.36995139755018
2011-12-20 18:00:00,165.80103475548952
2011-12-20 19:00:00,169.06090567433424
2011-12-20 20:00:00,180.7167926786581
2011-12-20 21:00:00,215.9043792433643
2011-12-20 22:00:00,264.1315325046901
2011-12-20 23:00:00,329.2040604150969
2011-12-21 00:00:00,11.108682886711824
2011-12-21 01:00:00,14.097130819345141
2011-12-21 02:00:00,14.22683550814121
2011-12-21 03:00:00,15.984974807606331
2011-12-21 04:00:00,17.960383351138724
2011-12-21 05:00:00,20.382158152806937
2011-12-21 06:00:00,18.873163451733305
2011-12-21 07:00:00,22.401429819260937
2011-12-21 08:00:00,15.951219646329971
2011-12-21 09:00:00,32.6622374224157
2011-12-21 10:00:00,48.142757417828186
2011-12-21 11:00:00,54.092195277882546
2011-12-21 12:00:00,36.57899214037266
2011-12-21 13:00:00,36.55628572662068
2011-12-21 14:00:00,68.58163352238134
2011-12-21 15:00:00,77.28868612349794
2011-12-21 16:00:00,47.909820715125846
2011-12-21 17:00:00,53.83047247084438
2011-12-21 18:00:00,80.93030285613649
2011-12-21 19:00:00,111.62449638432587
2011-12-21 20:00:00,125.82637876685125
2011-12-21 21:00:00,124.7435413699152
2011-12-21 22:00:00,139.58404737746645
2011-12-21 23:00:00,155.30526555505946
2011-12-22 00:00:00,15.978778161182538
2011-12-22 01:00:00,9.689190106614893
2011-12-22 02:00:00,15.579442692365093
2011-12-22 03:00:00,21.266297974487607
2011-12-22 04:00:00,15.441702194171457
2011-12-22 05:00:00,15.806989974147372
2011-12-22 06:00:00,15.345050332931667
2011-12-22 07:00:00,14.628345416812707
2011-12-22 08:00:00,24.948888710035117
2011-12-22 09:00:00,31.556143705650342
2011-12-22 10:00:00,39.640588273834275
2011-12-22 11:00:00,48.49395198425347
2011-12-22 12:00:00,77.11088616381738
2011-12-22 13:00:00,75.740547271734
2011-12-22 14:00:00,84.80943732250812
2011-12-22 15:00:00,104.51016600824656
2011-12-22 16:00:00,106.33486103746276
2011-12-22 17:00:00,118.97223111238782
2011-12-22 18:00:00,137.22085097380736
2011-12-22 19:00:00,142.4291595466426
2011-12-22 20:00:00,87.77081834515813
2011-12-22 21:00:00,98.28016809124502
2011-12-22 22:00:00,85.91865758140227
2011-12-22 23:00:00,104.17515996713952
2011-12-23 00:00:00,11.267890276884453
2011-12-23 01:00:00,12.458682799596746
2011-12-23 02:00:00,12.22781814661928
2011-12-23 03:00:00,13.520056006616104
2011-12-23 04:00:00,15.358254523823849
2011-12-23 05:00:00,15.81610953617926
2011-12-23 06:00:00,24.156908496696975
2011-12-23 07:00:00,26.58771821331227
2011-12-23 08:00:00,34.67521874746631
2011-12-23 09:00:00,45.33903889930452
2011-12-23 10:00:00,53.4829008659916
2011-12-23 11:00:00,62.947579305442886
2011-12-23 12:00:00,73.6139929005407
2011-12-23 13:00:00,84.86901768084464
2011-12-23 14:00:00,89.24001708532718
2011-12-23 15:00:00,91.97506695618583
2011-12-23 16:00:00,105.73668986232005
2011-12-23 17:00:00,102.09818956952344
2011-12-23 18:00:00,116.32074172722653
2011-12-23 19:00:00,116.44145548393281
2011-12-23 20:00:00,108.29881286473884
2011-12-23 21:00:00,118.06232941685924
2011-12-23 22:00:00,123.49152631033934
2011-12-23 23:00:00,137.93869198944049
2011-12-24 00:00:00,19.056410543071344
2011-12-24 01:00:00,20.399437727418324
2011-12-24 02:00:00,23.350426871326178
2011-12-24 03:00:00,24.423323673144406
2011-12-24 04:00:00,27.404506286989157
2011-12-24 05:00:00,29.722474869600024
2011-12-24 06:00:00,27.853891702418103
2011-12-24 07:00:00,25.794645200026192
2011-12-24 08:00:00,26.522026250149707
2011-12-24 09:00:00,44.54590556286034
2011-12-24 10:00:00,50.30878411770891
2011-12-24 11:00:00,59.977421030355764
2011-12-24 12:00:00,68.80221144630679
2011-12-24 13:00:00,74.51687377110288
2011-12-24 14:00:00,80.8197704723584
2011-12-24 15:00:00,81.8192747655751
2011-12-24 16:00:00,85.61817101144898
2011-12-24 17:00:00,78.48949867895846
2011-12-24 18:00:00,92.7195396290413
2011-12-24 19:00:00,89.87539465529666
2011-12-24 20:00:00,82.10855096265689
2011-12-24 21:00:00,88.0006072852039
2011-12-24 22:00:00,90.56369421096937
2011-12-24 23:00:00,90.49523939057049
2011-12-25 00:00:00,14.546425785945058
2011-12-25 01:00:00,13.014351808060914
2011-12-25 02:00:00,13.445628166362859
2011-12-25 03:00:00,14.39106550639225
2011-12-25 05:00:00,15.28047582013417
2011-12-25 06:00:00,16.392345410020237
2011-12-25 07:00:00,17.170093866659702
2011-12-25 08:00:00,17.014950359502908
2011-12-25 09:00:00,18.150304998130444
2011-12-25 10:00:00,22.259330466550686
2011-12-25 11:00:00,33.89782973378368
2011-12-25 12:00:00,32.25075314511884
2011-12-25 13:00:00,40.97521756750367
2011-12-25 14:00:00,53.75758408485549
2011-12-25 15:00:00,58.308471146824694
2011-12-25 16:00:00,70.10084313107065
2011-12-25 17:00:00,66.2285766897303
2011-12-25 18:00:00,59.250560713866605
2011-12-25 19:00:00,76.9502575137202
2011-12-25 20:00:00,89.68144250030058
2011-12-25 21:00:00,82.89289931228659
2011-12-25 22:00:00,76.97139545712673
2011-12-25 23:00:00,74.71853638098943
2011-12-26 00:00:00,8.205877618670417
2011-12-26 01:00:00,14.366049975786952
2011-12-26 02:00:00,21.811200404341044
2011-12-26 04:00:00,26.215597501781545
2011-12-26 05:00:00,30.601508311092097
2011-12-26 06:00:00,30.19527828317146
2011-12-26 07:00:00,32.91553734816795
2011-12-26 08:00:00,35.88222847621025
2011-12-26 09:00:00,41.46475273712063
2011-12-26 10:00:00,48.61325140641224
2011-12-26 11:00:00,50.53302582103826
2011-12-26 12:00:00,61.57114106812899
2011-12-26 13:00:00,74.64428776069241
2011-12-26 14:00:00,82.10362904212224
2011-12-26 15:00:00,89.13210356531201
2011-12-26 16:00:00,87.87304152579392
2011-12-26 17:00:00,86.30531188907867
2011-12-26 18:00:00,84.67010530937388
2011-12-26 19:00:00,71.25813749683967
2011-12-26 20:00:00,87.92905049352058
2011-12-26 21:00:00,67.5967729775541
2011-12-26 22:00:00,74.08833371833343
2011-12-26 23:00:00,83.2822714192594
2011-12-27 00:00:00,6.536098285517577
2011-12-27 01:00:00,7.559767692083113
2011-12-27 02:00:00,8.543204696162965
2011-12-27 03:00:00,14.053558997372726
2011-12-27 04:00:00,15.287081599766902
2011-12-27 05:00:00,17.148008762687724
2011-12-27 06:00:00,20.022370529947327
2011-12-27 07:00:00,22.255502517122842
2011-12-27 08:00:00,25.277905277239267
2011-12-27 09:00:00,19.124612132697152
2011-12-27 10:00:00,33.97705907192843
2011-12-27 11:00:00,24.424032001700247
2011-12-27 12:00:00,24.416670731790212
2011-12-27 13:00:00,26.10668379902594
2011-12-27 14:00:00,44.41331613914792
2011-12-27 15:00:00,50.19096703321935
2011-12-27 16:00:00,55.233895012296394
2011-12-27 17:00:00,56.530502456793826
2011-12-27 18:00:00,69.46369928120639
2011-12-27 19:00:00,65.66280022566893
2011-12-27 20:00:00,63.80672586946968
2011-12-27 21:00:00,80.29528504174392
2011-12-27 22:00:00,90.74075873611267
2011-12-27 23:00:00,85.61821215609176
2011-12-28 00:00:00,6.762589808232611
2011-12-28 01:00:00,9.15601878749712
2011-12-28 02:00:00,12.826317516689729
2011-12-28 03:00:00,14.41138208572941
2011-12-28 05:00:00,19.145969886020662
2011-12-28 06:00:00,21.659465406944594
2011-12-28 07:00:00,24.33612230057101
2011-12-28 08:00:00,27.15740752629134
2011-12-28 09:00:00,31.01778151393808
2011-12-28 10:00:00,36.62004810455582
2011-12-28 11:00:00,51.74529148427229
2011-12-28 12:00:00,54.2873308637328
2011-12-28 13:00:00,66.87137805693456
2011-12-28 14:00:00,70.45834656671201
2011-12-28 15:00:00,82.47766920870856
2011-12-28 16:00:00,87.37639032735261
2011-12-28 17:00:00,88.81610632876024
2011-12-28 18:00:00,94.98498119309038
2011-12-28 19:00:00,96.31807479253783
2011-12-28 20:00:00,107.72627251726632
2011-12-28 21:00:00,108.95345514506602
2011-12-28 22:00:00,122.27531783198741
2011-12-28 23:00:00,139.57846173728504
2011-12-29 00:00:00,10.558585170470831
2011-12-29 01:00:00,10.974533606943986
2011-12-29 02:00:00,11.034493150030102
2011-12-29 03:00:00,11.490561379537903
2011-12-29 04:00:00,13.051883075449497
2011-12-29 05:00:00,14.667318493741499
2011-12-29 06:00:00,14.952624691394293
2011-12-29 07:00:00,15.319733171093125
2011-12-29 08:00:00,20.732869195708897
2011-12-29 09:00:00,23.438577371808083
2011-12-29 10:00:00,27.795664273181927
2011-12-29 11:00:00,34.15539162317454
2011-12-29 12:00:00,41.91925285111312
2011-12-29 13:00:00,51.168754131355115
2011-12-29 14:00:00,57.45136139148967
2011-12-29 15:00:00,68.50618923739829
2011-12-29 16:00:00,71.20769618869825
2011-12-29 17:00:00,70.69574499807193
2011-12-29 18:00:00,84.14111757234696
2011-12-29 19:00:00,95.02177540913674
2011-12-29 20:00:00,86.89939857960358
2011-12-29 21:00:00,118.68560517672894
2011-12-29 22:00:00,109.90512960298656
2011-12-29 23:00:00,131.64483059900618
2011-12-30 00:00:00,11.16043930318694
2011-12-30 01:00:00,12.661411991988258
2011-12-30 02:00:00,12.046840933478988
2011-12-30 03:00:00,13.319953091423974
2011-12-30 04:00:00,14.651332446212963
2011-12-30 05:00:00,14.716364504239571
2011-12-30 06:00:00,17.911673397983765
2011-12-30 07:00:00,18.36813829957327
2011-12-30 08:00:00,25.195463204853034
2011-12-30 09:00:00,23.43850514272613
2011-12-30 10:00:00,34.76512432623694
2011-12-30 11:00:00,40.89897694023542
2011-12-30 12:00:00,51.554245455503285
2011-12-30 13:00:00,72.412971110745
2011-12-30 14:00:00,94.8337142724937
2011-12-30 15:00:00,103.05376133704965
2011-12-30 16:00:00,122.5093013002857
2011-12-30 17:00:00,109.27255845653056
2011-12-30 18:00:00,98.00296551899855
2011-12-30 19:00:00,130.30350622493933
2011-12-30 20:00:00,124.97655339855739
2011-12-30 21:00:00,146.46489458610426
2011-12-30 22:00:00,144.40726123728473
2011-12-30 23:00:00,176.69582508294
2011-12-31 00:00:00,26.13505285041048
2011-12-31 01:00:00,29.9036650371814
2011-12-31 02:00:00,32.43302117062917
2011-12-31 03:00:00,35.17631905475729
2011-12-31 04:00:00,27.665972457512424
2011-12-31 05:00:00,30.40794243809397
2011-12-31 06:00:00,39.48031017469958
2011-12-31 07:00:00,23.52091179159219
2011-12-31 08:00:00,26.988025285665376
2011-12-31 09:00:00,34.364755703689056
2011-12-31 10:00:00,43.41970960229403
2011-12-31 11:00:00,54.25530033908181
2011-12-31 12:00:00,124.67552932472385
2011-12-31 13:00:00,125.795366013908
2011-12-31 14:00:00,107.19282237928539
2011-12-31 15:00:00,123.55345050922955
2011-12-31 16:00:00,118.96552621593267
2011-12-31 17:00:00,113.71263704685224
2011-12-31 18:00:00,121.72423319094585
2011-12-31 19:00:00,134.46156123285107
2011-12-31 20:00:00,145.83478836719777
2011-12-31 21:00:00,140.2983674391423
2011-12-31 22:00:00,133.67406258511377
2011-12-31 23:00:00,117.8656103944644
2012-01-20 00:00:00,22.976513174565316
2012-01-20 01:00:00,23.959900358681416
2012-01-20 02:00:00,26.491986622476556
2012-01-20 03:00:00,26.085177406546073
2012-01-20 04:00:00,24.49929449262713
2012-01-20 05:00:00,27.088384018409553
2012-01-20 06:00:00,30.476370564625803
2012-01-20 07:00:00,28.010912051472484
2012-01-20 08:00:00,33.75825932491661
2012-01-20 09:00:00,48.868143592330384
2012-01-20 10:00:00,59.570155802139446
2012-01-20 11:00:00,71.69111058112085
2012-01-20 12:00:00,77.35033696301653
2012-01-20 13:00:00,91.22102950917578
2012-01-20 14:00:00,96.96038906010975
2012-01-20 15:00:00,105.28389076703381
2012-01-20 16:00:00,109.17599807567468
2012-01-20 17:00:00,126.54648029871308
2012-01-20 18:00:00,133.41274904003285
2012-01-20 19:00:00,145.18238290843547
2012-01-20 20:00:00,163.10090544358027
2012-01-20 21:00:00,176.5703863004841
2012-01-20 22:00:00,201.74676733456164
2012-01-20 23:00:00,95.87554601331952
2012-01-21 00:00:00,11.999422383451911
2012-01-21 01:00:00,32.28143525401435
2012-01-21 02:00:00,13.28346455309196
2012-01-21 03:00:00,13.590556219923117
2012-01-21 04:00:00,15.945806616663395
2012-01-21 05:00:00,16.532624257329292
2012-01-21 06:00:00,16.45184186821809
2012-01-21 07:00:00,17.843395949771345
2012-01-21 08:00:00,24.570530003370408
2012-01-21 09:00:00,26.648791002108034
2012-01-21 10:00:00,21.73773795335981
2012-01-21 11:00:00,40.90707632130299
2012-01-21 12:00:00,48.27540396386955
2012-01-21 13:00:00,50.9094230026065
2012-01-21 14:00:00,38.080375698331274
2012-01-21 15:00:00,41.30134649628569
2012-01-21 16:00:00,62.38160401838145
2012-01-21 17:00:00,68.32417997025227
2012-01-21 18:00:00,78.92042041398355
2012-01-21 19:00:00,72.52523286359326
2012-01-21 20:00:00,81.89954987588357
2012-01-21 21:00:00,73.87690150653972
2012-01-21 22:00:00,104.00732084753909
2012-01-21 23:00:00,98.7262122072219
2012-01-22 00:00:00,11.733571978011211
2012-01-22 01:00:00,19.44333301313424
2012-01-22 02:00:00,20.818561196594526
2012-01-22 03:00:00,23.78086351822512
2012-01-22 04:00:00,14.051044960060507
2012-01-22 05:00:00,16.46691660175911
2012-01-22 06:00:00,26.020287282670676
2012-01-22 07:00:00,27.913629249913583
2012-01-22 08:00:00,29.944738481828864
2012-01-22 09:00:00,32.123639485105635
2012-01-22 10:00:00,33.23384198673884
2012-01-22 11:00:00,24.086066316424155
2012-01-22 12:00:00,36.68030120219332
2012-01-22 13:00:00,42.546857812229106
2012-01-22 14:00:00,43.860006330153524
2012-01-22 15:00:00,45.04868346274095
2012-01-22 16:00:00,48.326608953819374
2012-01-22 17:00:00,55.861765938175495
2012-01-22 18:00:00,40.55935911026278
2012-01-22 19:00:00,43.51062309646325
2012-01-22 20:00:00,44.99570082748957
2012-01-22 21:00:00,50.07301478461186
2012-01-22 22:00:00,71.9550239788667
2012-01-22 23:00:00,73.37074958342748
2012-01-23 00:00:00,9.886674461715765
2012-01-23 01:00:00,10.956380505988784
2012-01-23 02:00:00,12.235128067821057
2012-01-23 03:00:00,13.768114640739611
2012-01-23 04:00:00,16.971277444852003
2012-01-23 05:00:00,17.94611644144292
2012-01-23 06:00:00,20.04065419789538
2012-01-23 07:00:00,16.098655337796306
2012-01-23 08:00:00,17.245087600872903
2012-01-23 09:00:00,27.657533819660244
2012-01-23 10:00:00,29.121808659671654
2012-01-23 11:00:00,31.96131831130936
2012-01-23 12:00:00,37.93316321428127
2012-01-23 13:00:00,32.600746924337535
2012-01-23 14:00:00,34.028257036011475
2012-01-23 15:00:00,44.54657961938317
2012-01-23 16:00:00,59.6432392448849
2012-01-23 17:00:00,66.3170531353599
2012-01-23 18:00:00,73.85052124429322
2012-01-23 19:00:00,87.50114264843019
2012-01-23 20:00:00,89.42480839284725
2012-01-23 21:00:00,96.83659572598465
2012-01-23 22:00:00,108.13864576094436
2012-01-23 23:00:00,140.5999146462477
2012-01-24 00:00:00,9.518886721049746
2012-01-24 01:00:00,12.391004329850622
2012-01-24 02:00:00,13.93891804190414
2012-01-24 03:00:00,16.607594844987148
2012-01-24 04:00:00,16.13435666354147
2012-01-24 05:00:00,18.233247003328884
2012-01-24 06:00:00,23.47354473310838
2012-01-24 07:00:00,27.086705760106607
2012-01-24 08:00:00,30.61036810637285
2012-01-24 09:00:00,36.781069984596556
2012-01-24 10:00:00,28.59038580282152
2012-01-24 11:00:00,37.30844913481813
2012-01-24 12:00:00,42.4629382109655
2012-01-24 13:00:00,47.98686783943191
2012-01-24 14:00:00,64.61490021052619
2012-01-24 15:00:00,118.952573345676
2012-01-24 16:00:00,112.9656340214229
2012-01-24 17:00:00,142.31735842592835
2012-01-24 18:00:00,162.97120825319
2012-01-24 19:00:00,241.14649098255273
2012-01-24 20:00:00,123.57445168046203
2012-01-24 21:00:00,169.2566123760123
2012-01-24 22:00:00,145.86249883795963
2012-01-24 23:00:00,178.3469877786798
2012-01-25 00:00:00,7.736502265135197
2012-01-25 01:00:00,14.17081988275609
2012-01-25 02:00:00,14.90284867357788
2012-01-25 03:00:00,14.575229328088206
2012-01-25 04:00:00,17.403927917352327
2012-01-25 05:00:00,19.554689386341355
2012-01-25 06:00:00,19.53669280376512
2012-01-25 07:00:00,21.229296775713774
2012-01-25 08:00:00,26.03724544980373
2012-01-25 09:00:00,29.25490439081872
2012-01-25 10:00:00,40.96805430383243
2012-01-25 11:00:00,58.5797216581075
2012-01-25 12:00:00,70.63158002208515
2012-01-25 13:00:00,87.61849033556588
2012-01-25 14:00:00,98.17115160487803
2012-01-25 15:00:00,113.59590357326248
2012-01-25 16:00:00,119.0396197981355
2012-01-25 17:00:00,142.6268155365256
2012-01-25 18:00:00,119.82940699906297
2012-01-25 19:00:00,170.6302307496518
2012-01-25 20:00:00,160.90329544431577
2012-01-25 21:00:00,151.62692598946134
2012-01-25 22:00:00,179.7835001070193
2012-01-25 23:00:00,210.7480305505358
2012-01-26 00:00:00,14.616365562686935
2012-01-26 01:00:00,16.016426409008414
2012-01-26 02:00:00,18.018213534018898
2012-01-26 03:00:00,21.048129754045497
2012-01-26 04:00:00,18.249007335163903
2012-01-26 05:00:00,28.009023062852396
2012-01-26 06:00:00,26.62921439939942
2012-01-26 07:00:00,31.164006822488982
2012-01-26 08:00:00,34.89546852424759
2012-01-26 09:00:00,39.330816838720295
2012-01-26 10:00:00,45.26817406310721
2012-01-26 11:00:00,48.544466526397784
2012-01-26 12:00:00,63.27078511010722
2012-01-26 13:00:00,84.89201516264336
2012-01-26 14:00:00,108.92805723515141
2012-01-26 15:00:00,128.7832084415789
2012-01-26 16:00:00,135.86767757211834
2012-01-26 17:00:00,148.90137048608005
2012-01-26 18:00:00,166.7302640706891
2012-01-26 19:00:00,181.1379568385836
2012-01-26 20:00:00,189.58304585555575
2012-01-26 21:00:00,227.11245442880573
2012-01-26 22:00:00,178.43745406456534
2012-01-26 23:00:00,243.32402272110932
2012-01-27 00:00:00,26.57765584716819
2012-01-27 01:00:00,27.27133296168368
2012-01-27 02:00:00,20.67898372411815
2012-01-27 03:00:00,31.310955296877577
2012-01-27 04:00:00,30.186455929347467
2012-01-27 05:00:00,38.48765847917374
2012-01-27 06:00:00,38.1847636700996
2012-01-27 07:00:00,42.07050402754999
2012-01-27 08:00:00,45.725207380075425
2012-01-27 09:00:00,50.55745491796304
2012-01-27 10:00:00,44.331366047835225
2012-01-27 11:00:00,74.89007249128905
2012-01-27 12:00:00,96.95466583632307
2012-01-27 13:00:00,157.44614689860217
2012-01-27 14:00:00,185.82936022230322
2012-01-27 15:00:00,199.5949452875898
2012-01-27 16:00:00,197.9756253370146
2012-01-27 17:00:00,207.89843163028914
2012-01-27 18:00:00,213.99229466279544
2012-01-27 19:00:00,198.89731203678443
2012-01-27 20:00:00,194.3045161097163
2012-01-27 21:00:00,214.24076813216325
2012-01-27 22:00:00,252.18840622405037
2012-01-27 23:00:00,262.4419674308347
2012-01-28 00:00:00,29.605792075956476
2012-01-28 01:00:00,31.947050128767717
2012-01-28 02:00:00,26.1491269474539
2012-01-28 03:00:00,29.990008105857225
2012-01-28 04:00:00,31.791614970349382
2012-01-28 05:00:00,26.20487248853363
2012-01-28 06:00:00,30.09644488740539
2012-01-28 07:00:00,28.911652158659148
2012-01-28 08:00:00,27.764018287652817
2012-01-28 09:00:00,31.69322845498606
2012-01-28 10:00:00,45.52079265858349
2012-01-28 11:00:00,67.81261314412733
2012-01-28 12:00:00,69.0454486568415
2012-01-28 13:00:00,89.63677938396035
2012-01-28 14:00:00,128.08513360569685
2012-01-28 15:00:00,152.17742075826064
2012-01-28 16:00:00,182.26685975143187
2012-01-28 17:00:00,198.278283609759
2012-01-28 18:00:00,216.6965873292588
2012-01-28 19:00:00,243.50488593071069
2012-01-28 20:00:00,255.89200855080608
2012-01-28 21:00:00,259.91542321873374
2012-01-28 22:00:00,245.56149802157256
2012-01-28 23:00:00,258.2701385418085
2012-01-29 00:00:00,38.73343934851971
2012-01-29 01:00:00,45.128452451625236
2012-01-29 02:00:00,46.88754335036427
2012-01-29 03:00:00,45.27110038651395
2012-01-29 04:00:00,40.394139319142035
2012-01-29 05:00:00,32.634647092814994
2012-01-29 06:00:00,40.71810768769212
2012-01-29 07:00:00,45.79000902921843
2012-01-29 08:00:00,45.11905312985761
2012-01-29 09:00:00,46.355415185786825
2012-01-29 10:00:00,63.78391004882676
2012-01-29 11:00:00,84.02870367086881
2012-01-29 12:00:00,102.73824346984212
2012-01-29 13:00:00,110.21389605926677
2012-01-29 14:00:00,118.77646070664447
2012-01-29 15:00:00,145.09926663253876
2012-01-29 16:00:00,163.65870032075088
2012-01-29 17:00:00,175.5671732079075
2012-01-29 18:00:00,176.2175409128699
2012-01-29 19:00:00,163.57494710910436
2012-01-29 20:00:00,147.048200307852
2012-01-29 21:00:00,170.78526163827738
2012-01-29 22:00:00,214.07886314418613
2012-01-29 23:00:00,198.32935243188984
2012-01-30 00:00:00,24.241257040413053
2012-01-30 01:00:00,14.730945382687732
2012-01-30 02:00:00,18.86550925123943
2012-01-30 03:00:00,20.873172531435692
2012-01-30 04:00:00,20.125899381341668
2012-01-30 05:00:00,22.47484525352135
2012-01-30 06:00:00,29.566389624555693
2012-01-30 07:00:00,33.153213996997124
2012-01-30 08:00:00,33.38641307158783
2012-01-30 09:00:00,37.28302786059438
2012-01-30 10:00:00,48.27099658792037
2012-01-30 11:00:00,55.58075799915702
2012-01-30 12:00:00,73.50676135194989
2012-01-30 13:00:00,93.26637519484507
2012-01-30 14:00:00,113.80905737532726
2012-01-30 15:00:00,130.61288756038223
2012-01-30 16:00:00,153.13347515424914
2012-01-30 17:00:00,187.10442524656307
2012-01-30 18:00:00,192.9985144887995
2012-01-30 19:00:00,152.01695519115154
2012-01-30 20:00:00,183.33554773725274
2012-01-30 21:00:00,197.91132278084584
2012-01-30 22:00:00,193.81599038878352
2012-01-30 23:00:00,171.52895132385737
2012-01-31 00:00:00,13.981880559698231
2012-01-31 01:00:00,19.128137693736406
2012-01-31 02:00:00,21.521222993995583
2012-01-31 03:00:00,23.414558613843898
2012-01-31 04:00:00,24.98248911802695
2012-01-31 05:00:00,28.2324175885036
2012-01-31 06:00:00,28.667004974761372
2012-01-31 07:00:00,27.412249671417822
2012-01-31 08:00:00,30.999399731536872
2012-01-31 09:00:00,44.22237624654583
2012-01-31 10:00:00,56.139490304410884
2012-01-31 11:00:00,94.95355427582359
2012-01-31 12:00:00,102.031626975622
2012-01-31 13:00:00,147.6374561750913
2012-01-31 14:00:00,201.5483666704688
2012-01-31 15:00:00,264.85117226156945
2012-01-31 16:00:00,299.30519968475824
2012-01-31 17:00:00,337.3620500686282
2012-01-31 18:00:00,381.5861838270091
2012-01-31 19:00:00,369.4664100509322
2012-01-31 20:00:00,220.84280977861874
2012-01-31 21:00:00,405.4372625905266
2012-01-31 22:00:00,423.0537869642056
2012-01-31 23:00:00,464.34710879110816
2012-02-20 00:00:00,14.67155956654028
2012-02-20 01:00:00,16.08052209378669
2012-02-20 02:00:00,17.624792349852427
2012-02-20 03:00:00,19.519949744177506
2012-02-20 05:00:00,29.498668886898788
2012-02-20 06:00:00,31.823993668959307
2012-02-20 07:00:00,35.46084587461442
2012-02-20 08:00:00,30.91467481010724
2012-02-20 09:00:00,33.88352199720432
2012-02-20 10:00:00,42.26456687408488
2012-02-20 11:00:00,57.48332700113278
2012-02-20 12:00:00,70.02012626850829
2012-02-20 13:00:00,85.33073735737693
2012-02-20 14:00:00,105.18403911513333
2012-02-20 15:00:00,125.97197490193585
2012-02-20 16:00:00,147.04138172122003
2012-02-20 17:00:00,179.2795946706911
2012-02-20 18:00:00,165.86147744239662
2012-02-20 19:00:00,181.78975046410204
2012-02-20 20:00:00,197.75272521381171
2012-02-20 21:00:00,181.20496048788368
2012-02-20 22:00:00,182.94713658135106
2012-02-20 23:00:00,198.26429520263144
2012-02-21 00:00:00,10.516651426933887
2012-02-21 01:00:00,13.280132442988563
2012-02-21 02:00:00,13.527116487976896
2012-02-21 04:00:00,15.573616803798453
2012-02-21 05:00:00,15.671689150917572
2012-02-21 06:00:00,16.336110475655914
2012-02-21 07:00:00,22.47639061315801
2012-02-21 08:00:00,22.971404007222066
2012-02-21 09:00:00,23.845654673058533
2012-02-21 10:00:00,31.03469911191103
2012-02-21 11:00:00,45.40755733448858
2012-02-21 12:00:00,67.34313646002406
2012-02-21 13:00:00,86.45065612764579
2012-02-21 14:00:00,93.86815683661992
2012-02-21 15:00:00,110.40608704527082
2012-02-21 16:00:00,140.03242347539603
2012-02-21 17:00:00,183.77601077746803
2012-02-21 18:00:00,207.68311173905116
2012-02-21 19:00:00,199.57385233350152
2012-02-21 20:00:00,191.78307462451676
2012-02-21 21:00:00,194.40435920015994
2012-02-21 22:00:00,227.2572176321287
2012-02-21 23:00:00,214.04179257358163
2012-02-22 00:00:00,14.279169502375606
2012-02-22 01:00:00,15.602219983750624
2012-02-22 02:00:00,19.366337926621373
2012-02-22 03:00:00,23.78499517416942
2012-02-22 04:00:00,22.738631097223703
2012-02-22 05:00:00,24.65081457209743
2012-02-22 06:00:00,24.95755762242181
2012-02-22 07:00:00,28.252486954441256
2012-02-22 08:00:00,30.422459396744404
2012-02-22 09:00:00,39.083258645291714
2012-02-22 10:00:00,45.94013706830191
2012-02-22 11:00:00,59.077427445376564
2012-02-22 12:00:00,84.50442789388269
2012-02-22 13:00:00,112.61803734841985
2012-02-22 14:00:00,135.4113428825534
2012-02-22 15:00:00,231.64650494707826
2012-02-22 16:00:00,281.51590749530385
2012-02-22 17:00:00,309.0479195304635
2012-02-22 18:00:00,280.76441380931686
2012-02-22 19:00:00,291.26471062476924
2012-02-22 20:00:00,298.8817841768522
2012-02-22 21:00:00,403.86309480341805
2012-02-22 22:00:00,381.0307200208918
2012-02-22 23:00:00,469.9126518709409
2012-02-23 00:00:00,31.592370685762855
2012-02-23 01:00:00,32.967980989145
2012-02-23 02:00:00,35.3206194536763
2012-02-23 03:00:00,23.315725979376737
2012-02-23 04:00:00,28.10925156857977
2012-02-23 05:00:00,31.4749482933529
2012-02-23 06:00:00,24.50823030716804
2012-02-23 07:00:00,30.779456332394698
2012-02-23 08:00:00,29.099328173105686
2012-02-23 09:00:00,37.63125851470206
2012-02-23 10:00:00,67.75100644604031
2012-02-23 11:00:00,120.20236000601305
2012-02-23 12:00:00,152.1714796917687
2012-02-23 13:00:00,184.8111919644701
2012-02-23 14:00:00,226.22338039940055
2012-02-23 15:00:00,254.79361841606647
2012-02-23 16:00:00,279.07995468091383
2012-02-23 17:00:00,323.7524617474838
2012-02-23 18:00:00,347.57820599907524
2012-02-23 19:00:00,332.61454966129367
2012-02-23 20:00:00,316.57542141626465
2012-02-23 21:00:00,313.50950934485024
2012-02-23 22:00:00,340.017071573188
2012-02-23 23:00:00,340.17845599368155
2012-02-24 00:00:00,37.17937410651147
2012-02-24 01:00:00,36.45995995837945
2012-02-24 02:00:00,24.15735230753977
2012-02-24 03:00:00,29.459371654403945
2012-02-24 04:00:00,28.10214606239816
2012-02-24 05:00:00,40.54721197857717
2012-02-24 06:00:00,44.56422212372537
2012-02-24 07:00:00,57.68048726296268
2012-02-24 08:00:00,61.37887182736239
2012-02-24 09:00:00,37.799212925695166
2012-02-24 10:00:00,42.38267180628512
2012-02-24 11:00:00,69.56717260054461
2012-02-24 12:00:00,93.58761971817349
2012-02-24 13:00:00,114.65446260894853
2012-02-24 14:00:00,147.79148890991735
2012-02-24 15:00:00,77.40385280571564
2012-02-24 16:00:00,85.5839048727168
2012-02-24 17:00:00,89.21109203747497
2012-02-24 18:00:00,125.73133345585978
2012-02-24 19:00:00,173.32399122853062
2012-02-24 20:00:00,252.98950780280015
2012-02-24 21:00:00,361.91163494523767
2012-02-24 22:00:00,364.4423352058406
2012-02-24 23:00:00,379.9011540711703
2012-02-25 00:00:00,40.640544542361745
2012-02-25 01:00:00,41.475210798613524
2012-02-25 02:00:00,40.4522286287068
2012-02-25 03:00:00,41.138173105380424
2012-02-25 04:00:00,46.65099078924236
2012-02-25 05:00:00,51.8253359177404
2012-02-25 06:00:00,56.2089033202158
2012-02-25 07:00:00,53.92472139859612
2012-02-25 08:00:00,51.92329091321091
2012-02-25 09:00:00,26.933624903043256
2012-02-25 10:00:00,50.71062551813437
2012-02-25 11:00:00,87.44960401753364
2012-02-25 12:00:00,115.48189502883345
2012-02-25 13:00:00,120.06882927208196
2012-02-25 14:00:00,134.9515806787785
2012-02-25 15:00:00,143.73707193072192
2012-02-25 16:00:00,165.2819855406274
2012-02-25 17:00:00,151.24498588162865
2012-02-25 18:00:00,179.31211017810048
2012-02-25 19:00:00,162.08695654181204
2012-02-25 20:00:00,185.75003126796244
2012-02-25 21:00:00,173.34085096510503
2012-02-25 22:00:00,181.47644888938214
2012-02-25 23:00:00,186.5346282991373
2012-02-26 00:00:00,29.9780428538581
2012-02-26 01:00:00,30.58809165323306
2012-02-26 02:00:00,32.813805650768685
2012-02-26 03:00:00,36.38156465803134
2012-02-26 04:00:00,39.028835322367435
2012-02-26 05:00:00,38.2691914692796
2012-02-26 06:00:00,41.27154009438087
2012-02-26 07:00:00,37.4012092721347
2012-02-26 08:00:00,40.56757389616657
2012-02-26 09:00:00,48.44950127112125
2012-02-26 10:00:00,62.68655553204058
2012-02-26 11:00:00,72.19465700467126
2012-02-26 12:00:00,82.51762942352919
2012-02-26 13:00:00,88.64163280873805
2012-02-26 14:00:00,105.62170364174659
2012-02-26 15:00:00,123.35657050414687
2012-02-26 16:00:00,144.7609075915612
2012-02-26 17:00:00,153.9411055556606
2012-02-26 18:00:00,150.6166683708888
2012-02-26 19:00:00,161.5618543474357
2012-02-26 20:00:00,149.72827275011113
2012-02-26 21:00:00,144.9251445054286
2012-02-26 22:00:00,163.09100387299378
2012-02-26 23:00:00,127.3577710237713
2012-02-27 00:00:00,13.352706646427997
2012-02-27 01:00:00,14.109524610471263
2012-02-27 02:00:00,13.805105165506326
2012-02-27 03:00:00,14.043883237352391
2012-02-27 04:00:00,13.572881801756129
2012-02-27 05:00:00,15.157008010365466
2012-02-27 06:00:00,20.80426787559753
2012-02-27 07:00:00,27.159303496894925
2012-02-27 08:00:00,27.892888100600025
2012-02-27 09:00:00,36.572752748647545
2012-02-27 10:00:00,60.764609561529234
2012-02-27 11:00:00,78.93508996053501
2012-02-27 12:00:00,108.373527386528
2012-02-27 13:00:00,114.63768373307387
2012-02-27 14:00:00,165.6601886021353
2012-02-27 15:00:00,242.3500286111295
2012-02-27 16:00:00,287.67747921113477
2012-02-27 17:00:00,323.40217040533275
2012-02-27 18:00:00,334.87222116432895
2012-02-27 19:00:00,346.6832364019726
2012-02-27 20:00:00,353.4241980371312
2012-02-27 21:00:00,358.7633269441986
2012-02-27 22:00:00,348.4363119446989
2012-02-27 23:00:00,336.6519644113828
2012-02-28 00:00:00,21.647800892744822
2012-02-28 01:00:00,19.553962829516756
2012-02-28 02:00:00,25.69704554801174
2012-02-28 03:00:00,37.363193835230724
2012-02-28 04:00:00,29.53021090742327
2012-02-28 05:00:00,33.371744579821154
2012-02-28 06:00:00,33.95982461235541
2012-02-28 07:00:00,36.03762467968727
2012-02-28 08:00:00,36.75550120398577
2012-02-28 09:00:00,46.33736493436004
2012-02-28 10:00:00,57.502132230371934
2012-02-28 11:00:00,78.80471171994317
2012-02-28 12:00:00,94.46671246618942
2012-02-28 13:00:00,107.36630156862007
2012-02-28 14:00:00,140.72409506028092
2012-02-28 15:00:00,170.5215939836956
2012-02-28 16:00:00,190.6622460928564
2012-02-28 17:00:00,217.77303714924287
2012-02-28 18:00:00,248.65930213614357
2012-02-28 19:00:00,257.805330442031
2012-02-28 20:00:00,292.104164914265
2012-02-28 21:00:00,234.37606786652896
2012-02-28 22:00:00,264.86564207025305
2012-02-28 23:00:00,258.547504277825
2012-02-29 00:00:00,17.297584622631668
2012-02-29 01:00:00,20.37266551607364
2012-02-29 02:00:00,19.623430175508886
2012-02-29 03:00:00,17.25612767670994
2012-02-29 05:00:00,19.130021465205942
2012-02-29 06:00:00,28.027587867158903
2012-02-29 07:00:00,27.55979355790053
2012-02-29 08:00:00,34.4957925771219
2012-02-29 09:00:00,26.85993871388931
2012-02-29 10:00:00,30.179265334843834
2012-02-29 11:00:00,31.680119471779097
2012-02-29 12:00:00,36.44485167446028
2012-02-29 13:00:00,62.06806161092638
2012-02-29 14:00:00,69.73837580675357
2012-02-29 15:00:00,108.23575226755926
2012-02-29 16:00:00,82.0356370701216
2012-02-29 17:00:00,124.8776288603506
2012-02-29 18:00:00,89.03124682722805
2012-02-29 19:00:00,155.17857042188044
2012-02-29 20:00:00,127.53630803091352
2012-02-29 21:00:00,143.29712814649903
2012-02-29 22:00:00,153.0129941925056
2012-02-29 23:00:00,171.92219984577522
2012-03-20 00:00:00,24.225328336730726
2012-03-20 01:00:00,15.83548862838326
2012-03-20 02:00:00,19.30548740022348
2012-03-20 03:00:00,25.57141305402054
2012-03-20 04:00:00,30.794170788074652
2012-03-20 05:00:00,27.8688979816718
2012-03-20 06:00:00,34.69639703302398
2012-03-20 07:00:00,28.20278476384661
2012-03-20 08:00:00,49.790702850218736
2012-03-20 09:00:00,58.6787861625541
2012-03-20 10:00:00,52.759313509426235
2012-03-20 11:00:00,71.39482292415516
2012-03-20 12:00:00,97.87314124218825
2012-03-20 13:00:00,109.5273643556886
2012-03-20 14:00:00,162.83561006455406
2012-03-20 15:00:00,201.60234025937817
2012-03-20 16:00:00,223.22238909965566
2012-03-20 17:00:00,204.8003499659298
2012-03-20 18:00:00,257.75307574007803
2012-03-20 19:00:00,246.12027843688125
2012-03-20 20:00:00,307.2392872974207
2012-03-20 21:00:00,276.2668431000139
2012-03-20 22:00:00,273.35898468516893
2012-03-20 23:00:00,257.369315086532
2012-03-21 00:00:00,16.90099195588195
2012-03-21 01:00:00,23.26716472073367
2012-03-21 02:00:00,22.620273993508132
2012-03-21 03:00:00,33.490335757252765
2012-03-21 04:00:00,37.138852210207354
2012-03-21 05:00:00,41.728437544938245
2012-03-21 06:00:00,40.99831316404782
2012-03-21 07:00:00,33.403437766511395
2012-03-21 08:00:00,36.72234743837143
2012-03-21 09:00:00,66.97877351138298
2012-03-21 10:00:00,85.86235445981535
2012-03-21 11:00:00,96.47314556891502
2012-03-21 12:00:00,114.1642766696454
2012-03-21 13:00:00,114.36192328096895
2012-03-21 14:00:00,146.70983661086063
2012-03-21 15:00:00,164.84010382425905
2012-03-21 16:00:00,175.64976325812842
2012-03-21 17:00:00,245.83576008309853
2012-03-21 18:00:00,256.042325690511
2012-03-21 19:00:00,323.32529871380217
2012-03-21 20:00:00,258.2429734149618
2012-03-21 21:00:00,248.71445339868964
2012-03-21 22:00:00,274.4955517129454
2012-03-21 23:00:00,335.4375584666534
2012-03-22 00:00:00,22.28651976356692
2012-03-22 01:00:00,24.955024344409935
2012-03-22 02:00:00,27.943045690253797
2012-03-22 03:00:00,31.288841544348884
2012-03-22 04:00:00,29.331064626356675
2012-03-22 05:00:00,32.84305668015384
2012-03-22 06:00:00,36.775561536437124
2012-03-22 07:00:00,41.178929826513745
2012-03-22 08:00:00,53.94453612387544
2012-03-22 09:00:00,60.40365326217997
2012-03-22 10:00:00,58.96434662976045
2012-03-22 11:00:00,71.91213426595361
2012-03-22 12:00:00,104.77011527119939
2012-03-22 13:00:00,121.44847884329825
2012-03-22 14:00:00,162.05165050367685
2012-03-22 15:00:00,211.25287065861835
2012-03-22 16:00:00,266.9823195072297
2012-03-22 17:00:00,306.0435519765785
2012-03-22 18:00:00,342.6880630555163
2012-03-22 19:00:00,381.9704130605648
2012-03-22 20:00:00,339.03328593105016
2012-03-22 21:00:00,306.5019944072459
2012-03-22 22:00:00,293.78835342564173
2012-03-22 23:00:00,320.2070210260322
2012-03-23 00:00:00,28.967828207562324
2012-03-23 01:00:00,27.202049308425067
2012-03-23 02:00:00,32.44651690475004
2012-03-23 03:00:00,35.07351855478206
2012-03-23 04:00:00,43.13986715618559
2012-03-23 05:00:00,43.986184461473215
2012-03-23 06:00:00,55.10814898785378
2012-03-23 07:00:00,60.110657143585954
2012-03-23 08:00:00,65.03791155889387
2012-03-23 09:00:00,79.46541307224157
2012-03-23 10:00:00,97.11181690342927
2012-03-23 11:00:00,162.55149941678766
2012-03-23 12:00:00,245.49455469782978
2012-03-23 13:00:00,310.4300742524942
2012-03-23 14:00:00,403.6274594099777
2012-03-23 15:00:00,450.1735036758674
2012-03-23 16:00:00,501.30257147295663
2012-03-23 17:00:00,554.2803107886361
2012-03-23 18:00:00,559.3950784105375
2012-03-23 19:00:00,538.9056923292333
2012-03-23 20:00:00,614.9573119629168
2012-03-23 21:00:00,571.6855541549008
2012-03-23 22:00:00,512.5095721047403
2012-03-23 23:00:00,502.13592543541455
2012-03-24 00:00:00,54.46895072590122
2012-03-24 01:00:00,54.80113135701748
2012-03-24 02:00:00,52.403925919903024
2012-03-24 03:00:00,56.836432479799456
2012-03-24 04:00:00,51.18111608737574
2012-03-24 05:00:00,71.77930573383533
2012-03-24 06:00:00,77.850649396452
2012-03-24 07:00:00,73.48061558543633
2012-03-24 08:00:00,71.26239741773989
2012-03-24 09:00:00,98.61902736685167
2012-03-24 10:00:00,98.02349207865856
2012-03-24 11:00:00,90.91789821947286
2012-03-24 12:00:00,74.0433409836729
2012-03-24 13:00:00,80.67496754080358
2012-03-24 14:00:00,97.95322740758805
2012-03-24 15:00:00,94.36309017009948
2012-03-24 16:00:00,101.0655374207473
2012-03-24 17:00:00,118.98525713764924
2012-03-24 18:00:00,110.91684882849802
2012-03-24 19:00:00,118.1142761831022
2012-03-24 20:00:00,115.5181792308274
2012-03-24 21:00:00,125.28910914189086
2012-03-24 22:00:00,137.22383734576528
2012-03-24 23:00:00,222.77407465047952
2012-03-25 00:00:00,35.793506716992546
2012-03-25 01:00:00,33.086251640484754
2012-03-25 02:00:00,26.866971640797132
2012-03-25 03:00:00,31.098601468665827
2012-03-25 04:00:00,45.95927705110426
2012-03-25 05:00:00,42.42130035058467
2012-03-25 06:00:00,45.508046756811744
2012-03-25 07:00:00,54.59000750128718
2012-03-25 08:00:00,58.56219854865983
2012-03-25 09:00:00,62.22566263343467
2012-03-25 10:00:00,75.09999101317317
2012-03-25 11:00:00,71.61070799005664
2012-03-25 12:00:00,76.47022707096141
2012-03-25 13:00:00,93.09254297158172
2012-03-25 14:00:00,104.18445410204318
2012-03-25 15:00:00,112.43753760157617
2012-03-25 16:00:00,115.62770172231906
2012-03-25 17:00:00,155.2049489775412
2012-03-25 18:00:00,166.49829252254767
2012-03-25 19:00:00,185.30482303958192
2012-03-25 20:00:00,170.60769753342916
2012-03-25 21:00:00,180.98192692781623
2012-03-25 22:00:00,165.90388368918823
2012-03-25 23:00:00,185.83945157958448
2012-03-26 00:00:00,26.390835465757217
2012-03-26 01:00:00,23.78274822137688
2012-03-26 02:00:00,22.16881546198601
2012-03-26 03:00:00,28.12642067672181
2012-03-26 04:00:00,29.837660509800145
2012-03-26 05:00:00,36.76596528372921
2012-03-26 06:00:00,35.701900008993874
2012-03-26 07:00:00,50.541914370169785
2012-03-26 08:00:00,66.71610482934015
2012-03-26 09:00:00,96.92518515570062
2012-03-26 10:00:00,139.67730072853345
2012-03-26 11:00:00,151.41024179677083
2012-03-26 12:00:00,166.3052963037444
2012-03-26 13:00:00,192.14154903714658
2012-03-26 14:00:00,206.18617124765228
2012-03-26 15:00:00,238.56067316453513
2012-03-26 16:00:00,271.87800721043953
2012-03-26 17:00:00,282.56149624168415
2012-03-26 18:00:00,293.84995155692206
2012-03-26 19:00:00,308.65970090028037
2012-03-26 20:00:00,325.4489135088638
2012-03-26 21:00:00,343.0152033081311
2012-03-26 22:00:00,369.80537859188706
2012-03-26 23:00:00,405.3459559207582
2012-03-27 00:00:00,25.45274484082485
2012-03-27 01:00:00,27.150034968027892
2012-03-27 02:00:00,26.146708040170434
2012-03-27 03:00:00,29.65318117348077
2012-03-27 04:00:00,31.138119851693382
2012-03-27 05:00:00,30.875687567759485
2012-03-27 06:00:00,34.41418653459451
2012-03-27 07:00:00,38.89106808465471
2012-03-27 08:00:00,44.64552620051103
2012-03-27 09:00:00,51.333792259322074
2012-03-27 10:00:00,63.79037908402297
2012-03-27 11:00:00,82.55545057476765
2012-03-27 12:00:00,98.6608118449019
2012-03-27 13:00:00,117.86017486204042
2012-03-27 14:00:00,163.8552994800203
2012-03-27 15:00:00,182.9308047869927
2012-03-27 16:00:00,206.72795437427993
2012-03-27 17:00:00,250.7479487748104
2012-03-27 18:00:00,287.49767476084173
2012-03-27 19:00:00,301.16864778623716
2012-03-27 20:00:00,367.16312780890405
2012-03-27 21:00:00,314.82717284480486
2012-03-27 22:00:00,353.2596939681874
2012-03-27 23:00:00,404.4837889782229
2012-03-28 00:00:00,26.4197683956456
2012-03-28 01:00:00,27.66398967865582
2012-03-28 02:00:00,27.743371092135586
2012-03-28 03:00:00,34.38173038941245
2012-03-28 04:00:00,40.715044934637966
2012-03-28 05:00:00,45.746572890247734
2012-03-28 06:00:00,49.875067284388685
2012-03-28 07:00:00,55.85712789568447
2012-03-28 08:00:00,68.79306270997456
2012-03-28 09:00:00,85.55120763899625
2012-03-28 10:00:00,118.40945578410484
2012-03-28 11:00:00,149.19449864884243
2012-03-28 12:00:00,194.03099775090058
2012-03-28 13:00:00,221.9912524097581
2012-03-28 14:00:00,311.56203229708376
2012-03-28 15:00:00,342.84303411222834
2012-03-28 16:00:00,202.93105675414176
2012-03-28 17:00:00,309.1086489685382
2012-03-28 18:00:00,347.30801264608675
2012-03-28 19:00:00,419.18651836977136
2012-03-28 20:00:00,478.49164072654486
2012-03-28 21:00:00,462.1993700403428
2012-03-28 22:00:00,449.47895885543227
2012-03-28 23:00:00,445.7834033133652
2012-03-29 00:00:00,33.33014051473152
2012-03-29 01:00:00,44.8938922396019
2012-03-29 02:00:00,80.99882235809572
2012-03-29 03:00:00,86.52591035913936
2012-03-29 04:00:00,77.24910090381209
2012-03-29 05:00:00,74.58279162235804
2012-03-29 06:00:00,62.283859026333914
2012-03-29 07:00:00,78.50512236138141
2012-03-29 08:00:00,92.54234192346563
2012-03-29 09:00:00,109.12833159902387
2012-03-29 10:00:00,116.33285018386128
2012-03-29 11:00:00,150.4510075016149
2012-03-29 12:00:00,174.7036996312093
2012-03-29 13:00:00,166.5331536391587
2012-03-29 14:00:00,216.43679230084183
2012-03-29 15:00:00,264.9813753114113
2012-03-29 16:00:00,302.99426670900993
2012-03-29 17:00:00,336.05674807620505
2012-03-29 18:00:00,347.2274959797657
2012-03-29 19:00:00,364.3167545022321
2012-03-29 20:00:00,386.6124853835574
2012-03-29 21:00:00,383.96436964684375
2012-03-29 22:00:00,403.19744812627033
2012-03-29 23:00:00,438.8105171072781
2012-03-30 00:00:00,40.17517660685326
2012-03-30 01:00:00,40.292627419756116
2012-03-30 02:00:00,38.88290918526029
2012-03-30 03:00:00,35.74682088422407
2012-03-30 04:00:00,44.04516905572778
2012-03-30 05:00:00,41.375374770627154
2012-03-30 06:00:00,48.87043409637237
2012-03-30 07:00:00,53.482741109010725
2012-03-30 08:00:00,52.09290512606655
2012-03-30 09:00:00,69.51873708365706
2012-03-30 10:00:00,89.9491967021809
2012-03-30 11:00:00,95.61096375934262
2012-03-30 12:00:00,111.83616682540148
2012-03-30 13:00:00,77.56709927841433
2012-03-30 14:00:00,85.48279344960191
2012-03-30 15:00:00,100.67244645645052
2012-03-30 16:00:00,115.33636661500614
2012-03-30 17:00:00,206.2493233016501
2012-03-30 18:00:00,237.3978476859641
2012-03-30 19:00:00,223.27141139652306
2012-03-30 20:00:00,244.11530260327243
2012-03-30 21:00:00,238.39906997985966
2012-03-30 22:00:00,221.99728966585639
2012-03-30 23:00:00,233.34255326255743
2012-03-31 00:00:00,28.4583236248398
2012-03-31 01:00:00,44.056756998325305
2012-03-31 02:00:00,50.24583825013992
2012-03-31 03:00:00,38.55386733805984
2012-03-31 04:00:00,49.16793575869076
2012-03-31 05:00:00,45.144423838351926
2012-03-31 06:00:00,48.90019263700469
2012-03-31 07:00:00,53.0363412334862
2012-03-31 08:00:00,57.868300646330226
2012-03-31 09:00:00,84.35608491229391
2012-03-31 10:00:00,90.29937232665291
2012-03-31 11:00:00,101.26637339027175
2012-03-31 12:00:00,115.77219072145435
2012-03-31 13:00:00,181.70067248720457
2012-03-31 14:00:00,195.80724259857868
2012-03-31 15:00:00,235.35748329664725
2012-03-31 16:00:00,231.72072252985055
2012-03-31 17:00:00,198.10755745163797
2012-03-31 18:00:00,211.52992591187137
2012-03-31 19:00:00,185.0738236514878
2012-03-31 20:00:00,222.3942658759079
2012-03-31 21:00:00,241.2051474095745
2012-03-31 22:00:00,244.7535047197279
2012-03-31 23:00:00,221.14215817939714
2012-04-20 00:00:00,37.558566747975625
2012-04-20 01:00:00,30.211216287685044
2012-04-20 02:00:00,28.108341132047414
2012-04-20 03:00:00,30.40887540427201
2012-04-20 04:00:00,28.267034308163993
2012-04-20 05:00:00,28.821576588453052
2012-04-20 06:00:00,36.341551976639096
2012-04-20 07:00:00,35.23520257031522
2012-04-20 08:00:00,40.39521910044286
2012-04-20 09:00:00,57.516292661150686
2012-04-20 10:00:00,90.71762885891638
2012-04-20 11:00:00,131.59572663432652
2012-04-20 12:00:00,210.35709408090636
2012-04-20 13:00:00,298.0466354097483
2012-04-20 14:00:00,342.58432364802906
2012-04-20 15:00:00,363.03665499466615
2012-04-20 16:00:00,433.7253716386725
2012-04-20 17:00:00,450.0374926962237
2012-04-20 18:00:00,458.51471981206885
2012-04-20 19:00:00,458.8391008072539
2012-04-20 20:00:00,445.5196982549504
2012-04-20 21:00:00,373.29867441831476
2012-04-20 22:00:00,403.66764354937357
2012-04-20 23:00:00,384.07875142119514
2012-04-21 00:00:00,43.97400689068508
2012-04-21 01:00:00,47.69348154046266
2012-04-21 02:00:00,50.788325762068496
2012-04-21 03:00:00,48.078308539844606
2012-04-21 04:00:00,52.38439985742929
2012-04-21 05:00:00,56.81525483495886
2012-04-21 06:00:00,61.33920441612667
2012-04-21 07:00:00,67.10839614370086
2012-04-21 08:00:00,77.11680690496699
2012-04-21 09:00:00,93.9863787125206
2012-04-21 10:00:00,159.74006363736896
2012-04-21 11:00:00,191.5060403054022
2012-04-21 12:00:00,230.14228182265683
2012-04-21 13:00:00,272.19108661577116
2012-04-21 14:00:00,367.82725230994487
2012-04-21 15:00:00,443.4581430536243
2012-04-21 16:00:00,452.7612251836705
2012-04-21 17:00:00,562.8225896755737
2012-04-21 18:00:00,511.5466738527952
2012-04-21 19:00:00,196.53606956780337
2012-04-21 20:00:00,166.26072017212124
2012-04-21 21:00:00,182.09899449967
2012-04-21 22:00:00,218.22091420252687
2012-04-21 23:00:00,284.745947781808
2012-04-22 00:00:00,45.11884483859842
2012-04-22 01:00:00,49.34776688359347
2012-04-22 02:00:00,50.968632272732926
2012-04-22 03:00:00,52.904074734732895
2012-04-22 04:00:00,60.957991718757654
2012-04-22 05:00:00,66.13060593747939
2012-04-22 06:00:00,76.747600766181
2012-04-22 07:00:00,49.04360098513449
2012-04-22 08:00:00,47.333307931761894
2012-04-22 09:00:00,50.77747199429017
2012-04-22 10:00:00,52.27934614446785
2012-04-22 11:00:00,53.7227077270162
2012-04-22 12:00:00,57.83676905221195
2012-04-22 13:00:00,64.7517250369087
2012-04-22 14:00:00,66.55986942372691
2012-04-22 15:00:00,71.85047984116609
2012-04-22 16:00:00,77.49459896867471
2012-04-22 17:00:00,66.59791874195331
2012-04-22 18:00:00,71.44385426585312
2012-04-22 19:00:00,81.33976444364379
2012-04-22 20:00:00,84.95277077889278
2012-04-22 21:00:00,95.75040429025633
2012-04-22 22:00:00,91.27449706141702
2012-04-22 23:00:00,112.56184067873835
2012-04-23 00:00:00,12.96557828133675
2012-04-23 01:00:00,12.546949569649865
2012-04-23 02:00:00,19.539515441421692
2012-04-23 03:00:00,23.365617226900508
2012-04-23 04:00:00,16.707786178526614
2012-04-23 05:00:00,18.657795200915682
2012-04-23 06:00:00,29.65872119804254
2012-04-23 07:00:00,23.171663850995728
2012-04-23 08:00:00,39.8575034493692
2012-04-23 09:00:00,44.78829171985268
2012-04-23 10:00:00,57.55779795991449
2012-04-23 11:00:00,62.646097586193534
2012-04-23 12:00:00,47.30461786333118
2012-04-23 13:00:00,54.51461287895935
2012-04-23 14:00:00,66.55732583201574
2012-04-23 15:00:00,123.35761590098939
2012-04-23 16:00:00,61.08885640703605
2012-04-23 17:00:00,67.53388243877195
2012-04-23 18:00:00,86.1180468244799
2012-04-23 19:00:00,152.35619186824164
2012-04-23 20:00:00,163.4752817382984
2012-04-23 21:00:00,168.94562818712765
2012-04-23 22:00:00,168.5447660710506
2012-04-23 23:00:00,187.09082796215313
2012-04-24 00:00:00,15.789660681921251
2012-04-24 01:00:00,16.912154023160934
2012-04-24 02:00:00,15.025253842446647
2012-04-24 03:00:00,16.514341538640316
2012-04-24 04:00:00,20.99105815427609
2012-04-24 05:00:00,23.7217483268493
2012-04-24 06:00:00,26.94774953696573
2012-04-24 07:00:00,34.71828148972241
2012-04-24 08:00:00,44.81046903592425
2012-04-24 09:00:00,77.29372794443542
2012-04-24 10:00:00,92.47991556434495
2012-04-24 11:00:00,137.1808087199227
2012-04-24 12:00:00,167.0418082133503
2012-04-24 13:00:00,200.99518424316997
2012-04-24 14:00:00,231.2133172018626
2012-04-24 15:00:00,263.8172533839017
2012-04-24 16:00:00,289.794476347921
2012-04-24 17:00:00,357.96600886321374
2012-04-24 18:00:00,337.6756007564488
2012-04-24 19:00:00,427.0922623667134
2012-04-24 20:00:00,455.9166803991306
2012-04-24 21:00:00,432.0092412358198
2012-04-24 22:00:00,458.7388637498599
2012-04-24 23:00:00,472.53246185428515
2012-04-25 00:00:00,31.162707344017978
2012-04-25 01:00:00,31.999695482322814
2012-04-25 02:00:00,23.474301404502913
2012-04-25 03:00:00,22.10296784168377
2012-04-25 04:00:00,27.927236491433508
2012-04-25 05:00:00,29.702244552592465
2012-04-25 06:00:00,33.37282072537204
2012-04-25 07:00:00,34.90241120428263
2012-04-25 08:00:00,40.43276375299001
2012-04-25 09:00:00,70.78402954634099
2012-04-25 10:00:00,132.7015010634903
2012-04-25 11:00:00,165.20862417012995
2012-04-25 12:00:00,207.0356571601506
2012-04-25 13:00:00,246.67753556143228
2012-04-25 14:00:00,285.135170309758
2012-04-25 15:00:00,330.5332093692785
2012-04-25 16:00:00,392.31920738598535
2012-04-25 17:00:00,439.23941625454665
2012-04-25 18:00:00,492.5844863101842
2012-04-25 19:00:00,545.8146588295568
2012-04-25 20:00:00,545.932996098263
2012-04-25 21:00:00,436.3410063786956
2012-04-25 22:00:00,427.8854689418718
2012-04-25 23:00:00,552.577345345721
2012-04-26 00:00:00,31.992785070421192
2012-04-26 01:00:00,43.79048148398365
2012-04-26 02:00:00,46.91378616085524
2012-04-26 03:00:00,52.2590048017826
2012-04-26 04:00:00,56.49011936792254
2012-04-26 05:00:00,61.60167215284887
2012-04-26 06:00:00,70.57585797087148
2012-04-26 07:00:00,40.31687081290967
2012-04-26 08:00:00,44.13556665185688
2012-04-26 09:00:00,45.88726875769033
2012-04-26 10:00:00,65.15435222204827
2012-04-26 11:00:00,73.7779879406077
2012-04-26 12:00:00,111.1647774241747
2012-04-26 13:00:00,122.98780217484027
2012-04-26 14:00:00,163.85727337721914
2012-04-26 15:00:00,161.21832901573467
2012-04-26 16:00:00,177.9870031806701
2012-04-26 17:00:00,186.48766852289248
2012-04-26 18:00:00,257.5898201307432
2012-04-26 19:00:00,289.9398332936547
2012-04-26 20:00:00,263.39136632441694
2012-04-26 21:00:00,247.4319466469763
2012-04-26 22:00:00,273.97055037267495
2012-04-26 23:00:00,261.78549403542524
2012-04-27 00:00:00,45.58478258423694
2012-04-27 01:00:00,52.75300763862112
2012-04-27 02:00:00,54.921079278127685
2012-04-27 03:00:00,62.87707599578421
2012-04-27 04:00:00,65.58245848978807
2012-04-27 05:00:00,73.44763451988554
2012-04-27 06:00:00,75.91968556640278
2012-04-27 07:00:00,73.62116823058896
2012-04-27 08:00:00,77.17131468846506
2012-04-27 09:00:00,111.09599173511509
2012-04-27 10:00:00,137.37217920982957
2012-04-27 11:00:00,150.5248376597997
2012-04-27 12:00:00,180.86289018951425
2012-04-27 13:00:00,204.88572125218212
2012-04-27 14:00:00,225.1273294001751
2012-04-27 15:00:00,312.4207536877647
2012-04-27 16:00:00,336.98168320554237
2012-04-27 17:00:00,410.23187666482875
2012-04-27 18:00:00,424.4551757294314
2012-04-27 19:00:00,439.15112912288606
2012-04-27 20:00:00,414.32762295466864
2012-04-27 21:00:00,425.12403089539754
2012-04-27 22:00:00,422.12854175862833
2012-04-27 23:00:00,430.4100954342673
2012-04-28 00:00:00,48.41164348394795
2012-04-28 01:00:00,45.30657928766087
2012-04-28 02:00:00,52.868167077224655
2012-04-28 03:00:00,50.1872417259236
2012-04-28 04:00:00,54.46612649977501
2012-04-28 05:00:00,60.80429395854566
2012-04-28 06:00:00,64.45500545829931
2012-04-28 07:00:00,69.48890193080645
2012-04-28 08:00:00,94.58634293029952
2012-04-28 09:00:00,94.91641646434988
2012-04-28 10:00:00,112.37818847263192
2012-04-28 11:00:00,119.97336056988706
2012-04-28 12:00:00,118.66211002455802
2012-04-28 13:00:00,139.97063078605115
2012-04-28 14:00:00,176.3968826985674
2012-04-28 15:00:00,191.56882477113584
2012-04-28 16:00:00,224.5146460475888
2012-04-28 17:00:00,223.17786018436462
2012-04-28 18:00:00,114.32316758347262
2012-04-28 19:00:00,108.72997250227338
2012-04-28 20:00:00,195.1659815541723
2012-04-28 21:00:00,129.5895317317236
2012-04-28 22:00:00,215.6885215482747
2012-04-28 23:00:00,242.37839834122423
2012-04-29 00:00:00,22.74434552678358
2012-04-29 01:00:00,35.94690420847889
2012-04-29 02:00:00,36.41618893378676
2012-04-29 03:00:00,38.80054076418649
2012-04-29 04:00:00,41.08159786997513
2012-04-29 05:00:00,31.379238022355697
2012-04-29 06:00:00,34.72235723363924
2012-04-29 07:00:00,48.10310500644601
2012-04-29 08:00:00,56.884906169137494
2012-04-29 09:00:00,70.0498494788463
2012-04-29 10:00:00,83.62701535476269
2012-04-29 11:00:00,117.26482883263773
2012-04-29 12:00:00,156.93955864483098
2012-04-29 13:00:00,177.37433341802318
2012-04-29 14:00:00,218.45472644381007
2012-04-29 15:00:00,266.09957529857223
2012-04-29 16:00:00,337.64097901111506
2012-04-29 17:00:00,391.4223233839052
2012-04-29 18:00:00,394.98095797484547
2012-04-29 19:00:00,357.8520301565421
2012-04-29 20:00:00,386.203011177447
2012-04-29 21:00:00,322.4995254894636
2012-04-29 22:00:00,307.7773904142952
2012-04-29 23:00:00,260.0248855610083
2012-04-30 00:00:00,22.834810949995827
2012-04-30 01:00:00,21.996147484303243
2012-04-30 02:00:00,27.663088518571676
2012-04-30 03:00:00,27.052305753066523
2012-04-30 04:00:00,35.98007107430367
2012-04-30 05:00:00,40.179398410157845
2012-04-30 06:00:00,56.68842731530625
2012-04-30 07:00:00,61.29394589008132
2012-04-30 08:00:00,73.55409803943239
2012-04-30 09:00:00,83.73312623975411
2012-04-30 10:00:00,99.88610034479031
2012-04-30 11:00:00,115.72262117891732
2012-04-30 12:00:00,128.4792642111
2012-04-30 13:00:00,156.66650939985527
2012-04-30 14:00:00,182.69714411883103
2012-04-30 15:00:00,214.36324926804934
2012-04-30 16:00:00,231.0279095658514
2012-04-30 17:00:00,256.4493925893835
2012-04-30 18:00:00,324.09424401093645
2012-04-30 19:00:00,328.9828960267534
2012-04-30 20:00:00,365.9252677835926
2012-04-30 21:00:00,408.6333540658579
2012-04-30 22:00:00,471.6289025158344
2012-04-30 23:00:00,532.6101733425892
2012-05-20 00:00:00,80.88319050146013
2012-05-20 01:00:00,77.01582300058493
2012-05-20 02:00:00,82.61980762399358
2012-05-20 03:00:00,85.36670893722096
2012-05-20 04:00:00,70.68515104605169
2012-05-20 05:00:00,67.15989877743914
2012-05-20 06:00:00,85.62522128165992
2012-05-20 07:00:00,89.65206852653766
2012-05-20 08:00:00,130.64724897296279
2012-05-20 09:00:00,217.7180011542892
2012-05-20 10:00:00,257.252931774878
2012-05-20 11:00:00,272.9525443372543
2012-05-20 12:00:00,306.05175377870864
2012-05-20 13:00:00,336.1881971793659
2012-05-20 14:00:00,370.52732404950666
2012-05-20 15:00:00,385.02965437263725
2012-05-20 16:00:00,410.18340379153256
2012-05-20 17:00:00,420.82306106371084
2012-05-20 18:00:00,399.5855685074492
2012-05-20 19:00:00,332.9633703411323
2012-05-20 20:00:00,357.19113984164
2012-05-20 21:00:00,307.0645939986848
2012-05-20 22:00:00,287.3361436116516
2012-05-20 23:00:00,217.522029655615
2012-05-21 00:00:00,19.67452300478509
2012-05-21 01:00:00,22.120557890683298
2012-05-21 02:00:00,21.278047173291053
2012-05-21 03:00:00,38.00847465066256
2012-05-21 04:00:00,29.979571416438365
2012-05-21 05:00:00,33.47856488719205
2012-05-21 06:00:00,37.385934953405126
2012-05-21 07:00:00,41.749344305823655
2012-05-21 08:00:00,46.34265616762831
2012-05-21 09:00:00,51.51486057774878
2012-05-21 10:00:00,59.22350691856302
2012-05-21 11:00:00,105.71042088145091
2012-05-21 12:00:00,119.92691281773797
2012-05-21 13:00:00,92.1170315842324
2012-05-21 14:00:00,101.86572846632613
2012-05-21 15:00:00,218.41666553362447
2012-05-21 16:00:00,246.30908908027004
2012-05-21 17:00:00,306.83447055447664
2012-05-21 18:00:00,247.7405028222502
2012-05-21 19:00:00,313.6441751721081
2012-05-21 20:00:00,346.3285163214531
2012-05-21 21:00:00,372.3508358507984
2012-05-21 22:00:00,458.55251570425196
2012-05-21 23:00:00,434.9262614459401
2012-05-22 00:00:00,21.160621262373095
2012-05-22 01:00:00,29.612512990861084
2012-05-22 02:00:00,33.17553387737198
2012-05-22 03:00:00,37.49128126194831
2012-05-22 04:00:00,37.45512685338245
2012-05-22 05:00:00,30.0767833278008
2012-05-22 06:00:00,33.2567168963696
2012-05-22 07:00:00,37.58302523840349
2012-05-22 08:00:00,60.65550707948298
2012-05-22 09:00:00,79.87052513355182
2012-05-22 10:00:00,101.16310748645394
2012-05-22 11:00:00,105.97357461375461
2012-05-22 12:00:00,132.90658408085372
2012-05-22 13:00:00,158.65073508486603
2012-05-22 14:00:00,194.4224817821086
2012-05-22 15:00:00,265.53953328136095
2012-05-22 16:00:00,294.30516129057224
2012-05-22 17:00:00,375.7657771482756
2012-05-22 18:00:00,379.13362980120974
2012-05-22 19:00:00,349.25399694957827
2012-05-22 20:00:00,347.928226097194
2012-05-22 21:00:00,326.63803169265583
2012-05-22 22:00:00,417.7819399950836
2012-05-22 23:00:00,474.58839730561033
2012-05-23 00:00:00,27.828887410169607
2012-05-23 01:00:00,26.592245565893496
2012-05-23 02:00:00,37.864433271345206
2012-05-23 03:00:00,38.24572953384419
2012-05-23 04:00:00,32.3334711674082
2012-05-23 05:00:00,32.78911977440997
2012-05-23 06:00:00,38.83449919392344
2012-05-23 07:00:00,47.49336874728337
2012-05-23 08:00:00,53.36255575031099
2012-05-23 09:00:00,89.58341859696954
2012-05-23 10:00:00,88.00503205229322
2012-05-23 11:00:00,107.83545236032536
2012-05-23 12:00:00,175.1592463490997
2012-05-23 13:00:00,179.6231360484053
2012-05-23 14:00:00,216.36213410661375
2012-05-23 15:00:00,282.60773425348185
2012-05-23 16:00:00,209.49204333252928
2012-05-23 17:00:00,196.15370358522563
2012-05-23 18:00:00,220.3941985857804
2012-05-23 19:00:00,279.5008210794332
2012-05-23 20:00:00,307.51864530183315
2012-05-23 21:00:00,320.28615002821795
2012-05-23 22:00:00,396.4551154720759
2012-05-23 23:00:00,342.7241757826389
2012-05-24 00:00:00,24.942416203103384
2012-05-24 01:00:00,23.929913402210012
2012-05-24 02:00:00,24.838189165225934
2012-05-24 03:00:00,39.264763883099384
2012-05-24 04:00:00,44.66619137741043
2012-05-24 05:00:00,50.01435419349482
2012-05-24 06:00:00,56.00288603647133
2012-05-24 07:00:00,55.335496989888966
2012-05-24 08:00:00,84.94143081331687
2012-05-24 09:00:00,95.7912407402269
2012-05-24 10:00:00,133.68829170858376
2012-05-24 11:00:00,154.16943916228908
2012-05-24 12:00:00,212.17430077466113
2012-05-24 13:00:00,269.3116142764018
2012-05-24 14:00:00,304.95036137892396
2012-05-24 15:00:00,343.0320523828015
2012-05-24 16:00:00,389.05503985984114
2012-05-24 17:00:00,431.86908437762526
2012-05-24 18:00:00,486.2317327396055
2012-05-24 19:00:00,453.8547429230975
2012-05-24 20:00:00,465.7632958348466
2012-05-24 21:00:00,272.4979973838734
2012-05-24 22:00:00,448.3928717032389
2012-05-24 23:00:00,506.4588316397598
2012-05-25 00:00:00,33.872456059415455
2012-05-25 01:00:00,36.93613165500473
2012-05-25 02:00:00,47.98518614153351
2012-05-25 03:00:00,50.38717121054825
2012-05-25 04:00:00,51.37566602453525
2012-05-25 05:00:00,61.280729156004476
2012-05-25 06:00:00,68.10963228643169
2012-05-25 07:00:00,76.50648411000385
2012-05-25 08:00:00,81.56502538380407
2012-05-25 09:00:00,90.97104866976318
2012-05-25 10:00:00,109.217448464175
2012-05-25 11:00:00,119.90327972236263
2012-05-25 12:00:00,200.36001578494572
2012-05-25 13:00:00,251.77216453344826
2012-05-25 14:00:00,308.06847761501155
2012-05-25 15:00:00,315.11487463116134
2012-05-25 16:00:00,451.3268148605021
2012-05-25 17:00:00,390.63137603109675
2012-05-25 18:00:00,425.94886205122793
2012-05-25 19:00:00,470.6875950235248
2012-05-25 20:00:00,459.4756145997791
2012-05-25 21:00:00,504.43069232690084
2012-05-25 22:00:00,415.34707533468145
2012-05-25 23:00:00,417.5252966034926
2012-05-26 00:00:00,43.554219982962834
2012-05-26 01:00:00,46.9032291109304
2012-05-26 02:00:00,41.74441412731943
2012-05-26 03:00:00,46.07720612648758
2012-05-26 04:00:00,50.41024754446032
2012-05-26 05:00:00,65.62071816966166
2012-05-26 06:00:00,60.08132094055548
2012-05-26 07:00:00,84.34589467107274
2012-05-26 08:00:00,96.74987171053945
2012-05-26 09:00:00,90.99160022404352
2012-05-26 10:00:00,114.9279775793997
2012-05-26 11:00:00,146.6983793815217
2012-05-26 12:00:00,207.7748268590404
2012-05-26 13:00:00,224.4448219283599
2012-05-26 14:00:00,244.7011569131339
2012-05-26 15:00:00,267.7162563691668
2012-05-26 16:00:00,394.1604292829648
2012-05-26 17:00:00,489.7131589524913
2012-05-26 18:00:00,519.1447492589234
2012-05-26 19:00:00,424.76716543727844
2012-05-26 20:00:00,572.2584635162373
2012-05-26 21:00:00,538.0681790098255
2012-05-26 22:00:00,361.88569537904203
2012-05-26 23:00:00,392.49524782272897
2012-05-27 00:00:00,83.80122578475901
2012-05-27 01:00:00,65.87391729160146
2012-05-27 02:00:00,71.2780847300388
2012-05-27 03:00:00,75.61232763040411
2012-05-27 04:00:00,59.63180473314689
2012-05-27 05:00:00,63.97085745985896
2012-05-27 06:00:00,68.21536448458657
2012-05-27 07:00:00,62.38428217319708
2012-05-27 08:00:00,79.92018112149282
2012-05-27 09:00:00,87.01911958535551
2012-05-27 10:00:00,126.3178717509488
2012-05-27 11:00:00,175.16638694526208
2012-05-27 12:00:00,190.31184006509466
2012-05-27 13:00:00,254.11953332447214
2012-05-27 14:00:00,275.29322292729125
2012-05-27 15:00:00,343.30297090013204
2012-05-27 16:00:00,368.28309180438094
2012-05-27 17:00:00,420.9328254128493
2012-05-27 18:00:00,366.794272070363
2012-05-27 19:00:00,387.31414795218353
2012-05-27 20:00:00,435.3407557828964
2012-05-27 21:00:00,236.9819093254873
2012-05-27 22:00:00,166.12421300472906
2012-05-27 23:00:00,194.93907136926697
2012-05-28 00:00:00,33.420032164455996
2012-05-28 01:00:00,53.12844469896542
2012-05-28 02:00:00,39.432593143064565
2012-05-28 03:00:00,58.08204211811446
2012-05-28 04:00:00,53.8301740112543
2012-05-28 05:00:00,58.99967883949227
2012-05-28 06:00:00,76.47394054178555
2012-05-28 07:00:00,71.89220360707928
2012-05-28 08:00:00,97.42151327212764
2012-05-28 09:00:00,136.741046859889
2012-05-28 10:00:00,149.8727804079307
2012-05-28 11:00:00,160.80186895134725
2012-05-28 12:00:00,200.64108540392692
2012-05-28 13:00:00,216.8490159475391
2012-05-28 14:00:00,237.6738053064791
2012-05-28 15:00:00,321.34012644585795
2012-05-28 16:00:00,353.4522376667747
2012-05-28 17:00:00,386.02256130969096
2012-05-28 18:00:00,390.61242266866293
2012-05-28 19:00:00,477.31077770158225
2012-05-28 20:00:00,430.9413402680178
2012-05-28 21:00:00,417.1590922399565
2012-05-28 22:00:00,394.90932706038075
2012-05-28 23:00:00,376.924155928079
2012-05-29 00:00:00,25.495055164716515
2012-05-29 01:00:00,28.81166245891913
2012-05-29 02:00:00,28.05477036633294
2012-05-29 03:00:00,37.42846660161489
2012-05-29 04:00:00,42.941582386026894
2012-05-29 05:00:00,48.52777800105754
2012-05-29 06:00:00,54.840672068158774
2012-05-29 07:00:00,61.97479952248704
2012-05-29 08:00:00,80.48680293495974
2012-05-29 09:00:00,104.97336330629443
2012-05-29 10:00:00,119.67027426299425
2012-05-29 11:00:00,173.1211976982572
2012-05-29 12:00:00,238.81454520082588
2012-05-29 13:00:00,292.20569743636213
2012-05-29 14:00:00,331.13736500147536
2012-05-29 15:00:00,399.39097572960276
2012-05-29 16:00:00,455.4163892440287
2012-05-29 17:00:00,540.9657303575934
2012-05-29 18:00:00,577.3032894277416
2012-05-29 19:00:00,597.4875552441569
2012-05-29 20:00:00,359.47809513464284
2012-05-29 21:00:00,227.21071445155954
2012-05-29 22:00:00,347.4345821864253
2012-05-29 23:00:00,224.40468087351914
2012-05-30 00:00:00,18.33103134603458
2012-05-30 01:00:00,21.050136770263663
2012-05-30 02:00:00,20.388276407640454
2012-05-30 03:00:00,26.625652158890706
2012-05-30 04:00:00,42.3281373356526
2012-05-30 05:00:00,61.48579394915862
2012-05-30 06:00:00,66.92127505429924
2012-05-30 07:00:00,51.453108041513985
2012-05-30 08:00:00,95.78286296622042
2012-05-30 09:00:00,120.72385476395083
2012-05-30 10:00:00,137.54218545878012
2012-05-30 11:00:00,173.44927925040162
2012-05-30 12:00:00,205.8549370511259
2012-05-30 13:00:00,244.57567606026356
2012-05-30 14:00:00,353.95400769571023
2012-05-30 15:00:00,347.6064885041847
2012-05-30 16:00:00,393.35258057949835
2012-05-30 17:00:00,465.40225149107846
2012-05-30 18:00:00,534.0075620756336
2012-05-30 19:00:00,526.401673208963
2012-05-30 20:00:00,407.2516474603322
2012-05-30 21:00:00,582.3416937722474
2012-05-30 22:00:00,480.1175624724628
2012-05-30 23:00:00,596.9484575881424
2012-05-31 00:00:00,39.15834591299722
2012-05-31 01:00:00,43.24294701489621
2012-05-31 02:00:00,53.351008313335846
2012-05-31 03:00:00,52.929066584861935
2012-05-31 04:00:00,54.93802447493295
2012-05-31 05:00:00,68.84912758707505
2012-05-31 06:00:00,67.36826095212285
2012-05-31 07:00:00,94.31453756432427
2012-05-31 08:00:00,125.59145888471248
2012-05-31 09:00:00,177.4843545711602
2012-05-31 10:00:00,240.17866813019657
2012-05-31 11:00:00,281.16842105643593
2012-05-31 12:00:00,310.4867736464157
2012-05-31 13:00:00,360.0106179150385
2012-05-31 14:00:00,433.9752897341604
2012-05-31 15:00:00,486.2264940510443
2012-05-31 16:00:00,543.4131462421105
2012-05-31 17:00:00,605.6309261951427
2012-05-31 18:00:00,667.4074341694093
2012-05-31 19:00:00,699.4367315683154
2012-05-31 20:00:00,657.234305548111
2012-05-31 21:00:00,735.9290848877486
2012-05-31 22:00:00,726.7916786174438
2012-05-31 23:00:00,769.3104210669338
2012-06-20 00:00:00,28.329874828639685
2012-06-20 01:00:00,31.931411272836687
2012-06-20 02:00:00,31.08208216892045
2012-06-20 03:00:00,34.67554270778008
2012-06-20 04:00:00,38.42395941943429
2012-06-20 05:00:00,43.1723571258465
2012-06-20 06:00:00,51.62357215751689
2012-06-20 07:00:00,53.83703075189442
2012-06-20 08:00:00,87.4122349367937
2012-06-20 09:00:00,104.4354085566959
2012-06-20 10:00:00,204.2867286919136
2012-06-20 11:00:00,248.2626970787761
2012-06-20 12:00:00,287.3156053035789
2012-06-20 13:00:00,336.018916933593
2012-06-20 14:00:00,415.25662643608536
2012-06-20 15:00:00,437.5546285268914
2012-06-20 16:00:00,533.1236636593023
2012-06-20 17:00:00,539.023368580318
2012-06-20 18:00:00,605.6353826918759
2012-06-20 19:00:00,768.5404147403069
2012-06-20 20:00:00,842.6462993949827
2012-06-20 21:00:00,848.9685034527581
2012-06-20 22:00:00,927.9801325406776
2012-06-20 23:00:00,768.8668595205177
2012-06-21 00:00:00,37.842330246907295
2012-06-21 01:00:00,31.207827976821854
2012-06-21 02:00:00,34.64252830231711
2012-06-21 03:00:00,42.96203776826014
2012-06-21 04:00:00,36.39045722322285
2012-06-21 05:00:00,40.95984903174286
2012-06-21 06:00:00,61.63526869226398
2012-06-21 07:00:00,69.01524540427047
2012-06-21 08:00:00,86.68957539796496
2012-06-21 09:00:00,166.63065104758297
2012-06-21 10:00:00,208.9555044110922
2012-06-21 11:00:00,271.75248336565994
2012-06-21 12:00:00,326.4527468923125
2012-06-21 13:00:00,329.8220317407622
2012-06-21 14:00:00,401.3486501461087
2012-06-21 15:00:00,455.9529085801988
2012-06-21 16:00:00,506.5107059392621
2012-06-21 17:00:00,511.46605389656503
2012-06-21 18:00:00,607.6848266122622
2012-06-21 19:00:00,698.0547677321432
2012-06-21 20:00:00,723.8039829936519
2012-06-21 21:00:00,695.3162217408469
2012-06-21 22:00:00,568.5635098441207
2012-06-21 23:00:00,708.638101437485
2012-06-22 00:00:00,62.85239689870294
2012-06-22 01:00:00,45.874363872419764
2012-06-22 02:00:00,40.39030890321511
2012-06-22 03:00:00,44.658763480790974
2012-06-22 04:00:00,96.89888491655141
2012-06-22 05:00:00,115.20578522487543
2012-06-22 06:00:00,118.07742350490611
2012-06-22 07:00:00,143.99189616470656
2012-06-22 08:00:00,171.69839177284962
2012-06-22 09:00:00,180.6074046445393
2012-06-22 10:00:00,237.11657431199333
2012-06-22 11:00:00,271.75396669753616
2012-06-22 12:00:00,298.74761028481964
2012-06-22 13:00:00,395.32861239714873
2012-06-22 14:00:00,437.1070060528367
2012-06-22 15:00:00,510.2372612882881
2012-06-22 16:00:00,574.0382031579418
2012-06-22 17:00:00,638.6225678291914
2012-06-22 18:00:00,569.0542718961998
2012-06-22 19:00:00,636.9131317662917
2012-06-22 20:00:00,704.2222176987754
2012-06-22 21:00:00,383.30509192621344
2012-06-22 22:00:00,463.36273618058163
2012-06-22 23:00:00,507.9269413645709
2012-06-23 00:00:00,37.39425969713365
2012-06-23 01:00:00,52.54157396171806
2012-06-23 02:00:00,64.75654123284669
2012-06-23 03:00:00,68.36395230252938
2012-06-23 04:00:00,75.71909766363586
2012-06-23 05:00:00,82.61760533174885
2012-06-23 06:00:00,65.66286027515552
2012-06-23 07:00:00,72.72740037097357
2012-06-23 08:00:00,125.04465144903091
2012-06-23 09:00:00,168.34014001251037
2012-06-23 10:00:00,218.2718150753314
2012-06-23 11:00:00,276.64414757755276
2012-06-23 12:00:00,335.33836573503993
2012-06-23 13:00:00,408.7879666652515
2012-06-23 14:00:00,438.3102175014882
2012-06-23 15:00:00,508.2286803826355
2012-06-23 16:00:00,561.7488232493326
2012-06-23 17:00:00,601.1820529149943
2012-06-23 18:00:00,655.9626977419774
2012-06-23 19:00:00,688.9633480758657
2012-06-23 20:00:00,717.6104946218776
2012-06-23 21:00:00,740.1599981486013
2012-06-23 22:00:00,746.860824258539
2012-06-23 23:00:00,669.2041531659098
2012-06-24 00:00:00,93.97386078245242
2012-06-24 01:00:00,114.36066429025654
2012-06-24 02:00:00,118.05674469639175
2012-06-24 03:00:00,106.68538986545498
2012-06-24 04:00:00,106.08945726290425
2012-06-24 05:00:00,88.81527178244549
2012-06-24 06:00:00,108.11413921004177
2012-06-24 07:00:00,103.61316001400411
2012-06-24 08:00:00,143.44464816977404
2012-06-24 09:00:00,181.6714256699008
2012-06-24 10:00:00,240.97956329928823
2012-06-24 11:00:00,282.77835866826575
2012-06-24 12:00:00,343.78598889680285
2012-06-24 13:00:00,372.02157422570184
2012-06-24 14:00:00,416.50460731172757
2012-06-24 15:00:00,447.8579236993288
2012-06-24 16:00:00,476.450840365376
2012-06-24 17:00:00,503.2390402020856
2012-06-24 18:00:00,528.928239287749
2012-06-24 19:00:00,541.4108395744387
2012-06-24 20:00:00,506.9680661331892
2012-06-24 21:00:00,448.9484754076576
2012-06-24 22:00:00,462.3645366407562
2012-06-24 23:00:00,463.00744694269235
2012-06-25 00:00:00,47.96165505718044
2012-06-25 01:00:00,48.39133412276969
2012-06-25 02:00:00,46.99601295192183
2012-06-25 03:00:00,53.52976993768111
2012-06-25 04:00:00,45.162062507149244
2012-06-25 05:00:00,56.09749212886192
2012-06-25 06:00:00,54.69309380898836
2012-06-25 07:00:00,70.74469932795311
2012-06-25 08:00:00,90.33666958201468
2012-06-25 09:00:00,116.42210672562086
2012-06-25 10:00:00,172.57831474947756
2012-06-25 11:00:00,254.6292945846997
2012-06-25 12:00:00,293.8221499326311
2012-06-25 13:00:00,257.24009028428446
2012-06-25 14:00:00,345.11548851983537
2012-06-25 15:00:00,419.4167348138107
2012-06-25 16:00:00,505.7808622573714
2012-06-25 17:00:00,589.9341987478767
2012-06-25 18:00:00,623.9399670188438
2012-06-25 19:00:00,679.0053933088542
2012-06-25 20:00:00,722.1037418214036
2012-06-25 21:00:00,739.2444114567984
2012-06-25 22:00:00,797.4279460082165
2012-06-25 23:00:00,827.5759320912521
2012-06-26 00:00:00,53.398667429582915
2012-06-26 01:00:00,56.99987804890403
2012-06-26 02:00:00,53.14241163133999
2012-06-26 03:00:00,55.549072861640475
2012-06-26 04:00:00,62.89460569963684
2012-06-26 05:00:00,65.46832033246847
2012-06-26 06:00:00,69.66327776365392
2012-06-26 07:00:00,79.2623086687987
2012-06-26 08:00:00,103.7306558335831
2012-06-26 09:00:00,129.53565303472965
2012-06-26 10:00:00,172.287825779907
2012-06-26 11:00:00,213.64033143593463
2012-06-26 12:00:00,256.8188477127779
2012-06-26 13:00:00,323.3844180845626
2012-06-26 14:00:00,365.4529334465164
2012-06-26 15:00:00,432.1407887785121
2012-06-26 16:00:00,494.7329444435115
2012-06-26 17:00:00,549.7728278767457
2012-06-26 18:00:00,617.7091483356476
2012-06-26 19:00:00,686.0345502200482
2012-06-26 20:00:00,747.3992180729991
2012-06-26 21:00:00,781.28870782826
2012-06-26 22:00:00,854.1770862759362
2012-06-26 23:00:00,815.0922719444258
2012-06-27 00:00:00,55.09419159386036
2012-06-27 01:00:00,57.59686932592339
2012-06-27 02:00:00,52.95466611987252
2012-06-27 03:00:00,64.25882432195189
2012-06-27 04:00:00,85.17089151656845
2012-06-27 05:00:00,93.63901338991846
2012-06-27 06:00:00,94.95161629682802
2012-06-27 07:00:00,119.2446199596901
2012-06-27 08:00:00,139.93917761255804
2012-06-27 09:00:00,175.1679871761734
2012-06-27 10:00:00,218.22616056604684
2012-06-27 11:00:00,278.9058284139494
2012-06-27 12:00:00,322.6761595881991
2012-06-27 13:00:00,382.41428190014983
2012-06-27 14:00:00,436.8518628902918
2012-06-27 15:00:00,491.0369627690991
2012-06-27 16:00:00,562.7209073471429
2012-06-27 17:00:00,628.8675039414271
2012-06-27 18:00:00,684.7819954733883
2012-06-27 19:00:00,748.4876670638832
2012-06-27 20:00:00,796.6325143008843
2012-06-27 21:00:00,832.8978112391708
2012-06-27 22:00:00,863.1142368764453
2012-06-27 23:00:00,833.1607330934237
2012-06-28 00:00:00,56.11336787412541
2012-06-28 01:00:00,54.16245487488536
2012-06-28 02:00:00,69.9910855597915
2012-06-28 03:00:00,78.3715565537334
2012-06-28 04:00:00,67.52401762226296
2012-06-28 05:00:00,81.70169604655163
2012-06-28 06:00:00,91.48435177188756
2012-06-28 07:00:00,94.79938143032278
2012-06-28 08:00:00,139.88204906382157
2012-06-28 09:00:00,156.9816222449491
2012-06-28 10:00:00,206.23044270035714
2012-06-28 11:00:00,300.75925282003953
2012-06-28 12:00:00,358.00041817328355
2012-06-28 13:00:00,397.4087517923535
2012-06-28 14:00:00,453.3945292503516
2012-06-28 15:00:00,507.6822956252356
2012-06-28 16:00:00,557.8502568214419
2012-06-28 17:00:00,625.8458077419759
2012-06-28 18:00:00,702.7443778760094
2012-06-28 19:00:00,774.0268567265833
2012-06-28 20:00:00,822.9597411247331
2012-06-28 21:00:00,636.4601694429995
2012-06-28 22:00:00,756.2819238008117
2012-06-28 23:00:00,885.4473920888308
2012-06-29 00:00:00,86.41413535653976
2012-06-29 01:00:00,91.10946097586239
2012-06-29 02:00:00,86.26003019254395
2012-06-29 03:00:00,95.37600456202664
2012-06-29 04:00:00,86.64132577865875
2012-06-29 05:00:00,104.26934076686689
2012-06-29 06:00:00,139.77361929768733
2012-06-29 07:00:00,127.47225442433627
2012-06-29 08:00:00,195.4608056973496
2012-06-29 09:00:00,191.1992700829288
2012-06-29 10:00:00,292.0193091445696
2012-06-29 11:00:00,344.28988160916913
2012-06-29 12:00:00,381.6911580135601
2012-06-29 13:00:00,375.66859510818097
2012-06-29 14:00:00,415.9058543300317
2012-06-29 15:00:00,412.76674382522816
2012-06-29 16:00:00,456.38800211700544
2012-06-29 17:00:00,549.8093904014393
2012-06-29 18:00:00,583.7809556099648
2012-06-29 19:00:00,612.4271258545489
2012-06-29 20:00:00,741.6352567399438
2012-06-29 21:00:00,789.2555301518211
2012-06-29 22:00:00,457.70213751725
2012-06-29 23:00:00,506.0721757047086
2012-06-30 00:00:00,34.536432468492194
2012-06-30 01:00:00,37.87983624777648
2012-06-30 02:00:00,49.52253375422578
2012-06-30 03:00:00,53.71132212981061
2012-06-30 04:00:00,50.1365809896832
2012-06-30 05:00:00,50.73465744439081
2012-06-30 06:00:00,55.025971463116655
2012-06-30 07:00:00,59.680259766777965
2012-06-30 08:00:00,64.72822398451434
2012-06-30 09:00:00,70.20316259618119
2012-06-30 10:00:00,334.15110496990434
2012-06-30 11:00:00,362.41476916635423
2012-06-30 12:00:00,393.0690725135609
2012-06-30 13:00:00,426.3162235967023
2012-06-30 14:00:00,462.3755345073172
2012-06-30 15:00:00,501.48486751744105
2012-06-30 16:00:00,532.4207231086161
2012-06-30 17:00:00,567.5878840493937
2012-06-30 18:00:00,548.243559662302
2012-06-30 19:00:00,591.9559932359017
2012-06-30 20:00:00,541.2810814916147
2012-06-30 21:00:00,587.0645204676665
2012-06-30 22:00:00,489.17844852616213
2012-06-30 23:00:00,519.5352511120317
2012-07-20 00:00:00,26.99344765595155
2012-07-20 01:00:00,29.397429148450115
2012-07-20 02:00:00,44.148017124342694
2012-07-20 03:00:00,49.06771270392865
2012-07-20 04:00:00,55.116993827100465
2012-07-20 05:00:00,60.50963853522287
2012-07-20 06:00:00,67.38210300899232
2012-07-20 07:00:00,74.95114425143015
2012-07-20 08:00:00,98.08323607386814
2012-07-20 09:00:00,120.96088543669234
2012-07-20 10:00:00,134.69918247503048
2012-07-20 11:00:00,120.70861139863473
2012-07-20 12:00:00,106.49614884527948
2012-07-20 13:00:00,115.90528339734225
2012-07-20 14:00:00,125.7091425298417
2012-07-20 15:00:00,193.75129424194284
2012-07-20 16:00:00,224.71933557869914
2012-07-20 17:00:00,210.57117244723682
2012-07-20 18:00:00,314.044834718885
2012-07-20 19:00:00,298.418871713881
2012-07-20 20:00:00,240.68017519507524
2012-07-20 21:00:00,259.802640365512
2012-07-20 22:00:00,392.3017102873691
2012-07-20 23:00:00,439.8341047062117
2012-07-21 00:00:00,39.53565668506199
2012-07-21 01:00:00,59.45911628027786
2012-07-21 02:00:00,41.063489268051484
2012-07-21 03:00:00,44.35401180518554
2012-07-21 04:00:00,47.370898452902054
2012-07-21 05:00:00,51.166849837989
2012-07-21 06:00:00,55.49472019454894
2012-07-21 07:00:00,82.20159686623947
2012-07-21 08:00:00,100.41087467056273
2012-07-21 09:00:00,107.84263331820607
2012-07-21 10:00:00,76.78981314336717
2012-07-21 11:00:00,131.26690019203758
2012-07-21 12:00:00,101.39537585409307
2012-07-21 13:00:00,108.74605297605122
2012-07-21 14:00:00,147.41223581003047
2012-07-21 15:00:00,117.51376535651664
2012-07-21 16:00:00,126.21136852719647
2012-07-21 17:00:00,136.06839915347442
2012-07-21 18:00:00,201.99109596608614
2012-07-21 19:00:00,217.7664769195382
2012-07-21 20:00:00,173.5986061850141
2012-07-21 21:00:00,256.16335195126186
2012-07-21 22:00:00,273.4763623274112
2012-07-21 23:00:00,273.5210462139133
2012-07-22 00:00:00,47.65652603672979
2012-07-22 01:00:00,51.93818737024069
2012-07-22 02:00:00,54.8442141940823
2012-07-22 03:00:00,58.83490235467258
2012-07-22 04:00:00,42.97976795324386
2012-07-22 05:00:00,46.10715073438752
2012-07-22 06:00:00,83.75222212411445
2012-07-22 07:00:00,83.28439162021158
2012-07-22 08:00:00,103.04515219179177
2012-07-22 09:00:00,139.17771803498795
2012-07-22 10:00:00,133.43943966990628
2012-07-22 11:00:00,143.149036203865
2012-07-22 12:00:00,189.45781179384832
2012-07-22 13:00:00,226.31177696540618
2012-07-22 14:00:00,197.6999426480241
2012-07-22 15:00:00,212.08539482503744
2012-07-22 16:00:00,228.96652661873134
2012-07-22 17:00:00,252.35042277441386
2012-07-22 18:00:00,267.6952238090763
2012-07-22 19:00:00,253.07921401171026
2012-07-22 20:00:00,237.9774852420961
2012-07-22 21:00:00,211.7434949302382
2012-07-22 22:00:00,275.517059727442
2012-07-22 23:00:00,248.7783089061209
2012-07-23 00:00:00,19.382356318587227
2012-07-23 01:00:00,22.236552397735153
2012-07-23 02:00:00,28.387647687561294
2012-07-23 03:00:00,31.700843614517385
2012-07-23 04:00:00,35.89525399083119
2012-07-23 05:00:00,40.084682105073405
2012-07-23 06:00:00,50.77450261569504
2012-07-23 07:00:00,49.428209933906324
2012-07-23 08:00:00,64.97481503294118
2012-07-23 09:00:00,112.68745319863224
2012-07-23 10:00:00,160.1822166766621
2012-07-23 11:00:00,243.42169870948675
2012-07-23 12:00:00,271.83207598249925
2012-07-23 13:00:00,298.8009168152346
2012-07-23 14:00:00,294.41062277259226
2012-07-23 15:00:00,306.66912411776286
2012-07-23 16:00:00,363.04072868385333
2012-07-23 17:00:00,405.41215293263326
2012-07-23 18:00:00,508.03419981160533
2012-07-23 19:00:00,516.1126487639825
2012-07-23 20:00:00,436.7618231111375
2012-07-23 21:00:00,490.67086347690423
2012-07-23 22:00:00,543.2355678438619
2012-07-23 23:00:00,536.1570097694017
2012-07-24 00:00:00,28.097394053745465
2012-07-24 01:00:00,27.079015572234475
2012-07-24 02:00:00,26.7178656401911
2012-07-24 03:00:00,30.1935462180631
2012-07-24 04:00:00,33.41267179144386
2012-07-24 05:00:00,37.95584451397379
2012-07-24 06:00:00,43.267392868032175
2012-07-24 07:00:00,66.61055631664351
2012-07-24 08:00:00,86.47789322545508
2012-07-24 09:00:00,142.17502866680337
2012-07-24 10:00:00,168.5404974252072
2012-07-24 11:00:00,240.86264201196988
2012-07-24 12:00:00,253.13510624579297
2012-07-24 13:00:00,306.5153714217522
2012-07-24 14:00:00,342.73989916077096
2012-07-24 15:00:00,368.2089167119295
2012-07-24 16:00:00,361.9789078621073
2012-07-24 17:00:00,439.9396291099741
2012-07-24 18:00:00,382.7556762369392
2012-07-24 19:00:00,421.7202950323433
2012-07-24 20:00:00,422.7824569316363
2012-07-24 21:00:00,483.16665355987374
2012-07-24 22:00:00,548.5284046891966
2012-07-24 23:00:00,774.016100279463
2012-07-25 00:00:00,50.63227228182498
2012-07-25 01:00:00,54.828249694151076
2012-07-25 02:00:00,56.49666677508614
2012-07-25 03:00:00,56.318964551586674
2012-07-25 04:00:00,61.55071859713673
2012-07-25 05:00:00,68.38630531024108
2012-07-25 06:00:00,77.29955140156721
2012-07-25 07:00:00,122.81717693735912
2012-07-25 08:00:00,163.66488049271638
2012-07-25 09:00:00,202.2175783373083
2012-07-25 10:00:00,207.1955493822181
2012-07-25 11:00:00,248.06373533781826
2012-07-25 12:00:00,278.7192245096701
2012-07-25 13:00:00,358.05874030040866
2012-07-25 14:00:00,411.6590003802994
2012-07-25 15:00:00,442.63554906992647
2012-07-25 16:00:00,523.40201503829
2012-07-25 17:00:00,526.8038759717944
2012-07-25 18:00:00,662.9066099955731
2012-07-25 19:00:00,689.2141487143996
2012-07-25 20:00:00,707.1825067064486
2012-07-25 21:00:00,721.0561080549307
2012-07-25 22:00:00,625.1529390602951
2012-07-25 23:00:00,719.4686656123378
2012-07-26 00:00:00,42.509178673150394
2012-07-26 01:00:00,47.847792166971644
2012-07-26 02:00:00,48.63868855100619
2012-07-26 03:00:00,54.21354332594472
2012-07-26 04:00:00,52.53731657681419
2012-07-26 05:00:00,58.827938506022704
2012-07-26 06:00:00,58.866324519100026
2012-07-26 07:00:00,75.87789980902888
2012-07-26 08:00:00,108.75178012113084
2012-07-26 09:00:00,133.39048710608114
2012-07-26 10:00:00,121.09277045569611
2012-07-26 11:00:00,148.14352064469807
2012-07-26 12:00:00,226.12885458249204
2012-07-26 13:00:00,272.8752657458955
2012-07-26 14:00:00,339.53385840598867
2012-07-26 15:00:00,414.8223611381407
2012-07-26 16:00:00,484.7381688155128
2012-07-26 17:00:00,507.583377949952
2012-07-26 18:00:00,606.5312851305331
2012-07-26 19:00:00,630.6940559364676
2012-07-26 20:00:00,646.9957482589749
2012-07-26 21:00:00,772.3145030058746
2012-07-26 22:00:00,864.788555078006
2012-07-26 23:00:00,516.7066991265623
2012-07-27 00:00:00,46.10036673406713
2012-07-27 01:00:00,55.27464110319959
2012-07-27 02:00:00,45.53344488653211
2012-07-27 03:00:00,60.17558689852932
2012-07-27 04:00:00,50.88945617350045
2012-07-27 05:00:00,46.64652678837011
2012-07-27 06:00:00,62.21381718878093
2012-07-27 07:00:00,103.22084830841956
2012-07-27 08:00:00,125.98503620320096
2012-07-27 09:00:00,228.04763495298585
2012-07-27 10:00:00,232.26312687182764
2012-07-27 11:00:00,290.18269465858253
2012-07-27 12:00:00,309.6085626622266
2012-07-27 13:00:00,352.82911469230385
2012-07-27 14:00:00,388.87125523832447
2012-07-27 15:00:00,473.5712956231751
2012-07-27 16:00:00,472.79975055398074
2012-07-27 17:00:00,584.0098125837866
2012-07-27 18:00:00,583.9659368636704
2012-07-27 19:00:00,573.8478285704948
2012-07-27 20:00:00,520.0237444402666
2012-07-27 21:00:00,574.9799404357747
2012-07-27 22:00:00,641.286236342012
2012-07-27 23:00:00,527.0172336089208
2012-07-28 00:00:00,80.67934056125668
2012-07-28 01:00:00,68.05119310342107
2012-07-28 02:00:00,68.4166476495357
2012-07-28 03:00:00,74.20356598035322
2012-07-28 04:00:00,65.87938286232853
2012-07-28 05:00:00,71.37434394257753
2012-07-28 06:00:00,101.90797770248368
2012-07-28 07:00:00,112.31518039325779
2012-07-28 08:00:00,139.21316035156707
2012-07-28 09:00:00,182.69686655444343
2012-07-28 10:00:00,243.03040966821678
2012-07-28 11:00:00,331.2034100768064
2012-07-28 12:00:00,350.67210193143825
2012-07-28 13:00:00,383.7678349335793
2012-07-28 14:00:00,425.1918844807703
2012-07-28 15:00:00,495.7251974248344
2012-07-28 16:00:00,497.87593232387314
2012-07-28 17:00:00,483.1283860128642
2012-07-28 18:00:00,557.190292390497
2012-07-28 19:00:00,175.72057317904085
2012-07-28 20:00:00,213.01543941691975
2012-07-28 21:00:00,262.8681716996777
2012-07-28 22:00:00,285.1024771451829
2012-07-28 23:00:00,263.1583332134973
2012-07-29 00:00:00,34.88185346575506
2012-07-29 01:00:00,45.594875897486915
2012-07-29 02:00:00,65.51225030655876
2012-07-29 03:00:00,82.27673619101238
2012-07-29 04:00:00,85.77616768817617
2012-07-29 05:00:00,70.5031944577194
2012-07-29 06:00:00,88.2942016327549
2012-07-29 07:00:00,109.46713119706999
2012-07-29 08:00:00,134.90502112912503
2012-07-29 09:00:00,160.17705768850627
2012-07-29 10:00:00,154.82142910853676
2012-07-29 11:00:00,222.4100020028346
2012-07-29 12:00:00,241.9916609632306
2012-07-29 13:00:00,297.57289806800406
2012-07-29 14:00:00,334.6658143191872
2012-07-29 15:00:00,372.54977247514194
2012-07-29 16:00:00,399.6580096537446
2012-07-29 17:00:00,448.2802541978825
2012-07-29 18:00:00,485.26047859462824
2012-07-29 19:00:00,385.76287603593414
2012-07-29 20:00:00,303.2416638136939
2012-07-29 21:00:00,289.18411358541704
2012-07-29 22:00:00,305.28914351365916
2012-07-29 23:00:00,302.011546700655
2012-07-30 00:00:00,32.22315300550352
2012-07-30 01:00:00,33.35588799222503
2012-07-30 02:00:00,37.02768201555424
2012-07-30 03:00:00,30.752175503592973
2012-07-30 04:00:00,34.34134159952799
2012-07-30 05:00:00,41.58634022613686
2012-07-30 06:00:00,47.179388163075146
2012-07-30 07:00:00,58.801458902642615
2012-07-30 08:00:00,100.2674077685132
2012-07-30 09:00:00,116.28087612132714
2012-07-30 10:00:00,160.5000876043216
2012-07-30 11:00:00,227.2684283504072
2012-07-30 12:00:00,235.0289762690433
2012-07-30 13:00:00,279.40944715774543
2012-07-30 14:00:00,315.53688353365493
2012-07-30 15:00:00,353.9821406387087
2012-07-30 16:00:00,396.9252184231344
2012-07-30 17:00:00,383.34130367755074
2012-07-30 18:00:00,403.4863594748632
2012-07-30 19:00:00,509.1785178828778
2012-07-30 20:00:00,345.30592708518475
2012-07-30 21:00:00,383.60300444947836
2012-07-30 22:00:00,483.1337357822356
2012-07-30 23:00:00,419.3146164545505
2012-07-31 00:00:00,23.791949348356003
2012-07-31 01:00:00,23.474638666679926
2012-07-31 02:00:00,26.528413499786843
2012-07-31 03:00:00,29.56642685017025
2012-07-31 04:00:00,33.41267179144386
2012-07-31 05:00:00,38.560161845791676
2012-07-31 06:00:00,35.477849410875834
2012-07-31 07:00:00,49.63929146070215
2012-07-31 08:00:00,62.978906589955926
2012-07-31 09:00:00,95.52838172588832
2012-07-31 10:00:00,112.24941861286548
2012-07-31 11:00:00,160.1809099212187
2012-07-31 12:00:00,237.43747075267754
2012-07-31 13:00:00,250.3352209373508
2012-07-31 14:00:00,282.9008935508257
2012-07-31 15:00:00,256.7346989849423
2012-07-31 16:00:00,328.9216202592163
2012-07-31 17:00:00,429.5687518712746
2012-07-31 18:00:00,453.639842280471
2012-07-31 19:00:00,341.33290924300934
2012-07-31 20:00:00,316.90635578625563
2012-07-31 21:00:00,314.4012777407786
2012-07-31 22:00:00,421.20986904953116
2012-07-31 23:00:00,464.6388465021232
2012-08-20 00:00:00,30.504566232837913
2012-08-20 01:00:00,26.253413639389517
2012-08-20 02:00:00,29.317517579809888
2012-08-20 03:00:00,27.611835682463283
2012-08-20 04:00:00,47.19276399906063
2012-08-20 05:00:00,48.85172316090002
2012-08-20 06:00:00,67.22973344258207
2012-08-20 07:00:00,76.97518786826856
2012-08-20 08:00:00,95.19526122912589
2012-08-20 09:00:00,109.52853134353467
2012-08-20 10:00:00,131.9488522931016
2012-08-20 11:00:00,136.2101698784223
2012-08-20 12:00:00,197.5519850725131
2012-08-20 13:00:00,211.6813151058381
2012-08-20 14:00:00,265.17757619307497
2012-08-20 15:00:00,300.84004770911065
2012-08-20 16:00:00,335.95186929099765
2012-08-20 17:00:00,338.2065604340115
2012-08-20 18:00:00,265.2492858693383
2012-08-20 19:00:00,293.32047793513345
2012-08-20 20:00:00,293.35247283966976
2012-08-20 21:00:00,216.75135499805256
2012-08-20 22:00:00,319.0684840872819
2012-08-20 23:00:00,356.3077937170561
2012-08-21 00:00:00,26.096542542020035
2012-08-21 01:00:00,29.903369886478394
2012-08-21 02:00:00,30.084535811464907
2012-08-21 03:00:00,22.020901383943194
2012-08-21 04:00:00,24.885562067477622
2012-08-21 05:00:00,34.87565234072625
2012-08-21 06:00:00,39.6177487939464
2012-08-21 07:00:00,54.215661267653445
2012-08-21 08:00:00,61.802611579466166
2012-08-21 09:00:00,85.11569405036663
2012-08-21 10:00:00,129.57405472224255
2012-08-21 11:00:00,165.31023862966788
2012-08-21 12:00:00,222.78728636832423
2012-08-21 13:00:00,275.472580712739
2012-08-21 14:00:00,356.4845363961807
2012-08-21 15:00:00,373.43594473399276
2012-08-21 16:00:00,422.0155759691612
2012-08-21 17:00:00,427.27967179340504
2012-08-21 18:00:00,444.3450812602332
2012-08-21 19:00:00,235.25275447810017
2012-08-21 20:00:00,294.04034470226406
2012-08-21 21:00:00,332.2915406980659
2012-08-21 22:00:00,324.4718092647743
2012-08-21 23:00:00,310.6597196285068
2012-08-22 00:00:00,22.47405022722911
2012-08-22 01:00:00,27.084989294121407
2012-08-22 02:00:00,30.432127459621352
2012-08-22 03:00:00,34.19290189343522
2012-08-22 04:00:00,34.52494355683534
2012-08-22 05:00:00,42.26229933948128
2012-08-22 06:00:00,55.659877506922896
2012-08-22 07:00:00,54.49423296837317
2012-08-22 08:00:00,77.57369649160233
2012-08-22 09:00:00,104.11186295201237
2012-08-22 10:00:00,142.16865248258298
2012-08-22 11:00:00,174.77715009057488
2012-08-22 12:00:00,213.86461653271488
2012-08-22 13:00:00,280.69212327996786
2012-08-22 14:00:00,331.7938619394645
2012-08-22 15:00:00,357.44335157203176
2012-08-22 16:00:00,258.87120494944094
2012-08-22 17:00:00,290.8622713156106
2012-08-22 18:00:00,269.96787708479064
2012-08-22 19:00:00,325.69045007884387
2012-08-22 20:00:00,322.60991162177066
2012-08-22 21:00:00,327.05812643534375
2012-08-22 22:00:00,367.4756700954481
2012-08-22 23:00:00,305.33093538952704
2012-08-23 00:00:00,26.32668265779741
2012-08-23 01:00:00,24.975114895095913
2012-08-23 02:00:00,27.965541808390583
2012-08-23 03:00:00,33.781265937165394
2012-08-23 04:00:00,35.06345633121375
2012-08-23 05:00:00,39.261823542993426
2012-08-23 06:00:00,54.14494434889767
2012-08-23 07:00:00,70.27120360017562
2012-08-23 08:00:00,102.11771092032002
2012-08-23 09:00:00,120.58900524061504
2012-08-23 10:00:00,164.39531957108662
2012-08-23 11:00:00,229.24683347188835
2012-08-23 12:00:00,279.5305299841397
2012-08-23 13:00:00,347.4987861129737
2012-08-23 14:00:00,349.56101390376836
2012-08-23 15:00:00,384.3090550395146
2012-08-23 16:00:00,412.0949967662831
2012-08-23 17:00:00,490.9250503520014
2012-08-23 18:00:00,512.3210072723648
2012-08-23 19:00:00,517.4648772280415
2012-08-23 20:00:00,460.51075339788304
2012-08-23 21:00:00,520.145954233178
2012-08-23 22:00:00,670.8996173642687
2012-08-23 23:00:00,577.6835449257677
2012-08-24 00:00:00,56.37830602978721
2012-08-24 01:00:00,55.7770843717125
2012-08-24 02:00:00,55.742169063832435
2012-08-24 03:00:00,54.178064853092984
2012-08-24 04:00:00,75.3953162143646
2012-08-24 05:00:00,57.23054088969212
2012-08-24 06:00:00,70.94004879775994
2012-08-24 07:00:00,90.46502988182698
2012-08-24 08:00:00,112.55335827096022
2012-08-24 09:00:00,185.34251161367308
2012-08-24 10:00:00,247.62725059169622
2012-08-24 11:00:00,296.9066923650602
2012-08-24 12:00:00,338.07059688601225
2012-08-24 13:00:00,405.5956670428793
2012-08-24 14:00:00,393.6667850612567
2012-08-24 15:00:00,447.61823510885984
2012-08-24 16:00:00,494.9226048089074
2012-08-24 17:00:00,523.833151137415
2012-08-24 18:00:00,472.06077642643265
2012-08-24 19:00:00,557.5996072515458
2012-08-24 20:00:00,533.0965767432667
2012-08-24 21:00:00,630.7656033009475
2012-08-24 22:00:00,633.0606233625695
2012-08-24 23:00:00,627.1491650343149
2012-08-25 00:00:00,87.60468071434697
2012-08-25 01:00:00,78.91315107941388
2012-08-25 02:00:00,80.67085351741447
2012-08-25 03:00:00,79.17392242880788
2012-08-25 04:00:00,106.73022792519802
2012-08-25 05:00:00,105.2264402749105
2012-08-25 06:00:00,101.30611728525614
2012-08-25 07:00:00,110.53577068159767
2012-08-25 08:00:00,136.22828504970394
2012-08-25 09:00:00,169.80437017154378
2012-08-25 10:00:00,205.29423838495612
2012-08-25 11:00:00,241.84105731969694
2012-08-25 12:00:00,190.60344820289856
2012-08-25 13:00:00,343.30583771416883
2012-08-25 14:00:00,176.47891013649527
2012-08-25 15:00:00,243.08840343071262
2012-08-25 16:00:00,262.4105726325773
2012-08-25 17:00:00,285.6184293013803
2012-08-25 18:00:00,351.09592293652946
2012-08-25 19:00:00,297.524052174585
2012-08-25 20:00:00,199.73894541714995
2012-08-25 21:00:00,230.88742236280987
2012-08-25 22:00:00,250.4166846510012
2012-08-25 23:00:00,354.81677685901013
2012-08-26 00:00:00,35.713755684027454
2012-08-26 01:00:00,37.9390532962412
2012-08-26 02:00:00,56.12979525903071
2012-08-26 03:00:00,60.49054302073845
2012-08-26 04:00:00,64.25966386416037
2012-08-26 05:00:00,50.2462164009934
2012-08-26 06:00:00,56.315697681751594
2012-08-26 07:00:00,57.824488772312144
2012-08-26 08:00:00,88.48967459148722
2012-08-26 09:00:00,94.53897483853262
2012-08-26 10:00:00,157.51770162614088
2012-08-26 11:00:00,168.4725431175352
2012-08-26 12:00:00,124.62286703367586
2012-08-26 13:00:00,119.65083661553271
2012-08-26 14:00:00,92.50750266093921
2012-08-26 15:00:00,105.06846914314758
2012-08-26 16:00:00,112.71367843317636
2012-08-26 17:00:00,117.33225972802381
2012-08-26 18:00:00,167.21608202390365
2012-08-26 19:00:00,183.18822024997164
2012-08-26 20:00:00,143.23938849494297
2012-08-26 21:00:00,185.9274671500406
2012-08-26 22:00:00,166.00229713433566
2012-08-26 23:00:00,208.8957272377493
2012-08-27 00:00:00,21.688394534639965
2012-08-27 01:00:00,22.273810331729873
2012-08-27 02:00:00,25.2209085954702
2012-08-27 03:00:00,27.776488618177478
2012-08-27 04:00:00,33.72819165965107
2012-08-27 05:00:00,32.10873750029458
2012-08-27 06:00:00,35.85623146233529
2012-08-27 07:00:00,47.8235153680834
2012-08-27 08:00:00,57.612914991511204
2012-08-27 09:00:00,64.67200932417404
2012-08-27 10:00:00,98.16330335498584
2012-08-27 11:00:00,144.3298744780699
2012-08-27 12:00:00,163.93102144276511
2012-08-27 13:00:00,230.15400907283558
2012-08-27 14:00:00,305.5393974863905
2012-08-27 15:00:00,311.55408874869073
2012-08-27 16:00:00,345.8316352643981
2012-08-27 17:00:00,463.07525616527494
2012-08-27 18:00:00,457.70383897972795
2012-08-27 19:00:00,309.516129733681
2012-08-27 20:00:00,343.84384390287386
2012-08-27 21:00:00,334.96495947489655
2012-08-27 22:00:00,262.29544462369313
2012-08-27 23:00:00,291.15749512305035
2012-08-28 00:00:00,20.08196124085945
2012-08-28 01:00:00,18.908073734139773
2012-08-28 02:00:00,27.055375716562178
2012-08-28 03:00:00,24.39167746238331
2012-08-28 04:00:00,33.87942279704419
2012-08-28 05:00:00,50.34747745084364
2012-08-28 06:00:00,48.062480142386455
2012-08-28 07:00:00,64.63347889411934
2012-08-28 08:00:00,68.66723457984986
2012-08-28 09:00:00,94.25529875049708
2012-08-28 10:00:00,141.29513069174945
2012-08-28 11:00:00,194.30030758247275
2012-08-28 12:00:00,253.20229681040877
2012-08-28 13:00:00,319.7775946673292
2012-08-28 14:00:00,389.0430248444138
2012-08-28 15:00:00,455.95441904384586
2012-08-28 16:00:00,520.314256560444
2012-08-28 17:00:00,574.241181499202
2012-08-28 18:00:00,596.4199830130557
2012-08-28 19:00:00,593.2416953079124
2012-08-28 20:00:00,616.9132399025891
2012-08-28 21:00:00,693.5557252467155
2012-08-28 22:00:00,634.6521224585211
2012-08-28 23:00:00,656.755695117003
2012-08-29 00:00:00,32.20611016123549
2012-08-29 01:00:00,38.66806753742491
2012-08-29 02:00:00,38.20229025890111
2012-08-29 03:00:00,42.55232947763259
2012-08-29 04:00:00,48.04275877788594
2012-08-29 05:00:00,53.699239856770944
2012-08-29 06:00:00,60.3353427265599
2012-08-29 07:00:00,84.53978745070033
2012-08-29 08:00:00,109.36352098370342
2012-08-29 09:00:00,160.02580452887474
2012-08-29 10:00:00,193.4916356457899
2012-08-29 11:00:00,205.5752668997996
2012-08-29 12:00:00,260.18095649870196
2012-08-29 13:00:00,278.1844674234649
2012-08-29 14:00:00,354.33963833886673
2012-08-29 15:00:00,409.0184056037485
2012-08-29 16:00:00,467.66994242748143
2012-08-29 17:00:00,557.8120905208253
2012-08-29 18:00:00,548.7863846096225
2012-08-29 19:00:00,485.2640845844717
2012-08-29 20:00:00,450.48583156292824
2012-08-29 21:00:00,563.0523272110763
2012-08-29 22:00:00,583.3918693379
2012-08-29 23:00:00,619.4750330746599
2012-08-30 00:00:00,33.86020017283111
2012-08-30 01:00:00,41.77503952932821
2012-08-30 02:00:00,37.32968221380073
2012-08-30 03:00:00,41.79939884276434
2012-08-30 04:00:00,46.8043026353585
2012-08-30 05:00:00,52.4084749023
2012-08-30 06:00:00,47.65441835011653
2012-08-30 07:00:00,67.2451577359411
2012-08-30 08:00:00,94.78775785011594
2012-08-30 09:00:00,131.12589086005616
2012-08-30 10:00:00,163.54097034337974
2012-08-30 11:00:00,258.9073046108545
2012-08-30 12:00:00,273.82832025431907
2012-08-30 13:00:00,288.9281944308559
2012-08-30 14:00:00,326.3438047607563
2012-08-30 15:00:00,393.2605780208614
2012-08-30 16:00:00,462.977150863823
2012-08-30 17:00:00,589.2435091344873
2012-08-30 18:00:00,614.4241220669782
2012-08-30 19:00:00,574.452452078549
2012-08-30 20:00:00,520.1901926458704
2012-08-30 21:00:00,464.6692732694397
2012-08-30 22:00:00,418.76369976935575
2012-08-30 23:00:00,449.00332955629705
2012-08-31 00:00:00,32.80549964467256
2012-08-31 01:00:00,36.27239031548938
2012-08-31 02:00:00,32.50415436113301
2012-08-31 03:00:00,35.62859408132377
2012-08-31 04:00:00,39.763623976581584
2012-08-31 05:00:00,44.27983163775131
2012-08-31 06:00:00,67.169912737723
2012-08-31 07:00:00,72.72588625115698
2012-08-31 08:00:00,115.53698780798652
2012-08-31 09:00:00,113.97004546049206
2012-08-31 10:00:00,173.71798541349196
2012-08-31 11:00:00,363.23018466636347
2012-08-31 12:00:00,403.05185320734347
2012-08-31 13:00:00,445.4813238369443
2012-08-31 14:00:00,483.8905713020296
2012-08-31 15:00:00,536.6939627748686
2012-08-31 16:00:00,589.8561059603942
2012-08-31 17:00:00,628.6707100490713
2012-08-31 18:00:00,682.6639127298689
2012-08-31 19:00:00,602.7282734587787
2012-08-31 20:00:00,666.4246978670303
2012-08-31 21:00:00,599.8274534042831
2012-08-31 22:00:00,663.2173186656327
2012-08-31 23:00:00,639.0578047857864
2012-09-20 00:00:00,28.49611881701031
2012-09-20 01:00:00,26.644389659803
2012-09-20 02:00:00,29.680172953809365
2012-09-20 03:00:00,26.7094620686313
2012-09-20 04:00:00,32.431939116999985
2012-09-20 05:00:00,36.31521829281916
2012-09-20 06:00:00,37.49836830810985
2012-09-20 07:00:00,43.10258171468699
2012-09-20 08:00:00,69.59223815136964
2012-09-20 09:00:00,104.22485739614523
2012-09-20 10:00:00,137.36487164987565
2012-09-20 11:00:00,182.0639822270713
2012-09-20 12:00:00,222.99828257530075
2012-09-20 13:00:00,257.776642444233
2012-09-20 14:00:00,281.7545207702248
2012-09-20 15:00:00,327.0876945574222
2012-09-20 16:00:00,351.1544629006724
2012-09-20 17:00:00,381.1486642431387
2012-09-20 18:00:00,361.852858896487
2012-09-20 19:00:00,349.44870780560575
2012-09-20 20:00:00,340.82336119471626
2012-09-20 21:00:00,386.66936759217333
2012-09-20 22:00:00,337.4943560591877
2012-09-20 23:00:00,419.45150533803786
2012-09-21 00:00:00,37.749547603051475
2012-09-21 01:00:00,36.81459365422206
2012-09-21 02:00:00,40.70516604824643
2012-09-21 03:00:00,41.85433803267519
2012-09-21 04:00:00,42.8976061206915
2012-09-21 05:00:00,42.42593465351604
2012-09-21 06:00:00,56.5755827229441
2012-09-21 07:00:00,60.417434548263714
2012-09-21 08:00:00,83.10174524741899
2012-09-21 09:00:00,110.9082600390998
2012-09-21 10:00:00,158.5267052926459
2012-09-21 11:00:00,202.28844171368291
2012-09-21 12:00:00,228.13988710381358
2012-09-21 13:00:00,275.4704339810001
2012-09-21 14:00:00,311.294968924736
2012-09-21 15:00:00,340.5662951045322
2012-09-21 16:00:00,374.5999700034819
2012-09-21 17:00:00,384.5848630749375
2012-09-21 18:00:00,377.76233698402643
2012-09-21 19:00:00,370.4723247961898
2012-09-21 20:00:00,360.02436566627495
2012-09-21 21:00:00,353.5164439712983
2012-09-21 22:00:00,387.0667688013016
2012-09-21 23:00:00,436.3356726555549
2012-09-22 00:00:00,54.31341092208912
2012-09-22 01:00:00,43.57397167486875
2012-09-22 02:00:00,39.86945751078562
2012-09-22 03:00:00,49.91313224806979
2012-09-22 04:00:00,54.13495880458987
2012-09-22 05:00:00,59.03464146749312
2012-09-22 06:00:00,63.80107625267973
2012-09-22 07:00:00,80.69293360454228
2012-09-22 08:00:00,104.19219541156347
2012-09-22 09:00:00,130.61155785862715
2012-09-22 10:00:00,162.0068739992635
2012-09-22 11:00:00,215.89906104067785
2012-09-22 12:00:00,261.3125915445521
2012-09-22 13:00:00,307.39886245494824
2012-09-22 14:00:00,356.0296605888501
2012-09-22 15:00:00,383.06634332750906
2012-09-22 16:00:00,390.9153058958264
2012-09-22 17:00:00,423.980283897581
2012-09-22 18:00:00,424.53551978219485
2012-09-22 19:00:00,407.67629794568165
2012-09-22 20:00:00,485.22128236567704
2012-09-22 21:00:00,454.12981674636706
2012-09-22 22:00:00,472.2512040380314
2012-09-22 23:00:00,573.5268948883952
2012-09-23 00:00:00,160.74633591059182
2012-09-23 01:00:00,120.45510953059654
2012-09-23 02:00:00,127.1272733639521
2012-09-23 03:00:00,112.07650779798864
2012-09-23 04:00:00,112.3561532599762
2012-09-23 05:00:00,114.58607519090162
2012-09-23 06:00:00,111.25935322126263
2012-09-23 07:00:00,131.26546314579014
2012-09-23 08:00:00,160.3194206046006
2012-09-23 09:00:00,191.17150762890853
2012-09-23 10:00:00,244.03827840402047
2012-09-23 11:00:00,273.2664391234137
2012-09-23 12:00:00,293.6713449808303
2012-09-23 13:00:00,375.5030131611377
2012-09-23 14:00:00,405.2488879046919
2012-09-23 15:00:00,448.5895117565557
2012-09-23 16:00:00,488.0847087050966
2012-09-23 17:00:00,465.0921638890692
2012-09-23 18:00:00,457.3358489349716
2012-09-23 19:00:00,440.614488599729
2012-09-23 20:00:00,472.67539144751333
2012-09-23 21:00:00,515.6694433353686
2012-09-23 22:00:00,462.8214156630913
2012-09-23 23:00:00,509.1836504569667
2012-09-24 00:00:00,42.379743699544676
2012-09-24 01:00:00,43.78265877108172
2012-09-24 02:00:00,60.96046851152867
2012-09-24 03:00:00,58.664905884709384
2012-09-24 04:00:00,57.3475062291888
2012-09-24 05:00:00,66.40625419114681
2012-09-24 06:00:00,78.73745746317417
2012-09-24 07:00:00,84.90839067421503
2012-09-24 08:00:00,128.75404715021767
2012-09-24 09:00:00,158.2693525713933
2012-09-24 10:00:00,195.0555669576102
2012-09-24 11:00:00,259.20825840357105
2012-09-24 12:00:00,298.60431461254547
2012-09-24 13:00:00,376.51782299474854
2012-09-24 14:00:00,377.5485120595273
2012-09-24 15:00:00,417.0120024546656
2012-09-24 16:00:00,502.75965497628806
2012-09-24 17:00:00,501.6400154457493
2012-09-24 18:00:00,527.6335158723571
2012-09-24 19:00:00,543.2941988505202
2012-09-24 20:00:00,521.5404451060846
2012-09-24 21:00:00,562.8422684517853
2012-09-24 22:00:00,640.1566093362084
2012-09-24 23:00:00,529.8051259151224
2012-09-25 00:00:00,33.95661669486885
2012-09-25 01:00:00,33.220529587911216
2012-09-25 02:00:00,32.66704019302906
2012-09-25 03:00:00,40.43758245494982
2012-09-25 04:00:00,46.33640581001395
2012-09-25 05:00:00,46.496694064853145
2012-09-25 06:00:00,56.912514816231905
2012-09-25 07:00:00,63.98183515376909
2012-09-25 08:00:00,95.65218657622034
2012-09-25 09:00:00,152.36274382729098
2012-09-25 10:00:00,193.33483164368502
2012-09-25 11:00:00,266.7823480425206
2012-09-25 12:00:00,324.64945170971333
2012-09-25 13:00:00,362.76078303601133
2012-09-25 14:00:00,470.7052843805228
2012-09-25 15:00:00,545.9805180694291
2012-09-25 16:00:00,599.0069853377602
2012-09-25 17:00:00,675.6472715643928
2012-09-25 18:00:00,713.4350092780294
2012-09-25 19:00:00,698.71097029615
2012-09-25 20:00:00,697.4127749099096
2012-09-25 21:00:00,788.1379873635498
2012-09-25 22:00:00,888.9767462030101
2012-09-25 23:00:00,1010.1105247736228
2012-09-26 00:00:00,54.015524939138395
2012-09-26 01:00:00,60.90657221702739
2012-09-26 02:00:00,83.61718185187588
2012-09-26 03:00:00,93.95051658679874
2012-09-26 04:00:00,67.96444200394424
2012-09-26 05:00:00,76.0143515801259
2012-09-26 06:00:00,81.85985628885369
2012-09-26 07:00:00,82.93330715280675
2012-09-26 08:00:00,108.96988422919341
2012-09-26 09:00:00,161.24622430053222
2012-09-26 10:00:00,148.2178656482534
2012-09-26 11:00:00,232.76865387146984
2012-09-26 12:00:00,273.4502399269159
2012-09-26 13:00:00,336.17592382499225
2012-09-26 14:00:00,481.1828803479615
2012-09-26 15:00:00,541.6740561966951
2012-09-26 16:00:00,637.8436320461561
2012-09-26 17:00:00,683.8255559426273
2012-09-26 18:00:00,760.2370251153095
2012-09-26 19:00:00,726.8235493555432
2012-09-26 20:00:00,554.9458655775836
2012-09-26 21:00:00,689.9853377482978
2012-09-26 22:00:00,598.2034961911467
2012-09-26 23:00:00,781.6088718528537
2012-09-27 00:00:00,41.65328660621667
2012-09-27 01:00:00,46.640695465699814
2012-09-27 02:00:00,52.22527802162636
2012-09-27 03:00:00,54.20752314915911
2012-09-27 04:00:00,39.951235483703556
2012-09-27 05:00:00,57.629720800890745
2012-09-27 06:00:00,59.186619772317464
2012-09-27 07:00:00,85.21627297910516
2012-09-27 08:00:00,127.40746287333292
2012-09-27 09:00:00,160.49112174026664
2012-09-27 10:00:00,342.16077796812544
2012-09-27 11:00:00,388.06586976686845
2012-09-27 12:00:00,458.3155534421308
2012-09-27 13:00:00,469.15743272073144
2012-09-27 14:00:00,601.7274556872363
2012-09-27 15:00:00,624.5664210756978
2012-09-27 16:00:00,629.4226448966186
2012-09-27 17:00:00,524.6969485406994
2012-09-27 18:00:00,581.3321276218765
2012-09-27 19:00:00,543.964027003458
2012-09-27 20:00:00,708.0164697386455
2012-09-27 21:00:00,424.31643169763737
2012-09-27 22:00:00,475.1224953506574
2012-09-27 23:00:00,520.539567714217
2012-09-28 00:00:00,44.61139704853706
2012-09-28 01:00:00,44.77371416073789
2012-09-28 02:00:00,55.74070429383179
2012-09-28 03:00:00,88.97222651640391
2012-09-28 04:00:00,62.04066716979422
2012-09-28 05:00:00,60.5095400587692
2012-09-28 06:00:00,86.3549367227729
2012-09-28 07:00:00,88.50743402556631
2012-09-28 08:00:00,105.75202952389664
2012-09-28 09:00:00,164.72457236093237
2012-09-28 10:00:00,212.28571928220586
2012-09-28 11:00:00,270.6636449432349
2012-09-28 12:00:00,464.19277305447815
2012-09-28 13:00:00,534.0165712610507
2012-09-28 14:00:00,567.4889553683781
2012-09-28 15:00:00,608.4862888403435
2012-09-28 16:00:00,671.5239950341975
2012-09-28 17:00:00,716.7394202313873
2012-09-28 18:00:00,789.2088132820942
2012-09-28 19:00:00,526.8205441775265
2012-09-28 20:00:00,537.3682930274059
2012-09-28 21:00:00,597.7309500338196
2012-09-28 22:00:00,968.1042053682235
2012-09-28 23:00:00,977.1482541349063
2012-09-29 00:00:00,93.90954228612173
2012-09-29 01:00:00,101.85273842864628
2012-09-29 02:00:00,136.5619620715679
2012-09-29 03:00:00,134.75694772394212
2012-09-29 04:00:00,126.19780581485753
2012-09-29 05:00:00,120.63340596369187
2012-09-29 06:00:00,132.1246434890049
2012-09-29 07:00:00,127.75643289847022
2012-09-29 08:00:00,142.95782641529897
2012-09-29 09:00:00,166.92428883909847
2012-09-29 10:00:00,226.57087189258695
2012-09-29 11:00:00,275.39864403156145
2012-09-29 12:00:00,401.9333579295921
2012-09-29 13:00:00,435.9302811446048
2012-09-29 14:00:00,452.2217138643139
2012-09-29 15:00:00,477.95879730377163
2012-09-29 16:00:00,552.835401933588
2012-09-29 17:00:00,592.8694957553639
2012-09-29 18:00:00,518.241405196027
2012-09-29 19:00:00,446.0982475091396
2012-09-29 20:00:00,486.74073105858935
2012-09-29 21:00:00,521.0339307010845
2012-09-29 22:00:00,469.32531387831096
2012-09-29 23:00:00,539.8739657453035
2012-09-30 00:00:00,80.40721973072554
2012-09-30 01:00:00,86.25797617824922
2012-09-30 02:00:00,82.40274350490114
2012-09-30 03:00:00,84.72601075232375
2012-09-30 04:00:00,90.8910200057488
2012-09-30 05:00:00,78.80404611791573
2012-09-30 06:00:00,91.19891570599357
2012-09-30 07:00:00,82.76338633383294
2012-09-30 08:00:00,127.36800601610736
2012-09-30 09:00:00,161.80765397152834
2012-09-30 10:00:00,264.1341651806787
2012-09-30 11:00:00,316.9498487247135
2012-09-30 12:00:00,366.4688997142327
2012-09-30 13:00:00,390.77897819818423
2012-09-30 14:00:00,419.21364655143
2012-09-30 15:00:00,489.756631073001
2012-09-30 16:00:00,522.991628470729
2012-09-30 17:00:00,543.324610783578
2012-09-30 18:00:00,342.9783260723544
2012-09-30 19:00:00,223.79549441740153
2012-09-30 20:00:00,240.07976511192743
2012-09-30 21:00:00,301.98497406097243
2012-09-30 22:00:00,286.7065348960529
2012-09-30 23:00:00,331.80180963320004
2012-10-20 00:00:00,50.31544508762612
2012-10-20 01:00:00,66.49075364082425
2012-10-20 02:00:00,62.09239938832893
2012-10-20 03:00:00,64.77101602527135
2012-10-20 04:00:00,73.80590077230059
2012-10-20 05:00:00,60.56114763420602
2012-10-20 06:00:00,83.90653039882186
2012-10-20 07:00:00,71.23936978475072
2012-10-20 08:00:00,128.12813572850007
2012-10-20 09:00:00,175.64483208735237
2012-10-20 10:00:00,222.3510577880133
2012-10-20 11:00:00,259.2239752612434
2012-10-20 12:00:00,311.5227838375812
2012-10-20 13:00:00,354.8964660222848
2012-10-20 14:00:00,359.91840138608154
2012-10-20 15:00:00,378.9443413533454
2012-10-20 16:00:00,441.62100918283664
2012-10-20 17:00:00,496.4839773598016
2012-10-20 18:00:00,500.05754792615846
2012-10-20 19:00:00,474.2244823868412
2012-10-20 20:00:00,554.7226914261357
2012-10-20 21:00:00,494.1020517989006
2012-10-20 22:00:00,469.7265628501183
2012-10-20 23:00:00,405.65275093488344
2012-10-21 00:00:00,80.17747048307152
2012-10-21 01:00:00,77.89652751910414
2012-10-21 02:00:00,73.86566447378513
2012-10-21 03:00:00,69.26758628230348
2012-10-21 04:00:00,63.67964866772684
2012-10-21 05:00:00,79.71471390604113
2012-10-21 06:00:00,88.79883394509572
2012-10-21 07:00:00,95.26019838446737
2012-10-21 08:00:00,100.31896982922432
2012-10-21 09:00:00,157.85208497734007
2012-10-21 10:00:00,211.90712272758324
2012-10-21 11:00:00,252.5198091730678
2012-10-21 12:00:00,300.8637318003132
2012-10-21 13:00:00,343.77126194386193
2012-10-21 14:00:00,370.8198414253805
2012-10-21 15:00:00,405.5762321914805
2012-10-21 16:00:00,399.47559669156715
2012-10-21 17:00:00,399.79378873518675
2012-10-21 18:00:00,424.70464300997554
2012-10-21 19:00:00,415.66792599422513
2012-10-21 20:00:00,414.5991632159779
2012-10-21 21:00:00,330.39342618428424
2012-10-21 22:00:00,321.723952426247
2012-10-21 23:00:00,366.09783445136657
2012-10-22 00:00:00,32.825682800093816
2012-10-22 01:00:00,32.00299080481273
2012-10-22 02:00:00,33.882994594548684
2012-10-22 03:00:00,45.712819381514706
2012-10-22 04:00:00,45.569884574915335
2012-10-22 05:00:00,46.936987093581486
2012-10-22 06:00:00,48.62466776718989
2012-10-22 07:00:00,68.46034877643409
2012-10-22 08:00:00,82.24095744366451
2012-10-22 09:00:00,111.40676803587071
2012-10-22 10:00:00,144.87295135029976
2012-10-22 11:00:00,257.65860275871796
2012-10-22 12:00:00,280.0004788063794
2012-10-22 13:00:00,391.2222330264914
2012-10-22 14:00:00,443.5310182065811
2012-10-22 15:00:00,514.0287528132491
2012-10-22 16:00:00,537.3055509888628
2012-10-22 17:00:00,590.6123869492235
2012-10-22 18:00:00,364.0792939137194
2012-10-22 19:00:00,467.0319373994615
2012-10-22 20:00:00,446.8349716425259
2012-10-22 21:00:00,413.40240597797793
2012-10-22 22:00:00,334.3740043870719
2012-10-22 23:00:00,370.172552253918
2012-10-23 00:00:00,22.355845557606706
2012-10-23 01:00:00,31.967940624139523
2012-10-23 02:00:00,27.339138957481087
2012-10-23 03:00:00,38.71796954243551
2012-10-23 04:00:00,41.35850247664519
2012-10-23 05:00:00,48.76547965308657
2012-10-23 06:00:00,45.686047789871466
2012-10-23 07:00:00,78.31335413627716
2012-10-23 08:00:00,99.41043252311911
2012-10-23 09:00:00,125.89019398581385
2012-10-23 10:00:00,144.2802225233289
2012-10-23 11:00:00,216.13932702392262
2012-10-23 12:00:00,341.14047716598475
2012-10-23 13:00:00,379.4490324270883
2012-10-23 14:00:00,467.6883846143504
2012-10-23 15:00:00,534.4863014017564
2012-10-23 16:00:00,564.3060334786112
2012-10-23 17:00:00,612.6909277506245
2012-10-23 18:00:00,569.680578079957
2012-10-23 19:00:00,601.4605032546895
2012-10-23 20:00:00,545.0283245225315
2012-10-23 21:00:00,498.5917164546902
2012-10-23 22:00:00,611.0115963677515
2012-10-23 23:00:00,596.7334138346381
2012-10-24 00:00:00,39.60314119475859
2012-10-24 01:00:00,45.78211376969534
2012-10-24 02:00:00,51.43982545020401
2012-10-24 03:00:00,47.574177845644456
2012-10-24 04:00:00,53.453351163021395
2012-10-24 05:00:00,49.797837765210154
2012-10-24 06:00:00,58.463478519937645
2012-10-24 07:00:00,58.66258142767828
2012-10-24 08:00:00,102.9801407638589
2012-10-24 09:00:00,128.2963717452628
2012-10-24 10:00:00,149.56740666653405
2012-10-24 11:00:00,172.83786647060828
2012-10-24 12:00:00,243.88918170145175
2012-10-24 13:00:00,309.108236571946
2012-10-24 14:00:00,588.3604918256395
2012-10-24 15:00:00,559.160562461867
2012-10-24 16:00:00,710.6092055853431
2012-10-24 17:00:00,551.0794512039782
2012-10-24 18:00:00,644.1857730036759
2012-10-24 19:00:00,784.8571610379533
2012-10-24 20:00:00,760.0542377155925
2012-10-24 21:00:00,858.4269086134558
2012-10-24 22:00:00,895.9038325193023
2012-10-24 23:00:00,872.0985595255765
2012-10-25 00:00:00,73.64002267570241
2012-10-25 01:00:00,53.211697079361734
2012-10-25 02:00:00,45.25594596244257
2012-10-25 03:00:00,55.892750737861405
2012-10-25 04:00:00,62.04424738462338
2012-10-25 05:00:00,70.57931726776123
2012-10-25 06:00:00,79.50553836991422
2012-10-25 07:00:00,89.02523438316695
2012-10-25 08:00:00,109.55012640107931
2012-10-25 09:00:00,123.40501601860097
2012-10-25 10:00:00,141.6056884050268
2012-10-25 11:00:00,157.19065972754103
2012-10-25 12:00:00,201.70817047556233
2012-10-25 13:00:00,208.2798237989191
2012-10-25 14:00:00,235.85934239490072
2012-10-25 15:00:00,329.2869886358956
2012-10-25 16:00:00,328.46008424705974
2012-10-25 17:00:00,367.7886671184981
2012-10-25 18:00:00,265.7009634900082
2012-10-25 19:00:00,296.0767341694656
2012-10-25 20:00:00,382.2285428985096
2012-10-25 21:00:00,427.9951600497921
2012-10-25 22:00:00,542.5563087405517
2012-10-25 23:00:00,616.0065906508995
2012-10-26 00:00:00,61.645030471012696
2012-10-26 01:00:00,57.108018433745286
2012-10-26 02:00:00,63.47192975180299
2012-10-26 03:00:00,71.29702542756168
2012-10-26 04:00:00,78.83170695928878
2012-10-26 05:00:00,85.79663616838488
2012-10-26 06:00:00,94.37233229290591
2012-10-26 07:00:00,104.88884416044819
2012-10-26 08:00:00,120.75333906020339
2012-10-26 09:00:00,133.5145720605296
2012-10-26 10:00:00,146.3485694485381
2012-10-26 11:00:00,209.50943807278622
2012-10-26 12:00:00,266.3193118635793
2012-10-26 13:00:00,316.8668552669457
2012-10-26 14:00:00,398.8237442716035
2012-10-26 15:00:00,474.740300311911
2012-10-26 16:00:00,395.65490216109964
2012-10-26 17:00:00,400.03449490210284
2012-10-26 18:00:00,420.261634116019
2012-10-26 19:00:00,408.37461395682567
2012-10-26 20:00:00,451.53171123198507
2012-10-26 21:00:00,556.0063062904057
2012-10-26 22:00:00,527.8736675104838
2012-10-26 23:00:00,441.63398205179055
2012-10-27 00:00:00,46.997898080236716
2012-10-27 01:00:00,69.18407905069992
2012-10-27 02:00:00,76.026293925289
2012-10-27 03:00:00,60.38900540636164
2012-10-27 04:00:00,88.89669313921421
2012-10-27 05:00:00,108.56837739706725
2012-10-27 06:00:00,117.75146886516355
2012-10-27 07:00:00,91.57722248689025
2012-10-27 08:00:00,119.00218967746773
2012-10-27 09:00:00,129.06780932576714
2012-10-27 10:00:00,165.97249914500114
2012-10-27 11:00:00,225.55878395319758
2012-10-27 12:00:00,331.33704431115257
2012-10-27 13:00:00,406.31652657850015
2012-10-27 14:00:00,427.26709892783026
2012-10-27 15:00:00,400.7358777329291
2012-10-27 16:00:00,412.80340732682515
2012-10-27 17:00:00,447.719757176653
2012-10-27 18:00:00,485.5894534989086
2012-10-27 19:00:00,420.3504979876595
2012-10-27 20:00:00,455.9052070496084
2012-10-27 21:00:00,494.46725722934264
2012-10-27 22:00:00,538.7537811909866
2012-10-27 23:00:00,628.9721912242352
2012-10-28 00:00:00,66.68148679063592
2012-10-28 01:00:00,96.09114969697798
2012-10-28 02:00:00,109.08870859253952
2012-10-28 03:00:00,124.79903881280059
2012-10-28 04:00:00,134.31483987785657
2012-10-28 05:00:00,143.11256529775713
2012-10-28 06:00:00,160.75793614708132
2012-10-28 07:00:00,171.84414092068403
2012-10-28 08:00:00,188.65754298484626
2012-10-28 09:00:00,207.8210550857602
2012-10-28 10:00:00,215.67385947314236
2012-10-28 11:00:00,246.1563058600663
2012-10-28 12:00:00,233.93985811581928
2012-10-28 13:00:00,249.41211315215355
2012-10-28 14:00:00,285.27039802272236
2012-10-28 15:00:00,294.356007382499
2012-10-28 16:00:00,185.2413011142654
2012-10-28 17:00:00,173.38239313643646
2012-10-28 18:00:00,139.13706801641246
2012-10-28 19:00:00,147.4838842414801
2012-10-28 20:00:00,159.74493582347196
2012-10-28 21:00:00,192.50889523442564
2012-10-28 22:00:00,205.3257511075824
2012-10-28 23:00:00,195.3266230813059
2012-10-29 00:00:00,24.670754210471728
2012-10-30 13:00:00,63.14931298187191
2012-10-30 14:00:00,71.36429705256386
2012-10-30 15:00:00,79.40913712381744
2012-10-30 16:00:00,89.73933337990077
2012-10-30 17:00:00,100.94978419982738
2012-10-30 18:00:00,116.24237746533515
2012-10-30 19:00:00,461.6872390609323
2012-10-30 20:00:00,228.9454922911781
2012-10-30 21:00:00,253.11604038036796
2012-10-30 22:00:00,246.1344053838388
2012-10-30 23:00:00,278.1536012230387
2012-10-31 00:00:00,23.05659113778192
2012-10-31 01:00:00,25.77173471725129
2012-10-31 02:00:00,28.426608028201496
2012-10-31 03:00:00,32.70438872637148
2012-10-31 04:00:00,32.692967167292
2012-10-31 05:00:00,40.321434923789376
2012-10-31 06:00:00,37.60117492869273
2012-10-31 07:00:00,47.49801376585786
2012-10-31 08:00:00,51.21532265310369
2012-10-31 09:00:00,63.99456515967745
2012-10-31 10:00:00,82.5176125520162
2012-10-31 11:00:00,116.68250731582376
2012-10-31 12:00:00,148.54854438836827
2012-10-31 13:00:00,196.22266030562665
2012-10-31 14:00:00,236.68876815943457
2012-10-31 15:00:00,233.66368564794348
2012-10-31 16:00:00,291.23886617472556
2012-10-31 17:00:00,294.1751629408229
2012-10-31 18:00:00,330.5290600950332
2012-10-31 19:00:00,394.1561391380412
2012-10-31 20:00:00,442.865593742157
2012-10-31 21:00:00,497.59451812548133
2012-10-31 22:00:00,410.4341752477505
2012-10-31 23:00:00,462.3543428472993
2012-11-20 00:00:00,21.55249506627068
2012-11-20 01:00:00,27.057392634451094
2012-11-20 02:00:00,29.47963868225115
2012-11-20 03:00:00,37.44941718520038
2012-11-20 04:00:00,44.32477686372787
2012-11-20 05:00:00,49.438382149085534
2012-11-20 06:00:00,53.54525151553896
2012-11-20 07:00:00,45.65964177836403
2012-11-20 08:00:00,58.18097060590943
2012-11-20 09:00:00,78.27378328674807
2012-11-20 10:00:00,113.40505076800522
2012-11-20 11:00:00,135.03319761579542
2012-11-20 12:00:00,141.45424155527812
2012-11-20 13:00:00,185.22832684594965
2012-11-20 14:00:00,226.9926513890588
2012-11-20 15:00:00,280.4274146986872
2012-11-20 16:00:00,261.18550502902644
2012-11-20 17:00:00,259.08051803875753
2012-11-20 18:00:00,301.6694245062527
2012-11-20 19:00:00,300.3359086456869
2012-11-20 20:00:00,302.5651458509268
2012-11-20 21:00:00,288.84521161275717
2012-11-20 22:00:00,326.4205817988999
2012-11-20 23:00:00,299.63784841380686
2012-11-21 00:00:00,19.92035825099599
2012-11-21 01:00:00,22.459737978620137
2012-11-21 02:00:00,19.95565826568257
2012-11-21 03:00:00,22.421760233580873
2012-11-21 04:00:00,25.192620823575414
2012-11-21 05:00:00,28.305901827007602
2012-11-21 06:00:00,32.81277702345912
2012-11-21 07:00:00,35.143975058889026
2012-11-21 08:00:00,54.97233052800333
2012-11-21 09:00:00,61.513080713440445
2012-11-21 10:00:00,89.74033016915119
2012-11-21 11:00:00,145.62620799689645
2012-11-21 12:00:00,202.2304493577267
2012-11-21 13:00:00,239.83432418794126
2012-11-21 14:00:00,288.80186031094553
2012-11-21 15:00:00,309.21169462154774
2012-11-21 16:00:00,338.7375255829451
2012-11-21 17:00:00,321.6113216785448
2012-11-21 18:00:00,384.36035118613495
2012-11-21 19:00:00,374.2338992900575
2012-11-21 20:00:00,293.2906836747724
2012-11-21 21:00:00,374.0020543630673
2012-11-21 22:00:00,400.59459285043283
2012-11-21 23:00:00,369.3398193175535
2012-11-22 00:00:00,30.677159091928196
2012-11-22 01:00:00,30.893010081255067
2012-11-22 02:00:00,25.91730001404851
2012-11-22 03:00:00,28.867562096641862
2012-11-22 04:00:00,27.29175471243672
2012-11-22 05:00:00,35.44382878091548
2012-11-22 06:00:00,44.596619447904644
2012-11-22 07:00:00,40.26076614196638
2012-11-22 08:00:00,46.95335038717426
2012-11-22 09:00:00,70.24594381878958
2012-11-22 10:00:00,109.0027445504702
2012-11-22 11:00:00,173.4273150856668
2012-11-22 12:00:00,198.77687782657313
2012-11-22 13:00:00,240.31687038132887
2012-11-22 14:00:00,285.9176660928859
2012-11-22 15:00:00,316.8153757584643
2012-11-22 16:00:00,322.83109264864277
2012-11-22 17:00:00,332.04134775950513
2012-11-22 18:00:00,304.6521520763528
2012-11-22 19:00:00,195.93944642670002
2012-11-22 20:00:00,222.570490457754
2012-11-22 21:00:00,300.1092492713392
2012-11-22 22:00:00,296.7677196758071
2012-11-22 23:00:00,276.05520294182855
2012-11-23 00:00:00,30.54112682523092
2012-11-23 01:00:00,28.127272247261672
2012-11-23 02:00:00,32.39830451771051
2012-11-23 03:00:00,36.67481771230996
2012-11-23 04:00:00,36.62522530036983
2012-11-23 05:00:00,36.547560494114954
2012-11-23 06:00:00,40.40991277926715
2012-11-23 07:00:00,44.680439097731906
2012-11-23 08:00:00,45.02649948171318
2012-11-23 09:00:00,67.17428589650714
2012-11-23 10:00:00,109.85715656019866
2012-11-23 11:00:00,172.78685518030318
2012-11-23 12:00:00,244.6467651559165
2012-11-23 13:00:00,288.62272394792666
2012-11-23 14:00:00,364.02271588329256
2012-11-23 15:00:00,363.7432981385763
2012-11-23 16:00:00,407.5144742353645
2012-11-23 17:00:00,451.2948182648202
2012-11-23 18:00:00,424.1388266437677
2012-11-23 19:00:00,508.9904282179445
2012-11-23 20:00:00,545.5163911584656
2012-11-23 21:00:00,589.6200239933468
2012-11-23 22:00:00,712.394973595401
2012-11-23 23:00:00,710.000539099013
2012-11-24 00:00:00,84.10150278581634
2012-11-24 01:00:00,71.52011720121112
2012-11-24 02:00:00,77.0859180134772
2012-11-24 03:00:00,71.9153300913678
2012-11-24 04:00:00,73.89362655424964
2012-11-24 05:00:00,79.70545288911647
2012-11-24 06:00:00,78.18854265147837
2012-11-24 07:00:00,90.35918845359951
2012-11-24 08:00:00,95.45931028679551
2012-11-24 09:00:00,106.87600901162881
2012-11-24 10:00:00,111.52492288702004
2012-11-24 11:00:00,132.78789607518377
2012-11-24 12:00:00,163.3651179978127
2012-11-24 13:00:00,191.81111562384643
2012-11-24 14:00:00,218.70908784872444
2012-11-24 15:00:00,216.6396408238757
2012-11-24 16:00:00,216.54752592155478
2012-11-24 17:00:00,212.49898549413751
2012-11-24 18:00:00,241.10748335567334
2012-11-24 19:00:00,247.40966193580675
2012-11-24 20:00:00,243.68282747172546
2012-11-24 21:00:00,262.9758414431217
2012-11-24 22:00:00,288.0262645270193
2012-11-24 23:00:00,309.34409179592785
2012-11-25 00:00:00,45.80412481988835
2012-11-25 01:00:00,51.32278561424034
2012-11-25 02:00:00,55.36123637834297
2012-11-25 03:00:00,54.40041766891419
2012-11-25 04:00:00,58.358813388729786
2012-11-25 05:00:00,63.55460790401978
2012-11-25 06:00:00,67.83512638946382
2012-11-25 07:00:00,70.55427798193656
2012-11-25 08:00:00,76.2121893563055
2012-11-25 09:00:00,88.04846870241317
2012-11-25 10:00:00,95.52109634519806
2012-11-25 11:00:00,114.83758204144075
2012-11-25 12:00:00,123.1936317319669
2012-11-25 13:00:00,130.68472981248973
2012-11-25 14:00:00,159.26886317238402
2012-11-25 15:00:00,173.73438126943134
2012-11-25 16:00:00,192.50336671614167
2012-11-25 17:00:00,188.9541452003139
2012-11-25 18:00:00,185.25472729016118
2012-11-25 19:00:00,189.7481726225383
2012-11-25 20:00:00,156.90302045851408
2012-11-25 21:00:00,203.22871972981267
2012-11-25 22:00:00,180.56756497720775
2012-11-25 23:00:00,172.54810084690297
2012-11-26 00:00:00,18.428212753999773
2012-11-26 01:00:00,19.65520727971765
2012-11-26 02:00:00,21.949217456938907
2012-11-26 03:00:00,24.51096750677023
2012-11-26 04:00:00,28.65819739303491
2012-11-26 05:00:00,32.22465735505256
2012-11-26 06:00:00,35.738119425895775
2012-11-26 07:00:00,44.1291832656171
2012-11-26 08:00:00,49.27961460338536
2012-11-26 09:00:00,72.32862948463345
2012-11-26 10:00:00,91.96611969405217
2012-11-26 11:00:00,163.87675251961332
2012-11-26 12:00:00,190.13101337024017
2012-11-26 13:00:00,212.32169665684225
2012-11-26 14:00:00,218.64711803002626
2012-11-26 15:00:00,263.40384489195776
2012-11-26 16:00:00,299.423812226716
2012-11-26 17:00:00,310.95750501564055
2012-11-26 18:00:00,266.1997955326335
2012-11-26 19:00:00,251.6932666208886
2012-11-26 20:00:00,293.75902760870457
2012-11-26 21:00:00,328.0444049845206
2012-11-26 22:00:00,300.6017132437928
2012-11-26 23:00:00,375.9833999885093
2012-11-27 00:00:00,25.394185624100224
2012-11-27 01:00:00,28.061986054300252
2012-11-27 02:00:00,31.13373773854963
2012-11-27 03:00:00,22.410971423495084
2012-11-27 04:00:00,21.309441130344638
2012-11-27 05:00:00,36.75446541487262
2012-11-27 06:00:00,42.510254580667976
2012-11-27 07:00:00,31.416177531311142
2012-11-27 08:00:00,38.2499235528058
2012-11-27 09:00:00,66.68793280757548
2012-11-27 10:00:00,49.14275304435995
2012-11-27 11:00:00,47.06268752256178
2012-11-27 12:00:00,50.13598272014225
2012-11-27 13:00:00,58.1413554145272
2012-11-27 14:00:00,63.83660808641947
2012-11-27 15:00:00,130.59846707763043
2012-11-27 16:00:00,147.5877940558596
2012-11-27 17:00:00,168.4293249054327
2012-11-27 18:00:00,125.05865226983892
2012-11-27 19:00:00,173.56717160777606
2012-11-27 20:00:00,177.1124576351425
2012-11-27 21:00:00,169.24107496994498
2012-11-27 22:00:00,204.22641496129265
2012-11-27 23:00:00,283.78804080391336
2012-11-28 00:00:00,20.302220283157986
2012-11-28 01:00:00,23.538902756367442
2012-11-28 02:00:00,26.447818795958636
2012-11-28 03:00:00,31.309433028653793
2012-11-28 04:00:00,34.99575787806526
2012-11-28 05:00:00,40.00298285453374
2012-11-28 06:00:00,46.68361223999663
2012-11-28 07:00:00,56.75407968632552
2012-11-28 08:00:00,52.71087172192367
2012-11-28 09:00:00,76.5281697488975
2012-11-28 10:00:00,94.79417815339093
2012-11-28 11:00:00,118.75773090343131
2012-11-28 12:00:00,149.13079993191107
2012-11-28 13:00:00,165.28200387838922
2012-11-28 14:00:00,203.59639801046183
2012-11-28 15:00:00,250.61312112644117
2012-11-28 16:00:00,287.48064770928926
2012-11-28 17:00:00,291.06454475707903
2012-11-28 18:00:00,313.14967152981654
2012-11-28 19:00:00,333.2696217382267
2012-11-28 20:00:00,371.4623419755837
2012-11-28 21:00:00,385.79126124820993
2012-11-28 22:00:00,380.05632881375965
2012-11-28 23:00:00,391.14002557409873
2012-11-29 00:00:00,24.36952524104675
2012-11-29 01:00:00,23.836248329709587
2012-11-29 02:00:00,25.35280980339219
2012-11-29 04:00:00,26.409029081851983
2012-11-29 05:00:00,31.86245807655728
2012-11-29 06:00:00,37.354422145883184
2012-11-29 07:00:00,42.622602560465275
2012-11-29 08:00:00,45.668446942411094
2012-11-29 09:00:00,61.74258122220806
2012-11-29 10:00:00,75.84311836054674
2012-11-29 11:00:00,152.4440099903385
2012-11-29 12:00:00,163.61412324036107
2012-11-29 13:00:00,206.8438440874119
2012-11-29 14:00:00,200.77358903472194
2012-11-29 15:00:00,225.2788979729172
2012-11-29 16:00:00,260.10661317263606
2012-11-29 17:00:00,276.341127460442
2012-11-29 18:00:00,258.90671104127256
2012-11-29 19:00:00,261.52701643381187
2012-11-29 20:00:00,295.4354289301609
2012-11-29 21:00:00,246.78271443312323
2012-11-29 22:00:00,260.72380933584884
2012-11-29 23:00:00,329.3181711874277
2012-11-30 00:00:00,27.425241976928664
2012-11-30 01:00:00,29.062782724082734
2012-11-30 02:00:00,29.4689564289567
2012-11-30 03:00:00,32.583240656566346
2012-11-30 04:00:00,34.35437780755949
2012-11-30 05:00:00,33.84668327216798
2012-11-30 06:00:00,34.30972147304085
2012-11-30 07:00:00,43.275116367094135
2012-11-30 08:00:00,58.35748844374022
2012-11-30 09:00:00,60.21057991673541
2012-11-30 10:00:00,97.93946986103741
2012-11-30 11:00:00,142.34559487130915
2012-11-30 12:00:00,175.3219009147367
2012-11-30 13:00:00,234.11771259360594
2012-11-30 14:00:00,254.80245173863085
2012-11-30 15:00:00,303.41788882348504
2012-11-30 16:00:00,302.83879410119954
2012-11-30 17:00:00,274.041768637936
2012-11-30 18:00:00,255.82621979946157
2012-11-30 19:00:00,226.4176440917879
2012-11-30 20:00:00,250.3454984610965
2012-11-30 21:00:00,242.41924946653526
2012-11-30 22:00:00,255.35327760416772
2012-11-30 23:00:00,348.1864406430441
2012-12-20 00:00:00,29.252085130250496
2012-12-20 01:00:00,28.574657005331073
2012-12-20 02:00:00,31.99607963765238
2012-12-20 03:00:00,38.65659040750392
2012-12-20 04:00:00,43.28518606427542
2012-12-20 05:00:00,48.72031905584799
2012-12-20 06:00:00,53.73693572176756
2012-12-20 07:00:00,57.750022754892974
2012-12-20 08:00:00,64.66479463942693
2012-12-20 09:00:00,72.40751546552367
2012-12-20 10:00:00,87.22599178921887
2012-12-20 11:00:00,120.51859037810176
2012-12-20 12:00:00,149.80304667356043
2012-12-20 13:00:00,163.5300679963649
2012-12-20 14:00:00,188.95409955343814
2012-12-20 15:00:00,191.90819317404953
2012-12-20 16:00:00,219.08293944467746
2012-12-20 17:00:00,222.25721923464087
2012-12-20 18:00:00,236.82387704292503
2012-12-20 19:00:00,165.1475198457644
2012-12-20 20:00:00,182.04576191531183
2012-12-20 21:00:00,203.8432410528235
2012-12-20 22:00:00,213.58380472234833
2012-12-20 23:00:00,321.1038626447617
2012-12-21 00:00:00,17.947958706675223
2012-12-21 01:00:00,20.797101712833513
2012-12-21 02:00:00,22.000918648068385
2012-12-21 03:00:00,24.325979398142103
2012-12-21 04:00:00,37.70359712704765
2012-12-21 05:00:00,36.79363785610851
2012-12-21 06:00:00,49.58430984878108
2012-12-21 07:00:00,52.52024343486703
2012-12-21 08:00:00,57.79659544165234
2012-12-21 09:00:00,70.80356279467868
2012-12-21 10:00:00,78.53547210031955
2012-12-21 11:00:00,88.61593076492878
2012-12-21 12:00:00,99.6911397795693
2012-12-21 13:00:00,110.8658219064119
2012-12-21 14:00:00,122.90161708918635
2012-12-21 15:00:00,124.73647096075752
2012-12-21 16:00:00,140.37596945534338
2012-12-21 17:00:00,116.92833476328329
2012-12-21 18:00:00,128.8271421840805
2012-12-21 19:00:00,162.4447734657036
2012-12-21 20:00:00,189.6816571293768
2012-12-21 21:00:00,199.89514557299842
2012-12-21 22:00:00,208.4974697287867
2012-12-21 23:00:00,232.13720473534948
2012-12-22 00:00:00,29.304279383289376
2012-12-22 01:00:00,31.468917328055408
2012-12-22 02:00:00,34.330028187051276
2012-12-22 03:00:00,34.63841795641836
2012-12-22 04:00:00,37.89036182526732
2012-12-22 05:00:00,41.213101895255214
2012-12-22 06:00:00,47.55791070793408
2012-12-22 07:00:00,51.58052442412937
2012-12-22 08:00:00,56.2159030786113
2012-12-22 09:00:00,56.86959046382715
2012-12-22 10:00:00,61.295712003343205
2012-12-22 11:00:00,79.00196430617966
2012-12-22 12:00:00,99.22604524731939
2012-12-22 13:00:00,112.51905436723378
2012-12-22 14:00:00,122.18710535349238
2012-12-22 15:00:00,139.14735386262498
2012-12-22 16:00:00,130.15819625495354
2012-12-22 17:00:00,127.72189574869105
2012-12-22 18:00:00,125.28205929428205
2012-12-22 19:00:00,120.77091147372174
2012-12-22 20:00:00,130.61958397249015
2012-12-22 21:00:00,129.29596905922728
2012-12-22 22:00:00,140.2322724174748
2012-12-22 23:00:00,152.39646077699484
2012-12-23 00:00:00,25.973296727318086
2012-12-23 01:00:00,27.798421457429882
2012-12-23 02:00:00,26.62298501781465
2012-12-23 03:00:00,28.357666013310148
2012-12-23 04:00:00,32.23326582744239
2012-12-23 05:00:00,31.141487140616317
2012-12-23 06:00:00,26.514332470407393
2012-12-23 07:00:00,28.443623175552194
2012-12-23 08:00:00,26.25784944305812
2012-12-23 09:00:00,38.95361081248859
2012-12-23 10:00:00,40.793197556274286
2012-12-23 11:00:00,54.2508906727477
2012-12-23 12:00:00,80.37562682402344
2012-12-23 13:00:00,95.48411697517128
2012-12-23 14:00:00,120.92620206533525
2012-12-23 15:00:00,121.124353255337
2012-12-23 16:00:00,131.6528787181343
2012-12-23 17:00:00,112.3404529692635
2012-12-23 18:00:00,118.228333828746
2012-12-23 19:00:00,120.34180980917043
2012-12-23 20:00:00,88.44164767428163
2012-12-23 21:00:00,84.04544024028138
2012-12-23 22:00:00,106.53560436471439
2012-12-23 23:00:00,109.96956498759113
2012-12-24 00:00:00,10.406861552417794
2012-12-24 01:00:00,11.621473333124612
2012-12-24 02:00:00,11.373237382806002
2012-12-24 03:00:00,12.700637390997901
2012-12-24 05:00:00,13.606986047020984
2012-12-24 06:00:00,17.68682000068373
2012-12-24 07:00:00,21.412662818946792
2012-12-24 08:00:00,25.168137692988967
2012-12-24 09:00:00,37.86478084495703
2012-12-24 10:00:00,43.20799160446673
2012-12-24 11:00:00,51.69868390084212
2012-12-24 12:00:00,64.27634429486676
2012-12-24 13:00:00,35.05629084348499
2012-12-24 14:00:00,37.91258047646756
2012-12-24 15:00:00,39.801163064937015
2012-12-24 16:00:00,44.44645994920977
2012-12-24 17:00:00,49.416083835242276
2012-12-24 18:00:00,56.90888706478656
2012-12-24 19:00:00,82.46980695909367
2012-12-24 20:00:00,68.32853054533439
2012-12-24 21:00:00,78.84047634142205
2012-12-24 22:00:00,119.62073868098798
2012-12-24 23:00:00,99.10911154276887
2012-12-25 00:00:00,8.314469779424028
2012-12-25 01:00:00,13.771387258576842
2012-12-25 02:00:00,15.329968457315136
2012-12-25 04:00:00,18.413444376352714
2012-12-25 05:00:00,17.611460216765394
2012-12-25 06:00:00,19.60464291221844
2012-12-25 07:00:00,21.979256115800865
2012-12-25 08:00:00,28.34342990143474
2012-12-25 09:00:00,29.175341324186725
2012-12-25 10:00:00,32.30529116438742
2012-12-25 11:00:00,43.66741741518915
2012-12-25 12:00:00,50.72091582833367
2012-12-25 13:00:00,110.25256236978377
2012-12-25 14:00:00,119.5248971792569
2012-12-25 15:00:00,114.77916877523397
2012-12-25 16:00:00,135.73119584437353
2012-12-25 17:00:00,126.26046901747583
2012-12-25 18:00:00,129.14724847750006
2012-12-25 19:00:00,143.10635550059425
2012-12-25 20:00:00,160.69346905328453
2012-12-25 21:00:00,167.99858486301244
2012-12-25 22:00:00,181.83693570970922
2012-12-25 23:00:00,198.40974348882006
2012-12-26 00:00:00,15.031689559228369
2012-12-26 01:00:00,15.161608905047023
2012-12-26 02:00:00,17.035266644593523
2012-12-26 03:00:00,17.174216980951613
2012-12-26 04:00:00,15.337940473249455
2012-12-26 05:00:00,21.32012640153617
2012-12-26 06:00:00,23.747488531103283
2012-12-26 07:00:00,14.39380427677567
2012-12-26 08:00:00,16.17257742371526
2012-12-26 09:00:00,18.171169726691257
2012-12-26 10:00:00,20.344387511880203
2012-12-26 11:00:00,22.019808049230605
2012-12-26 12:00:00,26.94332373372143
2012-12-26 13:00:00,30.272954999041097
2012-12-26 14:00:00,33.968221557865185
2012-12-26 15:00:00,42.65853201713093
2012-12-26 16:00:00,47.93023432604511
2012-12-26 17:00:00,51.37541021832674
2012-12-26 18:00:00,63.435123930562845
2012-12-26 19:00:00,80.46666063141808
2012-12-26 20:00:00,91.6881676135995
2012-12-26 21:00:00,139.45709990386632
2012-12-26 22:00:00,83.22218987086939
2012-12-26 23:00:00,107.61792724447737
2012-12-27 00:00:00,7.941512105835281
2012-12-27 01:00:00,7.726398567374205
2012-12-27 02:00:00,12.6743731353576
2012-12-27 03:00:00,15.274374441683177
2012-12-27 04:00:00,16.52580746533699
2012-12-27 05:00:00,18.25601705679748
2012-12-27 06:00:00,20.754839505175756
2012-12-27 07:00:00,24.237549019581273
2012-12-27 08:00:00,30.844291171813154
2012-12-27 09:00:00,37.00339964509524
2012-12-27 10:00:00,47.28739390782584
2012-12-27 11:00:00,59.84396880985694
2012-12-27 12:00:00,72.54000333608968
2012-12-27 13:00:00,81.22567221801056
2012-12-27 14:00:00,78.09129241549591
2012-12-27 15:00:00,86.93386355535358
2012-12-27 16:00:00,103.90895652979651
2012-12-27 17:00:00,116.35062662598052
2012-12-27 18:00:00,113.52369100537408
2012-12-27 19:00:00,108.71791909210238
2012-12-27 20:00:00,125.45662732213967
2012-12-27 21:00:00,159.37996677271627
2012-12-27 22:00:00,174.65000356240753
2012-12-27 23:00:00,199.8320841875743
2012-12-28 00:00:00,19.6690371869599
2012-12-28 01:00:00,18.661359186542892
2012-12-28 02:00:00,20.83656110248716
2012-12-28 03:00:00,26.587142283382278
2012-12-28 04:00:00,29.615601541491326
2012-12-28 05:00:00,32.575792181906095
2012-12-28 06:00:00,27.727258689729336
2012-12-28 07:00:00,30.93344508493923
2012-12-28 08:00:00,43.62433037633504
2012-12-28 09:00:00,47.13809664318947
2012-12-28 10:00:00,58.55421024631352
2012-12-28 11:00:00,71.96443685157097
2012-12-28 12:00:00,85.79225456688208
2012-12-28 13:00:00,94.85879433027094
2012-12-28 14:00:00,104.88348752716134
2012-12-28 15:00:00,107.23354945148151
2012-12-28 16:00:00,120.12198598012678
2012-12-28 17:00:00,94.16168251600891
2012-12-28 18:00:00,104.1127048201663
2012-12-28 19:00:00,123.5879928845396
2012-12-28 20:00:00,141.4495534223371
2012-12-28 21:00:00,145.98233806856578
2012-12-28 22:00:00,164.28989587666535
2012-12-28 23:00:00,190.21074517318
2012-12-29 00:00:00,20.41973524729605
2012-12-29 01:00:00,22.678705543734328
2012-12-29 02:00:00,24.020170142337278
2012-12-29 03:00:00,24.729042158099947
2012-12-29 04:00:00,28.93391630213877
2012-12-29 05:00:00,31.38124771026164
2012-12-29 06:00:00,36.87000573933535
2012-12-29 07:00:00,40.33721383157233
2012-12-29 08:00:00,35.2652250853372
2012-12-29 09:00:00,38.2480806402035
2012-12-29 10:00:00,31.451188459858646
2012-12-29 11:00:00,31.00857053683872
2012-12-29 12:00:00,30.011105922765218
2012-12-29 13:00:00,32.549549780496896
2012-12-29 14:00:00,57.03153028876592
2012-12-29 15:00:00,57.33780606536
2012-12-29 16:00:00,66.74114617496429
2012-12-29 17:00:00,64.36493939839596
2012-12-29 18:00:00,87.85554533454315
2012-12-29 19:00:00,128.34566945715056
2012-12-29 20:00:00,151.87898787587116
2012-12-29 21:00:00,158.06873570106325
2012-12-29 22:00:00,158.6050517523012
2012-12-29 23:00:00,150.29046487538028
2012-12-30 00:00:00,27.24533336002237
2012-12-30 01:00:00,30.099689330798395
2012-12-30 02:00:00,32.507009592766096
2012-12-30 03:00:00,34.63940715194676
2012-12-30 04:00:00,37.84374772960425
2012-12-30 05:00:00,42.82771820788673
2012-12-30 06:00:00,41.52892941271491
2012-12-30 07:00:00,38.565177019339785
2012-12-30 08:00:00,43.775349284839656
2012-12-30 09:00:00,47.51885953570048
2012-12-30 10:00:00,64.61275687476842
2012-12-30 11:00:00,68.87291513926928
2012-12-30 12:00:00,85.07113243542479
2012-12-30 13:00:00,97.05389605222857
2012-12-30 14:00:00,102.76494357868542
2012-12-30 15:00:00,100.12795667854859
2012-12-30 16:00:00,108.13925028485863
2012-12-30 17:00:00,104.02881178557253
2012-12-30 18:00:00,105.59770587348574
2012-12-30 19:00:00,110.16224748698731
2012-12-30 20:00:00,105.11175033937732
2012-12-30 21:00:00,101.11996326606078
2012-12-30 22:00:00,100.82490982212848
2012-12-30 23:00:00,115.81171958937713
2012-12-31 00:00:00,11.532673084435164
2012-12-31 01:00:00,12.878681246534791
2012-12-31 02:00:00,12.777234479409492
2012-12-31 03:00:00,14.408086030963963
2012-12-31 04:00:00,13.116648310507813
2012-12-31 05:00:00,15.930676617511995
2012-12-31 06:00:00,18.268916526793106
2012-12-31 07:00:00,20.892844991630536
2012-12-31 08:00:00,19.821040344917513
2012-12-31 09:00:00,32.945415293046494
2012-12-31 10:00:00,35.93926362951173
2012-12-31 11:00:00,46.76687443520421
2012-12-31 12:00:00,55.92180524240988
2012-12-31 13:00:00,73.92295810489472
2012-12-31 14:00:00,87.40262850582424
2012-12-31 15:00:00,96.65358624905386
2012-12-31 16:00:00,100.30365445001074
2012-12-31 17:00:00,111.48938159307704
2012-12-31 18:00:00,124.88483391183597
2012-12-31 19:00:00,125.02900979406364
2012-12-31 20:00:00,139.62146953431008
2012-12-31 21:00:00,136.72578315654883
2012-12-31 22:00:00,163.73330523588842
2012-12-31 23:00:00,161.3588615775314
