"datetime","count"
"2011-01-20 00:00:00",12.7568736304371
"2011-01-20 01:00:00",5.93391967916788
"2011-01-20 02:00:00",3.19775248899659
"2011-01-20 03:00:00",1.73008621405409
"2011-01-20 04:00:00",1.84959291004539
"2011-01-20 05:00:00",9.50926915883176
"2011-01-20 06:00:00",42.0457541114241
"2011-01-20 07:00:00",117.107040893791
"2011-01-20 08:00:00",185.031288375354
"2011-01-20 09:00:00",84.9174615439596
"2011-01-20 10:00:00",47.2295226450639
"2011-01-20 11:00:00",54.9004058981131
"2011-01-20 12:00:00",73.8216875810352
"2011-01-20 13:00:00",65.3006791924233
"2011-01-20 14:00:00",59.2349124563801
"2011-01-20 15:00:00",65.2052160502422
"2011-01-20 16:00:00",95.8762733832922
"2011-01-20 17:00:00",188.506404126071
"2011-01-20 18:00:00",156.708753953282
"2011-01-20 19:00:00",116.229172340204
"2011-01-20 20:00:00",82.4701762861622
"2011-01-20 21:00:00",61.6059178118206
"2011-01-20 22:00:00",45.9690626392326
"2011-01-20 23:00:00",29.6351576841724
"2011-01-21 00:00:00",16.4989727675558
"2011-01-21 01:00:00",7.79393161263553
"2011-01-21 02:00:00",2.45186989531106
"2011-01-21 03:00:00",1.0777418384317
"2011-01-21 04:00:00",1.71848792255835
"2011-01-21 05:00:00",8.49350017537918
"2011-01-21 06:00:00",34.5372919750401
"2011-01-21 07:00:00",92.4235296124825
"2011-01-21 08:00:00",164.441250715446
"2011-01-21 09:00:00",88.4865781371691
"2011-01-21 10:00:00",47.6357284512926
"2011-01-21 11:00:00",58.1150634421945
"2011-01-21 12:00:00",68.7376325121252
"2011-01-21 13:00:00",64.908205354276
"2011-01-21 14:00:00",59.8269773987935
"2011-01-21 15:00:00",60.9973599998828
"2011-01-21 16:00:00",84.7764395091305
"2011-01-21 17:00:00",132.844567370377
"2011-01-21 18:00:00",113.070747582652
"2011-01-21 19:00:00",77.9140880872489
"2011-01-21 20:00:00",50.419073219934
"2011-01-21 21:00:00",41.8799859522168
"2011-01-21 22:00:00",35.9216234381601
"2011-01-21 23:00:00",29.1415753879651
"2011-01-22 00:00:00",23.9719340035728
"2011-01-22 01:00:00",16.178658066402
"2011-01-22 02:00:00",12.4982578897956
"2011-01-22 03:00:00",5.55550775612421
"2011-01-22 04:00:00",1.79547759964884
"2011-01-22 06:00:00",4.53883576093363
"2011-01-22 07:00:00",11.8474942062465
"2011-01-22 08:00:00",29.2963022776067
"2011-01-22 09:00:00",47.0620010005837
"2011-01-22 10:00:00",61.5464595852439
"2011-01-22 11:00:00",75.9841459760461
"2011-01-22 12:00:00",86.2302237821947
"2011-01-22 13:00:00",102.456058834282
"2011-01-22 14:00:00",102.834381794315
"2011-01-22 15:00:00",109.860101540985
"2011-01-22 16:00:00",95.6322868215041
"2011-01-22 17:00:00",93.8117311185618
"2011-01-22 18:00:00",71.0246171011693
"2011-01-22 19:00:00",62.6599649773789
"2011-01-22 20:00:00",47.5155552461014
"2011-01-22 21:00:00",40.6366547195501
"2011-01-22 22:00:00",37.8202463761996
"2011-01-22 23:00:00",32.1557866873582
"2011-01-23 00:00:00",26.1839779118162
"2011-01-23 01:00:00",22.072285071854
"2011-01-23 02:00:00",16.851179721439
"2011-01-23 03:00:00",8.33944061253917
"2011-01-23 05:00:00",2.04669461933996
"2011-01-23 06:00:00",2.99898187608466
"2011-01-23 07:00:00",9.16701333431766
"2011-01-23 08:00:00",22.1920628044528
"2011-01-23 09:00:00",40.2312321606789
"2011-01-23 10:00:00",68.9146490794609
"2011-01-23 11:00:00",88.0750770021292
"2011-01-23 12:00:00",99.9113291889609
"2011-01-23 13:00:00",97.1518443055246
"2011-01-23 14:00:00",96.7589514502397
"2011-01-23 15:00:00",95.8279445506623
"2011-01-23 16:00:00",96.7915575051422
"2011-01-23 17:00:00",82.3849273674322
"2011-01-23 18:00:00",68.3426595735194
"2011-01-23 19:00:00",53.2576023202054
"2011-01-23 20:00:00",41.3901997856488
"2011-01-23 21:00:00",32.9961557124214
"2011-01-23 22:00:00",25.3669835307236
"2011-01-23 23:00:00",16.0159618079931
"2011-01-24 00:00:00",8.3222393480987
"2011-01-24 01:00:00",3.6479812037573
"2011-01-24 03:00:00",1.15669284579606
"2011-01-24 04:00:00",1.48954125500144
"2011-01-24 05:00:00",5.27045783672622
"2011-01-24 06:00:00",22.6930735701597
"2011-01-24 07:00:00",66.145542373617
"2011-01-24 08:00:00",116.166823097581
"2011-01-24 09:00:00",66.2412851076716
"2011-01-24 10:00:00",40.4036846060509
"2011-01-24 11:00:00",44.0231120090318
"2011-01-24 12:00:00",51.4197428149645
"2011-01-24 13:00:00",49.8372992864028
"2011-01-24 14:00:00",45.5539619941882
"2011-01-24 15:00:00",56.8503127276586
"2011-01-24 16:00:00",78.6611495665514
"2011-01-24 17:00:00",134.408080663291
"2011-01-24 18:00:00",132.829292964203
"2011-01-24 19:00:00",97.740895958269
"2011-01-24 20:00:00",68.1559435770885
"2011-01-24 21:00:00",49.3573567404425
"2011-01-24 22:00:00",29.976092502449
"2011-01-24 23:00:00",17.614893945952
"2011-01-25 00:00:00",7.13877516175344
"2011-01-25 01:00:00",3.26169818783629
"2011-01-25 02:00:00",1.73579286024702
"2011-01-25 04:00:00",1.63516472199167
"2011-01-25 05:00:00",7.27847107359104
"2011-01-25 06:00:00",36.2595400978187
"2011-01-25 07:00:00",96.8417903480932
"2011-01-25 08:00:00",147.829860976051
"2011-01-25 09:00:00",77.8205013034459
"2011-01-25 10:00:00",43.9617373625713
"2011-01-25 11:00:00",45.4610673762268
"2011-01-25 12:00:00",58.3265181089914
"2011-01-25 13:00:00",58.8756620207132
"2011-01-25 14:00:00",60.3561591480391
"2011-01-25 15:00:00",68.558959665035
"2011-01-25 16:00:00",108.086403114456
"2011-01-25 17:00:00",223.251165802332
"2011-01-25 18:00:00",190.51344635471
"2011-01-25 19:00:00",115.729957350851
"2011-01-25 20:00:00",85.2842457765076
"2011-01-25 21:00:00",63.7791339345633
"2011-01-25 22:00:00",43.938275104269
"2011-01-25 23:00:00",23.8184406950053
"2011-01-26 00:00:00",9.93276291086503
"2011-01-26 01:00:00",4.37900982637183
"2011-01-26 02:00:00",1.11704453326793
"2011-01-26 05:00:00",4.31422063955561
"2011-01-26 06:00:00",20.1201836660994
"2011-01-26 07:00:00",56.7017200473516
"2011-01-26 08:00:00",97.2798988956541
"2011-01-26 09:00:00",48.1985646032912
"2011-01-26 10:00:00",24.5147326542762
"2011-01-26 11:00:00",24.9791520030123
"2011-01-26 12:00:00",31.9520618580673
"2011-01-26 13:00:00",28.9880963129345
"2011-01-26 14:00:00",26.5315799084427
"2011-01-26 15:00:00",28.2173354725003
"2011-01-26 16:00:00",49.8723725082282
"2011-01-26 17:00:00",78.7581675759005
"2011-01-27 16:00:00",86.190650072062
"2011-01-27 17:00:00",172.767689440796
"2011-01-27 18:00:00",156.512315640455
"2011-01-27 19:00:00",110.564526167654
"2011-01-27 20:00:00",82.0238331229475
"2011-01-27 21:00:00",63.2799850151436
"2011-01-27 22:00:00",47.8197663144757
"2011-01-27 23:00:00",30.5226862863416
"2011-01-28 00:00:00",15.8678914516755
"2011-01-28 01:00:00",7.49581580341041
"2011-01-28 02:00:00",3.74070462149559
"2011-01-28 03:00:00",1.82241354373673
"2011-01-28 05:00:00",7.61189821135677
"2011-01-28 06:00:00",30.2157485277793
"2011-01-28 07:00:00",83.4996157718181
"2011-01-28 08:00:00",150.59092828302
"2011-01-28 09:00:00",51.3851575079642
"2011-01-28 10:00:00",28.4494110463268
"2011-01-28 11:00:00",33.1955334336614
"2011-01-28 12:00:00",40.5723722665416
"2011-01-28 13:00:00",40.031355717792
"2011-01-28 14:00:00",40.2047634391251
"2011-01-28 15:00:00",69.0654890489271
"2011-01-28 16:00:00",106.11834610583
"2011-01-28 17:00:00",172.326031118154
"2011-01-28 18:00:00",144.156141793649
"2011-01-28 19:00:00",94.6115773358211
"2011-01-28 20:00:00",63.9956113576325
"2011-01-28 21:00:00",51.1077712933
"2011-01-28 22:00:00",49.4441936285853
"2011-01-28 23:00:00",41.3425631275271
"2011-01-29 00:00:00",30.890253775951
"2011-01-29 01:00:00",25.3022906997222
"2011-01-29 02:00:00",18.8960620475334
"2011-01-29 03:00:00",8.23915869431876
"2011-01-29 04:00:00",2.53664753718019
"2011-01-29 06:00:00",6.23025584533916
"2011-01-29 07:00:00",15.2562554991252
"2011-01-29 08:00:00",38.9231871302627
"2011-01-29 09:00:00",61.6535717161853
"2011-01-29 10:00:00",77.9304461004994
"2011-01-29 11:00:00",92.6213041614692
"2011-01-29 12:00:00",106.075081819822
"2011-01-29 13:00:00",114.208597757537
"2011-01-29 14:00:00",116.130714333272
"2011-01-29 15:00:00",122.260296843557
"2011-01-29 16:00:00",121.956203789749
"2011-01-29 17:00:00",118.486761280812
"2011-01-29 18:00:00",92.7968458825871
"2011-01-29 19:00:00",70.4555895908261
"2011-01-29 20:00:00",58.8746618921155
"2011-01-29 21:00:00",49.3544161524627
"2011-01-29 22:00:00",42.8440973486567
"2011-01-29 23:00:00",38.0830103494863
"2011-01-30 00:00:00",30.861314388512
"2011-01-30 01:00:00",26.1186537225538
"2011-01-30 02:00:00",20.9124718855067
"2011-01-30 03:00:00",10.0855462028682
"2011-01-30 04:00:00",2.85551070384805
"2011-01-30 05:00:00",2.66071498311024
"2011-01-30 07:00:00",10.6213569879209
"2011-01-30 08:00:00",23.877845794027
"2011-01-30 09:00:00",45.493432197572
"2011-01-30 10:00:00",76.6019400228803
"2011-01-30 11:00:00",109.478908537557
"2011-01-30 12:00:00",150.470511773134
"2011-01-30 13:00:00",140.747501121215
"2011-01-30 14:00:00",134.336511697817
"2011-01-30 15:00:00",143.828696594828
"2011-01-30 16:00:00",143.917986395634
"2011-01-30 17:00:00",122.029503338602
"2011-01-30 18:00:00",92.2069473071159
"2011-01-30 19:00:00",71.8567264419234
"2011-01-30 20:00:00",53.4796183836293
"2011-01-30 21:00:00",39.253125817561
"2011-01-30 22:00:00",30.7317963769375
"2011-01-30 23:00:00",19.5293343856131
"2011-01-31 00:00:00",10.2461638566126
"2011-01-31 01:00:00",4.76941442352746
"2011-01-31 02:00:00",2.85921387468294
"2011-01-31 03:00:00",1.57182911140735
"2011-01-31 04:00:00",1.88233007678665
"2011-01-31 05:00:00",6.288747307065
"2011-01-31 06:00:00",25.417421461628
"2011-01-31 07:00:00",66.5473302976372
"2011-01-31 08:00:00",114.719728027919
"2011-01-31 09:00:00",64.3187554388891
"2011-01-31 10:00:00",38.4203404208939
"2011-01-31 11:00:00",43.603634000826
"2011-01-31 12:00:00",59.0378622094368
"2011-01-31 13:00:00",55.6887401105271
"2011-01-31 14:00:00",50.481920078933
"2011-01-31 15:00:00",52.4747474312589
"2011-01-31 16:00:00",73.2166674488525
"2011-01-31 17:00:00",129.596540945291
"2011-01-31 18:00:00",124.006492052092
"2011-01-31 19:00:00",136.63957172134
"2011-01-31 20:00:00",39.4813644713383
"2011-01-31 21:00:00",28.9732822011335
"2011-01-31 22:00:00",32.1827412339403
"2011-01-31 23:00:00",18.5752581964213
"2011-02-20 00:00:00",34.1465730828963
"2011-02-20 01:00:00",27.2482976190636
"2011-02-20 02:00:00",20.5713645944357
"2011-02-20 03:00:00",9.72823417726916
"2011-02-20 04:00:00",2.75434530405824
"2011-02-20 06:00:00",3.91914530695129
"2011-02-20 07:00:00",10.4060254196885
"2011-02-20 08:00:00",27.9995952567803
"2011-02-20 09:00:00",51.0859772690033
"2011-02-20 10:00:00",85.7428348491949
"2011-02-20 11:00:00",116.323836355186
"2011-02-20 12:00:00",153.76855926758
"2011-02-20 13:00:00",174.072767594953
"2011-02-20 14:00:00",165.278788885167
"2011-02-20 15:00:00",167.686803086969
"2011-02-20 16:00:00",167.226431780436
"2011-02-20 17:00:00",139.439482230633
"2011-02-20 18:00:00",105.154742901611
"2011-02-20 19:00:00",82.7407261213464
"2011-02-20 20:00:00",67.8973622844484
"2011-02-20 21:00:00",49.9152424133942
"2011-02-20 22:00:00",36.5073287911871
"2011-02-20 23:00:00",23.1163025853822
"2011-02-21 00:00:00",12.6669158370955
"2011-02-21 01:00:00",5.64739446747319
"2011-02-21 02:00:00",3.32079679378822
"2011-02-21 03:00:00",1.84332415203872
"2011-02-21 04:00:00",2.51795740304575
"2011-02-21 05:00:00",9.09909309360271
"2011-02-21 06:00:00",43.295261158712
"2011-02-21 07:00:00",123.183582810443
"2011-02-21 08:00:00",158.714418759795
"2011-02-21 09:00:00",89.8467939017792
"2011-02-21 10:00:00",52.3896403284658
"2011-02-21 11:00:00",62.3976712208958
"2011-02-21 12:00:00",75.9962074809736
"2011-02-21 13:00:00",39.4165483295925
"2011-02-21 14:00:00",63.5116464241664
"2011-02-21 15:00:00",62.1266159748805
"2011-02-21 16:00:00",51.8394256425486
"2011-02-21 17:00:00",152.242290564913
"2011-02-21 18:00:00",136.290812555279
"2011-02-21 19:00:00",99.4794121072495
"2011-02-21 20:00:00",42.282527834348
"2011-02-21 21:00:00",28.7036946794246
"2011-02-21 22:00:00",18.9708854159266
"2011-02-21 23:00:00",10.8900239230963
"2011-02-22 06:00:00",29.4932193843962
"2011-02-22 07:00:00",81.8723977402453
"2011-02-22 08:00:00",134.426922710671
"2011-02-22 09:00:00",66.6735707673243
"2011-02-22 10:00:00",44.6038620248596
"2011-02-22 11:00:00",44.6836633402318
"2011-02-22 12:00:00",56.1798318771296
"2011-02-22 13:00:00",58.8062382483527
"2011-02-22 14:00:00",51.7154265174005
"2011-02-22 15:00:00",58.4716618706765
"2011-02-22 16:00:00",89.0541788979371
"2011-02-22 17:00:00",173.052374608057
"2011-02-22 18:00:00",172.674297452377
"2011-02-22 19:00:00",108.829314715637
"2011-02-22 20:00:00",78.4357637875789
"2011-02-22 21:00:00",58.0947994347537
"2011-02-22 22:00:00",38.1179366796096
"2011-02-22 23:00:00",22.6587788453666
"2011-02-23 00:00:00",9.2374745646786
"2011-02-23 01:00:00",3.93987071121254
"2011-02-23 02:00:00",1.71775495801189
"2011-02-23 03:00:00",1.35315380166833
"2011-02-23 05:00:00",7.1890625136127
"2011-02-23 06:00:00",33.5275523080009
"2011-02-23 07:00:00",91.0484871470752
"2011-02-23 08:00:00",159.743291549873
"2011-02-23 09:00:00",87.0874664887336
"2011-02-23 10:00:00",47.4354560924386
"2011-02-23 11:00:00",51.7049959239335
"2011-02-23 12:00:00",69.8671659277852
"2011-02-23 13:00:00",70.2832872547688
"2011-02-23 14:00:00",67.8351230449503
"2011-02-23 15:00:00",79.2681168296551
"2011-02-23 16:00:00",115.938308213917
"2011-02-23 17:00:00",221.145431024078
"2011-02-23 18:00:00",215.524881762171
"2011-02-23 19:00:00",146.999665209983
"2011-02-23 20:00:00",86.458135979661
"2011-02-23 21:00:00",66.030166313535
"2011-02-23 22:00:00",51.3305129089897
"2011-02-23 23:00:00",27.723694929304
"2011-02-24 00:00:00",12.922091344155
"2011-02-24 01:00:00",5.29055848786394
"2011-02-24 02:00:00",2.73853124612938
"2011-02-24 03:00:00",1.54003098695424
"2011-02-24 05:00:00",9.01655073707439
"2011-02-24 06:00:00",40.7310803310874
"2011-02-24 07:00:00",113.12986900842
"2011-02-24 08:00:00",194.909342651288
"2011-02-24 09:00:00",81.7616074040217
"2011-02-24 10:00:00",42.5432690665058
"2011-02-24 11:00:00",55.1408395528933
"2011-02-24 12:00:00",74.325426859577
"2011-02-24 13:00:00",76.0352325988561
"2011-02-24 14:00:00",70.0402121832246
"2011-02-24 15:00:00",43.9765701928461
"2011-02-24 16:00:00",65.1136002322387
"2011-02-24 17:00:00",124.198102770463
"2011-02-24 18:00:00",170.90890675566
"2011-02-24 19:00:00",73.4925317637942
"2011-02-24 20:00:00",91.1599859343609
"2011-02-24 21:00:00",71.6531669165758
"2011-02-24 22:00:00",33.4194414571089
"2011-02-24 23:00:00",34.9550061975553
"2011-02-25 00:00:00",12.4608113900686
"2011-02-25 01:00:00",9.58731979163037
"2011-02-25 02:00:00",4.83094898214213
"2011-02-25 03:00:00",2.25256451280817
"2011-02-25 05:00:00",9.74549271289171
"2011-02-25 06:00:00",24.7981290644617
"2011-02-25 07:00:00",67.9715861374442
"2011-02-25 08:00:00",128.649025090781
"2011-02-25 09:00:00",62.663969243069
"2011-02-25 10:00:00",40.6961002707799
"2011-02-25 11:00:00",101.327253586384
"2011-02-25 12:00:00",74.3318700280351
"2011-02-25 13:00:00",73.3406839194074
"2011-02-25 14:00:00",65.9183780824579
"2011-02-25 15:00:00",106.521790805026
"2011-02-25 16:00:00",115.635090014086
"2011-02-25 17:00:00",171.891291977007
"2011-02-25 18:00:00",159.14043938045
"2011-02-25 19:00:00",108.504397904405
"2011-02-25 20:00:00",70.9864487855265
"2011-02-25 21:00:00",59.5756935527537
"2011-02-25 22:00:00",50.7088310188504
"2011-02-25 23:00:00",42.0702624153714
"2011-02-26 00:00:00",34.1496694073376
"2011-02-26 01:00:00",25.6433359560674
"2011-02-26 02:00:00",17.7761859797784
"2011-02-26 03:00:00",8.59554483697522
"2011-02-26 04:00:00",2.59858735193364
"2011-02-26 05:00:00",2.58576729158464
"2011-02-26 06:00:00",7.27900356487014
"2011-02-26 07:00:00",17.1599670035747
"2011-02-26 08:00:00",42.0965061928161
"2011-02-26 09:00:00",64.5793203702712
"2011-02-26 10:00:00",99.96351104793
"2011-02-26 11:00:00",138.012746292487
"2011-02-26 12:00:00",140.528770136944
"2011-02-26 13:00:00",147.032382157238
"2011-02-26 14:00:00",146.146179969775
"2011-02-26 15:00:00",154.788213784349
"2011-02-26 16:00:00",155.741483389262
"2011-02-26 17:00:00",147.022568029209
"2011-02-26 18:00:00",120.601274319153
"2011-02-26 19:00:00",97.3351108674272
"2011-02-26 20:00:00",73.8809176150073
"2011-02-26 21:00:00",57.0723816338313
"2011-02-26 22:00:00",51.1764178852408
"2011-02-26 23:00:00",44.6192999802059
"2011-02-27 00:00:00",34.5805849532899
"2011-02-27 01:00:00",30.0076605186467
"2011-02-27 02:00:00",23.7748263000233
"2011-02-27 03:00:00",11.9372414751928
"2011-02-27 04:00:00",3.21020108631351
"2011-02-27 06:00:00",4.58748793758487
"2011-02-27 07:00:00",11.9665137458768
"2011-02-27 08:00:00",31.9715592878904
"2011-02-27 09:00:00",59.7643217522417
"2011-02-27 10:00:00",99.550221536436
"2011-02-27 11:00:00",141.950889650783
"2011-02-27 12:00:00",188.493197646398
"2011-02-27 13:00:00",202.97753552998
"2011-02-27 14:00:00",195.475532174806
"2011-02-27 15:00:00",200.407222697546
"2011-02-27 16:00:00",206.718071333017
"2011-02-27 17:00:00",159.497175493249
"2011-02-27 18:00:00",125.729267227077
"2011-02-27 19:00:00",100.858905566905
"2011-02-27 20:00:00",81.1293226854734
"2011-02-27 21:00:00",58.400799093436
"2011-02-27 22:00:00",42.920994797176
"2011-02-27 23:00:00",26.3042957800088
"2011-02-28 00:00:00",13.7079828397979
"2011-02-28 01:00:00",3.17983017599771
"2011-02-28 03:00:00",1.0443068404474
"2011-02-28 05:00:00",8.35171426204599
"2011-02-28 06:00:00",34.1114389232379
"2011-02-28 07:00:00",100.756210777916
"2011-02-28 08:00:00",157.183667723587
"2011-02-28 09:00:00",115.868279320896
"2011-02-28 10:00:00",69.3720494570026
"2011-02-28 11:00:00",90.9383482110877
"2011-02-28 12:00:00",115.375458395074
"2011-02-28 13:00:00",53.6313229387746
"2011-02-28 14:00:00",44.1166648079545
"2011-02-28 15:00:00",47.5427874965861
"2011-02-28 16:00:00",71.3455474833475
"2011-02-28 17:00:00",115.659508324033
"2011-02-28 18:00:00",129.710266113933
"2011-02-28 19:00:00",81.2053762928732
"2011-02-28 20:00:00",57.0857915863927
"2011-02-28 21:00:00",64.9018261220833
"2011-02-28 22:00:00",24.3547663832692
"2011-02-28 23:00:00",22.6991106490889
"2011-03-20 00:00:00",40.9086718957847
"2011-03-20 01:00:00",33.4031560565341
"2011-03-20 02:00:00",25.4501022743504
"2011-03-20 03:00:00",12.1125764383846
"2011-03-20 04:00:00",3.31514683756182
"2011-03-20 05:00:00",3.11605175816339
"2011-03-20 06:00:00",4.52193930767652
"2011-03-20 07:00:00",11.8136489582685
"2011-03-20 08:00:00",32.440110145624
"2011-03-20 09:00:00",63.7155146105786
"2011-03-20 10:00:00",104.500243379844
"2011-03-20 11:00:00",142.072657912046
"2011-03-20 12:00:00",175.872456779697
"2011-03-20 13:00:00",190.262884182127
"2011-03-20 14:00:00",191.037336762432
"2011-03-20 15:00:00",183.042851524592
"2011-03-20 16:00:00",197.5591401313
"2011-03-20 17:00:00",154.349247656557
"2011-03-20 18:00:00",117.14965417699
"2011-03-20 19:00:00",89.6476614164006
"2011-03-20 20:00:00",70.717566949156
"2011-03-20 21:00:00",47.643575732037
"2011-03-20 22:00:00",37.120230220659
"2011-03-20 23:00:00",14.2730959533131
"2011-03-21 00:00:00",10.2223811505647
"2011-03-21 01:00:00",7.43593405733135
"2011-03-21 02:00:00",4.45776440039879
"2011-03-21 03:00:00",2.45061900349065
"2011-03-21 05:00:00",11.4054801565104
"2011-03-21 06:00:00",27.4243275690625
"2011-03-21 07:00:00",69.8028617758563
"2011-03-21 08:00:00",197.938057615173
"2011-03-21 09:00:00",125.212714171596
"2011-03-21 10:00:00",77.5075807876558
"2011-03-21 11:00:00",99.0370103686115
"2011-03-21 12:00:00",130.575433119072
"2011-03-21 13:00:00",143.850124955118
"2011-03-21 14:00:00",139.310637045257
"2011-03-21 15:00:00",156.371068601953
"2011-03-21 16:00:00",209.552188095258
"2011-03-21 17:00:00",374.377747567258
"2011-03-21 18:00:00",345.970548595086
"2011-03-21 19:00:00",293.155207291478
"2011-03-21 20:00:00",213.222008811191
"2011-03-21 21:00:00",120.51184397269
"2011-03-21 22:00:00",82.3054119273882
"2011-03-21 23:00:00",49.3443888410433
"2011-03-22 00:00:00",19.5091117731732
"2011-03-22 01:00:00",7.94353584601197
"2011-03-22 02:00:00",4.18194910385633
"2011-03-22 03:00:00",2.79373804133136
"2011-03-22 04:00:00",3.45178705330949
"2011-03-22 05:00:00",15.3709796677479
"2011-03-22 06:00:00",75.360151492704
"2011-03-22 07:00:00",204.768344387698
"2011-03-22 08:00:00",324.459589441908
"2011-03-22 09:00:00",148.760347841244
"2011-03-22 10:00:00",93.8158700587454
"2011-03-22 11:00:00",102.87404372227
"2011-03-22 12:00:00",134.061268392515
"2011-03-22 13:00:00",150.607474232564
"2011-03-22 14:00:00",130.435796152151
"2011-03-22 15:00:00",145.71226227255
"2011-03-22 16:00:00",238.768898810672
"2011-03-22 17:00:00",473.029712117887
"2011-03-22 18:00:00",440.187930295519
"2011-03-22 19:00:00",236.113077687076
"2011-03-22 20:00:00",161.368737784173
"2011-03-22 21:00:00",118.601030313916
"2011-03-22 22:00:00",80.7753572346523
"2011-03-22 23:00:00",48.0160028366522
"2011-03-23 00:00:00",10.9503751950525
"2011-03-23 01:00:00",4.40876729961627
"2011-03-23 02:00:00",1.96470627222103
"2011-03-23 03:00:00",2.54430389499682
"2011-03-23 05:00:00",7.77859326022061
"2011-03-23 06:00:00",60.82091911538
"2011-03-23 07:00:00",160.347221845685
"2011-03-23 08:00:00",279.98507548226
"2011-03-23 09:00:00",137.152683517512
"2011-03-23 10:00:00",71.746091673127
"2011-03-23 11:00:00",75.6680983154081
"2011-03-23 12:00:00",95.8590873626709
"2011-03-23 13:00:00",54.4591524982783
"2011-03-23 14:00:00",86.8410166283046
"2011-03-23 15:00:00",96.4084204228852
"2011-03-23 16:00:00",144.131605568777
"2011-03-23 17:00:00",283.007776133889
"2011-03-23 18:00:00",166.283485536243
"2011-03-23 19:00:00",116.747224799863
"2011-03-23 20:00:00",71.3813401806571
"2011-03-23 21:00:00",50.1793730568715
"2011-03-23 22:00:00",70.2575331453605
"2011-03-23 23:00:00",26.3381016912733
"2011-03-24 00:00:00",18.6964140201721
"2011-03-24 01:00:00",7.32720156074724
"2011-03-24 02:00:00",3.91070127446862
"2011-03-24 03:00:00",2.19391347883698
"2011-03-24 04:00:00",2.34545930875965
"2011-03-24 05:00:00",12.8220584557888
"2011-03-24 06:00:00",59.0514621878522
"2011-03-24 07:00:00",95.7100211414553
"2011-03-24 08:00:00",150.496444195137
"2011-03-24 09:00:00",120.441680211938
"2011-03-24 10:00:00",57.7526565767573
"2011-03-24 11:00:00",74.0837158284193
"2011-03-24 12:00:00",90.1534506944029
"2011-03-24 13:00:00",93.5068807299061
"2011-03-24 14:00:00",80.7236234052714
"2011-03-24 15:00:00",83.1985892024508
"2011-03-24 16:00:00",128.234886023495
"2011-03-24 17:00:00",248.288464600114
"2011-03-24 18:00:00",230.584025558465
"2011-03-24 19:00:00",174.5111193309
"2011-03-24 20:00:00",132.226756032147
"2011-03-24 21:00:00",99.3503165658962
"2011-03-24 22:00:00",76.5416362390569
"2011-03-24 23:00:00",47.5925306153923
"2011-03-25 00:00:00",26.018840922986
"2011-03-25 01:00:00",11.4308747847831
"2011-03-25 02:00:00",5.64972488049725
"2011-03-25 03:00:00",2.80613281759882
"2011-03-25 04:00:00",2.46054796289058
"2011-03-25 05:00:00",11.4840358070281
"2011-03-25 06:00:00",45.1475508849367
"2011-03-25 07:00:00",126.269500512938
"2011-03-25 08:00:00",243.498882218401
"2011-03-25 09:00:00",137.736661317757
"2011-03-25 10:00:00",88.198594270264
"2011-03-25 11:00:00",103.18493752984
"2011-03-25 12:00:00",133.934533525273
"2011-03-25 13:00:00",135.261061080509
"2011-03-25 14:00:00",130.434412326989
"2011-03-25 15:00:00",125.1040641534
"2011-03-25 16:00:00",166.978058292747
"2011-03-25 17:00:00",253.524996193719
"2011-03-25 18:00:00",232.922591664237
"2011-03-25 19:00:00",149.012044893222
"2011-03-25 20:00:00",107.153491480507
"2011-03-25 21:00:00",86.6102289323785
"2011-03-25 22:00:00",71.1766289391288
"2011-03-25 23:00:00",55.0080856727381
"2011-03-26 00:00:00",44.7857124965245
"2011-03-26 01:00:00",37.9622925537104
"2011-03-26 02:00:00",26.2065968576379
"2011-03-26 03:00:00",11.3773686708176
"2011-03-26 04:00:00",3.85132225511674
"2011-03-26 05:00:00",3.72757502824977
"2011-03-26 06:00:00",8.87812516000241
"2011-03-26 07:00:00",22.4130231383917
"2011-03-26 08:00:00",59.8991548368554
"2011-03-26 09:00:00",96.9434716300416
"2011-03-26 10:00:00",139.962095716711
"2011-03-26 11:00:00",176.415625260574
"2011-03-26 12:00:00",206.388900559911
"2011-03-26 13:00:00",220.362159977876
"2011-03-26 14:00:00",234.903494996098
"2011-03-26 15:00:00",237.570735979353
"2011-03-26 16:00:00",222.193421910014
"2011-03-26 17:00:00",192.476087000338
"2011-03-26 18:00:00",153.640643185634
"2011-03-26 19:00:00",114.050383047511
"2011-03-26 20:00:00",88.7445138910205
"2011-03-26 21:00:00",72.5260350088309
"2011-03-26 22:00:00",67.6112762879914
"2011-03-26 23:00:00",56.1528698931056
"2011-03-27 00:00:00",47.6362643005684
"2011-03-27 01:00:00",37.7582437490738
"2011-03-27 02:00:00",17.0910390380276
"2011-03-27 03:00:00",8.01999069442718
"2011-03-27 04:00:00",2.2325068246672
"2011-03-27 06:00:00",2.98840789129701
"2011-03-27 07:00:00",8.06306210275577
"2011-03-27 08:00:00",37.6143633387572
"2011-03-27 09:00:00",74.9280002144051
"2011-03-27 10:00:00",108.240301434298
"2011-03-27 11:00:00",140.13899737301
"2011-03-27 12:00:00",170.39034458273
"2011-03-27 13:00:00",203.313280425517
"2011-03-27 14:00:00",207.305246035908
"2011-03-27 15:00:00",197.531563936966
"2011-03-27 16:00:00",228.038855193449
"2011-03-27 17:00:00",181.377584272543
"2011-03-27 18:00:00",144.515407108899
"2011-03-27 19:00:00",112.874297134786
"2011-03-27 20:00:00",86.4839921088434
"2011-03-27 21:00:00",64.2605157796115
"2011-03-27 22:00:00",50.7977627617309
"2011-03-27 23:00:00",32.7366287385203
"2011-03-28 00:00:00",15.3502044297322
"2011-03-28 01:00:00",6.87510273163617
"2011-03-28 02:00:00",4.08187824962207
"2011-03-28 03:00:00",2.243978709948
"2011-03-28 05:00:00",9.08768961963387
"2011-03-28 06:00:00",37.4834653256211
"2011-03-28 07:00:00",109.18436706252
"2011-03-28 08:00:00",194.725433834796
"2011-03-28 09:00:00",104.632336531305
"2011-03-28 10:00:00",70.1239631192105
"2011-03-28 11:00:00",73.9207080560501
"2011-03-28 12:00:00",103.196963484137
"2011-03-28 13:00:00",100.298033460303
"2011-03-28 14:00:00",105.901460350676
"2011-03-28 15:00:00",111.647216535087
"2011-03-28 16:00:00",170.608006314475
"2011-03-28 17:00:00",294.669892169868
"2011-03-28 18:00:00",272.819129967018
"2011-03-28 19:00:00",198.394788348511
"2011-03-28 20:00:00",148.140089123902
"2011-03-28 21:00:00",105.241015349171
"2011-03-28 22:00:00",65.8957638221756
"2011-03-28 23:00:00",35.0453008246322
"2011-03-29 00:00:00",13.4685171218924
"2011-03-29 01:00:00",5.68600849417969
"2011-03-29 02:00:00",2.81327534855805
"2011-03-29 03:00:00",1.90689964274462
"2011-03-29 04:00:00",2.50098979938015
"2011-03-29 05:00:00",11.7596614188231
"2011-03-29 06:00:00",53.7719950779193
"2011-03-29 07:00:00",146.414494861784
"2011-03-29 08:00:00",249.736620832892
"2011-03-29 09:00:00",132.227703889062
"2011-03-29 10:00:00",78.3181169855959
"2011-03-29 11:00:00",76.8051862421492
"2011-03-29 12:00:00",109.46515914662
"2011-03-29 13:00:00",107.338997069135
"2011-03-29 14:00:00",101.667350127402
"2011-03-29 15:00:00",116.505070847508
"2011-03-29 16:00:00",188.308738855041
"2011-03-29 17:00:00",397.422339994439
"2011-03-29 18:00:00",352.320432299802
"2011-03-29 19:00:00",222.586642756658
"2011-03-29 20:00:00",171.75713903313
"2011-03-29 21:00:00",121.769295683725
"2011-03-29 22:00:00",85.5200431800961
"2011-03-29 23:00:00",42.3577209339412
"2011-03-30 00:00:00",18.1331649395912
"2011-03-30 01:00:00",8.61244851200056
"2011-03-30 02:00:00",3.41769092828259
"2011-03-30 03:00:00",2.7473495229957
"2011-03-30 04:00:00",2.61932697958129
"2011-03-30 05:00:00",12.7420691645257
"2011-03-30 06:00:00",61.0697382365824
"2011-03-30 07:00:00",177.583640044467
"2011-03-30 08:00:00",297.265973554901
"2011-03-30 09:00:00",145.233236406483
"2011-03-30 10:00:00",77.0977248711054
"2011-03-30 11:00:00",78.9404285725116
"2011-03-30 12:00:00",103.942883394375
"2011-03-30 13:00:00",96.8771972040284
"2011-03-30 14:00:00",87.391846617902
"2011-03-30 15:00:00",46.9997938284614
"2011-03-30 16:00:00",67.3641916265153
"2011-03-30 17:00:00",133.025944270938
"2011-03-30 18:00:00",215.896519709889
"2011-03-30 19:00:00",151.580413645977
"2011-03-30 20:00:00",63.1365756155079
"2011-03-30 21:00:00",75.7183172948726
"2011-03-30 22:00:00",36.1534289413413
"2011-03-30 23:00:00",20.6411180740023
"2011-03-31 00:00:00",9.80849372205741
"2011-03-31 01:00:00",4.0632664228252
"2011-03-31 02:00:00",2.18966905849113
"2011-03-31 03:00:00",1.23728437939852
"2011-03-31 04:00:00",1.31006021759793
"2011-03-31 05:00:00",7.25254519595699
"2011-03-31 06:00:00",32.6048797925183
"2011-03-31 07:00:00",91.9462433123575
"2011-03-31 08:00:00",242.459338843194
"2011-03-31 09:00:00",72.563592715052
"2011-03-31 10:00:00",35.9911238979323
"2011-03-31 11:00:00",44.2915085665332
"2011-03-31 12:00:00",53.7439203852584
"2011-03-31 13:00:00",55.0682785163192
"2011-03-31 14:00:00",48.1619789145828
"2011-03-31 15:00:00",48.9244071415936
"2011-03-31 16:00:00",123.855873075243
"2011-03-31 17:00:00",241.181999455683
"2011-03-31 18:00:00",236.054801395189
"2011-03-31 19:00:00",166.755486039928
"2011-03-31 20:00:00",71.1330537651802
"2011-03-31 21:00:00",93.7656828404603
"2011-03-31 22:00:00",41.8735295312568
"2011-03-31 23:00:00",27.0265181488453
"2011-04-20 00:00:00",22.8878516436355
"2011-04-20 01:00:00",9.13125715868681
"2011-04-20 02:00:00",4.06921867128179
"2011-04-20 03:00:00",3.41323808268467
"2011-04-20 04:00:00",3.03119711676054
"2011-04-20 05:00:00",16.1228809404176
"2011-04-20 06:00:00",78.6620008180973
"2011-04-20 07:00:00",234.915985065054
"2011-04-20 08:00:00",473.207866117346
"2011-04-20 09:00:00",262.460623801841
"2011-04-20 10:00:00",134.234665202062
"2011-04-20 11:00:00",138.774374747909
"2011-04-20 12:00:00",182.043931589923
"2011-04-20 13:00:00",165.157010697936
"2011-04-20 14:00:00",153.659889583312
"2011-04-20 15:00:00",161.841398635029
"2011-04-20 16:00:00",229.948144259022
"2011-04-20 17:00:00",443.112331208082
"2011-04-20 18:00:00",526.917614186472
"2011-04-20 19:00:00",380.410911963253
"2011-04-20 20:00:00",288.718097562326
"2011-04-20 21:00:00",190.568287870185
"2011-04-20 22:00:00",142.028303671901
"2011-04-20 23:00:00",79.3356032995286
"2011-04-21 00:00:00",34.3822272765803
"2011-04-21 01:00:00",13.7338308738961
"2011-04-21 02:00:00",6.83329387969677
"2011-04-21 03:00:00",3.13363102060108
"2011-04-21 04:00:00",3.20922877878542
"2011-04-21 05:00:00",16.3201548640076
"2011-04-21 06:00:00",70.7432244493113
"2011-04-21 07:00:00",218.425789309228
"2011-04-21 08:00:00",331.43117236924
"2011-04-21 09:00:00",176.216730513225
"2011-04-21 10:00:00",94.1853886689218
"2011-04-21 11:00:00",118.075097557251
"2011-04-21 12:00:00",156.572062943096
"2011-04-21 13:00:00",150.827375383037
"2011-04-21 14:00:00",134.275246443415
"2011-04-21 15:00:00",150.250901499216
"2011-04-21 16:00:00",233.966195811106
"2011-04-21 17:00:00",463.884841767321
"2011-04-21 18:00:00",425.26500073675
"2011-04-21 19:00:00",273.807947538314
"2011-04-21 20:00:00",210.370979424026
"2011-04-21 21:00:00",146.406242112953
"2011-04-21 22:00:00",116.756008079479
"2011-04-21 23:00:00",71.8722530386818
"2011-04-22 00:00:00",33.616712126481
"2011-04-22 01:00:00",15.8144184471591
"2011-04-22 02:00:00",7.85406330283133
"2011-04-22 03:00:00",3.75318965468276
"2011-04-22 04:00:00",3.27814333805909
"2011-04-22 05:00:00",15.9025017464662
"2011-04-22 06:00:00",62.5180048948467
"2011-04-22 07:00:00",160.224160044669
"2011-04-22 08:00:00",291.771631564679
"2011-04-22 09:00:00",93.9971531956959
"2011-04-22 10:00:00",92.7208302763913
"2011-04-22 11:00:00",62.6656028743832
"2011-04-22 12:00:00",76.9196176727159
"2011-04-22 13:00:00",73.221112469681
"2011-04-22 14:00:00",64.9930514060559
"2011-04-22 15:00:00",71.8593273517025
"2011-04-22 16:00:00",98.9114468192725
"2011-04-22 17:00:00",149.376445718065
"2011-04-22 18:00:00",127.394826283191
"2011-04-22 19:00:00",89.9315983923704
"2011-04-22 20:00:00",62.3238574807233
"2011-04-22 21:00:00",49.5377360105648
"2011-04-22 22:00:00",45.0406072419523
"2011-04-22 23:00:00",38.0014492227364
"2011-04-23 00:00:00",48.9542317167144
"2011-04-23 01:00:00",38.0241687223867
"2011-04-23 02:00:00",17.4421722103455
"2011-04-23 03:00:00",7.94247013323012
"2011-04-23 04:00:00",2.77704537639915
"2011-04-23 05:00:00",2.78132195987408
"2011-04-23 06:00:00",10.742247081075
"2011-04-23 07:00:00",15.8582929002116
"2011-04-23 08:00:00",65.8986646327472
"2011-04-23 09:00:00",105.308240034727
"2011-04-23 10:00:00",163.672691727682
"2011-04-23 11:00:00",210.478663897371
"2011-04-23 12:00:00",270.764775874957
"2011-04-23 13:00:00",279.767324686742
"2011-04-23 14:00:00",311.299240838122
"2011-04-23 15:00:00",320.463973849974
"2011-04-23 16:00:00",307.242141122657
"2011-04-23 17:00:00",278.986875243447
"2011-04-23 18:00:00",240.116848268216
"2011-04-23 19:00:00",194.205376236439
"2011-04-23 20:00:00",133.705761187182
"2011-04-23 21:00:00",115.522562575437
"2011-04-23 22:00:00",108.707752648306
"2011-04-23 23:00:00",91.9576681706318
"2011-04-24 00:00:00",79.7758639549357
"2011-04-24 01:00:00",65.0155278218622
"2011-04-24 02:00:00",50.5259982313633
"2011-04-24 03:00:00",25.4092727510279
"2011-04-24 04:00:00",7.1941022189676
"2011-04-24 05:00:00",6.71785089488218
"2011-04-24 06:00:00",9.07832639774739
"2011-04-24 07:00:00",24.7324221318228
"2011-04-24 08:00:00",65.0103916900565
"2011-04-24 09:00:00",127.479946407666
"2011-04-24 10:00:00",230.390609010879
"2011-04-24 11:00:00",308.086182326201
"2011-04-24 12:00:00",351.916643318931
"2011-04-24 13:00:00",355.385258091586
"2011-04-24 14:00:00",339.113669219764
"2011-04-24 15:00:00",331.144254916296
"2011-04-24 16:00:00",335.770949540027
"2011-04-24 17:00:00",289.699569635037
"2011-04-24 18:00:00",242.680655805796
"2011-04-24 19:00:00",93.9178725477822
"2011-04-24 20:00:00",74.4615082084424
"2011-04-24 21:00:00",54.9315013525669
"2011-04-24 22:00:00",42.5677321239255
"2011-04-24 23:00:00",28.4414506937438
"2011-04-25 00:00:00",14.7238416795458
"2011-04-25 01:00:00",11.7631484579095
"2011-04-25 02:00:00",6.91699967283474
"2011-04-25 03:00:00",3.28720242474196
"2011-04-25 04:00:00",4.37892995731083
"2011-04-25 05:00:00",14.2545078749065
"2011-04-25 06:00:00",64.0935158119098
"2011-04-25 07:00:00",180.867178528483
"2011-04-25 08:00:00",370.766867746039
"2011-04-25 09:00:00",218.476252047405
"2011-04-25 10:00:00",130.772778008942
"2011-04-25 11:00:00",148.415352053263
"2011-04-25 12:00:00",186.982100633258
"2011-04-25 13:00:00",186.348808359093
"2011-04-25 14:00:00",178.69873386753
"2011-04-25 15:00:00",193.856304994607
"2011-04-25 16:00:00",263.325378715571
"2011-04-25 17:00:00",475.003951309455
"2011-04-25 18:00:00",443.615957761315
"2011-04-25 19:00:00",325.134417363585
"2011-04-25 20:00:00",227.85055658584
"2011-04-25 21:00:00",156.004320964784
"2011-04-25 22:00:00",101.188002393142
"2011-04-25 23:00:00",56.2424786989449
"2011-04-26 00:00:00",24.6258711377398
"2011-04-26 01:00:00",10.6516394451039
"2011-04-26 02:00:00",4.7437351114517
"2011-04-26 03:00:00",3.13480308243034
"2011-04-26 04:00:00",4.54000008578006
"2011-04-26 05:00:00",20.1831754089857
"2011-04-26 06:00:00",96.8455166943645
"2011-04-26 07:00:00",272.513237033553
"2011-04-26 08:00:00",443.134561013665
"2011-04-26 09:00:00",228.048090592456
"2011-04-26 10:00:00",127.443535193342
"2011-04-26 11:00:00",129.297036552565
"2011-04-26 12:00:00",157.692343566166
"2011-04-26 13:00:00",165.875379257704
"2011-04-26 14:00:00",149.096979322267
"2011-04-26 15:00:00",157.887957876918
"2011-04-26 16:00:00",250.071998645425
"2011-04-26 17:00:00",493.077443011484
"2011-04-26 18:00:00",455.094025210424
"2011-04-26 19:00:00",302.535164807532
"2011-04-26 20:00:00",218.043978189916
"2011-04-26 21:00:00",161.884129822885
"2011-04-26 22:00:00",104.310528032716
"2011-04-26 23:00:00",61.4093546132992
"2011-04-27 00:00:00",27.8696094726771
"2011-04-27 01:00:00",11.6740869661708
"2011-04-27 02:00:00",5.02217028223691
"2011-04-27 03:00:00",3.60778452600496
"2011-04-27 04:00:00",3.73281271592101
"2011-04-27 05:00:00",18.2339252633478
"2011-04-27 06:00:00",93.2495087718072
"2011-04-27 07:00:00",239.946199765564
"2011-04-27 08:00:00",405.738937146815
"2011-04-27 09:00:00",198.432880692524
"2011-04-27 10:00:00",108.642793223977
"2011-04-27 11:00:00",115.792995814306
"2011-04-27 12:00:00",161.067035413237
"2011-04-27 13:00:00",146.645165410382
"2011-04-27 14:00:00",139.785164802558
"2011-04-27 15:00:00",149.69400013303
"2011-04-27 16:00:00",214.813812775174
"2011-04-27 17:00:00",220.603859720744
"2011-04-27 18:00:00",226.373641375701
"2011-04-27 19:00:00",298.025827794215
"2011-04-27 20:00:00",211.273879346119
"2011-04-27 21:00:00",149.641210697693
"2011-04-27 22:00:00",104.557108975153
"2011-04-27 23:00:00",60.2751108500413
"2011-04-28 00:00:00",32.40923529348
"2011-04-28 01:00:00",11.6484125875153
"2011-04-28 02:00:00",6.15718953142528
"2011-04-28 03:00:00",3.69231270554032
"2011-04-28 04:00:00",3.79213187003256
"2011-04-28 05:00:00",20.9933920647309
"2011-04-28 06:00:00",97.2997104990961
"2011-04-28 07:00:00",271.745403860521
"2011-04-28 08:00:00",440.425268394582
"2011-04-28 09:00:00",124.34673899435
"2011-04-28 10:00:00",102.867088625316
"2011-04-28 11:00:00",122.122990623392
"2011-04-28 12:00:00",152.680134424555
"2011-04-28 13:00:00",141.794318726125
"2011-04-28 14:00:00",135.987330021392
"2011-04-28 15:00:00",155.703339845517
"2011-04-28 16:00:00",228.920011359457
"2011-04-28 17:00:00",496.295435728347
"2011-04-28 18:00:00",467.340499794748
"2011-04-28 19:00:00",336.671957123222
"2011-04-28 20:00:00",253.740803233201
"2011-04-28 21:00:00",194.008317743494
"2011-04-28 22:00:00",141.37401259929
"2011-04-28 23:00:00",96.633414017737
"2011-04-29 00:00:00",47.8097742344692
"2011-04-29 01:00:00",22.7750145302329
"2011-04-29 02:00:00",10.0852880106643
"2011-04-29 03:00:00",4.89315679764185
"2011-04-29 04:00:00",4.47701265657205
"2011-04-29 05:00:00",21.5248337238932
"2011-04-29 06:00:00",89.3095880283285
"2011-04-29 07:00:00",270.255577305655
"2011-04-29 08:00:00",492.151850289374
"2011-04-29 09:00:00",265.069437446731
"2011-04-29 10:00:00",153.83178772869
"2011-04-29 11:00:00",194.458898566209
"2011-04-29 12:00:00",221.780274490082
"2011-04-29 13:00:00",217.770713705541
"2011-04-29 14:00:00",207.545896236027
"2011-04-29 15:00:00",192.864670343792
"2011-04-29 16:00:00",245.95585835489
"2011-04-29 17:00:00",380.197211542165
"2011-04-29 18:00:00",355.657203243316
"2011-04-29 19:00:00",222.643263553332
"2011-04-29 20:00:00",167.704998319074
"2011-04-29 21:00:00",131.841730557507
"2011-04-29 22:00:00",109.530230980138
"2011-04-29 23:00:00",85.8989534434485
"2011-04-30 00:00:00",66.3202267788813
"2011-04-30 01:00:00",53.0260863160303
"2011-04-30 02:00:00",38.4704225960791
"2011-04-30 03:00:00",16.7255804768536
"2011-04-30 04:00:00",5.42381290361021
"2011-04-30 05:00:00",5.64860110453617
"2011-04-30 06:00:00",13.7579008161021
"2011-04-30 07:00:00",32.5431877155026
"2011-04-30 08:00:00",84.0482339214724
"2011-04-30 09:00:00",139.707457172984
"2011-04-30 10:00:00",212.76343383102
"2011-04-30 11:00:00",269.383458808009
"2011-04-30 12:00:00",310.88549350935
"2011-04-30 13:00:00",342.056880001222
"2011-04-30 14:00:00",353.614598094466
"2011-04-30 15:00:00",378.827343919015
"2011-04-30 16:00:00",354.383834860429
"2011-04-30 17:00:00",316.770566042201
"2011-04-30 18:00:00",262.744192021949
"2011-04-30 19:00:00",227.366756582265
"2011-04-30 20:00:00",139.791968229387
"2011-04-30 21:00:00",117.187101429265
"2011-04-30 22:00:00",104.823643192455
"2011-04-30 23:00:00",93.1750260971308
"2011-05-20 00:00:00",39.2881032425541
"2011-05-20 01:00:00",18.8103473938506
"2011-05-20 02:00:00",8.92056027029463
"2011-05-20 03:00:00",4.38819963492801
"2011-05-20 04:00:00",3.93237064731255
"2011-05-20 05:00:00",18.6213522096745
"2011-05-20 06:00:00",78.3275330304464
"2011-05-20 07:00:00",237.346877415693
"2011-05-20 08:00:00",492.34518637131
"2011-05-20 09:00:00",249.043193623607
"2011-05-20 10:00:00",145.606113346888
"2011-05-20 11:00:00",161.056099370342
"2011-05-20 12:00:00",200.253555370539
"2011-05-20 13:00:00",119.035925922768
"2011-05-20 14:00:00",204.049535344663
"2011-05-20 15:00:00",197.689845343658
"2011-05-20 16:00:00",272.631595753273
"2011-05-20 17:00:00",523.364940464799
"2011-05-20 18:00:00",410.640162325457
"2011-05-20 19:00:00",282.144979878118
"2011-05-20 20:00:00",193.052381678291
"2011-05-20 21:00:00",153.873662288439
"2011-05-20 22:00:00",136.523003142539
"2011-05-20 23:00:00",100.805598937062
"2011-05-21 00:00:00",82.3715999645161
"2011-05-21 01:00:00",67.2257994522208
"2011-05-21 02:00:00",48.0705722576652
"2011-05-21 03:00:00",19.6916340406228
"2011-05-21 04:00:00",6.08222268410271
"2011-05-21 05:00:00",6.15059715604114
"2011-05-21 06:00:00",16.3476329885826
"2011-05-21 07:00:00",43.1919981271446
"2011-05-21 08:00:00",107.747884032467
"2011-05-21 09:00:00",180.022949219194
"2011-05-21 10:00:00",268.294839769811
"2011-05-21 11:00:00",334.261313493285
"2011-05-21 12:00:00",401.855738600981
"2011-05-21 13:00:00",424.916971559809
"2011-05-21 14:00:00",434.375877872116
"2011-05-21 15:00:00",394.892950813406
"2011-05-21 16:00:00",343.838799130179
"2011-05-21 17:00:00",321.277211691678
"2011-05-21 18:00:00",271.222189070887
"2011-05-21 19:00:00",254.250863021992
"2011-05-21 20:00:00",190.378372630869
"2011-05-21 21:00:00",154.288562214693
"2011-05-21 22:00:00",130.580037181284
"2011-05-21 23:00:00",111.735817526075
"2011-05-22 00:00:00",82.1109790775626
"2011-05-22 01:00:00",66.8797726629477
"2011-05-22 02:00:00",52.4782417493005
"2011-05-22 03:00:00",24.8428946342789
"2011-05-22 04:00:00",7.27558698499209
"2011-05-22 05:00:00",6.56810856357953
"2011-05-22 06:00:00",10.0610846779145
"2011-05-22 07:00:00",28.6433956311066
"2011-05-22 08:00:00",79.6445085050745
"2011-05-22 09:00:00",151.504374166806
"2011-05-22 10:00:00",251.83338164549
"2011-05-22 11:00:00",319.564744668276
"2011-05-22 12:00:00",348.496748681556
"2011-05-22 13:00:00",334.267256197569
"2011-05-22 14:00:00",179.001418763257
"2011-05-22 15:00:00",310.852606882912
"2011-05-22 16:00:00",346.054266414622
"2011-05-22 17:00:00",304.955199524653
"2011-05-22 18:00:00",248.494627637116
"2011-05-22 19:00:00",197.427748569535
"2011-05-22 20:00:00",153.972969907762
"2011-05-22 21:00:00",114.001560301319
"2011-05-22 22:00:00",87.0751647576411
"2011-05-22 23:00:00",50.924217256412
"2011-05-23 00:00:00",25.2369760250815
"2011-05-23 01:00:00",12.4577045158034
"2011-05-23 02:00:00",3.98599411858812
"2011-05-23 03:00:00",2.1005299924378
"2011-05-23 04:00:00",4.57103472790438
"2011-05-23 05:00:00",16.1737351837282
"2011-05-23 06:00:00",67.2874320932577
"2011-05-23 07:00:00",191.940113210044
"2011-05-23 08:00:00",373.1144448931
"2011-05-23 09:00:00",208.177696246747
"2011-05-23 10:00:00",127.990611350974
"2011-05-23 11:00:00",144.732827679307
"2011-05-23 12:00:00",183.625683408656
"2011-05-23 13:00:00",162.758822234797
"2011-05-23 14:00:00",142.219145114225
"2011-05-23 15:00:00",157.007636589347
"2011-05-23 16:00:00",234.482087030569
"2011-05-23 17:00:00",235.655562047456
"2011-05-23 18:00:00",419.434849922837
"2011-05-23 19:00:00",312.11780666159
"2011-05-23 20:00:00",209.746518456406
"2011-05-23 21:00:00",146.492920160706
"2011-05-23 22:00:00",96.6703086890118
"2011-05-23 23:00:00",52.3514696121251
"2011-05-24 00:00:00",20.6622717028349
"2011-05-24 01:00:00",9.17085875267566
"2011-05-24 02:00:00",4.49394821237153
"2011-05-24 03:00:00",3.08929955700666
"2011-05-24 04:00:00",4.84995674896248
"2011-05-24 05:00:00",18.7705516807946
"2011-05-24 06:00:00",88.9288492885425
"2011-05-24 07:00:00",166.140151276306
"2011-05-24 08:00:00",259.528539590226
"2011-05-24 09:00:00",219.310044162852
"2011-05-24 10:00:00",133.948802922918
"2011-05-24 11:00:00",144.044323541284
"2011-05-24 12:00:00",168.155027409064
"2011-05-24 13:00:00",175.62672070768
"2011-05-24 14:00:00",154.444787248371
"2011-05-24 15:00:00",87.2903153562649
"2011-05-24 16:00:00",252.168235841465
"2011-05-24 17:00:00",535.315077744927
"2011-05-24 18:00:00",482.108454326172
"2011-05-24 19:00:00",326.117158657163
"2011-05-24 20:00:00",238.463493439449
"2011-05-24 21:00:00",174.149044362619
"2011-05-24 22:00:00",62.4070745996318
"2011-05-24 23:00:00",40.7428339693219
"2011-05-25 00:00:00",15.4604716553576
"2011-05-25 01:00:00",6.49200055408888
"2011-05-25 02:00:00",4.77527907072343
"2011-05-25 03:00:00",3.82701307934875
"2011-05-25 04:00:00",3.72320437766193
"2011-05-25 05:00:00",21.5320531339671
"2011-05-25 06:00:00",98.3334732210422
"2011-05-25 07:00:00",301.8161156466
"2011-05-25 08:00:00",517.334353375195
"2011-05-25 09:00:00",275.700348218067
"2011-05-25 10:00:00",142.507494073764
"2011-05-25 11:00:00",152.793394023723
"2011-05-25 12:00:00",188.72788954713
"2011-05-25 13:00:00",171.220945409748
"2011-05-25 14:00:00",156.706228374554
"2011-05-25 15:00:00",167.727213797836
"2011-05-25 16:00:00",240.544687595161
"2011-05-25 17:00:00",481.52885747321
"2011-05-25 18:00:00",481.242291304146
"2011-05-25 19:00:00",344.348636791114
"2011-05-25 20:00:00",247.965606371995
"2011-05-25 21:00:00",172.946723795496
"2011-05-25 22:00:00",129.351283503702
"2011-05-25 23:00:00",76.3506031352237
"2011-05-26 00:00:00",35.5872285570363
"2011-05-26 01:00:00",14.6004560532727
"2011-05-26 02:00:00",7.54484645987725
"2011-05-26 03:00:00",4.18697482863195
"2011-05-26 04:00:00",4.60783467247264
"2011-05-26 05:00:00",22.3812567957845
"2011-05-26 06:00:00",98.4103547167148
"2011-05-26 07:00:00",268.465774386538
"2011-05-26 08:00:00",472.229606339397
"2011-05-26 09:00:00",257.927687317066
"2011-05-26 10:00:00",121.541179302022
"2011-05-26 11:00:00",147.291287800199
"2011-05-26 12:00:00",172.763361953521
"2011-05-26 13:00:00",165.35351315594
"2011-05-26 14:00:00",144.615968187721
"2011-05-26 15:00:00",146.326627964573
"2011-05-26 16:00:00",219.812590477258
"2011-05-26 17:00:00",489.090380774283
"2011-05-26 18:00:00",453.929275635089
"2011-05-26 19:00:00",328.63056240783
"2011-05-26 20:00:00",261.122068077086
"2011-05-26 21:00:00",202.32792631359
"2011-05-26 22:00:00",149.307209234321
"2011-05-26 23:00:00",95.7919542449393
"2011-05-27 00:00:00",50.3143763566871
"2011-05-27 01:00:00",24.6540977618942
"2011-05-27 02:00:00",12.5442232227655
"2011-05-27 03:00:00",6.12188588866203
"2011-05-27 04:00:00",5.34887663006521
"2011-05-27 05:00:00",24.6645067513149
"2011-05-27 06:00:00",103.495095273971
"2011-05-27 07:00:00",279.166582048878
"2011-05-27 08:00:00",485.673559429901
"2011-05-27 09:00:00",275.754655971624
"2011-05-27 10:00:00",155.738512210732
"2011-05-27 11:00:00",166.679695058496
"2011-05-27 12:00:00",202.755552257482
"2011-05-27 13:00:00",226.694027635555
"2011-05-27 14:00:00",201.41486583906
"2011-05-27 15:00:00",219.11655420265
"2011-05-27 16:00:00",257.500067522883
"2011-05-27 17:00:00",459.622436873914
"2011-05-27 18:00:00",364.206825501622
"2011-05-27 19:00:00",143.502453916934
"2011-05-27 20:00:00",169.486807191694
"2011-05-27 21:00:00",149.419340417666
"2011-05-27 22:00:00",136.942580213758
"2011-05-27 23:00:00",103.505032655138
"2011-05-28 00:00:00",84.2702773191356
"2011-05-28 01:00:00",64.2031752872298
"2011-05-28 02:00:00",45.6123505606083
"2011-05-28 03:00:00",20.7047686648951
"2011-05-28 04:00:00",6.71441116716353
"2011-05-28 05:00:00",6.78989250709084
"2011-05-28 06:00:00",17.3017931768243
"2011-05-28 07:00:00",42.7019198562146
"2011-05-28 08:00:00",112.939001496873
"2011-05-28 09:00:00",176.786495918207
"2011-05-28 10:00:00",260.30937120195
"2011-05-28 11:00:00",312.377834862497
"2011-05-28 12:00:00",357.992803078904
"2011-05-28 13:00:00",362.647195373768
"2011-05-28 14:00:00",369.751192073221
"2011-05-28 15:00:00",376.092417018543
"2011-05-28 16:00:00",337.027898433802
"2011-05-28 17:00:00",313.495266172576
"2011-05-28 18:00:00",265.108989247552
"2011-05-28 19:00:00",231.723235092656
"2011-05-28 20:00:00",178.572106862778
"2011-05-28 21:00:00",139.963031175931
"2011-05-28 22:00:00",126.31932684445
"2011-05-28 23:00:00",110.32685799937
"2011-05-29 00:00:00",88.9727491503052
"2011-05-29 01:00:00",74.235717711204
"2011-05-29 02:00:00",58.8163576678931
"2011-05-29 03:00:00",29.1074886106177
"2011-05-29 04:00:00",8.17942507717442
"2011-05-29 05:00:00",7.28513330117509
"2011-05-29 06:00:00",9.98970764318801
"2011-05-29 07:00:00",26.6947729211929
"2011-05-29 08:00:00",66.4453876629969
"2011-05-29 09:00:00",119.000658783962
"2011-05-29 10:00:00",207.84828800027
"2011-05-29 11:00:00",247.305722086783
"2011-05-29 12:00:00",310.23899040473
"2011-05-29 13:00:00",333.469467058106
"2011-05-29 14:00:00",313.076756538498
"2011-05-29 15:00:00",308.573414728207
"2011-05-29 16:00:00",310.256846994801
"2011-05-29 17:00:00",280.108764380943
"2011-05-29 18:00:00",228.578529423659
"2011-05-29 19:00:00",181.604507367257
"2011-05-29 20:00:00",144.366414196538
"2011-05-29 21:00:00",112.261746798916
"2011-05-29 22:00:00",87.1980649286415
"2011-05-29 23:00:00",56.3244043954241
"2011-05-30 00:00:00",27.991923570903
"2011-05-30 01:00:00",12.7232302791743
"2011-05-30 02:00:00",7.33844696228234
"2011-05-30 03:00:00",4.03425034761113
"2011-05-30 04:00:00",5.07566765639718
"2011-05-30 05:00:00",16.6970441742239
"2011-05-30 06:00:00",71.72980477176
"2011-05-30 07:00:00",209.077312789426
"2011-05-30 08:00:00",357.580478377366
"2011-05-30 09:00:00",235.479854823481
"2011-05-30 10:00:00",132.131359909311
"2011-05-30 11:00:00",160.381287493131
"2011-05-30 12:00:00",186.643923820757
"2011-05-30 13:00:00",180.64634571098
"2011-05-30 14:00:00",166.648726400052
"2011-05-30 15:00:00",165.440185896864
"2011-05-30 16:00:00",236.162290863555
"2011-05-30 17:00:00",436.658393908877
"2011-05-30 18:00:00",430.331126523703
"2011-05-30 19:00:00",282.980582301116
"2011-05-30 20:00:00",247.377716338295
"2011-05-30 21:00:00",161.951799345338
"2011-05-30 22:00:00",108.019674235435
"2011-05-30 23:00:00",60.7085922202921
"2011-05-31 00:00:00",25.5482138646073
"2011-05-31 01:00:00",10.7611521909967
"2011-05-31 02:00:00",4.68279886191782
"2011-05-31 03:00:00",3.30436728664393
"2011-05-31 04:00:00",5.10858819546907
"2011-05-31 05:00:00",23.6349319785968
"2011-05-31 06:00:00",111.95627476319
"2011-05-31 07:00:00",322.608262578989
"2011-05-31 08:00:00",519.498163454488
"2011-05-31 09:00:00",250.125490837463
"2011-05-31 10:00:00",131.256034741416
"2011-05-31 11:00:00",133.470544781095
"2011-05-31 12:00:00",154.493273920444
"2011-05-31 13:00:00",147.947198331726
"2011-05-31 14:00:00",140.369697049255
"2011-05-31 15:00:00",143.754789709948
"2011-05-31 16:00:00",225.847633656176
"2011-05-31 17:00:00",464.096704026474
"2011-05-31 18:00:00",453.469812607634
"2011-05-31 19:00:00",337.40257489552
"2011-05-31 20:00:00",238.522428925867
"2011-05-31 21:00:00",178.409953552977
"2011-05-31 22:00:00",123.694569511763
"2011-05-31 23:00:00",72.8895862642324
"2011-06-20 00:00:00",29.7617387489548
"2011-06-20 01:00:00",13.1839791494751
"2011-06-20 02:00:00",7.7524805361324
"2011-06-20 03:00:00",2.4337690141456
"2011-06-20 04:00:00",2.88479953549346
"2011-06-20 05:00:00",10.516898408549
"2011-06-20 06:00:00",44.9036126311656
"2011-06-20 07:00:00",115.833443099566
"2011-06-20 08:00:00",203.335590582717
"2011-06-20 09:00:00",195.422488976891
"2011-06-20 10:00:00",112.853919184436
"2011-06-20 11:00:00",134.412485008679
"2011-06-20 12:00:00",179.369566882319
"2011-06-20 13:00:00",191.387405472891
"2011-06-20 14:00:00",179.397532549056
"2011-06-20 15:00:00",191.4748581243
"2011-06-20 16:00:00",275.085914041763
"2011-06-20 17:00:00",523.15965725597
"2011-06-20 18:00:00",450.58317793877
"2011-06-20 19:00:00",324.671444337112
"2011-06-20 20:00:00",224.252439600237
"2011-06-20 21:00:00",159.788371783979
"2011-06-20 22:00:00",97.0439125944431
"2011-06-20 23:00:00",58.6312666301797
"2011-06-21 00:00:00",26.0536456794049
"2011-06-21 01:00:00",6.35339149106484
"2011-06-21 02:00:00",3.08059671955468
"2011-06-21 03:00:00",2.08809592241655
"2011-06-21 04:00:00",4.66873336074421
"2011-06-21 05:00:00",21.3927125059861
"2011-06-21 06:00:00",99.4132073498901
"2011-06-21 07:00:00",281.623748118166
"2011-06-21 08:00:00",458.726445173664
"2011-06-21 09:00:00",211.342936086427
"2011-06-21 10:00:00",121.005601765817
"2011-06-21 11:00:00",135.004846731189
"2011-06-21 12:00:00",169.84072330098
"2011-06-21 13:00:00",177.710189740252
"2011-06-21 14:00:00",155.526906918193
"2011-06-21 15:00:00",165.533791257713
"2011-06-21 16:00:00",256.510038081325
"2011-06-21 17:00:00",502.338937483611
"2011-06-21 18:00:00",439.447980008042
"2011-06-21 19:00:00",304.945918096578
"2011-06-21 20:00:00",133.85727508055
"2011-06-21 21:00:00",180.730372341811
"2011-06-21 22:00:00",129.85990602778
"2011-06-21 23:00:00",79.055501584678
"2011-06-22 00:00:00",31.2233929776583
"2011-06-22 01:00:00",13.4631355658425
"2011-06-22 02:00:00",6.26606394185776
"2011-06-22 03:00:00",4.77214193382783
"2011-06-22 04:00:00",4.67328427602174
"2011-06-22 05:00:00",24.6426107494874
"2011-06-22 06:00:00",118.491195455746
"2011-06-22 07:00:00",329.490095616786
"2011-06-22 08:00:00",555.672893342704
"2011-06-22 09:00:00",263.450668499252
"2011-06-22 10:00:00",134.20917206527
"2011-06-22 11:00:00",142.823895821796
"2011-06-22 12:00:00",162.359953027071
"2011-06-22 13:00:00",143.628797110674
"2011-06-22 14:00:00",134.567467858519
"2011-06-22 15:00:00",144.612305749216
"2011-06-22 16:00:00",198.986942291951
"2011-06-22 17:00:00",405.25561840525
"2011-06-22 18:00:00",424.589921804661
"2011-06-22 19:00:00",310.178843492596
"2011-06-22 20:00:00",243.602543700208
"2011-06-22 21:00:00",169.082442115975
"2011-06-22 22:00:00",120.304539331954
"2011-06-22 23:00:00",69.3509503078036
"2011-06-23 00:00:00",35.4462997376259
"2011-06-23 01:00:00",14.9068765722354
"2011-06-23 02:00:00",8.03322327219555
"2011-06-23 03:00:00",4.26120300398572
"2011-06-23 04:00:00",4.52386792360936
"2011-06-23 05:00:00",27.3898675419991
"2011-06-23 06:00:00",126.14290701166
"2011-06-23 07:00:00",322.837584419456
"2011-06-23 08:00:00",514.25173680886
"2011-06-23 09:00:00",247.79618301749
"2011-06-23 10:00:00",123.410918613348
"2011-06-23 11:00:00",84.0335870577548
"2011-06-23 12:00:00",166.009291608533
"2011-06-23 13:00:00",163.043247868938
"2011-06-23 14:00:00",138.927348818056
"2011-06-23 15:00:00",157.24484125121
"2011-06-23 16:00:00",234.390766246308
"2011-06-23 17:00:00",434.737710318014
"2011-06-23 18:00:00",440.321447595629
"2011-06-23 19:00:00",317.120660186453
"2011-06-23 20:00:00",251.590037872255
"2011-06-23 21:00:00",195.983935515709
"2011-06-23 22:00:00",133.759314854406
"2011-06-23 23:00:00",94.1042168067872
"2011-06-24 00:00:00",51.7207601136298
"2011-06-24 01:00:00",22.9491462860508
"2011-06-24 02:00:00",11.5638319469027
"2011-06-24 03:00:00",5.82742590880529
"2011-06-24 04:00:00",5.4279265185804
"2011-06-24 05:00:00",25.0503784887032
"2011-06-24 06:00:00",102.030758167095
"2011-06-24 07:00:00",254.018808898311
"2011-06-24 08:00:00",522.777852940306
"2011-06-24 09:00:00",305.208750082574
"2011-06-24 10:00:00",168.938761928807
"2011-06-24 11:00:00",199.950449005806
"2011-06-24 12:00:00",243.767871941591
"2011-06-24 13:00:00",252.261896574338
"2011-06-24 14:00:00",220.421281283638
"2011-06-24 15:00:00",230.741832151222
"2011-06-24 16:00:00",319.307899726737
"2011-06-24 17:00:00",558.100934436218
"2011-06-24 18:00:00",469.124757658994
"2011-06-24 19:00:00",337.825031829616
"2011-06-24 20:00:00",232.453240943835
"2011-06-24 21:00:00",189.201932585681
"2011-06-24 22:00:00",179.361893146727
"2011-06-24 23:00:00",134.87464831252
"2011-06-25 00:00:00",110.766286076758
"2011-06-25 01:00:00",84.2858640752047
"2011-06-25 02:00:00",56.3061793681282
"2011-06-25 03:00:00",26.6051990463027
"2011-06-25 04:00:00",8.71145585453998
"2011-06-25 05:00:00",8.63001697878639
"2011-06-25 06:00:00",21.4091635255145
"2011-06-25 07:00:00",50.9618215488119
"2011-06-25 08:00:00",136.972442776883
"2011-06-25 09:00:00",214.471570107425
"2011-06-25 10:00:00",304.615875725059
"2011-06-25 11:00:00",392.449208732217
"2011-06-25 12:00:00",406.57854648399
"2011-06-25 13:00:00",416.066361719284
"2011-06-25 14:00:00",407.270809322767
"2011-06-25 15:00:00",449.286165067484
"2011-06-25 16:00:00",377.349844037738
"2011-06-25 17:00:00",362.381631239601
"2011-06-25 18:00:00",304.403989514041
"2011-06-25 19:00:00",257.038014090122
"2011-06-25 20:00:00",206.396344782202
"2011-06-25 21:00:00",171.884911395612
"2011-06-25 22:00:00",155.468352788516
"2011-06-25 23:00:00",119.355288256548
"2011-06-26 00:00:00",114.610896356944
"2011-06-26 01:00:00",93.4019856209007
"2011-06-26 02:00:00",70.3727069172797
"2011-06-26 03:00:00",33.2947855857252
"2011-06-26 04:00:00",9.47226698404389
"2011-06-26 05:00:00",9.10533268539634
"2011-06-26 06:00:00",13.3418671457841
"2011-06-26 07:00:00",37.4103446425103
"2011-06-26 08:00:00",87.7783852783141
"2011-06-26 09:00:00",175.082719879158
"2011-06-26 10:00:00",293.835291198658
"2011-06-26 11:00:00",358.293140569859
"2011-06-26 12:00:00",427.417399534702
"2011-06-26 13:00:00",444.790027574602
"2011-06-26 14:00:00",404.526454332655
"2011-06-26 15:00:00",418.423527101765
"2011-06-26 16:00:00",389.202153015821
"2011-06-26 17:00:00",325.68036479761
"2011-06-26 18:00:00",256.454098710308
"2011-06-26 19:00:00",206.64686377598
"2011-06-26 20:00:00",165.832949332063
"2011-06-26 21:00:00",126.017066063483
"2011-06-26 22:00:00",114.619351178185
"2011-06-26 23:00:00",71.5896703779732
"2011-06-27 00:00:00",17.3998177885193
"2011-06-27 01:00:00",12.9699546203188
"2011-06-27 02:00:00",4.63939428285215
"2011-06-27 03:00:00",2.55046852481173
"2011-06-27 04:00:00",5.04089011586237
"2011-06-27 05:00:00",18.0740842190651
"2011-06-27 06:00:00",78.2702584111378
"2011-06-27 07:00:00",224.315282005898
"2011-06-27 08:00:00",429.558795241228
"2011-06-27 09:00:00",257.618520286659
"2011-06-27 10:00:00",142.446255797767
"2011-06-27 11:00:00",166.243552025882
"2011-06-27 12:00:00",214.213601031322
"2011-06-27 13:00:00",184.679521262098
"2011-06-27 14:00:00",176.139205403242
"2011-06-27 15:00:00",196.556649852542
"2011-06-27 16:00:00",296.521659525029
"2011-06-27 17:00:00",519.621179321779
"2011-06-27 18:00:00",535.473780980265
"2011-06-27 19:00:00",350.496113388459
"2011-06-27 20:00:00",251.283756632599
"2011-06-27 21:00:00",186.19614544446
"2011-06-27 22:00:00",124.198533438734
"2011-06-27 23:00:00",71.2947746353371
"2011-06-28 00:00:00",24.3867627269986
"2011-06-28 01:00:00",12.4955252055239
"2011-06-28 02:00:00",5.63796606893414
"2011-06-28 03:00:00",3.82153687450724
"2011-06-28 04:00:00",5.77563699214873
"2011-06-28 05:00:00",26.2544659989218
"2011-06-28 06:00:00",113.174827993241
"2011-06-28 07:00:00",311.407670287946
"2011-06-28 08:00:00",519.114873462065
"2011-06-28 09:00:00",271.324335385248
"2011-06-28 10:00:00",147.510811933184
"2011-06-28 11:00:00",153.801993208218
"2011-06-28 12:00:00",165.601429249808
"2011-06-28 13:00:00",185.666342159921
"2011-06-28 14:00:00",146.774906573705
"2011-06-28 15:00:00",173.630149851864
"2011-06-28 16:00:00",240.596818474144
"2011-06-28 17:00:00",272.237505708963
"2011-06-28 18:00:00",272.407852689471
"2011-06-28 19:00:00",306.416330122913
"2011-06-28 20:00:00",270.287371936092
"2011-06-28 21:00:00",180.668400333234
"2011-06-28 22:00:00",127.306139038308
"2011-06-28 23:00:00",76.0413471501286
"2011-06-29 00:00:00",27.580892775499
"2011-06-29 01:00:00",12.730061259209
"2011-06-29 02:00:00",5.70132555131273
"2011-06-29 03:00:00",4.29833771804941
"2011-06-29 04:00:00",4.54158639992176
"2011-06-29 05:00:00",23.737451338619
"2011-06-29 06:00:00",114.425974789453
"2011-06-29 07:00:00",345.25149930348
"2011-06-29 08:00:00",597.853702243794
"2011-06-29 09:00:00",289.933766794163
"2011-06-29 10:00:00",153.443748133463
"2011-06-29 11:00:00",165.838784207534
"2011-06-29 12:00:00",210.097374354097
"2011-06-29 13:00:00",183.035455945989
"2011-06-29 14:00:00",176.663779628865
"2011-06-29 15:00:00",191.918388157305
"2011-06-29 16:00:00",251.196691654928
"2011-06-29 17:00:00",504.919622939578
"2011-06-29 18:00:00",544.02610905915
"2011-06-29 19:00:00",372.917973625549
"2011-06-29 20:00:00",279.272029572588
"2011-06-29 21:00:00",204.848523081646
"2011-06-29 22:00:00",158.642705413189
"2011-06-29 23:00:00",89.9265394596301
"2011-06-30 00:00:00",41.4604407337941
"2011-06-30 01:00:00",16.7703000753722
"2011-06-30 02:00:00",8.76182053970229
"2011-06-30 03:00:00",4.80680255695102
"2011-06-30 04:00:00",5.00657333199429
"2011-06-30 05:00:00",26.4106007134761
"2011-06-30 06:00:00",124.128209970729
"2011-06-30 07:00:00",358.532666315065
"2011-06-30 08:00:00",632.902438961979
"2011-06-30 09:00:00",307.164884446896
"2011-06-30 10:00:00",153.620613560507
"2011-06-30 11:00:00",185.7198557245
"2011-06-30 12:00:00",223.066469379115
"2011-06-30 13:00:00",214.687006439808
"2011-06-30 14:00:00",186.791264806797
"2011-06-30 15:00:00",202.846926140162
"2011-06-30 16:00:00",311.677841267542
"2011-06-30 17:00:00",573.28575012954
"2011-06-30 18:00:00",560.896715777611
"2011-06-30 19:00:00",399.615777049094
"2011-06-30 20:00:00",307.411224645005
"2011-06-30 21:00:00",240.534829570596
"2011-06-30 22:00:00",174.17570636134
"2011-06-30 23:00:00",114.62158798714
"2011-07-20 00:00:00",31.1954934064061
"2011-07-20 01:00:00",13.6474668735498
"2011-07-20 02:00:00",6.08180517232692
"2011-07-20 03:00:00",4.67668061012179
"2011-07-20 04:00:00",4.70153705714287
"2011-07-20 05:00:00",24.5824878771792
"2011-07-20 06:00:00",101.711736524068
"2011-07-20 07:00:00",283.644392380766
"2011-07-20 08:00:00",567.702124424399
"2011-07-20 09:00:00",278.90291742114
"2011-07-20 10:00:00",143.213164960857
"2011-07-20 11:00:00",142.104670031687
"2011-07-20 12:00:00",185.17125739027
"2011-07-20 13:00:00",154.406524558772
"2011-07-20 14:00:00",137.512162512766
"2011-07-20 15:00:00",157.131076891179
"2011-07-20 16:00:00",237.479399381945
"2011-07-20 17:00:00",430.077261119387
"2011-07-20 18:00:00",437.07755444373
"2011-07-20 19:00:00",310.628435281744
"2011-07-20 20:00:00",219.162961563948
"2011-07-20 21:00:00",169.075733356626
"2011-07-20 22:00:00",129.722262007515
"2011-07-20 23:00:00",74.5079535905924
"2011-07-21 00:00:00",32.2875388716256
"2011-07-21 01:00:00",12.755441937752
"2011-07-21 02:00:00",6.87382849954886
"2011-07-21 03:00:00",4.142053405554
"2011-07-21 04:00:00",4.42019107782982
"2011-07-21 05:00:00",24.2355874447692
"2011-07-21 06:00:00",111.61599992153
"2011-07-21 07:00:00",302.921247995032
"2011-07-21 08:00:00",486.592023482382
"2011-07-21 09:00:00",216.31348819246
"2011-07-21 10:00:00",106.969057665125
"2011-07-21 11:00:00",116.628857357186
"2011-07-21 12:00:00",152.239636958092
"2011-07-21 13:00:00",147.79996605294
"2011-07-21 14:00:00",124.17322169376
"2011-07-21 15:00:00",134.904990578694
"2011-07-21 16:00:00",196.094303309342
"2011-07-21 17:00:00",387.799827472826
"2011-07-21 18:00:00",379.267699584785
"2011-07-21 19:00:00",269.401012878219
"2011-07-21 20:00:00",216.370817195054
"2011-07-21 21:00:00",170.034352149756
"2011-07-21 22:00:00",134.101719783026
"2011-07-21 23:00:00",90.8684372193624
"2011-07-22 00:00:00",50.5895857751387
"2011-07-22 01:00:00",25.8191684653388
"2011-07-22 02:00:00",11.7284955777883
"2011-07-22 03:00:00",5.78461596818689
"2011-07-22 04:00:00",5.38615626727225
"2011-07-22 05:00:00",25.5655530905078
"2011-07-22 06:00:00",103.216578593926
"2011-07-22 07:00:00",262.595885587464
"2011-07-22 08:00:00",438.673271492155
"2011-07-22 09:00:00",255.632355063374
"2011-07-22 10:00:00",135.265860113636
"2011-07-22 11:00:00",160.263875678933
"2011-07-22 12:00:00",169.103186929513
"2011-07-22 13:00:00",163.409703957155
"2011-07-22 14:00:00",133.123479995913
"2011-07-22 15:00:00",153.55236834337
"2011-07-22 16:00:00",143.431438064458
"2011-07-22 17:00:00",451.289203138357
"2011-07-22 18:00:00",380.200414000364
"2011-07-22 19:00:00",270.744510300256
"2011-07-22 20:00:00",201.386874568327
"2011-07-22 21:00:00",163.147265350809
"2011-07-22 22:00:00",137.864803257808
"2011-07-22 23:00:00",115.480792640126
"2011-07-23 00:00:00",100.823333886099
"2011-07-23 01:00:00",77.5029551256259
"2011-07-23 02:00:00",59.2958802266794
"2011-07-23 03:00:00",25.3568638571445
"2011-07-23 04:00:00",8.44784453024505
"2011-07-23 05:00:00",8.55957255641867
"2011-07-23 06:00:00",21.3753220841352
"2011-07-23 07:00:00",52.3759596659545
"2011-07-23 08:00:00",118.845119807542
"2011-07-23 09:00:00",189.1984673791
"2011-07-23 10:00:00",259.849224316641
"2011-07-23 11:00:00",290.186107987694
"2011-07-23 12:00:00",314.769509061574
"2011-07-23 13:00:00",291.868322371586
"2011-07-23 14:00:00",325.060281505141
"2011-07-23 15:00:00",311.10693106544
"2011-07-23 16:00:00",276.096967454163
"2011-07-23 17:00:00",254.365784209511
"2011-07-23 18:00:00",224.158450013538
"2011-07-23 19:00:00",209.595551165599
"2011-07-23 20:00:00",173.730267558484
"2011-07-23 21:00:00",145.637455023897
"2011-07-23 22:00:00",136.300705684023
"2011-07-23 23:00:00",124.713210762059
"2011-07-24 00:00:00",101.552109038876
"2011-07-24 01:00:00",84.6218335601721
"2011-07-24 02:00:00",65.3487756930937
"2011-07-24 03:00:00",32.3403015695901
"2011-07-24 04:00:00",9.2144882406173
"2011-07-24 05:00:00",8.6460613936615
"2011-07-24 06:00:00",11.4252625862948
"2011-07-24 07:00:00",34.4142362411504
"2011-07-24 08:00:00",79.5871598208375
"2011-07-24 09:00:00",142.548727766824
"2011-07-24 10:00:00",225.925764353099
"2011-07-24 11:00:00",288.372216760052
"2011-07-24 12:00:00",316.001151524319
"2011-07-24 13:00:00",337.000199326952
"2011-07-24 14:00:00",308.179380386394
"2011-07-24 15:00:00",290.657231976029
"2011-07-24 16:00:00",290.837673897289
"2011-07-24 17:00:00",281.053502085578
"2011-07-24 18:00:00",235.597729986786
"2011-07-24 19:00:00",189.008867687919
"2011-07-24 20:00:00",154.76343671813
"2011-07-24 21:00:00",120.953287101658
"2011-07-24 22:00:00",100.976968216476
"2011-07-24 23:00:00",58.3959623932938
"2011-07-25 00:00:00",30.9355187170506
"2011-07-25 01:00:00",13.0471548591875
"2011-07-25 02:00:00",7.65307782710209
"2011-07-25 03:00:00",4.74919214392669
"2011-07-25 04:00:00",5.72541908751673
"2011-07-25 05:00:00",20.2583042242192
"2011-07-25 06:00:00",78.4027428167892
"2011-07-25 07:00:00",231.15763993204
"2011-07-25 08:00:00",399.730090090185
"2011-07-25 09:00:00",246.323247249852
"2011-07-25 10:00:00",143.183882959025
"2011-07-25 11:00:00",133.760237986857
"2011-07-25 12:00:00",169.704520439995
"2011-07-25 13:00:00",173.479244200552
"2011-07-25 14:00:00",153.48499615053
"2011-07-25 15:00:00",167.678447606476
"2011-07-25 16:00:00",251.628296857875
"2011-07-25 17:00:00",498.44150366291
"2011-07-25 18:00:00",462.295264767356
"2011-07-25 19:00:00",344.425858657233
"2011-07-25 20:00:00",236.71700924411
"2011-07-25 21:00:00",170.075232842056
"2011-07-25 22:00:00",115.47511390327
"2011-07-25 23:00:00",64.3934213001795
"2011-07-26 00:00:00",26.8389303574272
"2011-07-26 01:00:00",11.7980562412068
"2011-07-26 02:00:00",5.59330073268033
"2011-07-26 03:00:00",3.75488888085666
"2011-07-26 04:00:00",5.14887873357688
"2011-07-26 05:00:00",24.2983685115549
"2011-07-26 06:00:00",111.099793132554
"2011-07-26 07:00:00",324.908951700949
"2011-07-26 08:00:00",569.179213009541
"2011-07-26 09:00:00",290.920556513836
"2011-07-26 10:00:00",160.243657483577
"2011-07-26 11:00:00",168.903528685901
"2011-07-26 12:00:00",199.673157595792
"2011-07-26 13:00:00",181.237624893013
"2011-07-26 14:00:00",157.058238385793
"2011-07-26 15:00:00",161.349171933708
"2011-07-26 16:00:00",257.624394572353
"2011-07-26 17:00:00",498.215121246498
"2011-07-26 18:00:00",489.182618325931
"2011-07-26 19:00:00",351.680214825485
"2011-07-26 20:00:00",255.605974317708
"2011-07-26 21:00:00",194.565293422353
"2011-07-26 22:00:00",140.345736699265
"2011-07-26 23:00:00",82.9038316368404
"2011-07-27 00:00:00",31.0691507329272
"2011-07-27 01:00:00",14.5081751950525
"2011-07-27 02:00:00",6.27010207204934
"2011-07-27 03:00:00",5.17024154064384
"2011-07-27 04:00:00",5.10781667691924
"2011-07-27 05:00:00",26.534601950838
"2011-07-27 06:00:00",126.162292101645
"2011-07-27 07:00:00",350.991845526591
"2011-07-27 08:00:00",616.247208159775
"2011-07-27 09:00:00",313.091203224759
"2011-07-27 10:00:00",171.509559165135
"2011-07-27 11:00:00",175.400558515713
"2011-07-27 12:00:00",200.196516372034
"2011-07-27 13:00:00",171.294420204519
"2011-07-27 14:00:00",167.333730629918
"2011-07-27 15:00:00",177.207331512481
"2011-07-27 16:00:00",260.792916550313
"2011-07-27 17:00:00",519.803642000885
"2011-07-27 18:00:00",566.735957028406
"2011-07-27 19:00:00",408.663717870696
"2011-07-27 20:00:00",271.153123904368
"2011-07-27 21:00:00",202.085848198512
"2011-07-27 22:00:00",163.751028859929
"2011-07-27 23:00:00",93.3073464685667
"2011-07-28 00:00:00",42.0368844292483
"2011-07-28 01:00:00",17.9582088557452
"2011-07-28 02:00:00",9.21804092371627
"2011-07-28 03:00:00",5.44016257210331
"2011-07-28 04:00:00",5.45749090743251
"2011-07-28 05:00:00",29.3579421198006
"2011-07-28 06:00:00",132.660599080015
"2011-07-28 07:00:00",357.614362474583
"2011-07-28 08:00:00",581.17766268426
"2011-07-28 09:00:00",272.020017538193
"2011-07-28 10:00:00",130.517231997889
"2011-07-28 11:00:00",140.535946813969
"2011-07-28 12:00:00",175.331550259287
"2011-07-28 13:00:00",167.219686999694
"2011-07-28 14:00:00",137.73871851307
"2011-07-28 15:00:00",156.772017713912
"2011-07-28 16:00:00",244.782323438929
"2011-07-28 17:00:00",475.926837509732
"2011-07-28 18:00:00",435.882621891873
"2011-07-28 19:00:00",317.69527470745
"2011-07-28 20:00:00",246.963035543571
"2011-07-28 21:00:00",187.157077123642
"2011-07-28 22:00:00",142.936450752656
"2011-07-28 23:00:00",92.8186754314367
"2011-07-29 00:00:00",50.9565702527599
"2011-07-29 01:00:00",24.3052784718853
"2011-07-29 02:00:00",12.7909849269186
"2011-07-29 03:00:00",6.11237654318471
"2011-07-29 04:00:00",5.26076221712229
"2011-07-29 05:00:00",26.1436926226693
"2011-07-29 06:00:00",95.5558319969359
"2011-07-29 07:00:00",263.875146918224
"2011-07-29 08:00:00",485.917500553283
"2011-07-29 09:00:00",267.766833185782
"2011-07-29 10:00:00",136.571972246153
"2011-07-29 11:00:00",150.628723757643
"2011-07-29 12:00:00",169.10123874931
"2011-07-29 13:00:00",197.988071293233
"2011-07-29 14:00:00",155.029888571299
"2011-07-29 15:00:00",166.51661444713
"2011-07-29 16:00:00",215.254072368403
"2011-07-29 17:00:00",361.033437915356
"2011-07-29 18:00:00",338.014878606586
"2011-07-29 19:00:00",254.74157050165
"2011-07-29 20:00:00",189.861255306187
"2011-07-29 21:00:00",171.84975668912
"2011-07-29 22:00:00",155.12518267979
"2011-07-29 23:00:00",129.809948449602
"2011-07-30 00:00:00",103.049489740008
"2011-07-30 01:00:00",82.7909291046381
"2011-07-30 02:00:00",60.9416494899294
"2011-07-30 03:00:00",26.2585832139607
"2011-07-30 04:00:00",8.51601167481304
"2011-07-30 05:00:00",8.04516453081629
"2011-07-30 06:00:00",19.8373195357386
"2011-07-30 07:00:00",49.4212999421121
"2011-07-30 08:00:00",124.815444744984
"2011-07-30 09:00:00",191.480870945944
"2011-07-30 10:00:00",274.683314456895
"2011-07-30 11:00:00",338.836325512525
"2011-07-30 12:00:00",393.922292171595
"2011-07-30 13:00:00",395.946951373002
"2011-07-30 14:00:00",378.014697647681
"2011-07-30 15:00:00",357.790597158911
"2011-07-30 16:00:00",330.742186813692
"2011-07-30 17:00:00",312.569866210791
"2011-07-30 18:00:00",276.240095182851
"2011-07-30 19:00:00",280.842346259496
"2011-07-30 20:00:00",196.399500746955
"2011-07-30 21:00:00",162.440635360514
"2011-07-30 22:00:00",149.775926398508
"2011-07-30 23:00:00",134.268649645642
"2011-07-31 00:00:00",109.332960525984
"2011-07-31 01:00:00",90.2053435720205
"2011-07-31 02:00:00",68.678436456159
"2011-07-31 03:00:00",34.9876796252204
"2011-07-31 04:00:00",9.81872551427483
"2011-07-31 05:00:00",9.21419872519302
"2011-07-31 06:00:00",13.2789698304043
"2011-07-31 07:00:00",36.8371582056283
"2011-07-31 08:00:00",88.3020439806586
"2011-07-31 09:00:00",173.7383941231
"2011-07-31 10:00:00",271.15003872235
"2011-07-31 11:00:00",331.362960891697
"2011-07-31 12:00:00",356.981333700345
"2011-07-31 13:00:00",361.513114646977
"2011-07-31 14:00:00",340.08177974724
"2011-07-31 15:00:00",315.607323725262
"2011-07-31 16:00:00",319.481589372134
"2011-07-31 17:00:00",301.829625469278
"2011-07-31 18:00:00",239.891759062589
"2011-07-31 19:00:00",191.732041276598
"2011-07-31 20:00:00",152.012141864429
"2011-07-31 21:00:00",120.525497116403
"2011-07-31 22:00:00",93.3517463326554
"2011-07-31 23:00:00",63.6653826421815
"2011-08-20 00:00:00",94.399698987732
"2011-08-20 01:00:00",75.7487148942005
"2011-08-20 02:00:00",57.1709701223534
"2011-08-20 03:00:00",25.6596403750151
"2011-08-20 04:00:00",7.26820760637441
"2011-08-20 05:00:00",8.13793680311813
"2011-08-20 06:00:00",17.6055974792086
"2011-08-20 07:00:00",49.584007272646
"2011-08-20 08:00:00",134.25549678448
"2011-08-20 09:00:00",212.055082090747
"2011-08-20 10:00:00",288.269523154526
"2011-08-20 11:00:00",364.976922371501
"2011-08-20 12:00:00",389.068845374889
"2011-08-20 13:00:00",398.534057457148
"2011-08-20 14:00:00",389.669221222962
"2011-08-20 15:00:00",403.81301098514
"2011-08-20 16:00:00",367.967678593428
"2011-08-20 17:00:00",333.285174338046
"2011-08-20 18:00:00",278.547345553833
"2011-08-20 19:00:00",244.381413604587
"2011-08-20 20:00:00",188.326836918298
"2011-08-20 21:00:00",153.30479488439
"2011-08-20 22:00:00",124.988257210062
"2011-08-20 23:00:00",124.203457114463
"2011-08-21 00:00:00",99.2025341315638
"2011-08-21 01:00:00",81.1240050103816
"2011-08-21 02:00:00",63.6572568881611
"2011-08-21 03:00:00",30.6082113244437
"2011-08-21 04:00:00",8.67307560713335
"2011-08-21 05:00:00",7.69343149155391
"2011-08-21 06:00:00",11.3275039704918
"2011-08-21 07:00:00",31.5593314981435
"2011-08-21 08:00:00",80.9207573005223
"2011-08-21 09:00:00",152.437981465713
"2011-08-21 10:00:00",243.162234370337
"2011-08-21 11:00:00",289.605578787386
"2011-08-21 12:00:00",338.873375975255
"2011-08-21 13:00:00",330.979948782714
"2011-08-21 14:00:00",172.90129925735
"2011-08-21 15:00:00",311.77335285715
"2011-08-21 16:00:00",329.398164762575
"2011-08-21 17:00:00",300.28056569846
"2011-08-21 18:00:00",237.678919564986
"2011-08-21 19:00:00",195.532710054298
"2011-08-21 20:00:00",149.477822941485
"2011-08-21 21:00:00",116.884031018994
"2011-08-21 22:00:00",85.9025726550899
"2011-08-21 23:00:00",63.5287086504633
"2011-08-22 00:00:00",32.0237473799363
"2011-08-22 01:00:00",14.6261537355896
"2011-08-22 02:00:00",8.31779708493612
"2011-08-22 03:00:00",2.75491991379415
"2011-08-22 04:00:00",6.11841063791874
"2011-08-22 05:00:00",20.4455024242049
"2011-08-22 06:00:00",90.0327082727832
"2011-08-22 07:00:00",252.475194926211
"2011-08-22 08:00:00",435.515324895149
"2011-08-22 09:00:00",260.802986776489
"2011-08-22 10:00:00",153.700838446895
"2011-08-22 11:00:00",183.803463453409
"2011-08-22 12:00:00",226.398668137103
"2011-08-22 13:00:00",214.364563389545
"2011-08-22 14:00:00",200.540863963841
"2011-08-22 15:00:00",222.470782473309
"2011-08-22 16:00:00",307.537591109261
"2011-08-22 17:00:00",563.358653523922
"2011-08-22 18:00:00",549.276324357527
"2011-08-22 19:00:00",398.57333648039
"2011-08-22 20:00:00",278.852673601695
"2011-08-22 21:00:00",193.660128391797
"2011-08-22 22:00:00",127.117712689722
"2011-08-22 23:00:00",71.8730397167106
"2011-08-23 00:00:00",29.1211358402232
"2011-08-23 01:00:00",12.2234887235354
"2011-08-23 02:00:00",5.82891646530828
"2011-08-23 03:00:00",3.83809125375417
"2011-08-23 04:00:00",5.27102690387548
"2011-08-23 05:00:00",24.1524958598089
"2011-08-23 06:00:00",110.759084526691
"2011-08-23 07:00:00",345.054483935005
"2011-08-23 08:00:00",553.259762976824
"2011-08-23 09:00:00",282.05239476744
"2011-08-23 10:00:00",176.300724583158
"2011-08-23 11:00:00",173.314990043076
"2011-08-23 12:00:00",205.575738757185
"2011-08-23 13:00:00",218.878605583932
"2011-08-23 14:00:00",195.290016324012
"2011-08-23 15:00:00",197.98620582793
"2011-08-23 16:00:00",324.509420719937
"2011-08-23 17:00:00",618.375739877009
"2011-08-23 18:00:00",604.216165403189
"2011-08-23 19:00:00",378.941254900769
"2011-08-23 20:00:00",259.059772672328
"2011-08-23 21:00:00",203.893359094057
"2011-08-23 22:00:00",138.559475752932
"2011-08-23 23:00:00",81.0443873988746
"2011-08-24 00:00:00",34.0881085530343
"2011-08-24 01:00:00",14.1331569633384
"2011-08-24 02:00:00",5.9308573320811
"2011-08-24 03:00:00",4.71741578017424
"2011-08-24 04:00:00",4.40764687729111
"2011-08-24 05:00:00",23.8382425466329
"2011-08-24 06:00:00",114.9966777349
"2011-08-24 07:00:00",329.660879848895
"2011-08-24 08:00:00",555.504659275965
"2011-08-24 09:00:00",267.974601782545
"2011-08-24 10:00:00",143.314485161996
"2011-08-24 11:00:00",149.753574898831
"2011-08-24 12:00:00",187.09599025652
"2011-08-24 13:00:00",168.69132752745
"2011-08-24 14:00:00",155.891648783891
"2011-08-24 15:00:00",169.846453666551
"2011-08-24 16:00:00",238.546441566207
"2011-08-24 17:00:00",477.528714560504
"2011-08-24 18:00:00",498.818611674017
"2011-08-24 19:00:00",350.219316149522
"2011-08-24 20:00:00",253.146713696017
"2011-08-24 21:00:00",176.76179664185
"2011-08-24 22:00:00",134.816081995034
"2011-08-24 23:00:00",78.595682931304
"2011-08-25 00:00:00",35.8033849301914
"2011-08-25 01:00:00",14.6003917714547
"2011-08-25 02:00:00",7.86806051510993
"2011-08-25 03:00:00",4.46201764577391
"2011-08-25 04:00:00",4.5972923679819
"2011-08-25 05:00:00",24.4211016908549
"2011-08-25 06:00:00",115.77431976384
"2011-08-25 07:00:00",299.122179466378
"2011-08-25 08:00:00",496.687511959676
"2011-08-25 09:00:00",237.733848653671
"2011-08-25 10:00:00",118.963037265128
"2011-08-25 11:00:00",88.6242486024894
"2011-08-25 12:00:00",107.537871597683
"2011-08-25 13:00:00",180.191366033415
"2011-08-25 14:00:00",151.151659207482
"2011-08-25 15:00:00",163.242243683917
"2011-08-25 16:00:00",256.494738716644
"2011-08-25 17:00:00",499.466940061549
"2011-08-25 18:00:00",410.671857590315
"2011-08-25 19:00:00",283.243925072436
"2011-08-25 20:00:00",235.194610196496
"2011-08-25 21:00:00",185.880749809446
"2011-08-25 22:00:00",149.342153957851
"2011-08-25 23:00:00",94.8920740766822
"2011-08-26 00:00:00",50.9802465685691
"2011-08-26 01:00:00",25.1518402109503
"2011-08-26 02:00:00",11.892176574955
"2011-08-26 03:00:00",5.66753844013268
"2011-08-26 04:00:00",5.39649856950509
"2011-08-26 05:00:00",23.4166831947078
"2011-08-26 06:00:00",102.917502131895
"2011-08-26 07:00:00",297.91481302377
"2011-08-26 08:00:00",522.145827603682
"2011-08-26 09:00:00",305.657264827585
"2011-08-26 10:00:00",168.770387886448
"2011-08-26 11:00:00",185.829243991337
"2011-08-26 12:00:00",214.960560065754
"2011-08-26 13:00:00",215.577387070404
"2011-08-26 14:00:00",215.408907002257
"2011-08-26 15:00:00",200.078362946487
"2011-08-26 16:00:00",308.111742130598
"2011-08-26 17:00:00",466.812757506963
"2011-08-26 18:00:00",377.355254562044
"2011-08-26 19:00:00",291.320510044739
"2011-08-26 20:00:00",201.261440102964
"2011-08-26 21:00:00",160.340568517043
"2011-08-26 22:00:00",148.37723932869
"2011-08-26 23:00:00",117.149272200903
"2011-08-27 00:00:00",94.9203240849353
"2011-08-27 01:00:00",72.3171490520528
"2011-08-27 02:00:00",52.9760296338619
"2011-08-27 03:00:00",21.4741948423612
"2011-08-27 04:00:00",7.03138886709504
"2011-08-27 05:00:00",6.87430286120845
"2011-08-27 06:00:00",17.0321729931124
"2011-08-27 07:00:00",40.5429459973554
"2011-08-27 08:00:00",105.214874790253
"2011-08-27 09:00:00",154.301605755941
"2011-08-27 10:00:00",216.980984463204
"2011-08-27 11:00:00",154.031404553881
"2011-08-27 12:00:00",173.521631493001
"2011-08-27 13:00:00",183.670407782592
"2011-08-27 14:00:00",170.476963040945
"2011-08-27 15:00:00",170.753037352454
"2011-08-27 16:00:00",159.799425578633
"2011-08-27 17:00:00",133.027646074017
"2011-08-28 07:00:00",16.9101287322187
"2011-08-28 08:00:00",40.8894660874338
"2011-08-28 09:00:00",144.167967863099
"2011-08-28 10:00:00",234.952489299974
"2011-08-28 11:00:00",310.818842600672
"2011-08-28 12:00:00",375.745951243341
"2011-08-28 13:00:00",381.25829055652
"2011-08-28 14:00:00",352.610524095729
"2011-08-28 15:00:00",356.027622865727
"2011-08-28 16:00:00",358.410921673792
"2011-08-28 17:00:00",339.213634777619
"2011-08-28 18:00:00",286.297845025951
"2011-08-28 19:00:00",228.798034825532
"2011-08-28 20:00:00",184.111946638686
"2011-08-28 21:00:00",131.721175043809
"2011-08-28 22:00:00",100.710187295778
"2011-08-28 23:00:00",63.8665921818246
"2011-08-29 00:00:00",32.8670097720263
"2011-08-29 01:00:00",14.6589376672007
"2011-08-29 02:00:00",8.37380016446444
"2011-08-29 03:00:00",4.73865794223217
"2011-08-29 04:00:00",5.66795584590628
"2011-08-29 05:00:00",19.7073193971072
"2011-08-29 06:00:00",83.6358579470709
"2011-08-29 07:00:00",251.937773903504
"2011-08-29 08:00:00",443.323194367169
"2011-08-29 09:00:00",253.824605773019
"2011-08-29 10:00:00",155.881811594154
"2011-08-29 11:00:00",180.361702546947
"2011-08-29 12:00:00",213.124025055869
"2011-08-29 13:00:00",218.30494587407
"2011-08-29 14:00:00",215.506103265804
"2011-08-29 15:00:00",220.228067194908
"2011-08-29 16:00:00",312.958388549859
"2011-08-29 17:00:00",484.316236445908
"2011-08-29 18:00:00",503.401505964837
"2011-08-29 19:00:00",367.435522089756
"2011-08-29 20:00:00",256.209237682759
"2011-08-29 21:00:00",181.774477843496
"2011-08-29 22:00:00",121.988242273823
"2011-08-29 23:00:00",68.9779216356107
"2011-08-30 00:00:00",25.3879396699784
"2011-08-30 01:00:00",11.4671133242492
"2011-08-30 02:00:00",5.43698604970901
"2011-08-30 03:00:00",3.58013771503735
"2011-08-30 04:00:00",4.78448087012273
"2011-08-30 05:00:00",22.6761346660901
"2011-08-30 06:00:00",109.201988984779
"2011-08-30 07:00:00",313.29958620417
"2011-08-30 08:00:00",564.692506121525
"2011-08-30 09:00:00",280.178665787223
"2011-08-30 10:00:00",162.426863308467
"2011-08-30 11:00:00",165.899957632708
"2011-08-30 12:00:00",213.547317635974
"2011-08-30 13:00:00",212.397656301561
"2011-08-30 14:00:00",186.896230686354
"2011-08-30 15:00:00",195.963928323397
"2011-08-30 16:00:00",311.756523444034
"2011-08-30 17:00:00",600.155204045842
"2011-08-30 18:00:00",578.867162448946
"2011-08-30 19:00:00",395.767418039077
"2011-08-30 20:00:00",288.010950294148
"2011-08-30 21:00:00",194.20426496253
"2011-08-30 22:00:00",142.391470839162
"2011-08-30 23:00:00",84.6430087318165
"2011-08-31 00:00:00",33.3852399471582
"2011-08-31 01:00:00",14.1199520170154
"2011-08-31 02:00:00",5.9488269216078
"2011-08-31 03:00:00",4.6496825329621
"2011-08-31 04:00:00",4.55919601262975
"2011-08-31 05:00:00",22.5974501458601
"2011-08-31 06:00:00",110.667090443059
"2011-08-31 07:00:00",321.503871006561
"2011-08-31 08:00:00",580.170783378802
"2011-08-31 09:00:00",282.584580609289
"2011-08-31 10:00:00",161.570488082592
"2011-08-31 11:00:00",167.583194560126
"2011-08-31 12:00:00",211.866898538737
"2011-08-31 13:00:00",200.140558511041
"2011-08-31 14:00:00",180.383274918327
"2011-08-31 15:00:00",198.440643864204
"2011-08-31 16:00:00",279.071878581044
"2011-08-31 17:00:00",543.463344115192
"2011-08-31 18:00:00",527.485571625235
"2011-08-31 19:00:00",326.754425302382
"2011-08-31 20:00:00",267.674073312975
"2011-08-31 21:00:00",191.862755624336
"2011-08-31 22:00:00",147.076326319546
"2011-08-31 23:00:00",77.7534945323305
"2011-09-20 00:00:00",22.9292546167269
"2011-09-20 01:00:00",9.35246189215837
"2011-09-20 02:00:00",4.62733225187234
"2011-09-20 03:00:00",3.12795133610186
"2011-09-20 04:00:00",4.6948469341742
"2011-09-20 05:00:00",19.8078849643995
"2011-09-20 06:00:00",92.0484195062968
"2011-09-20 07:00:00",257.999189656598
"2011-09-20 08:00:00",243.04102856689
"2011-09-20 09:00:00",118.648354318477
"2011-09-20 10:00:00",68.802265074581
"2011-09-20 11:00:00",68.9693761226326
"2011-09-20 12:00:00",134.216616929876
"2011-09-20 13:00:00",138.789555142792
"2011-09-20 14:00:00",125.849533439328
"2011-09-20 15:00:00",149.859487585266
"2011-09-20 16:00:00",224.117059346302
"2011-09-20 17:00:00",496.374860582924
"2011-09-20 18:00:00",480.340215295651
"2011-09-20 19:00:00",330.761239412861
"2011-09-20 20:00:00",224.593198362533
"2011-09-20 21:00:00",167.960208227598
"2011-09-20 22:00:00",119.208631857782
"2011-09-20 23:00:00",70.8622307767542
"2011-09-21 00:00:00",28.1436384110785
"2011-09-21 01:00:00",12.1422814640304
"2011-09-21 02:00:00",5.41104007769473
"2011-09-21 03:00:00",3.81278664157009
"2011-09-21 04:00:00",3.54969798852043
"2011-09-21 05:00:00",19.0133270388409
"2011-09-21 06:00:00",87.8215361094756
"2011-09-21 07:00:00",240.329471729184
"2011-09-21 08:00:00",424.431874495751
"2011-09-21 09:00:00",215.621869081066
"2011-09-21 10:00:00",121.676703993019
"2011-09-21 11:00:00",123.230533087728
"2011-09-21 12:00:00",166.47807311094
"2011-09-21 13:00:00",150.975930502844
"2011-09-21 14:00:00",138.181890978484
"2011-09-21 15:00:00",156.480265495632
"2011-09-21 16:00:00",222.330917598061
"2011-09-21 17:00:00",260.483518243474
"2011-09-21 18:00:00",255.572007973632
"2011-09-21 19:00:00",179.310543689286
"2011-09-21 20:00:00",130.376594647548
"2011-09-21 21:00:00",144.641104852216
"2011-09-21 22:00:00",119.80052218514
"2011-09-21 23:00:00",73.0967074694777
"2011-09-22 00:00:00",34.070578733687
"2011-09-22 01:00:00",12.8087960272965
"2011-09-22 02:00:00",6.8693896767203
"2011-09-22 03:00:00",3.93824987186377
"2011-09-22 04:00:00",4.21028673705081
"2011-09-22 05:00:00",22.973694547984
"2011-09-22 06:00:00",102.390291597384
"2011-09-22 07:00:00",287.344426722861
"2011-09-22 08:00:00",454.009503427113
"2011-09-22 09:00:00",219.965890975571
"2011-09-22 10:00:00",111.173710961773
"2011-09-22 11:00:00",130.601542767005
"2011-09-22 12:00:00",164.9732882871
"2011-09-22 13:00:00",157.098783028446
"2011-09-22 14:00:00",136.073926460486
"2011-09-22 15:00:00",151.484534736601
"2011-09-22 16:00:00",237.547760775073
"2011-09-22 17:00:00",459.991486484712
"2011-09-22 18:00:00",419.488480747625
"2011-09-22 19:00:00",290.32052904931
"2011-09-22 20:00:00",213.945900363281
"2011-09-22 21:00:00",172.298361877862
"2011-09-22 22:00:00",123.515303063134
"2011-09-22 23:00:00",85.2069787547788
"2011-09-23 00:00:00",51.6254352023112
"2011-09-23 01:00:00",24.2552584664539
"2011-09-23 02:00:00",11.815705920664
"2011-09-23 03:00:00",5.84046273692122
"2011-09-23 04:00:00",3.23037069795747
"2011-09-23 05:00:00",26.1528761091788
"2011-09-23 06:00:00",101.825930549041
"2011-09-23 07:00:00",171.580017315349
"2011-09-23 08:00:00",309.443269211494
"2011-09-23 09:00:00",164.252389356454
"2011-09-23 10:00:00",92.262942376287
"2011-09-23 11:00:00",107.695251358016
"2011-09-23 12:00:00",134.858371181446
"2011-09-23 13:00:00",129.180068255184
"2011-09-23 14:00:00",116.899732944906
"2011-09-23 15:00:00",130.585402295211
"2011-09-23 16:00:00",182.369456652506
"2011-09-23 17:00:00",471.938858058918
"2011-09-23 18:00:00",441.35921685678
"2011-09-23 19:00:00",308.766524289846
"2011-09-23 20:00:00",219.233635281027
"2011-09-23 21:00:00",165.784379626132
"2011-09-23 22:00:00",154.006254606768
"2011-09-23 23:00:00",109.0876067456
"2011-09-24 00:00:00",98.8109740981761
"2011-09-24 01:00:00",71.5523408718325
"2011-09-24 02:00:00",52.9235092877793
"2011-09-24 03:00:00",26.8131947845245
"2011-09-24 04:00:00",8.33447885149553
"2011-09-24 05:00:00",7.61219568307593
"2011-09-24 06:00:00",18.860419208935
"2011-09-24 07:00:00",46.740961527201
"2011-09-24 08:00:00",119.250776505366
"2011-09-24 09:00:00",188.776859155543
"2011-09-24 10:00:00",262.992978605275
"2011-09-24 11:00:00",326.03913463783
"2011-09-24 12:00:00",366.454096198034
"2011-09-24 13:00:00",436.414753932016
"2011-09-24 14:00:00",393.782312190998
"2011-09-24 15:00:00",394.420012316478
"2011-09-24 16:00:00",362.200000450786
"2011-09-24 17:00:00",372.906168836572
"2011-09-24 18:00:00",311.418753652486
"2011-09-24 19:00:00",264.976767593242
"2011-09-24 20:00:00",210.391441655328
"2011-09-24 21:00:00",171.331623531379
"2011-09-24 22:00:00",141.331589776028
"2011-09-24 23:00:00",120.540147894406
"2011-09-25 00:00:00",101.040698258103
"2011-09-25 01:00:00",82.3429721414727
"2011-09-25 02:00:00",39.3437888444666
"2011-09-25 03:00:00",19.4707549242548
"2011-09-25 04:00:00",5.2783600473539
"2011-09-25 05:00:00",9.22569761835253
"2011-09-25 06:00:00",12.2684550732372
"2011-09-25 07:00:00",32.3448966833162
"2011-09-25 08:00:00",86.2866883981938
"2011-09-25 09:00:00",164.660255575281
"2011-09-25 10:00:00",268.508823740691
"2011-09-25 11:00:00",320.475685125824
"2011-09-25 12:00:00",395.765436618226
"2011-09-25 13:00:00",398.456835480773
"2011-09-25 14:00:00",370.964085999191
"2011-09-25 15:00:00",367.394699204645
"2011-09-25 16:00:00",418.269891986164
"2011-09-25 17:00:00",371.324822346928
"2011-09-25 18:00:00",305.48664640711
"2011-09-25 19:00:00",219.520731556478
"2011-09-25 20:00:00",176.57903550007
"2011-09-25 21:00:00",130.840976700446
"2011-09-25 22:00:00",105.968005883986
"2011-09-25 23:00:00",61.2215768070741
"2011-09-26 00:00:00",32.5891049003157
"2011-09-26 01:00:00",14.3912595693439
"2011-09-26 02:00:00",8.46238896746205
"2011-09-26 03:00:00",4.69680504233361
"2011-09-26 04:00:00",5.72743025364044
"2011-09-26 05:00:00",21.3734364564374
"2011-09-26 06:00:00",86.0043816038285
"2011-09-26 07:00:00",250.684705626358
"2011-09-26 08:00:00",432.42676195979
"2011-09-26 09:00:00",235.407734915653
"2011-09-26 10:00:00",135.944873236693
"2011-09-26 11:00:00",176.09458640205
"2011-09-26 12:00:00",207.712672767749
"2011-09-26 13:00:00",200.479558096562
"2011-09-26 14:00:00",204.623709020345
"2011-09-26 15:00:00",230.157252084454
"2011-09-26 16:00:00",321.366924805489
"2011-09-26 17:00:00",560.620670082373
"2011-09-26 18:00:00",515.880639661791
"2011-09-26 19:00:00",380.033374623862
"2011-09-26 20:00:00",254.274407046748
"2011-09-26 21:00:00",182.14927607471
"2011-09-26 22:00:00",120.199848063002
"2011-09-26 23:00:00",68.9993741599274
"2011-09-27 00:00:00",28.2170947013897
"2011-09-27 01:00:00",12.2844814085843
"2011-09-27 02:00:00",6.19653588083689
"2011-09-27 03:00:00",3.96195230119486
"2011-09-27 04:00:00",3.22682045525444
"2011-09-27 05:00:00",14.9289155925164
"2011-09-27 06:00:00",113.497032108654
"2011-09-27 07:00:00",315.064762311209
"2011-09-27 08:00:00",527.131184755361
"2011-09-27 09:00:00",150.615172256673
"2011-09-27 10:00:00",81.1845631205815
"2011-09-27 11:00:00",139.877999242259
"2011-09-27 12:00:00",167.476943371332
"2011-09-27 13:00:00",178.0295455378
"2011-09-27 14:00:00",160.94072585772
"2011-09-27 15:00:00",171.47945384345
"2011-09-27 16:00:00",261.156418396433
"2011-09-27 17:00:00",503.890448701172
"2011-09-27 18:00:00",480.927970259938
"2011-09-27 19:00:00",341.40061919513
"2011-09-27 20:00:00",286.589871260024
"2011-09-27 21:00:00",207.272589455119
"2011-09-27 22:00:00",140.175829153385
"2011-09-27 23:00:00",83.3259454452968
"2011-09-28 00:00:00",35.4999660954112
"2011-09-28 01:00:00",15.0143542076159
"2011-09-28 02:00:00",6.16373776817793
"2011-09-28 03:00:00",4.60670685088033
"2011-09-28 04:00:00",5.12795307811435
"2011-09-28 05:00:00",24.7124840382932
"2011-09-28 06:00:00",66.4822584273786
"2011-09-28 07:00:00",181.933119768
"2011-09-28 08:00:00",309.626830299829
"2011-09-28 09:00:00",153.408555647515
"2011-09-28 10:00:00",137.581860684803
"2011-09-28 11:00:00",145.869647843318
"2011-09-28 12:00:00",196.735826697529
"2011-09-28 13:00:00",184.069750621661
"2011-09-28 14:00:00",179.216690067349
"2011-09-28 15:00:00",198.244709584476
"2011-09-28 16:00:00",276.283206476774
"2011-09-28 17:00:00",537.270387972559
"2011-09-28 18:00:00",285.581937764041
"2011-09-28 19:00:00",200.506373675045
"2011-09-28 20:00:00",139.746242158013
"2011-09-28 21:00:00",100.001568501166
"2011-09-28 22:00:00",147.7756897934
"2011-09-28 23:00:00",82.8391853891855
"2011-09-29 00:00:00",37.8730350796737
"2011-09-29 01:00:00",13.8454565869326
"2011-09-29 02:00:00",7.46123062932437
"2011-09-29 03:00:00",4.35672881503795
"2011-09-29 04:00:00",4.76680320491828
"2011-09-29 05:00:00",26.9038115786609
"2011-09-29 06:00:00",124.503068415613
"2011-09-29 07:00:00",374.019419854439
"2011-09-29 08:00:00",641.495742126338
"2011-09-29 09:00:00",288.809203630507
"2011-09-29 10:00:00",155.874832862717
"2011-09-29 11:00:00",181.994079461916
"2011-09-29 12:00:00",228.060983574617
"2011-09-29 13:00:00",215.184754560179
"2011-09-29 14:00:00",193.164261708487
"2011-09-29 15:00:00",206.621890235365
"2011-09-29 16:00:00",322.528215642975
"2011-09-29 17:00:00",618.373864829466
"2011-09-29 18:00:00",604.682183381835
"2011-09-29 19:00:00",422.953682331808
"2011-09-29 20:00:00",315.493015550487
"2011-09-29 21:00:00",242.340487302196
"2011-09-29 22:00:00",171.25195428214
"2011-09-29 23:00:00",99.658070424643
"2011-09-30 00:00:00",53.3083777550793
"2011-09-30 01:00:00",25.7844283398064
"2011-09-30 02:00:00",12.6890874056142
"2011-09-30 03:00:00",6.06368318433953
"2011-09-30 04:00:00",5.35597911608261
"2011-09-30 05:00:00",25.4852549587594
"2011-09-30 06:00:00",101.161513595399
"2011-09-30 07:00:00",284.298786344241
"2011-09-30 08:00:00",552.665337725649
"2011-09-30 09:00:00",306.339419648031
"2011-09-30 10:00:00",195.682331691462
"2011-09-30 11:00:00",235.38661304407
"2011-09-30 12:00:00",253.646161543395
"2011-09-30 13:00:00",252.90356915974
"2011-09-30 14:00:00",228.387818440735
"2011-09-30 15:00:00",269.482409653465
"2011-09-30 16:00:00",360.880244980773
"2011-09-30 17:00:00",593.70643262537
"2011-09-30 18:00:00",467.69541870722
"2011-09-30 19:00:00",316.689216198088
"2011-09-30 20:00:00",217.735604048029
"2011-09-30 21:00:00",175.554889755502
"2011-09-30 22:00:00",152.569314532085
"2011-09-30 23:00:00",121.782253835426
"2011-10-20 00:00:00",35.4224052767036
"2011-10-20 01:00:00",14.5571564334568
"2011-10-20 02:00:00",7.62064269021842
"2011-10-20 03:00:00",4.08462777929244
"2011-10-20 04:00:00",4.36677578226027
"2011-10-20 05:00:00",24.006507586529
"2011-10-20 06:00:00",101.307316860857
"2011-10-20 07:00:00",271.906500809373
"2011-10-20 08:00:00",454.637857402154
"2011-10-20 09:00:00",210.770405864637
"2011-10-20 10:00:00",115.746189080159
"2011-10-20 11:00:00",137.975878112193
"2011-10-20 12:00:00",170.702735889654
"2011-10-20 13:00:00",168.596924711403
"2011-10-20 14:00:00",129.647963967685
"2011-10-20 15:00:00",142.46594265462
"2011-10-20 16:00:00",216.240318748988
"2011-10-20 17:00:00",432.877043123308
"2011-10-20 18:00:00",400.30258822133
"2011-10-20 19:00:00",304.162086671087
"2011-10-20 20:00:00",215.442836389667
"2011-10-20 21:00:00",176.720459960004
"2011-10-20 22:00:00",132.259594850648
"2011-10-20 23:00:00",83.6613102613803
"2011-10-21 00:00:00",43.3690539810952
"2011-10-21 01:00:00",20.6855137576526
"2011-10-21 02:00:00",10.1112264831509
"2011-10-21 03:00:00",4.6378921613076
"2011-10-21 04:00:00",4.17634506734575
"2011-10-21 05:00:00",18.7356714857112
"2011-10-21 06:00:00",79.6477561952735
"2011-10-21 07:00:00",223.837698909123
"2011-10-21 08:00:00",442.014011080127
"2011-10-21 09:00:00",234.987429521725
"2011-10-21 10:00:00",156.621599847979
"2011-10-21 11:00:00",196.852817185875
"2011-10-21 12:00:00",234.861397312214
"2011-10-21 13:00:00",219.144263097354
"2011-10-21 14:00:00",219.345286754041
"2011-10-21 15:00:00",228.518676785243
"2011-10-21 16:00:00",311.528963223642
"2011-10-21 17:00:00",421.659048792106
"2011-10-21 18:00:00",342.832644775424
"2011-10-21 19:00:00",231.718384837284
"2011-10-21 20:00:00",168.00629079537
"2011-10-21 21:00:00",145.753912848
"2011-10-21 22:00:00",133.483720566957
"2011-10-21 23:00:00",98.5120530541408
"2011-10-22 00:00:00",80.9847141468886
"2011-10-22 01:00:00",62.903171527134
"2011-10-22 02:00:00",45.6362473530491
"2011-10-22 03:00:00",21.2892194503142
"2011-10-22 04:00:00",6.72943910593297
"2011-10-22 05:00:00",6.93801585820915
"2011-10-22 06:00:00",16.3413018980476
"2011-10-22 07:00:00",38.0171102941438
"2011-10-22 08:00:00",107.987168622285
"2011-10-22 09:00:00",170.307763748732
"2011-10-22 10:00:00",226.637079804678
"2011-10-22 11:00:00",271.970232812017
"2011-10-22 12:00:00",356.46910653886
"2011-10-22 13:00:00",416.52174678083
"2011-10-22 14:00:00",340.44347464577
"2011-10-22 15:00:00",370.827860207756
"2011-10-22 16:00:00",366.484891374318
"2011-10-22 17:00:00",310.335194219308
"2011-10-22 18:00:00",259.36973774662
"2011-10-22 19:00:00",223.921173798678
"2011-10-22 20:00:00",167.548982822438
"2011-10-22 21:00:00",132.435744786626
"2011-10-22 22:00:00",118.749311113068
"2011-10-22 23:00:00",100.315351937906
"2011-10-23 00:00:00",77.8777454164585
"2011-10-23 01:00:00",65.6485352750632
"2011-10-23 02:00:00",47.6725980905809
"2011-10-23 03:00:00",24.2864234388894
"2011-10-23 04:00:00",6.87619100571989
"2011-10-23 05:00:00",6.17537459055067
"2011-10-23 06:00:00",8.74787621530308
"2011-10-23 07:00:00",24.8997626132287
"2011-10-23 08:00:00",62.8974470991696
"2011-10-23 09:00:00",134.319005021208
"2011-10-23 10:00:00",223.656571320886
"2011-10-23 11:00:00",284.818770579536
"2011-10-23 12:00:00",363.873595033396
"2011-10-23 13:00:00",383.142300720797
"2011-10-23 14:00:00",360.428737565498
"2011-10-23 15:00:00",367.360403496767
"2011-10-23 16:00:00",360.653944509445
"2011-10-23 17:00:00",313.446982843975
"2011-10-23 18:00:00",260.36884738607
"2011-10-23 19:00:00",190.319803179615
"2011-10-23 20:00:00",143.136439381216
"2011-10-23 21:00:00",111.925392619156
"2011-10-23 22:00:00",83.8091832673231
"2011-10-23 23:00:00",53.6160346616267
"2011-10-24 00:00:00",29.0971208166033
"2011-10-24 01:00:00",11.8295676951598
"2011-10-24 02:00:00",6.95190460652095
"2011-10-24 03:00:00",3.87973223252003
"2011-10-24 04:00:00",5.01343388882348
"2011-10-24 05:00:00",16.908688040769
"2011-10-24 06:00:00",72.0391641606545
"2011-10-24 07:00:00",176.808231508702
"2011-10-24 08:00:00",325.789834719644
"2011-10-24 09:00:00",192.910185010538
"2011-10-24 10:00:00",112.070658520611
"2011-10-24 11:00:00",143.809020404876
"2011-10-24 12:00:00",194.224827148115
"2011-10-24 13:00:00",184.262863288553
"2011-10-24 14:00:00",169.905597426241
"2011-10-24 15:00:00",211.155930720393
"2011-10-24 16:00:00",285.71945097894
"2011-10-24 17:00:00",494.150462020066
"2011-10-24 18:00:00",512.222628834844
"2011-10-24 19:00:00",182.071022408267
"2011-10-24 20:00:00",223.054376518705
"2011-10-24 21:00:00",152.582210625758
"2011-10-24 22:00:00",108.498544670905
"2011-10-24 23:00:00",61.32523739545
"2011-10-25 00:00:00",23.8486622934887
"2011-10-25 01:00:00",10.4835720078637
"2011-10-25 02:00:00",4.94155416072408
"2011-10-25 03:00:00",3.33465316029003
"2011-10-25 04:00:00",4.23772039473983
"2011-10-25 05:00:00",19.605853797889
"2011-10-25 06:00:00",92.8545083279038
"2011-10-25 07:00:00",263.480337629638
"2011-10-25 08:00:00",497.10824593924
"2011-10-25 09:00:00",251.7719103339
"2011-10-25 10:00:00",142.623210274352
"2011-10-25 11:00:00",147.944724862469
"2011-10-25 12:00:00",185.811095499988
"2011-10-25 13:00:00",195.812742348647
"2011-10-25 14:00:00",179.700676037473
"2011-10-25 15:00:00",205.819188433175
"2011-10-25 16:00:00",315.223527426138
"2011-10-25 17:00:00",642.8407090081
"2011-10-25 18:00:00",573.23233914817
"2011-10-25 19:00:00",332.579952122827
"2011-10-25 20:00:00",233.488372941857
"2011-10-25 21:00:00",164.552970451653
"2011-10-25 22:00:00",120.393289265573
"2011-10-25 23:00:00",69.4247208323563
"2011-10-26 00:00:00",28.182939837974
"2011-10-26 01:00:00",11.8334322497914
"2011-10-26 02:00:00",5.4283178083636
"2011-10-26 03:00:00",4.23510848551536
"2011-10-26 04:00:00",3.85192979222088
"2011-10-26 05:00:00",21.0345139701527
"2011-10-26 06:00:00",98.0984330115763
"2011-10-26 07:00:00",273.687824628772
"2011-10-26 08:00:00",444.967851405261
"2011-10-26 09:00:00",237.624061588235
"2011-10-26 10:00:00",128.084938693623
"2011-10-26 11:00:00",143.076783760251
"2011-10-26 12:00:00",116.616070202744
"2011-10-26 13:00:00",104.58780492957
"2011-10-26 14:00:00",147.073753383083
"2011-10-26 15:00:00",161.796653986232
"2011-10-26 16:00:00",223.316951256812
"2011-10-26 17:00:00",436.382670268016
"2011-10-26 18:00:00",481.647859313989
"2011-10-26 19:00:00",341.080442197686
"2011-10-26 20:00:00",243.642992230342
"2011-10-26 21:00:00",170.022924933795
"2011-10-26 22:00:00",117.07472789742
"2011-10-26 23:00:00",68.1450455579016
"2011-10-27 00:00:00",34.1866255963143
"2011-10-27 01:00:00",14.0258273787377
"2011-10-27 02:00:00",4.19298711183748
"2011-10-27 03:00:00",2.39229814239382
"2011-10-27 04:00:00",2.68230637000965
"2011-10-27 05:00:00",14.2867273435099
"2011-10-27 06:00:00",71.0467243659163
"2011-10-27 07:00:00",286.648490628466
"2011-10-27 08:00:00",284.803373421065
"2011-10-27 09:00:00",234.360742714592
"2011-10-27 10:00:00",68.8029041393333
"2011-10-27 11:00:00",81.6092999380332
"2011-10-27 12:00:00",99.025837243223
"2011-10-27 13:00:00",155.011890953888
"2011-10-27 14:00:00",149.315032803179
"2011-10-27 15:00:00",154.636562617597
"2011-10-27 16:00:00",250.496670158194
"2011-10-27 17:00:00",408.600948196486
"2011-10-27 18:00:00",377.485037315758
"2011-10-27 19:00:00",247.760332319642
"2011-10-27 20:00:00",199.049390739779
"2011-10-27 21:00:00",147.570942563864
"2011-10-27 22:00:00",102.713195417089
"2011-10-27 23:00:00",66.4490481271353
"2011-10-28 00:00:00",37.9091912191481
"2011-10-28 01:00:00",17.1574487411688
"2011-10-28 02:00:00",8.56223651733318
"2011-10-28 03:00:00",3.90267360599118
"2011-10-28 04:00:00",3.56875406408123
"2011-10-28 05:00:00",15.7077148285644
"2011-10-28 06:00:00",65.860496975785
"2011-10-28 07:00:00",185.090739479562
"2011-10-28 08:00:00",346.537436274671
"2011-10-28 09:00:00",201.761548912601
"2011-10-28 10:00:00",117.345732703976
"2011-10-28 11:00:00",144.872602193578
"2011-10-28 12:00:00",175.462007169355
"2011-10-28 13:00:00",169.178299138775
"2011-10-28 14:00:00",146.560127006839
"2011-10-28 15:00:00",156.694040727436
"2011-10-28 16:00:00",216.674262905865
"2011-10-28 17:00:00",354.06988573113
"2011-10-28 18:00:00",297.551878401437
"2011-10-28 19:00:00",213.166611464993
"2011-10-28 20:00:00",81.3943134244051
"2011-10-28 21:00:00",64.0606302030239
"2011-10-28 22:00:00",53.3385308153372
"2011-10-28 23:00:00",41.6764074493016
"2011-10-29 00:00:00",32.7410615468744
"2011-10-29 01:00:00",26.4301682464753
"2011-10-29 02:00:00",19.5490075883814
"2011-10-29 03:00:00",8.49959885376276
"2011-10-29 04:00:00",2.78306056147108
"2011-10-29 05:00:00",2.60239828563151
"2011-10-29 06:00:00",6.47804627772228
"2011-10-29 07:00:00",15.7208742722874
"2011-10-29 08:00:00",40.9658115504691
"2011-10-29 09:00:00",63.355415202282
"2011-10-29 10:00:00",85.4028636160625
"2011-10-29 11:00:00",100.525313364441
"2011-10-29 12:00:00",105.7573726394
"2011-10-29 13:00:00",107.183533982448
"2011-10-29 14:00:00",110.805145306279
"2011-10-29 15:00:00",113.730134378133
"2011-10-29 16:00:00",102.896560438445
"2011-10-29 17:00:00",94.7977246172822
"2011-10-29 18:00:00",81.068795175332
"2011-10-29 19:00:00",130.144477043364
"2011-10-29 20:00:00",101.26759807552
"2011-10-29 21:00:00",84.8922612470895
"2011-10-29 22:00:00",76.6989933861378
"2011-10-29 23:00:00",68.838383685212
"2011-10-30 00:00:00",55.5144989588285
"2011-10-30 01:00:00",46.348044719392
"2011-10-30 02:00:00",35.672085488537
"2011-10-30 03:00:00",17.9903646520545
"2011-10-30 04:00:00",4.94072145309301
"2011-10-30 05:00:00",4.84914863607687
"2011-10-30 06:00:00",7.20908847644988
"2011-10-30 07:00:00",21.3198512976752
"2011-10-30 08:00:00",51.0377227824518
"2011-10-30 09:00:00",102.297025022694
"2011-10-30 10:00:00",184.591758748603
"2011-10-30 11:00:00",237.121505091641
"2011-10-30 12:00:00",297.668141088465
"2011-10-30 13:00:00",308.516063335504
"2011-10-30 14:00:00",312.895158427495
"2011-10-30 15:00:00",314.985276725524
"2011-10-30 16:00:00",320.379134713574
"2011-10-30 17:00:00",277.014164922057
"2011-10-30 18:00:00",203.542227030753
"2011-10-30 19:00:00",220.865223682328
"2011-10-30 20:00:00",123.290482511284
"2011-10-30 21:00:00",91.1253566947757
"2011-10-30 22:00:00",68.3172826795289
"2011-10-30 23:00:00",40.7166322564736
"2011-10-31 00:00:00",20.9535831573358
"2011-10-31 01:00:00",9.38565148150649
"2011-10-31 02:00:00",5.29363047413775
"2011-10-31 03:00:00",2.81339580973825
"2011-10-31 04:00:00",3.65306764806962
"2011-10-31 05:00:00",12.4393247569519
"2011-10-31 06:00:00",54.8552858988519
"2011-10-31 07:00:00",154.767955371217
"2011-10-31 08:00:00",263.34564287265
"2011-10-31 09:00:00",154.241350472293
"2011-10-31 10:00:00",99.8118724073498
"2011-10-31 11:00:00",138.797654936324
"2011-10-31 12:00:00",181.066264412942
"2011-10-31 13:00:00",163.016741722117
"2011-10-31 14:00:00",147.795591518428
"2011-10-31 15:00:00",178.060524076607
"2011-10-31 16:00:00",239.019397491337
"2011-10-31 17:00:00",427.022711960481
"2011-10-31 18:00:00",391.542990441705
"2011-10-31 19:00:00",285.789377681325
"2011-10-31 20:00:00",200.904343981874
"2011-10-31 21:00:00",114.74473703964
"2011-10-31 22:00:00",77.9076492093246
"2011-10-31 23:00:00",44.7220119188254
"2011-11-20 00:00:00",79.8072703229972
"2011-11-20 01:00:00",68.6855152171195
"2011-11-20 02:00:00",52.8642704451382
"2011-11-20 03:00:00",23.6633005420674
"2011-11-20 04:00:00",6.63153039084787
"2011-11-20 05:00:00",6.50063475855365
"2011-11-20 06:00:00",9.6178341996969
"2011-11-20 07:00:00",29.0109275721122
"2011-11-20 08:00:00",63.4041564570675
"2011-11-20 09:00:00",138.793066902978
"2011-11-20 10:00:00",210.420554430518
"2011-11-20 11:00:00",291.05125273126
"2011-11-20 12:00:00",340.845390516262
"2011-11-20 13:00:00",354.543696809383
"2011-11-20 14:00:00",348.129407264244
"2011-11-20 15:00:00",315.562092704008
"2011-11-20 16:00:00",327.001146589777
"2011-11-20 17:00:00",289.579086486773
"2011-11-20 18:00:00",244.614971833488
"2011-11-20 19:00:00",181.927202195504
"2011-11-20 20:00:00",150.607311413118
"2011-11-20 21:00:00",108.148270344887
"2011-11-20 22:00:00",48.8507571132023
"2011-11-20 23:00:00",31.8611749059737
"2011-11-21 00:00:00",27.3184249615734
"2011-11-21 01:00:00",6.9583455439807
"2011-11-21 02:00:00",3.90297990840592
"2011-11-21 03:00:00",2.18747151210285
"2011-11-21 04:00:00",2.74591957672961
"2011-11-21 05:00:00",16.6810398475999
"2011-11-21 06:00:00",68.4837756782969
"2011-11-21 07:00:00",199.270122138245
"2011-11-21 08:00:00",362.489797866779
"2011-11-21 09:00:00",203.642054646221
"2011-11-21 10:00:00",133.117703791866
"2011-11-21 11:00:00",146.054796479664
"2011-11-21 12:00:00",181.526200414702
"2011-11-21 13:00:00",171.617706157743
"2011-11-21 14:00:00",146.82635912667
"2011-11-21 15:00:00",86.5128781635441
"2011-11-21 16:00:00",123.110223150546
"2011-11-21 17:00:00",205.474424196194
"2011-11-21 18:00:00",208.21893114609
"2011-11-21 19:00:00",144.734924638545
"2011-11-21 20:00:00",102.221006103456
"2011-11-21 21:00:00",74.6538750150108
"2011-11-21 22:00:00",51.1800148386488
"2011-11-21 23:00:00",29.0965108670251
"2011-11-22 00:00:00",11.5304681906097
"2011-11-22 01:00:00",5.20630670339945
"2011-11-22 02:00:00",2.47989986909927
"2011-11-22 03:00:00",1.68093044175418
"2011-11-22 04:00:00",2.29800077236945
"2011-11-22 05:00:00",10.6317224766495
"2011-11-22 06:00:00",82.8019601469997
"2011-11-22 07:00:00",134.52710168259
"2011-11-22 08:00:00",218.754908192645
"2011-11-22 09:00:00",117.932568949759
"2011-11-22 10:00:00",64.3014726705824
"2011-11-22 11:00:00",61.7172167168068
"2011-11-22 12:00:00",74.7727806632111
"2011-11-22 13:00:00",79.2550707494194
"2011-11-22 14:00:00",70.3737100860346
"2011-11-22 15:00:00",82.0533933567933
"2011-11-22 16:00:00",129.361008314637
"2011-11-22 17:00:00",245.383964684122
"2011-11-22 18:00:00",244.44067894061
"2011-11-22 19:00:00",170.840958777399
"2011-11-22 20:00:00",188.069040351064
"2011-11-22 21:00:00",139.29657405608
"2011-11-22 22:00:00",108.698298042664
"2011-11-22 23:00:00",61.5688730657444
"2011-11-23 00:00:00",25.4812518805622
"2011-11-23 01:00:00",10.6219783971969
"2011-11-23 02:00:00",2.90742395422533
"2011-11-23 03:00:00",2.31257082633388
"2011-11-23 04:00:00",2.33196109710784
"2011-11-23 05:00:00",19.6757556493118
"2011-11-23 06:00:00",93.1993126996292
"2011-11-23 07:00:00",255.730407238397
"2011-11-23 08:00:00",457.433810951101
"2011-11-23 09:00:00",232.773434328626
"2011-11-23 10:00:00",118.118352447517
"2011-11-23 11:00:00",118.01574028934
"2011-11-23 12:00:00",167.901247213444
"2011-11-23 13:00:00",125.741687898483
"2011-11-23 14:00:00",123.427338209761
"2011-11-23 15:00:00",124.423458406042
"2011-11-23 16:00:00",165.836787144642
"2011-11-23 17:00:00",191.289869420398
"2011-11-23 18:00:00",330.447221436608
"2011-11-23 19:00:00",254.534326764597
"2011-11-23 20:00:00",175.975465294166
"2011-11-23 21:00:00",124.561726997876
"2011-11-23 22:00:00",92.5276605365631
"2011-11-23 23:00:00",55.4409728792905
"2011-11-24 00:00:00",25.9712480321733
"2011-11-24 01:00:00",10.0071295079424
"2011-11-24 02:00:00",5.36341339074366
"2011-11-24 03:00:00",3.06377397659434
"2011-11-24 04:00:00",3.48334914769713
"2011-11-24 05:00:00",19.0071138430894
"2011-11-24 06:00:00",87.9594323752427
"2011-11-24 07:00:00",220.859829558793
"2011-11-24 08:00:00",392.018860752548
"2011-11-24 09:00:00",209.091475448811
"2011-11-24 10:00:00",109.056749637031
"2011-11-24 11:00:00",135.844735269268
"2011-11-24 12:00:00",186.46625047789
"2011-11-24 13:00:00",188.444872923938
"2011-11-24 14:00:00",168.443835119824
"2011-11-24 15:00:00",183.079328518871
"2011-11-24 16:00:00",272.782089204971
"2011-11-24 17:00:00",542.382896140025
"2011-11-24 18:00:00",433.386410178784
"2011-11-24 19:00:00",289.349517626517
"2011-11-24 20:00:00",192.648262963961
"2011-11-24 21:00:00",149.882225316042
"2011-11-24 22:00:00",113.263822480228
"2011-11-24 23:00:00",71.8991469238603
"2011-11-25 00:00:00",38.44043926852
"2011-11-25 01:00:00",19.1494763516692
"2011-11-25 02:00:00",8.21404123553611
"2011-11-25 03:00:00",3.94788228106506
"2011-11-25 04:00:00",3.738720228716
"2011-11-25 05:00:00",17.6673831767029
"2011-11-25 06:00:00",65.4605727609235
"2011-11-25 07:00:00",190.292187581566
"2011-11-25 08:00:00",328.599685543861
"2011-11-25 09:00:00",211.535306156167
"2011-11-25 10:00:00",122.13432993864
"2011-11-25 11:00:00",159.372292826599
"2011-11-25 12:00:00",227.802803240344
"2011-11-25 13:00:00",237.389923694565
"2011-11-25 14:00:00",226.826378496559
"2011-11-25 15:00:00",250.73075568592
"2011-11-25 16:00:00",326.414325975474
"2011-11-25 17:00:00",550.273311931261
"2011-11-25 18:00:00",423.448034191494
"2011-11-25 19:00:00",268.483867237268
"2011-11-25 20:00:00",175.427387845129
"2011-11-25 21:00:00",132.226112000842
"2011-11-25 22:00:00",111.825319230314
"2011-11-25 23:00:00",88.1654625073843
"2011-11-26 00:00:00",71.7813210128801
"2011-11-26 01:00:00",53.773707072693
"2011-11-26 02:00:00",37.7799982156656
"2011-11-26 03:00:00",17.5395484139615
"2011-11-26 04:00:00",5.74305050117738
"2011-11-26 05:00:00",5.59890338401946
"2011-11-26 06:00:00",12.7116204239255
"2011-11-26 07:00:00",30.7629370658044
"2011-11-26 08:00:00",88.3113857016075
"2011-11-26 09:00:00",142.292881943721
"2011-11-26 10:00:00",210.78504301623
"2011-11-26 11:00:00",274.942154394906
"2011-11-26 12:00:00",356.042918651653
"2011-11-26 13:00:00",402.164036148163
"2011-11-26 14:00:00",350.455714775213
"2011-11-26 15:00:00",374.473953041697
"2011-11-26 16:00:00",313.617242532401
"2011-11-26 17:00:00",288.932894026162
"2011-11-26 18:00:00",217.589052296655
"2011-11-26 19:00:00",181.712104425291
"2011-11-26 20:00:00",155.889241167038
"2011-11-26 21:00:00",114.779533031031
"2011-11-26 22:00:00",104.076607103276
"2011-11-26 23:00:00",96.6111734003363
"2011-11-27 00:00:00",78.6690387936791
"2011-11-27 01:00:00",66.3155711645795
"2011-11-27 02:00:00",49.5193697717786
"2011-11-27 03:00:00",24.2864234388894
"2011-11-27 04:00:00",6.64762421489681
"2011-11-27 05:00:00",6.26919866056519
"2011-11-27 06:00:00",9.72859269518354
"2011-11-27 07:00:00",25.7555689093817
"2011-11-27 08:00:00",65.0224789061393
"2011-11-27 09:00:00",138.531616714548
"2011-11-27 10:00:00",225.901273655642
"2011-11-27 11:00:00",294.010816530653
"2011-11-27 12:00:00",387.833528936176
"2011-11-27 13:00:00",388.78236956025
"2011-11-27 14:00:00",396.889471582151
"2011-11-27 15:00:00",416.517077473558
"2011-11-27 16:00:00",379.429020886117
"2011-11-27 17:00:00",334.81380687304
"2011-11-27 18:00:00",255.388663683773
"2011-11-27 19:00:00",188.307170957735
"2011-11-27 20:00:00",154.775272499024
"2011-11-27 21:00:00",114.509482790732
"2011-11-27 22:00:00",90.140972894251
"2011-11-27 23:00:00",58.7912546968938
"2011-11-28 00:00:00",28.5614078063385
"2011-11-28 01:00:00",12.6725353216614
"2011-11-28 03:00:00",3.94295579895201
"2011-11-28 04:00:00",5.24463428828962
"2011-11-28 05:00:00",17.558409561414
"2011-11-28 06:00:00",75.9379099519463
"2011-11-28 07:00:00",218.402936480156
"2011-11-28 08:00:00",338.999437558498
"2011-11-28 09:00:00",186.503938502654
"2011-11-28 10:00:00",122.093340771434
"2011-11-28 11:00:00",153.087018748414
"2011-11-28 12:00:00",231.375196369307
"2011-11-28 13:00:00",214.567647131109
"2011-11-28 14:00:00",219.593380136219
"2011-11-28 15:00:00",216.367796868069
"2011-11-28 16:00:00",297.597969707244
"2011-11-28 17:00:00",547.554118465576
"2011-11-28 18:00:00",497.1003983972
"2011-11-28 19:00:00",342.873838856351
"2011-11-28 20:00:00",217.697841470693
"2011-11-28 21:00:00",155.383432259753
"2011-11-28 22:00:00",104.723003368524
"2011-11-28 23:00:00",59.538329333767
"2011-11-29 00:00:00",27.8848768225857
"2011-11-29 01:00:00",11.9076444120381
"2011-11-29 02:00:00",5.29559923564028
"2011-11-29 03:00:00",3.5894731369743
"2011-11-29 04:00:00",4.64606004853038
"2011-11-29 05:00:00",22.8982513469506
"2011-11-29 06:00:00",111.134108551734
"2011-11-29 07:00:00",320.493421746998
"2011-11-29 08:00:00",525.285575330658
"2011-11-29 09:00:00",140.178507069367
"2011-11-29 10:00:00",76.4308326494941
"2011-11-29 11:00:00",70.0774972209559
"2011-11-29 12:00:00",72.4395708983272
"2011-11-29 13:00:00",78.3489732317663
"2011-11-29 14:00:00",66.5494358056714
"2011-11-29 15:00:00",69.8078578432629
"2011-11-29 16:00:00",113.839407810905
"2011-11-29 17:00:00",361.904429738758
"2011-11-29 18:00:00",353.817242780304
"2011-11-29 19:00:00",241.643102673696
"2011-11-29 20:00:00",166.812595231886
"2011-11-29 21:00:00",124.749451160618
"2011-11-29 22:00:00",96.5906296026478
"2011-11-29 23:00:00",54.171725017389
"2011-11-30 00:00:00",22.7347395139793
"2011-11-30 01:00:00",9.4209953944419
"2011-11-30 02:00:00",4.21946513418957
"2011-11-30 03:00:00",3.35617100419045
"2011-11-30 04:00:00",3.02423209424206
"2011-11-30 05:00:00",15.7652101987455
"2011-11-30 06:00:00",72.4498907928537
"2011-11-30 07:00:00",199.192334845302
"2011-11-30 08:00:00",345.19320168036
"2011-11-30 09:00:00",174.047831493814
"2011-11-30 10:00:00",99.0924389401863
"2011-11-30 11:00:00",111.321812027664
"2011-11-30 12:00:00",125.029880310508
"2011-11-30 13:00:00",117.954140727485
"2011-11-30 14:00:00",109.004213485146
"2011-11-30 15:00:00",126.114210154132
"2011-11-30 16:00:00",181.801882682741
"2011-11-30 17:00:00",304.967935577006
"2011-11-30 18:00:00",343.165582128098
"2011-11-30 19:00:00",210.685313990111
"2011-11-30 20:00:00",153.189172343809
"2011-11-30 21:00:00",117.391089223774
"2011-11-30 22:00:00",89.4947596292834
"2011-11-30 23:00:00",50.2749388303174
"2011-12-20 00:00:00",21.3158433689611
"2011-12-20 01:00:00",9.75789706246818
"2011-12-20 02:00:00",4.15870009086448
"2011-12-20 03:00:00",2.81885799824612
"2011-12-20 04:00:00",3.97633844685833
"2011-12-20 05:00:00",18.9012833155238
"2011-12-20 06:00:00",87.8353877237114
"2011-12-20 07:00:00",241.783200856473
"2011-12-20 08:00:00",441.208416931292
"2011-12-20 09:00:00",188.817658254133
"2011-12-20 10:00:00",111.451869091928
"2011-12-20 11:00:00",107.282991049101
"2011-12-20 12:00:00",144.815057532762
"2011-12-20 13:00:00",148.307628377179
"2011-12-20 14:00:00",131.68826036969
"2011-12-20 15:00:00",148.536390087313
"2011-12-20 16:00:00",256.789052259306
"2011-12-20 17:00:00",436.242992726997
"2011-12-20 18:00:00",397.828453007894
"2011-12-20 19:00:00",292.110744145058
"2011-12-20 20:00:00",197.968939921979
"2011-12-20 21:00:00",143.819816457597
"2011-12-20 22:00:00",95.8233539581247
"2011-12-20 23:00:00",59.8620588177129
"2011-12-21 00:00:00",12.6750740800013
"2011-12-21 01:00:00",5.69115014093205
"2011-12-21 02:00:00",2.6013766672098
"2011-12-21 03:00:00",2.06914020232661
"2011-12-21 04:00:00",1.99370166333323
"2011-12-21 05:00:00",10.6431143753665
"2011-12-21 06:00:00",48.9496139211877
"2011-12-21 07:00:00",129.501202932293
"2011-12-21 08:00:00",138.394976464269
"2011-12-21 09:00:00",114.285285936014
"2011-12-21 10:00:00",63.4317036709796
"2011-12-21 11:00:00",65.5769134067137
"2011-12-21 12:00:00",49.0716325549067
"2011-12-21 13:00:00",43.6679973302678
"2011-12-21 14:00:00",70.5157443287854
"2011-12-21 15:00:00",76.8280353394983
"2011-12-21 16:00:00",61.5726071812232
"2011-12-21 17:00:00",120.900107650631
"2011-12-21 18:00:00",205.926157310181
"2011-12-21 19:00:00",159.387268993264
"2011-12-21 20:00:00",114.778556209952
"2011-12-21 21:00:00",94.3690336923564
"2011-12-21 22:00:00",74.0735992843746
"2011-12-21 23:00:00",43.9563863392124
"2011-12-22 00:00:00",19.5766179364189
"2011-12-22 01:00:00",7.78540132166408
"2011-12-22 02:00:00",4.60070098472102
"2011-12-22 03:00:00",2.49375665454251
"2011-12-22 04:00:00",2.31967387480504
"2011-12-22 05:00:00",13.2833491250114
"2011-12-22 06:00:00",58.3243587452245
"2011-12-22 07:00:00",154.533712962723
"2011-12-22 08:00:00",238.133266832464
"2011-12-22 09:00:00",113.616542752129
"2011-12-22 10:00:00",59.1206757589562
"2011-12-22 11:00:00",77.1745613076013
"2011-12-22 12:00:00",106.741500359616
"2011-12-22 13:00:00",96.7711858854588
"2011-12-22 14:00:00",84.6347832132335
"2011-12-22 15:00:00",95.0946016834454
"2011-12-22 16:00:00",137.614636415987
"2011-12-22 17:00:00",242.199434098635
"2011-12-22 18:00:00",236.472218818623
"2011-12-22 19:00:00",171.963212752091
"2011-12-22 20:00:00",75.7771770601963
"2011-12-22 21:00:00",58.4607966524985
"2011-12-22 22:00:00",36.4449052653829
"2011-12-22 23:00:00",26.8780579219672
"2011-12-23 00:00:00",13.7592366771046
"2011-12-23 01:00:00",6.49971069194668
"2011-12-23 02:00:00",3.17371663419439
"2011-12-23 03:00:00",1.51661120862866
"2011-12-23 04:00:00",1.31393892912209
"2011-12-23 05:00:00",11.1976310906288
"2011-12-23 06:00:00",46.6430354026735
"2011-12-23 07:00:00",132.35281118577
"2011-12-23 08:00:00",248.750977951393
"2011-12-23 09:00:00",136.089256455752
"2011-12-23 10:00:00",74.8724600923455
"2011-12-23 11:00:00",85.5972799784686
"2011-12-23 12:00:00",102.964309169417
"2011-12-23 13:00:00",104.424102474402
"2011-12-23 14:00:00",95.0946505482304
"2011-12-23 15:00:00",100.646643347154
"2011-12-23 16:00:00",139.574012336796
"2011-12-23 17:00:00",221.568067686815
"2011-12-23 18:00:00",188.098528748736
"2011-12-23 19:00:00",128.76437449984
"2011-12-23 20:00:00",80.1678801679132
"2011-12-23 21:00:00",67.6776792414706
"2011-12-23 22:00:00",61.6184990958122
"2011-12-23 23:00:00",50.1435794843355
"2011-12-24 00:00:00",36.6769778561581
"2011-12-24 01:00:00",30.2015431108289
"2011-12-24 02:00:00",21.700302545637
"2011-12-24 03:00:00",9.68821051683676
"2011-12-24 04:00:00",3.11303695633522
"2011-12-24 05:00:00",3.11783095880901
"2011-12-24 06:00:00",7.32630385565156
"2011-12-24 07:00:00",18.4152130973934
"2011-12-24 08:00:00",46.7358426172684
"2011-12-24 09:00:00",72.1143276638801
"2011-12-24 10:00:00",98.4063158522351
"2011-12-24 11:00:00",129.790371307932
"2011-12-24 12:00:00",156.743663017496
"2011-12-24 13:00:00",159.630104948874
"2011-12-24 14:00:00",161.089009375789
"2011-12-24 15:00:00",157.591383346746
"2011-12-24 16:00:00",146.902901688729
"2011-12-24 17:00:00",125.269729682843
"2011-12-24 18:00:00",114.212234884583
"2011-12-24 19:00:00",97.7126079437304
"2011-12-24 20:00:00",68.3361029222924
"2011-12-24 21:00:00",56.7344793576594
"2011-12-24 22:00:00",51.5303554117326
"2011-12-24 23:00:00",45.6946862963087
"2011-12-25 00:00:00",34.8617290015887
"2011-12-25 01:00:00",28.6565383718131
"2011-12-25 02:00:00",22.5381002104641
"2011-12-25 03:00:00",11.496196320758
"2011-12-25 05:00:00",2.82924429355826
"2011-12-25 06:00:00",4.14563671552205
"2011-12-25 07:00:00",11.6908694736326
"2011-12-25 08:00:00",27.2776330594014
"2011-12-25 09:00:00",54.1278351429101
"2011-12-25 10:00:00",89.3966677223709
"2011-12-25 11:00:00",122.283765263748
"2011-12-25 12:00:00",137.656698892084
"2011-12-25 13:00:00",144.556357108945
"2011-12-25 14:00:00",145.161377060518
"2011-12-25 15:00:00",146.568115456307
"2011-12-25 16:00:00",158.753279847626
"2011-12-25 17:00:00",134.990050875221
"2011-12-25 18:00:00",103.038316867847
"2011-12-25 19:00:00",84.0896616683678
"2011-12-25 20:00:00",68.3597797537936
"2011-12-25 21:00:00",49.927860787263
"2011-12-25 22:00:00",37.2203354980814
"2011-12-25 23:00:00",23.4157298216746
"2011-12-26 00:00:00",10.9616041613586
"2011-12-26 01:00:00",5.54283713715003
"2011-12-26 02:00:00",3.74410881004979
"2011-12-26 04:00:00",2.52215521996011
"2011-12-26 05:00:00",8.72150812891201
"2011-12-26 06:00:00",36.3776246329066
"2011-12-26 07:00:00",106.033134038375
"2011-12-26 08:00:00",186.472042712098
"2011-12-26 09:00:00",104.214775100342
"2011-12-26 10:00:00",56.3154066604704
"2011-12-26 11:00:00",62.3145112107912
"2011-12-26 12:00:00",86.5005801996101
"2011-12-26 13:00:00",90.8414219061203
"2011-12-26 14:00:00",82.1584695350132
"2011-12-26 15:00:00",90.7045561117831
"2011-12-26 16:00:00",121.358019777605
"2011-12-26 17:00:00",207.962172778801
"2011-12-26 18:00:00",199.635251634895
"2011-12-26 19:00:00",136.674496996467
"2011-12-26 20:00:00",97.0713364618467
"2011-12-26 21:00:00",64.8615132564124
"2011-12-26 22:00:00",44.0386910313878
"2011-12-26 23:00:00",24.4396039618174
"2011-12-27 00:00:00",9.80333634625244
"2011-12-27 01:00:00",4.351308639635
"2011-12-27 02:00:00",2.15290380631394
"2011-12-27 03:00:00",1.41858128705786
"2011-12-27 04:00:00",1.94624236135796
"2011-12-27 05:00:00",8.84216396750898
"2011-12-27 06:00:00",41.0327114435652
"2011-12-27 07:00:00",113.934837269617
"2011-12-27 08:00:00",192.56589234202
"2011-12-27 09:00:00",60.1927293342075
"2011-12-27 10:00:00",54.2120569839206
"2011-12-27 11:00:00",32.8991561060385
"2011-12-27 12:00:00",37.6433124981872
"2011-12-27 13:00:00",37.7384505483726
"2011-12-27 14:00:00",39.2699600867519
"2011-12-27 15:00:00",42.4109788962891
"2011-12-27 16:00:00",69.6803206455875
"2011-12-27 17:00:00",137.074344748411
"2011-12-27 18:00:00",219.408118352182
"2011-12-27 19:00:00",145.572570232329
"2011-12-27 20:00:00",100.59048563974
"2011-12-27 21:00:00",75.8250224294583
"2011-12-27 22:00:00",53.8163013715299
"2011-12-27 23:00:00",30.1211662548907
"2011-12-28 00:00:00",12.9240841079464
"2011-12-28 01:00:00",5.54620431428434
"2011-12-28 02:00:00",2.44915815976478
"2011-12-28 03:00:00",1.94806529715709
"2011-12-28 05:00:00",9.86635999721598
"2011-12-28 06:00:00",47.5957327305832
"2011-12-28 07:00:00",130.248886667678
"2011-12-28 08:00:00",216.032666449383
"2011-12-28 09:00:00",108.072972839278
"2011-12-28 10:00:00",59.3037977662619
"2011-12-28 11:00:00",62.5080055015296
"2011-12-28 12:00:00",71.6981389107382
"2011-12-28 13:00:00",67.6665375532698
"2011-12-28 14:00:00",61.0756177495848
"2011-12-28 15:00:00",66.8095381662994
"2011-12-28 16:00:00",90.462463596106
"2011-12-28 17:00:00",178.233900925449
"2011-12-28 18:00:00",170.367404690854
"2011-12-28 19:00:00",116.833424600317
"2011-12-28 20:00:00",85.7724056019628
"2011-12-28 21:00:00",60.6672825232297
"2011-12-28 22:00:00",47.6183598342968
"2011-12-28 23:00:00",26.4109531073595
"2011-12-29 00:00:00",11.4307376283087
"2011-12-29 01:00:00",5.09310437997315
"2011-12-29 02:00:00",2.73369596517006
"2011-12-29 03:00:00",1.51377019750303
"2011-12-29 04:00:00",1.63401122270072
"2011-12-29 05:00:00",9.13387254839653
"2011-12-29 06:00:00",43.471173837023
"2011-12-29 07:00:00",112.987530413955
"2011-12-29 08:00:00",177.280726328299
"2011-12-29 09:00:00",80.2277872432821
"2011-12-29 10:00:00",40.9604658943643
"2011-12-29 11:00:00",50.9344755593965
"2011-12-29 12:00:00",64.3400634457948
"2011-12-29 13:00:00",64.8633879513212
"2011-12-29 14:00:00",61.3729208567032
"2011-12-29 15:00:00",63.8673335580397
"2011-12-29 16:00:00",103.767284454892
"2011-12-29 17:00:00",199.999291659755
"2011-12-29 18:00:00",191.249476731866
"2011-12-29 19:00:00",136.412517977253
"2011-12-29 20:00:00",99.5408914184628
"2011-12-29 21:00:00",69.6260614863133
"2011-12-29 22:00:00",57.4754309835503
"2011-12-29 23:00:00",38.8496118650158
"2011-12-30 00:00:00",20.3932090253389
"2011-12-30 01:00:00",9.41788268057121
"2011-12-30 02:00:00",4.51949707034736
"2011-12-30 03:00:00",2.15971389518619
"2011-12-30 04:00:00",1.97317687392867
"2011-12-30 05:00:00",9.0115995171971
"2011-12-30 06:00:00",37.6307771629379
"2011-12-30 07:00:00",105.440082194813
"2011-12-30 08:00:00",173.413648476124
"2011-12-30 09:00:00",110.710851826165
"2011-12-30 10:00:00",62.2190650973056
"2011-12-30 11:00:00",77.1850710689825
"2011-12-30 12:00:00",97.3285425379838
"2011-12-30 13:00:00",96.3446854860207
"2011-12-30 14:00:00",97.8289268927028
"2011-12-30 15:00:00",125.988423860994
"2011-12-30 16:00:00",158.689202568051
"2011-12-30 17:00:00",235.742980116277
"2011-12-30 18:00:00",191.592833720978
"2011-12-30 19:00:00",109.879013663148
"2011-12-30 20:00:00",81.4966672860819
"2011-12-30 21:00:00",69.4100642297387
"2011-12-30 22:00:00",58.7742862492436
"2011-12-30 23:00:00",47.9197157809727
"2011-12-31 00:00:00",40.0226243048807
"2011-12-31 01:00:00",32.9012479987909
"2011-12-31 02:00:00",24.3353254810005
"2011-12-31 03:00:00",10.9222512564513
"2011-12-31 04:00:00",3.76897404906553
"2011-12-31 05:00:00",3.27535371913826
"2011-12-31 06:00:00",9.27681649896413
"2011-12-31 07:00:00",13.4110039856802
"2011-12-31 08:00:00",53.14233157872
"2011-12-31 09:00:00",93.8019751833848
"2011-12-31 10:00:00",128.937630522075
"2011-12-31 11:00:00",162.641976736825
"2011-12-31 12:00:00",230.388360235303
"2011-12-31 13:00:00",211.572007679441
"2011-12-31 14:00:00",203.286091545406
"2011-12-31 15:00:00",195.099857693962
"2011-12-31 16:00:00",177.760001302971
"2011-12-31 17:00:00",166.08841557029
"2011-12-31 18:00:00",144.804664694687
"2011-12-31 19:00:00",121.727376551458
"2011-12-31 20:00:00",94.7181111595937
"2011-12-31 21:00:00",76.1938200325456
"2011-12-31 22:00:00",66.2266884017443
"2011-12-31 23:00:00",58.5016743279016
"2012-01-20 00:00:00",28.1201242155965
"2012-01-20 01:00:00",15.3611096467063
"2012-01-20 02:00:00",7.74030058714771
"2012-01-20 03:00:00",3.5650592003207
"2012-01-20 04:00:00",3.09720450320256
"2012-01-20 05:00:00",14.7373700891626
"2012-01-20 06:00:00",58.0607625753653
"2012-01-20 07:00:00",159.112960744552
"2012-01-20 08:00:00",284.797880710474
"2012-01-20 09:00:00",149.344025925267
"2012-01-20 10:00:00",78.4699874399588
"2012-01-20 11:00:00",85.9562365887387
"2012-01-20 12:00:00",106.025625474454
"2012-01-20 13:00:00",121.144983533955
"2012-01-20 14:00:00",99.8491855127929
"2012-01-20 15:00:00",112.00948817204
"2012-01-20 16:00:00",146.071832230258
"2012-01-20 17:00:00",255.180967157293
"2012-01-20 18:00:00",208.080208224831
"2012-01-20 19:00:00",146.080413968173
"2012-01-20 20:00:00",100.99211574542
"2012-01-20 21:00:00",82.3654531547844
"2012-01-20 22:00:00",71.5835786311878
"2012-01-20 23:00:00",32.1435824834185
"2012-01-21 00:00:00",26.1702116353442
"2012-01-21 01:00:00",23.8203702013434
"2012-01-21 02:00:00",15.7504604698367
"2012-01-21 03:00:00",6.882073712976
"2012-01-21 04:00:00",2.31413563101028
"2012-01-21 05:00:00",2.30655470358956
"2012-01-21 06:00:00",5.61055607711183
"2012-01-21 07:00:00",13.6156555394207
"2012-01-21 08:00:00",54.5526927752958
"2012-01-21 09:00:00",84.3681199119762
"2012-01-21 10:00:00",71.4994034619547
"2012-01-21 11:00:00",152.540961389462
"2012-01-21 12:00:00",174.044025296349
"2012-01-21 13:00:00",173.022739001376
"2012-01-21 14:00:00",108.285510577333
"2012-01-21 15:00:00",108.460870621563
"2012-01-21 16:00:00",159.765522635117
"2012-01-21 17:00:00",142.985496632904
"2012-01-21 18:00:00",122.421511106875
"2012-01-21 19:00:00",102.275368370953
"2012-01-21 20:00:00",81.9226422070197
"2012-01-21 21:00:00",74.6065956220556
"2012-01-21 22:00:00",61.5980603810382
"2012-01-21 23:00:00",53.7824366774941
"2012-01-22 00:00:00",47.3325267676063
"2012-01-22 01:00:00",37.5833482406968
"2012-01-22 02:00:00",29.3485478088662
"2012-01-22 03:00:00",14.5281250994701
"2012-01-22 04:00:00",2.42183941700162
"2012-01-22 05:00:00",2.30384787729904
"2012-01-22 06:00:00",5.54939889393468
"2012-01-22 07:00:00",15.1184337298909
"2012-01-22 08:00:00",37.2699432498322
"2012-01-22 09:00:00",69.0495005098616
"2012-01-22 10:00:00",110.44419990645
"2012-01-22 11:00:00",82.3531305420367
"2012-01-22 12:00:00",161.626575520429
"2012-01-22 13:00:00",164.185527083095
"2012-01-22 14:00:00",154.452228693509
"2012-01-22 15:00:00",151.49856566891
"2012-01-22 16:00:00",151.592616974882
"2012-01-22 17:00:00",140.882631840146
"2012-01-22 18:00:00",70.5597542167105
"2012-01-22 19:00:00",55.5197524879776
"2012-01-22 20:00:00",43.1761286156589
"2012-01-22 21:00:00",34.419893362191
"2012-01-22 22:00:00",44.9844840961503
"2012-01-22 23:00:00",29.1984564142814
"2012-01-23 00:00:00",16.0172749076199
"2012-01-23 01:00:00",6.90373953287061
"2012-01-23 02:00:00",4.05955635611256
"2012-01-23 03:00:00",2.30844074363712
"2012-01-23 04:00:00",2.99898528228015
"2012-01-23 05:00:00",10.5963967511515
"2012-01-23 06:00:00",44.9700294379052
"2012-01-23 07:00:00",77.4588330949738
"2012-01-23 08:00:00",127.934456033974
"2012-01-23 09:00:00",120.207553031261
"2012-01-23 10:00:00",71.3424590696234
"2012-01-23 11:00:00",78.6541097569555
"2012-01-23 12:00:00",106.20799964481
"2012-01-23 13:00:00",59.3363082639578
"2012-01-23 14:00:00",52.3868451224048
"2012-01-23 15:00:00",91.645233138301
"2012-01-23 16:00:00",138.062505013558
"2012-01-23 17:00:00",248.600484408462
"2012-01-23 18:00:00",238.433414713771
"2012-01-23 19:00:00",178.663894806001
"2012-01-23 20:00:00",124.914544842918
"2012-01-23 21:00:00",86.0920401292232
"2012-01-23 22:00:00",58.4534736419809
"2012-01-23 23:00:00",34.4998101268272
"2012-01-24 00:00:00",14.7426030647409
"2012-01-24 01:00:00",6.85034730585041
"2012-01-24 02:00:00",3.4221891080786
"2012-01-24 03:00:00",2.38785380209205
"2012-01-24 04:00:00",3.18948349575921
"2012-01-24 05:00:00",14.7561757935363
"2012-01-24 06:00:00",69.4028111251331
"2012-01-24 07:00:00",196.417326162699
"2012-01-24 08:00:00",319.394780789561
"2012-01-24 09:00:00",157.924356650511
"2012-01-24 10:00:00",93.6757615611062
"2012-01-24 11:00:00",97.0029622120933
"2012-01-24 12:00:00",116.138593358964
"2012-01-24 13:00:00",118.939560827318
"2012-01-24 14:00:00",108.787422384788
"2012-01-24 15:00:00",120.569393015304
"2012-01-24 16:00:00",210.465754730332
"2012-01-24 17:00:00",444.079133969389
"2012-01-24 18:00:00",416.978782050223
"2012-01-24 19:00:00",320.287356200865
"2012-01-24 20:00:00",172.945421199027
"2012-01-24 21:00:00",141.551251130862
"2012-01-24 22:00:00",91.1902991697881
"2012-01-24 23:00:00",54.5666495608038
"2012-01-25 00:00:00",19.7398008095647
"2012-01-25 01:00:00",8.58660024285673
"2012-01-25 02:00:00",3.7061800158328
"2012-01-25 03:00:00",2.81851089476761
"2012-01-25 04:00:00",2.64845486026216
"2012-01-25 05:00:00",14.323858305895
"2012-01-25 06:00:00",65.3107089725615
"2012-01-25 07:00:00",178.513697433357
"2012-01-25 08:00:00",304.234795797721
"2012-01-25 09:00:00",150.73700349498
"2012-01-25 10:00:00",70.8739414927122
"2012-01-25 11:00:00",81.184073367166
"2012-01-25 12:00:00",126.775259824392
"2012-01-25 13:00:00",121.054871171043
"2012-01-25 14:00:00",113.499090387276
"2012-01-25 15:00:00",135.228227002598
"2012-01-25 16:00:00",172.136980042116
"2012-01-25 17:00:00",353.55394635459
"2012-01-25 18:00:00",329.037933620216
"2012-01-25 19:00:00",234.183127792229
"2012-01-25 20:00:00",165.852242610838
"2012-01-25 21:00:00",121.005947214747
"2012-01-25 22:00:00",91.3801352289305
"2012-01-25 23:00:00",47.8525129347405
"2012-01-26 00:00:00",21.3568060391967
"2012-01-26 01:00:00",9.06337664184653
"2012-01-26 02:00:00",4.63152843400923
"2012-01-26 03:00:00",2.70705359371187
"2012-01-26 04:00:00",3.26685746177793
"2012-01-26 05:00:00",16.4477594949976
"2012-01-26 06:00:00",74.7958669937411
"2012-01-26 07:00:00",201.951363251933
"2012-01-26 08:00:00",325.309210506503
"2012-01-26 09:00:00",164.674340237519
"2012-01-26 10:00:00",78.2049810424839
"2012-01-26 11:00:00",91.2416331676043
"2012-01-26 12:00:00",119.609981546546
"2012-01-26 13:00:00",132.487473207389
"2012-01-26 14:00:00",116.662410907832
"2012-01-26 15:00:00",130.028244273407
"2012-01-26 16:00:00",190.60751834265
"2012-01-26 17:00:00",397.532895790928
"2012-01-26 18:00:00",374.339977419169
"2012-01-26 19:00:00",243.214509015544
"2012-01-26 20:00:00",183.039485760092
"2012-01-26 21:00:00",144.342054023983
"2012-01-26 22:00:00",113.675477065678
"2012-01-26 23:00:00",72.8980623043646
"2012-01-27 00:00:00",36.6037040518351
"2012-01-27 01:00:00",17.2808648479155
"2012-01-27 02:00:00",10.0393921231872
"2012-01-27 03:00:00",4.16870535606984
"2012-01-27 04:00:00",3.5961941643381
"2012-01-27 05:00:00",17.7759859167311
"2012-01-27 06:00:00",70.2996775860107
"2012-01-27 07:00:00",199.486608683573
"2012-01-27 08:00:00",257.56838039266
"2012-01-27 09:00:00",140.072799426156
"2012-01-27 10:00:00",76.0247873658511
"2012-01-27 11:00:00",149.768653863753
"2012-01-27 12:00:00",189.954199311591
"2012-01-27 13:00:00",203.291526009464
"2012-01-27 14:00:00",180.839932038128
"2012-01-27 15:00:00",205.650759826423
"2012-01-27 16:00:00",238.566688148511
"2012-01-27 17:00:00",369.936556930699
"2012-01-27 18:00:00",310.967721646605
"2012-01-27 19:00:00",207.617781493532
"2012-01-27 20:00:00",137.095703999029
"2012-01-27 21:00:00",106.100775293235
"2012-01-27 22:00:00",101.189458616399
"2012-01-27 23:00:00",76.4074452533815
"2012-01-28 00:00:00",61.8504743014596
"2012-01-28 01:00:00",49.9329624941371
"2012-01-28 02:00:00",35.4048908875885
"2012-01-28 03:00:00",15.4365460207861
"2012-01-28 04:00:00",4.93393718383405
"2012-01-28 05:00:00",4.81115897266067
"2012-01-28 06:00:00",12.3076850883524
"2012-01-28 07:00:00",28.6678274887272
"2012-01-28 08:00:00",67.2788909909279
"2012-01-28 09:00:00",111.002763077675
"2012-01-28 10:00:00",160.913747359553
"2012-01-28 11:00:00",213.108326915382
"2012-01-28 12:00:00",226.932552517025
"2012-01-28 13:00:00",257.427667277222
"2012-01-28 14:00:00",275.210284880482
"2012-01-28 15:00:00",295.603959720608
"2012-01-28 16:00:00",285.465270752748
"2012-01-28 17:00:00",260.465141292175
"2012-01-28 18:00:00",236.471062930015
"2012-01-28 19:00:00",167.80749318399
"2012-01-28 20:00:00",146.118306222115
"2012-01-28 21:00:00",113.619565666321
"2012-01-28 22:00:00",101.49651117494
"2012-01-28 23:00:00",86.2787379720902
"2012-01-29 00:00:00",66.0974077401456
"2012-01-29 01:00:00",53.6544667347395
"2012-01-29 02:00:00",40.1552157115411
"2012-01-29 03:00:00",19.7327711145055
"2012-01-29 04:00:00",5.66485231678731
"2012-01-29 05:00:00",4.60184851165789
"2012-01-29 06:00:00",6.82592736115996
"2012-01-29 07:00:00",18.4306990332607
"2012-01-29 08:00:00",43.56807825024
"2012-01-29 09:00:00",80.7049935954305
"2012-01-29 10:00:00",150.135097081262
"2012-01-29 11:00:00",195.620660760368
"2012-01-29 12:00:00",256.011932304712
"2012-01-29 13:00:00",252.63538295931
"2012-01-29 14:00:00",237.666260499779
"2012-01-29 15:00:00",258.05224797671
"2012-01-29 16:00:00",248.906369210228
"2012-01-29 17:00:00",224.719796521338
"2012-01-29 18:00:00",178.607437897852
"2012-01-29 19:00:00",137.103706794348
"2012-01-29 20:00:00",103.276665526132
"2012-01-29 21:00:00",79.7566198025166
"2012-01-29 22:00:00",64.5880682418317
"2012-01-29 23:00:00",40.5287808476238
"2012-01-30 00:00:00",19.5796877767062
"2012-01-30 01:00:00",8.19231547870617
"2012-01-30 02:00:00",4.65277931118911
"2012-01-30 03:00:00",2.69736684316028
"2012-01-30 04:00:00",3.1703020768266
"2012-01-30 05:00:00",11.2175096658092
"2012-01-30 06:00:00",47.8562963532259
"2012-01-30 07:00:00",134.201536108625
"2012-01-30 08:00:00",226.09194486498
"2012-01-30 09:00:00",127.373168448275
"2012-01-30 10:00:00",75.4083268103736
"2012-01-30 11:00:00",102.832330337712
"2012-01-30 12:00:00",115.341432730975
"2012-01-30 13:00:00",128.306627996902
"2012-01-30 14:00:00",126.627994285659
"2012-01-30 15:00:00",133.851823439476
"2012-01-30 16:00:00",200.024108201931
"2012-01-30 17:00:00",374.604457550136
"2012-01-30 18:00:00",346.470063038469
"2012-01-30 19:00:00",227.251470979563
"2012-01-30 20:00:00",157.774227645837
"2012-01-30 21:00:00",112.635191579324
"2012-01-30 22:00:00",71.1791428226753
"2012-01-30 23:00:00",39.0753052397409
"2012-01-31 00:00:00",16.4856845222466
"2012-01-31 01:00:00",7.55626037136289
"2012-01-31 02:00:00",3.82994374152536
"2012-01-31 03:00:00",2.58714774743914
"2012-01-31 04:00:00",3.58397236834181
"2012-01-31 05:00:00",16.5812823225912
"2012-01-31 06:00:00",74.1316032196245
"2012-01-31 07:00:00",193.779208056841
"2012-01-31 08:00:00",324.361484771035
"2012-01-31 09:00:00",167.597825557346
"2012-01-31 10:00:00",86.6159843864357
"2012-01-31 11:00:00",114.86509029254
"2012-01-31 12:00:00",136.506050651062
"2012-01-31 13:00:00",166.114220608698
"2012-01-31 14:00:00",157.856050933435
"2012-01-31 15:00:00",178.452639913836
"2012-01-31 16:00:00",281.338924464498
"2012-01-31 17:00:00",562.783316018736
"2012-01-31 18:00:00",558.918177286499
"2012-01-31 19:00:00",360.517170247933
"2012-01-31 20:00:00",203.964377606929
"2012-01-31 21:00:00",172.681884315797
"2012-01-31 22:00:00",116.742455537737
"2012-01-31 23:00:00",69.9020856110093
"2012-02-20 00:00:00",17.2473691392537
"2012-02-20 01:00:00",7.68953534610548
"2012-02-20 02:00:00",4.52162222245005
"2012-02-20 03:00:00",2.41180452113234
"2012-02-20 05:00:00",10.2863767556766
"2012-02-20 06:00:00",47.179376694573
"2012-02-20 07:00:00",120.071196408885
"2012-02-20 08:00:00",215.870391628335
"2012-02-20 09:00:00",121.614663327751
"2012-02-20 10:00:00",71.0919644893804
"2012-02-20 11:00:00",90.8706792770922
"2012-02-20 12:00:00",126.311667308305
"2012-02-20 13:00:00",123.086240218087
"2012-02-20 14:00:00",122.250500842271
"2012-02-20 15:00:00",137.338096571847
"2012-02-20 16:00:00",215.018564713615
"2012-02-20 17:00:00",382.117064330977
"2012-02-20 18:00:00",334.268170508719
"2012-02-20 19:00:00",243.98417226316
"2012-02-20 20:00:00",173.183146232185
"2012-02-20 21:00:00",113.021446722526
"2012-02-20 22:00:00",78.0756144592331
"2012-02-20 23:00:00",46.4534844579203
"2012-02-21 00:00:00",16.9486198900263
"2012-02-21 01:00:00",7.50279231942855
"2012-02-21 02:00:00",3.5487348167756
"2012-02-21 04:00:00",3.17755777337594
"2012-02-21 05:00:00",14.1277436260942
"2012-02-21 06:00:00",65.5600241985138
"2012-02-21 07:00:00",189.644597688261
"2012-02-21 08:00:00",287.889783211537
"2012-02-21 09:00:00",138.330016731511
"2012-02-21 10:00:00",79.18483240345
"2012-02-21 11:00:00",73.1955984532567
"2012-02-21 12:00:00",94.4088376287251
"2012-02-21 13:00:00",116.010783420775
"2012-02-21 14:00:00",90.1165755399087
"2012-02-21 15:00:00",111.249888885576
"2012-02-21 16:00:00",184.526571543845
"2012-02-21 17:00:00",383.298693139799
"2012-02-21 18:00:00",370.916803822612
"2012-02-21 19:00:00",253.559387232292
"2012-02-21 20:00:00",171.826445129962
"2012-02-21 21:00:00",130.692204762511
"2012-02-21 22:00:00",82.5272269883328
"2012-02-21 23:00:00",51.42970952273
"2012-02-22 00:00:00",21.2849986890853
"2012-02-22 01:00:00",9.21813901487602
"2012-02-22 02:00:00",4.10711525781249
"2012-02-22 03:00:00",3.01445670192319
"2012-02-22 04:00:00",3.24715859836704
"2012-02-22 05:00:00",17.1923307421007
"2012-02-22 06:00:00",78.0245195647965
"2012-02-22 07:00:00",218.734782970883
"2012-02-22 08:00:00",360.644035746036
"2012-02-22 09:00:00",187.413796732086
"2012-02-22 10:00:00",99.0396540815251
"2012-02-22 11:00:00",105.088962989996
"2012-02-22 12:00:00",141.781613376572
"2012-02-22 13:00:00",135.804988426858
"2012-02-22 14:00:00",129.558699116802
"2012-02-22 15:00:00",166.166271390685
"2012-02-22 16:00:00",243.253124637377
"2012-02-22 17:00:00",484.723200642654
"2012-02-22 18:00:00",417.148917263568
"2012-02-22 19:00:00",283.122360037262
"2012-02-22 20:00:00",201.76979148053
"2012-02-22 21:00:00",158.841310420497
"2012-02-22 22:00:00",110.625810962999
"2012-02-22 23:00:00",67.4998586746857
"2012-02-23 00:00:00",30.0129919651219
"2012-02-23 01:00:00",11.8759388448903
"2012-02-23 02:00:00",6.46207572234104
"2012-02-23 03:00:00",2.23748469715289
"2012-02-23 04:00:00",3.87207351596168
"2012-02-23 05:00:00",21.2302985631874
"2012-02-23 06:00:00",89.4530685491299
"2012-02-23 07:00:00",248.738098553305
"2012-02-23 08:00:00",385.244312888898
"2012-02-23 09:00:00",187.558453503189
"2012-02-23 10:00:00",109.895235716287
"2012-02-23 11:00:00",146.536835610236
"2012-02-23 12:00:00",189.694814906811
"2012-02-23 13:00:00",194.604846503726
"2012-02-23 14:00:00",173.882790359595
"2012-02-23 15:00:00",196.192510429685
"2012-02-23 16:00:00",322.366444764141
"2012-02-23 17:00:00",576.203408146376
"2012-02-23 18:00:00",538.85085364149
"2012-02-23 19:00:00",357.447104334135
"2012-02-23 20:00:00",246.991177027688
"2012-02-23 21:00:00",174.555346453968
"2012-02-23 22:00:00",129.702302781771
"2012-02-23 23:00:00",92.092933135353
"2012-02-24 00:00:00",44.0419857557817
"2012-02-24 01:00:00",21.8448693919839
"2012-02-24 02:00:00",5.51160536136908
"2012-02-24 03:00:00",4.92751988324364
"2012-02-24 04:00:00",4.27078988183927
"2012-02-24 05:00:00",18.1774983714081
"2012-02-24 06:00:00",73.5610390915641
"2012-02-24 07:00:00",207.39637988348
"2012-02-24 08:00:00",347.530443485169
"2012-02-24 09:00:00",112.169484073256
"2012-02-24 10:00:00",64.235887962117
"2012-02-24 11:00:00",125.66251314449
"2012-02-24 12:00:00",166.193421232702
"2012-02-24 13:00:00",174.033540115342
"2012-02-24 14:00:00",171.581418239272
"2012-02-24 15:00:00",93.8838217179855
"2012-02-24 16:00:00",126.755485226807
"2012-02-24 17:00:00",217.135355545859
"2012-02-24 18:00:00",314.885770062813
"2012-02-24 19:00:00",225.623604696196
"2012-02-24 20:00:00",163.64372947002
"2012-02-24 21:00:00",120.193087445023
"2012-02-24 22:00:00",111.543259174418
"2012-02-24 23:00:00",82.1424072137453
"2012-02-25 00:00:00",69.5364890334594
"2012-02-25 01:00:00",52.1202438770708
"2012-02-25 02:00:00",37.8886396764014
"2012-02-25 03:00:00",15.9988248019333
"2012-02-25 04:00:00",5.20593022974413
"2012-02-25 05:00:00",4.80098739206015
"2012-02-25 06:00:00",11.8952058776394
"2012-02-25 07:00:00",28.703522765448
"2012-02-25 08:00:00",72.045347380351
"2012-02-25 09:00:00",55.487024250413
"2012-02-25 10:00:00",150.840631646516
"2012-02-25 11:00:00",186.177054246502
"2012-02-25 12:00:00",219.179123887584
"2012-02-25 13:00:00",235.905244462045
"2012-02-25 14:00:00",234.126145556776
"2012-02-25 15:00:00",244.918054832967
"2012-02-25 16:00:00",216.11999226118
"2012-02-25 17:00:00",202.014075951975
"2012-02-25 18:00:00",161.606598617867
"2012-02-25 19:00:00",131.928687942848
"2012-02-25 20:00:00",99.4789128816224
"2012-02-25 21:00:00",85.2531827980675
"2012-02-25 22:00:00",73.0617466452647
"2012-02-25 23:00:00",65.7727660643875
"2012-02-26 00:00:00",54.6021819989422
"2012-02-26 01:00:00",46.3906078841382
"2012-02-26 02:00:00",36.0518763814091
"2012-02-26 03:00:00",18.6678784402305
"2012-02-26 04:00:00",5.28541792699861
"2012-02-26 05:00:00",4.67085803288765
"2012-02-26 06:00:00",6.61661690182774
"2012-02-26 07:00:00",17.4198773543931
"2012-02-26 08:00:00",43.570354135169
"2012-02-26 09:00:00",85.053058318824
"2012-02-26 10:00:00",155.032279765296
"2012-02-26 11:00:00",189.499489791096
"2012-02-26 12:00:00",247.006380122641
"2012-02-26 13:00:00",268.044803996171
"2012-02-26 14:00:00",269.206561577961
"2012-02-26 15:00:00",280.946968031711
"2012-02-26 16:00:00",257.665150428368
"2012-02-26 17:00:00",234.880890363777
"2012-02-26 18:00:00",179.428301728915
"2012-02-26 19:00:00",147.184565547036
"2012-02-26 20:00:00",109.986879159629
"2012-02-26 21:00:00",82.564857582673
"2012-02-26 22:00:00",63.6200846648917
"2012-02-26 23:00:00",38.1374035101321
"2012-02-27 00:00:00",19.0068829404149
"2012-02-27 01:00:00",8.52283498298787
"2012-02-27 02:00:00",4.87311629830505
"2012-02-27 03:00:00",2.6799219322396
"2012-02-27 04:00:00",3.26322961935661
"2012-02-27 05:00:00",11.5463160638398
"2012-02-27 06:00:00",49.2211067717612
"2012-02-27 07:00:00",141.563554648439
"2012-02-27 08:00:00",262.53817688295
"2012-02-27 09:00:00",144.854268979105
"2012-02-27 10:00:00",95.3179537311807
"2012-02-27 11:00:00",119.128701473224
"2012-02-27 12:00:00",165.350157592612
"2012-02-27 13:00:00",155.162089024377
"2012-02-27 14:00:00",164.35357697697
"2012-02-27 15:00:00",197.558290910362
"2012-02-27 16:00:00",287.857023132958
"2012-02-27 17:00:00",512.713053620143
"2012-02-27 18:00:00",477.833127225377
"2012-02-27 19:00:00",336.746267292489
"2012-02-27 20:00:00",226.951198227218
"2012-02-27 21:00:00",158.452757953762
"2012-02-27 22:00:00",102.043422008831
"2012-02-27 23:00:00",56.9749847369391
"2012-02-28 00:00:00",23.3174186602916
"2012-02-28 01:00:00",9.17304253187251
"2012-02-28 02:00:00",4.9063924387121
"2012-02-28 03:00:00",3.2047709029105
"2012-02-28 04:00:00",3.59089669171006
"2012-02-28 05:00:00",16.6133177706532
"2012-02-28 06:00:00",74.1133584249303
"2012-02-28 07:00:00",198.366641956909
"2012-02-28 08:00:00",308.976062285334
"2012-02-28 09:00:00",152.976494082478
"2012-02-28 10:00:00",89.357279143123
"2012-02-28 11:00:00",100.766114359806
"2012-02-28 12:00:00",133.29863573466
"2012-02-28 13:00:00",138.301102609242
"2012-02-28 14:00:00",136.294517841625
"2012-02-28 15:00:00",155.785468343987
"2012-02-28 16:00:00",244.510763065816
"2012-02-28 17:00:00",486.569020535821
"2012-02-28 18:00:00",457.580039773585
"2012-02-28 19:00:00",334.247288724004
"2012-02-28 20:00:00",213.926617462574
"2012-02-28 21:00:00",136.280111152625
"2012-02-28 22:00:00",96.7238953283307
"2012-02-28 23:00:00",52.321484045722
"2012-02-29 00:00:00",22.5068346260213
"2012-02-29 01:00:00",9.56952462112582
"2012-02-29 02:00:00",3.88812226243625
"2012-02-29 03:00:00",3.04916277999433
"2012-02-29 05:00:00",15.1923456481157
"2012-02-29 06:00:00",67.2553384978064
"2012-02-29 07:00:00",173.466145829842
"2012-02-29 08:00:00",314.243500346318
"2012-02-29 09:00:00",96.1008746434623
"2012-02-29 10:00:00",48.7653456434619
"2012-02-29 11:00:00",49.5901822245073
"2012-02-29 12:00:00",62.644725245357
"2012-02-29 13:00:00",99.8043871672997
"2012-02-29 14:00:00",92.2315966056078
"2012-02-29 15:00:00",114.468155251555
"2012-02-29 16:00:00",100.865123403052
"2012-02-29 17:00:00",328.543590670631
"2012-02-29 18:00:00",216.273483015331
"2012-02-29 19:00:00",241.318490847562
"2012-02-29 20:00:00",108.371443830992
"2012-02-29 21:00:00",77.9236655817854
"2012-02-29 22:00:00",58.0658886005574
"2012-02-29 23:00:00",33.7980937056887
"2012-03-20 00:00:00",25.4663222783606
"2012-03-20 01:00:00",11.9322371713157
"2012-03-20 02:00:00",5.73506681213887
"2012-03-20 03:00:00",3.64926512455762
"2012-03-20 04:00:00",4.69583129461572
"2012-03-20 05:00:00",22.2671727771729
"2012-03-20 06:00:00",98.1238170557305
"2012-03-20 07:00:00",162.529053700564
"2012-03-20 08:00:00",460.144466933223
"2012-03-20 09:00:00",223.795870846319
"2012-03-20 10:00:00",132.522416249807
"2012-03-20 11:00:00",143.823193194515
"2012-03-20 12:00:00",173.441073379732
"2012-03-20 13:00:00",181.087772379127
"2012-03-20 14:00:00",150.939986514267
"2012-03-20 15:00:00",171.462997889532
"2012-03-20 16:00:00",288.671923136233
"2012-03-20 17:00:00",552.954974543458
"2012-03-20 18:00:00",533.024363613253
"2012-03-20 19:00:00",369.233968564186
"2012-03-20 20:00:00",269.743385547342
"2012-03-20 21:00:00",199.431818001079
"2012-03-20 22:00:00",136.216258077269
"2012-03-20 23:00:00",77.3305868480773
"2012-03-21 00:00:00",44.1790031718016
"2012-03-21 01:00:00",18.4380086084708
"2012-03-21 02:00:00",7.75438983235958
"2012-03-21 03:00:00",5.5170905271638
"2012-03-21 04:00:00",5.41960665355628
"2012-03-21 05:00:00",29.3113086214886
"2012-03-21 06:00:00",126.735626202377
"2012-03-21 07:00:00",213.026726654196
"2012-03-21 08:00:00",376.214087523228
"2012-03-21 09:00:00",314.925584278924
"2012-03-21 10:00:00",166.900920321762
"2012-03-21 11:00:00",172.545376618164
"2012-03-21 12:00:00",243.712697252912
"2012-03-21 13:00:00",216.7492627499
"2012-03-21 14:00:00",208.641717582354
"2012-03-21 15:00:00",229.527913786474
"2012-03-21 16:00:00",372.025991714404
"2012-03-21 17:00:00",734.244418488617
"2012-03-21 18:00:00",775.606671205766
"2012-03-21 19:00:00",555.16347952823
"2012-03-21 20:00:00",357.32845686542
"2012-03-21 21:00:00",245.47956973596
"2012-03-21 22:00:00",182.355026807075
"2012-03-21 23:00:00",117.204018039802
"2012-03-22 00:00:00",50.6817156453708
"2012-03-22 01:00:00",20.7933068122663
"2012-03-22 02:00:00",11.2053839971623
"2012-03-22 03:00:00",6.39320336700808
"2012-03-22 04:00:00",5.60171462462254
"2012-03-22 05:00:00",30.7137954525568
"2012-03-22 06:00:00",141.451120119738
"2012-03-22 07:00:00",393.154916791781
"2012-03-22 08:00:00",662.855575875881
"2012-03-22 09:00:00",313.29275675775
"2012-03-22 10:00:00",152.661767744637
"2012-03-22 11:00:00",191.138240885178
"2012-03-22 12:00:00",227.624886341438
"2012-03-22 13:00:00",268.507702309596
"2012-03-22 14:00:00",242.529948156257
"2012-03-22 15:00:00",260.400779320893
"2012-03-22 16:00:00",406.792486510904
"2012-03-22 17:00:00",806.625025753577
"2012-03-22 18:00:00",759.564798595017
"2012-03-22 19:00:00",575.905410167176
"2012-03-22 20:00:00",376.465490046509
"2012-03-22 21:00:00",286.54094309613
"2012-03-22 22:00:00",206.335518759502
"2012-03-22 23:00:00",139.597318480185
"2012-03-23 00:00:00",78.3280323717994
"2012-03-23 01:00:00",35.554704575845
"2012-03-23 02:00:00",17.4038038456482
"2012-03-23 03:00:00",8.07062430017086
"2012-03-23 04:00:00",6.39426728837026
"2012-03-23 05:00:00",31.4718566860912
"2012-03-23 06:00:00",128.394413206326
"2012-03-23 07:00:00",340.426805531549
"2012-03-23 08:00:00",612.146399947183
"2012-03-23 09:00:00",351.260712767342
"2012-03-23 10:00:00",205.24052300353
"2012-03-23 11:00:00",266.952365948906
"2012-03-23 12:00:00",337.030427286955
"2012-03-23 13:00:00",382.242567327064
"2012-03-23 14:00:00",343.633928490347
"2012-03-23 15:00:00",369.09501070217
"2012-03-23 16:00:00",493.529877836602
"2012-03-23 17:00:00",804.120933249704
"2012-03-23 18:00:00",742.364713467462
"2012-03-23 19:00:00",502.314144498353
"2012-03-23 20:00:00",356.776802185401
"2012-03-23 21:00:00",279.134767139509
"2012-03-23 22:00:00",224.922619342487
"2012-03-23 23:00:00",177.815151867796
"2012-03-24 00:00:00",154.702249871195
"2012-03-24 01:00:00",112.104667483656
"2012-03-24 02:00:00",79.4124037033201
"2012-03-24 03:00:00",35.6421050050713
"2012-03-24 04:00:00",11.1994360893403
"2012-03-24 05:00:00",9.98497328038822
"2012-03-24 06:00:00",24.739351127931
"2012-03-24 07:00:00",58.0436692493698
"2012-03-24 08:00:00",140.330193484093
"2012-03-24 09:00:00",235.214574091833
"2012-03-24 10:00:00",316.42056850922
"2012-03-24 11:00:00",362.826590453346
"2012-03-24 12:00:00",252.327083666074
"2012-03-24 13:00:00",255.738042568415
"2012-03-24 14:00:00",254.234212934565
"2012-03-24 15:00:00",238.667520264318
"2012-03-24 16:00:00",229.926076743667
"2012-03-24 17:00:00",220.883221221778
"2012-03-24 18:00:00",174.775394899692
"2012-03-24 19:00:00",155.690554658108
"2012-03-24 20:00:00",113.34849932903
"2012-03-24 21:00:00",95.0196370790752
"2012-03-24 22:00:00",83.570277276062
"2012-03-24 23:00:00",122.699413051828
"2012-03-25 00:00:00",99.9123035731837
"2012-03-25 01:00:00",81.0870012787457
"2012-03-25 02:00:00",37.7818859865793
"2012-03-25 03:00:00",18.9494962964329
"2012-03-25 04:00:00",8.73479391867576
"2012-03-25 05:00:00",7.96636181421179
"2012-03-25 06:00:00",11.6729552486236
"2012-03-25 07:00:00",31.4254853841503
"2012-03-25 08:00:00",77.4700658673434
"2012-03-25 09:00:00",147.038318676711
"2012-03-25 10:00:00",237.426836730939
"2012-03-25 11:00:00",290.854256081933
"2012-03-25 12:00:00",347.24558369764
"2012-03-25 13:00:00",366.835710817573
"2012-03-25 14:00:00",360.974615394371
"2012-03-25 15:00:00",354.071527084619
"2012-03-25 16:00:00",455.540099946738
"2012-03-25 17:00:00",418.675169398402
"2012-03-25 18:00:00",344.441485557221
"2012-03-25 19:00:00",257.010631802799
"2012-03-25 20:00:00",196.330579550614
"2012-03-25 21:00:00",156.514208858884
"2012-03-25 22:00:00",119.187204071317
"2012-03-25 23:00:00",80.3572463384683
"2012-03-26 00:00:00",37.3485697880807
"2012-03-26 01:00:00",17.7383788349817
"2012-03-26 02:00:00",10.0308512751837
"2012-03-26 03:00:00",5.6552169032954
"2012-03-26 04:00:00",6.9216973931735
"2012-03-26 05:00:00",24.7880028193231
"2012-03-26 06:00:00",99.2588777685722
"2012-03-26 07:00:00",298.587807631529
"2012-03-26 08:00:00",522.543332164917
"2012-03-26 09:00:00",311.997462574879
"2012-03-26 10:00:00",182.518943362532
"2012-03-26 11:00:00",201.902989727499
"2012-03-26 12:00:00",259.709840679463
"2012-03-26 13:00:00",235.428241987674
"2012-03-26 14:00:00",229.700039154737
"2012-03-26 15:00:00",237.358323353637
"2012-03-26 16:00:00",338.246530308985
"2012-03-26 17:00:00",611.701297484472
"2012-03-26 18:00:00",562.322178737103
"2012-03-26 19:00:00",405.088715109456
"2012-03-26 20:00:00",256.288838797335
"2012-03-26 21:00:00",176.883988861284
"2012-03-26 22:00:00",119.356256054967
"2012-03-26 23:00:00",61.7975174931036
"2012-03-27 00:00:00",24.0018583036307
"2012-03-27 01:00:00",10.2324584495514
"2012-03-27 02:00:00",4.82275315778922
"2012-03-27 03:00:00",3.23750094379204
"2012-03-27 04:00:00",4.20984685613772
"2012-03-27 05:00:00",19.0193168954861
"2012-03-27 06:00:00",90.9832146330258
"2012-03-27 07:00:00",252.56699985971
"2012-03-27 08:00:00",397.048130106797
"2012-03-27 09:00:00",207.572154811459
"2012-03-27 10:00:00",117.625999378824
"2012-03-27 11:00:00",132.835961641285
"2012-03-27 12:00:00",168.659923586212
"2012-03-27 13:00:00",202.291859047191
"2012-03-27 14:00:00",190.836311342018
"2012-03-27 15:00:00",227.895142048134
"2012-03-27 16:00:00",359.28733912518
"2012-03-27 17:00:00",753.766844971793
"2012-03-27 18:00:00",673.608144753016
"2012-03-27 19:00:00",478.180209791635
"2012-03-27 20:00:00",328.385745376647
"2012-03-27 21:00:00",199.31351674122
"2012-03-27 22:00:00",142.836361358901
"2012-03-27 23:00:00",83.2834082745246
"2012-03-28 00:00:00",33.3146056952476
"2012-03-28 01:00:00",13.8812822118773
"2012-03-28 02:00:00",5.87973235504368
"2012-03-28 03:00:00",4.68074185918567
"2012-03-28 04:00:00",4.76499233095921
"2012-03-28 05:00:00",25.7709036319311
"2012-03-28 06:00:00",117.294215213308
"2012-03-28 07:00:00",324.092718934192
"2012-03-28 08:00:00",576.521052303735
"2012-03-28 09:00:00",292.084396106408
"2012-03-28 10:00:00",171.352612014861
"2012-03-28 11:00:00",193.030103215209
"2012-03-28 12:00:00",246.196672662456
"2012-03-28 13:00:00",251.612996304589
"2012-03-28 14:00:00",252.553874851163
"2012-03-28 15:00:00",255.195906894664
"2012-03-28 16:00:00",234.089174575087
"2012-03-28 17:00:00",727.88025309517
"2012-03-28 18:00:00",746.917590595202
"2012-03-28 19:00:00",537.745006792647
"2012-03-28 20:00:00",377.997320803324
"2012-03-28 21:00:00",265.88729640096
"2012-03-28 22:00:00",206.747612550545
"2012-03-28 23:00:00",115.620902179879
"2012-03-29 00:00:00",52.8604242500643
"2012-03-29 01:00:00",23.3368024510536
"2012-03-29 02:00:00",14.120282554356
"2012-03-29 03:00:00",7.9574883541129
"2012-03-29 04:00:00",7.51039415940354
"2012-03-29 05:00:00",39.008939018172
"2012-03-29 06:00:00",158.759412526707
"2012-03-29 07:00:00",435.530008328458
"2012-03-29 08:00:00",695.315041788333
"2012-03-29 09:00:00",340.933059070423
"2012-03-29 10:00:00",161.431755466895
"2012-03-29 11:00:00",206.035439559789
"2012-03-29 12:00:00",246.217209394831
"2012-03-29 13:00:00",229.530301131155
"2012-03-29 14:00:00",216.239607275155
"2012-03-29 15:00:00",242.432191477938
"2012-03-29 16:00:00",375.048204183027
"2012-03-29 17:00:00",711.877007392449
"2012-03-29 18:00:00",663.144485987542
"2012-03-29 19:00:00",452.749482175491
"2012-03-29 20:00:00",333.562477789677
"2012-03-29 21:00:00",244.165716343183
"2012-03-29 22:00:00",176.692079064998
"2012-03-29 23:00:00",114.249863173193
"2012-03-30 00:00:00",59.5938987962651
"2012-03-30 01:00:00",26.893007817598
"2012-03-30 02:00:00",12.8261177061346
"2012-03-30 03:00:00",6.10525259164863
"2012-03-30 04:00:00",5.7001241740575
"2012-03-30 05:00:00",25.6522299501113
"2012-03-30 06:00:00",101.875416209718
"2012-03-30 07:00:00",283.549154095937
"2012-03-30 08:00:00",505.328662464269
"2012-03-30 09:00:00",290.739421092199
"2012-03-30 10:00:00",157.184944664562
"2012-03-30 11:00:00",191.068306092135
"2012-03-30 12:00:00",243.715750706996
"2012-03-30 13:00:00",154.067804837021
"2012-03-30 14:00:00",138.284391969094
"2012-03-30 15:00:00",156.515315470893
"2012-03-30 16:00:00",181.727569054197
"2012-03-30 17:00:00",496.235112838055
"2012-03-30 18:00:00",497.122043957356
"2012-03-30 19:00:00",327.60798268129
"2012-03-30 20:00:00",229.634986036102
"2012-03-30 21:00:00",180.060003467157
"2012-03-30 22:00:00",153.873189959094
"2012-03-30 23:00:00",129.523522002088
"2012-03-31 00:00:00",101.118038409367
"2012-03-31 01:00:00",75.3642363289427
"2012-03-31 02:00:00",56.7097600620126
"2012-03-31 03:00:00",26.581493176636
"2012-03-31 04:00:00",8.66612520206464
"2012-03-31 05:00:00",8.80153797988799
"2012-03-31 06:00:00",18.5973556547097
"2012-03-31 07:00:00",45.1319236557696
"2012-03-31 08:00:00",112.144385617576
"2012-03-31 09:00:00",191.414222489974
"2012-03-31 10:00:00",271.867320133896
"2012-03-31 11:00:00",404.426243168934
"2012-03-31 12:00:00",498.505284742741
"2012-03-31 13:00:00",549.443903211314
"2012-03-31 14:00:00",452.686024220734
"2012-03-31 15:00:00",469.647923864963
"2012-03-31 16:00:00",414.215033185525
"2012-03-31 17:00:00",384.633478267398
"2012-03-31 18:00:00",271.396128457237
"2012-03-31 19:00:00",249.626675080486
"2012-03-31 20:00:00",176.952681268855
"2012-03-31 21:00:00",148.338792783908
"2012-03-31 22:00:00",130.840030369189
"2012-03-31 23:00:00",109.593235438784
"2012-04-20 00:00:00",70.980417926401
"2012-04-20 01:00:00",30.2272248012875
"2012-04-20 02:00:00",14.4972298476203
"2012-04-20 03:00:00",7.13124275317481
"2012-04-20 04:00:00",6.17574318759176
"2012-04-20 05:00:00",30.3963059041171
"2012-04-20 06:00:00",123.468251227093
"2012-04-20 07:00:00",342.37934488284
"2012-04-20 08:00:00",638.990781255723
"2012-04-20 09:00:00",354.277762157149
"2012-04-20 10:00:00",209.46052609884
"2012-04-20 11:00:00",269.253331851518
"2012-04-20 12:00:00",361.700555589853
"2012-04-20 13:00:00",387.141886225128
"2012-04-20 14:00:00",351.293470726635
"2012-04-20 15:00:00",379.837779418772
"2012-04-20 16:00:00",525.790263882794
"2012-04-20 17:00:00",811.697011355512
"2012-04-20 18:00:00",673.126575727897
"2012-04-20 19:00:00",474.313225525606
"2012-04-20 20:00:00",318.470988975539
"2012-04-20 21:00:00",245.415884058481
"2012-04-20 22:00:00",208.816499254356
"2012-04-20 23:00:00",166.221120366366
"2012-04-21 00:00:00",129.420631861468
"2012-04-21 01:00:00",100.524750761805
"2012-04-21 02:00:00",76.5395534948492
"2012-04-21 03:00:00",31.9178520281147
"2012-04-21 04:00:00",10.3507354058395
"2012-04-21 05:00:00",10.3666752908576
"2012-04-21 06:00:00",25.9338844196294
"2012-04-21 07:00:00",61.7323506490852
"2012-04-21 08:00:00",161.468212814576
"2012-04-21 09:00:00",267.476141905545
"2012-04-21 10:00:00",401.732242448314
"2012-04-21 11:00:00",489.043251655554
"2012-04-21 12:00:00",586.021262283955
"2012-04-21 13:00:00",613.73756084757
"2012-04-21 14:00:00",638.869753738495
"2012-04-21 15:00:00",664.312463334386
"2012-04-21 16:00:00",592.995006714948
"2012-04-21 17:00:00",515.575601606026
"2012-04-21 18:00:00",393.467550840408
"2012-04-21 19:00:00",170.292082430367
"2012-04-21 20:00:00",126.378470813324
"2012-04-21 21:00:00",102.915919076842
"2012-04-21 22:00:00",165.988815862201
"2012-04-21 23:00:00",130.78884939058
"2012-04-22 00:00:00",109.631495378406
"2012-04-22 01:00:00",88.4840129667403
"2012-04-22 02:00:00",78.5139665569256
"2012-04-22 03:00:00",34.6552760524904
"2012-04-22 04:00:00",9.93085984816143
"2012-04-22 05:00:00",9.09605764527195
"2012-04-22 06:00:00",13.0414429994571
"2012-04-22 07:00:00",20.1782589802379
"2012-04-22 08:00:00",49.4797602451055
"2012-04-22 09:00:00",91.6704570052607
"2012-04-22 10:00:00",140.389788169156
"2012-04-22 11:00:00",170.356628987989
"2012-04-22 12:00:00",199.495425054613
"2012-04-22 13:00:00",196.803382028863
"2012-04-22 14:00:00",186.993686585607
"2012-04-22 15:00:00",181.652156705046
"2012-04-22 16:00:00",178.288233864439
"2012-04-22 17:00:00",153.341370539764
"2012-04-22 18:00:00",126.153001960899
"2012-04-22 19:00:00",97.8808611357576
"2012-04-22 20:00:00",79.4643546757574
"2012-04-22 21:00:00",63.3764529988116
"2012-04-22 22:00:00",46.1417712126215
"2012-04-22 23:00:00",32.2202217785746
"2012-04-23 00:00:00",16.8232168039654
"2012-04-23 01:00:00",7.28144065516676
"2012-04-23 02:00:00",6.8348838438164
"2012-04-23 03:00:00",3.84264025107181
"2012-04-23 04:00:00",2.81926450568368
"2012-04-23 05:00:00",9.975430125143
"2012-04-23 06:00:00",69.2587427614738
"2012-04-23 07:00:00",121.036525389315
"2012-04-23 08:00:00",337.327114211931
"2012-04-23 09:00:00",186.40463568557
"2012-04-23 10:00:00",115.106017806047
"2012-04-23 11:00:00",129.381692670087
"2012-04-23 12:00:00",103.98996820933
"2012-04-23 13:00:00",98.1021722169697
"2012-04-23 14:00:00",92.3222448097524
"2012-04-23 15:00:00",166.742796160604
"2012-04-23 16:00:00",125.190038142137
"2012-04-23 17:00:00",223.397322097814
"2012-04-23 18:00:00",239.598809399228
"2012-04-23 19:00:00",292.89390404529
"2012-04-23 20:00:00",201.482200170603
"2012-04-23 21:00:00",140.637956517053
"2012-04-23 22:00:00",106.428741053744
"2012-04-23 23:00:00",61.6860321115253
"2012-04-24 00:00:00",23.2283260329985
"2012-04-24 01:00:00",10.1435889093586
"2012-04-24 02:00:00",5.39816015835159
"2012-04-24 03:00:00",3.62377008227707
"2012-04-24 04:00:00",4.90647845528826
"2012-04-24 05:00:00",22.6998693392511
"2012-04-24 06:00:00",104.47222907687
"2012-04-24 07:00:00",298.235876990582
"2012-04-24 08:00:00",514.950231929545
"2012-04-24 09:00:00",281.830056380235
"2012-04-24 10:00:00",163.70719662663
"2012-04-24 11:00:00",180.732043682003
"2012-04-24 12:00:00",229.221424261865
"2012-04-24 13:00:00",244.513590828158
"2012-04-24 14:00:00",219.693660801527
"2012-04-24 15:00:00",236.381917287681
"2012-04-24 16:00:00",400.661282856768
"2012-04-24 17:00:00",777.957775228186
"2012-04-24 18:00:00",830.035526047802
"2012-04-24 19:00:00",527.290393510412
"2012-04-24 20:00:00",345.748068188631
"2012-04-24 21:00:00",233.623979497578
"2012-04-24 22:00:00",174.29982114155
"2012-04-24 23:00:00",98.872729004056
"2012-04-25 00:00:00",44.0357312291437
"2012-04-25 01:00:00",17.6969822329717
"2012-04-25 02:00:00",6.63191777045647
"2012-04-25 03:00:00",4.64839437689561
"2012-04-25 04:00:00",4.69961129345627
"2012-04-25 05:00:00",26.1648055554585
"2012-04-25 06:00:00",122.024517832224
"2012-04-25 07:00:00",331.427066597351
"2012-04-25 08:00:00",571.07533348403
"2012-04-25 09:00:00",344.504377405643
"2012-04-25 10:00:00",225.049491997905
"2012-04-25 11:00:00",224.169998661423
"2012-04-25 12:00:00",286.841617753563
"2012-04-25 13:00:00",276.208192247957
"2012-04-25 14:00:00",247.841637346854
"2012-04-25 15:00:00",302.857165741928
"2012-04-25 16:00:00",418.210157416825
"2012-04-25 17:00:00",829.152563706539
"2012-04-25 18:00:00",854.949646285191
"2012-04-25 19:00:00",617.911268488872
"2012-04-25 20:00:00",434.63866655209
"2012-04-25 21:00:00",261.030851508338
"2012-04-25 22:00:00",205.391643492106
"2012-04-25 23:00:00",105.908050448086
"2012-04-26 00:00:00",47.3787767042306
"2012-04-26 01:00:00",19.684705310714
"2012-04-26 02:00:00",10.3540513960271
"2012-04-26 03:00:00",5.93602102991239
"2012-04-26 04:00:00",6.27606717521487
"2012-04-26 05:00:00",33.5431481315134
"2012-04-26 06:00:00",148.628438007565
"2012-04-26 07:00:00",222.958626371423
"2012-04-26 08:00:00",378.741352934569
"2012-04-26 09:00:00",177.954420774394
"2012-04-26 10:00:00",142.85804429201
"2012-04-26 11:00:00",163.028214856588
"2012-04-26 12:00:00",229.860759443405
"2012-04-26 13:00:00",213.324067262035
"2012-04-26 14:00:00",198.52302273685
"2012-04-26 15:00:00",194.461687076079
"2012-04-26 16:00:00",305.310075651713
"2012-04-26 17:00:00",695.950542539755
"2012-04-26 18:00:00",591.899596393748
"2012-04-26 19:00:00",414.108942354449
"2012-04-26 20:00:00",352.719300468008
"2012-04-26 21:00:00",257.377185892257
"2012-04-26 22:00:00",198.288959912178
"2012-04-26 23:00:00",124.184494490606
"2012-04-27 00:00:00",67.2700662273974
"2012-04-27 01:00:00",31.7816246009762
"2012-04-27 02:00:00",15.609019358005
"2012-04-27 03:00:00",6.94329641157481
"2012-04-27 04:00:00",6.57844076405895
"2012-04-27 05:00:00",30.261580414301
"2012-04-27 06:00:00",120.239529050039
"2012-04-27 07:00:00",315.568788035677
"2012-04-27 08:00:00",652.138666104909
"2012-04-27 09:00:00",320.100093791316
"2012-04-27 10:00:00",193.278658314796
"2012-04-27 11:00:00",232.234767827136
"2012-04-27 12:00:00",294.967661981984
"2012-04-27 13:00:00",290.482254795553
"2012-04-27 14:00:00",267.993969340114
"2012-04-27 15:00:00",314.614871376316
"2012-04-27 16:00:00",458.886063962947
"2012-04-27 17:00:00",754.442219114309
"2012-04-27 18:00:00",624.233392304443
"2012-04-27 19:00:00",417.179135698486
"2012-04-27 20:00:00",269.90372403581
"2012-04-27 21:00:00",208.738438926234
"2012-04-27 22:00:00",181.684900707099
"2012-04-27 23:00:00",137.98850292668
"2012-04-28 00:00:00",109.805339611567
"2012-04-28 01:00:00",77.0478855446222
"2012-04-28 02:00:00",60.2248712411766
"2012-04-28 03:00:00",25.0735461791239
"2012-04-28 04:00:00",8.37003730493688
"2012-04-28 05:00:00",8.50267320013416
"2012-04-28 06:00:00",20.5707630693832
"2012-04-28 07:00:00",50.404548412376
"2012-04-28 08:00:00",142.223641401092
"2012-04-28 09:00:00",210.667103068142
"2012-04-28 10:00:00",276.752689133006
"2012-04-28 11:00:00",338.586518390479
"2012-04-28 12:00:00",391.443950260805
"2012-04-28 13:00:00",424.484433823798
"2012-04-28 14:00:00",474.343980788058
"2012-04-28 15:00:00",454.064561963183
"2012-04-28 16:00:00",407.836749156099
"2012-04-28 17:00:00",363.98719076981
"2012-04-28 18:00:00",186.734850299073
"2012-04-28 19:00:00",135.718218265519
"2012-04-28 20:00:00",190.727118558805
"2012-04-28 21:00:00",86.8346591540965
"2012-04-28 22:00:00",130.490152906108
"2012-04-28 23:00:00",121.50199521461
"2012-04-29 00:00:00",56.4944380936333
"2012-04-29 01:00:00",78.2868312185664
"2012-04-29 02:00:00",60.8110816887393
"2012-04-29 03:00:00",29.2358184122618
"2012-04-29 04:00:00",8.43892310806297
"2012-04-29 05:00:00",8.6812013719797
"2012-04-29 06:00:00",12.1795845640682
"2012-04-29 07:00:00",30.2591370791613
"2012-04-29 08:00:00",90.1995707048689
"2012-04-29 09:00:00",175.668294322313
"2012-04-29 10:00:00",305.092424033616
"2012-04-29 11:00:00",428.793157407667
"2012-04-29 12:00:00",519.534850261801
"2012-04-29 13:00:00",530.986040397678
"2012-04-29 14:00:00",579.490173865654
"2012-04-29 15:00:00",561.562500363624
"2012-04-29 16:00:00",602.160532054334
"2012-04-29 17:00:00",540.099884425768
"2012-04-29 18:00:00",437.845095795175
"2012-04-29 19:00:00",330.704075063312
"2012-04-29 20:00:00",268.819006491013
"2012-04-29 21:00:00",184.112292810087
"2012-04-29 22:00:00",148.078351113076
"2012-04-29 23:00:00",89.4512996648642
"2012-04-30 00:00:00",39.9568043014917
"2012-04-30 01:00:00",17.0379471554528
"2012-04-30 02:00:00",10.0078054600328
"2012-04-30 03:00:00",5.18363318011894
"2012-04-30 04:00:00",6.23606912097615
"2012-04-30 05:00:00",22.0651420419929
"2012-04-30 06:00:00",102.692829844821
"2012-04-30 07:00:00",288.995909522392
"2012-04-30 08:00:00",505.709038167887
"2012-04-30 09:00:00",259.810551237545
"2012-04-30 10:00:00",159.12636936169
"2012-04-30 11:00:00",190.983569937987
"2012-04-30 12:00:00",238.251604848992
"2012-04-30 13:00:00",245.022754455428
"2012-04-30 14:00:00",226.115642977776
"2012-04-30 15:00:00",254.481555449841
"2012-04-30 16:00:00",402.353799167302
"2012-04-30 17:00:00",718.806315552438
"2012-04-30 18:00:00",621.528758171948
"2012-04-30 19:00:00",431.371076957507
"2012-04-30 20:00:00",304.894851598732
"2012-04-30 21:00:00",218.411192627046
"2012-04-30 22:00:00",151.619445609807
"2012-04-30 23:00:00",85.3706783623184
"2012-05-20 00:00:00",162.113030912812
"2012-05-20 01:00:00",138.257796994454
"2012-05-20 02:00:00",107.445304844006
"2012-05-20 03:00:00",49.5206123225078
"2012-05-20 04:00:00",13.0907186771517
"2012-05-20 05:00:00",11.6508892554688
"2012-05-20 06:00:00",17.3635386447867
"2012-05-20 07:00:00",47.1771254068931
"2012-05-20 08:00:00",129.366287467069
"2012-05-20 09:00:00",273.780961958841
"2012-05-20 10:00:00",450.835181580442
"2012-05-20 11:00:00",536.867494996249
"2012-05-20 12:00:00",640.755548297336
"2012-05-20 13:00:00",641.460330365943
"2012-05-20 14:00:00",582.968567710385
"2012-05-20 15:00:00",521.898389481061
"2012-05-20 16:00:00",574.738535991344
"2012-05-20 17:00:00",516.197884838238
"2012-05-20 18:00:00",413.494920903021
"2012-05-20 19:00:00",299.88361414858
"2012-05-20 20:00:00",237.758645833265
"2012-05-20 21:00:00",179.81758652604
"2012-05-20 22:00:00",140.906101676725
"2012-05-20 23:00:00",48.7868859818577
"2012-05-21 00:00:00",24.2372365614962
"2012-05-21 01:00:00",10.5991963102559
"2012-05-21 02:00:00",6.1922679726456
"2012-05-21 03:00:00",5.63247619272673
"2012-05-21 04:00:00",4.30103940665856
"2012-05-21 05:00:00",15.2184081983483
"2012-05-21 06:00:00",64.5853756470011
"2012-05-21 07:00:00",182.874570345708
"2012-05-21 08:00:00",320.060522663003
"2012-05-21 09:00:00",182.058789314915
"2012-05-21 10:00:00",105.136021826901
"2012-05-21 11:00:00",211.188916753516
"2012-05-21 12:00:00",260.293556836854
"2012-05-21 13:00:00",149.697601790538
"2012-05-21 14:00:00",139.370671284539
"2012-05-21 15:00:00",263.441293635652
"2012-05-21 16:00:00",367.713693705586
"2012-05-21 17:00:00",666.854540366767
"2012-05-21 18:00:00",723.766915584692
"2012-05-21 19:00:00",544.080178496834
"2012-05-21 20:00:00",374.073726029137
"2012-05-21 21:00:00",268.653360713625
"2012-05-21 22:00:00",159.772364133813
"2012-05-21 23:00:00",96.7620093442493
"2012-05-22 00:00:00",37.2344410686471
"2012-05-22 01:00:00",15.5141545587025
"2012-05-22 02:00:00",7.75031810525826
"2012-05-22 03:00:00",5.25333534580935
"2012-05-22 04:00:00",6.8391048760294
"2012-05-22 05:00:00",19.0631513706728
"2012-05-22 06:00:00",91.1899567770282
"2012-05-22 07:00:00",253.140910588913
"2012-05-22 08:00:00",670.185506061745
"2012-05-22 09:00:00",345.520874133217
"2012-05-22 10:00:00",192.990839809923
"2012-05-22 11:00:00",199.149118899247
"2012-05-22 12:00:00",236.067430316027
"2012-05-22 13:00:00",258.046327475621
"2012-05-22 14:00:00",221.513195050446
"2012-05-22 15:00:00",281.245853786463
"2012-05-22 16:00:00",441.212952283544
"2012-05-22 17:00:00",931.617340553909
"2012-05-22 18:00:00",837.744161563568
"2012-05-22 19:00:00",539.183319374847
"2012-05-22 20:00:00",368.320924232881
"2012-05-22 21:00:00",277.447384927815
"2012-05-22 22:00:00",203.862552098655
"2012-05-22 23:00:00",120.60109032386
"2012-05-23 00:00:00",48.4449606767237
"2012-05-23 01:00:00",19.6244652199114
"2012-05-23 02:00:00",7.97519832773804
"2012-05-23 03:00:00",7.22993304729366
"2012-05-23 04:00:00",3.62090188935835
"2012-05-23 05:00:00",18.4979370007443
"2012-05-23 06:00:00",163.200887601024
"2012-05-23 07:00:00",479.715208747441
"2012-05-23 08:00:00",823.019953657268
"2012-05-23 09:00:00",391.054214362951
"2012-05-23 10:00:00",211.382776869535
"2012-05-23 11:00:00",232.130761592349
"2012-05-23 12:00:00",269.608249953918
"2012-05-23 13:00:00",233.566492793995
"2012-05-23 14:00:00",249.665643281058
"2012-05-23 15:00:00",266.465458460674
"2012-05-23 16:00:00",223.728712609358
"2012-05-23 17:00:00",416.739103714852
"2012-05-23 18:00:00",427.638702835922
"2012-05-23 19:00:00",452.082023168258
"2012-05-23 20:00:00",336.737735943808
"2012-05-23 21:00:00",249.249579241321
"2012-05-23 22:00:00",183.737909533671
"2012-05-23 23:00:00",116.856845056721
"2012-05-24 00:00:00",55.2606347378418
"2012-05-24 01:00:00",22.2385371563677
"2012-05-24 02:00:00",12.3366581396193
"2012-05-24 03:00:00",6.20541800275262
"2012-05-24 04:00:00",6.50716835278243
"2012-05-24 05:00:00",35.6783326455474
"2012-05-24 06:00:00",164.315091715478
"2012-05-24 07:00:00",520.52414474523
"2012-05-24 08:00:00",876.209678017683
"2012-05-24 09:00:00",410.14626319678
"2012-05-24 10:00:00",214.853062319523
"2012-05-24 11:00:00",252.098830390679
"2012-05-24 12:00:00",320.450169532862
"2012-05-24 13:00:00",306.940942800693
"2012-05-24 14:00:00",259.679132598534
"2012-05-24 15:00:00",275.511986481722
"2012-05-24 16:00:00",404.282222132512
"2012-05-24 17:00:00",806.480134325043
"2012-05-24 18:00:00",758.972315451668
"2012-05-24 19:00:00",525.470283542557
"2012-05-24 20:00:00",355.834007712764
"2012-05-24 21:00:00",165.807398625907
"2012-05-24 22:00:00",209.992480182766
"2012-05-24 23:00:00",136.035646657873
"2012-05-25 00:00:00",78.868713397792
"2012-05-25 01:00:00",37.7993609813339
"2012-05-25 02:00:00",17.8801448793363
"2012-05-25 03:00:00",8.09506184273024
"2012-05-25 04:00:00",7.61339034764086
"2012-05-25 05:00:00",35.1916859219285
"2012-05-25 06:00:00",140.369837504898
"2012-05-25 07:00:00",386.942184642412
"2012-05-25 08:00:00",714.476695065251
"2012-05-25 09:00:00",384.82444427963
"2012-05-25 10:00:00",244.350522251172
"2012-05-25 11:00:00",287.993875556754
"2012-05-25 12:00:00",374.779772619347
"2012-05-25 13:00:00",369.758896307257
"2012-05-25 14:00:00",341.543729667631
"2012-05-25 15:00:00",350.401208907371
"2012-05-25 16:00:00",484.490031674361
"2012-05-25 17:00:00",748.792325188638
"2012-05-25 18:00:00",657.38408485849
"2012-05-25 19:00:00",462.38608719621
"2012-05-25 20:00:00",327.547603176239
"2012-05-25 21:00:00",269.922283841212
"2012-05-25 22:00:00",236.943472008369
"2012-05-25 23:00:00",178.787268561468
"2012-05-26 00:00:00",144.413368347703
"2012-05-26 01:00:00",113.260275574465
"2012-05-26 02:00:00",81.6769435538378
"2012-05-26 03:00:00",36.8570786233445
"2012-05-26 04:00:00",11.9524919260363
"2012-05-26 05:00:00",11.752423771887
"2012-05-26 06:00:00",29.0924797297755
"2012-05-26 07:00:00",65.0074712853148
"2012-05-26 08:00:00",189.973681717666
"2012-05-26 09:00:00",282.162380079378
"2012-05-26 10:00:00",398.911433382225
"2012-05-26 11:00:00",493.459989458329
"2012-05-26 12:00:00",561.205343929457
"2012-05-26 13:00:00",570.444420699799
"2012-05-26 14:00:00",570.116645848132
"2012-05-26 15:00:00",560.117387038227
"2012-05-26 16:00:00",544.645392824849
"2012-05-26 17:00:00",465.188179515067
"2012-05-26 18:00:00",413.60834348946
"2012-05-26 19:00:00",334.521319367828
"2012-05-26 20:00:00",278.080734689747
"2012-05-26 21:00:00",227.201968652236
"2012-05-26 22:00:00",207.979929069748
"2012-05-26 23:00:00",184.867981388269
"2012-05-27 00:00:00",144.91179886923
"2012-05-27 01:00:00",128.100026195409
"2012-05-27 02:00:00",99.290002294761
"2012-05-27 03:00:00",50.0955945624126
"2012-05-27 04:00:00",13.3410911550561
"2012-05-27 05:00:00",12.4579076619737
"2012-05-27 06:00:00",18.431156158297
"2012-05-27 07:00:00",49.2082511986985
"2012-05-27 08:00:00",123.750327770514
"2012-05-27 09:00:00",228.251842655631
"2012-05-27 10:00:00",384.476272291674
"2012-05-27 11:00:00",485.322585708583
"2012-05-27 12:00:00",562.17049596306
"2012-05-27 13:00:00",580.511992280746
"2012-05-27 14:00:00",540.858707481637
"2012-05-27 15:00:00",537.036173174475
"2012-05-27 16:00:00",537.369568762863
"2012-05-27 17:00:00",490.839638283269
"2012-05-27 18:00:00",392.377305779493
"2012-05-27 19:00:00",319.356539455452
"2012-05-27 20:00:00",263.527479046276
"2012-05-27 21:00:00",99.5649015971589
"2012-05-27 22:00:00",83.4849895050292
"2012-05-27 23:00:00",52.1351630356424
"2012-05-28 00:00:00",46.9826164370684
"2012-05-28 01:00:00",19.0270914449194
"2012-05-28 02:00:00",12.1550108541695
"2012-05-28 03:00:00",7.18796104862637
"2012-05-28 04:00:00",8.80297528473676
"2012-05-28 05:00:00",31.147650271629
"2012-05-28 06:00:00",135.4914500878
"2012-05-28 07:00:00",383.30361885189
"2012-05-28 08:00:00",723.342020758811
"2012-05-28 09:00:00",424.200236692196
"2012-05-28 10:00:00",244.970061942773
"2012-05-28 11:00:00",258.444766910188
"2012-05-28 12:00:00",325.897429215134
"2012-05-28 13:00:00",278.002057274742
"2012-05-28 14:00:00",253.873373462357
"2012-05-28 15:00:00",274.213335689794
"2012-05-28 16:00:00",386.457021747325
"2012-05-28 17:00:00",690.429007916372
"2012-05-28 18:00:00",677.897598526528
"2012-05-28 19:00:00",506.156753497193
"2012-05-28 20:00:00",351.475627625654
"2012-05-28 21:00:00",253.042462752601
"2012-05-28 22:00:00",177.841535492753
"2012-05-28 23:00:00",101.261631407641
"2012-05-29 00:00:00",40.3361037382355
"2012-05-29 01:00:00",17.731243910142
"2012-05-29 02:00:00",8.80910682990293
"2012-05-29 03:00:00",5.79478031908365
"2012-05-29 04:00:00",8.16575362151837
"2012-05-29 05:00:00",37.7789369614369
"2012-05-29 06:00:00",175.560966967364
"2012-05-29 07:00:00",487.352605623605
"2012-05-29 08:00:00",814.572073638619
"2012-05-29 09:00:00",391.21355905336
"2012-05-29 10:00:00",207.798165256087
"2012-05-29 11:00:00",213.649639916025
"2012-05-29 12:00:00",253.467446120708
"2012-05-29 13:00:00",250.857972826908
"2012-05-29 14:00:00",220.609708195328
"2012-05-29 15:00:00",244.825148752113
"2012-05-29 16:00:00",373.160315279737
"2012-05-29 17:00:00",770.750387227383
"2012-05-29 18:00:00",738.17019353029
"2012-05-29 19:00:00",536.23460824002
"2012-05-29 20:00:00",199.851061389696
"2012-05-29 21:00:00",131.922053658663
"2012-05-29 22:00:00",174.974252997307
"2012-05-29 23:00:00",63.5722290861987
"2012-05-30 00:00:00",26.1707627992935
"2012-05-30 01:00:00",10.7527863674932
"2012-05-30 02:00:00",4.81723727174773
"2012-05-30 03:00:00",3.86932585681577
"2012-05-30 04:00:00",6.12882059127565
"2012-05-30 05:00:00",34.5140051356635
"2012-05-30 06:00:00",160.23772256815
"2012-05-30 07:00:00",259.134557454319
"2012-05-30 08:00:00",752.301877149265
"2012-05-30 09:00:00",380.87049130941
"2012-05-30 10:00:00",187.7470668064
"2012-05-30 11:00:00",207.393298753365
"2012-05-30 12:00:00",327.553548702795
"2012-05-30 13:00:00",301.448449863814
"2012-05-30 14:00:00",278.03878926038
"2012-05-30 15:00:00",292.550911619957
"2012-05-30 16:00:00",411.662222876573
"2012-05-30 17:00:00",834.014397826961
"2012-05-30 18:00:00",835.421320343472
"2012-05-30 19:00:00",573.778482895297
"2012-05-30 20:00:00",332.7840350836
"2012-05-30 21:00:00",302.306752032165
"2012-05-30 22:00:00",221.683338786523
"2012-05-30 23:00:00",131.327096941755
"2012-05-31 00:00:00",59.1058236911273
"2012-05-31 01:00:00",24.6026871734297
"2012-05-31 02:00:00",13.4840703378749
"2012-05-31 03:00:00",7.47494081657292
"2012-05-31 04:00:00",8.22629532753595
"2012-05-31 05:00:00",41.55026958472
"2012-05-31 06:00:00",187.271876694539
"2012-05-31 07:00:00",528.603349181462
"2012-05-31 08:00:00",899.321243022619
"2012-05-31 09:00:00",454.987679998305
"2012-05-31 10:00:00",226.721175246043
"2012-05-31 11:00:00",275.329763432202
"2012-05-31 12:00:00",343.914244462486
"2012-05-31 13:00:00",338.665329158012
"2012-05-31 14:00:00",293.578119844693
"2012-05-31 15:00:00",300.829250075475
"2012-05-31 16:00:00",458.816488545641
"2012-05-31 17:00:00",938.543464196888
"2012-05-31 18:00:00",888.710712382707
"2012-05-31 19:00:00",624.217711072049
"2012-05-31 20:00:00",456.345151578296
"2012-05-31 21:00:00",352.062482989826
"2012-05-31 22:00:00",257.077879832276
"2012-05-31 23:00:00",162.055137551497
"2012-06-20 00:00:00",48.0142886297072
"2012-06-20 01:00:00",20.3711144560089
"2012-06-20 02:00:00",8.9922023197529
"2012-06-20 03:00:00",7.22193333416851
"2012-06-20 04:00:00",7.05998444381489
"2012-06-20 05:00:00",38.1831000151601
"2012-06-20 06:00:00",157.504949095836
"2012-06-20 07:00:00",445.536073274648
"2012-06-20 08:00:00",770.998976578333
"2012-06-20 09:00:00",401.770187372126
"2012-06-20 10:00:00",216.091926216351
"2012-06-20 11:00:00",214.720538227956
"2012-06-20 12:00:00",268.521373443922
"2012-06-20 13:00:00",253.038312245677
"2012-06-20 14:00:00",222.924517946399
"2012-06-20 15:00:00",253.168593190827
"2012-06-20 16:00:00",347.751205048948
"2012-06-20 17:00:00",697.067615303519
"2012-06-20 18:00:00",715.299063946955
"2012-06-20 19:00:00",489.723935583196
"2012-06-20 20:00:00",373.12817452973
"2012-06-20 21:00:00",283.785695444459
"2012-06-20 22:00:00",225.165173007996
"2012-06-20 23:00:00",128.972380548853
"2012-06-21 00:00:00",62.4759525701419
"2012-06-21 01:00:00",24.4473682985481
"2012-06-21 02:00:00",13.3021541163017
"2012-06-21 03:00:00",8.0470873886233
"2012-06-21 04:00:00",8.0256026392967
"2012-06-21 05:00:00",43.7922058790342
"2012-06-21 06:00:00",184.810341836243
"2012-06-21 07:00:00",513.669276746502
"2012-06-21 08:00:00",980.548180316148
"2012-06-21 09:00:00",442.364409941764
"2012-06-21 10:00:00",218.047998403857
"2012-06-21 11:00:00",252.5263618668
"2012-06-21 12:00:00",280.676852856139
"2012-06-21 13:00:00",287.347894572318
"2012-06-21 14:00:00",248.964142064384
"2012-06-21 15:00:00",242.690864612066
"2012-06-21 16:00:00",391.25367931289
"2012-06-21 17:00:00",831.284539790209
"2012-06-21 18:00:00",753.553415894958
"2012-06-21 19:00:00",507.804961604028
"2012-06-21 20:00:00",401.938141165331
"2012-06-21 21:00:00",320.782792019339
"2012-06-21 22:00:00",237.403351068999
"2012-06-21 23:00:00",162.726228958669
"2012-06-22 00:00:00",79.644571685761
"2012-06-22 01:00:00",39.4071078390983
"2012-06-22 02:00:00",20.8883824747007
"2012-06-22 03:00:00",9.98184735522076
"2012-06-22 04:00:00",8.70321469294056
"2012-06-22 05:00:00",40.8948864944706
"2012-06-22 06:00:00",168.726851339353
"2012-06-22 07:00:00",513.725540782151
"2012-06-22 08:00:00",936.412185925325
"2012-06-22 09:00:00",486.879815580219
"2012-06-22 10:00:00",255.904066406164
"2012-06-22 11:00:00",323.513737818089
"2012-06-22 12:00:00",372.549468987991
"2012-06-22 13:00:00",345.68287345286
"2012-06-22 14:00:00",312.820980326779
"2012-06-22 15:00:00",314.933324712739
"2012-06-22 16:00:00",455.922969619329
"2012-06-22 17:00:00",793.891913266201
"2012-06-22 18:00:00",627.059642007479
"2012-06-22 19:00:00",416.913665973473
"2012-06-22 20:00:00",286.643637527057
"2012-06-22 21:00:00",150.701145787815
"2012-06-22 22:00:00",254.080688757594
"2012-06-22 23:00:00",188.323378522373
"2012-06-23 00:00:00",160.758621221652
"2012-06-23 01:00:00",122.858488012299
"2012-06-23 02:00:00",79.0999487796707
"2012-06-23 03:00:00",36.7213490286819
"2012-06-23 04:00:00",11.7371353131194
"2012-06-23 05:00:00",11.6424323292351
"2012-06-23 06:00:00",32.7181948947014
"2012-06-23 07:00:00",77.5070557238532
"2012-06-23 08:00:00",204.611248939042
"2012-06-23 09:00:00",328.269151898089
"2012-06-23 10:00:00",469.225791538153
"2012-06-23 11:00:00",570.496661306139
"2012-06-23 12:00:00",637.542492874938
"2012-06-23 13:00:00",667.220003735025
"2012-06-23 14:00:00",698.804795990598
"2012-06-23 15:00:00",638.640617556405
"2012-06-23 16:00:00",612.296010891523
"2012-06-23 17:00:00",591.958193590779
"2012-06-23 18:00:00",498.945115798911
"2012-06-23 19:00:00",456.315454584453
"2012-06-23 20:00:00",354.754002110838
"2012-06-23 21:00:00",304.764460718732
"2012-06-23 22:00:00",273.147223677269
"2012-06-23 23:00:00",243.974915617226
"2012-06-24 00:00:00",192.481357938563
"2012-06-24 01:00:00",141.502157066036
"2012-06-24 02:00:00",114.768520174958
"2012-06-24 03:00:00",51.5342375622924
"2012-06-24 04:00:00",15.0199454792225
"2012-06-24 05:00:00",14.1873710012276
"2012-06-24 06:00:00",21.1898078443737
"2012-06-24 07:00:00",57.868203228346
"2012-06-24 08:00:00",157.031440249852
"2012-06-24 09:00:00",299.895794618954
"2012-06-24 10:00:00",507.214342179729
"2012-06-24 11:00:00",589.11284874958
"2012-06-24 12:00:00",675.891704506358
"2012-06-24 13:00:00",654.219793440441
"2012-06-24 14:00:00",591.033639376124
"2012-06-24 15:00:00",582.622206858231
"2012-06-24 16:00:00",594.260432444022
"2012-06-24 17:00:00",530.078395071322
"2012-06-24 18:00:00",446.277056728377
"2012-06-24 19:00:00",348.158553606655
"2012-06-24 20:00:00",274.282791195095
"2012-06-24 21:00:00",210.306889733049
"2012-06-24 22:00:00",175.303306227315
"2012-06-24 23:00:00",112.589616041503
"2012-06-25 00:00:00",54.6448392683465
"2012-06-25 01:00:00",24.3712021579142
"2012-06-25 02:00:00",13.993335001444
"2012-06-25 03:00:00",7.66551950573023
"2012-06-25 04:00:00",9.21767201630056
"2012-06-25 05:00:00",34.1697107136631
"2012-06-25 06:00:00",141.61056389241
"2012-06-25 07:00:00",402.752260910754
"2012-06-25 08:00:00",717.110598107818
"2012-06-25 09:00:00",412.604000113199
"2012-06-25 10:00:00",245.580184540666
"2012-06-25 11:00:00",270.106070940692
"2012-06-25 12:00:00",325.594919231452
"2012-06-25 13:00:00",334.207743635683
"2012-06-25 14:00:00",310.458634046881
"2012-06-25 15:00:00",321.400879067626
"2012-06-25 16:00:00",476.390945632138
"2012-06-25 17:00:00",856.140218993143
"2012-06-25 18:00:00",847.670868347113
"2012-06-25 19:00:00",621.523875900301
"2012-06-25 20:00:00",434.238816453105
"2012-06-25 21:00:00",321.21169742289
"2012-06-25 22:00:00",212.63799068477
"2012-06-25 23:00:00",120.535924334205
"2012-06-26 00:00:00",48.3927158396256
"2012-06-26 01:00:00",20.2486391476926
"2012-06-26 02:00:00",9.54269409245349
"2012-06-26 03:00:00",6.23216083125971
"2012-06-26 04:00:00",8.54811497214892
"2012-06-26 05:00:00",36.8227659592182
"2012-06-26 06:00:00",173.954937117445
"2012-06-26 07:00:00",473.65778803366
"2012-06-26 08:00:00",835.024007820112
"2012-06-26 09:00:00",407.163244333289
"2012-06-26 10:00:00",241.224153338357
"2012-06-26 11:00:00",246.393895821474
"2012-06-26 12:00:00",301.726367823084
"2012-06-26 13:00:00",318.078636120963
"2012-06-26 14:00:00",282.434593916528
"2012-06-26 15:00:00",308.303413153345
"2012-06-26 16:00:00",486.178667735263
"2012-06-26 17:00:00",976.989527997024
"2012-06-26 18:00:00",963.865606900091
"2012-06-26 19:00:00",694.193861571832
"2012-06-26 20:00:00",476.246271845399
"2012-06-26 21:00:00",357.909144152713
"2012-06-26 22:00:00",246.762188949854
"2012-06-26 23:00:00",143.491371848508
"2012-06-27 00:00:00",58.2502695234477
"2012-06-27 01:00:00",24.174142860581
"2012-06-27 02:00:00",10.1162282196319
"2012-06-27 03:00:00",8.47487992447487
"2012-06-27 04:00:00",8.11415932761899
"2012-06-27 05:00:00",42.9616646694232
"2012-06-27 06:00:00",193.439553943041
"2012-06-27 07:00:00",535.224454857625
"2012-06-27 08:00:00",946.349491358326
"2012-06-27 09:00:00",482.317524523889
"2012-06-27 10:00:00",261.192805286471
"2012-06-27 11:00:00",271.537351654877
"2012-06-27 12:00:00",349.111547292423
"2012-06-27 13:00:00",305.766822720987
"2012-06-27 14:00:00",284.658731984829
"2012-06-27 15:00:00",299.329998923006
"2012-06-27 16:00:00",420.792312190698
"2012-06-27 17:00:00",842.353424423633
"2012-06-27 18:00:00",889.911861311099
"2012-06-27 19:00:00",631.148445984966
"2012-06-27 20:00:00",481.617326141465
"2012-06-27 21:00:00",349.386799750539
"2012-06-27 22:00:00",271.603287453822
"2012-06-27 23:00:00",149.718721534779
"2012-06-28 00:00:00",69.0274997596095
"2012-06-28 01:00:00",28.7823139888086
"2012-06-28 02:00:00",15.3352520366736
"2012-06-28 03:00:00",8.74948908307002
"2012-06-28 04:00:00",8.67084920219255
"2012-06-28 05:00:00",48.5498490139417
"2012-06-28 06:00:00",223.594330283089
"2012-06-28 07:00:00",608.561346845082
"2012-06-28 08:00:00",1042.32555338303
"2012-06-28 09:00:00",482.96987063475
"2012-06-28 10:00:00",241.671073680183
"2012-06-28 11:00:00",292.501538778186
"2012-06-28 12:00:00",333.75488493101
"2012-06-28 13:00:00",314.173376215497
"2012-06-28 14:00:00",267.29477416575
"2012-06-28 15:00:00",286.339058150232
"2012-06-28 16:00:00",438.494603731016
"2012-06-28 17:00:00",859.351809363489
"2012-06-28 18:00:00",824.345181011615
"2012-06-28 19:00:00",574.253129882999
"2012-06-28 20:00:00",462.004398380174
"2012-06-28 21:00:00",341.02185972643
"2012-06-28 22:00:00",264.379875419535
"2012-06-28 23:00:00",180.717294303119
"2012-06-29 00:00:00",98.5035142485126
"2012-06-29 01:00:00",45.3804111440437
"2012-06-29 02:00:00",22.0569623795069
"2012-06-29 03:00:00",10.5402719362663
"2012-06-29 04:00:00",9.3990516135477
"2012-06-29 05:00:00",46.4730809753627
"2012-06-29 06:00:00",166.61125278852
"2012-06-29 07:00:00",523.465682613646
"2012-06-29 08:00:00",874.738736739729
"2012-06-29 09:00:00",504.344850467484
"2012-06-29 10:00:00",226.381323240213
"2012-06-29 11:00:00",237.407735148972
"2012-06-29 12:00:00",278.174068432686
"2012-06-29 13:00:00",289.255741561706
"2012-06-29 14:00:00",242.580702282555
"2012-06-29 15:00:00",282.840336233854
"2012-06-29 16:00:00",381.871587723906
"2012-06-29 17:00:00",542.621747885226
"2012-06-29 18:00:00",549.872004914983
"2012-06-29 19:00:00",406.45782862698
"2012-06-29 20:00:00",265.343621751626
"2012-06-29 21:00:00",223.691417855343
"2012-06-29 22:00:00",126.698749748635
"2012-06-29 23:00:00",101.132127058712
"2012-06-30 00:00:00",82.4506965488097
"2012-06-30 01:00:00",62.8168874184466
"2012-06-30 02:00:00",82.1161977448931
"2012-06-30 03:00:00",36.8556296768828
"2012-06-30 04:00:00",11.7288979412356
"2012-06-30 05:00:00",12.567944953833
"2012-06-30 06:00:00",31.1390721275214
"2012-06-30 07:00:00",75.5680674211816
"2012-06-30 08:00:00",189.591422322762
"2012-06-30 09:00:00",293.211407889519
"2012-06-30 10:00:00",428.803192593188
"2012-06-30 11:00:00",514.574685751393
"2012-06-30 12:00:00",578.360022955154
"2012-06-30 13:00:00",591.856487745863
"2012-06-30 14:00:00",597.265630653758
"2012-06-30 15:00:00",598.232856341204
"2012-06-30 16:00:00",543.454851623914
"2012-06-30 17:00:00",524.210013728465
"2012-06-30 18:00:00",459.297305570862
"2012-06-30 19:00:00",379.947762501024
"2012-06-30 20:00:00",301.342092237552
"2012-06-30 21:00:00",252.613986162657
"2012-06-30 22:00:00",227.094623283408
"2012-06-30 23:00:00",206.789207598797
"2012-07-20 00:00:00",46.3056416483696
"2012-07-20 01:00:00",38.8652726855118
"2012-07-20 02:00:00",18.1192484265835
"2012-07-20 03:00:00",8.61693771611115
"2012-07-20 04:00:00",7.68496695547241
"2012-07-20 05:00:00",36.9226479353105
"2012-07-20 06:00:00",146.561255013157
"2012-07-20 07:00:00",407.93614213306
"2012-07-20 08:00:00",763.34215976955
"2012-07-20 09:00:00",425.579506108751
"2012-07-20 10:00:00",234.481674111259
"2012-07-20 11:00:00",167.668535994543
"2012-07-20 12:00:00",200.427860348459
"2012-07-20 13:00:00",201.611542228962
"2012-07-20 14:00:00",177.417137114452
"2012-07-20 15:00:00",302.850004402186
"2012-07-20 16:00:00",408.463532183902
"2012-07-20 17:00:00",629.159951972917
"2012-07-20 18:00:00",579.752681182724
"2012-07-20 19:00:00",404.080413785102
"2012-07-20 20:00:00",163.384613149652
"2012-07-20 21:00:00",134.677323597302
"2012-07-20 22:00:00",209.886491629178
"2012-07-20 23:00:00",162.747066246535
"2012-07-21 00:00:00",80.6036622041152
"2012-07-21 01:00:00",103.919330744405
"2012-07-21 02:00:00",44.8243375909106
"2012-07-21 03:00:00",20.3137269727829
"2012-07-21 04:00:00",6.4831052655618
"2012-07-21 05:00:00",6.55619842285738
"2012-07-21 06:00:00",16.2440189165083
"2012-07-21 07:00:00",64.8033542073675
"2012-07-21 08:00:00",165.602223239553
"2012-07-21 09:00:00",261.105335500341
"2012-07-21 10:00:00",213.09049592917
"2012-07-21 11:00:00",435.449487032793
"2012-07-21 12:00:00",300.609678589274
"2012-07-21 13:00:00",313.623437325638
"2012-07-21 14:00:00",495.763995456263
"2012-07-21 15:00:00",302.069147700194
"2012-07-21 16:00:00",285.439369540565
"2012-07-21 17:00:00",265.520224672199
"2012-07-21 18:00:00",369.69032507353
"2012-07-21 19:00:00",323.011961274507
"2012-07-21 20:00:00",152.894555524012
"2012-07-21 21:00:00",210.698267228916
"2012-07-21 22:00:00",192.607968001751
"2012-07-21 23:00:00",177.090797468027
"2012-07-22 00:00:00",139.409063496625
"2012-07-22 01:00:00",115.269729908225
"2012-07-22 02:00:00",91.3272730646791
"2012-07-22 03:00:00",45.1967389000704
"2012-07-22 04:00:00",14.5147558059826
"2012-07-22 05:00:00",13.5538754263363
"2012-07-22 06:00:00",18.175841554601
"2012-07-22 07:00:00",50.9733899920073
"2012-07-22 08:00:00",129.54844972871
"2012-07-22 09:00:00",251.250735911668
"2012-07-22 10:00:00",400.787730621365
"2012-07-22 11:00:00",486.171544581065
"2012-07-22 12:00:00",566.565244573281
"2012-07-22 13:00:00",575.343398845274
"2012-07-22 14:00:00",590.162954986022
"2012-07-22 15:00:00",584.48445418861
"2012-07-22 16:00:00",578.484980744901
"2012-07-22 17:00:00",502.484420740279
"2012-07-22 18:00:00",421.452131889
"2012-07-22 19:00:00",328.695929620459
"2012-07-22 20:00:00",257.336605748641
"2012-07-22 21:00:00",200.316854578227
"2012-07-22 22:00:00",157.541031923716
"2012-07-22 23:00:00",101.621716093009
"2012-07-23 00:00:00",51.1873475049417
"2012-07-23 01:00:00",22.0634002108241
"2012-07-23 02:00:00",11.9711134409571
"2012-07-23 03:00:00",6.58102031788119
"2012-07-23 04:00:00",8.14251603409473
"2012-07-23 05:00:00",28.8107410912375
"2012-07-23 06:00:00",126.77703865775
"2012-07-23 07:00:00",395.379036860544
"2012-07-23 08:00:00",699.556643135582
"2012-07-23 09:00:00",360.375791413536
"2012-07-23 10:00:00",222.729543737804
"2012-07-23 11:00:00",246.827888147004
"2012-07-23 12:00:00",313.155905070382
"2012-07-23 13:00:00",301.835825523227
"2012-07-23 14:00:00",266.921342764263
"2012-07-23 15:00:00",311.095605476809
"2012-07-23 16:00:00",444.670167925611
"2012-07-23 17:00:00",786.783229843185
"2012-07-23 18:00:00",795.369804560654
"2012-07-23 19:00:00",551.401362048032
"2012-07-23 20:00:00",395.882194911864
"2012-07-23 21:00:00",280.869183010272
"2012-07-23 22:00:00",193.715276979479
"2012-07-23 23:00:00",111.207099342559
"2012-07-24 00:00:00",44.4558836687836
"2012-07-24 01:00:00",18.9578661315022
"2012-07-24 02:00:00",9.20191753742022
"2012-07-24 03:00:00",6.23726123134939
"2012-07-24 04:00:00",8.80642657941524
"2012-07-24 05:00:00",40.5471040000795
"2012-07-24 06:00:00",186.617081835431
"2012-07-24 07:00:00",533.907686860501
"2012-07-24 08:00:00",860.673778228036
"2012-07-24 09:00:00",424.38699669996
"2012-07-24 10:00:00",214.560230729271
"2012-07-24 11:00:00",190.207766332185
"2012-07-24 12:00:00",242.906441129476
"2012-07-24 13:00:00",237.777651664347
"2012-07-24 14:00:00",216.289365629729
"2012-07-24 15:00:00",266.037071342292
"2012-07-24 16:00:00",418.291227374417
"2012-07-24 17:00:00",834.79420755619
"2012-07-24 18:00:00",801.492393437038
"2012-07-24 19:00:00",582.860221939065
"2012-07-24 20:00:00",410.060586261758
"2012-07-24 21:00:00",300.794871927308
"2012-07-24 22:00:00",211.438977265545
"2012-07-24 23:00:00",127.825271456635
"2012-07-25 00:00:00",53.9259315194673
"2012-07-25 01:00:00",23.6928218095381
"2012-07-25 02:00:00",10.3070692685711
"2012-07-25 03:00:00",8.01657883399436
"2012-07-25 04:00:00",7.65906076090935
"2012-07-25 05:00:00",42.2309023072215
"2012-07-25 06:00:00",195.062268919742
"2012-07-25 07:00:00",550.641558494317
"2012-07-25 08:00:00",1014.41660911937
"2012-07-25 09:00:00",507.081010843721
"2012-07-25 10:00:00",281.793390132817
"2012-07-25 11:00:00",294.2764352867
"2012-07-25 12:00:00",376.42346155379
"2012-07-25 13:00:00",322.163693210813
"2012-07-25 14:00:00",297.483513365692
"2012-07-25 15:00:00",335.522611585703
"2012-07-25 16:00:00",460.507620267928
"2012-07-25 17:00:00",942.795900256565
"2012-07-25 18:00:00",947.581554209065
"2012-07-25 19:00:00",668.164540803045
"2012-07-25 20:00:00",469.044618002154
"2012-07-25 21:00:00",334.29478184063
"2012-07-25 22:00:00",244.730818655197
"2012-07-25 23:00:00",135.610911476509
"2012-07-26 00:00:00",62.7711313438391
"2012-07-26 01:00:00",25.5053614745659
"2012-07-26 02:00:00",13.3751242816659
"2012-07-26 03:00:00",7.70506451642952
"2012-07-26 04:00:00",8.13622053163884
"2012-07-26 05:00:00",44.6103077202879
"2012-07-26 06:00:00",198.002446431542
"2012-07-26 07:00:00",560.22870023595
"2012-07-26 08:00:00",822.958870209389
"2012-07-26 09:00:00",409.412144093318
"2012-07-26 10:00:00",213.80641397739
"2012-07-26 11:00:00",237.52110509567
"2012-07-26 12:00:00",281.188688006186
"2012-07-26 13:00:00",259.295956099642
"2012-07-26 14:00:00",213.934965698397
"2012-07-26 15:00:00",218.656412995476
"2012-07-26 16:00:00",308.065274082384
"2012-07-26 17:00:00",650.835562428283
"2012-07-26 18:00:00",605.053317273448
"2012-07-26 19:00:00",445.662187380522
"2012-07-26 20:00:00",379.816121345207
"2012-07-26 21:00:00",294.264139817583
"2012-07-26 22:00:00",222.371139902128
"2012-07-26 23:00:00",163.32842916318
"2012-07-27 00:00:00",92.9783731261251
"2012-07-27 01:00:00",42.4619717623974
"2012-07-27 02:00:00",20.432545692015
"2012-07-27 03:00:00",9.90325046140716
"2012-07-27 04:00:00",9.27199515608631
"2012-07-27 05:00:00",43.0797729733662
"2012-07-27 06:00:00",176.827728007893
"2012-07-27 07:00:00",484.039427174051
"2012-07-27 08:00:00",896.147607827516
"2012-07-27 09:00:00",464.524386179924
"2012-07-27 10:00:00",276.041340786692
"2012-07-27 11:00:00",289.738115068764
"2012-07-27 12:00:00",346.519491320155
"2012-07-27 13:00:00",354.50334940255
"2012-07-27 14:00:00",305.422042055394
"2012-07-27 15:00:00",352.2154122899
"2012-07-27 16:00:00",478.884272704866
"2012-07-27 17:00:00",759.98473925113
"2012-07-27 18:00:00",708.48304533087
"2012-07-27 19:00:00",478.243989554838
"2012-07-27 20:00:00",344.983189026764
"2012-07-27 21:00:00",281.553881871302
"2012-07-27 22:00:00",253.111165790236
"2012-07-27 23:00:00",207.597320159293
"2012-07-28 00:00:00",167.920438848783
"2012-07-28 01:00:00",128.498778714198
"2012-07-28 02:00:00",97.8389806777331
"2012-07-28 03:00:00",43.9123746453114
"2012-07-28 04:00:00",13.0205508935472
"2012-07-28 05:00:00",13.2083904046566
"2012-07-28 06:00:00",34.7170603598534
"2012-07-28 07:00:00",82.9058806129718
"2012-07-28 08:00:00",207.830541684056
"2012-07-28 09:00:00",327.646958402753
"2012-07-28 10:00:00",430.87229991708
"2012-07-28 11:00:00",538.179324131808
"2012-07-28 12:00:00",597.633348564174
"2012-07-28 13:00:00",574.504250410469
"2012-07-28 14:00:00",592.713144018034
"2012-07-28 15:00:00",584.941752608835
"2012-07-28 16:00:00",555.589554491527
"2012-07-28 17:00:00",536.824702709277
"2012-07-28 18:00:00",453.86538127355
"2012-07-28 19:00:00",391.872490497856
"2012-07-28 20:00:00",283.388649191564
"2012-07-28 21:00:00",253.635999015395
"2012-07-28 22:00:00",227.424251700923
"2012-07-28 23:00:00",197.749022917145
"2012-07-29 00:00:00",154.573690086203
"2012-07-29 01:00:00",135.085633869756
"2012-07-29 02:00:00",108.176558212528
"2012-07-29 03:00:00",53.1635947695514
"2012-07-29 04:00:00",15.0810128049391
"2012-07-29 05:00:00",13.4189523851784
"2012-07-29 06:00:00",20.4859662673485
"2012-07-29 07:00:00",55.5709008405253
"2012-07-29 08:00:00",141.26691997165
"2012-07-29 09:00:00",261.632521055832
"2012-07-29 10:00:00",458.425675822208
"2012-07-29 11:00:00",528.467501752407
"2012-07-29 12:00:00",604.10362895551
"2012-07-29 13:00:00",609.107349429628
"2012-07-29 14:00:00",594.217359396574
"2012-07-29 15:00:00",610.273473177917
"2012-07-29 16:00:00",610.652334963827
"2012-07-29 17:00:00",535.974727073879
"2012-07-29 18:00:00",435.006627909384
"2012-07-29 19:00:00",345.842933470624
"2012-07-29 20:00:00",268.046230494195
"2012-07-29 21:00:00",205.758152756287
"2012-07-29 22:00:00",165.290421373612
"2012-07-29 23:00:00",111.51149680013
"2012-07-30 00:00:00",54.6937933634364
"2012-07-30 01:00:00",25.1017162778415
"2012-07-30 02:00:00",14.7934533457431
"2012-07-30 03:00:00",7.79751287149604
"2012-07-30 04:00:00",9.7881700973829
"2012-07-30 05:00:00",33.4823432451662
"2012-07-30 06:00:00",139.377734309957
"2012-07-30 07:00:00",410.812409279921
"2012-07-30 08:00:00",653.927479187436
"2012-07-30 09:00:00",384.178833205562
"2012-07-30 10:00:00",210.634222345631
"2012-07-30 11:00:00",251.515736679413
"2012-07-30 12:00:00",323.558916288922
"2012-07-30 13:00:00",330.225729297246
"2012-07-30 14:00:00",295.796238700204
"2012-07-30 15:00:00",315.709709236586
"2012-07-30 16:00:00",444.939097004047
"2012-07-30 17:00:00",785.518914896588
"2012-07-30 18:00:00",726.001789923753
"2012-07-30 19:00:00",549.787092000092
"2012-07-30 20:00:00",383.033672059694
"2012-07-30 21:00:00",277.052759609492
"2012-07-30 22:00:00",167.762907681542
"2012-07-30 23:00:00",106.628843372423
"2012-07-31 00:00:00",43.5456643367181
"2012-07-31 01:00:00",18.7790806684657
"2012-07-31 02:00:00",9.29135522172647
"2012-07-31 03:00:00",6.38961480160836
"2012-07-31 04:00:00",8.80642657941524
"2012-07-31 05:00:00",39.7715426049901
"2012-07-31 06:00:00",179.258967880447
"2012-07-31 07:00:00",503.650654041045
"2012-07-31 08:00:00",855.982770556056
"2012-07-31 09:00:00",433.384510658287
"2012-07-31 10:00:00",249.308343800339
"2012-07-31 11:00:00",253.724112940583
"2012-07-31 12:00:00",313.133938043063
"2012-07-31 13:00:00",278.012308005834
"2012-07-31 14:00:00",246.858117454841
"2012-07-31 15:00:00",282.365951747363
"2012-07-31 16:00:00",441.728677872005
"2012-07-31 17:00:00",885.90199692379
"2012-07-31 18:00:00",843.98832798697
"2012-07-31 19:00:00",308.470171837131
"2012-07-31 20:00:00",224.756568878036
"2012-07-31 21:00:00",291.18305439011
"2012-07-31 22:00:00",207.413151993008
"2012-07-31 23:00:00",110.970756156347
"2012-08-20 00:00:00",46.3895276347374
"2012-08-20 01:00:00",22.245725713879
"2012-08-20 02:00:00",13.0809942623319
"2012-08-20 03:00:00",7.19125913258296
"2012-08-20 04:00:00",8.43313005711824
"2012-08-20 05:00:00",30.7165713568739
"2012-08-20 06:00:00",127.248143973822
"2012-08-20 07:00:00",365.441148757347
"2012-08-20 08:00:00",649.47786683658
"2012-08-20 09:00:00",389.250193092927
"2012-08-20 10:00:00",218.364889529401
"2012-08-20 11:00:00",277.400238249794
"2012-08-20 12:00:00",326.652942958596
"2012-08-20 13:00:00",341.90340979174
"2012-08-20 14:00:00",314.056440005406
"2012-08-20 15:00:00",328.787720745484
"2012-08-20 16:00:00",467.874038286159
"2012-08-20 17:00:00",807.252625264617
"2012-08-20 18:00:00",643.380768232594
"2012-08-20 19:00:00",478.76468601965
"2012-08-20 20:00:00",320.406794175787
"2012-08-20 21:00:00",272.241125232501
"2012-08-20 22:00:00",168.563780364194
"2012-08-20 23:00:00",96.7621468628202
"2012-08-21 00:00:00",38.4400999046112
"2012-08-21 01:00:00",16.6551960707797
"2012-08-21 02:00:00",7.57996157927764
"2012-08-21 03:00:00",6.0572833676841
"2012-08-21 04:00:00",8.34839390236731
"2012-08-21 05:00:00",38.182377919137
"2012-08-21 06:00:00",176.582582390168
"2012-08-21 07:00:00",518.617924200123
"2012-08-21 08:00:00",835.235346706042
"2012-08-21 09:00:00",448.936560765398
"2012-08-21 10:00:00",247.03581065682
"2012-08-21 11:00:00",266.14531747912
"2012-08-21 12:00:00",335.201034826943
"2012-08-21 13:00:00",349.699426877704
"2012-08-21 14:00:00",302.920015307802
"2012-08-21 15:00:00",336.770420167439
"2012-08-21 16:00:00",530.934301936422
"2012-08-21 17:00:00",903.167630253879
"2012-08-21 18:00:00",885.153218291029
"2012-08-21 19:00:00",316.622693019351
"2012-08-21 20:00:00",422.053347654232
"2012-08-21 21:00:00",315.629184997552
"2012-08-21 22:00:00",219.335712598825
"2012-08-21 23:00:00",126.467721533483
"2012-08-22 00:00:00",50.600846225088
"2012-08-22 01:00:00",22.5888163507966
"2012-08-22 02:00:00",10.0663941075597
"2012-08-22 03:00:00",8.00683000003844
"2012-08-22 04:00:00",7.09246144646617
"2012-08-22 05:00:00",41.138782903576
"2012-08-22 06:00:00",198.56531752257
"2012-08-22 07:00:00",532.517509521436
"2012-08-22 08:00:00",915.804994509539
"2012-08-22 09:00:00",489.242604737203
"2012-08-22 10:00:00",245.661175956624
"2012-08-22 11:00:00",256.526430399518
"2012-08-22 12:00:00",346.826865281723
"2012-08-22 13:00:00",304.876495011529
"2012-08-22 14:00:00",286.267768685552
"2012-08-22 15:00:00",306.974089323214
"2012-08-22 16:00:00",229.75458041718
"2012-08-22 17:00:00",451.13167652471
"2012-08-22 18:00:00",453.387395218197
"2012-08-22 19:00:00",531.289821536133
"2012-08-22 20:00:00",396.793943122357
"2012-08-22 21:00:00",303.791138902057
"2012-08-22 22:00:00",236.161073758379
"2012-08-22 23:00:00",131.777491908721
"2012-08-23 00:00:00",62.7324192306428
"2012-08-23 01:00:00",24.9647670502668
"2012-08-23 02:00:00",13.4533580311969
"2012-08-23 03:00:00",7.45648835198749
"2012-08-23 04:00:00",8.20598808672621
"2012-08-23 05:00:00",44.9928381702969
"2012-08-23 06:00:00",177.687221620824
"2012-08-23 07:00:00",510.20967252873
"2012-08-23 08:00:00",867.652137660098
"2012-08-23 09:00:00",430.360543772783
"2012-08-23 10:00:00",237.475004430048
"2012-08-23 11:00:00",287.02993317414
"2012-08-23 12:00:00",371.680898621765
"2012-08-23 13:00:00",329.427588638341
"2012-08-23 14:00:00",278.217079427423
"2012-08-23 15:00:00",306.804724683911
"2012-08-23 16:00:00",464.85739933739
"2012-08-23 17:00:00",902.150605739544
"2012-08-23 18:00:00",847.157476127365
"2012-08-23 19:00:00",620.564522077261
"2012-08-23 20:00:00",454.337734910604
"2012-08-23 21:00:00",347.151013562709
"2012-08-23 22:00:00",241.522736741716
"2012-08-23 23:00:00",156.997300759407
"2012-08-24 00:00:00",85.5744654210741
"2012-08-24 01:00:00",39.4402510544371
"2012-08-24 02:00:00",22.3365405337508
"2012-08-24 03:00:00",10.4140057928894
"2012-08-24 04:00:00",8.63490326697436
"2012-08-24 05:00:00",44.1138817684168
"2012-08-24 06:00:00",156.397127518663
"2012-08-24 07:00:00",453.132519971077
"2012-08-24 08:00:00",836.854923496799
"2012-08-24 09:00:00",489.169626905464
"2012-08-24 10:00:00",280.04741578583
"2012-08-24 11:00:00",316.023480770628
"2012-08-24 12:00:00",394.350010176463
"2012-08-24 13:00:00",379.553156464354
"2012-08-24 14:00:00",381.431504530265
"2012-08-24 15:00:00",370.42487713549
"2012-08-24 16:00:00",500.122216822734
"2012-08-24 17:00:00",789.812600761138
"2012-08-24 18:00:00",649.424060109861
"2012-08-24 19:00:00",472.139537890786
"2012-08-24 20:00:00",309.277429162392
"2012-08-24 21:00:00",262.288431983434
"2012-08-24 22:00:00",251.064017988937
"2012-08-24 23:00:00",187.642708635544
"2012-08-25 00:00:00",163.16020549333
"2012-08-25 01:00:00",122.152474999451
"2012-08-25 02:00:00",85.570355833607
"2012-08-25 03:00:00",43.0524465917501
"2012-08-25 04:00:00",12.7935753654318
"2012-08-25 05:00:00",12.2622059640528
"2012-08-25 06:00:00",29.7468443420239
"2012-08-25 07:00:00",71.4968439470358
"2012-08-25 08:00:00",180.173305539831
"2012-08-25 09:00:00",283.052820236944
"2012-08-25 10:00:00",399.457968371697
"2012-08-25 11:00:00",486.173130284954
"2012-08-25 12:00:00",334.331713226769
"2012-08-25 13:00:00",576.386626230242
"2012-08-25 14:00:00",342.215005573085
"2012-08-25 15:00:00",527.258966061239
"2012-08-25 16:00:00",494.750574082308
"2012-08-25 17:00:00",451.421911474296
"2012-08-25 18:00:00",377.86180393928
"2012-08-25 19:00:00",329.399092824307
"2012-08-25 20:00:00",153.445129731813
"2012-08-25 21:00:00",224.169939596746
"2012-08-25 22:00:00",201.003331406189
"2012-08-25 23:00:00",168.53426289606
"2012-08-26 00:00:00",148.103810158627
"2012-08-26 01:00:00",127.281506492826
"2012-08-26 02:00:00",89.3358134242119
"2012-08-26 03:00:00",43.7870339742401
"2012-08-26 04:00:00",12.6391335323035
"2012-08-26 05:00:00",12.9421924003847
"2012-08-26 06:00:00",18.2560545350583
"2012-08-26 07:00:00",51.6641754428557
"2012-08-26 08:00:00",130.028612578148
"2012-08-26 09:00:00",243.243624182928
"2012-08-26 10:00:00",396.12668747345
"2012-08-26 11:00:00",485.187884371794
"2012-08-26 12:00:00",309.269609146169
"2012-08-26 13:00:00",296.186178720536
"2012-08-26 14:00:00",532.513784413742
"2012-08-26 15:00:00",276.096890131452
"2012-08-26 16:00:00",276.268292896731
"2012-08-26 17:00:00",458.386603100919
"2012-08-26 18:00:00",359.171212094842
"2012-08-26 19:00:00",275.874296396855
"2012-08-26 20:00:00",239.845521998959
"2012-08-26 21:00:00",194.228824710455
"2012-08-26 22:00:00",151.234510007172
"2012-08-26 23:00:00",100.65072239251
"2012-08-27 00:00:00",53.320164251899
"2012-08-27 01:00:00",22.6310696244539
"2012-08-27 02:00:00",13.1165385822319
"2012-08-27 03:00:00",7.3157346222352
"2012-08-27 04:00:00",9.6464382262956
"2012-08-27 05:00:00",33.4493197257433
"2012-08-27 06:00:00",141.955508846073
"2012-08-27 07:00:00",416.18019082979
"2012-08-27 08:00:00",697.393665743165
"2012-08-27 09:00:00",391.000688396408
"2012-08-27 10:00:00",231.054627752755
"2012-08-27 11:00:00",264.684147571854
"2012-08-27 12:00:00",359.291615507056
"2012-08-27 13:00:00",330.774235947706
"2012-08-27 14:00:00",308.930506093103
"2012-08-27 15:00:00",300.754687936292
"2012-08-27 16:00:00",434.230004745058
"2012-08-27 17:00:00",816.386486527155
"2012-08-27 18:00:00",775.043339029383
"2012-08-27 19:00:00",538.552969676579
"2012-08-27 20:00:00",382.271918854957
"2012-08-27 21:00:00",271.623714185183
"2012-08-27 22:00:00",177.106161163813
"2012-08-27 23:00:00",102.650620842946
"2012-08-28 00:00:00",40.7806967784334
"2012-08-28 01:00:00",17.934537237244
"2012-08-28 02:00:00",8.94653914313366
"2012-08-28 03:00:00",6.13365605211294
"2012-08-28 04:00:00",8.67999953610496
"2012-08-28 05:00:00",37.1549247671414
"2012-08-28 06:00:00",167.350123212341
"2012-08-28 07:00:00",476.998052957532
"2012-08-28 08:00:00",768.846330864327
"2012-08-28 09:00:00",373.785929422293
"2012-08-28 10:00:00",231.874571741619
"2012-08-28 11:00:00",232.746753081948
"2012-08-28 12:00:00",280.863770015497
"2012-08-28 13:00:00",287.339093046463
"2012-08-28 14:00:00",251.018509194098
"2012-08-28 15:00:00",290.453503841173
"2012-08-28 16:00:00",456.168230752845
"2012-08-28 17:00:00",901.72237167003
"2012-08-28 18:00:00",906.893879608893
"2012-08-28 19:00:00",646.01558264015
"2012-08-28 20:00:00",462.021754526038
"2012-08-28 21:00:00",347.188689416107
"2012-08-28 22:00:00",247.119415634667
"2012-08-28 23:00:00",144.689756209809
"2012-08-29 00:00:00",56.4871072858213
"2012-08-29 01:00:00",22.6981770248395
"2012-08-29 02:00:00",9.83515674531367
"2012-08-29 03:00:00",7.8986822251395
"2012-08-29 04:00:00",7.21289523439971
"2012-08-29 05:00:00",39.3892573101065
"2012-08-29 06:00:00",183.699249010182
"2012-08-29 07:00:00",552.136802310615
"2012-08-29 08:00:00",949.132392261368
"2012-08-29 09:00:00",490.89084670167
"2012-08-29 10:00:00",254.503506916753
"2012-08-29 11:00:00",281.613415382006
"2012-08-29 12:00:00",362.688440882398
"2012-08-29 13:00:00",329.518883706158
"2012-08-29 14:00:00",295.390473078731
"2012-08-29 15:00:00",314.169067412799
"2012-08-29 16:00:00",462.39116713213
"2012-08-29 17:00:00",876.786072533981
"2012-08-29 18:00:00",909.427467251006
"2012-08-29 19:00:00",602.004369340251
"2012-08-29 20:00:00",459.06354178295
"2012-08-29 21:00:00",321.577714786813
"2012-08-29 22:00:00",258.583392082924
"2012-08-29 23:00:00",148.536824972907
"2012-08-30 00:00:00",65.1623025410295
"2012-08-30 01:00:00",27.1896713608032
"2012-08-30 02:00:00",14.0081798868324
"2012-08-30 03:00:00",7.99233144003198
"2012-08-30 04:00:00",8.54440631116077
"2012-08-30 05:00:00",46.8483607770739
"2012-08-30 06:00:00",193.90729735774
"2012-08-30 07:00:00",606.428339493149
"2012-08-30 08:00:00",1019.02169262922
"2012-08-30 09:00:00",499.699593480323
"2012-08-30 10:00:00",251.722178711157
"2012-08-30 11:00:00",299.485843196173
"2012-08-30 12:00:00",348.798380076831
"2012-08-30 13:00:00",333.264143145188
"2012-08-30 14:00:00",288.672048654454
"2012-08-30 15:00:00",296.489181549806
"2012-08-30 16:00:00",457.746678282155
"2012-08-30 17:00:00",894.144806847273
"2012-08-30 18:00:00",871.89711613724
"2012-08-30 19:00:00",608.00785637051
"2012-08-30 20:00:00",445.883858898457
"2012-08-30 21:00:00",337.038753538528
"2012-08-30 22:00:00",262.480987840326
"2012-08-30 23:00:00",162.844135512788
"2012-08-31 00:00:00",83.7312087514611
"2012-08-31 01:00:00",39.5536936781595
"2012-08-31 02:00:00",19.5837996021223
"2012-08-31 03:00:00",9.44908482021031
"2012-08-31 04:00:00",8.47393232790052
"2012-08-31 05:00:00",39.9332238029259
"2012-08-31 06:00:00",145.956903635705
"2012-08-31 07:00:00",420.208731476665
"2012-08-31 08:00:00",837.023192039865
"2012-08-31 09:00:00",499.627807731078
"2012-08-31 10:00:00",276.945486754703
"2012-08-31 11:00:00",314.960954980169
"2012-08-31 12:00:00",395.458584701292
"2012-08-31 13:00:00",360.859272312738
"2012-08-31 14:00:00",323.91399422564
"2012-08-31 15:00:00",338.425774113991
"2012-08-31 16:00:00",463.589401870711
"2012-08-31 17:00:00",795.692396344926
"2012-08-31 18:00:00",675.109083892583
"2012-08-31 19:00:00",512.005984157458
"2012-08-31 20:00:00",352.023139831191
"2012-08-31 21:00:00",280.777318979773
"2012-08-31 22:00:00",254.858125950877
"2012-08-31 23:00:00",208.246294304242
"2012-09-20 00:00:00",56.7727846278936
"2012-09-20 01:00:00",20.4871112205563
"2012-09-20 02:00:00",11.0937211730924
"2012-09-20 03:00:00",6.20537587304602
"2012-09-20 04:00:00",6.41349895678496
"2012-09-20 05:00:00",35.1647501334743
"2012-09-20 06:00:00",167.518166087114
"2012-09-20 07:00:00",460.546389493119
"2012-09-20 08:00:00",828.525860285063
"2012-09-20 09:00:00",438.981756597923
"2012-09-20 10:00:00",228.926503208136
"2012-09-20 11:00:00",297.427262004303
"2012-09-20 12:00:00",345.558432354007
"2012-09-20 13:00:00",336.395359895703
"2012-09-20 14:00:00",284.946910701789
"2012-09-20 15:00:00",308.855141676029
"2012-09-20 16:00:00",467.806628940081
"2012-09-20 17:00:00",882.278692641341
"2012-09-20 18:00:00",776.671794068834
"2012-09-20 19:00:00",534.135925751009
"2012-09-20 20:00:00",407.053889586963
"2012-09-20 21:00:00",308.028436164238
"2012-09-20 22:00:00",226.42771549983
"2012-09-20 23:00:00",150.579675613851
"2012-09-21 00:00:00",84.8984648173731
"2012-09-21 01:00:00",38.4794888858971
"2012-09-21 02:00:00",19.3894072281761
"2012-09-21 03:00:00",8.60101640646727
"2012-09-21 04:00:00",8.05034260573639
"2012-09-21 05:00:00",37.7442287408703
"2012-09-21 06:00:00",149.143181214484
"2012-09-21 07:00:00",444.504789341163
"2012-09-21 08:00:00",799.28057544588
"2012-09-21 09:00:00",464.109784124699
"2012-09-21 10:00:00",267.353402741701
"2012-09-21 11:00:00",324.865292547342
"2012-09-21 12:00:00",407.041783652545
"2012-09-21 13:00:00",407.741662337492
"2012-09-21 14:00:00",353.292932747688
"2012-09-21 15:00:00",392.504381388419
"2012-09-21 16:00:00",535.08310443082
"2012-09-21 17:00:00",834.189703203141
"2012-09-21 18:00:00",701.919871142208
"2012-09-21 19:00:00",482.740896364044
"2012-09-21 20:00:00",328.770351770338
"2012-09-21 21:00:00",255.098534799228
"2012-09-21 22:00:00",236.065125004717
"2012-09-21 23:00:00",180.412425758391
"2012-09-22 00:00:00",149.029919981668
"2012-09-22 01:00:00",108.983855639745
"2012-09-22 02:00:00",78.76032946946
"2012-09-22 03:00:00",35.6267750088554
"2012-09-22 04:00:00",11.6654296473833
"2012-09-22 05:00:00",11.5152921715301
"2012-09-22 06:00:00",28.8082638624642
"2012-09-22 07:00:00",73.7243404865597
"2012-09-22 08:00:00",189.189200037462
"2012-09-22 09:00:00",309.943971409327
"2012-09-22 10:00:00",432.317569702508
"2012-09-22 11:00:00",546.111705928854
"2012-09-22 12:00:00",620.402943935251
"2012-09-22 13:00:00",626.875183933888
"2012-09-22 14:00:00",649.508455192736
"2012-09-22 15:00:00",637.259702640244
"2012-09-22 16:00:00",592.982263114605
"2012-09-22 17:00:00",546.309507743935
"2012-09-22 18:00:00",470.88205901924
"2012-09-22 19:00:00",413.007809036392
"2012-09-22 20:00:00",321.288768071211
"2012-09-22 21:00:00",261.219654767324
"2012-09-22 22:00:00",235.453286664447
"2012-09-22 23:00:00",215.293410439386
"2012-09-23 00:00:00",206.540732815335
"2012-09-23 01:00:00",144.487028752452
"2012-09-23 02:00:00",113.938479997269
"2012-09-23 03:00:00",50.7042161267973
"2012-09-23 04:00:00",14.1572476552076
"2012-09-23 05:00:00",12.9581956276058
"2012-09-23 06:00:00",18.1278441007032
"2012-09-23 07:00:00",52.229138284296
"2012-09-23 08:00:00",129.398241651545
"2012-09-23 09:00:00",253.921404926368
"2012-09-23 10:00:00",462.423185631402
"2012-09-23 11:00:00",576.110564783752
"2012-09-23 12:00:00",722.435008277998
"2012-09-23 13:00:00",750.63230066167
"2012-09-23 14:00:00",706.155922495379
"2012-09-23 15:00:00",706.126979337318
"2012-09-23 16:00:00",683.078889209729
"2012-09-23 17:00:00",585.146539899655
"2012-09-23 18:00:00",479.078474202731
"2012-09-23 19:00:00",362.00265713911
"2012-09-23 20:00:00",287.008884409385
"2012-09-23 21:00:00",204.764823808035
"2012-09-23 22:00:00",183.600557204432
"2012-09-23 23:00:00",98.6796295764312
"2012-09-24 00:00:00",49.7878508471605
"2012-09-24 01:00:00",22.3968348888925
"2012-09-24 02:00:00",12.1351572153368
"2012-09-24 03:00:00",7.24502951494105
"2012-09-24 04:00:00",8.83735005142949
"2012-09-24 05:00:00",33.9351872144849
"2012-09-24 06:00:00",145.517956019337
"2012-09-24 07:00:00",386.424643902664
"2012-09-24 08:00:00",726.353336760919
"2012-09-24 09:00:00",427.250286219115
"2012-09-24 10:00:00",254.758180632583
"2012-09-24 11:00:00",313.55435061322
"2012-09-24 12:00:00",387.289410504394
"2012-09-24 13:00:00",392.66612174945
"2012-09-24 14:00:00",399.538601873261
"2012-09-24 15:00:00",425.609751849643
"2012-09-24 16:00:00",545.459579540281
"2012-09-24 17:00:00",1047.66547350179
"2012-09-24 18:00:00",881.259793813458
"2012-09-24 19:00:00",623.567945233506
"2012-09-24 20:00:00",424.926844402553
"2012-09-24 21:00:00",292.174196433127
"2012-09-24 22:00:00",192.708580089195
"2012-09-24 23:00:00",102.35636612181
"2012-09-25 00:00:00",41.0279578581765
"2012-09-25 01:00:00",17.3277920515391
"2012-09-25 02:00:00",8.16025830877966
"2012-09-25 03:00:00",5.68731060177844
"2012-09-25 04:00:00",7.72595139423672
"2012-09-25 05:00:00",35.7831049451411
"2012-09-25 06:00:00",165.271908028947
"2012-09-25 07:00:00",463.249646036088
"2012-09-25 08:00:00",830.547772118418
"2012-09-25 09:00:00",448.99049094789
"2012-09-25 10:00:00",251.680838455283
"2012-09-25 11:00:00",270.984870007437
"2012-09-25 12:00:00",339.908377166156
"2012-09-25 13:00:00",351.393348102447
"2012-09-25 14:00:00",319.214943255282
"2012-09-25 15:00:00",349.332242014626
"2012-09-25 16:00:00",548.793075851637
"2012-09-25 17:00:00",1092.47781450585
"2012-09-25 18:00:00",1054.72938152824
"2012-09-25 19:00:00",682.937090912175
"2012-09-25 20:00:00",456.097996694743
"2012-09-25 21:00:00",341.089200632797
"2012-09-25 22:00:00",243.255465828664
"2012-09-25 23:00:00",142.519948853166
"2012-09-26 00:00:00",56.5855550814192
"2012-09-26 01:00:00",23.7019224252083
"2012-09-26 02:00:00",9.77285149658618
"2012-09-26 03:00:00",7.77334562035704
"2012-09-26 04:00:00",7.84821355100837
"2012-09-26 05:00:00",42.8573121744896
"2012-09-26 06:00:00",196.810984670932
"2012-09-26 07:00:00",541.853461350146
"2012-09-26 08:00:00",916.023583933334
"2012-09-26 09:00:00",506.248056668172
"2012-09-26 10:00:00",241.030372227188
"2012-09-26 11:00:00",271.717911038187
"2012-09-26 12:00:00",355.883186353624
"2012-09-26 13:00:00",327.559046911878
"2012-09-26 14:00:00",308.266893316087
"2012-09-26 15:00:00",337.495438060706
"2012-09-26 16:00:00",489.309658528364
"2012-09-26 17:00:00",941.558562302984
"2012-09-26 18:00:00",989.784915999208
"2012-09-26 19:00:00",695.522210724748
"2012-09-26 20:00:00",465.365223362882
"2012-09-26 21:00:00",340.563892454105
"2012-09-26 22:00:00",141.49296191214
"2012-09-26 23:00:00",126.25458006718
"2012-09-27 00:00:00",68.0487978262536
"2012-09-27 01:00:00",27.9185405108994
"2012-09-27 02:00:00",15.0451282179135
"2012-09-27 03:00:00",8.83640882469446
"2012-09-27 04:00:00",8.22665652324091
"2012-09-27 05:00:00",49.9564042332419
"2012-09-27 06:00:00",215.229821212199
"2012-09-27 07:00:00",663.020471970566
"2012-09-27 08:00:00",1082.48265416833
"2012-09-27 09:00:00",551.111599191104
"2012-09-27 10:00:00",243.960597199628
"2012-09-27 11:00:00",294.125087924482
"2012-09-27 12:00:00",362.95627819135
"2012-09-27 13:00:00",364.475490585338
"2012-09-27 14:00:00",310.521056431539
"2012-09-27 15:00:00",342.428032898274
"2012-09-27 16:00:00",446.987730151591
"2012-09-27 17:00:00",835.871023220179
"2012-09-27 18:00:00",806.33061823631
"2012-09-27 19:00:00",654.418442693791
"2012-09-27 20:00:00",434.799075278364
"2012-09-27 21:00:00",186.003735591989
"2012-09-27 22:00:00",140.560323576244
"2012-09-27 23:00:00",96.0210735270495
"2012-09-28 00:00:00",50.6621242418539
"2012-09-28 01:00:00",25.2378268447414
"2012-09-28 02:00:00",11.5464949345545
"2012-09-28 03:00:00",9.75165696558655
"2012-09-28 04:00:00",5.1567142222347
"2012-09-28 05:00:00",45.7522847944481
"2012-09-28 06:00:00",159.074758292694
"2012-09-28 07:00:00",460.20262433684
"2012-09-28 08:00:00",953.50477577344
"2012-09-28 09:00:00",476.877975553282
"2012-09-28 10:00:00",270.885829126757
"2012-09-28 11:00:00",345.69810656533
"2012-09-28 12:00:00",418.917977642844
"2012-09-28 13:00:00",419.284524996338
"2012-09-28 14:00:00",374.039014723465
"2012-09-28 15:00:00",401.183047076756
"2012-09-28 16:00:00",558.62768999003
"2012-09-28 17:00:00",872.970308035289
"2012-09-28 18:00:00",767.600849985855
"2012-09-28 19:00:00",321.493741488812
"2012-09-28 20:00:00",220.629014347104
"2012-09-28 21:00:00",178.336210491346
"2012-09-28 22:00:00",257.727875635353
"2012-09-28 23:00:00",200.346486531377
"2012-09-29 00:00:00",169.951780159284
"2012-09-29 01:00:00",132.006466792128
"2012-09-29 02:00:00",90.2285733702573
"2012-09-29 03:00:00",39.2705027231691
"2012-09-29 04:00:00",13.8305699482566
"2012-09-29 05:00:00",13.5027572924906
"2012-09-29 06:00:00",32.8153056812356
"2012-09-29 07:00:00",75.347797392842
"2012-09-29 08:00:00",194.973159164412
"2012-09-29 09:00:00",315.020672883689
"2012-09-29 10:00:00",468.785011692339
"2012-09-29 11:00:00",581.143403012179
"2012-09-29 12:00:00",726.81276744226
"2012-09-29 13:00:00",743.773488335625
"2012-09-29 14:00:00",748.691261168126
"2012-09-29 15:00:00",741.269886386908
"2012-09-29 16:00:00",706.982571221855
"2012-09-29 17:00:00",623.869777779023
"2012-09-29 18:00:00",518.65658980842
"2012-09-29 19:00:00",413.732372832214
"2012-09-29 20:00:00",318.843518329778
"2012-09-29 21:00:00",272.497542687994
"2012-09-29 22:00:00",232.946306066575
"2012-09-29 23:00:00",210.533190908195
"2012-09-30 00:00:00",176.47581314157
"2012-09-30 01:00:00",148.763662613317
"2012-09-30 02:00:00",110.367696783805
"2012-09-30 03:00:00",50.6242360583333
"2012-09-30 04:00:00",14.3331897976522
"2012-09-30 05:00:00",13.1099815515845
"2012-09-30 06:00:00",18.6609926571462
"2012-09-30 07:00:00",51.7071511004532
"2012-09-30 08:00:00",135.86968586994
"2012-09-30 09:00:00",272.138191070445
"2012-09-30 10:00:00",502.222560517507
"2012-09-30 11:00:00",618.94112339446
"2012-09-30 12:00:00",735.115325161671
"2012-09-30 13:00:00",736.009654030451
"2012-09-30 14:00:00",699.106831295828
"2012-09-30 15:00:00",719.262738880882
"2012-09-30 16:00:00",726.680940245629
"2012-09-30 17:00:00",634.67193833839
"2012-09-30 18:00:00",397.953257197751
"2012-09-30 19:00:00",178.994808934073
"2012-09-30 20:00:00",141.913600395197
"2012-09-30 21:00:00",211.402374307867
"2012-09-30 22:00:00",159.796043924249
"2012-09-30 23:00:00",101.243786436252
"2012-10-20 00:00:00",144.325934077568
"2012-10-20 01:00:00",115.044882424906
"2012-10-20 02:00:00",81.8256961694332
"2012-10-20 03:00:00",35.0402421029005
"2012-10-20 04:00:00",12.5893565073035
"2012-10-20 05:00:00",11.4297710015228
"2012-10-20 06:00:00",30.1353741659915
"2012-10-20 07:00:00",68.7244978255829
"2012-10-20 08:00:00",191.399476731862
"2012-10-20 09:00:00",324.980716771942
"2012-10-20 10:00:00",478.327870503263
"2012-10-20 11:00:00",575.587948859513
"2012-10-20 12:00:00",706.820322630989
"2012-10-20 13:00:00",716.962755286792
"2012-10-20 14:00:00",771.033786373517
"2012-10-20 15:00:00",764.221621151206
"2012-10-20 16:00:00",628.880972116139
"2012-10-20 17:00:00",600.556714842608
"2012-10-20 18:00:00",493.085579638381
"2012-10-20 19:00:00",415.997774046318
"2012-10-20 20:00:00",320.069536029187
"2012-10-20 21:00:00",242.626637605872
"2012-10-20 22:00:00",214.896203100959
"2012-10-20 23:00:00",186.516607286489
"2012-10-21 00:00:00",151.467070201568
"2012-10-21 01:00:00",119.082895000413
"2012-10-21 02:00:00",89.7300431582018
"2012-10-21 03:00:00",43.2852683861375
"2012-10-21 04:00:00",11.3724414033352
"2012-10-21 05:00:00",11.4440102954645
"2012-10-21 06:00:00",18.1414618838431
"2012-10-21 07:00:00",49.4234590982445
"2012-10-21 08:00:00",125.565592435447
"2012-10-21 09:00:00",245.728416245501
"2012-10-21 10:00:00",421.811256992818
"2012-10-21 11:00:00",531.43072657218
"2012-10-21 12:00:00",660.443835707678
"2012-10-21 13:00:00",693.721119546487
"2012-10-21 14:00:00",676.503799712682
"2012-10-21 15:00:00",641.488775819123
"2012-10-21 16:00:00",638.796250890697
"2012-10-21 17:00:00",548.394983096144
"2012-10-21 18:00:00",459.95900609735
"2012-10-21 19:00:00",349.165517317805
"2012-10-21 20:00:00",262.388896004961
"2012-10-21 21:00:00",178.758397949001
"2012-10-21 22:00:00",149.016962925621
"2012-10-21 23:00:00",101.308919635025
"2012-10-22 00:00:00",47.1459406937778
"2012-10-22 01:00:00",20.6356845512687
"2012-10-22 02:00:00",11.6514044965862
"2012-10-22 03:00:00",6.79476446663474
"2012-10-22 04:00:00",8.11586284345658
"2012-10-22 05:00:00",27.380269690608
"2012-10-22 06:00:00",111.598555914214
"2012-10-22 07:00:00",335.217331204265
"2012-10-22 08:00:00",670.452711102345
"2012-10-22 09:00:00",384.967259391047
"2012-10-22 10:00:00",251.616117834255
"2012-10-22 11:00:00",316.5916883075
"2012-10-22 12:00:00",439.066170778656
"2012-10-22 13:00:00",422.910501036943
"2012-10-22 14:00:00",385.603651055578
"2012-10-22 15:00:00",424.246347006762
"2012-10-22 16:00:00",582.763758767405
"2012-10-22 17:00:00",1051.2282919508
"2012-10-22 18:00:00",821.495816180524
"2012-10-22 19:00:00",604.464672166823
"2012-10-22 20:00:00",402.199449363743
"2012-10-22 21:00:00",273.332115901568
"2012-10-22 22:00:00",169.743085807522
"2012-10-22 23:00:00",98.3829869465876
"2012-10-23 00:00:00",38.8550685921145
"2012-10-23 01:00:00",17.5740444690018
"2012-10-23 02:00:00",8.249012785192
"2012-10-23 03:00:00",5.74156703355589
"2012-10-23 04:00:00",7.69717254340945
"2012-10-23 05:00:00",37.1440246404658
"2012-10-23 06:00:00",158.367484712606
"2012-10-23 07:00:00",434.862927470398
"2012-10-23 08:00:00",746.07554591977
"2012-10-23 09:00:00",384.22898097864
"2012-10-23 10:00:00",262.244490254927
"2012-10-23 11:00:00",290.500843814104
"2012-10-23 12:00:00",326.073364684608
"2012-10-23 13:00:00",352.290687094652
"2012-10-23 14:00:00",336.499207499624
"2012-10-23 15:00:00",356.463016276066
"2012-10-23 16:00:00",578.91618606939
"2012-10-23 17:00:00",1196.98378752923
"2012-10-23 18:00:00",1031.74907229316
"2012-10-23 19:00:00",700.083463940497
"2012-10-23 20:00:00",456.979459476342
"2012-10-23 21:00:00",343.735513406327
"2012-10-23 22:00:00",235.854535693949
"2012-10-23 23:00:00",134.354038892831
"2012-10-24 00:00:00",55.8732098509123
"2012-10-24 01:00:00",24.7327031365513
"2012-10-24 02:00:00",11.0217876515262
"2012-10-24 03:00:00",7.80814053185312
"2012-10-24 04:00:00",7.52346445561831
"2012-10-24 05:00:00",41.2723816331105
"2012-10-24 06:00:00",180.377250084131
"2012-10-24 07:00:00",502.701627467692
"2012-10-24 08:00:00",817.473827548029
"2012-10-24 09:00:00",414.712577393661
"2012-10-24 10:00:00",225.577580629607
"2012-10-24 11:00:00",277.09467152666
"2012-10-24 12:00:00",361.655263405819
"2012-10-24 13:00:00",356.278566242633
"2012-10-24 14:00:00",341.366698784271
"2012-10-24 15:00:00",378.929550721953
"2012-10-24 16:00:00",546.120339528675
"2012-10-24 17:00:00",1042.12871502778
"2012-10-24 18:00:00",1083.60682999654
"2012-10-24 19:00:00",640.918711828674
"2012-10-24 20:00:00",444.556219942423
"2012-10-24 21:00:00",318.11772388811
"2012-10-24 22:00:00",237.968877087353
"2012-10-24 23:00:00",135.694220452765
"2012-10-25 00:00:00",65.1868002218528
"2012-10-25 01:00:00",29.2914064531756
"2012-10-25 02:00:00",14.5888921418022
"2012-10-25 03:00:00",6.83308584223963
"2012-10-25 04:00:00",7.37584804504288
"2012-10-25 05:00:00",39.6677039649017
"2012-10-25 06:00:00",180.935293378994
"2012-10-25 07:00:00",502.898811638245
"2012-10-25 08:00:00",830.853342893067
"2012-10-25 09:00:00",388.927931749126
"2012-10-25 10:00:00",201.872235433389
"2012-10-25 11:00:00",237.142147037198
"2012-10-25 12:00:00",299.730573059436
"2012-10-25 13:00:00",298.097533379732
"2012-10-25 14:00:00",290.135838490779
"2012-10-25 15:00:00",325.891302412235
"2012-10-25 16:00:00",474.484376478025
"2012-10-25 17:00:00",923.953687363153
"2012-10-25 18:00:00",809.764964508577
"2012-10-25 19:00:00",542.917044696487
"2012-10-25 20:00:00",372.400492802999
"2012-10-25 21:00:00",287.300613821388
"2012-10-25 22:00:00",229.672283290821
"2012-10-25 23:00:00",148.069030067012
"2012-10-26 00:00:00",85.985599548138
"2012-10-26 01:00:00",37.0975310369884
"2012-10-26 02:00:00",18.6031678781586
"2012-10-26 03:00:00",8.71978172281276
"2012-10-26 04:00:00",7.92833640073858
"2012-10-26 05:00:00",38.4609123083575
"2012-10-26 06:00:00",154.895921836255
"2012-10-26 07:00:00",433.217839077879
"2012-10-26 08:00:00",793.567385711338
"2012-10-26 09:00:00",431.563863081429
"2012-10-26 10:00:00",242.415662792945
"2012-10-26 11:00:00",293.938899235108
"2012-10-26 12:00:00",370.153473726906
"2012-10-26 13:00:00",379.251615571594
"2012-10-26 14:00:00",355.431083601171
"2012-10-26 15:00:00",400.576196686796
"2012-10-26 16:00:00",488.608739374087
"2012-10-26 17:00:00",763.237431544991
"2012-10-26 18:00:00",658.990041150105
"2012-10-26 19:00:00",442.308433301961
"2012-10-26 20:00:00",304.103483714143
"2012-10-26 21:00:00",255.638961072941
"2012-10-26 22:00:00",221.604589297481
"2012-10-26 23:00:00",192.101886150903
"2012-10-27 00:00:00",151.209295934596
"2012-10-27 01:00:00",107.105355434459
"2012-10-27 02:00:00",77.704929255193
"2012-10-27 03:00:00",38.6142002479775
"2012-10-27 04:00:00",11.5301372913022
"2012-10-27 05:00:00",11.6416030875634
"2012-10-27 06:00:00",28.8439135877226
"2012-10-27 07:00:00",74.1982525616324
"2012-10-27 08:00:00",191.703705462515
"2012-10-27 09:00:00",296.478145939587
"2012-10-27 10:00:00",438.822825478267
"2012-10-27 11:00:00",557.257609193432
"2012-10-27 12:00:00",689.509967149842
"2012-10-27 13:00:00",733.368932813182
"2012-10-27 14:00:00",731.550776919352
"2012-10-27 15:00:00",599.124150643252
"2012-10-27 16:00:00",547.597121366613
"2012-10-27 17:00:00",504.496563260565
"2012-10-27 18:00:00",431.433652218415
"2012-10-27 19:00:00",350.872844945249
"2012-10-27 20:00:00",273.020039303631
"2012-10-27 21:00:00",228.871711610758
"2012-10-27 22:00:00",203.250358513024
"2012-10-27 23:00:00",175.160189718775
"2012-10-28 00:00:00",89.3158786805021
"2012-10-28 01:00:00",119.107799870456
"2012-10-28 02:00:00",93.2128541275287
"2012-10-28 03:00:00",46.3655701388981
"2012-10-28 04:00:00",13.0014950772077
"2012-10-28 05:00:00",12.3775433696663
"2012-10-28 06:00:00",18.1754702281715
"2012-10-28 07:00:00",49.9973792188159
"2012-10-28 08:00:00",113.541914404628
"2012-10-28 09:00:00",222.309132266561
"2012-10-28 10:00:00",353.583521744143
"2012-10-28 11:00:00",449.283023738479
"2012-10-28 12:00:00",484.204157081854
"2012-10-28 13:00:00",489.489325833653
"2012-10-28 14:00:00",477.022618738249
"2012-10-28 15:00:00",460.181168494189
"2012-10-28 16:00:00",270.19411456133
"2012-10-28 17:00:00",224.933760398832
"2012-10-28 18:00:00",167.211431148479
"2012-10-28 19:00:00",137.411972747892
"2012-10-28 20:00:00",105.323840341412
"2012-10-28 21:00:00",87.730704480281
"2012-10-28 22:00:00",70.703253694122
"2012-10-28 23:00:00",43.9215279354152
"2012-10-29 00:00:00",23.7310163292835
"2012-10-30 13:00:00",97.7546385046236
"2012-10-30 14:00:00",86.8002075405365
"2012-10-30 15:00:00",96.304493389944
"2012-10-30 16:00:00",151.828533354885
"2012-10-30 17:00:00",303.704158649713
"2012-10-30 18:00:00",302.536683002034
"2012-10-30 19:00:00",510.838939971493
"2012-10-30 20:00:00",239.448694842132
"2012-10-30 21:00:00",183.072385762587
"2012-10-30 22:00:00",142.084851101685
"2012-10-30 23:00:00",84.4607420766322
"2012-10-31 00:00:00",32.185801858422
"2012-10-31 01:00:00",13.6784343761053
"2012-10-31 02:00:00",6.00809552813352
"2012-10-31 03:00:00",4.82514296252783
"2012-10-31 04:00:00",4.48572695748154
"2012-10-31 05:00:00",24.9035465991559
"2012-10-31 06:00:00",126.132457122143
"2012-10-31 07:00:00",315.662703686199
"2012-10-31 08:00:00",622.341014923593
"2012-10-31 09:00:00",323.381556607257
"2012-10-31 10:00:00",164.253343521251
"2012-10-31 11:00:00",159.209197563845
"2012-10-31 12:00:00",249.229835621642
"2012-10-31 13:00:00",237.7405868024
"2012-10-31 14:00:00",200.353360462348
"2012-10-31 15:00:00",244.221318414543
"2012-10-31 16:00:00",310.384238235877
"2012-10-31 17:00:00",590.492800966371
"2012-10-31 18:00:00",605.93683959159
"2012-10-31 19:00:00",428.303482207773
"2012-10-31 20:00:00",311.419219065547
"2012-10-31 21:00:00",223.923629919054
"2012-10-31 22:00:00",175.855683464058
"2012-10-31 23:00:00",103.850251981604
"2012-11-20 00:00:00",31.0115323492954
"2012-11-20 01:00:00",14.4425500772897
"2012-11-20 02:00:00",6.19113973959046
"2012-11-20 03:00:00",4.38391668345725
"2012-11-20 04:00:00",5.91395996510701
"2012-11-20 05:00:00",27.8945427175412
"2012-11-20 06:00:00",127.418245331326
"2012-11-20 07:00:00",378.525427164363
"2012-11-20 08:00:00",636.843161072266
"2012-11-20 09:00:00",305.762839496284
"2012-11-20 10:00:00",177.583307165923
"2012-11-20 11:00:00",184.968605310444
"2012-11-20 12:00:00",230.185756057844
"2012-11-20 13:00:00",250.52205510334
"2012-11-20 14:00:00",215.05417805951
"2012-11-20 15:00:00",243.444388103218
"2012-11-20 16:00:00",350.096426469852
"2012-11-20 17:00:00",637.807805766128
"2012-11-20 18:00:00",638.786410850045
"2012-11-20 19:00:00",448.842541283601
"2012-11-20 20:00:00",301.847608399605
"2012-11-20 21:00:00",239.744668379437
"2012-11-20 22:00:00",170.157171238933
"2012-11-20 23:00:00",88.7584136262023
"2012-11-21 00:00:00",39.5513450994766
"2012-11-21 01:00:00",15.5363074440214
"2012-11-21 02:00:00",6.35695443050632
"2012-11-21 03:00:00",5.056334264206
"2012-11-21 04:00:00",4.87198596865552
"2012-11-21 05:00:00",26.3495662057167
"2012-11-21 06:00:00",123.479936462279
"2012-11-21 07:00:00",325.340328278083
"2012-11-21 08:00:00",531.733087895364
"2012-11-21 09:00:00",314.913273471575
"2012-11-21 10:00:00",182.786288606306
"2012-11-21 11:00:00",198.057965170407
"2012-11-21 12:00:00",282.058527885321
"2012-11-21 13:00:00",257.121895097082
"2012-11-21 14:00:00",251.877362068051
"2012-11-21 15:00:00",284.390370040855
"2012-11-21 16:00:00",384.17153357191
"2012-11-21 17:00:00",671.82587950119
"2012-11-21 18:00:00",738.668585761976
"2012-11-21 19:00:00",455.170141929407
"2012-11-21 20:00:00",302.075684749423
"2012-11-21 21:00:00",239.06365995976
"2012-11-21 22:00:00",177.836653912203
"2012-11-21 23:00:00",97.3130318407515
"2012-11-22 00:00:00",43.7716618281077
"2012-11-22 01:00:00",16.5098301671299
"2012-11-22 02:00:00",8.14042824129207
"2012-11-22 03:00:00",4.62216759984352
"2012-11-22 04:00:00",4.7016118722482
"2012-11-22 05:00:00",27.0935930165459
"2012-11-22 06:00:00",130.271967728613
"2012-11-22 07:00:00",330.668668066033
"2012-11-22 08:00:00",553.298788379097
"2012-11-22 09:00:00",311.477986304947
"2012-11-22 10:00:00",172.175717992158
"2012-11-22 11:00:00",237.351799105633
"2012-11-22 12:00:00",314.278100404702
"2012-11-22 13:00:00",318.881944177903
"2012-11-22 14:00:00",292.590692791578
"2012-11-22 15:00:00",313.43726662427
"2012-11-22 16:00:00",451.125945599894
"2012-11-22 17:00:00",836.771417599828
"2012-11-22 18:00:00",707.650469801466
"2012-11-22 19:00:00",431.278394435787
"2012-11-22 20:00:00",320.898814863396
"2012-11-22 21:00:00",244.13865516548
"2012-11-22 22:00:00",181.794470495977
"2012-11-22 23:00:00",112.671401313019
"2012-11-23 00:00:00",59.1935141867073
"2012-11-23 01:00:00",26.7495083496894
"2012-11-23 02:00:00",13.0239616465137
"2012-11-23 03:00:00",6.43173423699487
"2012-11-23 04:00:00",5.41516393108964
"2012-11-23 05:00:00",26.5574651574493
"2012-11-23 06:00:00",106.442161090374
"2012-11-23 07:00:00",299.139229320782
"2012-11-23 08:00:00",522.207380229607
"2012-11-23 09:00:00",308.144149097726
"2012-11-23 10:00:00",194.197406578049
"2012-11-23 11:00:00",261.256148764567
"2012-11-23 12:00:00",351.233120826997
"2012-11-23 13:00:00",358.25894280482
"2012-11-23 14:00:00",356.812026848812
"2012-11-23 15:00:00",366.860532273211
"2012-11-23 16:00:00",474.025481192856
"2012-11-23 17:00:00",780.388879470731
"2012-11-23 18:00:00",649.160794575583
"2012-11-23 19:00:00",431.18922270471
"2012-11-23 20:00:00",338.246781782751
"2012-11-23 21:00:00",257.745072151888
"2012-11-23 22:00:00",212.865507518315
"2012-11-23 23:00:00",164.508645612687
"2012-11-24 00:00:00",129.472406346905
"2012-11-24 01:00:00",84.5227339180491
"2012-11-24 02:00:00",57.6057277226956
"2012-11-24 03:00:00",25.4776568548852
"2012-11-24 04:00:00",7.73766595607858
"2012-11-24 05:00:00",8.05476872612341
"2012-11-24 06:00:00",19.3158159018684
"2012-11-24 07:00:00",44.1662297588984
"2012-11-24 08:00:00",105.849328084013
"2012-11-24 09:00:00",164.876236365227
"2012-11-24 10:00:00",240.499710279806
"2012-11-24 11:00:00",302.973755426569
"2012-11-24 12:00:00",324.310653381453
"2012-11-24 13:00:00",418.558471234594
"2012-11-24 14:00:00",406.033641521739
"2012-11-24 15:00:00",386.039275464713
"2012-11-24 16:00:00",342.104518897883
"2012-11-24 17:00:00",305.919434042703
"2012-11-24 18:00:00",262.22694462432
"2012-11-24 19:00:00",236.449778897714
"2012-11-24 20:00:00",173.823091853312
"2012-11-24 21:00:00",150.000668708438
"2012-11-24 22:00:00",131.926387648974
"2012-11-24 23:00:00",119.552689094207
"2012-11-25 00:00:00",91.2953998873273
"2012-11-25 01:00:00",78.5579415422815
"2012-11-25 02:00:00",57.8920634316009
"2012-11-25 03:00:00",32.1699264699599
"2012-11-25 04:00:00",9.1082394080799
"2012-11-25 05:00:00",7.34582198697298
"2012-11-25 06:00:00",10.9735866674621
"2012-11-25 07:00:00",29.8460335478982
"2012-11-25 08:00:00",71.4766963202963
"2012-11-25 09:00:00",137.072461339866
"2012-11-25 10:00:00",242.756073319224
"2012-11-25 11:00:00",284.910397499911
"2012-11-25 12:00:00",336.885973093853
"2012-11-25 13:00:00",338.925543958141
"2012-11-25 14:00:00",342.877554629007
"2012-11-25 15:00:00",372.371873228568
"2012-11-25 16:00:00",377.502503937665
"2012-11-25 17:00:00",330.797794417032
"2012-11-25 18:00:00",259.239281385898
"2012-11-25 19:00:00",215.612824487331
"2012-11-25 20:00:00",161.522060319656
"2012-11-25 21:00:00",132.944249325018
"2012-11-25 22:00:00",99.8413951322039
"2012-11-25 23:00:00",60.5046462903284
"2012-11-26 00:00:00",32.0526033148814
"2012-11-26 01:00:00",13.7616331621145
"2012-11-26 02:00:00",8.09215427490523
"2012-11-26 03:00:00",4.44859469098161
"2012-11-26 04:00:00",5.79880917861106
"2012-11-26 05:00:00",19.4565461815345
"2012-11-26 06:00:00",87.0762236044782
"2012-11-26 07:00:00",257.007529151075
"2012-11-26 08:00:00",443.333522690984
"2012-11-26 09:00:00",265.883485765761
"2012-11-26 10:00:00",174.323400423074
"2012-11-26 11:00:00",220.736158704801
"2012-11-26 12:00:00",313.562642911345
"2012-11-26 13:00:00",296.44702191897
"2012-11-26 14:00:00",280.025580863083
"2012-11-26 15:00:00",293.151110463532
"2012-11-26 16:00:00",454.614534139576
"2012-11-26 17:00:00",764.916179307699
"2012-11-26 18:00:00",589.722616156626
"2012-11-26 19:00:00",431.763261830456
"2012-11-26 20:00:00",305.352186701187
"2012-11-26 21:00:00",218.738804276222
"2012-11-26 22:00:00",139.621324912244
"2012-11-26 23:00:00",70.194517253229
"2012-11-27 00:00:00",28.8445438017403
"2012-11-27 01:00:00",12.4317334929564
"2012-11-27 02:00:00",6.0916606339237
"2012-11-27 03:00:00",2.53618350678196
"2012-11-27 04:00:00",3.24663136289846
"2012-11-27 05:00:00",24.4544029733179
"2012-11-27 06:00:00",115.857112430028
"2012-11-27 07:00:00",197.545619911307
"2012-11-27 08:00:00",331.117899916158
"2012-11-27 09:00:00",265.735871295466
"2012-11-27 10:00:00",86.4527053657285
"2012-11-27 11:00:00",79.9482934294603
"2012-11-27 12:00:00",90.3390825209386
"2012-11-27 13:00:00",96.6290349853418
"2012-11-27 14:00:00",82.9486956223651
"2012-11-27 15:00:00",158.187031395473
"2012-11-27 16:00:00",249.389245788253
"2012-11-27 17:00:00",479.954705728835
"2012-11-27 18:00:00",472.124575571094
"2012-11-27 19:00:00",333.999124298749
"2012-11-27 20:00:00",233.479705532925
"2012-11-27 21:00:00",169.736682952448
"2012-11-27 22:00:00",125.213691605071
"2012-11-27 23:00:00",68.5009306779829
"2012-11-28 00:00:00",28.4829464130645
"2012-11-28 01:00:00",12.1632689419263
"2012-11-28 02:00:00",5.42039285743063
"2012-11-28 03:00:00",4.32820856092768
"2012-11-28 04:00:00",4.21094102458911
"2012-11-28 05:00:00",23.218491742293
"2012-11-28 06:00:00",105.600554489638
"2012-11-28 07:00:00",293.843612760826
"2012-11-28 08:00:00",513.378503308827
"2012-11-28 09:00:00",287.185954899624
"2012-11-28 10:00:00",157.43485031864
"2012-11-28 11:00:00",168.012765693051
"2012-11-28 12:00:00",210.383115591703
"2012-11-28 13:00:00",203.236305872165
"2012-11-28 14:00:00",190.950890856785
"2012-11-28 15:00:00",210.867324097209
"2012-11-28 16:00:00",308.488943284014
"2012-11-28 17:00:00",597.469675700231
"2012-11-28 18:00:00",554.699516052495
"2012-11-28 19:00:00",403.187560177173
"2012-11-28 20:00:00",296.006778945759
"2012-11-28 21:00:00",200.19735691357
"2012-11-28 22:00:00",147.595842577799
"2012-11-28 23:00:00",82.691489363626
"2012-11-29 00:00:00",37.2392515481191
"2012-11-29 01:00:00",14.6088071750185
"2012-11-29 02:00:00",8.10412387643113
"2012-11-29 04:00:00",4.60820805369594
"2012-11-29 05:00:00",26.046216656185
"2012-11-29 06:00:00",124.562731427656
"2012-11-29 07:00:00",333.798833626381
"2012-11-29 08:00:00",519.209908824865
"2012-11-29 09:00:00",275.581921909149
"2012-11-29 10:00:00",143.828961100537
"2012-11-29 11:00:00",199.332210585771
"2012-11-29 12:00:00",245.345740006326
"2012-11-29 13:00:00",253.388472446961
"2012-11-29 14:00:00",201.34672522769
"2012-11-29 15:00:00",211.566689135854
"2012-11-29 16:00:00",329.045191244939
"2012-11-29 17:00:00",617.976366583958
"2012-11-29 18:00:00",552.830116643878
"2012-11-29 19:00:00",368.212526379379
"2012-11-29 20:00:00",285.997562432426
"2012-11-29 21:00:00",201.73483267156
"2012-11-29 22:00:00",154.067577490927
"2012-11-29 23:00:00",109.01583432846
"2012-11-30 00:00:00",53.6189344977346
"2012-11-30 01:00:00",24.9278188575153
"2012-11-30 02:00:00",12.8917094967224
"2012-11-30 03:00:00",6.16050938841195
"2012-11-30 04:00:00",5.39232396856175
"2012-11-30 05:00:00",24.7068790318408
"2012-11-30 06:00:00",98.8855927310898
"2012-11-30 07:00:00",288.409322118473
"2012-11-30 08:00:00",460.785391068498
"2012-11-30 09:00:00",286.033828895617
"2012-11-30 10:00:00",170.359248299709
"2012-11-30 11:00:00",214.328950489239
"2012-11-30 12:00:00",298.806472771264
"2012-11-30 13:00:00",296.09351816675
"2012-11-30 14:00:00",273.170825134346
"2012-11-30 15:00:00",311.355022007334
"2012-11-30 16:00:00",431.739409232409
"2012-11-30 17:00:00",621.926702113182
"2012-11-30 18:00:00",484.022802976057
"2012-11-30 19:00:00",356.29236302126
"2012-11-30 20:00:00",244.964239109453
"2012-11-30 21:00:00",184.191297916316
"2012-11-30 22:00:00",172.10508516019
"2012-11-30 23:00:00",121.698601986978
"2012-12-20 00:00:00",43.4294720877587
"2012-12-20 01:00:00",18.4864457668795
"2012-12-20 02:00:00",9.96223089626134
"2012-12-20 03:00:00",4.80277621208997
"2012-12-20 04:00:00",5.13453072930997
"2012-12-20 05:00:00",28.0168900574766
"2012-12-20 06:00:00",134.230816962783
"2012-12-20 07:00:00",370.963875798194
"2012-12-20 08:00:00",597.559549087064
"2012-12-20 09:00:00",282.43117395977
"2012-12-20 10:00:00",146.865695101441
"2012-12-20 11:00:00",168.142805697547
"2012-12-20 12:00:00",218.891569297448
"2012-12-20 13:00:00",207.043329099866
"2012-12-20 14:00:00",182.301838139
"2012-12-20 15:00:00",185.578090711482
"2012-12-20 16:00:00",271.320260361166
"2012-12-20 17:00:00",541.132192629345
"2012-12-20 18:00:00",505.744745187387
"2012-12-20 19:00:00",213.176788667244
"2012-12-20 20:00:00",167.542874912332
"2012-12-20 21:00:00",129.256463764071
"2012-12-20 22:00:00",95.1531978600307
"2012-12-20 23:00:00",68.1934802350812
"2012-12-21 00:00:00",22.4855182918098
"2012-12-21 01:00:00",10.6895513092419
"2012-12-21 02:00:00",5.48578870536326
"2012-12-21 03:00:00",2.62147179401046
"2012-12-21 04:00:00",3.30218543408549
"2012-12-21 05:00:00",15.3229282160858
"2012-12-21 06:00:00",59.9249179542738
"2012-12-21 07:00:00",182.638495312894
"2012-12-21 08:00:00",319.976822934469
"2012-12-21 09:00:00",162.082139964785
"2012-12-21 10:00:00",102.187525872508
"2012-12-21 11:00:00",110.36323195626
"2012-12-21 12:00:00",138.06559974903
"2012-12-21 13:00:00",133.61892568275
"2012-12-21 14:00:00",119.752684538833
"2012-12-21 15:00:00",125.81734953005
"2012-12-21 16:00:00",173.7763612098
"2012-12-21 17:00:00",254.384616207944
"2012-12-21 18:00:00",219.059070434326
"2012-12-21 19:00:00",178.998297973131
"2012-12-21 20:00:00",125.344883485343
"2012-12-21 21:00:00",92.6223337032933
"2012-12-21 22:00:00",87.1791337130667
"2012-12-21 23:00:00",69.9234262153645
"2012-12-22 00:00:00",51.6890597855942
"2012-12-22 01:00:00",41.9311014165104
"2012-12-22 02:00:00",30.2747324644723
"2012-12-22 03:00:00",13.876612846318
"2012-12-22 04:00:00",4.93247289130969
"2012-12-22 05:00:00",4.59490688831896
"2012-12-22 06:00:00",11.4201209209206
"2012-12-22 07:00:00",27.7142640659302
"2012-12-22 08:00:00",65.3022531521649
"2012-12-22 09:00:00",108.238056712468
"2012-12-22 10:00:00",153.731473200538
"2012-12-22 11:00:00",192.406240329106
"2012-12-22 12:00:00",206.951556633899
"2012-12-22 13:00:00",237.76399038892
"2012-12-22 14:00:00",238.783247082911
"2012-12-22 15:00:00",231.02272411126
"2012-12-22 16:00:00",211.554819508885
"2012-12-22 17:00:00",194.735691308141
"2012-12-22 18:00:00",150.429302250867
"2012-12-22 19:00:00",128.44257501789
"2012-12-22 20:00:00",106.416586439894
"2012-12-22 21:00:00",82.1197180030857
"2012-12-22 22:00:00",73.6331415463188
"2012-12-22 23:00:00",67.3754587453721
"2012-12-23 00:00:00",53.3842225953857
"2012-12-23 01:00:00",46.3247117091291
"2012-12-23 02:00:00",34.8326772666759
"2012-12-23 03:00:00",17.405808170096
"2012-12-23 04:00:00",4.93272059024753
"2012-12-23 05:00:00",4.8061848112651
"2012-12-23 06:00:00",6.34740745168795
"2012-12-23 07:00:00",17.2924781132321
"2012-12-23 08:00:00",41.121636713069
"2012-12-23 09:00:00",84.554841431882
"2012-12-23 10:00:00",139.055573466569
"2012-12-23 11:00:00",176.831516144187
"2012-12-23 12:00:00",241.453778587031
"2012-12-23 13:00:00",248.329430973457
"2012-12-23 14:00:00",244.426684463167
"2012-12-23 15:00:00",254.13204663388
"2012-12-23 16:00:00",249.425905998347
"2012-12-23 17:00:00",210.291521813156
"2012-12-23 18:00:00",167.626257130294
"2012-12-23 19:00:00",139.568736098768
"2012-12-23 20:00:00",99.0620675169579
"2012-12-23 21:00:00",74.1277365652578
"2012-12-23 22:00:00",56.9893790160229
"2012-12-23 23:00:00",38.4473032555364
"2012-12-24 00:00:00",18.9246590211632
"2012-12-24 01:00:00",8.43733518319798
"2012-12-24 02:00:00",4.77108306341193
"2012-12-24 03:00:00",2.62286333961115
"2012-12-24 05:00:00",10.7688221291181
"2012-12-24 06:00:00",49.4403843957888
"2012-12-24 07:00:00",140.188664483433
"2012-12-24 08:00:00",251.112420753706
"2012-12-24 09:00:00",130.007954196118
"2012-12-24 10:00:00",80.9098557815414
"2012-12-24 11:00:00",87.4147591800988
"2012-12-24 12:00:00",119.039004218406
"2012-12-24 13:00:00",61.5801107391097
"2012-12-24 14:00:00",56.0341828703081
"2012-12-24 15:00:00",58.0978688951235
"2012-12-24 16:00:00",82.6748774989176
"2012-12-24 17:00:00",148.600920059533
"2012-12-24 18:00:00",146.447663032952
"2012-12-24 19:00:00",174.03385802568
"2012-12-24 20:00:00",74.4227376742948
"2012-12-24 21:00:00",54.0891874954901
"2012-12-24 22:00:00",62.146584498596
"2012-12-24 23:00:00",21.7013698020479
"2012-12-25 00:00:00",8.62116902429093
"2012-12-25 01:00:00",6.33336745830761
"2012-12-25 02:00:00",3.13357015946334
"2012-12-25 04:00:00",2.88991261094681
"2012-12-25 05:00:00",12.6823997798622
"2012-12-25 06:00:00",58.9358660645228
"2012-12-25 07:00:00",162.029566834036
"2012-12-25 08:00:00",288.714025890826
"2012-12-25 09:00:00",139.592899845754
"2012-12-25 10:00:00",90.475101582273
"2012-12-25 11:00:00",92.2949692066477
"2012-12-25 12:00:00",116.10108909652
"2012-12-25 13:00:00",136.482399560797
"2012-12-25 14:00:00",117.927403622883
"2012-12-25 15:00:00",122.600985184265
"2012-12-25 16:00:00",176.264158619553
"2012-12-25 17:00:00",315.809361285146
"2012-12-25 18:00:00",301.991982092964
"2012-12-25 19:00:00",210.270441700097
"2012-12-25 20:00:00",145.804743346374
"2012-12-25 21:00:00",107.675381798234
"2012-12-25 22:00:00",76.7231568459029
"2012-12-25 23:00:00",42.7039370887209
"2012-12-26 00:00:00",17.6736997620118
"2012-12-26 01:00:00",7.06505902275185
"2012-12-26 02:00:00",3.14844600140735
"2012-12-26 03:00:00",2.35066346502576
"2012-12-26 04:00:00",2.38983276211557
"2012-12-26 05:00:00",12.0747709606216
"2012-12-26 06:00:00",57.4111035777677
"2012-12-26 07:00:00",88.6226437081899
"2012-12-26 08:00:00",152.044802390452
"2012-12-26 09:00:00",75.3325333784678
"2012-12-26 10:00:00",38.5982190262348
"2012-12-26 11:00:00",37.8392906075632
"2012-12-26 12:00:00",52.3099085586523
"2012-12-26 13:00:00",47.4574903539802
"2012-12-26 14:00:00",44.8172708751655
"2012-12-26 15:00:00",51.3962113141721
"2012-12-26 16:00:00",73.0249708252362
"2012-12-26 17:00:00",142.718953277779
"2012-12-26 18:00:00",154.908050507973
"2012-12-26 19:00:00",117.595794404163
"2012-12-26 20:00:00",86.5063516630429
"2012-12-26 21:00:00",97.7079700067653
"2012-12-26 22:00:00",39.1634978212367
"2012-12-26 23:00:00",24.9149947445886
"2012-12-27 00:00:00",11.6129483732131
"2012-12-27 01:00:00",4.35919755754992
"2012-12-27 02:00:00",3.8755884319936
"2012-12-27 03:00:00",2.37730939680104
"2012-12-27 04:00:00",2.4570423529968
"2012-12-27 05:00:00",15.6907590188605
"2012-12-27 06:00:00",65.1763885682598
"2012-12-27 07:00:00",197.598621329122
"2012-12-27 08:00:00",318.471370845499
"2012-12-27 09:00:00",144.68530564535
"2012-12-27 10:00:00",74.4659490056807
"2012-12-27 11:00:00",80.9370099547856
"2012-12-27 12:00:00",112.913684648444
"2012-12-27 13:00:00",108.565652611552
"2012-12-27 14:00:00",77.1825575242806
"2012-12-27 15:00:00",84.7012916442546
"2012-12-27 16:00:00",135.999438477905
"2012-12-27 17:00:00",264.828915113495
"2012-12-27 18:00:00",239.967574624797
"2012-12-27 19:00:00",184.100903861523
"2012-12-27 20:00:00",147.200005218412
"2012-12-27 21:00:00",100.605854929132
"2012-12-27 22:00:00",75.2945619060839
"2012-12-27 23:00:00",49.7278861003352
"2012-12-28 00:00:00",27.9014060739511
"2012-12-28 01:00:00",14.3144903704445
"2012-12-28 02:00:00",7.07495567226382
"2012-12-28 03:00:00",3.17370916082559
"2012-12-28 04:00:00",2.9419208602366
"2012-12-28 05:00:00",14.0661237003386
"2012-12-28 06:00:00",55.6495947164769
"2012-12-28 07:00:00",162.553566489632
"2012-12-28 08:00:00",281.640754492507
"2012-12-28 09:00:00",145.942312518344
"2012-12-28 10:00:00",85.7560940459507
"2012-12-28 11:00:00",105.972504863534
"2012-12-28 12:00:00",139.930282670539
"2012-12-28 13:00:00",138.064367655794
"2012-12-28 14:00:00",124.939457968756
"2012-12-28 15:00:00",141.513079356013
"2012-12-28 16:00:00",200.604757516597
"2012-12-28 17:00:00",283.950819260272
"2012-12-28 18:00:00",242.1657920614
"2012-12-28 19:00:00",152.4586183142
"2012-12-28 20:00:00",107.900196997157
"2012-12-28 21:00:00",86.9564913679619
"2012-12-28 22:00:00",80.0789715917831
"2012-12-28 23:00:00",64.11098334535
"2012-12-29 00:00:00",53.5718183680836
"2012-12-29 01:00:00",40.3014439069156
"2012-12-29 02:00:00",30.7773103853732
"2012-12-29 03:00:00",13.7723651640584
"2012-12-29 04:00:00",4.38071121921748
"2012-12-29 05:00:00",4.38745740974347
"2012-12-29 06:00:00",11.2946412073337
"2012-12-29 07:00:00",27.146785405324
"2012-12-29 08:00:00",70.5256838504114
"2012-12-29 09:00:00",109.071047628654
"2012-12-29 10:00:00",88.5045061503825
"2012-12-29 11:00:00",96.203929923261
"2012-12-29 12:00:00",111.126305148857
"2012-12-29 13:00:00",113.719520802145
"2012-12-29 14:00:00",197.206527412239
"2012-12-29 15:00:00",203.335007098763
"2012-12-29 16:00:00",226.888713626024
"2012-12-29 17:00:00",192.205541904016
"2012-12-29 18:00:00",174.65040805195
"2012-12-29 19:00:00",136.583905953807
"2012-12-29 20:00:00",97.0476903684292
"2012-12-29 21:00:00",79.3582734016656
"2012-12-29 22:00:00",68.5720875118567
"2012-12-29 23:00:00",70.7935260483326
"2012-12-30 00:00:00",54.6639682233466
"2012-12-30 01:00:00",42.5816471825152
"2012-12-30 02:00:00",34.5611683639623
"2012-12-30 03:00:00",16.3767182328692
"2012-12-30 04:00:00",4.9370417466959
"2012-12-30 05:00:00",4.52840218253827
"2012-12-30 06:00:00",6.0940652956522
"2012-12-30 07:00:00",18.5163102060395
"2012-12-30 08:00:00",44.2346524195831
"2012-12-30 09:00:00",83.9547306650149
"2012-12-30 10:00:00",135.428572089711
"2012-12-30 11:00:00",173.242440601249
"2012-12-30 12:00:00",204.423107574081
"2012-12-30 13:00:00",206.554944077801
"2012-12-30 14:00:00",208.906129647158
"2012-12-30 15:00:00",205.605265632871
"2012-12-30 16:00:00",199.861747094336
"2012-12-30 17:00:00",176.836895140955
"2012-12-30 18:00:00",127.790798026208
"2012-12-30 19:00:00",149.038834064225
"2012-12-30 20:00:00",82.777090429174
"2012-12-30 21:00:00",65.4104433333333
"2012-12-30 22:00:00",51.1626274372538
"2012-12-30 23:00:00",33.0788615185699
"2012-12-31 00:00:00",16.5230875260936
"2012-12-31 01:00:00",7.36662296335527
"2012-12-31 02:00:00",4.21873086680075
"2012-12-31 03:00:00",2.36443789230898
"2012-12-31 04:00:00",2.87875786599546
"2012-12-31 05:00:00",10.2087436126944
"2012-12-31 06:00:00",43.7445482282846
"2012-12-31 07:00:00",125.067305015255
"2012-12-31 08:00:00",209.113986974558
"2012-12-31 09:00:00",115.89162884697
"2012-12-31 10:00:00",68.6953988652846
"2012-12-31 11:00:00",79.7074041651606
"2012-12-31 12:00:00",105.584617770982
"2012-12-31 13:00:00",106.16571219818
"2012-12-31 14:00:00",99.4485817262158
"2012-12-31 15:00:00",110.323668479265
"2012-12-31 16:00:00",146.794397537238
"2012-12-31 17:00:00",268.654427608234
"2012-12-31 18:00:00",255.969092224754
"2012-12-31 19:00:00",183.314011642028
"2012-12-31 20:00:00",128.866165532205
"2012-12-31 21:00:00",101.227963316503
"2012-12-31 22:00:00",69.6147296368277
"2012-12-31 23:00:00",39.6825020220019
