datetime,count
2011-01-20 00:00:00,9.253557944787138
2011-01-20 01:00:00,11.281081408440098
2011-01-20 02:00:00,12.632165907761603
2011-01-20 03:00:00,13.764550445375441
2011-01-20 04:00:00,15.413068887318627
2011-01-20 05:00:00,15.10361829038347
2011-01-20 06:00:00,16.028054168424823
2011-01-20 07:00:00,19.132679953806992
2011-01-20 08:00:00,21.42411517886689
2011-01-20 09:00:00,26.222918505774015
2011-01-20 10:00:00,31.603952620535853
2011-01-20 11:00:00,40.6978720713944
2011-01-20 12:00:00,53.06169722181181
2011-01-20 13:00:00,52.27412329552165
2011-01-20 14:00:00,61.829335391475645
2011-01-20 15:00:00,73.28298711492964
2011-01-20 16:00:00,74.37305639796996
2011-01-20 17:00:00,85.26576780449784
2011-01-20 18:00:00,75.1049129537149
2011-01-20 19:00:00,79.38225193506338
2011-01-20 20:00:00,87.13863945316002
2011-01-20 21:00:00,92.28144881787733
2011-01-20 22:00:00,93.78844351254943
2011-01-20 23:00:00,105.02106454039635
2011-01-21 00:00:00,9.898624753910255
2011-01-21 01:00:00,10.952516696903007
2011-01-21 02:00:00,11.701896817979671
2011-01-21 03:00:00,11.04721562262153
2011-01-21 04:00:00,12.206838353106532
2011-01-21 05:00:00,17.53331777413202
2011-01-21 06:00:00,20.897086729876673
2011-01-21 07:00:00,22.475708499778616
2011-01-21 08:00:00,26.208113107665536
2011-01-21 09:00:00,27.5163938390324
2011-01-21 10:00:00,31.156434546762437
2011-01-21 11:00:00,39.07128336352441
2011-01-21 12:00:00,51.495047345645254
2011-01-21 13:00:00,58.35952805993075
2011-01-21 14:00:00,61.221574419996756
2011-01-21 15:00:00,62.832638889636385
2011-01-21 16:00:00,70.8505001741009
2011-01-21 17:00:00,74.28279998778247
2011-01-21 18:00:00,79.7472462643179
2011-01-21 19:00:00,86.34553421145552
2011-01-21 20:00:00,87.27951139035461
2011-01-21 21:00:00,89.63998038918473
2011-01-21 22:00:00,87.27263389395668
2011-01-21 23:00:00,105.28621423652199
2011-01-22 00:00:00,11.293189162659637
2011-01-22 01:00:00,12.411647642430177
2011-01-22 02:00:00,14.378943287129802
2011-01-22 03:00:00,15.6178817277829
2011-01-22 04:00:00,14.703911405324693
2011-01-22 06:00:00,19.43187564419349
2011-01-22 07:00:00,20.39739669847706
2011-01-22 08:00:00,21.39272956172567
2011-01-22 09:00:00,25.644431912782874
2011-01-22 10:00:00,29.645232545706882
2011-01-22 11:00:00,34.17894238497448
2011-01-22 12:00:00,39.228987276359476
2011-01-22 13:00:00,48.461861973377175
2011-01-22 14:00:00,51.113148830382784
2011-01-22 15:00:00,60.516272379317414
2011-01-22 16:00:00,64.43835700794327
2011-01-22 17:00:00,75.68153739915095
2011-01-22 18:00:00,64.77749582512635
2011-01-22 19:00:00,72.17386293239257
2011-01-22 20:00:00,63.88525402065645
2011-01-22 21:00:00,78.76844771161718
2011-01-22 22:00:00,83.25637794026261
2011-01-22 23:00:00,68.2275369133469
2011-01-23 00:00:00,10.856604995300836
2011-01-23 01:00:00,11.634234563972475
2011-01-23 02:00:00,11.259700529972257
2011-01-23 03:00:00,12.066202753299349
2011-01-23 05:00:00,15.343093466126577
2011-01-23 06:00:00,16.442078200241617
2011-01-23 07:00:00,18.089857118818376
2011-01-23 08:00:00,16.97398860283055
2011-01-23 09:00:00,20.321743543906404
2011-01-23 10:00:00,26.530721694805518
2011-01-23 11:00:00,31.61693173719782
2011-01-23 12:00:00,36.1874158925328
2011-01-23 13:00:00,39.97550566252507
2011-01-23 14:00:00,48.46248704033333
2011-01-23 15:00:00,51.93372532433106
2011-01-23 16:00:00,57.24308606813672
2011-01-23 17:00:00,58.73803698958026
2011-01-23 18:00:00,60.43732664480076
2011-01-23 19:00:00,64.76629065065758
2011-01-23 20:00:00,62.164412349108794
2011-01-23 21:00:00,66.61708288310058
2011-01-23 22:00:00,67.99654374991624
2011-01-23 23:00:00,66.37383250940903
2011-01-24 00:00:00,7.454124653944871
2011-01-24 01:00:00,7.674896869910726
2011-01-24 03:00:00,9.271945245070343
2011-01-24 04:00:00,10.823764203642195
2011-01-24 05:00:00,12.103747430769598
2011-01-24 06:00:00,14.020538509937897
2011-01-24 07:00:00,17.341756422236568
2011-01-24 08:00:00,19.19899444459841
2011-01-24 09:00:00,24.258042633782594
2011-01-24 10:00:00,25.35997204210831
2011-01-24 11:00:00,25.942952211821506
2011-01-24 12:00:00,31.572462119957294
2011-01-24 13:00:00,34.82448593503087
2011-01-24 14:00:00,37.28810345513416
2011-01-24 15:00:00,48.24460832189016
2011-01-24 16:00:00,47.658394996444926
2011-01-24 17:00:00,47.58036732818578
2011-01-24 18:00:00,48.19767919778772
2011-01-24 19:00:00,60.04540900827845
2011-01-24 20:00:00,60.27110959542982
2011-01-24 21:00:00,66.00416730078463
2011-01-24 22:00:00,71.02571603287595
2011-01-24 23:00:00,81.81213276154621
2011-01-25 00:00:00,4.859584025656468
2011-01-25 01:00:00,5.956884396033954
2011-01-25 02:00:00,6.474317615056234
2011-01-25 04:00:00,7.973259365731105
2011-01-25 05:00:00,8.288119837295312
2011-01-25 06:00:00,10.666227768077393
2011-01-25 07:00:00,11.126283023508998
2011-01-25 08:00:00,13.640365339099398
2011-01-25 09:00:00,20.115288903249184
2011-01-25 10:00:00,25.136794848183943
2011-01-25 11:00:00,29.062190254674146
2011-01-25 12:00:00,38.44772110536861
2011-01-25 13:00:00,42.344278475054274
2011-01-25 14:00:00,63.07232296847847
2011-01-25 15:00:00,77.53802359354506
2011-01-25 16:00:00,87.68439329961632
2011-01-25 17:00:00,91.21401025031147
2011-01-25 18:00:00,96.87755746809434
2011-01-25 19:00:00,77.14555233289146
2011-01-25 20:00:00,79.98505740345769
2011-01-25 21:00:00,90.45163787281547
2011-01-25 22:00:00,101.35253487447547
2011-01-25 23:00:00,114.61519288178529
2011-01-26 00:00:00,6.957275668403506
2011-01-26 01:00:00,8.693139553502661
2011-01-26 02:00:00,8.789171373840674
2011-01-26 05:00:00,8.651789422828365
2011-01-26 06:00:00,9.724343714825388
2011-01-26 07:00:00,11.859477005251769
2011-01-26 08:00:00,13.32968534495781
2011-01-26 09:00:00,14.982154045823426
2011-01-26 10:00:00,15.423741228836615
2011-01-26 11:00:00,16.692296187672945
2011-01-26 12:00:00,18.76162462880844
2011-01-26 13:00:00,21.087485793132426
2011-01-26 14:00:00,23.70168180386431
2011-01-26 15:00:00,25.573436920076116
2011-01-26 16:00:00,29.942488001227556
2011-01-26 17:00:00,31.71255047640481
2011-01-27 16:00:00,54.57885972272096
2011-01-27 17:00:00,62.91447874193264
2011-01-27 18:00:00,56.15924618028189
2011-01-27 19:00:00,62.88518709504138
2011-01-27 20:00:00,62.70427503295515
2011-01-27 21:00:00,70.21408468425642
2011-01-27 22:00:00,78.6233105391441
2011-01-27 23:00:00,78.06545587745765
2011-01-28 00:00:00,8.583069057984053
2011-01-28 01:00:00,9.496895731006127
2011-01-28 02:00:00,10.508016178863885
2011-01-28 03:00:00,12.034584549352143
2011-01-28 05:00:00,13.085202847441698
2011-01-28 06:00:00,13.955179773686954
2011-01-28 07:00:00,14.021805162868464
2011-01-28 08:00:00,15.514686028114287
2011-01-28 09:00:00,18.005779220059537
2011-01-28 10:00:00,19.92282791309448
2011-01-28 11:00:00,19.900030121983555
2011-01-28 12:00:00,22.01875690800368
2011-01-28 13:00:00,24.363061402513807
2011-01-28 14:00:00,38.17946294934598
2011-01-28 15:00:00,36.99914399608358
2011-01-28 16:00:00,46.742069959098146
2011-01-28 17:00:00,53.37553108172701
2011-01-28 18:00:00,57.17269811700372
2011-01-28 19:00:00,65.34619963712301
2011-01-28 20:00:00,74.87832498622295
2011-01-28 21:00:00,75.74703606251539
2011-01-28 22:00:00,94.74972526671269
2011-01-28 23:00:00,115.50723447028919
2011-01-29 00:00:00,12.41065964624301
2011-01-29 01:00:00,14.402482449601857
2011-01-29 02:00:00,15.643449104197046
2011-01-29 03:00:00,16.14662307099463
2011-01-29 04:00:00,14.904775569892932
2011-01-29 06:00:00,18.844084988516276
2011-01-29 07:00:00,21.912081032473527
2011-01-29 08:00:00,26.200131121490895
2011-01-29 09:00:00,27.890498127926914
2011-01-29 10:00:00,28.383754589732828
2011-01-29 11:00:00,29.809436414715307
2011-01-29 12:00:00,35.10869938979945
2011-01-29 13:00:00,43.50858539348401
2011-01-29 14:00:00,44.39292524901051
2011-01-29 15:00:00,41.49099625627816
2011-01-29 16:00:00,55.187635069284596
2011-01-29 17:00:00,65.20516783607415
2011-01-29 18:00:00,54.98105316838751
2011-01-29 19:00:00,57.74767430628483
2011-01-29 20:00:00,56.70291913474151
2011-01-29 21:00:00,61.588634643207016
2011-01-29 22:00:00,58.71132564811791
2011-01-29 23:00:00,63.77009226223084
2011-01-30 00:00:00,9.758157944361352
2011-01-30 01:00:00,11.21767764901581
2011-01-30 02:00:00,12.520433658101778
2011-01-30 03:00:00,10.675261129332343
2011-01-30 04:00:00,11.439901522075106
2011-01-30 05:00:00,13.580938630601022
2011-01-30 07:00:00,15.596147873738762
2011-01-30 08:00:00,16.71325821801711
2011-01-30 09:00:00,20.320099150939505
2011-01-30 10:00:00,22.73173440873092
2011-01-30 11:00:00,28.63233629117038
2011-01-30 12:00:00,49.03801794056122
2011-01-30 13:00:00,43.67914858116288
2011-01-30 14:00:00,48.02567391852814
2011-01-30 15:00:00,59.08261743609577
2011-01-30 16:00:00,63.31454724589442
2011-01-30 17:00:00,63.07594031200872
2011-01-30 18:00:00,53.99483426433551
2011-01-30 19:00:00,57.86233977804314
2011-01-30 20:00:00,63.79980911607305
2011-01-30 21:00:00,58.89419379831486
2011-01-30 22:00:00,61.1283481421578
2011-01-30 23:00:00,67.70646685943288
2011-01-31 00:00:00,7.857081460540491
2011-01-31 01:00:00,8.427083510803861
2011-01-31 02:00:00,9.735425131619428
2011-01-31 03:00:00,10.886704912200223
2011-01-31 04:00:00,11.955524136181339
2011-01-31 05:00:00,11.479339549077224
2011-01-31 06:00:00,10.920742373490716
2011-01-31 07:00:00,13.160410006740916
2011-01-31 08:00:00,15.850611104401835
2011-01-31 09:00:00,17.725052931814037
2011-01-31 10:00:00,20.56153914627729
2011-01-31 11:00:00,22.99308003501009
2011-01-31 12:00:00,31.319040981299544
2011-01-31 13:00:00,33.99053627692731
2011-01-31 14:00:00,37.97110893100022
2011-01-31 15:00:00,38.57181989254826
2011-01-31 16:00:00,44.91234005482045
2011-01-31 17:00:00,44.96207354981233
2011-01-31 18:00:00,53.23443756758764
2011-01-31 19:00:00,88.91336379585229
2011-01-31 20:00:00,65.16537654964954
2011-01-31 21:00:00,77.99975244890818
2011-01-31 22:00:00,84.34529101255842
2011-01-31 23:00:00,91.25756270025265
2011-02-20 00:00:00,20.495624939085722
2011-02-20 01:00:00,19.462468942153762
2011-02-20 02:00:00,20.856513520115577
2011-02-20 03:00:00,20.49416240106551
2011-02-20 04:00:00,21.96210442116527
2011-02-20 06:00:00,23.817193736811177
2011-02-20 07:00:00,23.139432950041396
2011-02-20 08:00:00,28.368575918268803
2011-02-20 09:00:00,31.600508713001094
2011-02-20 10:00:00,41.07262534650545
2011-02-20 11:00:00,53.86105820208842
2011-02-20 12:00:00,58.83995885259288
2011-02-20 13:00:00,71.07698875496354
2011-02-20 14:00:00,81.61330727029092
2011-02-20 15:00:00,88.86630733245902
2011-02-20 16:00:00,94.00885984279098
2011-02-20 17:00:00,92.59919881237448
2011-02-20 18:00:00,95.04444347020299
2011-02-20 19:00:00,101.8522226619817
2011-02-20 20:00:00,107.8537581436416
2011-02-20 21:00:00,97.88248514620545
2011-02-20 22:00:00,93.51104744202202
2011-02-20 23:00:00,92.3779578402725
2011-02-21 00:00:00,17.83012562478329
2011-02-21 01:00:00,19.581129651163497
2011-02-21 02:00:00,21.504090688106675
2011-02-21 03:00:00,23.615895740460463
2011-02-21 04:00:00,24.833412602535994
2011-02-21 05:00:00,32.59570886532172
2011-02-21 06:00:00,47.95354595299756
2011-02-21 07:00:00,52.66281462613555
2011-02-21 08:00:00,30.995801010609227
2011-02-21 09:00:00,34.0397376329636
2011-02-21 10:00:00,37.38260346052669
2011-02-21 11:00:00,43.06363333600241
2011-02-21 12:00:00,41.43504534314315
2011-02-21 13:00:00,33.274740305518336
2011-02-21 14:00:00,42.70902543728191
2011-02-21 15:00:00,46.60674262370546
2011-02-21 16:00:00,43.70863687415007
2011-02-21 17:00:00,49.50523435818806
2011-02-21 18:00:00,39.4156957278894
2011-02-21 19:00:00,43.28650647675928
2011-02-21 20:00:00,51.79330851396892
2011-02-21 21:00:00,58.346140922309445
2011-02-21 22:00:00,58.19805648075443
2011-02-21 23:00:00,63.913385321941
2011-02-22 06:00:00,8.153448671766547
2011-02-22 07:00:00,9.220382039024896
2011-02-22 08:00:00,10.426930783284527
2011-02-22 09:00:00,12.959375563181233
2011-02-22 10:00:00,18.71312551269141
2011-02-22 11:00:00,25.098076424369097
2011-02-22 12:00:00,31.008912964175405
2011-02-22 13:00:00,37.54586778842807
2011-02-22 14:00:00,42.45899605583949
2011-02-22 15:00:00,53.4298109310728
2011-02-22 16:00:00,57.01586269746225
2011-02-22 17:00:00,62.6407912381467
2011-02-22 18:00:00,76.48293783986463
2011-02-22 19:00:00,78.05030686429279
2011-02-22 20:00:00,90.84989469428335
2011-02-22 21:00:00,102.73821189150647
2011-02-22 22:00:00,109.71415915713737
2011-02-22 23:00:00,124.07099170466859
2011-02-23 00:00:00,7.019758725222681
2011-02-23 01:00:00,8.61992081970663
2011-02-23 02:00:00,9.152998666004843
2011-02-23 03:00:00,9.960217168615186
2011-02-23 05:00:00,12.996502068603958
2011-02-23 06:00:00,14.607666348429014
2011-02-23 07:00:00,15.515162177368566
2011-02-23 08:00:00,17.45158873930184
2011-02-23 09:00:00,23.523070129514107
2011-02-23 10:00:00,32.936917763509214
2011-02-23 11:00:00,38.138994205450715
2011-02-23 12:00:00,48.793008113453254
2011-02-23 13:00:00,64.17175451373691
2011-02-23 14:00:00,75.33359786097732
2011-02-23 15:00:00,91.73454150607138
2011-02-23 16:00:00,104.68019864349499
2011-02-23 17:00:00,115.88883991750431
2011-02-23 18:00:00,122.84489007939256
2011-02-23 19:00:00,126.66119210634766
2011-02-23 20:00:00,85.29929990062219
2011-02-23 21:00:00,119.53707790115564
2011-02-23 22:00:00,134.35597832623702
2011-02-23 23:00:00,129.56460871719275
2011-02-24 00:00:00,9.459109196220599
2011-02-24 01:00:00,9.972401080376212
2011-02-24 02:00:00,9.813855438743648
2011-02-24 03:00:00,10.637281458135364
2011-02-24 05:00:00,12.479449119675378
2011-02-24 06:00:00,13.495354055521503
2011-02-24 07:00:00,14.501329771868802
2011-02-24 08:00:00,18.62200282483523
2011-02-24 09:00:00,18.831844636392983
2011-02-24 10:00:00,24.732633571102763
2011-02-24 11:00:00,38.99491957270001
2011-02-24 12:00:00,52.94271545469786
2011-02-24 13:00:00,66.35659172094635
2011-02-24 14:00:00,82.37770479120023
2011-02-24 15:00:00,88.36140694763846
2011-02-24 16:00:00,84.69551879091298
2011-02-24 17:00:00,81.67514934319506
2011-02-24 18:00:00,61.319061983560246
2011-02-24 19:00:00,62.55793679520092
2011-02-24 20:00:00,70.05022017242179
2011-02-24 21:00:00,86.094769128485
2011-02-24 22:00:00,98.42647576050065
2011-02-24 23:00:00,94.82376984007654
2011-02-25 00:00:00,9.685936557173768
2011-02-25 01:00:00,9.461776706429141
2011-02-25 02:00:00,10.469158083661672
2011-02-25 03:00:00,12.95062130136695
2011-02-25 05:00:00,15.855090672317871
2011-02-25 06:00:00,18.43527194818774
2011-02-25 07:00:00,17.845726586649057
2011-02-25 08:00:00,23.456954745083415
2011-02-25 09:00:00,23.816859353872356
2011-02-25 10:00:00,32.62374070201941
2011-02-25 11:00:00,63.39069425099567
2011-02-25 12:00:00,99.39762763966777
2011-02-25 13:00:00,109.9803461007003
2011-02-25 14:00:00,135.86864777075616
2011-02-25 15:00:00,132.21656318021408
2011-02-25 16:00:00,81.52083714429298
2011-02-25 17:00:00,87.96405096602237
2011-02-25 18:00:00,99.80372636404698
2011-02-25 19:00:00,100.64790906891047
2011-02-25 20:00:00,112.24440369926774
2011-02-25 21:00:00,121.70881099823403
2011-02-25 22:00:00,120.67262157674794
2011-02-25 23:00:00,137.28849627333312
2011-02-26 00:00:00,15.75738256238976
2011-02-26 01:00:00,16.622169047393555
2011-02-26 02:00:00,15.442937337726049
2011-02-26 03:00:00,19.038089956816364
2011-02-26 04:00:00,20.61579693828678
2011-02-26 05:00:00,20.677257631176015
2011-02-26 06:00:00,25.01028214712895
2011-02-26 07:00:00,26.417128238896545
2011-02-26 08:00:00,30.990286222960485
2011-02-26 09:00:00,34.30710260816338
2011-02-26 10:00:00,46.2679926567911
2011-02-26 11:00:00,54.78400154058222
2011-02-26 12:00:00,60.22621878052895
2011-02-26 13:00:00,69.84203542579144
2011-02-26 14:00:00,78.51594137869934
2011-02-26 15:00:00,89.0766711057133
2011-02-26 16:00:00,91.43079015195994
2011-02-26 17:00:00,104.40790934775964
2011-02-26 18:00:00,103.80800663309576
2011-02-26 19:00:00,100.72354905900376
2011-02-26 20:00:00,97.87518152360245
2011-02-26 21:00:00,87.677516329915
2011-02-26 22:00:00,83.5604198912894
2011-02-26 23:00:00,88.1786899849779
2011-02-27 00:00:00,11.171961490869874
2011-02-27 01:00:00,12.342655171193194
2011-02-27 02:00:00,13.600372806964034
2011-02-27 03:00:00,14.952586598569427
2011-02-27 04:00:00,14.360020593273397
2011-02-27 06:00:00,17.93486781837735
2011-02-27 07:00:00,17.672028327308645
2011-02-27 08:00:00,21.623894392165656
2011-02-27 09:00:00,23.850080998471253
2011-02-27 10:00:00,28.83217259522506
2011-02-27 11:00:00,47.59487843392786
2011-02-27 12:00:00,65.78872848987059
2011-02-27 13:00:00,80.58458583376104
2011-02-27 14:00:00,91.79264491150653
2011-02-27 15:00:00,107.5104429435226
2011-02-27 16:00:00,122.42628058736943
2011-02-27 17:00:00,98.7502708514753
2011-02-27 18:00:00,99.63551395607739
2011-02-27 19:00:00,106.77213924322541
2011-02-27 20:00:00,114.41994190545691
2011-02-27 21:00:00,104.95816377824715
2011-02-27 22:00:00,112.47603623126292
2011-02-27 23:00:00,109.1655399209723
2011-02-28 00:00:00,11.895880519684717
2011-02-28 01:00:00,8.740292414890526
2011-02-28 03:00:00,9.780898408289596
2011-02-28 05:00:00,13.190625556103894
2011-02-28 06:00:00,13.855075754212304
2011-02-28 07:00:00,17.14322036997213
2011-02-28 08:00:00,17.413116273853404
2011-02-28 09:00:00,30.449332533722817
2011-02-28 10:00:00,52.157306325538414
2011-02-28 11:00:00,73.99278559993554
2011-02-28 12:00:00,82.74293228776551
2011-02-28 13:00:00,40.68277229343702
2011-02-28 14:00:00,37.02517717097915
2011-02-28 15:00:00,41.4036544611927
2011-02-28 16:00:00,46.299916265775714
2011-02-28 17:00:00,49.945066223043476
2011-02-28 18:00:00,71.14070921947582
2011-02-28 19:00:00,86.9645900731504
2011-02-28 20:00:00,97.2487402591075
2011-02-28 21:00:00,96.52708611760916
2011-02-28 22:00:00,83.26412481575301
2011-02-28 23:00:00,105.09420159067881
2011-03-20 00:00:00,23.13307717200577
2011-03-20 01:00:00,22.32708356739326
2011-03-20 02:00:00,23.38493334764944
2011-03-20 03:00:00,22.598327521108867
2011-03-20 04:00:00,22.899485473737478
2011-03-20 05:00:00,23.38131172377582
2011-03-20 06:00:00,25.056052525214845
2011-03-20 07:00:00,24.66163437556418
2011-03-20 08:00:00,31.937078993349342
2011-03-20 09:00:00,38.902303242377535
2011-03-20 10:00:00,49.62308980942531
2011-03-20 11:00:00,58.23382391338155
2011-03-20 12:00:00,65.57084839838654
2011-03-20 13:00:00,79.53883284748167
2011-03-20 14:00:00,92.70861882840548
2011-03-20 15:00:00,98.14778167921303
2011-03-20 16:00:00,111.5739152205351
2011-03-20 17:00:00,110.48900760880008
2011-03-20 18:00:00,107.3980021851469
2011-03-20 19:00:00,99.42439884348062
2011-03-20 20:00:00,103.50670988422698
2011-03-20 21:00:00,97.00259558886631
2011-03-20 22:00:00,101.47222956694235
2011-03-20 23:00:00,99.12807762814582
2011-03-21 00:00:00,11.749000044683731
2011-03-21 01:00:00,12.314915880081125
2011-03-21 02:00:00,13.771237865059758
2011-03-21 03:00:00,15.399779761614267
2011-03-21 05:00:00,16.16687678392142
2011-03-21 06:00:00,19.403855957324833
2011-03-21 07:00:00,17.02708218341425
2011-03-21 08:00:00,19.04064966249481
2011-03-21 09:00:00,26.220580702572292
2011-03-21 10:00:00,38.099891854490956
2011-03-21 11:00:00,51.37131347071157
2011-03-21 12:00:00,54.918284291666446
2011-03-21 13:00:00,90.463789031772
2011-03-21 14:00:00,110.59332189972599
2011-03-21 15:00:00,138.61472438142656
2011-03-21 16:00:00,138.2967465588465
2011-03-21 17:00:00,154.6512709767055
2011-03-21 18:00:00,143.17363192137026
2011-03-21 19:00:00,227.64899011442725
2011-03-21 20:00:00,227.1322460083184
2011-03-21 21:00:00,111.67563427311173
2011-03-21 22:00:00,142.41803634188582
2011-03-21 23:00:00,159.25993111419555
2011-03-22 00:00:00,10.598574219321899
2011-03-22 01:00:00,8.553326685149301
2011-03-22 02:00:00,11.45297462260836
2011-03-22 03:00:00,16.513051130412585
2011-03-22 04:00:00,17.788775967704456
2011-03-22 05:00:00,17.494342712383137
2011-03-22 06:00:00,19.783594626450824
2011-03-22 07:00:00,27.063637202433785
2011-03-22 08:00:00,39.43544655891099
2011-03-22 09:00:00,44.59583886408748
2011-03-22 10:00:00,59.604305127823366
2011-03-22 11:00:00,69.68841165829731
2011-03-22 12:00:00,87.23987484922935
2011-03-22 13:00:00,113.43869434226177
2011-03-22 14:00:00,131.7559766373648
2011-03-22 15:00:00,148.99712862951424
2011-03-22 16:00:00,168.49440083421806
2011-03-22 17:00:00,190.54302169188534
2011-03-22 18:00:00,199.40175013133884
2011-03-22 19:00:00,180.27927381637258
2011-03-22 20:00:00,203.87002423414881
2011-03-22 21:00:00,217.05587764817616
2011-03-22 22:00:00,220.5935482568571
2011-03-22 23:00:00,249.45969149415353
2011-03-23 00:00:00,11.682073323924516
2011-03-23 01:00:00,11.298688070585577
2011-03-23 02:00:00,12.699375927373515
2011-03-23 03:00:00,14.27370575568032
2011-03-23 05:00:00,14.78180643374714
2011-03-23 06:00:00,17.232316993825446
2011-03-23 07:00:00,16.66388385026603
2011-03-23 08:00:00,20.988944159625
2011-03-23 09:00:00,25.253238061769483
2011-03-23 10:00:00,30.106116374821447
2011-03-23 11:00:00,31.47852841632929
2011-03-23 12:00:00,34.74320168110287
2011-03-23 13:00:00,39.76702865231151
2011-03-23 14:00:00,47.83032563850302
2011-03-23 15:00:00,62.24833673588321
2011-03-23 16:00:00,81.39845178672503
2011-03-23 17:00:00,91.489342186277
2011-03-23 18:00:00,88.38749645619502
2011-03-23 19:00:00,99.344812226367
2011-03-23 20:00:00,90.08009750681602
2011-03-23 21:00:00,74.9346139205798
2011-03-23 22:00:00,97.9884944209135
2011-03-23 23:00:00,117.56211908208003
2011-03-24 00:00:00,7.8924138015543495
2011-03-24 01:00:00,7.478049814976669
2011-03-24 02:00:00,8.373662285480616
2011-03-24 03:00:00,8.886283755779292
2011-03-24 04:00:00,9.95055408628354
2011-03-24 05:00:00,12.430054756181272
2011-03-24 06:00:00,13.918746637637733
2011-03-24 07:00:00,13.237973802460257
2011-03-24 08:00:00,13.962636856337394
2011-03-24 09:00:00,18.4853712868652
2011-03-24 10:00:00,19.45416855508658
2011-03-24 11:00:00,30.174401918955116
2011-03-24 12:00:00,39.24037552081906
2011-03-24 13:00:00,47.9471957104492
2011-03-24 14:00:00,51.886604774485114
2011-03-24 15:00:00,56.62750135472232
2011-03-24 16:00:00,67.60401615072458
2011-03-24 17:00:00,71.00379713708826
2011-03-24 18:00:00,86.67430267916053
2011-03-24 19:00:00,103.0377879262263
2011-03-24 20:00:00,102.38960524588943
2011-03-24 21:00:00,105.96900158711811
2011-03-24 22:00:00,118.66043339841718
2011-03-24 23:00:00,121.8213509800742
2011-03-25 00:00:00,12.653957866413649
2011-03-25 01:00:00,11.568574839772138
2011-03-25 02:00:00,12.361771281736454
2011-03-25 03:00:00,14.646427340873952
2011-03-25 04:00:00,14.430868539795513
2011-03-25 05:00:00,15.404776161355983
2011-03-25 06:00:00,16.41158667656231
2011-03-25 07:00:00,22.672861786177258
2011-03-25 08:00:00,30.195982870702366
2011-03-25 09:00:00,35.44405872815017
2011-03-25 10:00:00,43.62868868791461
2011-03-25 11:00:00,55.64353182272306
2011-03-25 12:00:00,67.17753761587466
2011-03-25 13:00:00,78.14344411369865
2011-03-25 14:00:00,100.81551772147489
2011-03-25 15:00:00,101.89654666919685
2011-03-25 16:00:00,112.47228616321493
2011-03-25 17:00:00,115.48511426703364
2011-03-25 18:00:00,120.00923219118242
2011-03-25 19:00:00,136.65818658041516
2011-03-25 20:00:00,150.12995444219692
2011-03-25 21:00:00,166.11406873302286
2011-03-25 22:00:00,168.41939311198152
2011-03-25 23:00:00,177.0171769381174
2011-03-26 00:00:00,21.867474577810864
2011-03-26 01:00:00,23.20914328831336
2011-03-26 02:00:00,21.865248579225984
2011-03-26 03:00:00,21.864939580467226
2011-03-26 04:00:00,25.79554671360822
2011-03-26 05:00:00,24.518022094696967
2011-03-26 06:00:00,24.142330836304087
2011-03-26 07:00:00,28.925158658837546
2011-03-26 08:00:00,36.859094297098906
2011-03-26 09:00:00,43.41055502264556
2011-03-26 10:00:00,49.54033214776825
2011-03-26 11:00:00,58.42452927229166
2011-03-26 12:00:00,68.22083515296208
2011-03-26 13:00:00,80.36845830496088
2011-03-26 14:00:00,95.29921814948973
2011-03-26 15:00:00,105.31250146109397
2011-03-26 16:00:00,119.26016294495412
2011-03-26 17:00:00,120.38336685567114
2011-03-26 18:00:00,135.57303527669467
2011-03-26 19:00:00,105.27960480923153
2011-03-26 20:00:00,114.35085203583908
2011-03-26 21:00:00,119.06410285337473
2011-03-26 22:00:00,140.679324972424
2011-03-26 23:00:00,136.99114789009485
2011-03-27 00:00:00,23.085023605955865
2011-03-27 01:00:00,20.186754545007652
2011-03-27 02:00:00,20.39689687102639
2011-03-27 03:00:00,16.750916764319125
2011-03-27 04:00:00,16.51352767512573
2011-03-27 06:00:00,15.205801256986959
2011-03-27 07:00:00,15.622032941400429
2011-03-27 08:00:00,23.673227649849952
2011-03-27 09:00:00,33.10324371413038
2011-03-27 10:00:00,34.41988921684373
2011-03-27 11:00:00,43.456194476093245
2011-03-27 12:00:00,51.26616731646305
2011-03-27 13:00:00,64.35544736067452
2011-03-27 14:00:00,76.49431041001795
2011-03-27 15:00:00,80.32652658805726
2011-03-27 16:00:00,94.45709609276602
2011-03-27 17:00:00,96.37595402119715
2011-03-27 18:00:00,96.23813245479506
2011-03-27 19:00:00,105.00206414425394
2011-03-27 20:00:00,101.98726098254585
2011-03-27 21:00:00,98.684666340503
2011-03-27 22:00:00,105.75318495696607
2011-03-27 23:00:00,109.72672498959959
2011-03-28 00:00:00,9.792266178376124
2011-03-28 01:00:00,12.492650322512482
2011-03-28 02:00:00,13.969990605831201
2011-03-28 03:00:00,15.622036356474439
2011-03-28 05:00:00,17.669284145970394
2011-03-28 06:00:00,21.649872319736794
2011-03-28 07:00:00,25.75946173494536
2011-03-28 08:00:00,28.738315024789657
2011-03-28 09:00:00,34.23179520564113
2011-03-28 10:00:00,40.82430032000195
2011-03-28 11:00:00,47.74351122099209
2011-03-28 12:00:00,58.0084098367842
2011-03-28 13:00:00,70.57705663245714
2011-03-28 14:00:00,84.17379226516928
2011-03-28 15:00:00,92.72597353217803
2011-03-28 16:00:00,109.95713359222326
2011-03-28 17:00:00,121.14499430836207
2011-03-28 18:00:00,132.59389766523148
2011-03-28 19:00:00,142.27987421719774
2011-03-28 20:00:00,169.3546117237274
2011-03-28 21:00:00,190.57926646749223
2011-03-28 22:00:00,196.1112058122962
2011-03-28 23:00:00,202.6497757563868
2011-03-29 00:00:00,12.172048762540408
2011-03-29 01:00:00,12.592606755037785
2011-03-29 02:00:00,14.24043368920818
2011-03-29 03:00:00,16.103889814204457
2011-03-29 04:00:00,15.203706013236197
2011-03-29 05:00:00,19.022298699992753
2011-03-29 06:00:00,20.52505710304083
2011-03-29 07:00:00,22.62830044233522
2011-03-29 08:00:00,28.780114231747135
2011-03-29 09:00:00,39.29276694037933
2011-03-29 10:00:00,48.357165780661845
2011-03-29 11:00:00,60.05674706539797
2011-03-29 12:00:00,70.08138656605465
2011-03-29 13:00:00,76.80278247026179
2011-03-29 14:00:00,93.1169323763203
2011-03-29 15:00:00,116.41722950477333
2011-03-29 16:00:00,133.57006766590715
2011-03-29 17:00:00,160.79792799880335
2011-03-29 18:00:00,160.56600137228918
2011-03-29 19:00:00,167.97418874575007
2011-03-29 20:00:00,205.33772270561042
2011-03-29 21:00:00,192.6358889628385
2011-03-29 22:00:00,203.80234628676874
2011-03-29 23:00:00,195.09683192071793
2011-03-30 00:00:00,12.930674289282983
2011-03-30 01:00:00,17.414537286741602
2011-03-30 02:00:00,16.335404506675673
2011-03-30 03:00:00,20.0246937640476
2011-03-30 04:00:00,20.63662222300987
2011-03-30 05:00:00,20.61213425848985
2011-03-30 06:00:00,25.669055881326628
2011-03-30 07:00:00,32.54080489259172
2011-03-30 08:00:00,34.351407674997986
2011-03-30 09:00:00,39.309018664118604
2011-03-30 10:00:00,46.40744059337268
2011-03-30 11:00:00,52.160527863121125
2011-03-30 12:00:00,59.941137536457646
2011-03-30 13:00:00,71.53659099041634
2011-03-30 14:00:00,78.68385700053662
2011-03-30 15:00:00,44.025323251745355
2011-03-30 16:00:00,46.69569632715689
2011-03-30 17:00:00,46.604051673203074
2011-03-30 18:00:00,50.997482267751614
2011-03-30 19:00:00,57.319592736944884
2011-03-30 20:00:00,56.967145016253895
2011-03-30 21:00:00,66.32969439250735
2011-03-30 22:00:00,74.55252494589793
2011-03-30 23:00:00,80.88864044043044
2011-03-31 00:00:00,6.117592831929702
2011-03-31 01:00:00,6.8502694742768435
2011-03-31 02:00:00,7.670695510378865
2011-03-31 03:00:00,8.589380291372839
2011-03-31 04:00:00,9.61809182622349
2011-03-31 05:00:00,10.77000752552331
2011-03-31 06:00:00,11.641633245213812
2011-03-31 07:00:00,13.504241070375244
2011-03-31 08:00:00,13.607943868774989
2011-03-31 09:00:00,17.94379259837022
2011-03-31 10:00:00,20.09284011969738
2011-03-31 11:00:00,24.50392011230427
2011-03-31 12:00:00,27.438644669081064
2011-03-31 13:00:00,36.4288598594712
2011-03-31 14:00:00,40.79178093964924
2011-03-31 15:00:00,43.509022726661065
2011-03-31 16:00:00,49.98367115030859
2011-03-31 17:00:00,55.96999115504154
2011-03-31 18:00:00,64.13292051491133
2011-03-31 19:00:00,71.81383262490532
2011-03-31 20:00:00,66.03133187448265
2011-03-31 21:00:00,75.94626928014289
2011-03-31 22:00:00,85.0420131623676
2011-03-31 23:00:00,80.88256591349028
2011-04-20 00:00:00,11.139825309938477
2011-04-20 01:00:00,10.612893827731975
2011-04-20 02:00:00,11.928564409751473
2011-04-20 03:00:00,13.4073374507693
2011-04-20 04:00:00,12.768180731687194
2011-04-20 05:00:00,16.253763977773083
2011-04-20 06:00:00,19.037311734849343
2011-04-20 07:00:00,22.253427402947665
2011-04-20 08:00:00,60.39858831125978
2011-04-20 09:00:00,86.35984018326799
2011-04-20 10:00:00,76.30192746516947
2011-04-20 11:00:00,85.76100648233515
2011-04-20 12:00:00,163.88731571687873
2011-04-20 13:00:00,184.20427389575036
2011-04-20 14:00:00,238.73911689856027
2011-04-20 15:00:00,287.7293092313111
2011-04-20 16:00:00,323.3988442219688
2011-04-20 17:00:00,347.8271987363228
2011-04-20 18:00:00,406.8799218916412
2011-04-20 19:00:00,427.04675130827246
2011-04-20 20:00:00,460.73569976430775
2011-04-20 21:00:00,490.1529890773367
2011-04-20 22:00:00,492.6964170783252
2011-04-20 23:00:00,537.7355588832571
2011-04-21 00:00:00,32.71402896944965
2011-04-21 01:00:00,32.06287094812879
2011-04-21 02:00:00,34.757284108473
2011-04-21 03:00:00,31.62317223874746
2011-04-21 04:00:00,32.24316101903576
2011-04-21 05:00:00,33.99188910928488
2011-04-21 06:00:00,34.20708527329262
2011-04-21 07:00:00,45.868894632534364
2011-04-21 08:00:00,46.90971650149032
2011-04-21 09:00:00,57.51385124675542
2011-04-21 10:00:00,66.22267667270913
2011-04-21 11:00:00,80.87064087897556
2011-04-21 12:00:00,98.49369184389874
2011-04-21 13:00:00,121.0486594430905
2011-04-21 14:00:00,143.0529105357453
2011-04-21 15:00:00,174.24759679340437
2011-04-21 16:00:00,196.60641554364386
2011-04-21 17:00:00,206.07068049197488
2011-04-21 18:00:00,234.20415508436434
2011-04-21 19:00:00,230.6525663343282
2011-04-21 20:00:00,241.05501185766624
2011-04-21 21:00:00,223.51027974020354
2011-04-21 22:00:00,270.35797635135134
2011-04-21 23:00:00,273.6106655153771
2011-04-22 00:00:00,18.517810527204897
2011-04-22 01:00:00,22.233152384926196
2011-04-22 02:00:00,24.60028324889269
2011-04-22 03:00:00,27.219439036276757
2011-04-22 04:00:00,28.322477064094358
2011-04-22 05:00:00,31.337929323930236
2011-04-22 06:00:00,34.67443232769545
2011-04-22 07:00:00,38.36616787344082
2011-04-22 08:00:00,42.4509570447198
2011-04-22 09:00:00,41.797693791259796
2011-04-22 10:00:00,50.93077280203899
2011-04-22 11:00:00,50.453558376961986
2011-04-22 12:00:00,48.76842468605284
2011-04-22 13:00:00,45.73025156664081
2011-04-22 14:00:00,49.687106780839834
2011-04-22 15:00:00,55.986293490063346
2011-04-22 16:00:00,61.94707138538635
2011-04-22 17:00:00,57.90807023477915
2011-04-22 18:00:00,64.07345685887387
2011-04-22 19:00:00,70.89526308166106
2011-04-22 20:00:00,86.10100122120834
2011-04-22 21:00:00,83.87166587510765
2011-04-22 22:00:00,82.79060891318443
2011-04-22 23:00:00,109.9733642120669
2011-04-23 00:00:00,11.894597341786938
2011-04-23 01:00:00,12.919476123805673
2011-04-23 02:00:00,14.20565203093233
2011-04-23 03:00:00,15.429659110188084
2011-04-23 04:00:00,17.64598099049382
2011-04-23 05:00:00,19.16641846184295
2011-04-23 06:00:00,20.50827171722971
2011-04-23 07:00:00,22.27533384929731
2011-04-23 08:00:00,25.146470704367207
2011-04-23 09:00:00,32.604270545240404
2011-04-23 10:00:00,43.47985880763283
2011-04-23 11:00:00,51.4953972995605
2011-04-23 12:00:00,70.26218656191513
2011-04-23 13:00:00,76.31621446352133
2011-04-23 14:00:00,103.55838857744344
2011-04-23 15:00:00,128.88105548867335
2011-04-23 16:00:00,139.98588362022215
2011-04-23 17:00:00,152.04754134448063
2011-04-23 18:00:00,144.13382745296192
2011-04-23 19:00:00,134.50656436014552
2011-04-23 20:00:00,125.20572893244315
2011-04-23 21:00:00,158.6842405046147
2011-04-23 22:00:00,200.6072178373508
2011-04-23 23:00:00,160.4389006815534
2011-04-24 00:00:00,27.752540950884775
2011-04-24 01:00:00,25.59120246023098
2011-04-24 02:00:00,27.424231822499557
2011-04-24 03:00:00,25.470436906797516
2011-04-24 04:00:00,27.294816155585163
2011-04-24 05:00:00,29.249870808787197
2011-04-24 06:00:00,26.860079328926933
2011-04-24 07:00:00,28.783994946385633
2011-04-24 08:00:00,37.03728002887097
2011-04-24 09:00:00,48.96381763612613
2011-04-24 10:00:00,70.79471989964381
2011-04-24 11:00:00,112.89107971337455
2011-04-24 12:00:00,124.41796605629067
2011-04-24 13:00:00,159.06673599736635
2011-04-24 14:00:00,183.6552468162397
2011-04-24 15:00:00,161.86883787594448
2011-04-24 16:00:00,244.91867211917963
2011-04-24 17:00:00,170.97093995410503
2011-04-24 18:00:00,162.45167043149402
2011-04-24 19:00:00,117.45665555371211
2011-04-24 20:00:00,125.86976153254984
2011-04-24 21:00:00,93.35057042474479
2011-04-24 22:00:00,84.47836016421641
2011-04-24 23:00:00,90.5293190786304
2011-04-25 00:00:00,9.989395155308255
2011-04-25 01:00:00,11.369216585601038
2011-04-25 02:00:00,12.713703241200152
2011-04-25 03:00:00,13.673379774431277
2011-04-25 04:00:00,15.620873431178968
2011-04-25 05:00:00,16.215051662654265
2011-04-25 06:00:00,19.12055379419985
2011-04-25 07:00:00,21.84388612622067
2011-04-25 08:00:00,35.41768502848489
2011-04-25 09:00:00,47.56924655772973
2011-04-25 10:00:00,71.6053744251148
2011-04-25 11:00:00,80.07319361554792
2011-04-25 12:00:00,89.35050681819502
2011-04-25 13:00:00,130.97468203459272
2011-04-25 14:00:00,189.16062493051345
2011-04-25 15:00:00,227.87624295205325
2011-04-25 16:00:00,229.85903911858705
2011-04-25 17:00:00,257.04142309701933
2011-04-25 18:00:00,263.83950239843176
2011-04-25 19:00:00,285.04125563919325
2011-04-25 20:00:00,295.62682366924565
2011-04-25 21:00:00,259.86912597411316
2011-04-25 22:00:00,256.0973171924445
2011-04-25 23:00:00,249.9412386433498
2011-04-26 00:00:00,21.626122956153083
2011-04-26 01:00:00,22.403493264467716
2011-04-26 02:00:00,18.2757997267441
2011-04-26 03:00:00,17.712078446977706
2011-04-26 04:00:00,23.3717665286588
2011-04-26 05:00:00,22.6508589714012
2011-04-26 06:00:00,26.359034113056023
2011-04-26 07:00:00,34.84759159047147
2011-04-26 08:00:00,39.40763234539903
2011-04-26 09:00:00,61.63034574063548
2011-04-26 10:00:00,78.94142999634143
2011-04-26 11:00:00,100.6569702453513
2011-04-26 12:00:00,127.64372621058924
2011-04-26 13:00:00,183.43013349946486
2011-04-26 14:00:00,178.187540020212
2011-04-26 15:00:00,184.59596226984388
2011-04-26 16:00:00,222.09266740159862
2011-04-26 17:00:00,229.67092713092225
2011-04-26 18:00:00,238.06572634788304
2011-04-26 19:00:00,210.7998751559498
2011-04-26 20:00:00,238.38445067386345
2011-04-26 21:00:00,231.0562026670901
2011-04-26 22:00:00,226.47238606926103
2011-04-26 23:00:00,256.107814608429
2011-04-27 00:00:00,16.59823286492797
2011-04-27 01:00:00,18.655900363384553
2011-04-27 02:00:00,17.899353497007358
2011-04-27 03:00:00,20.118319710693928
2011-04-27 04:00:00,18.733004718464308
2011-04-27 05:00:00,21.05531789910814
2011-04-27 06:00:00,23.665526085921282
2011-04-27 07:00:00,32.10769634615435
2011-04-27 08:00:00,36.08805761469604
2011-04-27 09:00:00,42.23742432091232
2011-04-27 10:00:00,54.65177329333539
2011-04-27 11:00:00,71.85345671917604
2011-04-27 12:00:00,82.42943786175496
2011-04-27 13:00:00,90.77293685167442
2011-04-27 14:00:00,116.66296585745596
2011-04-27 15:00:00,168.68335052775438
2011-04-27 16:00:00,167.11195862072458
2011-04-27 17:00:00,128.04637213224837
2011-04-27 18:00:00,143.92016185287147
2011-04-27 19:00:00,176.4024656213139
2011-04-27 20:00:00,182.4465053362352
2011-04-27 21:00:00,175.0730870427035
2011-04-27 22:00:00,196.77673489448327
2011-04-27 23:00:00,221.17096379461782
2011-04-28 00:00:00,21.323762750823356
2011-04-28 01:00:00,20.41276717691239
2011-04-28 02:00:00,22.857512704619673
2011-04-28 03:00:00,29.939538727368706
2011-04-28 04:00:00,28.660459252311437
2011-04-28 05:00:00,32.092993850480674
2011-04-28 06:00:00,42.03648247648026
2011-04-28 07:00:00,47.07100335472524
2011-04-28 08:00:00,53.79734651506461
2011-04-28 09:00:00,44.692613409527624
2011-04-28 10:00:00,50.04524717091547
2011-04-28 11:00:00,63.26634700348228
2011-04-28 12:00:00,79.87502298226022
2011-04-28 13:00:00,79.32807842077366
2011-04-28 14:00:00,88.82884640876844
2011-04-28 15:00:00,148.20502760799675
2011-04-28 16:00:00,125.5796727195327
2011-04-28 17:00:00,268.57994837140717
2011-04-28 18:00:00,300.7465636040289
2011-04-28 19:00:00,339.97799817073314
2011-04-28 20:00:00,332.04287694742845
2011-04-28 21:00:00,341.8522311663975
2011-04-28 22:00:00,365.456372553136
2011-04-28 23:00:00,430.85370879817833
2011-04-29 00:00:00,39.58908861771351
2011-04-29 01:00:00,39.23687084450935
2011-04-29 02:00:00,31.173859096542376
2011-04-29 03:00:00,36.425406670490396
2011-04-29 04:00:00,44.35530772822117
2011-04-29 05:00:00,51.146039074694976
2011-04-29 06:00:00,65.07132947199045
2011-04-29 07:00:00,78.4758947187895
2011-04-29 08:00:00,94.29409508020696
2011-04-29 09:00:00,104.33344797491745
2011-04-29 10:00:00,121.27675644630587
2011-04-29 11:00:00,159.6372361252569
2011-04-29 12:00:00,151.79823179934374
2011-04-29 13:00:00,167.9599651139314
2011-04-29 14:00:00,220.90886956600963
2011-04-29 15:00:00,201.12816353998923
2011-04-29 16:00:00,206.78046451936518
2011-04-29 17:00:00,210.08960495082923
2011-04-29 18:00:00,225.58572477566352
2011-04-29 19:00:00,193.28065313593623
2011-04-29 20:00:00,245.3740961206421
2011-04-29 21:00:00,247.69068116555002
2011-04-29 22:00:00,224.10682464866733
2011-04-29 23:00:00,276.1168335790245
2011-04-30 00:00:00,34.10955898876264
2011-04-30 01:00:00,37.04855408603991
2011-04-30 02:00:00,40.240782952322114
2011-04-30 03:00:00,41.15022199221839
2011-04-30 04:00:00,44.69586445352503
2011-04-30 05:00:00,48.547011474826505
2011-04-30 06:00:00,47.388323038447396
2011-04-30 07:00:00,53.92434877972446
2011-04-30 08:00:00,58.57065325817553
2011-04-30 09:00:00,74.20068190021034
2011-04-30 10:00:00,97.50310211012159
2011-04-30 11:00:00,114.44194992928504
2011-04-30 12:00:00,131.91263937683328
2011-04-30 13:00:00,155.59324093621944
2011-04-30 14:00:00,168.99968141326235
2011-04-30 15:00:00,197.15464270839692
2011-04-30 16:00:00,226.4001567189059
2011-04-30 17:00:00,221.76784565126772
2011-04-30 18:00:00,227.60081522784205
2011-04-30 19:00:00,247.21167212315748
2011-04-30 20:00:00,161.16171602524295
2011-04-30 21:00:00,175.04795517078614
2011-04-30 22:00:00,177.10155361497556
2011-04-30 23:00:00,192.36122313946512
2011-05-20 00:00:00,14.370601994777925
2011-05-20 01:00:00,13.805063708015311
2011-05-20 02:00:00,14.807757627816223
2011-05-20 03:00:00,16.38431769001883
2011-05-20 04:00:00,20.75639624384786
2011-05-20 05:00:00,22.966299064774063
2011-05-20 06:00:00,30.07283523899555
2011-05-20 07:00:00,45.401245456973776
2011-05-20 08:00:00,65.28100490070013
2011-05-20 09:00:00,72.23137697820923
2011-05-20 10:00:00,89.89333423353317
2011-05-20 11:00:00,111.47950068104436
2011-05-20 12:00:00,140.83315496000125
2011-05-20 13:00:00,155.82745275474932
2011-05-20 14:00:00,188.30170929996387
2011-05-20 15:00:00,190.77527905183186
2011-05-20 16:00:00,221.7945440581042
2011-05-20 17:00:00,255.07708854381858
2011-05-20 18:00:00,258.4278333297376
2011-05-20 19:00:00,234.12200370130617
2011-05-20 20:00:00,259.0486272992617
2011-05-20 21:00:00,273.56288933367676
2011-05-20 22:00:00,245.0478447119682
2011-05-20 23:00:00,263.9992023816863
2011-05-21 00:00:00,29.60009677647412
2011-05-21 01:00:00,35.42264555670433
2011-05-21 02:00:00,38.47478063878033
2011-05-21 03:00:00,31.402179531725825
2011-05-21 04:00:00,28.873690781565315
2011-05-21 05:00:00,31.361545745485436
2011-05-21 06:00:00,42.00665892485978
2011-05-21 07:00:00,59.736432412877924
2011-05-21 08:00:00,74.64767666143786
2011-05-21 09:00:00,95.57304300318809
2011-05-21 10:00:00,114.52662398461327
2011-05-21 11:00:00,148.88973255869283
2011-05-21 12:00:00,175.0440303734537
2011-05-21 13:00:00,217.42861490773396
2011-05-21 14:00:00,252.9640021150767
2011-05-21 15:00:00,265.4784483676846
2011-05-21 16:00:00,307.27592517034066
2011-05-21 17:00:00,324.14863726601163
2011-05-21 18:00:00,328.6945427021647
2011-05-21 19:00:00,338.25873740483854
2011-05-21 20:00:00,261.73273741034717
2011-05-21 21:00:00,284.2845162914337
2011-05-21 22:00:00,252.10470302306595
2011-05-21 23:00:00,217.89221498130834
2011-05-22 00:00:00,25.529600647787507
2011-05-22 01:00:00,22.820892951035454
2011-05-22 02:00:00,24.455492455198744
2011-05-22 03:00:00,21.826090653346615
2011-05-22 04:00:00,23.389435130547028
2011-05-22 05:00:00,25.06475778987867
2011-05-22 06:00:00,32.25161951455008
2011-05-22 07:00:00,41.43339045698688
2011-05-22 08:00:00,69.09313982191978
2011-05-22 09:00:00,84.01752707525708
2011-05-22 10:00:00,102.03289957100024
2011-05-22 11:00:00,149.23545149984247
2011-05-22 12:00:00,173.3319698587833
2011-05-22 13:00:00,159.93094902640715
2011-05-22 14:00:00,118.73774271666484
2011-05-22 15:00:00,161.86883787594448
2011-05-22 16:00:00,179.00902814765396
2011-05-22 17:00:00,209.77536462235008
2011-05-22 18:00:00,199.20240849739295
2011-05-22 19:00:00,213.47074404660253
2011-05-22 20:00:00,203.78772275475131
2011-05-22 21:00:00,176.53252715254993
2011-05-22 22:00:00,144.54696152374905
2011-05-22 23:00:00,150.77310406720449
2011-05-23 00:00:00,14.483980468589237
2011-05-23 01:00:00,16.196808992292354
2011-05-23 02:00:00,18.11219105837106
2011-05-23 03:00:00,16.835610903017656
2011-05-23 04:00:00,18.826535609882065
2011-05-23 05:00:00,21.05290061120548
2011-05-23 06:00:00,19.880998407278337
2011-05-23 07:00:00,26.9011818459693
2011-05-23 08:00:00,37.81212391702987
2011-05-23 09:00:00,42.28366297546347
2011-05-23 10:00:00,71.45192933547156
2011-05-23 11:00:00,92.91780490250304
2011-05-23 12:00:00,103.90596295353302
2011-05-23 13:00:00,159.89677597390818
2011-05-23 14:00:00,159.64104461568664
2011-05-23 15:00:00,178.51967645066492
2011-05-23 16:00:00,199.63083401747267
2011-05-23 17:00:00,180.64390953611831
2011-05-23 18:00:00,177.61087392143202
2011-05-23 19:00:00,198.61455945057307
2011-05-23 20:00:00,172.69095530454283
2011-05-23 21:00:00,162.40549879825736
2011-05-23 22:00:00,158.46927007823058
2011-05-23 23:00:00,206.16914149280603
2011-05-24 00:00:00,11.876010131897909
2011-05-24 01:00:00,13.430065598451154
2011-05-24 02:00:00,15.187479631248587
2011-05-24 03:00:00,15.754228068215932
2011-05-24 04:00:00,22.005196151822428
2011-05-24 05:00:00,20.147087720094184
2011-05-24 06:00:00,22.78346908545235
2011-05-24 07:00:00,42.853814591162724
2011-05-24 08:00:00,41.429339870210235
2011-05-24 09:00:00,61.63034574063548
2011-05-24 10:00:00,99.8123600858147
2011-05-24 11:00:00,143.43513056984685
2011-05-24 12:00:00,181.68366608868232
2011-05-24 13:00:00,206.9877194924775
2011-05-24 14:00:00,234.07344890952336
2011-05-24 15:00:00,218.86997107614525
2011-05-24 16:00:00,165.10127851285475
2011-05-24 17:00:00,236.06812269837198
2011-05-24 18:00:00,214.9120997985519
2011-05-24 19:00:00,210.34814641352276
2011-05-24 20:00:00,237.8736101999903
2011-05-24 21:00:00,239.71517611406293
2011-05-24 22:00:00,205.27271379021235
2011-05-24 23:00:00,344.008352600303
2011-05-25 00:00:00,16.59823286492797
2011-05-25 01:00:00,18.158808303728858
2011-05-25 02:00:00,14.828551222901895
2011-05-25 03:00:00,13.774043256505658
2011-05-25 04:00:00,15.481598594588371
2011-05-25 05:00:00,24.789575161601615
2011-05-25 06:00:00,23.665526085921282
2011-05-25 07:00:00,49.22683637976863
2011-05-25 08:00:00,62.65952032449415
2011-05-25 09:00:00,81.68889376770896
2011-05-25 10:00:00,102.9592618770072
2011-05-25 11:00:00,147.05622548531443
2011-05-25 12:00:00,154.2190858278594
2011-05-25 13:00:00,173.33748253502898
2011-05-25 14:00:00,194.82596910941965
2011-05-25 15:00:00,236.49880697185014
2011-05-25 16:00:00,263.7881102512178
2011-05-25 17:00:00,296.4896770601835
2011-05-25 18:00:00,286.261546362065
2011-05-25 19:00:00,294.75057702392127
2011-05-25 20:00:00,331.29053205582
2011-05-25 21:00:00,294.4991524717672
2011-05-25 22:00:00,331.0079386356617
2011-05-25 23:00:00,328.46565035788245
2011-05-26 00:00:00,23.980255755833856
2011-05-26 01:00:00,26.852263382445997
2011-05-26 02:00:00,22.857512704619673
2011-05-26 03:00:00,22.233282509194332
2011-05-26 04:00:00,24.896062989152068
2011-05-26 05:00:00,27.877752738648077
2011-05-26 06:00:00,23.88821820014331
2011-05-26 07:00:00,30.63687754017513
2011-05-26 08:00:00,46.58799212914769
2011-05-26 09:00:00,76.57457460282133
2011-05-26 10:00:00,75.39045733089638
2011-05-26 11:00:00,108.59556255965349
2011-05-26 12:00:00,147.6470250207929
2011-05-26 13:00:00,197.26752927704632
2011-05-26 14:00:00,220.89337607097787
2011-05-26 15:00:00,278.0159044789448
2011-05-26 16:00:00,292.7996583321901
2011-05-26 17:00:00,343.95209052238107
2011-05-26 18:00:00,385.14568900721514
2011-05-26 19:00:00,422.4624898129449
2011-05-26 20:00:00,360.11434357409155
2011-05-26 21:00:00,367.75236353726365
2011-05-26 22:00:00,377.8042875645923
2011-05-26 23:00:00,423.0522117860975
2011-05-27 00:00:00,36.56207003656356
2011-05-27 01:00:00,53.11835808248746
2011-05-27 02:00:00,53.74622107210162
2011-05-27 03:00:00,53.00179560636515
2011-05-27 04:00:00,51.99813284941475
2011-05-27 05:00:00,62.84823556674185
2011-05-27 06:00:00,63.659888736896356
2011-05-27 07:00:00,63.972367852516015
2011-05-27 08:00:00,70.6317275956215
2011-05-27 09:00:00,102.44427523248731
2011-05-27 10:00:00,146.3957990586066
2011-05-27 11:00:00,162.81514753804504
2011-05-27 12:00:00,183.60177821410113
2011-05-27 13:00:00,187.45468562013696
2011-05-27 14:00:00,224.7786243951173
2011-05-27 15:00:00,282.81363451295624
2011-05-27 16:00:00,275.1903084840647
2011-05-27 17:00:00,280.96521321505924
2011-05-27 18:00:00,277.55876039816263
2011-05-27 19:00:00,179.7631255845323
2011-05-27 20:00:00,231.72984856209
2011-05-27 21:00:00,195.91220406365053
2011-05-27 22:00:00,243.51056011177758
2011-05-27 23:00:00,204.74173895691035
2011-05-28 00:00:00,25.292374723737602
2011-05-28 01:00:00,27.47165136979609
2011-05-28 02:00:00,24.719592201391112
2011-05-28 03:00:00,31.61140084791261
2011-05-28 04:00:00,34.3351461810226
2011-05-28 05:00:00,37.2935786346221
2011-05-28 06:00:00,47.35489958188805
2011-05-28 07:00:00,52.8431804632206
2011-05-28 08:00:00,66.22074429478634
2011-05-28 09:00:00,83.91837844767797
2011-05-28 10:00:00,119.2255637675673
2011-05-28 11:00:00,129.49844203897607
2011-05-28 12:00:00,168.10762613218037
2011-05-28 13:00:00,166.52158628567594
2011-05-28 14:00:00,202.58270903891412
2011-05-28 15:00:00,233.97753746815607
2011-05-28 16:00:00,259.0074986512423
2011-05-28 17:00:00,276.03521065976827
2011-05-28 18:00:00,251.7365834181306
2011-05-28 19:00:00,250.85676330588373
2011-05-28 20:00:00,272.4714314321335
2011-05-28 21:00:00,225.77057017614516
2011-05-28 22:00:00,223.04089114333084
2011-05-28 23:00:00,210.52223803178452
2011-05-29 00:00:00,33.49903696421841
2011-05-29 01:00:00,30.648242902559915
2011-05-29 02:00:00,32.84349454146335
2011-05-29 03:00:00,35.195986181806
2011-05-29 04:00:00,36.98854763715532
2011-05-29 05:00:00,34.98538609668286
2011-05-29 06:00:00,43.313619278776855
2011-05-29 07:00:00,46.416057940949926
2011-05-29 08:00:00,49.74071598383553
2011-05-29 09:00:00,45.81616522434726
2011-05-29 10:00:00,66.67529105012427
2011-05-29 11:00:00,71.45106375649115
2011-05-29 12:00:00,98.81905278079041
2011-05-29 13:00:00,120.44250184863817
2011-05-29 14:00:00,130.05142105366463
2011-05-29 15:00:00,139.36665638762665
2011-05-29 16:00:00,149.349117105395
2011-05-29 17:00:00,160.04659477603215
2011-05-29 18:00:00,147.79835360182028
2011-05-29 19:00:00,158.3847542318061
2011-05-29 20:00:00,146.65358609562898
2011-05-29 21:00:00,140.60724954805806
2011-05-29 22:00:00,130.2246816273908
2011-05-29 23:00:00,139.55232715268545
2011-05-30 00:00:00,17.816169148726303
2011-05-30 01:00:00,19.5658025820841
2011-05-30 02:00:00,21.487258427183146
2011-05-30 03:00:00,23.597410470619845
2011-05-30 04:00:00,25.662232951841006
2011-05-30 05:00:00,28.18238755816208
2011-05-30 06:00:00,31.25463034564463
2011-05-30 07:00:00,34.32398525261069
2011-05-30 08:00:00,43.16514923966791
2011-05-30 09:00:00,70.95254759561527
2011-05-30 10:00:00,136.80776898143253
2011-05-30 11:00:00,161.48284821643009
2011-05-30 12:00:00,196.18916055580976
2011-05-30 13:00:00,227.13475498699273
2011-05-30 14:00:00,267.09099504774395
2011-05-30 15:00:00,293.32061437742715
2011-05-30 16:00:00,327.73746742706317
2011-05-30 17:00:00,345.81444883308325
2011-05-30 18:00:00,379.77508966253
2011-05-30 19:00:00,209.4271393557746
2011-05-30 20:00:00,321.0833977646778
2011-05-30 21:00:00,253.38954607768167
2011-05-30 22:00:00,239.80123344216406
2011-05-30 23:00:00,191.2654404592493
2011-05-31 00:00:00,17.636804220465095
2011-05-31 01:00:00,14.519459231646545
2011-05-31 02:00:00,14.806578183169998
2011-05-31 03:00:00,17.222788843505835
2011-05-31 04:00:00,26.19149043082581
2011-05-31 05:00:00,29.618822373889564
2011-05-31 06:00:00,37.452296536755945
2011-05-31 07:00:00,62.88394211254066
2011-05-31 08:00:00,86.34413981770744
2011-05-31 09:00:00,108.39567604828156
2011-05-31 10:00:00,118.89055189985089
2011-05-31 11:00:00,164.82560400704185
2011-05-31 12:00:00,186.39413822773056
2011-05-31 13:00:00,236.74521478186568
2011-05-31 14:00:00,273.17934346594205
2011-05-31 15:00:00,308.9266902050975
2011-05-31 16:00:00,342.37648831512894
2011-05-31 17:00:00,302.4271036452367
2011-05-31 18:00:00,342.0017156937218
2011-05-31 19:00:00,307.98169683609444
2011-05-31 20:00:00,348.28316460606106
2011-05-31 21:00:00,349.6567906109738
2011-05-31 22:00:00,354.3819724017777
2011-05-31 23:00:00,290.64442084735117
2011-06-20 00:00:00,18.40491432439853
2011-06-20 01:00:00,17.368812521034595
2011-06-20 02:00:00,19.422791920785762
2011-06-20 03:00:00,21.719668258338075
2011-06-20 04:00:00,24.656679517213362
2011-06-20 05:00:00,31.128554441749213
2011-06-20 06:00:00,38.21368580334602
2011-06-20 07:00:00,31.672229908949266
2011-06-20 08:00:00,40.16033876927511
2011-06-20 09:00:00,53.43717845414126
2011-06-20 10:00:00,59.75648575236381
2011-06-20 11:00:00,66.82309382290596
2011-06-20 12:00:00,95.03441697792378
2011-06-20 13:00:00,120.43396926474162
2011-06-20 14:00:00,151.18010982283
2011-06-20 15:00:00,169.0581789684408
2011-06-20 16:00:00,213.34447239500685
2011-06-20 17:00:00,257.04142309701933
2011-06-20 18:00:00,250.7610080439837
2011-06-20 19:00:00,243.14973474183762
2011-06-20 20:00:00,248.00688167244036
2011-06-20 21:00:00,244.8513209069557
2011-06-20 22:00:00,273.8066434735203
2011-06-20 23:00:00,262.43251633180734
2011-06-21 00:00:00,16.379092204964582
2011-06-21 01:00:00,18.52240612063207
2011-06-21 02:00:00,18.5777805041059
2011-06-21 03:00:00,21.008807509656137
2011-06-21 04:00:00,20.637472394934694
2011-06-21 05:00:00,23.338023879397355
2011-06-21 06:00:00,26.391960612822093
2011-06-21 07:00:00,26.342369806719923
2011-06-21 08:00:00,34.415686877907206
2011-06-21 09:00:00,38.91921000846967
2011-06-21 10:00:00,51.55159544826629
2011-06-21 11:00:00,58.09576777514251
2011-06-21 12:00:00,84.78914952657173
2011-06-21 13:00:00,123.34355673020352
2011-06-21 14:00:00,156.73038168856516
2011-06-21 15:00:00,191.52133051925043
2011-06-21 16:00:00,215.29393075490603
2011-06-21 17:00:00,197.42411196712996
2011-06-21 18:00:00,200.03526650952304
2011-06-21 19:00:00,198.21149378272662
2011-06-21 20:00:00,259.8889013068629
2011-06-21 21:00:00,253.26471441137457
2011-06-21 22:00:00,247.46728561233908
2011-06-21 23:00:00,327.96205489512636
2011-06-22 00:00:00,19.017843734250697
2011-06-22 01:00:00,21.37546814289365
2011-06-22 02:00:00,24.02536505781551
2011-06-22 03:00:00,27.003767229921415
2011-06-22 04:00:00,26.37527788443986
2011-06-22 05:00:00,24.931075388503817
2011-06-22 06:00:00,33.204777556731365
2011-06-22 07:00:00,41.10029271820379
2011-06-22 08:00:00,53.4642823867266
2011-06-22 09:00:00,50.573326243476096
2011-06-22 10:00:00,78.37780262876478
2011-06-22 11:00:00,88.09422596021646
2011-06-22 12:00:00,134.14551477020737
2011-06-22 13:00:00,163.31376128448744
2011-06-22 14:00:00,203.4143707977254
2011-06-22 15:00:00,206.31533146727352
2011-06-22 16:00:00,210.91268521654607
2011-06-22 17:00:00,268.72768604684325
2011-06-22 18:00:00,270.45954853004554
2011-06-22 19:00:00,363.7953487901084
2011-06-22 20:00:00,217.51307268117728
2011-06-22 21:00:00,204.2677383730946
2011-06-22 22:00:00,231.06182731326274
2011-06-22 23:00:00,259.706347248943
2011-06-23 00:00:00,18.960352845594265
2011-06-23 01:00:00,25.227260207853327
2011-06-23 02:00:00,28.248615962070293
2011-06-23 03:00:00,31.63182593740884
2011-06-23 04:00:00,30.604612370790857
2011-06-23 05:00:00,39.6623495334244
2011-06-23 06:00:00,44.41253116239387
2011-06-23 07:00:00,49.73162072983994
2011-06-23 08:00:00,64.62198905928712
2011-06-23 09:00:00,72.361474714271
2011-06-23 10:00:00,90.40915649425146
2011-06-23 11:00:00,101.23705547960306
2011-06-23 12:00:00,113.36176333900296
2011-06-23 13:00:00,143.49166176478317
2011-06-23 14:00:00,142.14145873759162
2011-06-23 15:00:00,225.04287380082843
2011-06-23 16:00:00,200.39594751640215
2011-06-23 17:00:00,177.51397763480128
2011-06-23 18:00:00,198.77403018755064
2011-06-23 19:00:00,222.58030383549556
2011-06-23 20:00:00,219.13841488568417
2011-06-23 21:00:00,245.3836395089568
2011-06-23 22:00:00,274.7721369166258
2011-06-23 23:00:00,307.6803627854466
2011-06-24 00:00:00,25.96909522800553
2011-06-24 01:00:00,25.69761334824933
2011-06-24 02:00:00,28.433600248971533
2011-06-24 03:00:00,31.460883630011924
2011-06-24 04:00:00,34.81047739696469
2011-06-24 05:00:00,32.504526164268334
2011-06-24 06:00:00,42.61751329392135
2011-06-24 07:00:00,47.15493692674547
2011-06-24 08:00:00,67.33710489282011
2011-06-24 09:00:00,107.12042151935572
2011-06-24 10:00:00,177.93289187804137
2011-06-24 11:00:00,206.86864959472234
2011-06-24 12:00:00,221.8181658719989
2011-06-24 13:00:00,257.73284188931626
2011-06-24 14:00:00,260.4178478703659
2011-06-24 15:00:00,325.3000080720909
2011-06-24 16:00:00,352.99641798711673
2011-06-24 17:00:00,362.8030963794985
2011-06-24 18:00:00,401.4302056671938
2011-06-24 19:00:00,420.3541216225254
2011-06-24 20:00:00,430.6582189847195
2011-06-24 21:00:00,446.2969468838427
2011-06-24 22:00:00,493.8135229938063
2011-06-24 23:00:00,504.7680752505884
2011-06-25 00:00:00,65.97391647338705
2011-06-25 01:00:00,66.13507007774538
2011-06-25 02:00:00,71.83349164867849
2011-06-25 03:00:00,67.41314445327673
2011-06-25 04:00:00,73.22168923995947
2011-06-25 05:00:00,71.04964718209992
2011-06-25 06:00:00,86.3833538592014
2011-06-25 07:00:00,93.82643612133798
2011-06-25 08:00:00,130.75145568523905
2011-06-25 09:00:00,151.63155149013258
2011-06-25 10:00:00,164.69663939023891
2011-06-25 11:00:00,191.08300434595134
2011-06-25 12:00:00,209.84406389882693
2011-06-25 13:00:00,227.92493897535837
2011-06-25 14:00:00,236.29858978038158
2011-06-25 15:00:00,256.6588763817669
2011-06-25 16:00:00,293.4228213995668
2011-06-25 17:00:00,313.7567040172088
2011-06-25 18:00:00,319.0406404453628
2011-06-25 19:00:00,335.2181211073568
2011-06-25 20:00:00,352.52379682330223
2011-06-25 21:00:00,353.73125554836133
2011-06-25 22:00:00,406.5048778212456
2011-06-25 23:00:00,407.49784185539636
2011-06-26 00:00:00,59.906267454791774
2011-06-26 01:00:00,64.19719311173161
2011-06-26 02:00:00,62.02015956379366
2011-06-26 03:00:00,55.82960809627425
2011-06-26 04:00:00,59.828533550576395
2011-06-26 05:00:00,64.11389133593646
2011-06-26 06:00:00,68.70619783387062
2011-06-26 07:00:00,81.22983672346793
2011-06-26 08:00:00,90.36891948889156
2011-06-26 09:00:00,113.73356711099618
2011-06-26 10:00:00,148.2792068815737
2011-06-26 11:00:00,164.26222942626026
2011-06-26 12:00:00,190.10919582827546
2011-06-26 13:00:00,203.72620888313398
2011-06-26 14:00:00,218.31857215042348
2011-06-26 15:00:00,233.95614735628456
2011-06-26 16:00:00,247.9697883343135
2011-06-26 17:00:00,257.4690302666871
2011-06-26 18:00:00,266.59019007190136
2011-06-26 19:00:00,276.3594141122251
2011-06-26 20:00:00,286.73706441852613
2011-06-26 21:00:00,279.53812814024417
2011-06-26 22:00:00,314.88405597958223
2011-06-26 23:00:00,321.0174275436252
2011-06-27 00:00:00,21.961478779993097
2011-06-27 01:00:00,21.04918297630185
2011-06-27 02:00:00,23.53839104176732
2011-06-27 03:00:00,26.321964774544117
2011-06-27 04:00:00,25.512315873526433
2011-06-27 05:00:00,29.193772168789202
2011-06-27 06:00:00,36.808057096595775
2011-06-27 07:00:00,48.02333216127304
2011-06-27 08:00:00,53.587335211207346
2011-06-27 09:00:00,101.4505371281044
2011-06-27 10:00:00,113.44774839988594
2011-06-27 11:00:00,114.42080679177388
2011-06-27 12:00:00,141.86620167134754
2011-06-27 13:00:00,146.80685230098842
2011-06-27 14:00:00,164.16775420509725
2011-06-27 15:00:00,199.4025285093749
2011-06-27 16:00:00,222.98322438714652
2011-06-27 17:00:00,249.35249683030372
2011-06-27 18:00:00,298.8511298285908
2011-06-27 19:00:00,261.80833737590797
2011-06-27 20:00:00,268.60205113900827
2011-06-27 21:00:00,300.3660579818645
2011-06-27 22:00:00,297.9799437782747
2011-06-27 23:00:00,333.2180848612278
2011-06-28 00:00:00,17.343950986619628
2011-06-28 01:00:00,21.564212811423218
2011-06-28 02:00:00,24.386034486322252
2011-06-28 03:00:00,27.57711042682152
2011-06-28 04:00:00,31.18576002669314
2011-06-28 05:00:00,32.07642138892845
2011-06-28 06:00:00,31.412798098789704
2011-06-28 07:00:00,35.000594725794755
2011-06-28 08:00:00,44.23965702514967
2011-06-28 09:00:00,67.18996476665735
2011-06-28 10:00:00,130.62213913656754
2011-06-28 11:00:00,157.054552489874
2011-06-28 12:00:00,175.15896893478205
2011-06-28 13:00:00,207.67933472398943
2011-06-28 14:00:00,235.66978444729182
2011-06-28 15:00:00,278.9572555360108
2011-06-28 16:00:00,285.88660658585695
2011-06-28 17:00:00,263.7130526067011
2011-06-28 18:00:00,307.4761186708442
2011-06-28 19:00:00,315.6974741982825
2011-06-28 20:00:00,326.04657689291554
2011-06-28 21:00:00,329.89601065238463
2011-06-28 22:00:00,329.6267334897786
2011-06-28 23:00:00,372.76059927572976
2011-06-29 00:00:00,18.415245136757363
2011-06-29 01:00:00,20.69816595744804
2011-06-29 02:00:00,20.805738400126792
2011-06-29 03:00:00,23.385006448461674
2011-06-29 04:00:00,26.284023959046984
2011-06-29 05:00:00,29.64499656517055
2011-06-29 06:00:00,47.85197911783318
2011-06-29 07:00:00,77.95038069089254
2011-06-29 08:00:00,96.30728984019319
2011-06-29 09:00:00,115.57433658909684
2011-06-29 10:00:00,138.75796890695867
2011-06-29 11:00:00,169.08221272919786
2011-06-29 12:00:00,190.04317746148203
2011-06-29 13:00:00,228.95598457809808
2011-06-29 14:00:00,257.3394451475027
2011-06-29 15:00:00,295.31782239870176
2011-06-29 16:00:00,331.928098312397
2011-06-29 17:00:00,376.90050234087545
2011-06-29 18:00:00,413.8650069567775
2011-06-29 19:00:00,430.6582842599591
2011-06-29 20:00:00,463.1886208100343
2011-06-29 21:00:00,500.6311163712987
2011-06-29 22:00:00,527.4585426160643
2011-06-29 23:00:00,543.327356269855
2011-06-30 00:00:00,36.6091643944001
2011-06-30 01:00:00,37.87298258983274
2011-06-30 02:00:00,38.23223231903915
2011-06-30 03:00:00,38.897242225768096
2011-06-30 04:00:00,38.43036180370702
2011-06-30 05:00:00,43.03299379051816
2011-06-30 06:00:00,50.492390060617105
2011-06-30 07:00:00,62.377634623723736
2011-06-30 08:00:00,98.04876433245667
2011-06-30 09:00:00,119.79821063365722
2011-06-30 10:00:00,138.98943662944583
2011-06-30 11:00:00,166.6413512243583
2011-06-30 12:00:00,195.00203827428095
2011-06-30 13:00:00,221.05121642985299
2011-06-30 14:00:00,256.53091217737955
2011-06-30 15:00:00,288.4410191625395
2011-06-30 16:00:00,333.33760493406356
2011-06-30 17:00:00,364.7369591683549
2011-06-30 18:00:00,395.9538992026128
2011-06-30 19:00:00,422.872627193872
2011-06-30 20:00:00,473.51818422012906
2011-06-30 21:00:00,504.9692827145597
2011-06-30 22:00:00,521.3177008386392
2011-06-30 23:00:00,493.7565081602978
2011-07-20 00:00:00,15.245111715828362
2011-07-20 01:00:00,17.135034043299928
2011-07-20 02:00:00,19.259248284825954
2011-07-20 03:00:00,21.646799391192726
2011-07-20 04:00:00,25.89721610147713
2011-07-20 05:00:00,29.107669907382768
2011-07-20 06:00:00,26.620335685161503
2011-07-20 07:00:00,34.54706316000603
2011-07-20 08:00:00,53.50976438942444
2011-07-20 09:00:00,69.73306000427128
2011-07-20 10:00:00,77.14842578189015
2011-07-20 11:00:00,104.43200289266338
2011-07-20 12:00:00,132.15550522470414
2011-07-20 13:00:00,160.8557654276055
2011-07-20 14:00:00,194.32271820566154
2011-07-20 15:00:00,236.74897018264357
2011-07-20 16:00:00,228.40190023093845
2011-07-20 17:00:00,231.3902923379211
2011-07-20 18:00:00,260.0755317773649
2011-07-20 19:00:00,212.2621602500609
2011-07-20 20:00:00,170.92731828275524
2011-07-20 21:00:00,297.5693118323646
2011-07-20 22:00:00,298.64465860610846
2011-07-20 23:00:00,288.6711792349677
2011-07-21 00:00:00,21.07498516161536
2011-07-21 01:00:00,16.652553194428684
2011-07-21 02:00:00,18.64695476645229
2011-07-21 03:00:00,26.45170164304809
2011-07-21 04:00:00,23.77877035482679
2011-07-21 05:00:00,26.62664697907452
2011-07-21 06:00:00,29.815601007490468
2011-07-21 07:00:00,32.827919196354244
2011-07-21 08:00:00,42.95854725827642
2011-07-21 09:00:00,50.9238285119612
2011-07-21 10:00:00,62.16504680570283
2011-07-21 11:00:00,93.95351493661644
2011-07-21 12:00:00,136.68619854046622
2011-07-21 13:00:00,153.05649119530312
2011-07-21 14:00:00,204.1351583154444
2011-07-21 15:00:00,204.1925583403045
2011-07-21 16:00:00,261.689584584202
2011-07-21 17:00:00,318.25009308896017
2011-07-21 18:00:00,320.94170886807564
2011-07-21 19:00:00,182.05185392187005
2011-07-21 20:00:00,179.38957474280488
2011-07-21 21:00:00,161.98440362784171
2011-07-21 22:00:00,241.585751960738
2011-07-21 23:00:00,296.2615289170206
2011-07-22 00:00:00,38.89725150131188
2011-07-22 01:00:00,45.056143940013555
2011-07-22 02:00:00,25.23536690278768
2011-07-22 03:00:00,34.74391714598733
2011-07-22 04:00:00,41.503880478963886
2011-07-22 05:00:00,41.05186023731371
2011-07-22 06:00:00,50.81206321565117
2011-07-22 07:00:00,73.2148754305612
2011-07-22 08:00:00,85.78262580118945
2011-07-22 09:00:00,88.41619252669135
2011-07-22 10:00:00,135.23509152814225
2011-07-22 11:00:00,167.50718854413932
2011-07-22 12:00:00,181.79437642848112
2011-07-22 13:00:00,178.10614761949415
2011-07-22 14:00:00,209.4240249150256
2011-07-22 15:00:00,218.05047449779494
2011-07-22 16:00:00,350.2930827243188
2011-07-22 17:00:00,341.02002477981404
2011-07-22 18:00:00,437.59138183201804
2011-07-22 19:00:00,466.18553312725146
2011-07-22 20:00:00,375.56967714496
2011-07-22 21:00:00,383.7360244768506
2011-07-22 22:00:00,551.7585505156078
2011-07-22 23:00:00,417.26639175166054
2011-07-23 00:00:00,63.808286062830085
2011-07-23 01:00:00,76.80274250277253
2011-07-23 02:00:00,83.42032685053421
2011-07-23 03:00:00,61.21123235244244
2011-07-23 04:00:00,67.52568817335187
2011-07-23 05:00:00,82.90813816751167
2011-07-23 06:00:00,115.75939041624383
2011-07-23 07:00:00,125.73361145525608
2011-07-23 08:00:00,146.0940827001168
2011-07-23 09:00:00,158.68204353943233
2011-07-23 10:00:00,197.26491636980836
2011-07-23 11:00:00,222.53280518246095
2011-07-23 12:00:00,240.4888611879949
2011-07-23 13:00:00,251.82818940950054
2011-07-23 14:00:00,262.94089231512083
2011-07-23 15:00:00,297.09453337237596
2011-07-23 16:00:00,322.6932043284256
2011-07-23 17:00:00,350.4975434510268
2011-07-23 18:00:00,379.0023046683427
2011-07-23 19:00:00,279.0627927902426
2011-07-23 20:00:00,303.1077879223473
2011-07-23 21:00:00,329.2245812512731
2011-07-23 22:00:00,362.97633386033186
2011-07-23 23:00:00,394.25160382188886
2011-07-24 00:00:00,62.734698116014975
2011-07-24 01:00:00,54.51454892289881
2011-07-24 02:00:00,63.03869027038579
2011-07-24 03:00:00,67.5539829927243
2011-07-24 04:00:00,67.08783226029595
2011-07-24 05:00:00,71.89315418978214
2011-07-24 06:00:00,83.1346928310928
2011-07-24 07:00:00,101.81558568434997
2011-07-24 08:00:00,118.18172018038379
2011-07-24 09:00:00,126.64676059850002
2011-07-24 10:00:00,155.73795266623358
2011-07-24 11:00:00,156.4234962950338
2011-07-24 12:00:00,194.04031465801137
2011-07-24 13:00:00,204.75709489654318
2011-07-24 14:00:00,205.38540381339288
2011-07-24 15:00:00,252.8425564511676
2011-07-24 16:00:00,270.95299228263264
2011-07-24 17:00:00,303.2881617526766
2011-07-24 18:00:00,314.18950685887773
2011-07-24 19:00:00,310.0999039571269
2011-07-24 20:00:00,320.38334244777326
2011-07-24 21:00:00,234.65995225616268
2011-07-24 22:00:00,233.04070045530895
2011-07-24 23:00:00,223.7558286846494
2011-07-25 00:00:00,25.12893675117635
2011-07-25 01:00:00,23.013640035361423
2011-07-25 02:00:00,23.005512939242937
2011-07-25 03:00:00,25.72607023702533
2011-07-25 04:00:00,23.09530333089364
2011-07-25 05:00:00,25.82647894898553
2011-07-25 06:00:00,28.880634531877547
2011-07-25 07:00:00,40.229030967970665
2011-07-25 08:00:00,50.32410115592771
2011-07-25 09:00:00,73.28430809066337
2011-07-25 10:00:00,104.19308192698941
2011-07-25 11:00:00,113.72828439187951
2011-07-25 12:00:00,127.17742220870267
2011-07-25 13:00:00,94.15181479268605
2011-07-25 14:00:00,88.5328296042386
2011-07-25 15:00:00,85.43665004525675
2011-07-25 16:00:00,95.54011100231294
2011-07-25 17:00:00,147.10435130959954
2011-07-25 18:00:00,164.6403748087977
2011-07-25 19:00:00,213.4662399101859
2011-07-25 20:00:00,205.70749214731498
2011-07-25 21:00:00,167.06804557437889
2011-07-25 22:00:00,186.82497043903962
2011-07-25 23:00:00,208.9182851187954
2011-07-26 00:00:00,16.540596035749125
2011-07-26 01:00:00,18.705043809363232
2011-07-26 02:00:00,15.398885059974322
2011-07-26 03:00:00,17.41393230568207
2011-07-26 04:00:00,20.409095681075655
2011-07-26 05:00:00,23.653863562589226
2011-07-26 06:00:00,30.95051282801841
2011-07-26 07:00:00,58.25850085269262
2011-07-26 08:00:00,86.78894717582743
2011-07-26 09:00:00,124.88915313929576
2011-07-26 10:00:00,156.31757998518276
2011-07-26 11:00:00,180.4863383565633
2011-07-26 12:00:00,207.85908184140263
2011-07-26 13:00:00,231.29910097863188
2011-07-26 14:00:00,265.6964696315051
2011-07-26 15:00:00,302.7629640716962
2011-07-26 16:00:00,329.6748330405503
2011-07-26 17:00:00,372.814992974872
2011-07-26 18:00:00,407.57205963269195
2011-07-26 19:00:00,437.98889226208723
2011-07-26 20:00:00,468.69771589206357
2011-07-26 21:00:00,497.52186621635815
2011-07-26 22:00:00,494.7815267734659
2011-07-26 23:00:00,523.0256082477609
2011-07-27 00:00:00,39.062728293903234
2011-07-27 01:00:00,46.346901537094894
2011-07-27 02:00:00,48.54600880307645
2011-07-27 03:00:00,46.51348373598256
2011-07-27 04:00:00,59.50014846407571
2011-07-27 05:00:00,61.70346029861912
2011-07-27 06:00:00,69.35278091196302
2011-07-27 07:00:00,88.49913149113144
2011-07-27 08:00:00,109.8371393402043
2011-07-27 09:00:00,133.84100895812128
2011-07-27 10:00:00,156.24964083788353
2011-07-27 11:00:00,181.2355036541407
2011-07-27 12:00:00,207.98239558570108
2011-07-27 13:00:00,236.49421990915175
2011-07-27 14:00:00,267.5792257944101
2011-07-27 15:00:00,303.8262470615469
2011-07-27 16:00:00,338.30718774755803
2011-07-27 17:00:00,377.40546841283447
2011-07-27 18:00:00,422.05063703092657
2011-07-27 19:00:00,465.1714671380227
2011-07-27 20:00:00,442.2386508807174
2011-07-27 21:00:00,464.84726976862754
2011-07-27 22:00:00,510.8041471519357
2011-07-27 23:00:00,611.812310790593
2011-07-28 00:00:00,38.807681511501265
2011-07-28 01:00:00,44.80658406957876
2011-07-28 02:00:00,47.63851848743704
2011-07-28 03:00:00,53.343970081010596
2011-07-28 04:00:00,50.6378862284704
2011-07-28 05:00:00,51.78901520048082
2011-07-28 06:00:00,51.11468522058751
2011-07-28 07:00:00,57.274549072785504
2011-07-28 08:00:00,72.53741548296695
2011-07-28 09:00:00,98.62220284437612
2011-07-28 10:00:00,122.59515385053007
2011-07-28 11:00:00,131.142075089445
2011-07-28 12:00:00,160.35246263647133
2011-07-28 13:00:00,204.6690315424788
2011-07-28 14:00:00,220.95495217334485
2011-07-28 15:00:00,240.21114218460716
2011-07-28 16:00:00,287.36468641879355
2011-07-28 17:00:00,282.3001263368224
2011-07-28 18:00:00,289.48873276328965
2011-07-28 19:00:00,299.3379230313113
2011-07-28 20:00:00,297.7087074026596
2011-07-28 21:00:00,308.9353782049445
2011-07-28 22:00:00,309.9513513644553
2011-07-28 23:00:00,284.24333783813506
2011-07-29 00:00:00,24.75355200406137
2011-07-29 01:00:00,27.389026089209107
2011-07-29 02:00:00,30.305095203803326
2011-07-29 03:00:00,33.53163388578539
2011-07-29 04:00:00,29.78533356683604
2011-07-29 05:00:00,32.95653399576831
2011-07-29 06:00:00,36.465367445928806
2011-07-29 07:00:00,50.25866722403723
2011-07-29 08:00:00,53.92128249422136
2011-07-29 09:00:00,153.60902613282198
2011-07-29 10:00:00,182.7592869132735
2011-07-29 11:00:00,205.81499627225844
2011-07-29 12:00:00,237.11788373150887
2011-07-29 13:00:00,267.2431286008717
2011-07-29 14:00:00,292.1508567670214
2011-07-29 15:00:00,323.2557265585107
2011-07-29 16:00:00,357.67228584991176
2011-07-29 17:00:00,395.75312532613395
2011-07-29 18:00:00,435.3860646913987
2011-07-29 19:00:00,454.2877454891951
2011-07-29 20:00:00,515.8196176104025
2011-07-29 21:00:00,525.5089104492582
2011-07-29 22:00:00,546.8811871829367
2011-07-29 23:00:00,564.4693122149762
2011-07-30 00:00:00,64.73230282378029
2011-07-30 01:00:00,70.3098572183486
2011-07-30 02:00:00,76.36799258512552
2011-07-30 03:00:00,69.90171826932618
2011-07-30 04:00:00,67.10596699802367
2011-07-30 05:00:00,65.23710827899227
2011-07-30 06:00:00,70.85815842085051
2011-07-30 07:00:00,86.52756763345451
2011-07-30 08:00:00,114.79924278617139
2011-07-30 09:00:00,167.2237121348357
2011-07-30 10:00:00,194.43136712557046
2011-07-30 11:00:00,222.90778155687445
2011-07-30 12:00:00,246.76956899009895
2011-07-30 13:00:00,273.48995678576784
2011-07-30 14:00:00,298.24260489241937
2011-07-30 15:00:00,323.68818738451404
2011-07-30 16:00:00,353.9411598943223
2011-07-30 17:00:00,382.1687399876158
2011-07-30 18:00:00,414.7402740300674
2011-07-30 19:00:00,394.23009000742337
2011-07-30 20:00:00,432.8092940571495
2011-07-30 21:00:00,424.0466170438383
2011-07-30 22:00:00,429.65221104250475
2011-07-30 23:00:00,433.2212099262489
2011-07-31 00:00:00,68.93567853298109
2011-07-31 01:00:00,62.25427089013383
2011-07-31 02:00:00,59.69016427656477
2011-07-31 03:00:00,63.965611041038194
2011-07-31 04:00:00,60.6061952250879
2011-07-31 05:00:00,66.83617323184761
2011-07-31 06:00:00,70.12875567389868
2011-07-31 07:00:00,103.23592667865385
2011-07-31 08:00:00,119.89312628486789
2011-07-31 09:00:00,148.36527750235786
2011-07-31 10:00:00,191.00259487778956
2011-07-31 11:00:00,213.36213027004115
2011-07-31 12:00:00,228.761769478872
2011-07-31 13:00:00,245.14638795155167
2011-07-31 14:00:00,262.70556782469674
2011-07-31 15:00:00,271.0809992309388
2011-07-31 16:00:00,288.84884395913303
2011-07-31 17:00:00,307.5314538704561
2011-07-31 18:00:00,319.3076175946656
2011-07-31 19:00:00,260.7978838962287
2011-07-31 20:00:00,279.47813854788836
2011-07-31 21:00:00,269.7864318371336
2011-07-31 22:00:00,212.1273142320969
2011-07-31 23:00:00,255.1656019932715
2011-08-20 00:00:00,24.700197596311817
2011-08-20 01:00:00,30.885032131333826
2011-08-20 02:00:00,37.82286004754296
2011-08-20 03:00:00,41.08180573726459
2011-08-20 04:00:00,34.37803607516086
2011-08-20 05:00:00,42.00779558886608
2011-08-20 06:00:00,45.62732949500009
2011-08-20 07:00:00,50.712965907991745
2011-08-20 08:00:00,82.07218510948788
2011-08-20 09:00:00,102.94505430149492
2011-08-20 10:00:00,121.87547572589557
2011-08-20 11:00:00,145.1521649703482
2011-08-20 12:00:00,161.04354349126515
2011-08-20 13:00:00,189.56498565021028
2011-08-20 14:00:00,237.76476228094154
2011-08-20 15:00:00,282.92717225386315
2011-08-20 16:00:00,294.26466029824434
2011-08-20 17:00:00,304.6722973974128
2011-08-20 18:00:00,267.87724202367195
2011-08-20 19:00:00,262.3073096600507
2011-08-20 20:00:00,284.90859563167135
2011-08-20 21:00:00,244.80328647619137
2011-08-20 22:00:00,233.78524618698674
2011-08-20 23:00:00,253.9289745941961
2011-08-21 00:00:00,40.406069143786844
2011-08-21 01:00:00,37.51502705624237
2011-08-21 02:00:00,40.20212807180639
2011-08-21 03:00:00,38.52917678424653
2011-08-21 04:00:00,40.681291801468035
2011-08-21 05:00:00,37.6773480035
2011-08-21 06:00:00,40.376075634222026
2011-08-21 07:00:00,50.06406059360476
2011-08-21 08:00:00,59.96510564728047
2011-08-21 09:00:00,74.37155268989257
2011-08-21 10:00:00,79.76638752187995
2011-08-21 11:00:00,117.49007750924754
2011-08-21 12:00:00,141.7562645888772
2011-08-21 13:00:00,154.19735935405987
2011-08-21 14:00:00,90.81577129913946
2011-08-21 15:00:00,81.80338472367598
2011-08-21 16:00:00,101.58198989151465
2011-08-21 17:00:00,108.85803604206887
2011-08-21 18:00:00,116.65524591112795
2011-08-21 19:00:00,171.0699395599109
2011-08-21 20:00:00,137.5383938314072
2011-08-21 21:00:00,147.38990099383975
2011-08-21 22:00:00,157.94704525634214
2011-08-21 23:00:00,198.3597326631378
2011-08-22 00:00:00,19.30048190690707
2011-08-22 01:00:00,21.582894259164714
2011-08-22 02:00:00,35.92210539309047
2011-08-22 03:00:00,40.170136994775454
2011-08-22 04:00:00,43.85931064960752
2011-08-22 05:00:00,47.689595601038086
2011-08-22 06:00:00,57.98206477409679
2011-08-22 07:00:00,64.8388355784798
2011-08-22 08:00:00,72.50646584512948
2011-08-22 09:00:00,95.41315219008361
2011-08-22 10:00:00,121.17979909191126
2011-08-22 11:00:00,160.01735554221102
2011-08-22 12:00:00,181.87107991261485
2011-08-22 13:00:00,208.66498262338553
2011-08-22 14:00:00,233.34102626418212
2011-08-22 15:00:00,260.93517874196306
2011-08-22 16:00:00,291.7925261373188
2011-08-22 17:00:00,329.0855718511939
2011-08-22 18:00:00,359.0026925486623
2011-08-22 19:00:00,384.2692680224722
2011-08-22 20:00:00,392.03607473062743
2011-08-22 21:00:00,412.1648801569351
2011-08-22 22:00:00,460.90616123864385
2011-08-22 23:00:00,484.128419668808
2011-08-23 00:00:00,30.386318001027377
2011-08-23 01:00:00,29.258480328236494
2011-08-23 02:00:00,30.257255480140365
2011-08-23 03:00:00,34.216620010784816
2011-08-23 04:00:00,34.8019534967956
2011-08-23 05:00:00,39.35602220149988
2011-08-23 06:00:00,42.034614312545436
2011-08-23 07:00:00,66.84983013019286
2011-08-23 08:00:00,77.49122424247344
2011-08-23 09:00:00,101.4576551435458
2011-08-23 10:00:00,131.51301740406404
2011-08-23 11:00:00,151.74361483654306
2011-08-23 12:00:00,165.49005717784885
2011-08-23 13:00:00,205.3663457086255
2011-08-23 14:00:00,232.23990750673693
2011-08-23 15:00:00,257.5846565882161
2011-08-23 16:00:00,294.4684001868994
2011-08-23 17:00:00,329.40875612325755
2011-08-23 18:00:00,372.51409811087404
2011-08-23 19:00:00,321.8150532871513
2011-08-23 20:00:00,336.2223147252503
2011-08-23 21:00:00,342.7734446385637
2011-08-23 22:00:00,387.62764562977907
2011-08-23 23:00:00,406.2432192861356
2011-08-24 00:00:00,28.40935285187127
2011-08-24 01:00:00,29.01200665677352
2011-08-24 02:00:00,26.724798911839382
2011-08-24 03:00:00,30.037847389420094
2011-08-24 04:00:00,29.313762205216907
2011-08-24 05:00:00,32.94776205556312
2011-08-24 06:00:00,37.03226548917053
2011-08-24 07:00:00,54.0791410364776
2011-08-24 08:00:00,56.64453933365267
2011-08-24 09:00:00,66.04997955126639
2011-08-24 10:00:00,102.73090875664131
2011-08-24 11:00:00,128.02296923636607
2011-08-24 12:00:00,144.6336630942019
2011-08-24 13:00:00,187.03073120818348
2011-08-24 14:00:00,210.21675709126606
2011-08-24 15:00:00,236.27713304921724
2011-08-24 16:00:00,249.2955784451374
2011-08-24 17:00:00,280.20051955844065
2011-08-24 18:00:00,291.60539053216473
2011-08-24 19:00:00,327.75543971846304
2011-08-24 20:00:00,339.1587257765772
2011-08-24 21:00:00,349.21641203916585
2011-08-24 22:00:00,358.4957427845182
2011-08-24 23:00:00,357.46457713763186
2011-08-25 00:00:00,22.86743056112144
2011-08-25 01:00:00,29.22294299186538
2011-08-25 02:00:00,32.72284374351904
2011-08-25 03:00:00,31.50900397131818
2011-08-25 04:00:00,32.09103806031302
2011-08-25 05:00:00,31.118882410437717
2011-08-25 06:00:00,34.84585131871052
2011-08-25 07:00:00,43.62960272661803
2011-08-25 08:00:00,56.388879342975486
2011-08-25 09:00:00,71.81511396746694
2011-08-25 10:00:00,90.95283758925305
2011-08-25 11:00:00,67.55795533881282
2011-08-25 12:00:00,75.6490685006975
2011-08-25 13:00:00,84.70921797918044
2011-08-25 14:00:00,109.77974729717106
2011-08-25 15:00:00,142.64939538784142
2011-08-25 16:00:00,92.40903710452197
2011-08-25 17:00:00,103.47645281661286
2011-08-25 18:00:00,115.86936324634348
2011-08-25 19:00:00,175.10158647599937
2011-08-25 20:00:00,192.10419861614977
2011-08-25 21:00:00,215.11165646595097
2011-08-25 22:00:00,205.9216383051288
2011-08-25 23:00:00,230.58394890425265
2011-08-26 00:00:00,22.46317962328324
2011-08-26 01:00:00,24.854801147235364
2011-08-26 02:00:00,24.35939641900872
2011-08-26 03:00:00,26.432360434642277
2011-08-26 04:00:00,29.822541325144964
2011-08-26 05:00:00,32.99770320909484
2011-08-26 06:00:00,36.51091988453186
2011-08-26 07:00:00,47.31865132233894
2011-08-26 08:00:00,52.17545334543252
2011-08-26 09:00:00,74.50638689666283
2011-08-26 10:00:00,106.04768202409916
2011-08-26 11:00:00,131.84673887858946
2011-08-26 12:00:00,129.0551888317668
2011-08-26 13:00:00,174.42306057624288
2011-08-26 14:00:00,191.84479823525677
2011-08-26 15:00:00,212.27023027169585
2011-08-26 16:00:00,217.8862438026198
2011-08-26 17:00:00,165.4403883798659
2011-08-26 18:00:00,183.05458193642602
2011-08-26 19:00:00,170.3153479921186
2011-08-26 20:00:00,188.44857129124358
2011-08-26 21:00:00,208.5124120660826
2011-08-26 22:00:00,230.71242030496663
2011-08-26 23:00:00,220.2968942703679
2011-08-27 00:00:00,27.213950749604518
2011-08-27 01:00:00,29.558796892499053
2011-08-27 02:00:00,32.10568291870331
2011-08-27 03:00:00,34.872017268669396
2011-08-27 04:00:00,37.87670835302346
2011-08-27 05:00:00,41.14029379507538
2011-08-27 06:00:00,44.685080809299414
2011-08-27 07:00:00,48.53529867530102
2011-08-27 08:00:00,52.71726434945686
2011-08-27 09:00:00,57.259562346213976
2011-08-27 10:00:00,73.99067070123586
2011-08-27 11:00:00,62.141993696110084
2011-08-27 12:00:00,79.26424046447669
2011-08-27 13:00:00,86.09391581123955
2011-08-27 14:00:00,78.91551904731635
2011-08-27 15:00:00,85.71514737600761
2011-08-27 16:00:00,93.10065470500797
2011-08-27 17:00:00,101.12252235276814
2011-08-28 07:00:00,49.1453404064949
2011-08-28 08:00:00,52.66548965011806
2011-08-28 09:00:00,74.08277832888491
2011-08-28 10:00:00,113.93964084399204
2011-08-28 11:00:00,129.90416426172033
2011-08-28 12:00:00,166.27464816818676
2011-08-28 13:00:00,199.58256204935552
2011-08-28 14:00:00,224.30627989260503
2011-08-28 15:00:00,240.37273858376378
2011-08-28 16:00:00,282.0766064830752
2011-08-28 17:00:00,278.9960193282162
2011-08-28 18:00:00,284.76481576667794
2011-08-28 19:00:00,276.3594141122251
2011-08-28 20:00:00,306.1482080981536
2011-08-28 21:00:00,229.90964059240795
2011-08-28 22:00:00,200.9234180521674
2011-08-28 23:00:00,190.12689561644035
2011-08-29 00:00:00,21.352233650085047
2011-08-29 01:00:00,25.19358139809023
2011-08-29 02:00:00,28.17289257062796
2011-08-29 03:00:00,31.504527413331896
2011-08-29 04:00:00,33.180434682640076
2011-08-29 05:00:00,33.66296906543188
2011-08-29 06:00:00,37.643842536840445
2011-08-29 07:00:00,59.156812789786336
2011-08-29 08:00:00,72.8088598498548
2011-08-29 09:00:00,87.06101911882627
2011-08-29 10:00:00,113.78309051101765
2011-08-29 11:00:00,127.23870952162176
2011-08-29 12:00:00,153.6299012154176
2011-08-29 13:00:00,185.9194340532887
2011-08-29 14:00:00,202.09914298573338
2011-08-29 15:00:00,225.99873173984895
2011-08-29 16:00:00,261.8495957291641
2011-08-29 17:00:00,266.6422711658663
2011-08-29 18:00:00,278.23385084137254
2011-08-29 19:00:00,311.136883057853
2011-08-29 20:00:00,308.8229242693636
2011-08-29 21:00:00,345.3433210352331
2011-08-29 22:00:00,348.1494006523059
2011-08-29 23:00:00,353.7278457265858
2011-08-30 00:00:00,16.751005526914966
2011-08-30 01:00:00,20.8794781425258
2011-08-30 02:00:00,20.52321335340835
2011-08-30 03:00:00,23.208813277025612
2011-08-30 04:00:00,23.194257266512583
2011-08-30 05:00:00,26.2293811757498
2011-08-30 06:00:00,33.564150367605336
2011-08-30 07:00:00,43.66817951197454
2011-08-30 08:00:00,69.29608515200282
2011-08-30 09:00:00,94.08721415966335
2011-08-30 10:00:00,129.4066983786249
2011-08-30 11:00:00,154.2950742553977
2011-08-30 12:00:00,174.48561812878205
2011-08-30 13:00:00,204.7198089129019
2011-08-30 14:00:00,234.3006933953539
2011-08-30 15:00:00,261.80323976204954
2011-08-30 16:00:00,291.862722315915
2011-08-30 17:00:00,308.25654562282614
2011-08-30 18:00:00,325.44156252744733
2011-08-30 19:00:00,321.8150532871513
2011-08-30 20:00:00,363.92670839906026
2011-08-30 21:00:00,304.0853862404269
2011-08-30 22:00:00,359.2349235295895
2011-08-30 23:00:00,406.2432192861356
2011-08-31 00:00:00,21.496003814301964
2011-08-31 01:00:00,24.160843424357637
2011-08-31 02:00:00,23.203999087641314
2011-08-31 03:00:00,23.439266261451085
2011-08-31 04:00:00,29.313762205216907
2011-08-31 05:00:00,25.482836268587985
2011-08-31 06:00:00,32.706864321098536
2011-08-31 07:00:00,39.62697156313332
2011-08-31 08:00:00,56.64453933365267
2011-08-31 09:00:00,66.04997955126639
2011-08-31 10:00:00,125.51438889299992
2011-08-31 11:00:00,151.11053450587366
2011-08-31 12:00:00,173.33221002931037
2011-08-31 13:00:00,204.39833733607014
2011-08-31 14:00:00,223.900387008233
2011-08-31 15:00:00,251.65710984661297
2011-08-31 16:00:00,279.7590190757313
2011-08-31 17:00:00,294.3718602716658
2011-08-31 18:00:00,296.33438278519884
2011-08-31 19:00:00,404.47116906681987
2011-08-31 20:00:00,315.8249753336169
2011-08-31 21:00:00,329.22697822142294
2011-08-31 22:00:00,301.77229980177583
2011-08-31 23:00:00,257.0754765622954
2011-09-20 00:00:00,16.751005526914966
2011-09-20 01:00:00,12.989296764303793
2011-09-20 02:00:00,14.689033243058626
2011-09-20 03:00:00,18.736369753502057
2011-09-20 04:00:00,18.784877303404095
2011-09-20 05:00:00,21.243004312194568
2011-09-20 06:00:00,24.022793703642666
2011-09-20 07:00:00,27.16633715488597
2011-09-20 08:00:00,26.277997168805285
2011-09-20 09:00:00,29.71664909792137
2011-09-20 10:00:00,40.428818669477394
2011-09-20 11:00:00,45.719200368532974
2011-09-20 12:00:00,43.913587637480575
2011-09-20 13:00:00,49.6599746955965
2011-09-20 14:00:00,67.78797986691983
2011-09-20 15:00:00,103.6104227272023
2011-09-20 16:00:00,101.55494371420482
2011-09-20 17:00:00,114.84408827384716
2011-09-20 18:00:00,129.87220640452549
2011-09-20 19:00:00,125.36911624075725
2011-09-20 20:00:00,117.45175637124534
2011-09-20 21:00:00,132.82110533759243
2011-09-20 22:00:00,150.20163655397562
2011-09-20 23:00:00,169.85652668791056
2011-09-21 00:00:00,9.09765833015589
2011-09-21 01:00:00,12.1087486051411
2011-09-21 02:00:00,13.60985891336119
2011-09-21 03:00:00,15.29706047105089
2011-09-21 04:00:00,14.519346313521357
2011-09-21 05:00:00,16.31929617874443
2011-09-21 06:00:00,18.34238415551593
2011-09-21 07:00:00,20.616272468094063
2011-09-21 08:00:00,23.17205260096344
2011-09-21 09:00:00,26.40561813412967
2011-09-21 10:00:00,44.52285938748035
2011-09-21 11:00:00,57.608939388164515
2011-09-21 12:00:00,75.74139288669545
2011-09-21 13:00:00,95.53135917665475
2011-09-21 14:00:00,107.37429296730778
2011-09-21 15:00:00,120.68538425073189
2011-09-21 16:00:00,135.64663914649847
2011-09-21 17:00:00,152.46262690362815
2011-09-21 18:00:00,135.44347555995137
2011-09-21 19:00:00,111.7132933660475
2011-09-21 20:00:00,125.56228649534475
2011-09-21 21:00:00,123.21963568351958
2011-09-21 22:00:00,158.62364906867447
2011-09-21 23:00:00,179.54170566793312
2011-09-22 00:00:00,13.107781638855204
2011-09-22 01:00:00,14.677641827923471
2011-09-22 02:00:00,16.435517127490417
2011-09-22 03:00:00,18.403925263670683
2011-09-22 04:00:00,20.608080809593222
2011-09-22 05:00:00,23.076218174666717
2011-09-22 06:00:00,22.403455995951457
2011-09-22 07:00:00,25.086617390808097
2011-09-22 08:00:00,28.091128985926236
2011-09-22 09:00:00,36.02715244379033
2011-09-22 10:00:00,46.233229092567846
2011-09-22 11:00:00,51.7703754811946
2011-09-22 12:00:00,68.69317744029262
2011-09-22 13:00:00,76.9202510592529
2011-09-22 14:00:00,86.13264436866751
2011-09-22 15:00:00,107.84448975652444
2011-09-22 16:00:00,139.71748903811272
2011-09-22 17:00:00,139.64838114558196
2011-09-22 18:00:00,135.88806706405018
2011-09-22 19:00:00,127.96700816317227
2011-09-22 20:00:00,125.03393572479747
2011-09-22 21:00:00,160.4546072224022
2011-09-22 22:00:00,138.61768245262405
2011-09-22 23:00:00,175.55336760269333
2011-09-23 00:00:00,27.35599731873441
2011-09-23 01:00:00,26.427614302196147
2011-09-23 02:00:00,29.24132332522
2011-09-23 03:00:00,32.35460378801576
2011-09-23 04:00:00,35.799350618876545
2011-09-23 05:00:00,45.36781543096354
2011-09-23 06:00:00,50.198059666152595
2011-09-23 07:00:00,55.54257286381971
2011-09-23 08:00:00,61.456108480082364
2011-09-23 09:00:00,60.12300458173987
2011-09-23 10:00:00,66.52421199110061
2011-09-23 11:00:00,73.60694648951339
2011-09-23 12:00:00,92.11308090460014
2011-09-23 13:00:00,88.9870307402992
2011-09-23 14:00:00,98.46134834093385
2011-09-23 15:00:00,124.77813707212641
2011-09-23 16:00:00,138.06308084878708
2011-09-23 17:00:00,133.37762127743437
2011-09-23 18:00:00,147.57813942358385
2011-09-23 19:00:00,187.0228838029206
2011-09-23 20:00:00,208.38999403196866
2011-09-23 21:00:00,199.91216371230618
2011-09-23 22:00:00,255.12615755600092
2011-09-23 23:00:00,215.17892354992836
2011-09-24 00:00:00,26.581712135504834
2011-09-24 01:00:00,34.74371671281485
2011-09-24 02:00:00,37.73735298685155
2011-09-24 03:00:00,40.9889310986975
2011-09-24 04:00:00,43.74859510030989
2011-09-24 05:00:00,47.5181221866888
2011-09-24 06:00:00,51.61244449043103
2011-09-24 07:00:00,66.00196549503919
2011-09-24 08:00:00,69.54484629729527
2011-09-24 09:00:00,83.13005876921461
2011-09-24 10:00:00,90.29282611075612
2011-09-24 11:00:00,112.9018026995882
2011-09-24 12:00:00,122.62980430515492
2011-09-24 13:00:00,155.80458773561858
2011-09-24 14:00:00,189.903823637981
2011-09-24 15:00:00,206.2665800960783
2011-09-24 16:00:00,199.64834668973413
2011-09-24 17:00:00,243.34318373036103
2011-09-24 18:00:00,235.53531690569025
2011-09-24 19:00:00,193.72216520185117
2011-09-24 20:00:00,237.55124238148193
2011-09-24 21:00:00,258.01946177245384
2011-09-24 22:00:00,248.23601513797624
2011-09-24 23:00:00,264.4175711251617
2011-09-25 00:00:00,42.07505141463155
2011-09-25 01:00:00,45.088774774517894
2011-09-25 02:00:00,42.64693519699929
2011-09-25 03:00:00,45.70162106212603
2011-09-25 04:00:00,48.97510590287674
2011-09-25 05:00:00,59.46255267887131
2011-09-25 06:00:00,63.72169623358285
2011-09-25 07:00:00,60.2707672476456
2011-09-25 08:00:00,74.61815796429968
2011-09-25 09:00:00,93.66100690540175
2011-09-25 10:00:00,100.3696942374659
2011-09-25 11:00:00,123.7736083629879
2011-09-25 12:00:00,132.63918077037536
2011-09-25 13:00:00,159.2419781063081
2011-09-25 14:00:00,152.32086186481735
2011-09-25 15:00:00,163.23119766158817
2011-09-25 16:00:00,222.20544434369802
2011-09-25 17:00:00,210.00647188101053
2011-09-25 18:00:00,225.04867358382376
2011-09-25 19:00:00,187.06675384528376
2011-09-25 20:00:00,200.46584492103682
2011-09-25 21:00:00,157.6436830892152
2011-09-25 22:00:00,196.54293018771048
2011-09-25 23:00:00,181.03566032470934
2011-09-26 00:00:00,20.331240910012397
2011-09-26 01:00:00,26.451024112317775
2011-09-26 02:00:00,29.579036379317927
2011-09-26 03:00:00,28.430760494904693
2011-09-26 04:00:00,31.79288996144544
2011-09-26 05:00:00,41.362674452218066
2011-09-26 06:00:00,39.756950689643865
2011-09-26 07:00:00,44.458478650438906
2011-09-26 08:00:00,49.71599404947308
2011-09-26 09:00:00,63.713998322217485
2011-09-26 10:00:00,71.24860898550418
2011-09-26 11:00:00,105.56652221280936
2011-09-26 12:00:00,118.05047652263208
2011-09-26 13:00:00,152.36821929598858
2011-09-26 14:00:00,193.6610688786872
2011-09-26 15:00:00,267.8049391460367
2011-09-26 16:00:00,274.7542598557527
2011-09-26 17:00:00,270.8113828785394
2011-09-26 18:00:00,206.44949914606974
2011-09-26 19:00:00,237.83924383465947
2011-09-26 20:00:00,217.86711925895318
2011-09-26 21:00:00,243.63137771352962
2011-09-26 22:00:00,237.7264740424602
2011-09-26 23:00:00,265.8392353419067
2011-09-27 00:00:00,17.69131034069525
2011-09-27 01:00:00,20.00633678813848
2011-09-27 02:00:00,22.624299951356452
2011-09-27 03:00:00,25.584841128557944
2011-09-27 04:00:00,28.93278894732405
2011-09-27 05:00:00,32.71883816139923
2011-09-27 06:00:00,37.000317272588575
2011-09-27 07:00:00,41.84205660112193
2011-09-27 08:00:00,54.22727729328053
2011-09-27 09:00:00,61.32327971985086
2011-09-27 10:00:00,61.106722424614915
2011-09-27 11:00:00,79.13138459403422
2011-09-27 12:00:00,89.4862562587176
2011-09-27 13:00:00,153.3730605142949
2011-09-27 14:00:00,150.26974206945903
2011-09-27 15:00:00,149.73980055105758
2011-09-27 16:00:00,171.86347882228185
2011-09-27 17:00:00,165.49855719072875
2011-09-27 18:00:00,185.47848703586908
2011-09-27 19:00:00,209.7495893256794
2011-09-27 20:00:00,306.50851816030627
2011-09-27 21:00:00,300.42783814954845
2011-09-27 22:00:00,301.9910534142856
2011-09-27 23:00:00,341.50860536956026
2011-09-28 00:00:00,22.133019900104983
2011-09-28 01:00:00,24.876829802144
2011-09-28 02:00:00,27.960787267078075
2011-09-28 03:00:00,27.738269863059855
2011-09-28 04:00:00,35.323043494443596
2011-09-28 05:00:00,35.04193581799198
2011-09-28 06:00:00,39.38605202617225
2011-09-28 07:00:00,44.26870428236629
2011-09-28 08:00:00,49.40923401392053
2011-09-28 09:00:00,55.5344508235306
2011-09-28 10:00:00,62.4190050669929
2011-09-28 11:00:00,95.27382632134574
2011-09-28 12:00:00,119.73774072053943
2011-09-28 13:00:00,155.33543473316266
2011-09-28 14:00:00,245.39517980233754
2011-09-28 15:00:00,223.04149138666125
2011-09-28 16:00:00,250.6917377332691
2011-09-28 17:00:00,281.7697594156449
2011-09-28 18:00:00,215.90073964506377
2011-09-28 19:00:00,242.66575363634806
2011-09-28 20:00:00,257.7991924209055
2011-09-28 21:00:00,257.56226925781397
2011-09-28 22:00:00,289.4920243464039
2011-09-28 23:00:00,287.18819029744697
2011-09-29 00:00:00,20.966716750699035
2011-09-29 01:00:00,20.355454804095
2011-09-29 02:00:00,22.793336286084514
2011-09-29 03:00:00,29.43822980393485
2011-09-29 04:00:00,37.34764013886346
2011-09-29 05:00:00,41.820599410312816
2011-09-29 06:00:00,46.82926494244286
2011-09-29 07:00:00,52.43779587025072
2011-09-29 08:00:00,66.05796437310093
2011-09-29 09:00:00,85.34188368581933
2011-09-29 10:00:00,134.10222038256111
2011-09-29 11:00:00,156.8694894789573
2011-09-29 12:00:00,188.75317708096694
2011-09-29 13:00:00,204.19842551148102
2011-09-29 14:00:00,292.2191777490743
2011-09-29 15:00:00,354.93960121965466
2011-09-29 16:00:00,415.0212466070764
2011-09-29 17:00:00,417.01112120010583
2011-09-29 18:00:00,481.97348301792545
2011-09-29 19:00:00,467.8807738807631
2011-09-29 20:00:00,481.9865528049635
2011-09-29 21:00:00,478.1738220111282
2011-09-29 22:00:00,418.6360287552423
2011-09-29 23:00:00,360.0823184826701
2011-09-30 00:00:00,30.883789043002164
2011-09-30 01:00:00,38.81351874253196
2011-09-30 02:00:00,37.81017637585095
2011-09-30 03:00:00,41.83576995438346
2011-09-30 04:00:00,46.28996252961021
2011-09-30 05:00:00,51.218386403049905
2011-09-30 06:00:00,56.671532279899075
2011-09-30 07:00:00,62.70526653608915
2011-09-30 08:00:00,82.20643138000669
2011-09-30 09:00:00,102.98790663374183
2011-09-30 10:00:00,148.05409938069158
2011-09-30 11:00:00,202.30581348046223
2011-09-30 12:00:00,223.84501434403978
2011-09-30 13:00:00,298.3734250880313
2011-09-30 14:00:00,318.9757320674189
2011-09-30 15:00:00,339.07418952816863
2011-09-30 16:00:00,345.83176385753103
2011-09-30 17:00:00,382.65196046276594
2011-09-30 18:00:00,395.4040436959567
2011-09-30 19:00:00,378.8313829341942
2011-09-30 20:00:00,419.1650001944537
2011-09-30 21:00:00,422.4351928995806
2011-09-30 22:00:00,467.4112433410916
2011-09-30 23:00:00,517.1758273785671
2011-10-20 00:00:00,18.898904594811235
2011-10-20 01:00:00,24.91558000012097
2011-10-20 02:00:00,27.89960721444313
2011-10-20 03:00:00,32.39769397806474
2011-10-20 04:00:00,36.27782040945245
2011-10-20 05:00:00,38.91306168446399
2011-10-20 06:00:00,39.73992076905644
2011-10-20 07:00:00,46.2506133244876
2011-10-20 08:00:00,64.08128708041052
2011-10-20 09:00:00,71.7560152856461
2011-10-20 10:00:00,95.1536417125254
2011-10-20 11:00:00,118.84090997933694
2011-10-20 12:00:00,143.92618784039428
2011-10-20 13:00:00,176.18736444358058
2011-10-20 14:00:00,180.46542050511306
2011-10-20 15:00:00,195.748319820212
2011-10-20 16:00:00,219.19221771456193
2011-10-20 17:00:00,253.38170890853118
2011-10-20 18:00:00,258.8476581929318
2011-10-20 19:00:00,289.84868070204095
2011-10-20 20:00:00,324.5625565679073
2011-10-20 21:00:00,342.1416587673071
2011-10-20 22:00:00,383.1184299646864
2011-10-20 23:00:00,372.63704767487695
2011-10-21 00:00:00,32.53033553867848
2011-10-21 01:00:00,35.9937922692229
2011-10-21 02:00:00,35.626472442263804
2011-10-21 03:00:00,33.47718426440292
2011-10-21 04:00:00,37.04145057891297
2011-10-21 05:00:00,36.03278063590293
2011-10-21 06:00:00,45.348832607811424
2011-10-21 07:00:00,50.17705576988448
2011-10-21 08:00:00,73.08042205390117
2011-10-21 09:00:00,90.23598319615529
2011-10-21 10:00:00,122.09910091728904
2011-10-21 11:00:00,161.88905437292016
2011-10-21 12:00:00,179.12514264820663
2011-10-21 13:00:00,181.29580842861685
2011-10-21 14:00:00,239.02438433366078
2011-10-21 15:00:00,242.64633625239992
2011-10-21 16:00:00,268.4805329343275
2011-10-21 17:00:00,247.90535436487394
2011-10-21 18:00:00,249.76412641166888
2011-10-21 19:00:00,276.356143688604
2011-10-21 20:00:00,305.77937373022286
2011-10-21 21:00:00,303.84249288404834
2011-10-21 22:00:00,352.4495126094131
2011-10-21 23:00:00,333.33966274684553
2011-10-22 00:00:00,41.17847051329335
2011-10-22 01:00:00,44.72654696282517
2011-10-22 02:00:00,48.58033769301877
2011-10-22 03:00:00,52.76618408144303
2011-10-22 04:00:00,51.26925432552016
2011-10-22 05:00:00,55.68678687565969
2011-10-22 06:00:00,53.29658576542602
2011-10-22 07:00:00,52.9234069004045
2011-10-22 08:00:00,70.34274178682503
2011-10-22 09:00:00,85.73111557868387
2011-10-22 10:00:00,105.78955391790502
2011-10-22 11:00:00,114.90474008640106
2011-10-22 12:00:00,144.7445612547834
2011-10-22 13:00:00,197.19982595643253
2011-10-22 14:00:00,195.9267963207625
2011-10-22 15:00:00,206.14174764094724
2011-10-22 16:00:00,252.69229739571117
2011-10-22 17:00:00,218.81548291357922
2011-10-22 18:00:00,226.52777290506936
2011-10-22 19:00:00,207.33345550087867
2011-10-22 20:00:00,212.80666342426701
2011-10-22 21:00:00,190.60671169851554
2011-10-22 22:00:00,207.03003137188452
2011-10-22 23:00:00,193.2833633563245
2011-10-23 00:00:00,26.85588945964782
2011-10-23 01:00:00,28.77950496798018
2011-10-23 02:00:00,28.961090839676395
2011-10-23 03:00:00,31.4526970558046
2011-10-23 04:00:00,33.705569593365986
2011-10-23 05:00:00,34.362475915786995
2011-10-23 06:00:00,36.24380609485914
2011-10-23 07:00:00,40.929252176575496
2011-10-23 08:00:00,45.58372345684429
2011-10-23 09:00:00,66.68940757529637
2011-10-23 10:00:00,81.6445970900135
2011-10-23 11:00:00,95.93083693113996
2011-10-23 12:00:00,139.86809940489675
2011-10-23 13:00:00,167.22975726611574
2011-10-23 14:00:00,179.20797735132638
2011-10-23 15:00:00,199.29161783738556
2011-10-23 16:00:00,205.79977503375434
2011-10-23 17:00:00,186.59712382547568
2011-10-23 18:00:00,199.96257655941795
2011-10-23 19:00:00,152.97929857273996
2011-10-23 20:00:00,169.52614379387327
2011-10-23 21:00:00,181.66884790202278
2011-10-23 22:00:00,170.00467168691853
2011-10-23 23:00:00,182.1816514677323
2011-10-24 00:00:00,20.45994164205459
2011-10-24 01:00:00,19.95097922138596
2011-10-24 02:00:00,20.392909625225798
2011-10-24 03:00:00,24.948662989638105
2011-10-24 04:00:00,27.899010906053864
2011-10-24 05:00:00,27.18522005546608
2011-10-24 06:00:00,31.889324147903643
2011-10-24 07:00:00,29.844954826256927
2011-10-24 08:00:00,40.97612953829726
2011-10-24 09:00:00,53.828806416723715
2011-10-24 10:00:00,63.08899153281229
2011-10-24 11:00:00,93.5854010555931
2011-10-24 12:00:00,117.97803840759332
2011-10-24 13:00:00,148.36103844921035
2011-10-24 14:00:00,165.9057333632305
2011-10-24 15:00:00,207.9418278464752
2011-10-24 16:00:00,207.46481582674207
2011-10-24 17:00:00,206.30455722391213
2011-10-24 18:00:00,276.2576273635936
2011-10-24 19:00:00,180.47852976731537
2011-10-24 20:00:00,201.82133497006012
2011-10-24 21:00:00,195.09570583637216
2011-10-24 22:00:00,288.60404012675957
2011-10-24 23:00:00,296.2529809625608
2011-10-25 00:00:00,18.747665903518172
2011-10-25 01:00:00,21.200923551406383
2011-10-25 02:00:00,20.867162977729034
2011-10-25 03:00:00,20.521777396618337
2011-10-25 04:00:00,22.12338691944091
2011-10-25 05:00:00,25.018380271499918
2011-10-25 06:00:00,30.858658853397646
2011-10-25 07:00:00,40.59931016103522
2011-10-25 08:00:00,54.528617423221355
2011-10-25 09:00:00,88.0052938609867
2011-10-25 10:00:00,110.60607652982661
2011-10-25 11:00:00,137.0035244160637
2011-10-25 12:00:00,178.11595643789772
2011-10-25 13:00:00,216.3397709556152
2011-10-25 14:00:00,239.29461555449828
2011-10-25 15:00:00,276.66327565622464
2011-10-25 16:00:00,312.86651825647095
2011-10-25 17:00:00,353.8071976258854
2011-10-25 18:00:00,343.0355392512899
2011-10-25 19:00:00,254.45940754181012
2011-10-25 20:00:00,272.46660721872183
2011-10-25 21:00:00,269.72608892027415
2011-10-25 22:00:00,348.4403432946917
2011-10-25 23:00:00,344.9356674503235
2011-10-26 00:00:00,22.355126260061407
2011-10-26 01:00:00,27.149056705887226
2011-10-26 02:00:00,30.514700027803727
2011-10-26 03:00:00,34.29757902361762
2011-10-26 04:00:00,34.31809113684955
2011-10-26 05:00:00,38.57247299279857
2011-10-26 06:00:00,43.354266612532825
2011-10-26 07:00:00,48.72885474212389
2011-10-26 08:00:00,61.52268308923354
2011-10-26 09:00:00,82.04426523256576
2011-10-26 10:00:00,104.39324991789883
2011-10-26 11:00:00,122.62262147010141
2011-10-26 12:00:00,175.50656441300904
2011-10-26 13:00:00,169.52546414764396
2011-10-26 14:00:00,127.73963904959814
2011-10-26 15:00:00,143.575403355106
2011-10-26 16:00:00,161.37431264055436
2011-10-26 17:00:00,181.37973616415556
2011-10-26 18:00:00,203.86521344482568
2011-10-26 19:00:00,198.03937315259245
2011-10-26 20:00:00,195.11139425829097
2011-10-26 21:00:00,289.47176383764827
2011-10-26 22:00:00,237.36487177513922
2011-10-26 23:00:00,266.79077427341355
2011-10-27 00:00:00,16.40749492448606
2011-10-27 01:00:00,18.37254696715496
2011-10-27 02:00:00,20.572944475305935
2011-10-27 03:00:00,23.036873719287104
2011-10-27 04:00:00,30.622666834018055
2011-10-27 05:00:00,34.29020622934367
2011-10-27 06:00:00,45.487844939386
2011-10-27 07:00:00,36.21861946495817
2011-10-27 08:00:00,48.14501874596461
2011-10-27 09:00:00,63.86701592497811
2011-10-27 10:00:00,62.68742657089723
2011-10-27 11:00:00,70.1952183575011
2011-10-27 12:00:00,78.60218467709097
2011-10-27 13:00:00,88.01601562866722
2011-10-27 14:00:00,114.5366906329624
2011-10-27 15:00:00,128.2542361159692
2011-10-27 16:00:00,192.66502913144626
2011-10-27 17:00:00,191.7499489911711
2011-10-27 18:00:00,221.7632365856514
2011-10-27 19:00:00,222.39713622871665
2011-10-27 20:00:00,235.32981645075517
2011-10-27 21:00:00,266.3129038437319
2011-10-27 22:00:00,231.53539717279594
2011-10-27 23:00:00,258.9351964826398
2011-10-28 00:00:00,24.304995528671792
2011-10-28 01:00:00,25.30116016917553
2011-10-28 02:00:00,27.99493728605532
2011-10-28 03:00:00,27.70996252518923
2011-10-28 04:00:00,32.68835090782533
2011-10-28 05:00:00,37.99659745786601
2011-10-28 06:00:00,37.730342748032065
2011-10-28 07:00:00,41.747436558240196
2011-10-28 08:00:00,51.470915957987955
2011-10-28 09:00:00,63.386216228771175
2011-10-28 10:00:00,74.53773304636654
2011-10-28 11:00:00,96.83362311521603
2011-10-28 12:00:00,130.05301142042137
2011-10-28 13:00:00,141.49609118889393
2011-10-28 14:00:00,136.54639638517654
2011-10-28 15:00:00,152.19156892287438
2011-10-28 16:00:00,167.17001024782618
2011-10-28 17:00:00,177.68900669903357
2011-10-28 18:00:00,190.45532567282302
2011-10-28 19:00:00,217.5397803030428
2011-10-28 20:00:00,195.57996308135168
2011-10-28 21:00:00,186.24032048626097
2011-10-28 22:00:00,177.21112961564828
2011-10-28 23:00:00,175.6049770594299
2011-10-29 00:00:00,18.745719999438908
2011-10-29 01:00:00,21.609638733595784
2011-10-29 02:00:00,23.47159837701701
2011-10-29 03:00:00,27.797485810059467
2011-10-29 04:00:00,30.192611309609727
2011-10-29 05:00:00,23.675378248126474
2011-10-29 06:00:00,28.075489589149996
2011-10-29 07:00:00,30.494568835626207
2011-10-29 08:00:00,36.31310594055079
2011-10-29 09:00:00,39.44196610439367
2011-10-29 10:00:00,35.790908339599156
2011-10-29 11:00:00,38.87477418998546
2011-10-29 12:00:00,41.77359353487693
2011-10-29 13:00:00,45.37294779903217
2011-10-29 14:00:00,49.2824346139835
2011-10-29 15:00:00,49.78317957734357
2011-10-29 16:00:00,52.06546858025899
2011-10-29 17:00:00,56.551605646564546
2011-10-29 18:00:00,61.42428347254191
2011-10-29 19:00:00,77.35099087534768
2011-10-29 20:00:00,84.01581415925698
2011-10-29 21:00:00,91.2549011843682
2011-10-29 22:00:00,96.93656611993485
2011-10-29 23:00:00,109.07665967951952
2011-10-30 00:00:00,16.753946868274955
2011-10-30 01:00:00,17.953987256809253
2011-10-30 02:00:00,19.23998332763358
2011-10-30 03:00:00,24.974591226865062
2011-10-30 04:00:00,23.53311811760131
2011-10-30 05:00:00,28.68044900686873
2011-10-30 06:00:00,31.812736739029628
2011-10-30 07:00:00,38.414905835154855
2011-10-30 08:00:00,42.682417322893784
2011-10-30 09:00:00,54.794306499977864
2011-10-30 10:00:00,68.70651493918534
2011-10-30 11:00:00,88.93571894132648
2011-10-30 12:00:00,108.87659034411519
2011-10-30 13:00:00,132.4895001283312
2011-10-30 14:00:00,157.0936001379521
2011-10-30 15:00:00,171.98971720167157
2011-10-30 16:00:00,187.89309121445325
2011-10-30 17:00:00,186.06608133989556
2011-10-30 18:00:00,163.94528613996474
2011-10-30 19:00:00,304.3424466354548
2011-10-30 20:00:00,155.82370886594342
2011-10-30 21:00:00,141.2391172689218
2011-10-30 22:00:00,126.80642147992236
2011-10-30 23:00:00,102.78712801203585
2011-10-31 00:00:00,11.543526056207334
2011-10-31 01:00:00,14.108974872193667
2011-10-31 02:00:00,13.749071609178365
2011-10-31 03:00:00,14.574535791055428
2011-10-31 04:00:00,17.193188875165543
2011-10-31 05:00:00,16.749183327271638
2011-10-31 06:00:00,21.500051210714545
2011-10-31 07:00:00,21.940719388912246
2011-10-31 08:00:00,29.661354405205408
2011-10-31 09:00:00,41.670652567155024
2011-10-31 10:00:00,66.99403844203614
2011-10-31 11:00:00,95.06309237758634
2011-10-31 12:00:00,119.68596196610142
2011-10-31 13:00:00,142.27171342415306
2011-10-31 14:00:00,154.71456788805332
2011-10-31 15:00:00,173.0106105736778
2011-10-31 16:00:00,169.12715536454857
2011-10-31 17:00:00,189.12758387033114
2011-10-31 18:00:00,171.3327931065548
2011-10-31 19:00:00,191.59405317349953
2011-10-31 20:00:00,214.25134409978511
2011-10-31 21:00:00,178.96529669376227
2011-10-31 22:00:00,200.12915186429655
2011-10-31 23:00:00,223.79577586182748
2011-11-20 00:00:00,39.22828872576164
2011-11-20 01:00:00,46.99341302295701
2011-11-20 02:00:00,50.359425465637536
2011-11-20 03:00:00,51.146700396479645
2011-11-20 04:00:00,50.99835101182739
2011-11-20 05:00:00,61.323076776215984
2011-11-20 06:00:00,65.71548469413759
2011-11-20 07:00:00,70.42250903921314
2011-11-20 08:00:00,71.09513654116265
2011-11-20 09:00:00,79.20545931791236
2011-11-20 10:00:00,84.87873445249504
2011-11-20 11:00:00,123.20895460785842
2011-11-20 12:00:00,132.0340823775123
2011-11-20 13:00:00,164.71349856008734
2011-11-20 14:00:00,159.9754670249662
2011-11-20 15:00:00,157.96207261465148
2011-11-20 16:00:00,183.713446305543
2011-11-20 17:00:00,196.8723489340897
2011-11-20 18:00:00,218.60562019839804
2011-11-20 19:00:00,184.78912264599458
2011-11-20 20:00:00,223.23984756548776
2011-11-20 21:00:00,184.4583338432981
2011-11-20 22:00:00,151.82395045171748
2011-11-20 23:00:00,162.69869381346783
2011-11-21 00:00:00,16.022075975725155
2011-11-21 01:00:00,17.916794682345554
2011-11-21 02:00:00,16.863124908665196
2011-11-21 03:00:00,18.85730333254315
2011-11-21 04:00:00,21.087306824894444
2011-11-21 05:00:00,23.581023292966794
2011-11-21 06:00:00,25.498406641081868
2011-11-21 07:00:00,35.03559501632266
2011-11-21 08:00:00,39.17879077794423
2011-11-21 09:00:00,45.34705210706251
2011-11-21 10:00:00,70.18708607276749
2011-11-21 11:00:00,78.48718308558473
2011-11-21 12:00:00,95.33151887343026
2011-11-21 13:00:00,106.6051149051613
2011-11-21 14:00:00,103.20907692564707
2011-11-21 15:00:00,82.55863008603983
2011-11-21 16:00:00,92.32174574308549
2011-11-21 17:00:00,99.26784890428175
2011-11-21 18:00:00,125.29860481496354
2011-11-21 19:00:00,119.12265356076512
2011-11-21 20:00:00,152.4848639601642
2011-11-21 21:00:00,170.5172290955889
2011-11-21 22:00:00,190.68204320943963
2011-11-21 23:00:00,213.23148279722517
2011-11-22 00:00:00,11.876167920337288
2011-11-22 01:00:00,14.018739834334024
2011-11-22 02:00:00,13.475399693282585
2011-11-22 03:00:00,15.238745996018448
2011-11-22 04:00:00,19.422566973554975
2011-11-22 05:00:00,21.964139946676582
2011-11-22 06:00:00,24.83829476577642
2011-11-22 07:00:00,28.08855199290184
2011-11-22 08:00:00,31.764127147127336
2011-11-22 09:00:00,37.49467315780751
2011-11-22 10:00:00,42.40110226492095
2011-11-22 11:00:00,47.94957048201174
2011-11-22 12:00:00,47.876426651834514
2011-11-22 13:00:00,56.12527028561568
2011-11-22 14:00:00,63.469637807235664
2011-11-22 15:00:00,84.98636587499004
2011-11-22 16:00:00,96.1074010546238
2011-11-22 17:00:00,94.92484094589298
2011-11-22 18:00:00,107.34639215250897
2011-11-22 19:00:00,144.23106729635742
2011-11-22 20:00:00,141.60897607042253
2011-11-22 21:00:00,160.1394590298606
2011-11-22 22:00:00,222.84709214412226
2011-11-22 23:00:00,244.1437536745506
2011-11-23 00:00:00,15.82284742932806
2011-11-23 01:00:00,17.78439111613589
2011-11-23 02:00:00,20.632995799318618
2011-11-23 03:00:00,23.1908491080138
2011-11-23 04:00:00,31.14386064186908
2011-11-23 05:00:00,27.422051383352663
2011-11-23 06:00:00,25.941226794168916
2011-11-23 07:00:00,30.07689861255455
2011-11-23 08:00:00,40.3013434472567
2011-11-23 09:00:00,48.10903095602382
2011-11-23 10:00:00,54.07306280122237
2011-11-23 11:00:00,94.4405680037901
2011-11-23 12:00:00,129.6899098806761
2011-11-23 13:00:00,130.96471362453522
2011-11-23 14:00:00,138.58596796065825
2011-11-23 15:00:00,155.76634157846323
2011-11-23 16:00:00,149.65078341139406
2011-11-23 17:00:00,140.24042117233012
2011-11-23 18:00:00,198.76979160661372
2011-11-23 19:00:00,210.47994626205565
2011-11-23 20:00:00,199.47560926649285
2011-11-23 21:00:00,232.39205637132378
2011-11-23 22:00:00,233.96444226205972
2011-11-23 23:00:00,262.96879667465555
2011-11-24 00:00:00,21.365353182607326
2011-11-24 01:00:00,23.23643019608913
2011-11-24 02:00:00,23.887716717225214
2011-11-24 03:00:00,24.577206065545987
2011-11-24 04:00:00,31.26068225284251
2011-11-24 05:00:00,34.8720651965735
2011-11-24 06:00:00,38.90065230305384
2011-11-24 07:00:00,31.572301432504297
2011-11-24 08:00:00,46.08256830877214
2011-11-24 09:00:00,60.64805630459199
2011-11-24 10:00:00,76.82638341953707
2011-11-24 11:00:00,120.51559292663995
2011-11-24 12:00:00,157.61167812608954
2011-11-24 13:00:00,190.2839383742941
2011-11-24 14:00:00,227.71089079269757
2011-11-24 15:00:00,254.01713774083507
2011-11-24 16:00:00,278.77216352564625
2011-11-24 17:00:00,294.65851448417675
2011-11-24 18:00:00,238.27373550500926
2011-11-24 19:00:00,239.63019243833685
2011-11-24 20:00:00,171.8052738530377
2011-11-24 21:00:00,205.66580147511976
2011-11-24 22:00:00,229.42529467966995
2011-11-24 23:00:00,229.48984134470638
2011-11-25 00:00:00,21.727134998648346
2011-11-25 01:00:00,24.959070226562016
2011-11-25 02:00:00,20.875739784263253
2011-11-25 03:00:00,25.114267018672564
2011-11-25 04:00:00,30.117469405182934
2011-11-25 05:00:00,32.28711578475255
2011-11-25 06:00:00,29.60276600208698
2011-11-25 07:00:00,34.46799623692478
2011-11-25 08:00:00,36.24185498073032
2011-11-25 09:00:00,53.111184149999346
2011-11-25 10:00:00,67.97079721190504
2011-11-25 11:00:00,93.82343128560866
2011-11-25 12:00:00,149.48258241848
2011-11-25 13:00:00,198.19633175958288
2011-11-25 14:00:00,244.82450057568812
2011-11-25 15:00:00,276.628509617312
2011-11-25 16:00:00,282.4139965342952
2011-11-25 17:00:00,323.13143345396344
2011-11-25 18:00:00,293.99542728449427
2011-11-25 19:00:00,220.06074219803764
2011-11-25 20:00:00,258.7214697044547
2011-11-25 21:00:00,214.61846751735652
2011-11-25 22:00:00,220.23697615234346
2011-11-25 23:00:00,227.07699281241725
2011-11-26 00:00:00,28.051517109366046
2011-11-26 01:00:00,28.803086089681003
2011-11-26 02:00:00,27.5415441521415
2011-11-26 03:00:00,30.52408113762489
2011-11-26 04:00:00,33.1541393228371
2011-11-26 05:00:00,38.452066871817024
2011-11-26 06:00:00,41.7652271520094
2011-11-26 07:00:00,33.40061846449436
2011-11-26 08:00:00,51.36947586169168
2011-11-26 09:00:00,59.021845361904035
2011-11-26 10:00:00,63.71546285408408
2011-11-26 11:00:00,102.215547478859
2011-11-26 12:00:00,142.63492051747545
2011-11-26 13:00:00,187.42883304479543
2011-11-26 14:00:00,195.9267963207625
2011-11-26 15:00:00,238.9452358267267
2011-11-26 16:00:00,219.76240190419662
2011-11-26 17:00:00,238.6978745667159
2011-11-26 18:00:00,193.30806717171225
2011-11-26 19:00:00,174.6087645626179
2011-11-26 20:00:00,240.0009903173718
2011-11-26 21:00:00,163.8340459667558
2011-11-26 22:00:00,196.1574300409268
2011-11-26 23:00:00,186.5872257705911
2011-11-27 00:00:00,29.690413856403598
2011-11-27 01:00:00,31.817058763428495
2011-11-27 02:00:00,32.35299091707231
2011-11-27 03:00:00,31.4526970558046
2011-11-27 04:00:00,33.25848585329958
2011-11-27 05:00:00,37.040638201492335
2011-11-27 06:00:00,46.57914265828806
2011-11-27 07:00:00,45.76410632811898
2011-11-27 08:00:00,56.2815758196135
2011-11-27 09:00:00,83.53542295772601
2011-11-27 10:00:00,89.5188418028932
2011-11-27 11:00:00,123.20895460785842
2011-11-27 12:00:00,162.74105143753485
2011-11-27 13:00:00,164.71349856008734
2011-11-27 14:00:00,277.36482331679923
2011-11-27 15:00:00,297.2317235138579
2011-11-27 16:00:00,238.62354405289807
2011-11-27 17:00:00,229.99373782711902
2011-11-27 18:00:00,199.96257655941795
2011-11-27 19:00:00,190.85502992278546
2011-11-27 20:00:00,229.63404798895507
2011-11-27 21:00:00,219.1750769284544
2011-11-27 22:00:00,216.26657208612914
2011-11-27 23:00:00,231.75716801756676
2011-11-28 00:00:00,22.657267722397943
2011-11-28 01:00:00,25.336642671036053
2011-11-28 03:00:00,24.492104892625637
2011-11-28 04:00:00,30.782727615534494
2011-11-28 05:00:00,28.516996671044723
2011-11-28 06:00:00,36.669190707427575
2011-11-28 07:00:00,36.64286343029113
2011-11-28 08:00:00,36.30235838870218
2011-11-28 09:00:00,47.89335834499771
2011-11-28 10:00:00,72.74462277865057
2011-11-28 11:00:00,105.5017444998716
2011-11-28 12:00:00,148.70215652418776
2011-11-28 13:00:00,185.62366996881812
2011-11-28 14:00:00,222.97768365307493
2011-11-28 15:00:00,218.3896735021194
2011-11-28 16:00:00,232.53235355029096
2011-11-28 17:00:00,290.26821037037723
2011-11-28 18:00:00,272.4759821331985
2011-11-28 19:00:00,246.67458079394825
2011-11-28 20:00:00,275.84551615751553
2011-11-28 21:00:00,284.36540351688814
2011-11-28 22:00:00,268.3833526053195
2011-11-28 23:00:00,300.1214968693484
2011-11-29 00:00:00,19.972757347879107
2011-11-29 01:00:00,22.58632641643738
2011-11-29 02:00:00,21.978463935990433
2011-11-29 03:00:00,24.854493145028407
2011-11-29 04:00:00,32.66392154757669
2011-11-29 05:00:00,31.78484223175736
2011-11-29 06:00:00,41.77182721056198
2011-11-29 07:00:00,53.65428647880447
2011-11-29 08:00:00,63.29382419393325
2011-11-29 09:00:00,81.04202474988548
2011-11-29 10:00:00,91.6469164756705
2011-11-29 11:00:00,66.47609613907058
2011-11-29 12:00:00,71.37385483891308
2011-11-29 13:00:00,88.0641147845819
2011-11-29 14:00:00,69.34376930480396
2011-11-29 15:00:00,89.76475848149715
2011-11-29 16:00:00,101.51107833746633
2011-11-29 17:00:00,114.7944828187696
2011-11-29 18:00:00,142.02184234607086
2011-11-29 19:00:00,160.60635162289168
2011-11-29 20:00:00,158.26059975987582
2011-11-29 21:00:00,178.97005920503426
2011-11-29 22:00:00,220.74874320588611
2011-11-29 23:00:00,247.05565450933116
2011-11-30 00:00:00,19.266489597645016
2011-11-30 01:00:00,18.901536478408513
2011-11-30 02:00:00,19.93346480861523
2011-11-30 03:00:00,22.40459791068077
2011-11-30 04:00:00,21.655575776317338
2011-11-30 05:00:00,21.119849682646745
2011-11-30 06:00:00,21.15210411951076
2011-11-30 07:00:00,25.923827475511914
2011-11-30 08:00:00,29.988442051082668
2011-11-30 09:00:00,38.845573464057516
2011-11-30 10:00:00,55.457442160898346
2011-11-30 11:00:00,86.52944013014317
2011-11-30 12:00:00,86.88953704431766
2011-11-30 13:00:00,121.97547784857443
2011-11-30 14:00:00,137.09666444838743
2011-11-30 15:00:00,132.6699276336929
2011-11-30 16:00:00,149.1168952317476
2011-11-30 17:00:00,149.42445858581814
2011-11-30 18:00:00,167.94846981090387
2011-11-30 19:00:00,166.57000311520204
2011-11-30 20:00:00,187.21953155700302
2011-11-30 21:00:00,214.78005287883718
2011-11-30 22:00:00,219.58169853709867
2011-11-30 23:00:00,243.90211031719593
2011-12-20 00:00:00,19.473060751394403
2011-12-20 01:00:00,23.504889188097177
2011-12-20 02:00:00,22.853395488956977
2011-12-20 03:00:00,25.843915351644327
2011-12-20 04:00:00,33.30196300592138
2011-12-20 05:00:00,36.75333358224596
2011-12-20 06:00:00,41.56275344069944
2011-12-20 07:00:00,44.24793269691142
2011-12-20 08:00:00,65.82722890152046
2011-12-20 09:00:00,53.73406086216313
2011-12-20 10:00:00,80.29923012697304
2011-12-20 11:00:00,81.37280955555927
2011-12-20 12:00:00,114.34713027716901
2011-12-20 13:00:00,129.31021812555502
2011-12-20 14:00:00,139.3720269832634
2011-12-20 15:00:00,165.36667467294643
2011-12-20 16:00:00,187.006011614145
2011-12-20 17:00:00,170.1863634143503
2011-12-20 18:00:00,172.16247074477133
2011-12-20 19:00:00,194.69108311750833
2011-12-20 20:00:00,207.8418419881909
2011-12-20 21:00:00,230.62156314733699
2011-12-20 22:00:00,265.795810769688
2011-12-20 23:00:00,335.6000406086698
2011-12-21 00:00:00,9.806465670394646
2011-12-21 01:00:00,12.75734514785827
2011-12-21 02:00:00,13.640429161801075
2011-12-21 03:00:00,15.33142048477161
2011-12-21 04:00:00,17.232042430095955
2011-12-21 05:00:00,17.233302078868338
2011-12-21 06:00:00,16.913503740563446
2011-12-21 07:00:00,18.80213505647785
2011-12-21 08:00:00,19.19547629736304
2011-12-21 09:00:00,26.451273804079918
2011-12-21 10:00:00,39.34968764668714
2011-12-21 11:00:00,44.22783184456097
2011-12-21 12:00:00,42.08209575180531
2011-12-21 13:00:00,39.967540576319045
2011-12-21 14:00:00,55.339269946517696
2011-12-21 15:00:00,62.19962779809793
2011-12-21 16:00:00,49.56624008400346
2011-12-21 17:00:00,55.710920790167975
2011-12-21 18:00:00,62.61735185134675
2011-12-21 19:00:00,89.33842218562836
2011-12-21 20:00:00,100.41362333449221
2011-12-21 21:00:00,130.22334729952073
2011-12-21 22:00:00,146.3670146079029
2011-12-21 23:00:00,164.51199734526304
2011-12-22 00:00:00,13.702023164020758
2011-12-22 01:00:00,10.513370446393939
2011-12-22 02:00:00,16.457580991551293
2011-12-22 03:00:00,21.614622211975522
2011-12-22 04:00:00,16.211350282599227
2011-12-22 05:00:00,18.152910961658286
2011-12-22 06:00:00,17.749416800494437
2011-12-22 07:00:00,17.05182422557306
2011-12-22 08:00:00,22.25554650397507
2011-12-22 09:00:00,26.166422219188625
2011-12-22 10:00:00,33.62551282280687
2011-12-22 11:00:00,45.46994291444675
2011-12-22 12:00:00,79.02143606376902
2011-12-22 13:00:00,75.12487473408495
2011-12-22 14:00:00,84.12224387732631
2011-12-22 15:00:00,105.40308298475908
2011-12-22 16:00:00,105.47876201647458
2011-12-22 17:00:00,105.32388660726131
2011-12-22 18:00:00,126.61460202666949
2011-12-22 19:00:00,141.77866476076272
2011-12-22 20:00:00,131.64774890479177
2011-12-22 21:00:00,147.4146090555182
2011-12-22 22:00:00,96.69880742919112
2011-12-22 23:00:00,133.75021986676512
2011-12-23 00:00:00,13.029767370183862
2011-12-23 01:00:00,14.417027438314246
2011-12-23 02:00:00,13.350541118850341
2011-12-23 03:00:00,14.771953493755419
2011-12-23 04:00:00,16.344701542738946
2011-12-23 05:00:00,17.316273675094653
2011-12-23 06:00:00,24.860530465976975
2011-12-23 07:00:00,27.50739438980326
2011-12-23 08:00:00,35.40972466080809
2011-12-23 09:00:00,45.50771687089574
2011-12-23 10:00:00,53.128925715126876
2011-12-23 11:00:00,61.806302670068206
2011-12-23 12:00:00,71.645717644931
2011-12-23 13:00:00,82.75675497728636
2011-12-23 14:00:00,87.71388824594585
2011-12-23 15:00:00,91.38671163016319
2011-12-23 16:00:00,105.53131983219176
2011-12-23 17:00:00,102.2129493217263
2011-12-23 18:00:00,114.19506230934633
2011-12-23 19:00:00,117.76680363657294
2011-12-23 20:00:00,109.2585581485613
2011-12-23 21:00:00,120.89115530204835
2011-12-23 22:00:00,128.8801707990169
2011-12-23 23:00:00,145.923158185194
2011-12-24 00:00:00,16.72580071177392
2011-12-24 01:00:00,20.010579387588237
2011-12-24 02:00:00,21.266585090572462
2011-12-24 03:00:00,21.921385901874782
2011-12-24 04:00:00,24.518224727059458
2011-12-24 05:00:00,26.630797988135924
2011-12-24 06:00:00,24.22187550069232
2011-12-24 07:00:00,26.68120321405822
2011-12-24 08:00:00,28.079027923632676
2011-12-24 09:00:00,42.349332189943745
2011-12-24 10:00:00,46.36531217887623
2011-12-24 11:00:00,56.24690715369984
2011-12-24 12:00:00,66.12420859262627
2011-12-24 13:00:00,70.31230960066743
2011-12-24 14:00:00,76.3706562730089
2011-12-24 15:00:00,79.99334396633115
2011-12-24 16:00:00,86.30355021107086
2011-12-24 17:00:00,81.43276130670966
2011-12-24 18:00:00,98.40989113596369
2011-12-24 19:00:00,96.53672999270617
2011-12-24 20:00:00,87.51322041242032
2011-12-24 21:00:00,92.49663803782559
2011-12-24 22:00:00,108.14618688335086
2011-12-24 23:00:00,106.37203671194077
2011-12-25 00:00:00,15.195514293803894
2011-12-25 01:00:00,14.173169186704213
2011-12-25 02:00:00,14.925560437539769
2011-12-25 03:00:00,17.139483595523348
2011-12-25 05:00:00,16.925342803593114
2011-12-25 06:00:00,18.137659824399766
2011-12-25 07:00:00,19.092013562156883
2011-12-25 08:00:00,18.769354703910388
2011-12-25 09:00:00,20.294294416483094
2011-12-25 10:00:00,24.304979949738783
2011-12-25 11:00:00,35.95934609915128
2011-12-25 12:00:00,34.18879161518886
2011-12-25 13:00:00,42.730147233409824
2011-12-25 14:00:00,54.514562447797296
2011-12-25 15:00:00,59.797024830091225
2011-12-25 16:00:00,72.90943931844356
2011-12-25 17:00:00,68.67001368803464
2011-12-25 18:00:00,61.8725383067756
2011-12-25 19:00:00,79.70569822074907
2011-12-25 20:00:00,93.1934100568838
2011-12-25 21:00:00,85.31232050216553
2011-12-25 22:00:00,79.23539436375268
2011-12-25 23:00:00,78.51465300156079
2011-12-26 00:00:00,8.75560868303897
2011-12-26 01:00:00,14.473203156746822
2011-12-26 02:00:00,21.14050625065142
2011-12-26 04:00:00,24.9169113437384
2011-12-26 05:00:00,28.482040697338388
2011-12-26 06:00:00,29.27572693805687
2011-12-26 07:00:00,32.89170784563412
2011-12-26 08:00:00,36.92488720689017
2011-12-26 09:00:00,39.80255091180575
2011-12-26 10:00:00,44.48580028989089
2011-12-26 11:00:00,46.88802455916885
2011-12-26 12:00:00,57.732983580835814
2011-12-26 13:00:00,74.99424889270475
2011-12-26 14:00:00,82.3590445497786
2011-12-26 15:00:00,90.44709853494189
2011-12-26 16:00:00,85.80863072090699
2011-12-26 17:00:00,86.17186291308867
2011-12-26 18:00:00,90.52032457384033
2011-12-26 19:00:00,78.1290377418227
2011-12-26 20:00:00,95.56596814217222
2011-12-26 21:00:00,81.17444490003194
2011-12-26 22:00:00,89.14616550650757
2011-12-26 23:00:00,92.83635576006533
2011-12-27 00:00:00,6.991227286629444
2011-12-27 01:00:00,8.137205177357936
2011-12-27 02:00:00,9.202012974580455
2011-12-27 03:00:00,12.72422753528113
2011-12-27 04:00:00,13.69702875947455
2011-12-27 05:00:00,15.261906240453188
2011-12-27 06:00:00,17.910396517943617
2011-12-27 07:00:00,19.808386037880894
2011-12-27 08:00:00,22.98604225172631
2011-12-27 09:00:00,27.854886348103673
2011-12-27 10:00:00,31.49988478770775
2011-12-27 11:00:00,35.62185568588444
2011-12-27 12:00:00,30.97893645247901
2011-12-27 13:00:00,31.343600527339355
2011-12-27 14:00:00,54.20085830372516
2011-12-27 15:00:00,61.293403628568306
2011-12-27 16:00:00,64.73970094002993
2011-12-27 17:00:00,68.16679533569427
2011-12-27 18:00:00,73.48683104409902
2011-12-27 19:00:00,73.15289014913336
2011-12-27 20:00:00,72.33231317957643
2011-12-27 21:00:00,90.19549252353876
2011-12-27 22:00:00,101.99817681379437
2011-12-27 23:00:00,97.66994921079734
2011-12-28 00:00:00,7.340743715676458
2011-12-28 01:00:00,9.704476307834645
2011-12-28 02:00:00,12.939086356780576
2011-12-28 03:00:00,14.543132864184843
2011-12-28 05:00:00,18.77879522022726
2011-12-28 06:00:00,21.649205871056417
2011-12-28 07:00:00,24.333037797670467
2011-12-28 08:00:00,26.664338085400612
2011-12-28 09:00:00,30.740084113835987
2011-12-28 10:00:00,36.71991788333145
2011-12-28 11:00:00,49.363609976240916
2011-12-28 12:00:00,49.85137995631301
2011-12-28 13:00:00,60.140277926193605
2011-12-28 14:00:00,65.18564418047696
2011-12-28 15:00:00,75.40191605684247
2011-12-28 16:00:00,80.20333495606734
2011-12-28 17:00:00,85.64380834910196
2011-12-28 18:00:00,87.39081866688726
2011-12-28 19:00:00,92.55959525396858
2011-12-28 20:00:00,104.03412223369438
2011-12-28 21:00:00,110.49645033793529
2011-12-28 22:00:00,127.40260574458509
2011-12-28 23:00:00,135.96832897649867
2011-12-29 00:00:00,9.839105049088836
2011-12-29 01:00:00,10.719075065266944
2011-12-29 02:00:00,11.547065777255014
2011-12-29 03:00:00,11.583424433570341
2011-12-29 04:00:00,13.378341943346681
2011-12-29 05:00:00,15.439535904926386
2011-12-29 06:00:00,17.447967048558876
2011-12-29 07:00:00,16.483940012930894
2011-12-29 08:00:00,20.562192075764717
2011-12-29 09:00:00,20.96974632654975
2011-12-29 10:00:00,24.70962928066383
2011-12-29 11:00:00,31.599592368838596
2011-12-29 12:00:00,39.15152633641551
2011-12-29 13:00:00,48.47832633871853
2011-12-29 14:00:00,60.18656385873317
2011-12-29 15:00:00,65.86338357061709
2011-12-29 16:00:00,72.00205113190609
2011-12-29 17:00:00,72.68622193203372
2011-12-29 18:00:00,86.31974301242496
2011-12-29 19:00:00,99.0478231289727
2011-12-29 20:00:00,91.73952536487994
2011-12-29 21:00:00,107.92052297158764
2011-12-29 22:00:00,115.02987934532058
2011-12-29 23:00:00,136.4124467298739
2011-12-30 00:00:00,11.769340031485386
2011-12-30 01:00:00,13.491178113270287
2011-12-30 02:00:00,12.90054027796317
2011-12-30 03:00:00,14.274041728639734
2011-12-30 04:00:00,15.79377784812574
2011-12-30 05:00:00,15.989457849225923
2011-12-30 06:00:00,19.335889299307052
2011-12-30 07:00:00,20.014838849570943
2011-12-30 08:00:00,22.1457891510791
2011-12-30 09:00:00,27.27028950728266
2011-12-30 10:00:00,35.61879729672989
2011-12-30 11:00:00,42.35029209528326
2011-12-30 12:00:00,53.48372702739682
2011-12-30 13:00:00,68.19455000197964
2011-12-30 14:00:00,94.34843741444924
2011-12-30 15:00:00,114.06996962447275
2011-12-30 16:00:00,122.74482633463953
2011-12-30 17:00:00,111.8822460655433
2011-12-30 18:00:00,101.9241557879844
2011-12-30 19:00:00,117.31969821849735
2011-12-30 20:00:00,114.17861892610868
2011-12-30 21:00:00,133.96939076834786
2011-12-30 22:00:00,128.07112152274607
2011-12-30 23:00:00,157.2664217246597
2011-12-31 00:00:00,23.055464294898112
2011-12-31 01:00:00,26.55933715647799
2011-12-31 02:00:00,28.8477795756702
2011-12-31 03:00:00,31.333401942355206
2011-12-31 04:00:00,28.37543715127718
2011-12-31 05:00:00,26.16945529260258
2011-12-31 06:00:00,35.40632373081522
2011-12-31 07:00:00,33.715471820290375
2011-12-31 08:00:00,29.408772236277933
2011-12-31 09:00:00,39.77585826021413
2011-12-31 10:00:00,45.59773845885156
2011-12-31 11:00:00,56.58030367102844
2011-12-31 12:00:00,120.36034725475257
2011-12-31 13:00:00,120.27072244718286
2011-12-31 14:00:00,106.14207915323581
2011-12-31 15:00:00,120.14621560215595
2011-12-31 16:00:00,117.88494942344332
2011-12-31 17:00:00,116.5973713558292
2011-12-31 18:00:00,126.64379566999574
2011-12-31 19:00:00,137.555853920216
2011-12-31 20:00:00,149.4081320574529
2011-12-31 21:00:00,145.84215611667346
2011-12-31 22:00:00,142.0585467302104
2011-12-31 23:00:00,138.19624026379955
2012-01-20 00:00:00,20.490509008894453
2012-01-20 01:00:00,24.528448163040647
2012-01-20 02:00:00,27.139955775038178
2012-01-20 03:00:00,27.265036095178147
2012-01-20 04:00:00,26.049536871354686
2012-01-20 05:00:00,28.822992549282908
2012-01-20 06:00:00,30.651077162425338
2012-01-20 07:00:00,29.460173469915024
2012-01-20 08:00:00,34.83806178939186
2012-01-20 09:00:00,46.49547544731262
2012-01-20 10:00:00,54.86235715344711
2012-01-20 11:00:00,65.71519978217793
2012-01-20 12:00:00,70.92249020989968
2012-01-20 13:00:00,85.49757360100953
2012-01-20 14:00:00,91.4136036411586
2012-01-20 15:00:00,103.42896963242164
2012-01-20 16:00:00,107.37101855129065
2012-01-20 17:00:00,136.25854336038455
2012-01-20 18:00:00,139.08567895670149
2012-01-20 19:00:00,148.87007190583256
2012-01-20 20:00:00,170.27878429636664
2012-01-20 21:00:00,182.25754838590794
2012-01-20 22:00:00,192.43979818907724
2012-01-20 23:00:00,131.93702411049853
2012-01-21 00:00:00,16.29858508938342
2012-01-21 01:00:00,12.133324558559723
2012-01-21 02:00:00,16.28153175447826
2012-01-21 03:00:00,14.755511324649847
2012-01-21 04:00:00,18.608434535296666
2012-01-21 05:00:00,19.41783625839232
2012-01-21 06:00:00,18.21017535182689
2012-01-21 07:00:00,19.779225719707956
2012-01-21 08:00:00,20.50901374992523
2012-01-21 09:00:00,22.276139818042388
2012-01-21 10:00:00,24.195527451669044
2012-01-21 11:00:00,34.810143812898325
2012-01-21 12:00:00,41.78641064483624
2012-01-21 13:00:00,43.74678480294003
2012-01-21 14:00:00,47.51615590796785
2012-01-21 15:00:00,51.6103087904776
2012-01-21 16:00:00,53.907360853904876
2012-01-21 17:00:00,58.55220159514635
2012-01-21 18:00:00,68.30603076451371
2012-01-21 19:00:00,62.588415304633635
2012-01-21 20:00:00,70.98390189883335
2012-01-21 21:00:00,80.71035793691668
2012-01-21 22:00:00,91.36871065408806
2012-01-21 23:00:00,86.22242958336095
2012-01-22 00:00:00,13.116549816329103
2012-01-22 01:00:00,16.92274373248338
2012-01-22 02:00:00,18.134874588780335
2012-01-22 03:00:00,20.87805311605235
2012-01-22 04:00:00,17.297953610824152
2012-01-22 05:00:00,21.19484479114796
2012-01-22 06:00:00,22.71297481615455
2012-01-22 07:00:00,24.339844433054214
2012-01-22 08:00:00,26.083242367878533
2012-01-22 09:00:00,27.951515232265756
2012-01-22 10:00:00,28.696884801228727
2012-01-22 11:00:00,29.365416600842643
2012-01-22 12:00:00,31.46878282399071
2012-01-22 13:00:00,36.6820851583657
2012-01-22 14:00:00,37.73447018005594
2012-01-22 15:00:00,38.726770472180725
2012-01-22 16:00:00,41.50066542657601
2012-01-22 17:00:00,48.375908017196416
2012-01-22 18:00:00,47.515582271531564
2012-01-22 19:00:00,50.918996300409475
2012-01-22 20:00:00,52.312812991853086
2012-01-22 21:00:00,58.47461780691356
2012-01-22 22:00:00,58.857402650099274
2012-01-22 23:00:00,60.54808982182606
2012-01-23 00:00:00,8.813320967933992
2012-01-23 01:00:00,9.207256993382625
2012-01-23 02:00:00,10.296077324059793
2012-01-23 03:00:00,12.324354362485384
2012-01-23 04:00:00,15.703738392421947
2012-01-23 05:00:00,16.12284814806819
2012-01-23 06:00:00,18.02948384474248
2012-01-23 07:00:00,20.161592091083385
2012-01-23 08:00:00,20.428760816994743
2012-01-23 09:00:00,23.66586456470196
2012-01-23 10:00:00,25.41992401739172
2012-01-23 11:00:00,26.71610778128321
2012-01-23 12:00:00,33.262375045116414
2012-01-23 13:00:00,36.21308185374225
2012-01-23 14:00:00,38.05961800810605
2012-01-23 15:00:00,36.98770177778965
2012-01-23 16:00:00,50.26337113060122
2012-01-23 17:00:00,55.320626878364614
2012-01-23 18:00:00,62.85425357549751
2012-01-23 19:00:00,74.29359427259647
2012-01-23 20:00:00,74.60027261216051
2012-01-23 21:00:00,81.08570825401425
2012-01-23 22:00:00,90.67464095544544
2012-01-23 23:00:00,119.57527953980076
2012-01-24 00:00:00,7.730993167676759
2012-01-24 01:00:00,10.332167667330825
2012-01-24 02:00:00,11.684201007352423
2012-01-24 03:00:00,13.674789020845012
2012-01-24 04:00:00,13.083183819835012
2012-01-24 05:00:00,14.795206048624271
2012-01-24 06:00:00,19.467615806324623
2012-01-24 07:00:00,22.364074623075314
2012-01-24 08:00:00,25.290563573185434
2012-01-24 09:00:00,31.53631810471964
2012-01-24 10:00:00,32.342505173424605
2012-01-24 11:00:00,41.830007300976305
2012-01-24 12:00:00,47.30374391706795
2012-01-24 13:00:00,53.49375563028687
2012-01-24 14:00:00,70.22407607836885
2012-01-24 15:00:00,106.57769611057435
2012-01-24 16:00:00,120.52410146168046
2012-01-24 17:00:00,152.9345117938407
2012-01-24 18:00:00,174.78382606032966
2012-01-24 19:00:00,253.9349993434685
2012-01-24 20:00:00,146.8122401955191
2012-01-24 21:00:00,199.24259489360693
2012-01-24 22:00:00,174.25133390685386
2012-01-24 23:00:00,212.3171075965892
2012-01-25 00:00:00,9.112333115685331
2012-01-25 01:00:00,14.806850942885614
2012-01-25 02:00:00,15.688650307324567
2012-01-25 03:00:00,15.574189682675062
2012-01-25 04:00:00,18.147626615177277
2012-01-25 05:00:00,20.397371016527337
2012-01-25 06:00:00,20.78982730435804
2012-01-25 07:00:00,22.740699009549466
2012-01-25 08:00:00,27.343082768161736
2012-01-25 09:00:00,30.73277932065062
2012-01-25 10:00:00,35.438260622778444
2012-01-25 11:00:00,51.93833252368437
2012-01-25 12:00:00,73.2277196362411
2012-01-25 13:00:00,89.05058714860189
2012-01-25 14:00:00,102.3181444385959
2012-01-25 15:00:00,128.28800770805537
2012-01-25 16:00:00,121.19597317214733
2012-01-25 17:00:00,144.74504604380502
2012-01-25 18:00:00,126.57326754195836
2012-01-25 19:00:00,179.75827254329118
2012-01-25 20:00:00,166.22984560561383
2012-01-25 21:00:00,175.91495296343203
2012-01-25 22:00:00,193.20646585671872
2012-01-25 23:00:00,210.41044995836305
2012-01-26 00:00:00,12.814658979193233
2012-01-26 01:00:00,15.068317368863067
2012-01-26 02:00:00,15.636210146267826
2012-01-26 03:00:00,18.45270302245232
2012-01-26 04:00:00,21.156607147298075
2012-01-26 05:00:00,24.451268754426327
2012-01-26 06:00:00,24.346835641397906
2012-01-26 07:00:00,26.65854029876638
2012-01-26 08:00:00,29.85131404696876
2012-01-26 09:00:00,36.001697465675704
2012-01-26 10:00:00,38.632931609905924
2012-01-26 11:00:00,40.41111988089964
2012-01-26 12:00:00,54.251391230637914
2012-01-26 13:00:00,81.5801068923681
2012-01-26 14:00:00,96.61828290005025
2012-01-26 15:00:00,114.36550352455951
2012-01-26 16:00:00,121.14723049133572
2012-01-26 17:00:00,143.4000232655788
2012-01-26 18:00:00,160.57440058117123
2012-01-26 19:00:00,157.3898006223103
2012-01-26 20:00:00,159.3884476616073
2012-01-26 21:00:00,197.3471053372081
2012-01-26 22:00:00,189.94322859523737
2012-01-26 23:00:00,223.78867450471967
2012-01-27 00:00:00,21.80119308800369
2012-01-27 01:00:00,22.04919673661895
2012-01-27 02:00:00,22.209475390549294
2012-01-27 03:00:00,24.574085399929587
2012-01-27 04:00:00,23.038200144723593
2012-01-27 05:00:00,30.085379159688745
2012-01-27 06:00:00,29.238548924020936
2012-01-27 07:00:00,32.351534000422824
2012-01-27 08:00:00,54.2195803728131
2012-01-27 09:00:00,59.992258934527754
2012-01-27 10:00:00,48.08139324600942
2012-01-27 11:00:00,61.668382436649125
2012-01-27 12:00:00,81.26665870998097
2012-01-27 13:00:00,153.06129732636268
2012-01-27 14:00:00,178.50526802934428
2012-01-27 15:00:00,195.25931254758243
2012-01-27 16:00:00,191.5561970129859
2012-01-27 17:00:00,201.56561708988846
2012-01-27 18:00:00,209.90163208220548
2012-01-27 19:00:00,193.2428510558822
2012-01-27 20:00:00,190.09807149133167
2012-01-27 21:00:00,205.1710881393285
2012-01-27 22:00:00,243.0553436787769
2012-01-27 23:00:00,253.139034480617
2012-01-28 00:00:00,29.244394165188606
2012-01-28 01:00:00,32.55895929377354
2012-01-28 02:00:00,30.380698765229813
2012-01-28 03:00:00,32.163511874564854
2012-01-28 04:00:00,33.069274231561295
2012-01-28 05:00:00,28.85048825193397
2012-01-28 06:00:00,35.434531459179496
2012-01-28 07:00:00,34.2637885941092
2012-01-28 08:00:00,31.092151145956958
2012-01-28 09:00:00,37.725767095570696
2012-01-28 10:00:00,49.22781373186012
2012-01-28 11:00:00,71.14316765881291
2012-01-28 12:00:00,71.01365683740183
2012-01-28 13:00:00,91.23746149345367
2012-01-28 14:00:00,128.7618779684754
2012-01-28 15:00:00,153.0784052476301
2012-01-28 16:00:00,181.67979830910502
2012-01-28 17:00:00,197.33394489835567
2012-01-28 18:00:00,219.92190522449778
2012-01-28 19:00:00,238.87112123317212
2012-01-28 20:00:00,255.6654608868643
2012-01-28 21:00:00,244.77718663325084
2012-01-28 22:00:00,246.1535069502856
2012-01-28 23:00:00,259.304878381977
2012-01-29 00:00:00,37.745099059851825
2012-01-29 01:00:00,41.531346400845976
2012-01-29 02:00:00,43.17438333158624
2012-01-29 03:00:00,44.12429082174046
2012-01-29 04:00:00,45.22054001707945
2012-01-29 05:00:00,34.25131159021665
2012-01-29 06:00:00,42.9794973446251
2012-01-29 07:00:00,46.54501587734804
2012-01-29 08:00:00,46.30048237362419
2012-01-29 09:00:00,47.81445865650129
2012-01-29 10:00:00,63.785101800503945
2012-01-29 11:00:00,80.38546439203184
2012-01-29 12:00:00,96.77730794663206
2012-01-29 13:00:00,103.70920758453138
2012-01-29 14:00:00,111.13762064700752
2012-01-29 15:00:00,133.43750617508852
2012-01-29 16:00:00,146.76898647254848
2012-01-29 17:00:00,157.28165628916446
2012-01-29 18:00:00,155.51855509941308
2012-01-29 19:00:00,153.32132397973692
2012-01-29 20:00:00,142.29615513355247
2012-01-29 21:00:00,161.35406964668243
2012-01-29 22:00:00,190.1420895197589
2012-01-29 23:00:00,181.63924022030113
2012-01-30 00:00:00,22.883465593445496
2012-01-30 01:00:00,14.698643971357667
2012-01-30 02:00:00,18.054591861678464
2012-01-30 03:00:00,20.759435646828745
2012-01-30 04:00:00,20.894457559576686
2012-01-30 05:00:00,23.36536829940822
2012-01-30 06:00:00,28.989741834579416
2012-01-30 07:00:00,32.417974620224285
2012-01-30 08:00:00,33.37537174438562
2012-01-30 09:00:00,37.322234889979676
2012-01-30 10:00:00,46.98503060704282
2012-01-30 11:00:00,61.190787461810736
2012-01-30 12:00:00,67.57336512258134
2012-01-30 13:00:00,90.59703814757832
2012-01-30 14:00:00,116.46223394745735
2012-01-30 15:00:00,128.28522060505148
2012-01-30 16:00:00,149.99664988936848
2012-01-30 17:00:00,181.31656995152173
2012-01-30 18:00:00,190.08658324361755
2012-01-30 19:00:00,162.10386693376637
2012-01-30 20:00:00,187.901146402626
2012-01-30 21:00:00,204.15497335192265
2012-01-30 22:00:00,198.24024234839945
2012-01-30 23:00:00,182.40170181075072
2012-01-31 00:00:00,14.109245678706188
2012-01-31 01:00:00,18.35471959658333
2012-01-31 02:00:00,21.243824298940584
2012-01-31 03:00:00,23.29788877237548
2012-01-31 04:00:00,25.252506104826686
2012-01-31 05:00:00,28.556965659889723
2012-01-31 06:00:00,29.50864331333139
2012-01-31 07:00:00,28.709314941755913
2012-01-31 08:00:00,33.385551103474235
2012-01-31 09:00:00,45.18940043910846
2012-01-31 10:00:00,52.49701178002819
2012-01-31 11:00:00,95.35191530184208
2012-01-31 12:00:00,102.7247098258301
2012-01-31 13:00:00,147.17898843491923
2012-01-31 14:00:00,195.04543092935612
2012-01-31 15:00:00,250.2951256009146
2012-01-31 16:00:00,283.04791916303753
2012-01-31 17:00:00,320.08663512795425
2012-01-31 18:00:00,363.80725344806
2012-01-31 19:00:00,360.7228501338459
2012-01-31 20:00:00,235.00605811658556
2012-01-31 21:00:00,401.1837281005795
2012-01-31 22:00:00,421.8549799572401
2012-01-31 23:00:00,467.1526030061857
2012-02-20 00:00:00,12.321646306281751
2012-02-20 01:00:00,13.53169119031461
2012-02-20 02:00:00,14.860568297329529
2012-02-20 03:00:00,16.68797618988732
2012-02-20 05:00:00,25.81481905826897
2012-02-20 06:00:00,30.45691185897186
2012-02-20 07:00:00,31.474191425984856
2012-02-20 08:00:00,31.141680290799922
2012-02-20 09:00:00,34.19994295955208
2012-02-20 10:00:00,41.68738004841662
2012-02-20 11:00:00,55.55338264806394
2012-02-20 12:00:00,70.16120846701544
2012-02-20 13:00:00,83.99134666734014
2012-02-20 14:00:00,105.39517917098797
2012-02-20 15:00:00,122.10281756444907
2012-02-20 16:00:00,155.25584621261862
2012-02-20 17:00:00,182.4397022684998
2012-02-20 18:00:00,161.72445836334578
2012-02-20 19:00:00,177.60657740824837
2012-02-20 20:00:00,198.8102101911368
2012-02-20 21:00:00,187.05901970772513
2012-02-20 22:00:00,198.1834887232564
2012-02-20 23:00:00,235.24599536086518
2012-02-21 00:00:00,12.37493264707823
2012-02-21 01:00:00,15.591117238955308
2012-02-21 02:00:00,15.98535526871923
2012-02-21 04:00:00,18.52768724680084
2012-02-21 05:00:00,18.7509331300876
2012-02-21 06:00:00,19.578389266033852
2012-02-21 07:00:00,26.79439371987073
2012-02-21 08:00:00,25.479092629667047
2012-02-21 09:00:00,26.57703817039542
2012-02-21 10:00:00,33.48691209985325
2012-02-21 11:00:00,40.111830028310585
2012-02-21 12:00:00,60.82005070797929
2012-02-21 13:00:00,83.95599347891857
2012-02-21 14:00:00,85.50944588316234
2012-02-21 15:00:00,107.36601996133048
2012-02-21 16:00:00,136.18646619729876
2012-02-21 17:00:00,183.50875191625687
2012-02-21 18:00:00,207.52210117316318
2012-02-21 19:00:00,196.95031257818553
2012-02-21 20:00:00,194.775945539699
2012-02-21 21:00:00,205.6372510562146
2012-02-21 22:00:00,204.63643551349688
2012-02-21 23:00:00,227.2228195573446
2012-02-22 00:00:00,14.726209260754791
2012-02-22 01:00:00,16.473768377201843
2012-02-22 02:00:00,19.77396954341399
2012-02-22 03:00:00,20.82391310301145
2012-02-22 04:00:00,23.935747865599573
2012-02-22 05:00:00,26.29119928196195
2012-02-22 06:00:00,26.623242843933486
2012-02-22 07:00:00,30.57259563793165
2012-02-22 08:00:00,32.9599620995405
2012-02-22 09:00:00,41.95926177039313
2012-02-22 10:00:00,49.27924532641561
2012-02-22 11:00:00,61.52198197471154
2012-02-22 12:00:00,85.1589822048522
2012-02-22 13:00:00,111.97828409247289
2012-02-22 14:00:00,133.68342604628447
2012-02-22 15:00:00,218.63161618976892
2012-02-22 16:00:00,262.9768435416716
2012-02-22 17:00:00,291.49074765874195
2012-02-22 18:00:00,273.7910774441448
2012-02-22 19:00:00,282.2668546438069
2012-02-22 20:00:00,290.2787576129557
2012-02-22 21:00:00,410.900502914547
2012-02-22 22:00:00,366.71103294535334
2012-02-22 23:00:00,462.15530350828845
2012-02-23 00:00:00,30.09138574668043
2012-02-23 01:00:00,29.818991217614318
2012-02-23 02:00:00,31.69329833459576
2012-02-23 03:00:00,33.057095824967725
2012-02-23 04:00:00,28.84498184011568
2012-02-23 05:00:00,32.299615880628316
2012-02-23 06:00:00,26.49239134054228
2012-02-23 07:00:00,32.61346793852077
2012-02-23 08:00:00,31.4592742479935
2012-02-23 09:00:00,40.15596607554165
2012-02-23 10:00:00,68.95646479291239
2012-02-23 11:00:00,116.72977378049723
2012-02-23 12:00:00,146.76351726919737
2012-02-23 13:00:00,178.63389597351977
2012-02-23 14:00:00,215.13231685170283
2012-02-23 15:00:00,246.838479830522
2012-02-23 16:00:00,294.1063075776189
2012-02-23 17:00:00,311.1181451699464
2012-02-23 18:00:00,338.2314637659855
2012-02-23 19:00:00,331.80246629349534
2012-02-23 20:00:00,315.92422618077626
2012-02-23 21:00:00,310.72404773556883
2012-02-23 22:00:00,336.53217400284564
2012-02-23 23:00:00,376.8371223811135
2012-02-24 00:00:00,34.98895998498387
2012-02-24 01:00:00,36.74662865666043
2012-02-24 02:00:00,30.608362193940263
2012-02-24 03:00:00,31.040371373640966
2012-02-24 04:00:00,29.868262636677528
2012-02-24 05:00:00,33.0482924010699
2012-02-24 06:00:00,36.566895232983185
2012-02-24 07:00:00,48.944121113368354
2012-02-24 08:00:00,51.311063047057786
2012-02-24 09:00:00,47.38305199002371
2012-02-24 10:00:00,53.39039969453423
2012-02-24 11:00:00,60.02625874837632
2012-02-24 12:00:00,81.17005668739955
2012-02-24 13:00:00,102.60339334912516
2012-02-24 14:00:00,134.82490904027165
2012-02-24 15:00:00,90.89492892809639
2012-02-24 16:00:00,100.57237762806639
2012-02-24 17:00:00,101.30345212031897
2012-02-24 18:00:00,112.08908089615257
2012-02-24 19:00:00,146.31919138087923
2012-02-24 20:00:00,251.22317352682114
2012-02-24 21:00:00,343.5819708377772
2012-02-24 22:00:00,353.0189660158712
2012-02-24 23:00:00,368.06270740087115
2012-02-25 00:00:00,38.35793573096539
2012-02-25 01:00:00,38.75317200257346
2012-02-25 02:00:00,39.396320322770194
2012-02-25 03:00:00,39.44506360096864
2012-02-25 04:00:00,44.21758663679435
2012-02-25 05:00:00,48.02752362195988
2012-02-25 06:00:00,52.16573767819585
2012-02-25 07:00:00,50.60628254848578
2012-02-25 08:00:00,50.245328107997686
2012-02-25 09:00:00,34.353905930134026
2012-02-25 10:00:00,51.16319579428495
2012-02-25 11:00:00,79.50524865630032
2012-02-25 12:00:00,100.592033955568
2012-02-25 13:00:00,109.33021449554212
2012-02-25 14:00:00,118.67354270022088
2012-02-25 15:00:00,131.2642351465034
2012-02-25 16:00:00,143.82685535962733
2012-02-25 17:00:00,141.6111560120475
2012-02-25 18:00:00,158.25928351145336
2012-02-25 19:00:00,144.81096760387345
2012-02-25 20:00:00,162.71165528524506
2012-02-25 21:00:00,162.78181035100457
2012-02-25 22:00:00,166.71215947768798
2012-02-25 23:00:00,174.55683447384197
2012-02-26 00:00:00,28.491230975054922
2012-02-26 01:00:00,29.45858076165245
2012-02-26 02:00:00,31.568620084376068
2012-02-26 03:00:00,35.951826897455774
2012-02-26 04:00:00,38.52696006803047
2012-02-26 05:00:00,38.00208222500657
2012-02-26 06:00:00,39.649569371108825
2012-02-26 07:00:00,37.03975583044839
2012-02-26 08:00:00,40.92458329710948
2012-02-26 09:00:00,48.32936862827211
2012-02-26 10:00:00,62.81588910261741
2012-02-26 11:00:00,69.26843876743163
2012-02-26 12:00:00,83.60216129977704
2012-02-26 13:00:00,99.188867030312
2012-02-26 14:00:00,116.8137710190209
2012-02-26 15:00:00,131.94104741615956
2012-02-26 16:00:00,135.8585671587413
2012-02-26 17:00:00,148.2634376567381
2012-02-26 18:00:00,142.51730641578996
2012-02-26 19:00:00,158.36796156382786
2012-02-26 20:00:00,149.42447547374758
2012-02-26 21:00:00,146.93376018875156
2012-02-26 22:00:00,158.62728917264874
2012-02-26 23:00:00,130.3690702877173
2012-02-27 00:00:00,13.547606591965753
2012-02-27 01:00:00,14.656471908626928
2012-02-27 02:00:00,14.434525182149914
2012-02-27 03:00:00,15.19256524876215
2012-02-27 04:00:00,15.011582644836935
2012-02-27 05:00:00,16.78680368961565
2012-02-27 06:00:00,22.001506702378403
2012-02-27 07:00:00,28.017528951545383
2012-02-27 08:00:00,32.29224179603669
2012-02-27 09:00:00,38.14586473115039
2012-02-27 10:00:00,59.95291563303487
2012-02-27 11:00:00,77.00904250827885
2012-02-27 12:00:00,108.32990145921832
2012-02-27 13:00:00,115.40584515951831
2012-02-27 14:00:00,163.5056076433427
2012-02-27 15:00:00,230.3492840890997
2012-02-27 16:00:00,271.898706440175
2012-02-27 17:00:00,305.5940608738588
2012-02-27 18:00:00,320.1029917379419
2012-02-27 19:00:00,335.06008586121436
2012-02-27 20:00:00,346.0320736075596
2012-02-27 21:00:00,357.5389519416276
2012-02-27 22:00:00,353.3143217017876
2012-02-27 23:00:00,350.76714522596706
2012-02-28 00:00:00,22.351871195598157
2012-02-28 01:00:00,20.371559386101573
2012-02-28 02:00:00,26.912938955245476
2012-02-28 03:00:00,36.89490190031894
2012-02-28 04:00:00,28.107879149163754
2012-02-28 05:00:00,31.785983391231728
2012-02-28 06:00:00,32.89110096866382
2012-02-28 07:00:00,35.16766139716308
2012-02-28 08:00:00,36.40893978814698
2012-02-28 09:00:00,44.973702044383955
2012-02-28 10:00:00,55.51571338477947
2012-02-28 11:00:00,76.13172841801482
2012-02-28 12:00:00,94.52517425501493
2012-02-28 13:00:00,110.48423250109555
2012-02-28 14:00:00,146.0933401814485
2012-02-28 15:00:00,176.77375161752082
2012-02-28 16:00:00,197.97050752767456
2012-02-28 17:00:00,226.06479130726746
2012-02-28 18:00:00,253.17198430042114
2012-02-28 19:00:00,289.09999024839993
2012-02-28 20:00:00,302.11934080734073
2012-02-28 21:00:00,247.69477458570103
2012-02-28 22:00:00,280.107294801366
2012-02-28 23:00:00,265.14465405083365
2012-02-29 00:00:00,18.014540350195585
2012-02-29 01:00:00,21.12501641653291
2012-02-29 02:00:00,19.77703954711771
2012-02-29 03:00:00,18.595500264607868
2012-02-29 05:00:00,20.810189774861083
2012-02-29 06:00:00,24.688275283749206
2012-02-29 07:00:00,23.543337677765734
2012-02-29 08:00:00,30.41079658111062
2012-02-29 09:00:00,33.247721778191114
2012-02-29 10:00:00,37.36941093976851
2012-02-29 11:00:00,37.55605549934175
2012-02-29 12:00:00,40.723906568231726
2012-02-29 13:00:00,51.06641133874194
2012-02-29 14:00:00,57.39706688078899
2012-02-29 15:00:00,89.23112177157915
2012-02-29 16:00:00,100.29302098786056
2012-02-29 17:00:00,103.03826131427464
2012-02-29 18:00:00,115.81181878447079
2012-02-29 19:00:00,130.16890229987834
2012-02-29 20:00:00,150.33640533358948
2012-02-29 21:00:00,168.97346974924542
2012-02-29 22:00:00,168.25841300741934
2012-02-29 23:00:00,189.11725205400322
2012-03-20 00:00:00,21.869448623386074
2012-03-20 01:00:00,18.869299531957534
2012-03-20 02:00:00,21.338473754780733
2012-03-20 03:00:00,24.13075596220762
2012-03-20 04:00:00,26.43266647075413
2012-03-20 05:00:00,25.741325739047166
2012-03-20 06:00:00,29.10975061716747
2012-03-20 07:00:00,32.91895645096052
2012-03-20 08:00:00,43.22861029429454
2012-03-20 09:00:00,50.46803257841674
2012-03-20 10:00:00,57.0721126561206
2012-03-20 11:00:00,77.64338605824096
2012-03-20 12:00:00,101.33469323902037
2012-03-20 13:00:00,114.5950165488347
2012-03-20 14:00:00,145.24290439420108
2012-03-20 15:00:00,186.3775876808971
2012-03-20 16:00:00,225.3745781003277
2012-03-20 17:00:00,210.0475636012118
2012-03-20 18:00:00,260.52594164848836
2012-03-20 19:00:00,262.0221361875389
2012-03-20 20:00:00,327.8793897829785
2012-03-20 21:00:00,321.9364022143243
2012-03-20 22:00:00,321.54094875916167
2012-03-20 23:00:00,306.88887766720654
2012-03-21 00:00:00,19.894799281798768
2012-03-21 01:00:00,25.095172149661238
2012-03-21 02:00:00,24.27105762510452
2012-03-21 03:00:00,27.279918076380092
2012-03-21 04:00:00,30.66178416074709
2012-03-21 05:00:00,34.462897039791756
2012-03-21 06:00:00,32.523356447588974
2012-03-21 07:00:00,36.555246712505586
2012-03-21 08:00:00,41.08696666549656
2012-03-21 09:00:00,55.000827567833255
2012-03-21 10:00:00,71.8421668607469
2012-03-21 11:00:00,80.74837350160028
2012-03-21 12:00:00,107.5352522204903
2012-03-21 13:00:00,105.84453354398721
2012-03-21 14:00:00,138.23810226386428
2012-03-21 15:00:00,155.3753512946157
2012-03-21 16:00:00,202.25194990560462
2012-03-21 17:00:00,255.6039986118567
2012-03-21 18:00:00,287.2909887088858
2012-03-21 19:00:00,358.4824474677732
2012-03-21 20:00:00,278.71088192535433
2012-03-21 21:00:00,269.5897130667118
2012-03-21 22:00:00,292.03287736851485
2012-03-21 23:00:00,388.90974223618684
2012-03-22 00:00:00,23.963483980910166
2012-03-22 01:00:00,26.833482927298746
2012-03-22 02:00:00,30.047208769110163
2012-03-22 03:00:00,33.645828134222555
2012-03-22 04:00:00,23.4825489986932
2012-03-22 05:00:00,26.294948520334437
2012-03-22 06:00:00,29.44417651275904
2012-03-22 07:00:00,32.970573410481265
2012-03-22 08:00:00,44.174227843363596
2012-03-22 09:00:00,49.46477689161463
2012-03-22 10:00:00,47.4638215200223
2012-03-22 11:00:00,63.816653528129656
2012-03-22 12:00:00,85.66753694590395
2012-03-22 13:00:00,130.279296397845
2012-03-22 14:00:00,167.15182912581886
2012-03-22 15:00:00,212.38772257049868
2012-03-22 16:00:00,269.51506817038535
2012-03-22 17:00:00,311.5916119816641
2012-03-22 18:00:00,348.90954116104723
2012-03-22 19:00:00,424.78428379713773
2012-03-22 20:00:00,342.5266326417118
2012-03-22 21:00:00,322.02686634349953
2012-03-22 22:00:00,309.8143968028623
2012-03-22 23:00:00,346.9194768950792
2012-03-23 00:00:00,33.79643102367697
2012-03-23 01:00:00,32.047596616799076
2012-03-23 02:00:00,35.45965684803315
2012-03-23 03:00:00,38.00459120532848
2012-03-23 04:00:00,35.19441020211264
2012-03-23 05:00:00,38.94150702338937
2012-03-23 06:00:00,49.71571309332219
2012-03-23 07:00:00,48.86404606906212
2012-03-23 08:00:00,52.75090848597364
2012-03-23 09:00:00,66.43750377718959
2012-03-23 10:00:00,81.97553769477412
2012-03-23 11:00:00,142.57633883091376
2012-03-23 12:00:00,219.07241930162584
2012-03-23 13:00:00,323.9643324517157
2012-03-23 14:00:00,396.1035732239554
2012-03-23 15:00:00,438.27613504841094
2012-03-23 16:00:00,484.9387471805717
2012-03-23 17:00:00,536.5694586384149
2012-03-23 18:00:00,554.2658825085489
2012-03-23 19:00:00,536.2693471355162
2012-03-23 20:00:00,617.6154288491908
2012-03-23 21:00:00,584.7156942080017
2012-03-23 22:00:00,508.2457419155545
2012-03-23 23:00:00,506.5487875153465
2012-03-24 00:00:00,61.5818164464848
2012-03-24 01:00:00,58.075913190276324
2012-03-24 02:00:00,55.71213917114266
2012-03-24 03:00:00,60.512485723168155
2012-03-24 04:00:00,55.47246151829542
2012-03-24 05:00:00,60.2521566322041
2012-03-24 06:00:00,65.44368646115237
2012-03-24 07:00:00,61.165576847982024
2012-03-24 08:00:00,57.57850431210573
2012-03-24 09:00:00,83.85968598961516
2012-03-24 10:00:00,81.16188663668676
2012-03-24 11:00:00,73.78122401816576
2012-03-24 12:00:00,82.45648381996624
2012-03-24 13:00:00,89.561213663159
2012-03-24 14:00:00,112.96210307000781
2012-03-24 15:00:00,102.68960687766995
2012-03-24 16:00:00,111.5376911127734
2012-03-24 17:00:00,139.78438643101973
2012-03-24 18:00:00,123.16478049742632
2012-03-24 19:00:00,133.7770750204492
2012-03-24 20:00:00,122.29622872705208
2012-03-24 21:00:00,132.83368588862695
2012-03-24 22:00:00,144.2790860390236
2012-03-24 23:00:00,179.42504795854276
2012-03-25 00:00:00,28.550743000187982
2012-03-25 01:00:00,25.83958470494213
2012-03-25 02:00:00,27.690405022845905
2012-03-25 03:00:00,33.78405876219669
2012-03-25 04:00:00,36.20392050116535
2012-03-25 05:00:00,32.872406747775706
2012-03-25 06:00:00,35.22696929210113
2012-03-25 07:00:00,42.75526738539612
2012-03-25 08:00:00,45.817712795332035
2012-03-25 09:00:00,49.0995129763257
2012-03-25 10:00:00,60.22985400753232
2012-03-25 11:00:00,56.38515022679561
2012-03-25 12:00:00,60.423867677538986
2012-03-25 13:00:00,76.16329170415501
2012-03-25 14:00:00,85.3085011486118
2012-03-25 15:00:00,91.41892084067325
2012-03-25 16:00:00,133.06503230512834
2012-03-25 17:00:00,164.04892999891783
2012-03-25 18:00:00,175.79931593736904
2012-03-25 19:00:00,188.39135058211457
2012-03-25 20:00:00,175.48461968035403
2012-03-25 21:00:00,188.0541134741878
2012-03-25 22:00:00,174.77499787090082
2012-03-25 23:00:00,195.9391737446239
2012-03-26 00:00:00,22.004982543027708
2012-03-26 01:00:00,24.60722036328889
2012-03-26 02:00:00,23.294395171918364
2012-03-26 03:00:00,29.413549106598477
2012-03-26 04:00:00,31.382797575166702
2012-03-26 05:00:00,38.409910717262726
2012-03-26 06:00:00,37.38400974693486
2012-03-26 07:00:00,52.232768145831955
2012-03-26 08:00:00,67.75442429589152
2012-03-26 09:00:00,95.8558987789301
2012-03-26 10:00:00,132.40812589168186
2012-03-26 11:00:00,143.61211951957193
2012-03-26 12:00:00,158.85458756360637
2012-03-26 13:00:00,181.34046576425797
2012-03-26 14:00:00,198.6473709137097
2012-03-26 15:00:00,226.76592043596875
2012-03-26 16:00:00,257.6461215767862
2012-03-26 17:00:00,272.8064464834399
2012-03-26 18:00:00,285.6707382374768
2012-03-26 19:00:00,304.1037485121002
2012-03-26 20:00:00,318.33602063705246
2012-03-26 21:00:00,338.21799237642944
2012-03-26 22:00:00,342.10325976857223
2012-03-26 23:00:00,351.1806355691037
2012-03-27 00:00:00,22.352883694743426
2012-03-27 01:00:00,24.027995479013033
2012-03-27 02:00:00,23.30610228553033
2012-03-27 03:00:00,26.355861864599444
2012-03-27 04:00:00,27.851937530254727
2012-03-27 05:00:00,29.092433111711824
2012-03-27 06:00:00,33.67369354633047
2012-03-27 07:00:00,38.08012187987981
2012-03-27 08:00:00,42.072930996760455
2012-03-27 09:00:00,49.22904358875738
2012-03-27 10:00:00,61.65574352967769
2012-03-27 11:00:00,81.55843968653826
2012-03-27 12:00:00,97.19733435435127
2012-03-27 13:00:00,126.23564986353148
2012-03-27 14:00:00,167.29484058634995
2012-03-27 15:00:00,203.1481640043276
2012-03-27 16:00:00,229.73146186993247
2012-03-27 17:00:00,277.138663817565
2012-03-27 18:00:00,296.2933280029016
2012-03-27 19:00:00,335.06529442699707
2012-03-27 20:00:00,378.9108323369026
2012-03-27 21:00:00,313.2973164381203
2012-03-27 22:00:00,354.2943686349185
2012-03-27 23:00:00,400.65615969362483
2012-03-28 00:00:00,24.79752329372097
2012-03-28 01:00:00,26.338801107956126
2012-03-28 02:00:00,26.39312660875448
2012-03-28 03:00:00,31.85883142560181
2012-03-28 04:00:00,38.49703947841084
2012-03-28 05:00:00,43.26948167548989
2012-03-28 06:00:00,47.24630016594744
2012-03-28 07:00:00,53.10338007709953
2012-03-28 08:00:00,67.44893317600494
2012-03-28 09:00:00,82.75650791121647
2012-03-28 10:00:00,113.5525530315596
2012-03-28 11:00:00,142.8540410106395
2012-03-28 12:00:00,185.03847939461915
2012-03-28 13:00:00,212.98235572676825
2012-03-28 14:00:00,303.637528886379
2012-03-28 15:00:00,332.51858889628454
2012-03-28 16:00:00,366.3606491388014
2012-03-28 17:00:00,306.92574671251447
2012-03-28 18:00:00,344.9750462126028
2012-03-28 19:00:00,417.8368445557342
2012-03-28 20:00:00,469.63568975187997
2012-03-28 21:00:00,462.3220670672971
2012-03-28 22:00:00,463.62892276003
2012-03-28 23:00:00,463.30005231383075
2012-03-29 00:00:00,33.82409616978768
2012-03-29 01:00:00,45.4625761016384
2012-03-29 02:00:00,79.7455056465591
2012-03-29 03:00:00,81.50904715656846
2012-03-29 04:00:00,73.9841561439239
2012-03-29 05:00:00,72.66790063318687
2012-03-29 06:00:00,61.70233787391119
2012-03-29 07:00:00,76.0380256525326
2012-03-29 08:00:00,88.73302062796928
2012-03-29 09:00:00,104.50645483790308
2012-03-29 10:00:00,111.26009880893291
2012-03-29 11:00:00,143.2534664385923
2012-03-29 12:00:00,164.7531619272567
2012-03-29 13:00:00,160.6604442621381
2012-03-29 14:00:00,206.57983854696906
2012-03-29 15:00:00,251.43960894272385
2012-03-29 16:00:00,287.5171646065727
2012-03-29 17:00:00,317.5906581772653
2012-03-29 18:00:00,332.63517245023525
2012-03-29 19:00:00,350.72543376727907
2012-03-29 20:00:00,372.34211855835287
2012-03-29 21:00:00,373.64188962538833
2012-03-29 22:00:00,393.59432723517796
2012-03-29 23:00:00,428.6163415026217
2012-03-30 00:00:00,39.293482799930125
2012-03-30 01:00:00,39.72172673163603
2012-03-30 02:00:00,37.62332335512366
2012-03-30 03:00:00,36.54837834953343
2012-03-30 04:00:00,45.327853321960546
2012-03-30 05:00:00,43.14548319287239
2012-03-30 06:00:00,50.04030868958714
2012-03-30 07:00:00,54.09292644194028
2012-03-30 08:00:00,53.674983002608485
2012-03-30 09:00:00,70.29755802462135
2012-03-30 10:00:00,84.43100451457678
2012-03-30 11:00:00,99.71429753781152
2012-03-30 12:00:00,115.82399909727192
2012-03-30 13:00:00,142.08104656542628
2012-03-30 14:00:00,150.5917075135113
2012-03-30 15:00:00,176.97341421967198
2012-03-30 16:00:00,167.37789697703164
2012-03-30 17:00:00,185.19837420943526
2012-03-30 18:00:00,239.73156386436395
2012-03-30 19:00:00,226.73329310822436
2012-03-30 20:00:00,250.8732516131246
2012-03-30 21:00:00,248.31306793806368
2012-03-30 22:00:00,233.3327371687868
2012-03-30 23:00:00,267.8735119617969
2012-03-31 00:00:00,29.443563894734805
2012-03-31 01:00:00,37.206564245284724
2012-03-31 02:00:00,41.9130822127072
2012-03-31 03:00:00,39.6974905196117
2012-03-31 04:00:00,49.44699650734383
2012-03-31 05:00:00,46.833150210996216
2012-03-31 06:00:00,41.199512645438205
2012-03-31 07:00:00,44.749402156324244
2012-03-31 08:00:00,48.60516216737722
2012-03-31 09:00:00,72.07436733096257
2012-03-31 10:00:00,78.28453886366542
2012-03-31 11:00:00,106.50867279866699
2012-03-31 12:00:00,132.33516964065336
2012-03-31 13:00:00,187.87054342496236
2012-03-31 14:00:00,175.28892954604785
2012-03-31 15:00:00,213.17955649069972
2012-03-31 16:00:00,206.7972725807228
2012-03-31 17:00:00,200.05576582873593
2012-03-31 18:00:00,180.10904603907255
2012-03-31 19:00:00,188.17383649184103
2012-03-31 20:00:00,193.35070256615415
2012-03-31 21:00:00,210.01045378381843
2012-03-31 22:00:00,215.6691938482555
2012-03-31 23:00:00,195.01499869224276
2012-04-20 00:00:00,38.77499079241659
2012-04-20 01:00:00,31.31486684264031
2012-04-20 02:00:00,29.413917400358837
2012-04-20 03:00:00,32.54557369916406
2012-04-20 04:00:00,30.523341324022887
2012-04-20 05:00:00,33.77311634776019
2012-04-20 06:00:00,42.17997259584466
2012-04-20 07:00:00,41.347500596280895
2012-04-20 08:00:00,47.58008925169671
2012-04-20 09:00:00,62.30295010473248
2012-04-20 10:00:00,94.05935648962853
2012-04-20 11:00:00,135.24495308780067
2012-04-20 12:00:00,209.01317704046053
2012-04-20 13:00:00,296.7059031412199
2012-04-20 14:00:00,336.9040124984985
2012-04-20 15:00:00,359.8166550548953
2012-04-20 16:00:00,426.8939459486976
2012-04-20 17:00:00,440.513667919803
2012-04-20 18:00:00,451.4123095430604
2012-04-20 19:00:00,459.4995550680736
2012-04-20 20:00:00,450.4514044674242
2012-04-20 21:00:00,389.68234135094457
2012-04-20 22:00:00,411.57668085132445
2012-04-20 23:00:00,403.7566257351118
2012-04-21 00:00:00,45.26996706082107
2012-04-21 01:00:00,49.17058070667588
2012-04-21 02:00:00,53.40728443171684
2012-04-21 03:00:00,50.13600343632103
2012-04-21 04:00:00,54.45589125266512
2012-04-21 05:00:00,59.14799523038497
2012-04-21 06:00:00,64.24438677426723
2012-04-21 07:00:00,69.77990066992805
2012-04-21 08:00:00,80.66366336360672
2012-04-21 09:00:00,99.36099831262617
2012-04-21 10:00:00,158.76238715901357
2012-04-21 11:00:00,190.2473714942134
2012-04-21 12:00:00,231.30594822584774
2012-04-21 13:00:00,273.6494033295982
2012-04-21 14:00:00,361.184334564698
2012-04-21 15:00:00,432.66366384667486
2012-04-21 16:00:00,440.51602648960153
2012-04-21 17:00:00,552.4379484551736
2012-04-21 18:00:00,476.2893955086012
2012-04-21 19:00:00,257.1040435154224
2012-04-21 20:00:00,204.3465980992196
2012-04-21 21:00:00,221.95379290806306
2012-04-21 22:00:00,230.932394173741
2012-04-21 23:00:00,239.76281498634293
2012-04-22 00:00:00,38.151900136364304
2012-04-22 01:00:00,40.88461866668625
2012-04-22 02:00:00,52.47455696852593
2012-04-22 03:00:00,44.79713130192055
2012-04-22 04:00:00,52.541696869269565
2012-04-22 05:00:00,56.30511803927722
2012-04-22 06:00:00,65.6157861640416
2012-04-22 07:00:00,61.40287844128905
2012-04-22 08:00:00,57.37871325824217
2012-04-22 09:00:00,61.48859697062317
2012-04-22 10:00:00,62.625493579807205
2012-04-22 11:00:00,61.529680098722686
2012-04-22 12:00:00,65.93688645986258
2012-04-22 13:00:00,77.06949230089927
2012-04-22 14:00:00,75.72093943822132
2012-04-22 15:00:00,81.14462773674946
2012-04-22 16:00:00,86.9568003168757
2012-04-22 17:00:00,76.11003637574325
2012-04-22 18:00:00,81.56159464686665
2012-04-22 19:00:00,96.13522482543294
2012-04-22 20:00:00,95.14891868841711
2012-04-22 21:00:00,112.42659257279216
2012-04-22 22:00:00,108.96195849462055
2012-04-22 23:00:00,138.78404269011637
2012-04-23 00:00:00,15.903709881449204
2012-04-23 01:00:00,15.005782838347635
2012-04-23 02:00:00,16.178504853782492
2012-04-23 03:00:00,19.77243313925531
2012-04-23 04:00:00,20.852868078211827
2012-04-23 05:00:00,23.31886058095225
2012-04-23 06:00:00,25.391212646487144
2012-04-23 07:00:00,29.160192463782206
2012-04-23 08:00:00,34.50086700544278
2012-04-23 09:00:00,38.58082756791142
2012-04-23 10:00:00,50.31760118072208
2012-04-23 11:00:00,54.84114539806005
2012-04-23 12:00:00,64.40288587524175
2012-04-23 13:00:00,76.834778647555
2012-04-23 14:00:00,96.17212904625227
2012-04-23 15:00:00,110.07805534049328
2012-04-23 16:00:00,77.64236288328324
2012-04-23 17:00:00,85.60190883934797
2012-04-23 18:00:00,110.3253891056883
2012-04-23 19:00:00,134.73189767121352
2012-04-23 20:00:00,145.26857921100833
2012-04-23 21:00:00,147.84534589763837
2012-04-23 22:00:00,181.65809234235792
2012-04-23 23:00:00,203.14038878705855
2012-04-24 00:00:00,13.811924618686959
2012-04-24 01:00:00,14.518829821288387
2012-04-24 02:00:00,16.090888845164997
2012-04-24 03:00:00,17.793212414544545
2012-04-24 04:00:00,22.05672619994122
2012-04-24 05:00:00,24.942996550386685
2012-04-24 06:00:00,28.206954707279298
2012-04-24 07:00:00,35.6571312134306
2012-04-24 08:00:00,45.59274082305835
2012-04-24 09:00:00,76.85925024226428
2012-04-24 10:00:00,92.36215898889748
2012-04-24 11:00:00,133.16061351263488
2012-04-24 12:00:00,161.41423945698548
2012-04-24 13:00:00,193.61716357528434
2012-04-24 14:00:00,222.23002284852026
2012-04-24 15:00:00,252.70637197818854
2012-04-24 16:00:00,285.7746932783474
2012-04-24 17:00:00,342.7643421991158
2012-04-24 18:00:00,368.5213522520473
2012-04-24 19:00:00,416.7448394037347
2012-04-24 20:00:00,443.56970932576974
2012-04-24 21:00:00,462.2664346174006
2012-04-24 22:00:00,473.56416033034003
2012-04-24 23:00:00,493.5227101984956
2012-04-25 00:00:00,33.98704785536294
2012-04-25 01:00:00,35.11273459352046
2012-04-25 02:00:00,26.4208312426773
2012-04-25 03:00:00,23.36239288744143
2012-04-25 04:00:00,29.327452989525085
2012-04-25 05:00:00,33.637161975201096
2012-04-25 06:00:00,37.807129675976086
2012-04-25 07:00:00,39.71444227914944
2012-04-25 08:00:00,43.16583414502309
2012-04-25 09:00:00,78.76477081376561
2012-04-25 10:00:00,142.82390604127374
2012-04-25 11:00:00,162.29840761075366
2012-04-25 12:00:00,196.7002809694967
2012-04-25 13:00:00,235.3144435672222
2012-04-25 14:00:00,266.50231146324495
2012-04-25 15:00:00,316.2622261553081
2012-04-25 16:00:00,382.6094402508143
2012-04-25 17:00:00,430.04117688286834
2012-04-25 18:00:00,483.3529818123958
2012-04-25 19:00:00,543.2738016400884
2012-04-25 20:00:00,537.3127455214106
2012-04-25 21:00:00,440.6304386464404
2012-04-25 22:00:00,472.8212248057597
2012-04-25 23:00:00,531.4364325077203
2012-04-26 00:00:00,31.358673456904555
2012-04-26 01:00:00,42.27916620718321
2012-04-26 02:00:00,43.773042665557654
2012-04-26 03:00:00,49.01554356527872
2012-04-26 04:00:00,52.142043048823304
2012-04-26 05:00:00,55.20686949915197
2012-04-26 06:00:00,61.81874853235912
2012-04-26 07:00:00,47.548404200336996
2012-04-26 08:00:00,53.24306321010947
2012-04-26 09:00:00,52.800211167034
2012-04-26 10:00:00,51.843905650259934
2012-04-26 11:00:00,58.0530175937256
2012-04-26 12:00:00,93.12687104091752
2012-04-26 13:00:00,102.36925244317246
2012-04-26 14:00:00,138.3540578402403
2012-04-26 15:00:00,130.75438864468538
2012-04-26 16:00:00,146.4142550457848
2012-04-26 17:00:00,194.25542861268914
2012-04-26 18:00:00,217.52052962608076
2012-04-26 19:00:00,243.5719873916574
2012-04-26 20:00:00,272.74351135456294
2012-04-26 21:00:00,257.76194526329476
2012-04-26 22:00:00,288.6329368066806
2012-04-26 23:00:00,278.1103410950692
2012-04-27 00:00:00,44.44177278918483
2012-04-27 01:00:00,51.02843876240933
2012-04-27 02:00:00,53.348595871697285
2012-04-27 03:00:00,60.12293845861961
2012-04-27 04:00:00,64.3538194150259
2012-04-27 05:00:00,71.20547542466649
2012-04-27 06:00:00,74.80430724146966
2012-04-27 07:00:00,72.88908480597556
2012-04-27 08:00:00,85.67238012157102
2012-04-27 09:00:00,106.72585493708199
2012-04-27 10:00:00,131.8206313871266
2012-04-27 11:00:00,145.8553791215764
2012-04-27 12:00:00,173.90989755816136
2012-04-27 13:00:00,196.1102359580484
2012-04-27 14:00:00,216.989802842625
2012-04-27 15:00:00,292.7039939076654
2012-04-27 16:00:00,323.8677553927371
2012-04-27 17:00:00,385.4848207804108
2012-04-27 18:00:00,402.04194186980493
2012-04-27 19:00:00,417.13731293845285
2012-04-27 20:00:00,402.6857663992321
2012-04-27 21:00:00,414.8977035654482
2012-04-27 22:00:00,417.71961155262954
2012-04-27 23:00:00,428.40648333282087
2012-04-28 00:00:00,48.586026466828706
2012-04-28 01:00:00,43.62683567750101
2012-04-28 02:00:00,51.884628460935346
2012-04-28 03:00:00,48.9283499821993
2012-04-28 04:00:00,54.360991317489635
2012-04-28 05:00:00,60.85923386812077
2012-04-28 06:00:00,64.13242849023189
2012-04-28 07:00:00,69.65829568105
2012-04-28 08:00:00,96.55597480220133
2012-04-28 09:00:00,107.39328155129373
2012-04-28 10:00:00,113.91199827723763
2012-04-28 11:00:00,123.72704175429217
2012-04-28 12:00:00,130.99456853372135
2012-04-28 13:00:00,158.62551082741612
2012-04-28 14:00:00,181.60983860590366
2012-04-28 15:00:00,192.6631513229718
2012-04-28 16:00:00,227.66536613928582
2012-04-28 17:00:00,227.2945263775555
2012-04-28 18:00:00,220.19885313590285
2012-04-28 19:00:00,153.3578378732919
2012-04-28 20:00:00,196.1390641848861
2012-04-28 21:00:00,180.92404741819294
2012-04-28 22:00:00,196.5130759517135
2012-04-28 23:00:00,217.21233184937302
2012-04-29 00:00:00,29.376013254826564
2012-04-29 01:00:00,31.48013848794785
2012-04-29 02:00:00,31.097886776623326
2012-04-29 03:00:00,32.88330490681922
2012-04-29 04:00:00,35.23864805711859
2012-04-29 05:00:00,36.82391891503378
2012-04-29 06:00:00,38.32482302248864
2012-04-29 07:00:00,41.06992755648378
2012-04-29 08:00:00,60.113089886529195
2012-04-29 09:00:00,73.47838186104696
2012-04-29 10:00:00,88.35423818335022
2012-04-29 11:00:00,130.58479900837347
2012-04-29 12:00:00,159.37941737452292
2012-04-29 13:00:00,179.6991983693979
2012-04-29 14:00:00,235.60903714253757
2012-04-29 15:00:00,262.3471509615691
2012-04-29 16:00:00,340.7393900105058
2012-04-29 17:00:00,380.4383938333978
2012-04-29 18:00:00,393.0698145272168
2012-04-29 19:00:00,350.45996140843386
2012-04-29 20:00:00,381.79654901639464
2012-04-29 21:00:00,321.77296162349637
2012-04-29 22:00:00,334.91927979805376
2012-04-29 23:00:00,288.3742282653188
2012-04-30 00:00:00,23.886489704686507
2012-04-30 01:00:00,23.325473945838464
2012-04-30 02:00:00,28.73187355421318
2012-04-30 03:00:00,28.12410201870664
2012-04-30 04:00:00,36.34145847878371
2012-04-30 05:00:00,40.63908141540846
2012-04-30 06:00:00,57.10590770643712
2012-04-30 07:00:00,61.9769747347667
2012-04-30 08:00:00,74.08594113846745
2012-04-30 09:00:00,82.84710409795584
2012-04-30 10:00:00,100.11894003150238
2012-04-30 11:00:00,115.98986895399017
2012-04-30 12:00:00,126.1341557130778
2012-04-30 13:00:00,152.71886350634793
2012-04-30 14:00:00,172.7478131024111
2012-04-30 15:00:00,204.48366047549075
2012-04-30 16:00:00,237.06527479595965
2012-04-30 17:00:00,265.0998448183805
2012-04-30 18:00:00,296.44969210786803
2012-04-30 19:00:00,295.7696458283574
2012-04-30 20:00:00,338.74932532827927
2012-04-30 21:00:00,378.8087211598167
2012-04-30 22:00:00,447.1459707673908
2012-04-30 23:00:00,500.02400209657225
2012-05-20 00:00:00,83.67766967159416
2012-05-20 01:00:00,86.18688135637376
2012-05-20 02:00:00,92.36021707258709
2012-05-20 03:00:00,89.0200153357012
2012-05-20 04:00:00,75.24121728440585
2012-05-20 05:00:00,71.52338445050299
2012-05-20 06:00:00,88.88079591515535
2012-05-20 07:00:00,92.59491757651473
2012-05-20 08:00:00,132.66609995557866
2012-05-20 09:00:00,217.59363400447603
2012-05-20 10:00:00,247.6922032375703
2012-05-20 11:00:00,262.1034164633057
2012-05-20 12:00:00,293.32632732324385
2012-05-20 13:00:00,321.2514711339615
2012-05-20 14:00:00,351.28446238228923
2012-05-20 15:00:00,363.01176242000804
2012-05-20 16:00:00,391.80232142918817
2012-05-20 17:00:00,405.682404723508
2012-05-20 18:00:00,389.3689734425732
2012-05-20 19:00:00,326.4791201331258
2012-05-20 20:00:00,349.8639460045019
2012-05-20 21:00:00,305.7542941797141
2012-05-20 22:00:00,289.324735450656
2012-05-20 23:00:00,266.1258363441411
2012-05-21 00:00:00,22.711003295113375
2012-05-21 01:00:00,25.3967328381866
2012-05-21 02:00:00,23.527769522297085
2012-05-21 03:00:00,30.976301901336864
2012-05-21 04:00:00,34.639458833266694
2012-05-21 05:00:00,38.735808815506005
2012-05-21 06:00:00,43.316579852293444
2012-05-21 07:00:00,48.43905800539329
2012-05-21 08:00:00,54.16730380031662
2012-05-21 09:00:00,60.57295335241877
2012-05-21 10:00:00,69.44670125972088
2012-05-21 11:00:00,90.97590416066342
2012-05-21 12:00:00,101.7344193322352
2012-05-21 13:00:00,113.76520159216189
2012-05-21 14:00:00,127.21870511727893
2012-05-21 15:00:00,191.50067896799106
2012-05-21 16:00:00,214.14692776377137
2012-05-21 17:00:00,271.2415321799595
2012-05-21 18:00:00,267.7903411035454
2012-05-21 19:00:00,339.187039395893
2012-05-21 20:00:00,368.714724238286
2012-05-21 21:00:00,397.44014561204307
2012-05-21 22:00:00,407.13905285093324
2012-05-21 23:00:00,455.2859959063235
2012-05-22 00:00:00,22.533922383130342
2012-05-22 01:00:00,25.48263705021642
2012-05-22 02:00:00,28.817210780809283
2012-05-22 03:00:00,32.588135817699346
2012-05-22 04:00:00,31.52327935232661
2012-05-22 05:00:00,35.648311585971236
2012-05-22 06:00:00,40.3131319152141
2012-05-22 07:00:00,45.58837522765044
2012-05-22 08:00:00,51.553919459001534
2012-05-22 09:00:00,70.02189090157526
2012-05-22 10:00:00,88.95260172734
2012-05-22 11:00:00,100.59264543252458
2012-05-22 12:00:00,116.83326360335188
2012-05-22 13:00:00,154.14943942062328
2012-05-22 14:00:00,174.32092600047335
2012-05-22 15:00:00,282.3184395180145
2012-05-22 16:00:00,310.61004502234994
2012-05-22 17:00:00,425.8839245509287
2012-05-22 18:00:00,397.21957792606327
2012-05-22 19:00:00,365.16589334972934
2012-05-22 20:00:00,364.5817887458669
2012-05-22 21:00:00,353.37407046084326
2012-05-22 22:00:00,453.3064029547397
2012-05-22 23:00:00,512.6245818474367
2012-05-23 00:00:00,29.287941681158646
2012-05-23 01:00:00,28.53206870633001
2012-05-23 02:00:00,32.06916274028584
2012-05-23 03:00:00,40.491067631847784
2012-05-23 04:00:00,39.43369496407497
2012-05-23 05:00:00,37.91282371446108
2012-05-23 06:00:00,42.612841226373455
2012-05-23 07:00:00,55.99258962822471
2012-05-23 08:00:00,62.933938913416476
2012-05-23 09:00:00,83.8451786948202
2012-05-23 10:00:00,94.23938755467793
2012-05-23 11:00:00,123.58184715566469
2012-05-23 12:00:00,157.33011251605666
2012-05-23 13:00:00,155.787189728809
2012-05-23 14:00:00,224.10516419873343
2012-05-23 15:00:00,282.4582538030153
2012-05-23 16:00:00,317.47434095222957
2012-05-23 17:00:00,274.34266745304734
2012-05-23 18:00:00,308.35267290674926
2012-05-23 19:00:00,239.28228605465108
2012-05-23 20:00:00,268.9458886187171
2012-05-23 21:00:00,302.2868604172029
2012-05-23 22:00:00,339.7610814955966
2012-05-23 23:00:00,373.18930565579916
2012-05-24 00:00:00,27.24539075917824
2012-05-24 01:00:00,27.11854962630334
2012-05-24 02:00:00,30.36641662749059
2012-05-24 03:00:00,34.00326608543771
2012-05-24 04:00:00,38.075684683531314
2012-05-24 05:00:00,42.635838583181794
2012-05-24 06:00:00,47.74214165286917
2012-05-24 07:00:00,60.1426631318415
2012-05-24 08:00:00,88.13923825206487
2012-05-24 09:00:00,98.6952793152272
2012-05-24 10:00:00,136.71637189559783
2012-05-24 11:00:00,158.06045647994324
2012-05-24 12:00:00,217.16133600945793
2012-05-24 13:00:00,269.61372569024684
2012-05-24 14:00:00,303.4563397534733
2012-05-24 15:00:00,339.79994388303965
2012-05-24 16:00:00,380.49625839657716
2012-05-24 17:00:00,426.06658788509867
2012-05-24 18:00:00,474.65431820057825
2012-05-24 19:00:00,450.5756006984801
2012-05-24 20:00:00,399.0390727075574
2012-05-24 21:00:00,350.792040724245
2012-05-24 22:00:00,392.80482935223034
2012-05-24 23:00:00,439.8493011525465
2012-05-25 00:00:00,36.631695142257776
2012-05-25 01:00:00,40.53181756616738
2012-05-25 02:00:00,44.847180258440545
2012-05-25 03:00:00,43.95328836946295
2012-05-25 04:00:00,48.632929999712175
2012-05-25 05:00:00,53.810806155748914
2012-05-25 06:00:00,59.539963130922246
2012-05-25 07:00:00,65.8790949790082
2012-05-25 08:00:00,71.80369852042048
2012-05-25 09:00:00,79.44853214418805
2012-05-25 10:00:00,116.47513840364886
2012-05-25 11:00:00,128.87607418759
2012-05-25 12:00:00,209.14783675893062
2012-05-25 13:00:00,261.82692863663453
2012-05-25 14:00:00,317.2140472666881
2012-05-25 15:00:00,322.2637308713336
2012-05-25 16:00:00,453.369898302011
2012-05-25 17:00:00,394.5386521977231
2012-05-25 18:00:00,436.544599194162
2012-05-25 19:00:00,480.450543724329
2012-05-25 20:00:00,476.79801061920165
2012-05-25 21:00:00,527.5619898909737
2012-05-25 22:00:00,445.3113436415413
2012-05-25 23:00:00,448.15146889449176
2012-05-26 00:00:00,48.10900468663075
2012-05-26 01:00:00,52.25423942729331
2012-05-26 02:00:00,47.73163350311451
2012-05-26 03:00:00,52.63096448956214
2012-05-26 04:00:00,57.165826598179606
2012-05-26 05:00:00,70.09942881865004
2012-05-26 06:00:00,67.4414354399977
2012-05-26 07:00:00,73.25241787388947
2012-05-26 08:00:00,105.07248493306254
2012-05-26 09:00:00,101.2238384134086
2012-05-26 10:00:00,122.51121941199435
2012-05-26 11:00:00,153.58759465149782
2012-05-26 12:00:00,214.5951546113485
2012-05-26 13:00:00,231.69210484411488
2012-05-26 14:00:00,251.6554811058557
2012-05-26 15:00:00,273.3389694622053
2012-05-26 16:00:00,400.9627391521064
2012-05-26 17:00:00,463.4757790288763
2012-05-26 18:00:00,495.2271414572881
2012-05-26 19:00:00,382.7242879641634
2012-05-26 20:00:00,540.9623096994079
2012-05-26 21:00:00,493.3428720061383
2012-05-26 22:00:00,381.2438849130139
2012-05-26 23:00:00,414.09314892711154
2012-05-27 00:00:00,75.37936768277723
2012-05-27 01:00:00,69.4628851055113
2012-05-27 02:00:00,74.59818417822757
2012-05-27 03:00:00,79.94145252144457
2012-05-27 04:00:00,65.12335969861418
2012-05-27 05:00:00,69.78797171450691
2012-05-27 06:00:00,74.78669740880179
2012-05-27 07:00:00,70.9880589224971
2012-05-27 08:00:00,89.10449223528316
2012-05-27 09:00:00,95.15644067686966
2012-05-27 10:00:00,131.92004280694206
2012-05-27 11:00:00,179.2135545683016
2012-05-27 12:00:00,194.41346833369232
2012-05-27 13:00:00,258.2860004527059
2012-05-27 14:00:00,276.7863356139185
2012-05-27 15:00:00,341.8133506483666
2012-05-27 16:00:00,366.2965264243982
2012-05-27 17:00:00,414.3624107011809
2012-05-27 18:00:00,365.0226058379377
2012-05-27 19:00:00,391.1681984662052
2012-05-27 20:00:00,440.00985477307387
2012-05-27 21:00:00,314.5305710633787
2012-05-27 22:00:00,226.21677953887058
2012-05-27 23:00:00,242.42008220809714
2012-05-28 00:00:00,35.44035296131465
2012-05-28 01:00:00,43.88261784905187
2012-05-28 02:00:00,41.77013870300544
2012-05-28 03:00:00,60.03559339012131
2012-05-28 04:00:00,56.591322510531384
2012-05-28 05:00:00,62.14886235401903
2012-05-28 06:00:00,79.51678771388437
2012-05-28 07:00:00,76.98259867325957
2012-05-28 08:00:00,111.72402791579344
2012-05-28 09:00:00,155.13481068694122
2012-05-28 10:00:00,170.36979466074985
2012-05-28 11:00:00,168.40011449821066
2012-05-28 12:00:00,210.36165894035014
2012-05-28 13:00:00,217.13267617412694
2012-05-28 14:00:00,238.45614849510375
2012-05-28 15:00:00,324.16962449543644
2012-05-28 16:00:00,356.00463955179094
2012-05-28 17:00:00,390.9660060829814
2012-05-28 18:00:00,396.39673920747305
2012-05-28 19:00:00,486.1584821186598
2012-05-28 20:00:00,443.50488845209316
2012-05-28 21:00:00,432.3979851334216
2012-05-28 22:00:00,425.5877128667056
2012-05-28 23:00:00,402.7650708683061
2012-05-29 00:00:00,26.973477558126707
2012-05-29 01:00:00,30.503137754236622
2012-05-29 02:00:00,30.86194817315837
2012-05-29 03:00:00,39.60707559731991
2012-05-29 04:00:00,46.255579045806535
2012-05-29 05:00:00,52.30843136542937
2012-05-29 06:00:00,59.15333995067313
2012-05-29 07:00:00,66.89395066877253
2012-05-29 08:00:00,84.54652602610119
2012-05-29 09:00:00,108.74233257449417
2012-05-29 10:00:00,123.90755124845964
2012-05-29 11:00:00,176.7324320902181
2012-05-29 12:00:00,239.74619843017624
2012-05-29 13:00:00,291.4013800927132
2012-05-29 14:00:00,329.5332023684392
2012-05-29 15:00:00,397.0375922151821
2012-05-29 16:00:00,448.992620356484
2012-05-29 17:00:00,535.6508065204742
2012-05-29 18:00:00,569.7222414430544
2012-05-29 19:00:00,601.0063188917057
2012-05-29 20:00:00,522.1281609265836
2012-05-29 21:00:00,272.2519873251366
2012-05-29 22:00:00,313.9411692448926
2012-05-29 23:00:00,305.1537920137034
2012-05-30 00:00:00,22.664962055986866
2012-05-30 01:00:00,25.47471633259421
2012-05-30 02:00:00,24.984261386339448
2012-05-30 03:00:00,32.67066316505099
2012-05-30 04:00:00,36.720814906794374
2012-05-30 05:00:00,52.536441512244764
2012-05-30 06:00:00,57.49397147754521
2012-05-30 07:00:00,64.62144567490454
2012-05-30 08:00:00,81.4052939077124
2012-05-30 09:00:00,103.8241049806893
2012-05-30 10:00:00,116.6950827596866
2012-05-30 11:00:00,153.46491081528205
2012-05-30 12:00:00,228.02151604455196
2012-05-30 13:00:00,269.3990306093214
2012-05-30 14:00:00,349.8997315519081
2012-05-30 15:00:00,350.914892827486
2012-05-30 16:00:00,394.41748587889595
2012-05-30 17:00:00,474.98361586108024
2012-05-30 18:00:00,533.8668931719969
2012-05-30 19:00:00,531.751305816879
2012-05-30 20:00:00,372.0898737123287
2012-05-30 21:00:00,599.1840505124939
2012-05-30 22:00:00,506.2388340167986
2012-05-30 23:00:00,623.8230476449663
2012-05-31 00:00:00,40.381585865651154
2012-05-31 01:00:00,45.217907202742346
2012-05-31 02:00:00,55.310020989446464
2012-05-31 03:00:00,54.65178557673133
2012-05-31 04:00:00,61.197184699347346
2012-05-31 05:00:00,68.52649690407492
2012-05-31 06:00:00,67.62299971237806
2012-05-31 07:00:00,92.20167324817335
2012-05-31 08:00:00,122.90738227120171
2012-05-31 09:00:00,171.99486929158866
2012-05-31 10:00:00,225.0427634807591
2012-05-31 11:00:00,265.6928517509749
2012-05-31 12:00:00,297.5136923764756
2012-05-31 13:00:00,345.6421534717956
2012-05-31 14:00:00,407.64936065634413
2012-05-31 15:00:00,451.994209253746
2012-05-31 16:00:00,506.1275274876638
2012-05-31 17:00:00,572.358357348843
2012-05-31 18:00:00,624.3189805586297
2012-05-31 19:00:00,670.4003030253627
2012-05-31 20:00:00,644.5081623799497
2012-05-31 21:00:00,721.6980129226694
2012-05-31 22:00:00,719.0705987017127
2012-05-31 23:00:00,757.7633811438919
2012-06-20 00:00:00,29.576731482089613
2012-06-20 01:00:00,33.75340971637006
2012-06-20 02:00:00,33.92883283063976
2012-06-20 03:00:00,38.13495869622458
2012-06-20 04:00:00,42.862514075328406
2012-06-20 05:00:00,48.17614010001815
2012-06-20 06:00:00,45.696312810857044
2012-06-20 07:00:00,51.825531047242876
2012-06-20 08:00:00,75.3329651209058
2012-06-20 09:00:00,97.9949935604633
2012-06-20 10:00:00,207.8499749126216
2012-06-20 11:00:00,249.1690649461154
2012-06-20 12:00:00,290.48516996035295
2012-06-20 13:00:00,344.19421740152006
2012-06-20 14:00:00,414.2382930254164
2012-06-20 15:00:00,482.78351940931384
2012-06-20 16:00:00,542.6337435122737
2012-06-20 17:00:00,597.1675839130237
2012-06-20 18:00:00,671.1978941604499
2012-06-20 19:00:00,756.000726682367
2012-06-20 20:00:00,833.0161142995802
2012-06-20 21:00:00,873.6458268222509
2012-06-20 22:00:00,949.6469154461561
2012-06-20 23:00:00,795.8896274547188
2012-06-21 00:00:00,39.98348706900294
2012-06-21 01:00:00,32.47061769393697
2012-06-21 02:00:00,36.359477871548144
2012-06-21 03:00:00,48.37726474591255
2012-06-21 04:00:00,39.3432425035083
2012-06-21 05:00:00,44.05520611541589
2012-06-21 06:00:00,49.33150046539017
2012-06-21 07:00:00,55.23971291363953
2012-06-21 08:00:00,98.83195106455786
2012-06-21 09:00:00,167.44156049818525
2012-06-21 10:00:00,214.93762039805398
2012-06-21 11:00:00,275.46500446792606
2012-06-21 12:00:00,327.1956220989752
2012-06-21 13:00:00,366.3823735511051
2012-06-21 14:00:00,402.54459022758135
2012-06-21 15:00:00,461.2788861782091
2012-06-21 16:00:00,514.4176189793255
2012-06-21 17:00:00,565.191026060636
2012-06-21 18:00:00,608.0734578102771
2012-06-21 19:00:00,696.5451386103787
2012-06-21 20:00:00,728.4236535199453
2012-06-21 21:00:00,699.3919276803879
2012-06-21 22:00:00,570.903571633133
2012-06-21 23:00:00,730.597255246069
2012-06-22 00:00:00,51.71062974990295
2012-06-22 01:00:00,46.858519435029415
2012-06-22 02:00:00,46.34818162964934
2012-06-22 03:00:00,51.28280400459658
2012-06-22 04:00:00,87.85773730124086
2012-06-22 05:00:00,97.79641003901314
2012-06-22 06:00:00,108.20864922941331
2012-06-22 07:00:00,146.52449433687872
2012-06-22 08:00:00,175.69885846425444
2012-06-22 09:00:00,181.72300306085978
2012-06-22 10:00:00,234.2670920326841
2012-06-22 11:00:00,274.8402522333589
2012-06-22 12:00:00,306.81422394738524
2012-06-22 13:00:00,397.47296320821516
2012-06-22 14:00:00,439.7913219597285
2012-06-22 15:00:00,504.5840880269383
2012-06-22 16:00:00,571.2942518175701
2012-06-22 17:00:00,589.0918254518315
2012-06-22 18:00:00,491.12018245548444
2012-06-22 19:00:00,534.6857782496231
2012-06-22 20:00:00,591.6129825572203
2012-06-22 21:00:00,483.08295853115345
2012-06-22 22:00:00,485.6668609022612
2012-06-22 23:00:00,462.09799318043645
2012-06-23 00:00:00,45.118809635600556
2012-06-23 01:00:00,56.394203120447195
2012-06-23 02:00:00,53.22895632310851
2012-06-23 03:00:00,57.815343432902054
2012-06-23 04:00:00,62.79690918556044
2012-06-23 05:00:00,68.20770351102588
2012-06-23 06:00:00,74.08471019649751
2012-06-23 07:00:00,80.46809967750629
2012-06-23 08:00:00,128.59439056278654
2012-06-23 09:00:00,171.60826977053486
2012-06-23 10:00:00,221.99678259885064
2012-06-23 11:00:00,277.4157185938894
2012-06-23 12:00:00,337.68069261879833
2012-06-23 13:00:00,404.32808665883096
2012-06-23 14:00:00,421.6825977287236
2012-06-23 15:00:00,488.2241514982352
2012-06-23 16:00:00,530.2548316183713
2012-06-23 17:00:00,575.1727748349176
2012-06-23 18:00:00,624.7316086469905
2012-06-23 19:00:00,666.2799468676094
2012-06-23 20:00:00,699.4030880884745
2012-06-23 21:00:00,732.9983479024833
2012-06-23 22:00:00,752.5618512528595
2012-06-23 23:00:00,746.5573549656615
2012-06-24 00:00:00,105.12465548575453
2012-06-24 01:00:00,103.72623911176115
2012-06-24 02:00:00,116.62796615084918
2012-06-24 03:00:00,93.10172019792377
2012-06-24 04:00:00,99.77034731951812
2012-06-24 05:00:00,91.37830295868707
2012-06-24 06:00:00,110.9720023109072
2012-06-24 07:00:00,108.86566346876856
2012-06-24 08:00:00,161.43912106760763
2012-06-24 09:00:00,202.02059462099731
2012-06-24 10:00:00,262.9109067645184
2012-06-24 11:00:00,281.7425115907838
2012-06-24 12:00:00,330.7442857194677
2012-06-24 13:00:00,354.43461399022635
2012-06-24 14:00:00,396.3946430266539
2012-06-24 15:00:00,430.33780605553187
2012-06-24 16:00:00,455.21371071301184
2012-06-24 17:00:00,483.2078492076118
2012-06-24 18:00:00,510.74939494574807
2012-06-24 19:00:00,521.6971893339086
2012-06-24 20:00:00,499.07660574464995
2012-06-24 21:00:00,450.6926300394139
2012-06-24 22:00:00,473.89401306396434
2012-06-24 23:00:00,477.5824600538106
2012-06-25 00:00:00,47.88631831104314
2012-06-25 01:00:00,49.12892938689595
2012-06-25 02:00:00,48.423901829920446
2012-06-25 03:00:00,54.502322504669955
2012-06-25 04:00:00,47.668895687467085
2012-06-25 05:00:00,58.60769189189879
2012-06-25 06:00:00,58.40336084838998
2012-06-25 07:00:00,73.28881141052838
2012-06-25 08:00:00,93.02799890693005
2012-06-25 09:00:00,120.13499677007214
2012-06-25 10:00:00,177.7391385806785
2012-06-25 11:00:00,251.44952529504374
2012-06-25 12:00:00,261.8035588992234
2012-06-25 13:00:00,255.5337070154192
2012-06-25 14:00:00,343.3473238407085
2012-06-25 15:00:00,401.41264158248026
2012-06-25 16:00:00,480.30542562571975
2012-06-25 17:00:00,539.5868411294413
2012-06-25 18:00:00,580.0798093664594
2012-06-25 19:00:00,629.3742199397203
2012-06-25 20:00:00,682.3109511801432
2012-06-25 21:00:00,705.413420643546
2012-06-25 22:00:00,766.782100427641
2012-06-25 23:00:00,814.6209428682915
2012-06-26 00:00:00,52.26448744986828
2012-06-26 01:00:00,56.21207319665089
2012-06-26 02:00:00,50.98825092419768
2012-06-26 03:00:00,53.478998421958195
2012-06-26 04:00:00,60.4770835465416
2012-06-26 05:00:00,62.63284072567467
2012-06-26 06:00:00,67.732389606289
2012-06-26 07:00:00,76.59562643088977
2012-06-26 08:00:00,100.30207710345323
2012-06-26 09:00:00,123.71364724217625
2012-06-26 10:00:00,168.53662481813612
2012-06-26 11:00:00,205.91522298977085
2012-06-26 12:00:00,244.061618062848
2012-06-26 13:00:00,302.52286995416017
2012-06-26 14:00:00,342.11001366557315
2012-06-26 15:00:00,404.1819768300105
2012-06-26 16:00:00,453.65533593690816
2012-06-26 17:00:00,516.8828143667627
2012-06-26 18:00:00,584.5203925022508
2012-06-26 19:00:00,661.0088007463759
2012-06-26 20:00:00,715.5026283518554
2012-06-26 21:00:00,771.0945140211986
2012-06-26 22:00:00,834.7861430880394
2012-06-26 23:00:00,833.667288851168
2012-06-27 00:00:00,54.029603951684614
2012-06-27 01:00:00,57.274686863882614
2012-06-27 02:00:00,51.94829382642548
2012-06-27 03:00:00,63.68332905644471
2012-06-27 04:00:00,83.73060268928454
2012-06-27 05:00:00,91.40714933410268
2012-06-27 06:00:00,90.42506702111572
2012-06-27 07:00:00,115.47524326803489
2012-06-27 08:00:00,134.89790278226246
2012-06-27 09:00:00,166.0566607095576
2012-06-27 10:00:00,207.47553133639585
2012-06-27 11:00:00,257.5336869421497
2012-06-27 12:00:00,299.3727575317775
2012-06-27 13:00:00,354.6454774236192
2012-06-27 14:00:00,395.39004912169406
2012-06-27 15:00:00,448.7135876813381
2012-06-27 16:00:00,507.9935976749773
2012-06-27 17:00:00,570.9690917451027
2012-06-27 18:00:00,636.1598088756856
2012-06-27 19:00:00,696.2621795916294
2012-06-27 20:00:00,756.8535750394856
2012-06-27 21:00:00,807.6686976704161
2012-06-27 22:00:00,860.5760339111007
2012-06-27 23:00:00,830.9571319080376
2012-06-28 00:00:00,55.98953539827192
2012-06-28 01:00:00,59.00230064846496
2012-06-28 02:00:00,70.20386769876788
2012-06-28 03:00:00,78.61186991114963
2012-06-28 04:00:00,67.94612388520828
2012-06-28 05:00:00,82.0971284976091
2012-06-28 06:00:00,91.9295331879022
2012-06-28 07:00:00,95.39946730823736
2012-06-28 08:00:00,138.39600865876483
2012-06-28 09:00:00,156.28334381808378
2012-06-28 10:00:00,203.22202797302785
2012-06-28 11:00:00,285.47919739027714
2012-06-28 12:00:00,330.1720467421461
2012-06-28 13:00:00,376.0046458139547
2012-06-28 14:00:00,417.11122183685745
2012-06-28 15:00:00,467.0667611963374
2012-06-28 16:00:00,523.1938022956978
2012-06-28 17:00:00,584.9967506903465
2012-06-28 18:00:00,655.783106786089
2012-06-28 19:00:00,728.8861524809145
2012-06-28 20:00:00,797.4285055345599
2012-06-28 21:00:00,640.2655031895325
2012-06-28 22:00:00,759.7521303022725
2012-06-28 23:00:00,884.347435761282
2012-06-29 00:00:00,86.15194333038521
2012-06-29 01:00:00,91.00225132488906
2012-06-29 02:00:00,86.49485502447408
2012-06-29 03:00:00,95.70383436118547
2012-06-29 04:00:00,88.60142116588761
2012-06-29 05:00:00,107.33583883205354
2012-06-29 06:00:00,118.76372690254351
2012-06-29 07:00:00,131.40832532041338
2012-06-29 08:00:00,172.39550059054756
2012-06-29 09:00:00,194.4052561641324
2012-06-29 10:00:00,291.95386629939924
2012-06-29 11:00:00,309.26841271288947
2012-06-29 12:00:00,348.28368114522107
2012-06-29 13:00:00,387.0886839692251
2012-06-29 14:00:00,429.24798537429257
2012-06-29 15:00:00,474.94938375825836
2012-06-29 16:00:00,525.5165424612359
2012-06-29 17:00:00,575.3907938909854
2012-06-29 18:00:00,665.4504693704614
2012-06-29 19:00:00,625.818025064317
2012-06-29 20:00:00,755.5140531447597
2012-06-29 21:00:00,683.0920267197412
2012-06-29 22:00:00,550.9286381464365
2012-06-29 23:00:00,609.5851957330979
2012-06-30 00:00:00,37.94436076225724
2012-06-30 01:00:00,41.213775364959496
2012-06-30 02:00:00,44.76489380005299
2012-06-30 03:00:00,48.62198862358435
2012-06-30 04:00:00,46.08193149404955
2012-06-30 05:00:00,57.36183489081531
2012-06-30 06:00:00,62.30432481190971
2012-06-30 07:00:00,67.67267639985317
2012-06-30 08:00:00,73.50358333782695
2012-06-30 09:00:00,79.83690096099981
2012-06-30 10:00:00,328.1871731141858
2012-06-30 11:00:00,356.46489118992065
2012-06-30 12:00:00,387.17911320328056
2012-06-30 13:00:00,420.5397765835225
2012-06-30 14:00:00,456.7749076796533
2012-06-30 15:00:00,496.13218036301026
2012-06-30 16:00:00,538.1174172986249
2012-06-30 17:00:00,579.1656909131185
2012-06-30 18:00:00,620.2103381735162
2012-06-30 19:00:00,604.3577577952972
2012-06-30 20:00:00,564.8092415800483
2012-06-30 21:00:00,613.4751182760065
2012-06-30 22:00:00,514.9878884760337
2012-06-30 23:00:00,559.3609886936849
2012-07-20 00:00:00,30.246408538494343
2012-07-20 01:00:00,33.46669893798586
2012-07-20 02:00:00,37.02984889529428
2012-07-20 03:00:00,40.972362160641886
2012-07-20 04:00:00,45.33462898456852
2012-07-20 05:00:00,50.161339907874186
2012-07-20 06:00:00,55.50194360716545
2012-07-20 07:00:00,61.41115348654019
2012-07-20 08:00:00,78.62207566000828
2012-07-20 09:00:00,97.23269452971273
2012-07-20 10:00:00,107.58491576325923
2012-07-20 11:00:00,137.77008100801638
2012-07-20 12:00:00,117.84217704746284
2012-07-20 13:00:00,130.38865941472142
2012-07-20 14:00:00,135.5419892421586
2012-07-20 15:00:00,149.97294444561678
2012-07-20 16:00:00,176.62696608694623
2012-07-20 17:00:00,168.9032027376629
2012-07-20 18:00:00,253.43160293173477
2012-07-20 19:00:00,243.67903227308653
2012-07-20 20:00:00,269.6231785735538
2012-07-20 21:00:00,287.5468406305196
2012-07-20 22:00:00,318.1615276307329
2012-07-20 23:00:00,352.0357150937781
2012-07-21 00:00:00,43.48805117926952
2012-07-21 01:00:00,47.2351289192111
2012-07-21 02:00:00,44.56642451231091
2012-07-21 03:00:00,48.40641854999435
2012-07-21 04:00:00,50.49153241528848
2012-07-21 05:00:00,54.84205381227972
2012-07-21 06:00:00,59.567430863680734
2012-07-21 07:00:00,64.69996240193481
2012-07-21 08:00:00,80.13155054876995
2012-07-21 09:00:00,87.03595626910337
2012-07-21 10:00:00,82.90667631914171
2012-07-21 11:00:00,105.49160323729961
2012-07-21 12:00:00,114.58111696629528
2012-07-21 13:00:00,124.45381397523164
2012-07-21 14:00:00,120.1571722286573
2012-07-21 15:00:00,130.5103210394954
2012-07-21 16:00:00,141.75553220758837
2012-07-21 17:00:00,153.96966884615622
2012-07-21 18:00:00,167.2362168545117
2012-07-21 19:00:00,181.64585555973608
2012-07-21 20:00:00,197.2970775267713
2012-07-21 21:00:00,214.2968617734493
2012-07-21 22:00:00,232.76140499201074
2012-07-21 23:00:00,252.81691577513953
2012-07-22 00:00:00,40.2291144437312
2012-07-22 01:00:00,43.110618277246495
2012-07-22 02:00:00,46.198516520814685
2012-07-22 03:00:00,49.50759265381396
2012-07-22 04:00:00,53.053689056696825
2012-07-22 05:00:00,56.85378285724089
2012-07-22 06:00:00,70.13836153215381
2012-07-22 07:00:00,75.16218471160933
2012-07-22 08:00:00,94.21763992288392
2012-07-22 09:00:00,128.60823540186956
2012-07-22 10:00:00,121.41660569404353
2012-07-22 11:00:00,130.1133523064792
2012-07-22 12:00:00,161.09994708705077
2012-07-22 13:00:00,195.86562663388855
2012-07-22 14:00:00,206.83948668534975
2012-07-22 15:00:00,221.6548457119528
2012-07-22 16:00:00,240.45439772473622
2012-07-22 17:00:00,257.6775028914824
2012-07-22 18:00:00,276.1342530004365
2012-07-22 19:00:00,261.63193274181873
2012-07-22 20:00:00,246.5126586075036
2012-07-22 21:00:00,225.41601851761177
2012-07-22 22:00:00,283.0914696667737
2012-07-22 23:00:00,262.8363602048999
2012-07-23 00:00:00,22.479422391142208
2012-07-23 01:00:00,25.137765928087695
2012-07-23 02:00:00,23.865734756109145
2012-07-23 03:00:00,26.688019094178152
2012-07-23 04:00:00,29.84405761858624
2012-07-23 05:00:00,33.373319016239414
2012-07-23 06:00:00,41.38512220966647
2012-07-23 07:00:00,53.435394254402055
2012-07-23 08:00:00,69.24241583573793
2012-07-23 09:00:00,92.08303450566083
2012-07-23 10:00:00,150.0543143687097
2012-07-23 11:00:00,216.46556632769196
2012-07-23 12:00:00,242.06408168123664
2012-07-23 13:00:00,270.689794382713
2012-07-23 14:00:00,254.45201062052837
2012-07-23 15:00:00,315.8776755760615
2012-07-23 16:00:00,379.6581821663175
2012-07-23 17:00:00,424.555326641346
2012-07-23 18:00:00,533.6244067336102
2012-07-23 19:00:00,529.3233627546825
2012-07-23 20:00:00,460.4671822203916
2012-07-23 21:00:00,514.92053678316
2012-07-23 22:00:00,572.7469036690009
2012-07-23 23:00:00,566.0859927842281
2012-07-24 00:00:00,29.646022395196482
2012-07-24 01:00:00,29.04617097535438
2012-07-24 02:00:00,29.376048218415082
2012-07-24 03:00:00,33.220100876886825
2012-07-24 04:00:00,37.567173571656085
2012-07-24 05:00:00,42.483089843500636
2012-07-24 06:00:00,48.042286684368776
2012-07-24 07:00:00,70.11637482863756
2012-07-24 08:00:00,90.8686103283974
2012-07-24 09:00:00,162.18415511726766
2012-07-24 10:00:00,170.52798163769336
2012-07-24 11:00:00,207.40707737684644
2012-07-24 12:00:00,218.0774703723253
2012-07-24 13:00:00,265.239817754707
2012-07-24 14:00:00,299.9482243787611
2012-07-24 15:00:00,372.3598868448878
2012-07-24 16:00:00,367.71664475479486
2012-07-24 17:00:00,445.61199443589044
2012-07-24 18:00:00,392.01306088962895
2012-07-24 19:00:00,443.31059545466854
2012-07-24 20:00:00,446.1557934279557
2012-07-24 21:00:00,504.5382671721332
2012-07-24 22:00:00,570.5604786283358
2012-07-24 23:00:00,789.620569045184
2012-07-25 00:00:00,50.09943574520927
2012-07-25 01:00:00,54.88187418504898
2012-07-25 02:00:00,56.40888600905469
2012-07-25 03:00:00,56.507418764304184
2012-07-25 04:00:00,61.51545071751876
2012-07-25 05:00:00,69.1414639578684
2012-07-25 06:00:00,77.7128669704402
2012-07-25 07:00:00,118.21517955931489
2012-07-25 08:00:00,157.08847819491322
2012-07-25 09:00:00,191.50859500623463
2012-07-25 10:00:00,220.1564050958039
2012-07-25 11:00:00,261.78312080357176
2012-07-25 12:00:00,294.23613093456225
2012-07-25 13:00:00,342.74416517301495
2012-07-25 14:00:00,396.6051173012521
2012-07-25 15:00:00,432.99092183030456
2012-07-25 16:00:00,501.03381119908704
2012-07-25 17:00:00,558.8387196139464
2012-07-25 18:00:00,636.1598088756856
2012-07-25 19:00:00,666.7707255170994
2012-07-25 20:00:00,690.3956624057937
2012-07-25 21:00:00,718.5066325640369
2012-07-25 22:00:00,638.6611551438594
2012-07-25 23:00:00,709.9049860522788
2012-07-26 00:00:00,42.71265112760741
2012-07-26 01:00:00,47.828153691063974
2012-07-26 02:00:00,48.84938555169752
2012-07-26 03:00:00,54.699857260101254
2012-07-26 04:00:00,53.96085348206729
2012-07-26 05:00:00,60.423502768086664
2012-07-26 06:00:00,61.539645265625175
2012-07-26 07:00:00,77.0164370725724
2012-07-26 08:00:00,86.24035014919222
2012-07-26 09:00:00,109.83301400420595
2012-07-26 10:00:00,123.92289322624879
2012-07-26 11:00:00,145.67187985403612
2012-07-26 12:00:00,224.58781323831764
2012-07-26 13:00:00,270.2998838181146
2012-07-26 14:00:00,339.4844796731908
2012-07-26 15:00:00,414.76531226007063
2012-07-26 16:00:00,483.13765313326746
2012-07-26 17:00:00,499.77476393031094
2012-07-26 18:00:00,603.0964530628086
2012-07-26 19:00:00,626.6549839459711
2012-07-26 20:00:00,646.7636960663867
2012-07-26 21:00:00,739.3572107099782
2012-07-26 22:00:00,827.9067061603428
2012-07-26 23:00:00,535.1951007639402
2012-07-27 00:00:00,52.137990259476574
2012-07-27 01:00:00,57.6890449993374
2012-07-27 02:00:00,47.889343141696514
2012-07-27 03:00:00,62.09779407947603
2012-07-27 04:00:00,58.629610122967556
2012-07-27 05:00:00,54.52834144585725
2012-07-27 06:00:00,71.77862458878158
2012-07-27 07:00:00,105.85898548019249
2012-07-27 08:00:00,131.68498729051763
2012-07-27 09:00:00,226.25250185820968
2012-07-27 10:00:00,260.46040693888216
2012-07-27 11:00:00,288.1912413897049
2012-07-27 12:00:00,306.81422394738524
2012-07-27 13:00:00,352.82463727970526
2012-07-27 14:00:00,389.6091055852414
2012-07-27 15:00:00,475.6851433917271
2012-07-27 16:00:00,477.9429861705101
2012-07-27 17:00:00,582.3682821421306
2012-07-27 18:00:00,593.3076427889341
2012-07-27 19:00:00,584.0622605628557
2012-07-27 20:00:00,541.6196237935136
2012-07-27 21:00:00,599.2850643848702
2012-07-27 22:00:00,663.0900591809013
2012-07-27 23:00:00,600.6510091015625
2012-07-28 00:00:00,83.42945802056258
2012-07-28 01:00:00,71.68546623551171
2012-07-28 02:00:00,77.86212873301304
2012-07-28 03:00:00,84.57099338544931
2012-07-28 04:00:00,68.91647543810895
2012-07-28 05:00:00,76.00310401396688
2012-07-28 06:00:00,108.29739450255276
2012-07-28 07:00:00,117.70693939514437
2012-07-28 08:00:00,144.60074731462365
2012-07-28 09:00:00,190.70023571575285
2012-07-28 10:00:00,247.14407633332462
2012-07-28 11:00:00,331.0595176265735
2012-07-28 12:00:00,353.4657193337967
2012-07-28 13:00:00,386.59156752869035
2012-07-28 14:00:00,428.44064388763377
2012-07-28 15:00:00,490.92201615149
2012-07-28 16:00:00,505.453235684324
2012-07-28 17:00:00,495.4230154317483
2012-07-28 18:00:00,561.0780874641418
2012-07-28 19:00:00,213.02064159366066
2012-07-28 20:00:00,234.83110454547634
2012-07-28 21:00:00,294.53549606821406
2012-07-28 22:00:00,319.91367170524893
2012-07-28 23:00:00,300.91310182331887
2012-07-29 00:00:00,40.773545747197936
2012-07-29 01:00:00,51.312032771040506
2012-07-29 02:00:00,69.81164273590805
2012-07-29 03:00:00,84.91924158834397
2012-07-29 04:00:00,88.46257715058643
2012-07-29 05:00:00,73.79432880086529
2012-07-29 06:00:00,92.26449999413998
2012-07-29 07:00:00,111.99050986966387
2012-07-29 08:00:00,138.592373514233
2012-07-29 09:00:00,161.88208497879702
2012-07-29 10:00:00,177.45171767633244
2012-07-29 11:00:00,225.65380895660152
2012-07-29 12:00:00,241.8167875492637
2012-07-29 13:00:00,299.24330027253063
2012-07-29 14:00:00,336.4097038636254
2012-07-29 15:00:00,376.48181422842487
2012-07-29 16:00:00,403.4481992942794
2012-07-29 17:00:00,449.15788214046836
2012-07-29 18:00:00,471.7784353270042
2012-07-29 19:00:00,392.45774016646
2012-07-29 20:00:00,317.108467974029
2012-07-29 21:00:00,300.45421914647864
2012-07-29 22:00:00,321.7608388158748
2012-07-29 23:00:00,344.8077068203861
2012-07-30 00:00:00,34.06985755904589
2012-07-30 01:00:00,38.09884834318772
2012-07-30 02:00:00,42.70650044875693
2012-07-30 03:00:00,36.91532524675782
2012-07-30 04:00:00,41.280811804927936
2012-07-30 05:00:00,46.162546635656376
2012-07-30 06:00:00,51.62157958421631
2012-07-30 07:00:00,63.57154977824662
2012-07-30 08:00:00,82.27517140498442
2012-07-30 09:00:00,106.7655020681479
2012-07-30 10:00:00,134.0152537216036
2012-07-30 11:00:00,201.18668376240518
2012-07-30 12:00:00,207.76291669322555
2012-07-30 13:00:00,287.0132001218193
2012-07-30 14:00:00,320.9544496915825
2012-07-30 15:00:00,358.90948128206145
2012-07-30 16:00:00,401.35295172864153
2012-07-30 17:00:00,388.6635219616638
2012-07-30 18:00:00,406.2723013646149
2012-07-30 19:00:00,530.9056586794858
2012-07-30 20:00:00,362.3232663208622
2012-07-30 21:00:00,405.1704399069853
2012-07-30 22:00:00,398.36757355288756
2012-07-30 23:00:00,445.4772299335721
2012-07-31 00:00:00,25.68510319383173
2012-07-31 01:00:00,25.97680880406517
2012-07-31 02:00:00,29.376048218415082
2012-07-31 03:00:00,33.220100876886825
2012-07-31 04:00:00,37.567173571656085
2012-07-31 05:00:00,42.483089843500636
2012-07-31 06:00:00,40.543241438106456
2012-07-31 07:00:00,53.52941182290997
2012-07-31 08:00:00,67.65950231292123
2012-07-31 09:00:00,101.98349840571977
2012-07-31 10:00:00,128.85434746910877
2012-07-31 11:00:00,182.8727966013518
2012-07-31 12:00:00,268.0089445235432
2012-07-31 13:00:00,254.26733146819896
2012-07-31 14:00:00,287.53991477231256
2012-07-31 15:00:00,271.06772650869283
2012-07-31 16:00:00,338.21041635104655
2012-07-31 17:00:00,440.7528713626645
2012-07-31 18:00:00,462.70077381735564
2012-07-31 19:00:00,440.94976753571143
2012-07-31 20:00:00,394.2069939750334
2012-07-31 21:00:00,339.8133055891905
2012-07-31 22:00:00,444.60432056955625
2012-07-31 23:00:00,388.6444206556416
2012-08-20 00:00:00,24.951738509492255
2012-08-20 01:00:00,27.902450126904604
2012-08-20 02:00:00,31.20210332391157
2012-08-20 03:00:00,31.014996080832667
2012-08-20 04:00:00,39.01817308103326
2012-08-20 05:00:00,43.632335599473166
2012-08-20 06:00:00,54.810938353375974
2012-08-20 07:00:00,62.950831589137294
2012-08-20 08:00:00,79.85325093801042
2012-08-20 09:00:00,101.12648473980455
2012-08-20 10:00:00,113.08537462782998
2012-08-20 11:00:00,142.62309870244883
2012-08-20 12:00:00,173.40431687510087
2012-08-20 13:00:00,218.8291197768135
2012-08-20 14:00:00,271.3182760047875
2012-08-20 15:00:00,303.4034947849962
2012-08-20 16:00:00,339.2830074083364
2012-08-20 17:00:00,342.1930887650851
2012-08-20 18:00:00,215.25750532749697
2012-08-20 19:00:00,240.71315930781705
2012-08-20 20:00:00,238.74276187126793
2012-08-20 21:00:00,260.89931738658174
2012-08-20 22:00:00,291.75242393443506
2012-08-20 23:00:00,326.25411873153513
2012-08-21 00:00:00,21.71185474930438
2012-08-21 01:00:00,24.552996360622146
2012-08-21 02:00:00,23.701664428536805
2012-08-21 03:00:00,26.142979194830797
2012-08-21 04:00:00,29.56396311775558
2012-08-21 05:00:00,37.909444667178754
2012-08-21 06:00:00,42.870149404268055
2012-08-21 07:00:00,57.685570577221405
2012-08-21 08:00:00,65.23411384226893
2012-08-21 09:00:00,97.33195018498466
2012-08-21 10:00:00,134.9688052003469
2012-08-21 11:00:00,185.57729839309854
2012-08-21 12:00:00,246.30139435685868
2012-08-21 13:00:00,300.81263785771523
2012-08-21 14:00:00,359.44914375019425
2012-08-21 15:00:00,406.48547165736846
2012-08-21 16:00:00,459.67681810182125
2012-08-21 17:00:00,430.27814628869595
2012-08-21 18:00:00,451.6791912440121
2012-08-21 19:00:00,293.96822569513296
2012-08-21 20:00:00,341.9213602563417
2012-08-21 21:00:00,386.6640602992202
2012-08-21 22:00:00,388.82252197906786
2012-08-21 23:00:00,375.8979350133516
2012-08-22 00:00:00,24.361776966222358
2012-08-22 01:00:00,30.872690041692035
2012-08-22 02:00:00,34.69994872673826
2012-08-22 03:00:00,39.00166911312885
2012-08-22 04:00:00,36.98271015793577
2012-08-22 05:00:00,47.9732575956298
2012-08-22 06:00:00,62.81970238310631
2012-08-22 07:00:00,62.24445017701409
2012-08-22 08:00:00,81.62493759417801
2012-08-22 09:00:00,117.16862234904674
2012-08-22 10:00:00,147.67729511073773
2012-08-22 11:00:00,181.18857062702946
2012-08-22 12:00:00,237.07517716510043
2012-08-22 13:00:00,286.04214050695674
2012-08-22 14:00:00,335.46528264699873
2012-08-22 15:00:00,361.3588871393342
2012-08-22 16:00:00,353.0237099745612
2012-08-22 17:00:00,396.7877311273257
2012-08-22 18:00:00,354.6086965796087
2012-08-22 19:00:00,294.57044215321963
2012-08-22 20:00:00,331.79908725271713
2012-08-22 21:00:00,372.9319116571809
2012-08-22 22:00:00,419.1639340657671
2012-08-22 23:00:00,371.57538717960483
2012-08-23 00:00:00,30.58525816148975
2012-08-23 01:00:00,29.278592206815972
2012-08-23 02:00:00,32.785157815232694
2012-08-23 03:00:00,36.71168905175314
2012-08-23 04:00:00,41.10848331516704
2012-08-23 05:00:00,46.03186189802047
2012-08-23 06:00:00,44.774748820157676
2012-08-23 07:00:00,57.718191794753
2012-08-23 08:00:00,84.83736300707741
2012-08-23 09:00:00,109.75997544824709
2012-08-23 10:00:00,170.2325062055017
2012-08-23 11:00:00,233.2037012748016
2012-08-23 12:00:00,298.7560011955273
2012-08-23 13:00:00,349.38631572299784
2012-08-23 14:00:00,344.19220022689024
2012-08-23 15:00:00,385.4145555736032
2012-08-23 16:00:00,410.55455743975347
2012-08-23 17:00:00,479.6905546780687
2012-08-23 18:00:00,502.32811083256416
2012-08-23 19:00:00,524.9844764402415
2012-08-23 20:00:00,473.17960702018723
2012-08-23 21:00:00,529.850205280538
2012-08-23 22:00:00,577.2299700819024
2012-08-23 23:00:00,525.4458264396322
2012-08-24 00:00:00,51.188229005996945
2012-08-24 01:00:00,50.00418538546139
2012-08-24 02:00:00,62.66834566151581
2012-08-24 03:00:00,61.21875351248209
2012-08-24 04:00:00,67.73662369049616
2012-08-24 05:00:00,66.64577764531415
2012-08-24 06:00:00,63.04093638416892
2012-08-24 07:00:00,81.59259875679143
2012-08-24 08:00:00,101.30902543551754
2012-08-24 09:00:00,175.61585240587465
2012-08-24 10:00:00,242.82493356954583
2012-08-24 11:00:00,268.67814524378394
2012-08-24 12:00:00,310.19486667544703
2012-08-24 13:00:00,375.364520341291
2012-08-24 14:00:00,398.27935307668406
2012-08-24 15:00:00,402.70645737615564
2012-08-24 16:00:00,445.58201851430533
2012-08-24 17:00:00,459.2795881539837
2012-08-24 18:00:00,398.110147864644
2012-08-24 19:00:00,483.00802441950844
2012-08-24 20:00:00,447.1628298254747
2012-08-24 21:00:00,541.7136294458364
2012-08-24 22:00:00,599.3890786800144
2012-08-24 23:00:00,537.3750935515777
2012-08-25 00:00:00,81.92776519537247
2012-08-25 01:00:00,72.10342795792805
2012-08-25 02:00:00,67.3453508981937
2012-08-25 03:00:00,83.03042282862418
2012-08-25 04:00:00,90.18460520015768
2012-08-25 05:00:00,86.48180724539333
2012-08-25 06:00:00,83.52758918730122
2012-08-25 07:00:00,90.72460909570127
2012-08-25 08:00:00,110.58050610531595
2012-08-25 09:00:00,139.67451867367487
2012-08-25 10:00:00,171.00849835423205
2012-08-25 11:00:00,202.45501089400418
2012-08-25 12:00:00,260.5612736021204
2012-08-25 13:00:00,298.06824039906934
2012-08-25 14:00:00,225.96209649762415
2012-08-25 15:00:00,197.64068265534323
2012-08-25 16:00:00,214.21005078931384
2012-08-25 17:00:00,232.6671140795404
2012-08-25 18:00:00,286.85645857787205
2012-08-25 19:00:00,244.60594718516066
2012-08-25 20:00:00,227.1292795780617
2012-08-25 21:00:00,246.69950736517396
2012-08-25 22:00:00,267.9559722431232
2012-08-25 23:00:00,291.0439661092462
2012-08-26 00:00:00,40.40826822996179
2012-08-26 01:00:00,43.30260436985396
2012-08-26 02:00:00,46.40425406357159
2012-08-26 03:00:00,49.72806662630217
2012-08-26 04:00:00,53.289954989950296
2012-08-26 05:00:00,57.10697188715732
2012-08-26 06:00:00,62.12591290900188
2012-08-26 07:00:00,65.58079690947929
2012-08-26 08:00:00,93.11695438607985
2012-08-26 09:00:00,99.78667269181234
2012-08-26 10:00:00,158.7705874943513
2012-08-26 11:00:00,170.14289988154925
2012-08-26 12:00:00,139.97653295499214
2012-08-26 13:00:00,135.9037457720104
2012-08-26 14:00:00,106.43467566604112
2012-08-26 15:00:00,114.05830671513188
2012-08-26 16:00:00,122.2279980590369
2012-08-26 17:00:00,130.98286253567463
2012-08-26 18:00:00,140.36481453089613
2012-08-26 19:00:00,150.4187706458675
2012-08-26 20:00:00,161.19286473772172
2012-08-26 21:00:00,205.39978508525834
2012-08-26 22:00:00,187.92010385703577
2012-08-26 23:00:00,227.35256345956614
2012-08-27 00:00:00,25.532868667502058
2012-08-27 01:00:00,25.29055201102583
2012-08-27 02:00:00,28.28133061353954
2012-08-27 03:00:00,31.625788987271882
2012-08-27 04:00:00,39.92691284997596
2012-08-27 05:00:00,39.547991227372066
2012-08-27 06:00:00,44.224808320318736
2012-08-27 07:00:00,57.726180052451454
2012-08-27 08:00:00,64.55269076010441
2012-08-27 09:00:00,72.18648246919135
2012-08-27 10:00:00,102.88495121068406
2012-08-27 11:00:00,149.86346269174683
2012-08-27 12:00:00,188.30699037338462
2012-08-27 13:00:00,237.70476949641875
2012-08-27 14:00:00,320.9544496915825
2012-08-27 15:00:00,315.8776755760615
2012-08-27 16:00:00,353.2323443358724
2012-08-27 17:00:00,470.834514797576
2012-08-27 18:00:00,468.1853401376011
2012-08-27 19:00:00,326.472231570945
2012-08-27 20:00:00,365.0797781389908
2012-08-27 21:00:00,351.81041098708386
2012-08-27 22:00:00,285.7274529127948
2012-08-27 23:00:00,319.51665419040063
2012-08-28 00:00:00,21.26348385343815
2012-08-28 01:00:00,20.8256588742992
2012-08-28 02:00:00,28.943736701238755
2012-08-28 03:00:00,28.288113503976504
2012-08-28 04:00:00,37.567173571656085
2012-08-28 05:00:00,42.483089843500636
2012-08-28 06:00:00,40.90973906896101
2012-08-28 07:00:00,54.32894166515485
2012-08-28 08:00:00,56.376854302449466
2012-08-28 09:00:00,76.51320134701464
2012-08-28 10:00:00,145.78772109439487
2012-08-28 11:00:00,198.02582672092143
2012-08-28 12:00:00,255.47534146077066
2012-08-28 13:00:00,320.28359677496184
2012-08-28 14:00:00,385.17823063316024
2012-08-28 15:00:00,446.2068601871153
2012-08-28 16:00:00,502.96796534714446
2012-08-28 17:00:00,552.4268539834162
2012-08-28 18:00:00,591.5121463328668
2012-08-28 19:00:00,600.5036464653327
2012-08-28 20:00:00,637.255785319234
2012-08-28 21:00:00,720.644972914156
2012-08-28 22:00:00,717.807791005301
2012-08-28 23:00:00,745.0937396674362
2012-08-29 00:00:00,36.29867644542904
2012-08-29 01:00:00,39.66019560800813
2012-08-29 02:00:00,39.3621156450655
2012-08-29 03:00:00,44.24180053034512
2012-08-29 04:00:00,47.83727892913904
2012-08-29 05:00:00,53.76762192818688
2012-08-29 06:00:00,60.43314403594728
2012-08-29 07:00:00,87.34685884645732
2012-08-29 08:00:00,110.2061366753833
2012-08-29 09:00:00,158.3105465488258
2012-08-29 10:00:00,192.18484481111065
2012-08-29 11:00:00,223.29920533335022
2012-08-29 12:00:00,281.47456670509507
2012-08-29 13:00:00,301.32701046180443
2012-08-29 14:00:00,355.5886415977422
2012-08-29 15:00:00,399.6706349394582
2012-08-29 16:00:00,457.1033597429791
2012-08-29 17:00:00,534.7506773329674
2012-08-29 18:00:00,540.5176312328642
2012-08-29 19:00:00,484.6046898493012
2012-08-29 20:00:00,499.96217105397295
2012-08-29 21:00:00,571.3066595647567
2012-08-29 22:00:00,642.1310150611881
2012-08-29 23:00:00,685.8459834495279
2012-08-30 00:00:00,37.87168529724932
2012-08-30 01:00:00,46.32420733902362
2012-08-30 02:00:00,41.93127110613081
2012-08-30 03:00:00,46.95319129065811
2012-08-30 04:00:00,52.576564321103916
2012-08-30 05:00:00,58.87342350595823
2012-08-30 06:00:00,50.37172553906793
2012-08-30 07:00:00,75.92621199266877
2012-08-30 08:00:00,105.57795118759992
2012-08-30 09:00:00,145.05493305309975
2012-08-30 10:00:00,180.0909943218083
2012-08-30 11:00:00,257.9282665401653
2012-08-30 12:00:00,272.47441488675685
2012-08-30 13:00:00,292.4082451247563
2012-08-30 14:00:00,327.4286685361409
2012-08-30 15:00:00,393.4522984919018
2012-08-30 16:00:00,460.0985701713788
2012-08-30 17:00:00,567.9505091111677
2012-08-30 18:00:00,606.1839568552695
2012-08-30 19:00:00,576.4373865813428
2012-08-30 20:00:00,527.6104271179355
2012-08-30 21:00:00,476.8914645900778
2012-08-30 22:00:00,477.6349975690693
2012-08-30 23:00:00,470.5619712577765
2012-08-31 00:00:00,34.99709539281327
2012-08-31 01:00:00,38.723184398062685
2012-08-31 02:00:00,37.02984889529428
2012-08-31 03:00:00,40.972362160641886
2012-08-31 04:00:00,44.92849014094237
2012-08-31 05:00:00,49.71196006202044
2012-08-31 06:00:00,55.004718953506284
2012-08-31 07:00:00,60.86099005912442
2012-08-31 08:00:00,102.98441060813734
2012-08-31 09:00:00,130.5862373852144
2012-08-31 10:00:00,182.24154008231332
2012-08-31 11:00:00,344.17383141276025
2012-08-31 12:00:00,382.2742114936446
2012-08-31 13:00:00,422.6946599104387
2012-08-31 14:00:00,466.4631761401146
2012-08-31 15:00:00,519.7923118428756
2012-08-31 16:00:00,575.1338308012929
2012-08-31 17:00:00,626.8556264830563
2012-08-31 18:00:00,673.4065486397353
2012-08-31 19:00:00,617.4372719498381
2012-08-31 20:00:00,683.1749054483004
2012-08-31 21:00:00,611.8974749170757
2012-08-31 22:00:00,677.045294415736
2012-08-31 23:00:00,675.361349099857
2012-09-20 00:00:00,31.07468128374357
2012-09-20 01:00:00,27.09254050798951
2012-09-20 02:00:00,30.337292513785616
2012-09-20 03:00:00,29.619086709329316
2012-09-20 04:00:00,33.16643181643001
2012-09-20 05:00:00,37.13862652920439
2012-09-20 06:00:00,41.58655317851982
2012-09-20 07:00:00,44.593053037901875
2012-09-20 08:00:00,70.96733418168661
2012-09-20 09:00:00,105.39063075682216
2012-09-20 10:00:00,137.32255479586382
2012-09-20 11:00:00,197.27970942584187
2012-09-20 12:00:00,220.90701498153894
2012-09-20 13:00:00,253.85021083169693
2012-09-20 14:00:00,274.372532347329
2012-09-20 15:00:00,317.98693682399147
2012-09-20 16:00:00,344.02880509850223
2012-09-20 17:00:00,370.1007125525121
2012-09-20 18:00:00,349.78957797554585
2012-09-20 19:00:00,343.054501537406
2012-09-20 20:00:00,342.7375969928903
2012-09-20 21:00:00,383.7857410374274
2012-09-20 22:00:00,347.91292641700574
2012-09-20 23:00:00,427.8391063755607
2012-09-21 00:00:00,41.67951300187815
2012-09-21 01:00:00,40.88759231235458
2012-09-21 02:00:00,45.240833815861485
2012-09-21 03:00:00,43.447002949740906
2012-09-21 04:00:00,48.072741119866635
2012-09-21 05:00:00,48.0738763700787
2012-09-21 06:00:00,58.85413924055504
2012-09-21 07:00:00,68.09782042492755
2012-09-21 08:00:00,85.26137141342848
2012-09-21 09:00:00,113.41060161550058
2012-09-21 10:00:00,156.17522490505993
2012-09-21 11:00:00,200.20979361827466
2012-09-21 12:00:00,229.29680735408058
2012-09-21 13:00:00,276.4024566441113
2012-09-21 14:00:00,305.83061755763225
2012-09-21 15:00:00,338.39195125574656
2012-09-21 16:00:00,374.4200420126114
2012-09-21 17:00:00,380.2711015702935
2012-09-21 18:00:00,377.0104112050266
2012-09-21 19:00:00,371.61075970758446
2012-09-21 20:00:00,362.8279942095945
2012-09-21 21:00:00,353.7925341118956
2012-09-21 22:00:00,391.4603021565651
2012-09-21 23:00:00,433.13850177528815
2012-09-22 00:00:00,53.50692706817571
2012-09-22 01:00:00,44.93010509139819
2012-09-22 02:00:00,41.74427201408484
2012-09-22 03:00:00,51.41256206186149
2012-09-22 04:00:00,55.84244249180359
2012-09-22 05:00:00,60.65401641914356
2012-09-22 06:00:00,65.88017184802987
2012-09-22 07:00:00,83.28513243062413
2012-09-22 08:00:00,103.65047121359676
2012-09-22 09:00:00,132.53113109324374
2012-09-22 10:00:00,162.35099703094608
2012-09-22 11:00:00,216.36265607709785
2012-09-22 12:00:00,260.5612736021204
2012-09-22 13:00:00,304.88201600760715
2012-09-22 14:00:00,355.48112137106835
2012-09-22 15:00:00,376.7681042326216
2012-09-22 16:00:00,390.6764962187088
2012-09-22 17:00:00,424.33850596168236
2012-09-22 18:00:00,427.8394443281605
2012-09-22 19:00:00,419.1250083721396
2012-09-22 20:00:00,490.4773151101911
2012-09-22 21:00:00,456.4303261410386
2012-09-22 22:00:00,477.8954180406829
2012-09-22 23:00:00,580.4593986319874
2012-09-23 00:00:00,168.62069502492866
2012-09-23 01:00:00,122.42475545116163
2012-09-23 02:00:00,129.67320430659288
2012-09-23 03:00:00,114.15271058888774
2012-09-23 04:00:00,115.31226638997758
2012-09-23 05:00:00,117.5331346931892
2012-09-23 06:00:00,114.1810191074615
2012-09-23 07:00:00,134.9733032891198
2012-09-23 08:00:00,161.32628098149462
2012-09-23 09:00:00,192.13722595209242
2012-09-23 10:00:00,246.26164557170785
2012-09-23 11:00:00,276.42067503914495
2012-09-23 12:00:00,304.9149782695001
2012-09-23 13:00:00,398.77491978787253
2012-09-23 14:00:00,427.3381003591408
2012-09-23 15:00:00,473.2814159057482
2012-09-23 16:00:00,507.1812974497848
2012-09-23 17:00:00,457.80796328711006
2012-09-23 18:00:00,457.4381940601551
2012-09-23 19:00:00,444.9885504727599
2012-09-23 20:00:00,476.86188976416156
2012-09-23 21:00:00,482.7052687955931
2012-09-23 22:00:00,517.2801557083543
2012-09-23 23:00:00,457.8437473003968
2012-09-24 00:00:00,43.41834998061075
2012-09-24 01:00:00,45.774568235852094
2012-09-24 02:00:00,54.294567159454324
2012-09-24 03:00:00,60.71526646338585
2012-09-24 04:00:00,60.54443081548686
2012-09-24 05:00:00,75.92432955357783
2012-09-24 06:00:00,89.65969842363852
2012-09-24 07:00:00,89.51038749908736
2012-09-24 08:00:00,132.52440678318362
2012-09-24 09:00:00,162.79079251606245
2012-09-24 10:00:00,199.42319195915726
2012-09-24 11:00:00,262.8546480483378
2012-09-24 12:00:00,297.74476383055634
2012-09-24 13:00:00,399.06703082767535
2012-09-24 14:00:00,445.49461829290635
2012-09-24 15:00:00,499.0325914290413
2012-09-24 16:00:00,504.8203972321605
2012-09-24 17:00:00,564.518819057677
2012-09-24 18:00:00,542.8734662073525
2012-09-24 19:00:00,564.449963147053
2012-09-24 20:00:00,556.6557105393445
2012-09-24 21:00:00,594.2871054814135
2012-09-24 22:00:00,664.565569867985
2012-09-24 23:00:00,567.7125665737747
2012-09-25 00:00:00,35.6187636651533
2012-09-25 01:00:00,35.260503713268356
2012-09-25 02:00:00,34.820315488109166
2012-09-25 03:00:00,43.374273712603845
2012-09-25 04:00:00,49.050087931539395
2012-09-25 05:00:00,50.35648703534806
2012-09-25 06:00:00,59.96663788159835
2012-09-25 07:00:00,67.81367408110565
2012-09-25 08:00:00,100.61256927633882
2012-09-25 09:00:00,157.45620241125582
2012-09-25 10:00:00,197.97411318446595
2012-09-25 11:00:00,277.96062176434054
2012-09-25 12:00:00,337.94747212960317
2012-09-25 13:00:00,378.5591307865049
2012-09-25 14:00:00,481.84677723580694
2012-09-25 15:00:00,557.4937551408692
2012-09-25 16:00:00,616.2034246666726
2012-09-25 17:00:00,696.8377698698657
2012-09-25 18:00:00,747.9310762349082
2012-09-25 19:00:00,733.2534578111768
2012-09-25 20:00:00,726.0133899289559
2012-09-25 21:00:00,821.0171045502096
2012-09-25 22:00:00,928.4526915267676
2012-09-25 23:00:00,1049.946944620054
2012-09-26 00:00:00,55.71475946393515
2012-09-26 01:00:00,62.62166640193245
2012-09-26 02:00:00,70.38481617233474
2012-09-26 03:00:00,79.11035640310695
2012-09-26 04:00:00,71.7116703190294
2012-09-26 05:00:00,80.60169942491643
2012-09-26 06:00:00,86.79363712753143
2012-09-26 07:00:00,89.93144000709485
2012-09-26 08:00:00,114.44775548800078
2012-09-26 09:00:00,167.1309121542632
2012-09-26 10:00:00,154.27439815085853
2012-09-26 11:00:00,241.82495783973408
2012-09-26 12:00:00,290.330296306887
2012-09-26 13:00:00,356.8473605768025
2012-09-26 14:00:00,501.82008483228594
2012-09-26 15:00:00,564.0302542542348
2012-09-26 16:00:00,660.4743658173738
2012-09-26 17:00:00,712.5430701539196
2012-09-26 18:00:00,800.8763721769444
2012-09-26 19:00:00,775.1555181550956
2012-09-26 20:00:00,601.14498422483
2012-09-26 21:00:00,740.7730717931753
2012-09-26 22:00:00,711.60234815578
2012-09-26 23:00:00,628.8961373597349
2012-09-27 00:00:00,45.913751411481684
2012-09-27 01:00:00,51.412635391819116
2012-09-27 02:00:00,57.5700960316463
2012-09-27 03:00:00,64.46500810227586
2012-09-27 04:00:00,45.44248064475461
2012-09-27 05:00:00,70.03773637923905
2012-09-27 06:00:00,67.08470083428386
2012-09-27 07:00:00,101.35201615082804
2012-09-27 08:00:00,137.68698599171458
2012-09-27 09:00:00,189.1043625326901
2012-09-27 10:00:00,294.24348257894894
2012-09-27 11:00:00,339.727724656574
2012-09-27 12:00:00,407.59250231261774
2012-09-27 13:00:00,456.4080273474987
2012-09-27 14:00:00,546.488634561798
2012-09-27 15:00:00,611.9391260952967
2012-09-27 16:00:00,525.5107543655272
2012-09-27 17:00:00,426.35037659606047
2012-09-27 18:00:00,477.4124480627055
2012-09-27 19:00:00,586.1009492822293
2012-09-27 20:00:00,581.9124054615784
2012-09-27 21:00:00,449.87636240298
2012-09-27 22:00:00,503.7560356228767
2012-09-27 23:00:00,564.0886355330691
2012-09-28 00:00:00,47.735012052860235
2012-09-28 01:00:00,52.81728821261648
2012-09-28 02:00:00,58.44066680124454
2012-09-28 03:00:00,72.74579521256608
2012-09-28 04:00:00,67.01659950032739
2012-09-28 05:00:00,74.15175776888042
2012-09-28 06:00:00,69.687234858598
2012-09-28 07:00:00,77.10673172536306
2012-09-28 08:00:00,120.64330070401718
2012-09-28 09:00:00,136.59697272375092
2012-09-28 10:00:00,176.7946770162545
2012-09-28 11:00:00,249.17302656922885
2012-09-28 12:00:00,399.5802975441078
2012-09-28 13:00:00,464.7388386163986
2012-09-28 14:00:00,489.19520546592406
2012-09-28 15:00:00,523.8746233934993
2012-09-28 16:00:00,593.8794205058232
2012-09-28 17:00:00,618.4040623883774
2012-09-28 18:00:00,702.471920059694
2012-09-28 19:00:00,749.2814003005254
2012-09-28 20:00:00,762.7050985990744
2012-09-28 21:00:00,843.9091828306259
2012-09-28 22:00:00,862.3762510688298
2012-09-28 23:00:00,869.8332521776874
2012-09-29 00:00:00,96.23966837096533
2012-09-29 01:00:00,104.53200406486984
2012-09-29 02:00:00,120.21430225097056
2012-09-29 03:00:00,118.6140512471212
2012-09-29 04:00:00,128.83423952918992
2012-09-29 05:00:00,124.97713096053968
2012-09-29 06:00:00,135.7455837360745
2012-09-29 07:00:00,131.32033306478277
2012-09-29 08:00:00,147.9623206853967
2012-09-29 09:00:00,173.94469416605307
2012-09-29 10:00:00,232.87207391018075
2012-09-29 11:00:00,281.2248078780017
2012-09-29 12:00:00,415.9449960195736
2012-09-29 13:00:00,451.78422526441057
2012-09-29 14:00:00,476.4981438709275
2012-09-29 15:00:00,502.6873535296797
2012-09-29 16:00:00,578.9173152436117
2012-09-29 17:00:00,620.9454018723185
2012-09-29 18:00:00,536.8819691834134
2012-09-29 19:00:00,469.83623076503346
2012-09-29 20:00:00,510.31891127100533
2012-09-29 21:00:00,554.2897166035352
2012-09-29 22:00:00,509.3874621343567
2012-09-29 23:00:00,586.1058175239153
2012-09-30 00:00:00,93.26321356707581
2012-09-30 01:00:00,99.94340802662255
2012-09-30 02:00:00,95.68581763826144
2012-09-30 03:00:00,91.37079320015657
2012-09-30 04:00:00,97.91543865204301
2012-09-30 05:00:00,91.85378338840582
2012-09-30 06:00:00,98.43302413522316
2012-09-30 07:00:00,96.99914858216322
2012-09-30 08:00:00,136.37635894577963
2012-09-30 09:00:00,173.12171288079767
2012-09-30 10:00:00,272.38656046002717
2012-09-30 11:00:00,331.6462878666714
2012-09-30 12:00:00,376.827284188516
2012-09-30 13:00:00,403.8184143432983
2012-09-30 14:00:00,432.7428469355645
2012-09-30 15:00:00,501.02600094080714
2012-09-30 16:00:00,536.9131528795132
2012-09-30 17:00:00,558.355765532096
2012-09-30 18:00:00,342.4220147175263
2012-09-30 19:00:00,282.6138562503256
2012-09-30 20:00:00,302.85673063248225
2012-09-30 21:00:00,347.72203696855206
2012-09-30 22:00:00,330.75501977672764
2012-09-30 23:00:00,354.4461168992892
2012-10-20 00:00:00,53.74346540257531
2012-10-20 01:00:00,69.91427779283681
2012-10-20 02:00:00,66.21079324439336
2012-10-20 03:00:00,68.29316645631658
2012-10-20 04:00:00,84.94460346257105
2012-10-20 05:00:00,70.25639521444658
2012-10-20 06:00:00,96.39503505934283
2012-10-20 07:00:00,82.88504556064525
2012-10-20 08:00:00,135.05613968669306
2012-10-20 09:00:00,184.26540584429875
2012-10-20 10:00:00,231.72772066867313
2012-10-20 11:00:00,266.28654099443185
2012-10-20 12:00:00,326.9699685687367
2012-10-20 13:00:00,365.5674177777564
2012-10-20 14:00:00,407.3337308822954
2012-10-20 15:00:00,431.27849052759615
2012-10-20 16:00:00,446.51725705808235
2012-10-20 17:00:00,504.009948256723
2012-10-20 18:00:00,509.0020965172419
2012-10-20 19:00:00,495.2158404563897
2012-10-20 20:00:00,565.8002074227745
2012-10-20 21:00:00,508.09653698216033
2012-10-20 22:00:00,498.53367635570953
2012-10-20 23:00:00,470.34394540433004
2012-10-21 00:00:00,83.33906829178476
2012-10-21 01:00:00,80.20356639179468
2012-10-21 02:00:00,77.01898913530644
2012-10-21 03:00:00,73.83252938775577
2012-10-21 04:00:00,67.1937010260209
2012-10-21 05:00:00,84.78817830963439
2012-10-21 06:00:00,101.57174865882224
2012-10-21 07:00:00,108.84706125727931
2012-10-21 08:00:00,115.41767472650984
2012-10-21 09:00:00,162.9650228389181
2012-10-21 10:00:00,212.6748415656412
2012-10-21 11:00:00,251.37913734387536
2012-10-21 12:00:00,297.74984464968355
2012-10-21 13:00:00,342.7056670702516
2012-10-21 14:00:00,372.0077661039293
2012-10-21 15:00:00,398.6536870730643
2012-10-21 16:00:00,398.3316964623434
2012-10-21 17:00:00,396.8934650855139
2012-10-21 18:00:00,425.3218820903358
2012-10-21 19:00:00,419.31735200870287
2012-10-21 20:00:00,415.8291748409529
2012-10-21 21:00:00,335.4120001561657
2012-10-21 22:00:00,359.43666432342883
2012-10-21 23:00:00,409.1245611624997
2012-10-22 00:00:00,36.97574426008406
2012-10-22 01:00:00,36.46248504508031
2012-10-22 02:00:00,38.55137183872078
2012-10-22 03:00:00,51.70606820470044
2012-10-22 04:00:00,51.723654102358736
2012-10-22 05:00:00,49.987985056376345
2012-10-22 06:00:00,52.10478103496553
2012-10-22 07:00:00,72.32922123220052
2012-10-22 08:00:00,94.67609159789072
2012-10-22 09:00:00,118.72634167178052
2012-10-22 10:00:00,165.7215280536829
2012-10-22 11:00:00,262.8546480483378
2012-10-22 12:00:00,314.7938480077901
2012-10-22 13:00:00,417.84108438285233
2012-10-22 14:00:00,464.15248624043875
2012-10-22 15:00:00,541.9711465594982
2012-10-22 16:00:00,574.4818248347775
2012-10-22 17:00:00,642.4181810084112
2012-10-22 18:00:00,396.77523961742014
2012-10-22 19:00:00,497.7888201939844
2012-10-22 20:00:00,480.7813867268198
2012-10-22 21:00:00,452.03041885213355
2012-10-22 22:00:00,368.95125693110157
2012-10-22 23:00:00,412.58223517621764
2012-10-23 00:00:00,24.31627153205799
2012-10-23 01:00:00,34.09795026224872
2012-10-23 02:00:00,29.807793675747476
2012-10-23 03:00:00,41.46550668502221
2012-10-23 04:00:00,44.529503289064216
2012-10-23 05:00:00,53.02761880328029
2012-10-23 06:00:00,49.65709341711467
2012-10-23 07:00:00,67.81367408110565
2012-10-23 08:00:00,87.95430330086803
2012-10-23 09:00:00,110.16220174767884
2012-10-23 10:00:00,168.17275652474348
2012-10-23 11:00:00,252.2122392525196
2012-10-23 12:00:00,326.7071762536813
2012-10-23 13:00:00,392.1910785554877
2012-10-23 14:00:00,493.7790287595615
2012-10-23 15:00:00,558.3933218083772
2012-10-23 16:00:00,611.804933273883
2012-10-23 17:00:00,714.093968176388
2012-10-23 18:00:00,620.0128768126218
2012-10-23 19:00:00,655.7077210639001
2012-10-23 20:00:00,594.4406677590907
2012-10-23 21:00:00,597.5708554587175
2012-10-23 22:00:00,675.7670041875103
2012-10-23 23:00:00,664.2364483184409
2012-10-24 00:00:00,43.048866991500724
2012-10-24 01:00:00,53.137230088025504
2012-10-24 02:00:00,59.72460310537687
2012-10-24 03:00:00,51.65681570623817
2012-10-24 04:00:00,58.0606631288806
2012-10-24 05:00:00,58.98037710588376
2012-10-24 06:00:00,63.50223833974809
2012-10-24 07:00:00,65.31200176460696
2012-10-24 08:00:00,85.31063869894304
2012-10-24 09:00:00,108.91079549867028
2012-10-24 10:00:00,138.5177184647182
2012-10-24 11:00:00,201.49683284735366
2012-10-24 12:00:00,261.81573902946184
2012-10-24 13:00:00,358.7861200317928
2012-10-24 14:00:00,584.9225394534335
2012-10-24 15:00:00,585.7710881160673
2012-10-24 16:00:00,728.9014457072664
2012-10-24 17:00:00,633.3068427221997
2012-10-24 18:00:00,737.439934128108
2012-10-24 19:00:00,710.132526900168
2012-10-24 20:00:00,666.8538052743997
2012-10-24 21:00:00,749.523051603303
2012-10-24 22:00:00,763.5956902850171
2012-10-24 23:00:00,760.8066362529618
2012-10-25 00:00:00,62.65874327891642
2012-10-25 01:00:00,62.19639757617983
2012-10-25 02:00:00,53.4071422955453
2012-10-25 03:00:00,44.97461524618904
2012-10-25 04:00:00,50.3610231021427
2012-10-25 05:00:00,56.39253685687652
2012-10-25 06:00:00,63.14641794913939
2012-10-25 07:00:00,70.70918107350874
2012-10-25 08:00:00,88.85853566482116
2012-10-25 09:00:00,99.50072375144606
2012-10-25 10:00:00,115.60570240912195
2012-10-25 11:00:00,129.45127863564244
2012-10-25 12:00:00,168.43735058206974
2012-10-25 13:00:00,188.61033624175607
2012-10-25 14:00:00,250.75154916920056
2012-10-25 15:00:00,348.0454879546135
2012-10-25 16:00:00,344.8446967912015
2012-10-25 17:00:00,386.14519872351093
2012-10-25 18:00:00,295.61450223841734
2012-10-25 19:00:00,319.9801561400261
2012-10-25 20:00:00,307.70031964958497
2012-10-25 21:00:00,344.55220620753465
2012-10-25 22:00:00,449.26678226026905
2012-10-25 23:00:00,503.0734488018087
2012-10-26 00:00:00,55.964205066346786
2012-10-26 01:00:00,46.56830501691946
2012-10-26 02:00:00,51.52636360346939
2012-10-26 03:00:00,57.012299357520455
2012-10-26 04:00:00,63.082314580660054
2012-10-26 05:00:00,69.79859535043354
2012-10-26 06:00:00,77.229948604124
2012-10-26 07:00:00,85.45250705190006
2012-10-26 08:00:00,97.61159242788251
2012-10-26 09:00:00,108.00415436046818
2012-10-26 10:00:00,119.50319699720201
2012-10-26 11:00:00,173.30385226866898
2012-10-26 12:00:00,222.07696463881717
2012-10-26 13:00:00,271.9012076278421
2012-10-26 14:00:00,339.3858538762889
2012-10-26 15:00:00,414.29403963106677
2012-10-26 16:00:00,332.8585866684549
2012-10-26 17:00:00,332.26462807141115
2012-10-26 18:00:00,351.8695271848527
2012-10-26 19:00:00,335.0547282108125
2012-10-26 20:00:00,370.7275097639778
2012-10-26 21:00:00,468.41485774558106
2012-10-26 22:00:00,437.42843469773567
2012-10-26 23:00:00,484.00079342683745
2012-10-27 00:00:00,51.448587428344254
2012-10-27 01:00:00,55.88157192584423
2012-10-27 02:00:00,60.69651737771326
2012-10-27 03:00:00,65.92633483309794
2012-10-27 04:00:00,71.6067710685758
2012-10-27 05:00:00,88.73041660290512
2012-10-27 06:00:00,96.37572973818266
2012-10-27 07:00:00,98.25528680223353
2012-10-27 08:00:00,125.80178528124087
2012-10-27 09:00:00,136.6412930653229
2012-10-27 10:00:00,175.62013132741123
2012-10-27 11:00:00,235.62144463437969
2012-10-27 12:00:00,344.11132421163416
2012-10-27 13:00:00,426.0961810420284
2012-10-27 14:00:00,447.4107338351478
2012-10-27 15:00:00,349.9722992072378
2012-10-27 16:00:00,356.1972881434484
2012-10-27 17:00:00,386.88845257222164
2012-10-27 18:00:00,420.2240716483152
2012-10-27 19:00:00,359.7852808662677
2012-10-27 20:00:00,390.7855988969658
2012-10-27 21:00:00,424.45700929611763
2012-10-27 22:00:00,461.02966242649836
2012-10-27 23:00:00,537.8718872124172
2012-10-28 00:00:00,85.58806138581095
2012-10-28 01:00:00,81.3589683927046
2012-10-28 02:00:00,93.41151559052423
2012-10-28 03:00:00,108.345053936985
2012-10-28 04:00:00,116.10552027035448
2012-10-28 05:00:00,124.42184804384459
2012-10-28 06:00:00,141.24498877314122
2012-10-28 07:00:00,151.36198941415466
2012-10-28 08:00:00,162.20364374277366
2012-10-28 09:00:00,183.21075702290725
2012-10-28 10:00:00,194.09591868892534
2012-10-28 11:00:00,220.64753177271186
2012-10-28 12:00:00,202.11910676979662
2012-10-28 13:00:00,216.59635761255333
2012-10-28 14:00:00,245.65368233781956
2012-10-28 15:00:00,248.50460175493603
2012-10-28 16:00:00,237.1861476279542
2012-10-28 17:00:00,203.7333635652639
2012-10-28 18:00:00,143.05432639719854
2012-10-28 19:00:00,153.30092505129122
2012-10-28 20:00:00,164.2814601519233
2012-10-28 21:00:00,207.6974929571922
2012-10-28 22:00:00,222.57430867742818
2012-10-28 23:00:00,202.1714800894047
2012-10-29 00:00:00,26.786660162770307
2012-10-30 13:00:00,83.84194345174411
2012-10-30 14:00:00,94.81322329240965
2012-10-30 15:00:00,100.8859126370184
2012-10-30 16:00:00,114.08750999930673
2012-10-30 17:00:00,129.01662479550117
2012-10-30 18:00:00,149.29729603206914
2012-10-30 19:00:00,403.70075264138
2012-10-30 20:00:00,203.64782294236988
2012-10-30 21:00:00,220.43611451632827
2012-10-30 22:00:00,266.85429001146935
2012-10-30 23:00:00,301.7739611434136
2012-10-31 00:00:00,20.001106963616415
2012-10-31 01:00:00,22.480625600756934
2012-10-31 02:00:00,24.707540008087207
2012-10-31 03:00:00,28.399919798138903
2012-10-31 04:00:00,27.90921284731748
2012-10-31 05:00:00,35.08266597020939
2012-10-31 06:00:00,39.43183145749712
2012-10-31 07:00:00,40.551727560328196
2012-10-31 08:00:00,53.790384895138985
2012-10-31 09:00:00,67.457375320715
2012-10-31 10:00:00,84.45438159161064
2012-10-31 11:00:00,103.60446120421601
2012-10-31 12:00:00,150.77914196374266
2012-10-31 13:00:00,196.93725970584882
2012-10-31 14:00:00,221.35138871762322
2012-10-31 15:00:00,238.22682762463518
2012-10-31 16:00:00,267.7595859882924
2012-10-31 17:00:00,270.4662437285774
2012-10-31 18:00:00,303.9956925367021
2012-10-31 19:00:00,373.6924753070243
2012-10-31 20:00:00,420.0187840842567
2012-10-31 21:00:00,472.08812229541047
2012-10-31 22:00:00,418.16067169738625
2012-10-31 23:00:00,480.0813028688891
2012-11-20 00:00:00,22.509896413181654
2012-11-20 01:00:00,28.430450056668676
2012-11-20 02:00:00,26.497313245485504
2012-11-20 03:00:00,34.015594788047316
2012-11-20 04:00:00,40.22994085403393
2012-11-20 05:00:00,45.494298058934184
2012-11-20 06:00:00,48.17368942117035
2012-11-20 07:00:00,49.00492315691686
2012-11-20 08:00:00,61.606290220400574
2012-11-20 09:00:00,76.70778341649971
2012-11-20 10:00:00,104.29941201909436
2012-11-20 11:00:00,123.14256409129855
2012-11-20 12:00:00,139.2565933625825
2012-11-20 13:00:00,188.488600263499
2012-11-20 14:00:00,213.15359602968638
2012-11-20 15:00:00,265.34859532881416
2012-11-20 16:00:00,244.06254666599673
2012-11-20 17:00:00,229.5247987678701
2012-11-20 18:00:00,278.96033526705514
2012-11-20 19:00:00,293.5247753612657
2012-11-20 20:00:00,291.00844060370775
2012-11-20 21:00:00,335.529204851805
2012-11-20 22:00:00,379.4354485478842
2012-11-20 23:00:00,325.85976934205627
2012-11-21 00:00:00,22.665220316595178
2012-11-21 01:00:00,23.73690704664977
2012-11-21 02:00:00,21.403612698986315
2012-11-21 03:00:00,24.056998668363597
2012-11-21 04:00:00,27.039322429762393
2012-11-21 05:00:00,30.391362095477234
2012-11-21 06:00:00,34.954509869396944
2012-11-21 07:00:00,37.30325403957996
2012-11-21 08:00:00,48.263146610021444
2012-11-21 09:00:00,65.04129376603663
2012-11-21 10:00:00,100.9517499643637
2012-11-21 11:00:00,146.71667285755143
2012-11-21 12:00:00,202.4793060078562
2012-11-21 13:00:00,237.88365423985474
2012-11-21 14:00:00,287.54555982074817
2012-11-21 15:00:00,317.12036026773495
2012-11-21 16:00:00,342.09257764726465
2012-11-21 17:00:00,324.29099516802813
2012-11-21 18:00:00,393.23950764039637
2012-11-21 19:00:00,376.1107426019457
2012-11-21 20:00:00,303.85197914933474
2012-11-21 21:00:00,418.67403297892844
2012-11-21 22:00:00,448.230334583391
2012-11-21 23:00:00,416.020038330272
2012-11-22 00:00:00,30.72966126544768
2012-11-22 01:00:00,30.99550107155816
2012-11-22 02:00:00,26.470923314032294
2012-11-22 03:00:00,29.52897048612862
2012-11-22 04:00:00,28.221548818659752
2012-11-22 05:00:00,36.74571797432791
2012-11-22 06:00:00,46.266595175494324
2012-11-22 07:00:00,41.9789753105354
2012-11-22 08:00:00,49.45883321397216
2012-11-22 09:00:00,80.45784559932252
2012-11-22 10:00:00,115.13378756327518
2012-11-22 11:00:00,184.31483394474841
2012-11-22 12:00:00,228.43078724882218
2012-11-22 13:00:00,277.14952097294656
2012-11-22 14:00:00,331.3994859123726
2012-11-22 15:00:00,369.6843333544447
2012-11-22 16:00:00,380.41637602902347
2012-11-22 17:00:00,394.594216691548
2012-11-22 18:00:00,366.62106931211434
2012-11-22 19:00:00,243.63980586354185
2012-11-22 20:00:00,276.5864396474111
2012-11-22 21:00:00,344.41695648345035
2012-11-22 22:00:00,370.46982445120364
2012-11-22 23:00:00,348.35318230756513
2012-11-23 00:00:00,33.98947596968848
2012-11-23 01:00:00,29.566446254108357
2012-11-23 02:00:00,33.729493343952946
2012-11-23 03:00:00,40.93648428864227
2012-11-23 04:00:00,38.05398079395963
2012-11-23 05:00:00,40.95792576522041
2012-11-23 06:00:00,45.31865556746989
2012-11-23 07:00:00,50.14366582467286
2012-11-23 08:00:00,48.182392178769774
2012-11-23 09:00:00,70.48097980831461
2012-11-23 10:00:00,111.32021705130391
2012-11-23 11:00:00,174.09668947193518
2012-11-23 12:00:00,242.0995626375449
2012-11-23 13:00:00,284.6465315463289
2012-11-23 14:00:00,360.3025840025117
2012-11-23 15:00:00,361.87135076376615
2012-11-23 16:00:00,400.39925847328743
2012-11-23 17:00:00,450.0018834034054
2012-11-23 18:00:00,449.63242551892745
2012-11-23 19:00:00,483.73601982084773
2012-11-23 20:00:00,564.7371591758705
2012-11-23 21:00:00,592.224749473305
2012-11-23 22:00:00,688.6722531418644
2012-11-23 23:00:00,693.3562263598184
2012-11-24 00:00:00,81.2584361491611
2012-11-24 01:00:00,63.81003750883379
2012-11-24 02:00:00,67.33771568244129
2012-11-24 03:00:00,65.57894870363617
2012-11-24 04:00:00,64.32449918247832
2012-11-24 05:00:00,71.63907780589808
2012-11-24 06:00:00,71.37796057434747
2012-11-24 07:00:00,84.51626659381317
2012-11-24 08:00:00,86.3813028336704
2012-11-24 09:00:00,97.24162503772827
2012-11-24 10:00:00,104.62352660415357
2012-11-24 11:00:00,127.03568130839277
2012-11-24 12:00:00,150.00146654892757
2012-11-24 13:00:00,179.54193979679937
2012-11-24 14:00:00,196.41766411515744
2012-11-24 15:00:00,196.37048509408223
2012-11-24 16:00:00,193.72556978745976
2012-11-24 17:00:00,193.14874604418014
2012-11-24 18:00:00,217.03328772808226
2012-11-24 19:00:00,233.48333600082498
2012-11-24 20:00:00,227.03685341223306
2012-11-24 21:00:00,253.16916268338701
2012-11-24 22:00:00,274.9830749697756
2012-11-24 23:00:00,298.67654780056336
2012-11-25 00:00:00,43.668196015144815
2012-11-25 01:00:00,49.81953892948215
2012-11-25 02:00:00,50.63041628510354
2012-11-25 03:00:00,61.656673760478576
2012-11-25 04:00:00,66.07297633783512
2012-11-25 05:00:00,63.43216254688353
2012-11-25 06:00:00,69.80616976390046
2012-11-25 07:00:00,71.40787111166856
2012-11-25 08:00:00,74.4195674527563
2012-11-25 09:00:00,84.51356702745092
2012-11-25 10:00:00,90.56704771528146
2012-11-25 11:00:00,113.36041531611201
2012-11-25 12:00:00,121.48011856633276
2012-11-25 13:00:00,130.18141443587987
2012-11-25 14:00:00,153.59455172798658
2012-11-25 15:00:00,164.5961185218642
2012-11-25 16:00:00,181.70471166405918
2012-11-25 17:00:00,180.82295256941805
2012-11-25 18:00:00,178.13245860628183
2012-11-25 19:00:00,211.10551989353252
2012-11-25 20:00:00,175.03628018896677
2012-11-25 21:00:00,225.8976084938049
2012-11-25 22:00:00,201.0090600766881
2012-11-25 23:00:00,177.97415558556355
2012-11-26 00:00:00,20.57090411293913
2012-11-26 01:00:00,21.942119017897273
2012-11-26 02:00:00,24.5369228016947
2012-11-26 03:00:00,27.4385796597516
2012-11-26 04:00:00,32.167662257547896
2012-11-26 05:00:00,32.839965843543
2012-11-26 06:00:00,40.22560275977833
2012-11-26 07:00:00,49.74754262005908
2012-11-26 08:00:00,55.63052555893858
2012-11-26 09:00:00,75.08391923560409
2012-11-26 10:00:00,103.69511332649535
2012-11-26 11:00:00,163.13793337203447
2012-11-26 12:00:00,196.45716718226453
2012-11-26 13:00:00,219.68955418840864
2012-11-26 14:00:00,245.66932788318653
2012-11-26 15:00:00,274.7213852999889
2012-11-26 16:00:00,336.174633958772
2012-11-26 17:00:00,350.21930216285415
2012-11-26 18:00:00,270.4409247485308
2012-11-26 19:00:00,287.9943034390028
2012-11-26 20:00:00,335.8354727358353
2012-11-26 21:00:00,375.5502858164472
2012-11-26 22:00:00,346.7913621677837
2012-11-26 23:00:00,356.41623984746906
2012-11-27 00:00:00,23.71911091865548
2012-11-27 01:00:00,25.455467121183567
2012-11-27 02:00:00,28.144467267472354
2012-11-27 03:00:00,32.553389910682895
2012-11-27 04:00:00,28.468106332793642
2012-11-27 05:00:00,32.19334871449805
2012-11-27 06:00:00,37.3037933509286
2012-11-27 07:00:00,42.18524455687491
2012-11-27 08:00:00,50.484490001313524
2012-11-27 09:00:00,58.253859286150934
2012-11-27 10:00:00,64.5614272026888
2012-11-27 11:00:00,60.1282403780062
2012-11-27 12:00:00,64.06721524787875
2012-11-27 13:00:00,74.49752771406861
2012-11-27 14:00:00,81.93151705003463
2012-11-27 15:00:00,116.50377342301277
2012-11-27 16:00:00,131.74907247137082
2012-11-27 17:00:00,148.98932100715874
2012-11-27 18:00:00,133.1196886894859
2012-11-27 19:00:00,179.02309435905718
2012-11-27 20:00:00,184.98463967432545
2012-11-27 21:00:00,181.17469257018524
2012-11-27 22:00:00,219.25744624912053
2012-11-27 23:00:00,254.3897810933129
2012-11-28 00:00:00,17.909769588083
2012-11-28 01:00:00,20.760837894863744
2012-11-28 02:00:00,23.33453966930094
2012-11-28 03:00:00,28.034636250100778
2012-11-28 04:00:00,31.51006404487377
2012-11-28 05:00:00,36.45171089265175
2012-11-28 06:00:00,42.45917604768143
2012-11-28 07:00:00,53.31044860375218
2012-11-28 08:00:00,50.806007791875246
2012-11-28 09:00:00,74.58550158379256
2012-11-28 10:00:00,96.22964109641349
2012-11-28 11:00:00,116.55901215308842
2012-11-28 12:00:00,136.82062719112693
2012-11-28 13:00:00,160.60821160948032
2012-11-28 14:00:00,191.03011795388335
2012-11-28 15:00:00,229.649832595511
2012-11-28 16:00:00,264.07635946954326
2012-11-28 17:00:00,281.3964451387248
2012-11-28 18:00:00,289.0783818177982
2012-11-28 19:00:00,322.8602931291323
2012-11-28 20:00:00,370.1222308249991
2012-11-28 21:00:00,375.7490452036767
2012-11-28 22:00:00,368.06177147790436
2012-11-28 23:00:00,389.17964949517096
2012-11-29 00:00:00,24.61258131009714
2012-11-29 01:00:00,24.437392009074816
2012-11-29 02:00:00,28.152735757148104
2012-11-29 04:00:00,27.37929592875444
2012-11-29 05:00:00,35.37496073920028
2012-11-29 06:00:00,41.52784527111254
2012-11-29 07:00:00,47.2941593032308
2012-11-29 08:00:00,46.66761202715948
2012-11-29 09:00:00,68.56878413198615
2012-11-29 10:00:00,78.22729854186328
2012-11-29 11:00:00,145.09600107457993
2012-11-29 12:00:00,158.37374101726127
2012-11-29 13:00:00,207.5600716904429
2012-11-29 14:00:00,193.29172839891282
2012-11-29 15:00:00,211.915555964764
2012-11-29 16:00:00,248.99551601672542
2012-11-29 17:00:00,265.24672927639045
2012-11-29 18:00:00,254.4256619097722
2012-11-29 19:00:00,254.01454796680983
2012-11-29 20:00:00,291.5535978381267
2012-11-29 21:00:00,250.15431054475278
2012-11-29 22:00:00,270.0033582357109
2012-11-29 23:00:00,366.5124930745087
2012-11-30 00:00:00,27.84268787474879
2012-11-30 01:00:00,30.02852650544954
2012-11-30 02:00:00,32.87636767689123
2012-11-30 03:00:00,36.37666593760222
2012-11-30 04:00:00,38.308221635537016
2012-11-30 05:00:00,37.737145880351264
2012-11-30 06:00:00,38.33586750973144
2012-11-30 07:00:00,48.43079075754458
2012-11-30 08:00:00,52.074779082114944
2012-11-30 09:00:00,63.10959739316361
2012-11-30 10:00:00,98.73685073980936
2012-11-30 11:00:00,138.06102207910212
2012-11-30 12:00:00,188.63434292592254
2012-11-30 13:00:00,233.66727621696452
2012-11-30 14:00:00,258.545485651951
2012-11-30 15:00:00,308.6341055157161
2012-11-30 16:00:00,308.6382349482772
2012-11-30 17:00:00,271.75503989326563
2012-11-30 18:00:00,261.12491957490624
2012-11-30 19:00:00,256.26554470390846
2012-11-30 20:00:00,283.5497583744396
2012-11-30 21:00:00,257.2169571156509
2012-11-30 22:00:00,290.8371504880129
2012-11-30 23:00:00,314.90367007302467
2012-12-20 00:00:00,29.70348040515409
2012-12-20 01:00:00,31.94551803627283
2012-12-20 02:00:00,35.77148938413602
2012-12-20 03:00:00,35.1440232723114
2012-12-20 04:00:00,39.35306523982083
2012-12-20 05:00:00,44.06620527677956
2012-12-20 06:00:00,53.86243624497474
2012-12-20 07:00:00,56.51392118075334
2012-12-20 08:00:00,63.28233992880595
2012-12-20 09:00:00,70.8613818187648
2012-12-20 10:00:00,86.51604546511287
2012-12-20 11:00:00,109.4801511021941
2012-12-20 12:00:00,139.43343065133539
2012-12-20 13:00:00,149.31847171832578
2012-12-20 14:00:00,174.83206546725157
2012-12-20 15:00:00,176.18231185602517
2012-12-20 16:00:00,196.79443736155264
2012-12-20 17:00:00,198.06464687103914
2012-12-20 18:00:00,207.6727036510338
2012-12-20 19:00:00,227.3925366429374
2012-12-20 20:00:00,242.93835691261785
2012-12-20 21:00:00,272.0339937963038
2012-12-20 22:00:00,258.15233966308375
2012-12-20 23:00:00,376.8653788689304
2012-12-21 00:00:00,20.476525583814688
2012-12-21 01:00:00,23.680897529197075
2012-12-21 02:00:00,23.969252363643466
2012-12-21 03:00:00,26.5212232256185
2012-12-21 04:00:00,32.21333671364156
2012-12-21 05:00:00,31.28704240592041
2012-12-21 06:00:00,42.96647584792986
2012-12-21 07:00:00,48.18643873741474
2012-12-21 08:00:00,52.026507612248295
2012-12-21 09:00:00,62.54076415054556
2012-12-21 10:00:00,73.09387075372182
2012-12-21 11:00:00,80.8760671077224
2012-12-21 12:00:00,92.18410299572164
2012-12-21 13:00:00,101.99880815270078
2012-12-21 14:00:00,112.85847045725785
2012-12-21 15:00:00,114.47711502591505
2012-12-21 16:00:00,130.61375294450164
2012-12-21 17:00:00,103.83769557265823
2012-12-21 18:00:00,114.89314150212718
2012-12-21 19:00:00,157.1901093151751
2012-12-21 20:00:00,185.88218653073736
2012-12-21 21:00:00,186.06500888040952
2012-12-21 22:00:00,198.8874341724405
2012-12-21 23:00:00,225.74702285817537
2012-12-22 00:00:00,26.479534168238978
2012-12-22 01:00:00,28.761100491751957
2012-12-22 02:00:00,31.2392542950716
2012-12-22 03:00:00,32.324629428248244
2012-12-22 04:00:00,38.07546665505279
2012-12-22 05:00:00,39.21120691108634
2012-12-22 06:00:00,44.63757378810109
2012-12-22 07:00:00,48.4836982882977
2012-12-22 08:00:00,51.29459575500313
2012-12-22 09:00:00,54.574635708226175
2012-12-22 10:00:00,59.276971110305446
2012-12-22 11:00:00,75.43581429563088
2012-12-22 12:00:00,89.07326396894457
2012-12-22 13:00:00,104.44365752949217
2012-12-22 14:00:00,113.44287670796385
2012-12-22 15:00:00,124.18517621284394
2012-12-22 16:00:00,122.93289551498036
2012-12-22 17:00:00,123.86497972054117
2012-12-22 18:00:00,117.22579863279523
2012-12-22 19:00:00,118.24504971790189
2012-12-22 20:00:00,135.65996654194024
2012-12-22 21:00:00,131.49767428211754
2012-12-22 22:00:00,142.82795914876826
2012-12-22 23:00:00,159.68143587001055
2012-12-23 00:00:00,25.93087147875233
2012-12-23 01:00:00,28.561845414085035
2012-12-23 02:00:00,27.832093219434135
2012-12-23 03:00:00,29.825631591220297
2012-12-23 04:00:00,33.57497040061805
2012-12-23 05:00:00,37.25166394096791
2012-12-23 06:00:00,29.321536566563342
2012-12-23 07:00:00,31.421759780258196
2012-12-23 08:00:00,29.04165285557387
2012-12-23 09:00:00,42.12150906544486
2012-12-23 10:00:00,43.13402925784229
2012-12-23 11:00:00,54.92950566070927
2012-12-23 12:00:00,79.4218711833342
2012-12-23 13:00:00,92.69058820145612
2012-12-23 14:00:00,110.63458764859708
2012-12-23 15:00:00,120.0859537432573
2012-12-23 16:00:00,128.68738931665362
2012-12-23 17:00:00,113.22420392002397
2012-12-23 18:00:00,119.39613173305193
2012-12-23 19:00:00,137.68124024831098
2012-12-23 20:00:00,102.90006214844969
2012-12-23 21:00:00,98.24220310787399
2012-12-23 22:00:00,112.98831620586974
2012-12-23 23:00:00,127.91199519188451
2012-12-24 00:00:00,12.215331051673473
2012-12-24 01:00:00,13.659876458038609
2012-12-24 02:00:00,13.452978795832422
2012-12-24 03:00:00,15.043884407742523
2012-12-24 05:00:00,15.116007183921647
2012-12-24 06:00:00,21.037037355596315
2012-12-24 07:00:00,25.478837485840476
2012-12-24 08:00:00,29.870155420679207
2012-12-24 09:00:00,34.934559378745355
2012-12-24 10:00:00,43.48725855508427
2012-12-24 11:00:00,47.7013340079897
2012-12-24 12:00:00,62.348123332784596
2012-12-24 13:00:00,44.1042997688393
2012-12-24 14:00:00,45.26061714889931
2012-12-24 15:00:00,47.51474784523916
2012-12-24 16:00:00,53.13368772039174
2012-12-24 17:00:00,56.20735427506035
2012-12-24 18:00:00,64.75131764548921
2012-12-24 19:00:00,70.28719361526463
2012-12-24 20:00:00,78.59912902116724
2012-12-24 21:00:00,90.5468196386285
2012-12-24 22:00:00,106.54736749089398
2012-12-24 23:00:00,119.14731338005456
2012-12-25 00:00:00,8.998971189322367
2012-12-25 01:00:00,11.313573028510486
2012-12-25 02:00:00,12.682919730162302
2012-12-25 04:00:00,15.534907797727149
2012-12-25 05:00:00,14.644417201677893
2012-12-25 06:00:00,16.41691509798315
2012-12-25 07:00:00,18.403948591652195
2012-12-25 08:00:00,25.88252785316166
2012-12-25 09:00:00,27.50464072250504
2012-12-25 10:00:00,39.28645949293467
2012-12-25 11:00:00,49.52771752140008
2012-12-25 12:00:00,57.88522721067645
2012-12-25 13:00:00,115.86940562866369
2012-12-25 14:00:00,127.1977491363998
2012-12-25 15:00:00,121.15916054460477
2012-12-25 16:00:00,135.82374939275758
2012-12-25 17:00:00,124.75159435737312
2012-12-25 18:00:00,125.4075478751326
2012-12-25 19:00:00,140.58634343443998
2012-12-25 20:00:00,157.60231577086333
2012-12-25 21:00:00,168.50680355065305
2012-12-25 22:00:00,181.7916082019969
2012-12-25 23:00:00,199.65306052485545
2012-12-26 00:00:00,13.241767769303191
2012-12-26 01:00:00,13.220516610323651
2012-12-26 02:00:00,14.859451764640541
2012-12-26 03:00:00,14.737575115026567
2012-12-26 04:00:00,15.858487579646015
2012-12-26 05:00:00,18.456712457327704
2012-12-26 06:00:00,20.744773943201253
2012-12-26 07:00:00,16.715974842215267
2012-12-26 08:00:00,18.788238704142586
2012-12-26 09:00:00,21.117399190645116
2012-12-26 10:00:00,23.73530353745902
2012-12-26 11:00:00,25.576058171390635
2012-12-26 12:00:00,31.336930478532633
2012-12-26 13:00:00,35.22174061897348
2012-12-26 14:00:00,37.64646648508882
2012-12-26 15:00:00,50.20878557217572
2012-12-26 16:00:00,56.433122045195226
2012-12-26 17:00:00,58.09693010477107
2012-12-26 18:00:00,71.51119753158041
2012-12-26 19:00:00,95.65658127991452
2012-12-26 20:00:00,103.72520827561297
2012-12-26 21:00:00,117.78821537403887
2012-12-26 22:00:00,94.40751530594214
2012-12-26 23:00:00,127.88352541801984
2012-12-27 00:00:00,9.336378531942296
2012-12-27 01:00:00,8.674648118382791
2012-12-27 02:00:00,10.608064991695924
2012-12-27 03:00:00,12.776450950115223
2012-12-27 04:00:00,13.80982833200596
2012-12-27 05:00:00,19.58688845658585
2012-12-27 06:00:00,21.203457699437116
2012-12-27 07:00:00,25.434098450528143
2012-12-27 08:00:00,31.205051778973008
2012-12-27 09:00:00,36.09828756877246
2012-12-27 10:00:00,45.138606692075264
2012-12-27 11:00:00,52.04608714080295
2012-12-27 12:00:00,68.8690581949385
2012-12-27 13:00:00,77.11719626266297
2012-12-27 14:00:00,66.89137443315356
2012-12-27 15:00:00,74.90265419107901
2012-12-27 16:00:00,93.41177584967653
2012-12-27 17:00:00,104.59928508174094
2012-12-27 18:00:00,100.51946970270784
2012-12-27 19:00:00,109.05883530264724
2012-12-27 20:00:00,129.90659524108642
2012-12-27 21:00:00,141.13393546842875
2012-12-27 22:00:00,153.123595552068
2012-12-27 23:00:00,176.9642856107323
2012-12-28 00:00:00,17.768657690103396
2012-12-28 01:00:00,19.075101063707216
2012-12-28 02:00:00,21.10599887250354
2012-12-28 03:00:00,24.06976276409283
2012-12-28 04:00:00,27.423443639439565
2012-12-28 05:00:00,30.343177139722453
2012-12-28 06:00:00,28.45613149950397
2012-12-28 07:00:00,32.52752471613287
2012-12-28 08:00:00,39.91784842735766
2012-12-28 09:00:00,41.52053400040419
2012-12-28 10:00:00,52.66164824945649
2012-12-28 11:00:00,66.39357286927479
2012-12-28 12:00:00,82.36319856417967
2012-12-28 13:00:00,91.13228654598352
2012-12-28 14:00:00,100.83500636061017
2012-12-28 15:00:00,114.23058031002289
2012-12-28 16:00:00,123.44953431867185
2012-12-28 17:00:00,99.22444803283304
2012-12-28 18:00:00,109.78872831716211
2012-12-28 19:00:00,110.53737991912614
2012-12-28 20:00:00,130.03235402256584
2012-12-28 21:00:00,130.82352022663963
2012-12-28 22:00:00,149.24720489134506
2012-12-28 23:00:00,176.14430800380165
2012-12-29 00:00:00,19.785506704205652
2012-12-29 01:00:00,20.098887232124483
2012-12-29 02:00:00,23.341969362546017
2012-12-29 03:00:00,23.711680322738143
2012-12-29 04:00:00,25.754758986982736
2012-12-29 05:00:00,27.973876226793355
2012-12-29 06:00:00,33.32992450911565
2012-12-29 07:00:00,36.20174365978789
2012-12-29 08:00:00,33.85421908049516
2012-12-29 09:00:00,36.77121322669637
2012-12-29 10:00:00,39.93954546546269
2012-12-29 11:00:00,34.11631314607835
2012-12-29 12:00:00,33.31501083556384
2012-12-29 13:00:00,36.18554497362523
2012-12-29 14:00:00,49.74005047718161
2012-12-29 15:00:00,54.02582164587132
2012-12-29 16:00:00,75.67324354478242
2012-12-29 17:00:00,73.24597253785078
2012-12-29 18:00:00,95.44949223508775
2012-12-29 19:00:00,116.38130268615514
2012-12-29 20:00:00,134.44084446703246
2012-12-29 21:00:00,141.4931121520648
2012-12-29 22:00:00,142.17603760825983
2012-12-29 23:00:00,154.42640641597868
2012-12-30 00:00:00,25.30270928596963
2012-12-30 01:00:00,26.86206623779921
2012-12-30 02:00:00,29.64121775307076
2012-12-30 03:00:00,30.84799722862317
2012-12-30 04:00:00,35.022147425199336
2012-12-30 05:00:00,39.03698853070436
2012-12-30 06:00:00,36.636345299212806
2012-12-30 07:00:00,38.46612097819858
2012-12-30 08:00:00,42.072633886468715
2012-12-30 09:00:00,46.45437162761486
2012-12-30 10:00:00,58.372517624125486
2012-12-30 11:00:00,64.14024550874518
2012-12-30 12:00:00,74.81856318263631
2012-12-30 13:00:00,86.47639606326352
2012-12-30 14:00:00,94.67527863502507
2012-12-30 15:00:00,94.27476546054002
2012-12-30 16:00:00,98.75059580137376
2012-12-30 17:00:00,97.13892445142439
2012-12-30 18:00:00,95.48959664494
2012-12-30 19:00:00,125.93124874190359
2012-12-30 20:00:00,100.58642380211239
2012-12-30 21:00:00,103.60427283702052
2012-12-30 22:00:00,102.37778466734832
2012-12-30 23:00:00,115.51568226894761
2012-12-31 00:00:00,11.760866212602776
2012-12-31 01:00:00,13.151668082025942
2012-12-31 02:00:00,13.328657694631111
2012-12-31 03:00:00,15.427260621061501
2012-12-31 04:00:00,14.396067948494217
2012-12-31 05:00:00,16.733516640014418
2012-12-31 06:00:00,19.433564660152843
2012-12-31 07:00:00,22.534167836063823
2012-12-31 08:00:00,21.636014454335935
2012-12-31 09:00:00,30.49570924898425
2012-12-31 10:00:00,32.37194792839999
2012-12-31 11:00:00,42.85338015180371
2012-12-31 12:00:00,51.51241076411495
2012-12-31 13:00:00,71.78826628492197
2012-12-31 14:00:00,83.74303858415956
2012-12-31 15:00:00,95.92926685367007
2012-12-31 16:00:00,96.04145842832274
2012-12-31 17:00:00,112.94003116942883
2012-12-31 18:00:00,123.19409334072519
2012-12-31 19:00:00,116.64409704206756
2012-12-31 20:00:00,130.438049399883
2012-12-31 21:00:00,145.8632297964482
2012-12-31 22:00:00,175.92633844615708
2012-12-31 23:00:00,176.32858069903438
