datetime,count
2011-01-20 00:00:00,14.700984425430626
2011-01-20 01:00:00,8.3837351312619
2011-01-20 02:00:00,4.74630461905572
2011-01-20 03:00:00,2.551839885875587
2011-01-20 04:00:00,1.7227842053227813
2011-01-20 05:00:00,5.642555586834934
2011-01-20 06:00:00,19.889205691597276
2011-01-20 07:00:00,54.215834116281854
2011-01-20 08:00:00,100.3310420945183
2011-01-20 09:00:00,72.64089591922816
2011-01-20 10:00:00,55.766032337386385
2011-01-20 11:00:00,66.2486750079117
2011-01-20 12:00:00,85.17673870185982
2011-01-20 13:00:00,80.55938616518947
2011-01-20 14:00:00,76.60704425921288
2011-01-20 15:00:00,82.87230764145791
2011-01-20 16:00:00,103.94785399057045
2011-01-20 17:00:00,158.95459168707924
2011-01-20 18:00:00,128.5614367042921
2011-01-20 19:00:00,94.4631395968349
2011-01-20 20:00:00,66.98604531598936
2011-01-20 21:00:00,50.511618644175904
2011-01-20 22:00:00,38.552738783837384
2011-01-20 23:00:00,25.194279930338773
2011-01-21 00:00:00,14.468233624181423
2011-01-21 01:00:00,7.505241119128117
2011-01-21 02:00:00,2.2878292850174358
2011-01-21 03:00:00,0.8577369694202688
2011-01-21 04:00:00,1.448019122107132
2011-01-21 05:00:00,5.293448380171326
2011-01-21 06:00:00,20.45312247216967
2011-01-21 07:00:00,52.981912739659954
2011-01-21 08:00:00,98.7643583614796
2011-01-21 09:00:00,70.41395129974728
2011-01-21 10:00:00,48.5397230052892
2011-01-21 11:00:00,56.981528014530596
2011-01-21 12:00:00,66.6455329242043
2011-01-21 13:00:00,62.17915535745774
2011-01-21 14:00:00,58.794649776097685
2011-01-21 15:00:00,60.37257273606538
2011-01-21 16:00:00,81.94796827033274
2011-01-21 17:00:00,120.18646368634911
2011-01-21 18:00:00,112.48867550487208
2011-01-21 19:00:00,79.9545937351454
2011-01-21 20:00:00,54.912511858403185
2011-01-21 21:00:00,44.341681182219084
2011-01-21 22:00:00,32.15774548238691
2011-01-21 23:00:00,22.01504245071076
2011-01-22 00:00:00,12.060153150424439
2011-01-22 01:00:00,5.311816028911442
2011-01-22 02:00:00,3.1463376841277118
2011-01-22 03:00:00,1.5113614886568532
2011-01-22 04:00:00,0.9210110922996488
2011-01-22 06:00:00,15.642888671494536
2011-01-22 07:00:00,43.82591894549274
2011-01-22 08:00:00,80.83807018730205
2011-01-22 09:00:00,60.769266291223694
2011-01-22 10:00:00,43.66400658485997
2011-01-22 11:00:00,50.294952895181524
2011-01-22 12:00:00,62.98259227238305
2011-01-22 13:00:00,66.037859535486
2011-01-22 14:00:00,61.91742762268845
2011-01-22 15:00:00,65.19188684841812
2011-01-22 16:00:00,83.86223447516491
2011-01-22 17:00:00,131.83020828949861
2011-01-22 18:00:00,109.56142358425544
2011-01-22 19:00:00,83.28337625795113
2011-01-22 20:00:00,59.579016637935645
2011-01-22 21:00:00,47.40378612448524
2011-01-22 22:00:00,36.78937591513016
2011-01-22 23:00:00,24.276522533734607
2011-01-23 00:00:00,13.539304645997998
2011-01-23 01:00:00,6.994467547047843
2011-01-23 02:00:00,3.870305208635849
2011-01-23 03:00:00,1.9814510066292548
2011-01-23 05:00:00,4.6474519478431775
2011-01-23 06:00:00,17.29052327933784
2011-01-23 07:00:00,49.95627050645495
2011-01-23 08:00:00,93.09709913372129
2011-01-23 09:00:00,63.269194176287755
2011-01-23 10:00:00,46.91016935637138
2011-01-23 11:00:00,57.61946823997462
2011-01-23 12:00:00,64.37779742141342
2011-01-23 13:00:00,63.05353807701289
2011-01-23 14:00:00,61.256891012869154
2011-01-23 15:00:00,64.97283880519487
2011-01-23 16:00:00,84.95057361042625
2011-01-23 17:00:00,120.15197768295891
2011-01-23 18:00:00,115.25404714475279
2011-01-23 19:00:00,84.32477509093792
2011-01-23 20:00:00,61.40258871308681
2011-01-23 21:00:00,48.19744624644796
2011-01-23 22:00:00,36.98735373638149
2011-01-23 23:00:00,23.786383936637737
2011-01-24 00:00:00,11.01857083413249
2011-01-24 01:00:00,5.56912908352914
2011-01-24 03:00:00,1.392755135337881
2011-01-24 04:00:00,0.9482050244422966
2011-01-24 05:00:00,4.056344696677932
2011-01-24 06:00:00,15.650973158288917
2011-01-24 07:00:00,42.47148048478655
2011-01-24 08:00:00,80.81891933741099
2011-01-24 09:00:00,59.082276047902155
2011-01-24 10:00:00,42.739432907490546
2011-01-24 11:00:00,49.18110415542092
2011-01-24 12:00:00,56.90992774839181
2011-01-24 13:00:00,55.70728165740136
2011-01-24 14:00:00,51.369798320011306
2011-01-24 15:00:00,60.882797419690945
2011-01-24 16:00:00,75.4802502833757
2011-01-24 17:00:00,110.20873068663222
2011-01-24 18:00:00,103.16678239852965
2011-01-24 19:00:00,77.59203478303336
2011-01-24 20:00:00,56.077282184163764
2011-01-24 21:00:00,43.731569440003774
2011-01-24 22:00:00,31.483334016718196
2011-01-24 23:00:00,21.10708291792089
2011-01-25 00:00:00,11.501348109267706
2011-01-25 01:00:00,6.213612213021658
2011-01-25 02:00:00,3.5584797827660006
2011-01-25 04:00:00,1.178854940671116
2011-01-25 05:00:00,4.437632368105226
2011-01-25 06:00:00,17.66674774452443
2011-01-25 07:00:00,46.18426584224646
2011-01-25 08:00:00,85.56496528834012
2011-01-25 09:00:00,66.38807845223894
2011-01-25 10:00:00,49.5723177034479
2011-01-25 11:00:00,57.16533832217292
2011-01-25 12:00:00,73.97400256374635
2011-01-25 13:00:00,71.09097821832715
2011-01-25 14:00:00,71.45826486282255
2011-01-25 15:00:00,79.26085728566845
2011-01-25 16:00:00,102.3354323973056
2011-01-25 17:00:00,155.81690422677286
2011-01-25 18:00:00,136.38832273617476
2011-01-25 19:00:00,88.72407841020483
2011-01-25 20:00:00,65.97091532019732
2011-01-25 21:00:00,50.77065498824949
2011-01-25 22:00:00,39.12345665724434
2011-01-25 23:00:00,24.59123581862063
2011-01-26 00:00:00,13.737585481631951
2011-01-26 01:00:00,7.380635280558906
2011-01-26 02:00:00,2.004532534773998
2011-01-26 05:00:00,2.384288640828089
2011-01-26 06:00:00,9.960767925207803
2011-01-26 07:00:00,28.333852415092508
2011-01-26 08:00:00,53.9634427554613
2011-01-26 09:00:00,38.91513878621325
2011-01-26 10:00:00,28.011172509210628
2011-01-26 11:00:00,31.251710977508424
2011-01-26 12:00:00,38.168443655550696
2011-01-26 13:00:00,37.23738811994447
2011-01-26 14:00:00,33.927605985847556
2011-01-26 15:00:00,34.48306747439426
2011-01-26 16:00:00,79.76387770410581
2011-01-26 17:00:00,69.0575907579428
2011-01-27 16:00:00,92.9440879083901
2011-01-27 17:00:00,144.36821374487718
2011-01-27 18:00:00,125.83769861458623
2011-01-27 19:00:00,93.08976035865057
2011-01-27 20:00:00,66.4529592039194
2011-01-27 21:00:00,51.143290295293674
2011-01-27 22:00:00,39.947408946918046
2011-01-27 23:00:00,25.89638146242426
2011-01-28 00:00:00,14.18191730844272
2011-01-28 01:00:00,7.347809484665914
2011-01-28 02:00:00,4.073167342721504
2011-01-28 03:00:00,2.159196533044541
2011-01-28 05:00:00,5.107210343823696
2011-01-28 06:00:00,18.611413926406343
2011-01-28 07:00:00,49.78193044355276
2011-01-28 08:00:00,94.15114780866492
2011-01-28 09:00:00,42.34725464665419
2011-01-28 10:00:00,30.47490428315464
2011-01-28 11:00:00,34.311268895110956
2011-01-28 12:00:00,41.884157280483066
2011-01-28 13:00:00,40.86477718009085
2011-01-28 14:00:00,39.08735267429946
2011-01-28 15:00:00,65.71205899881706
2011-01-28 16:00:00,92.82937050664512
2011-01-28 17:00:00,147.1489788930829
2011-01-28 18:00:00,131.52017844422514
2011-01-28 19:00:00,93.97048129939184
2011-01-28 20:00:00,68.21978839362797
2011-01-28 21:00:00,51.803614352720594
2011-01-28 22:00:00,40.88909680316614
2011-01-28 23:00:00,28.975508939974222
2011-01-29 00:00:00,14.189398859751329
2011-01-29 01:00:00,7.953651323380452
2011-01-29 02:00:00,4.5308275486624146
2011-01-29 03:00:00,2.320356482887276
2011-01-29 04:00:00,1.430436061538765
2011-01-29 06:00:00,19.38207725547279
2011-01-29 07:00:00,53.09788868839406
2011-01-29 08:00:00,101.81893849473866
2011-01-29 09:00:00,75.06255438446183
2011-01-29 10:00:00,51.02328712327818
2011-01-29 11:00:00,57.143617642298906
2011-01-29 12:00:00,70.18249351726222
2011-01-29 13:00:00,71.93357487642945
2011-01-29 14:00:00,66.46901051180728
2011-01-29 15:00:00,70.64661876146566
2011-01-29 16:00:00,98.32839440789199
2011-01-29 17:00:00,148.5653440353924
2011-01-29 18:00:00,130.69007730339504
2011-01-29 19:00:00,87.84431027715512
2011-01-29 20:00:00,68.09658135015512
2011-01-29 21:00:00,52.41386267223355
2011-01-29 22:00:00,39.83376210688915
2011-01-29 23:00:00,26.49764945952512
2011-01-30 00:00:00,14.74274058202573
2011-01-30 01:00:00,7.312765069849917
2011-01-30 02:00:00,4.182603000407562
2011-01-30 03:00:00,2.0719132439583596
2011-01-30 04:00:00,1.3548800423220055
2011-01-30 05:00:00,5.1591467556739685
2011-01-30 07:00:00,51.437644024299985
2011-01-30 08:00:00,92.06036196231179
2011-01-30 09:00:00,68.2610702781842
2011-01-30 10:00:00,50.428886389312076
2011-01-30 11:00:00,63.90440377990639
2011-01-30 12:00:00,94.83801494524499
2011-01-30 13:00:00,87.09907707703665
2011-01-30 14:00:00,81.07327083178224
2011-01-30 15:00:00,87.64705653939981
2011-01-30 16:00:00,113.13261991015409
2011-01-30 17:00:00,168.2477465449456
2011-01-30 18:00:00,142.6741310743002
2011-01-30 19:00:00,104.6563376704531
2011-01-30 20:00:00,74.98879709268792
2011-01-30 21:00:00,54.536053455383126
2011-01-30 22:00:00,42.043862891144535
2011-01-30 23:00:00,27.150312132430084
2011-01-31 00:00:00,12.878340031230222
2011-01-31 01:00:00,6.760043443263268
2011-01-31 02:00:00,3.8734078535280423
2011-01-31 03:00:00,1.9833503503748253
2011-01-31 04:00:00,1.2025748905083402
2011-01-31 05:00:00,4.404125190872502
2011-01-31 06:00:00,15.710316025719205
2011-01-31 07:00:00,41.34219607521777
2011-01-31 08:00:00,78.4062839400799
2011-01-31 09:00:00,56.35169892260571
2011-01-31 10:00:00,42.53254321293421
2011-01-31 11:00:00,48.2167231966232
2011-01-31 12:00:00,63.12191727313024
2011-01-31 13:00:00,58.79213036896693
2011-01-31 14:00:00,56.083189930869686
2011-01-31 15:00:00,57.829432580540654
2011-01-31 16:00:00,73.6806847069937
2011-01-31 17:00:00,109.51924662156375
2011-01-31 18:00:00,99.0222623347753
2011-01-31 19:00:00,100.11242912493185
2011-01-31 20:00:00,33.524009697578336
2011-01-31 21:00:00,26.46395861858601
2011-01-31 22:00:00,33.74356533925821
2011-01-31 23:00:00,22.491011758813208
2011-02-20 00:00:00,18.01553631243
2011-02-20 01:00:00,8.975908103718908
2011-02-20 02:00:00,4.883637775536423
2011-02-20 03:00:00,2.4772897846677298
2011-02-20 04:00:00,1.665635278401508
2011-02-20 06:00:00,23.23794755174808
2011-02-20 07:00:00,61.79894325573269
2011-02-20 08:00:00,128.20443203815043
2011-02-20 09:00:00,89.6378814304384
2011-02-20 10:00:00,69.01017019108369
2011-02-20 11:00:00,87.14932135792364
2011-02-20 12:00:00,114.88095468160634
2011-02-20 13:00:00,117.38255239532597
2011-02-20 14:00:00,115.32428091398954
2011-02-20 15:00:00,125.77928629137472
2011-02-20 16:00:00,161.2642417565366
2011-02-20 17:00:00,227.21175203251414
2011-02-20 18:00:00,193.95978147232842
2011-02-20 19:00:00,143.62355686574048
2011-02-20 20:00:00,103.65388388414034
2011-02-20 21:00:00,74.63590589679504
2011-02-20 22:00:00,56.45517541070735
2011-02-20 23:00:00,37.019247463156944
2011-02-21 00:00:00,19.648313437588655
2011-02-21 01:00:00,10.35351900914403
2011-02-21 02:00:00,5.952538388198074
2011-02-21 03:00:00,3.304164562655898
2011-02-21 04:00:00,2.5531334850434773
2011-02-21 05:00:00,8.31473261735548
2011-02-21 06:00:00,34.36103445129286
2011-02-21 07:00:00,92.46441554821912
2011-02-21 08:00:00,127.59827243478432
2011-02-21 09:00:00,92.90120183930368
2011-02-21 10:00:00,68.05969240891497
2011-02-21 11:00:00,81.54416619720172
2011-02-21 12:00:00,94.28759253024577
2011-02-21 13:00:00,49.923398930617736
2011-02-21 14:00:00,81.00410111058493
2011-02-21 15:00:00,77.85310394173011
2011-02-21 16:00:00,59.611818832305296
2011-02-21 17:00:00,149.27776304184655
2011-02-21 18:00:00,127.88069467885379
2011-02-21 19:00:00,94.60527989424783
2011-02-21 20:00:00,42.23682476798082
2011-02-21 21:00:00,30.979970297654194
2011-02-21 22:00:00,23.705374597191216
2011-02-21 23:00:00,15.636716662587599
2011-02-22 06:00:00,17.565062288370402
2011-02-22 07:00:00,47.80287904539937
2011-02-22 08:00:00,91.42239238332576
2011-02-22 09:00:00,66.97667418258055
2011-02-22 10:00:00,53.65199103702905
2011-02-22 11:00:00,62.054201503553834
2011-02-22 12:00:00,81.46954560420266
2011-02-22 13:00:00,80.57369209483713
2011-02-22 14:00:00,73.72073873078344
2011-02-22 15:00:00,80.76834604931499
2011-02-22 16:00:00,102.36639850410434
2011-02-22 17:00:00,150.28353383303954
2011-02-22 18:00:00,142.51632868319697
2011-02-22 19:00:00,95.87886787543283
2011-02-22 20:00:00,72.70289190912867
2011-02-22 21:00:00,55.400497895022184
2011-02-22 22:00:00,40.622598056938514
2011-02-22 23:00:00,27.028855337120945
2011-02-23 00:00:00,15.020972603441397
2011-02-23 01:00:00,7.971357120018075
2011-02-23 02:00:00,4.457597475192652
2011-02-23 03:00:00,2.2888455207285263
2011-02-23 05:00:00,5.687009725118882
2011-02-23 06:00:00,20.65736126239313
2011-02-23 07:00:00,55.5111872081411
2011-02-23 08:00:00,105.43531756530527
2011-02-23 09:00:00,82.87131916477855
2011-02-23 10:00:00,61.85838259599594
2011-02-23 11:00:00,75.47123224327684
2011-02-23 12:00:00,97.4558021241619
2011-02-23 13:00:00,104.22055471582223
2011-02-23 14:00:00,99.62018233468638
2011-02-23 15:00:00,111.37147837112488
2011-02-23 16:00:00,140.86475087634707
2011-02-23 17:00:00,216.3702169190341
2011-02-23 18:00:00,189.05618127671747
2011-02-23 19:00:00,129.48927372084944
2011-02-23 20:00:00,80.54539438718241
2011-02-23 21:00:00,63.73560152851009
2011-02-23 22:00:00,49.83597782573928
2011-02-23 23:00:00,32.575283726055325
2011-02-24 00:00:00,18.312833797347963
2011-02-24 01:00:00,9.531433637488153
2011-02-24 02:00:00,5.2006386375422515
2011-02-24 03:00:00,2.744328288074968
2011-02-24 05:00:00,6.408718554751555
2011-02-24 06:00:00,22.498397287890775
2011-02-24 07:00:00,60.60173579899693
2011-02-24 08:00:00,119.84048063058252
2011-02-24 09:00:00,79.16310945517588
2011-02-24 10:00:00,59.97168119688789
2011-02-24 11:00:00,73.55905917345626
2011-02-24 12:00:00,98.77494844523466
2011-02-24 13:00:00,104.17068443037002
2011-02-24 14:00:00,100.96091647378904
2011-02-24 15:00:00,62.34311593280142
2011-02-24 16:00:00,78.8837509828957
2011-02-24 17:00:00,115.9983078917417
2011-02-24 18:00:00,150.35216383552302
2011-02-24 19:00:00,67.95336628483432
2011-02-24 20:00:00,79.90195397825067
2011-02-24 21:00:00,63.10916127559088
2011-02-24 22:00:00,30.544271312147693
2011-02-24 23:00:00,32.80008082163962
2011-02-25 00:00:00,10.989505228843802
2011-02-25 01:00:00,9.505985832364424
2011-02-25 02:00:00,5.4335356946643865
2011-02-25 03:00:00,3.1383621233650576
2011-02-25 05:00:00,7.233611039093184
2011-02-25 06:00:00,15.901708542358733
2011-02-25 07:00:00,42.273785015990676
2011-02-25 08:00:00,83.85695162139169
2011-02-25 09:00:00,54.621831838080034
2011-02-25 10:00:00,44.43565014720731
2011-02-25 11:00:00,100.46725974734554
2011-02-25 12:00:00,78.00473351994754
2011-02-25 13:00:00,76.12674737554738
2011-02-25 14:00:00,68.63551621988968
2011-02-25 15:00:00,107.8644116559324
2011-02-25 16:00:00,118.70100708252363
2011-02-25 17:00:00,156.84053237757814
2011-02-25 18:00:00,161.0686171195712
2011-02-25 19:00:00,116.57912042981566
2011-02-25 20:00:00,79.8078476053368
2011-02-25 21:00:00,65.91752927239911
2011-02-25 22:00:00,47.74212917055993
2011-02-25 23:00:00,33.711468194471806
2011-02-26 00:00:00,18.55072293693224
2011-02-26 01:00:00,9.29158506742133
2011-02-26 02:00:00,4.929752817648597
2011-02-26 03:00:00,2.9870169423729003
2011-02-26 04:00:00,1.9363244118587302
2011-02-26 05:00:00,6.512519521957999
2011-02-26 06:00:00,24.387554886500045
2011-02-26 07:00:00,67.50336840856787
2011-02-26 08:00:00,120.97710779121931
2011-02-26 09:00:00,90.75367109860841
2011-02-26 10:00:00,72.49342314862172
2011-02-26 11:00:00,86.96660167239227
2011-02-26 12:00:00,103.73653935175999
2011-02-26 13:00:00,101.86416408855598
2011-02-26 14:00:00,91.81984859952763
2011-02-26 15:00:00,102.92538391527407
2011-02-26 16:00:00,138.09318540693707
2011-02-26 17:00:00,216.07803033041677
2011-02-26 18:00:00,190.26223856209234
2011-02-26 19:00:00,131.12183915678833
2011-02-26 20:00:00,95.23293793391849
2011-02-26 21:00:00,67.30577763460126
2011-02-26 22:00:00,52.19506527069685
2011-02-26 23:00:00,33.96302276987139
2011-02-27 00:00:00,18.193462873988228
2011-02-27 01:00:00,9.89230527129836
2011-02-27 02:00:00,5.788337983043905
2011-02-27 03:00:00,3.1947576879665123
2011-02-27 04:00:00,2.1008181567858157
2011-02-27 06:00:00,24.536499050858772
2011-02-27 07:00:00,67.51740884374948
2011-02-27 08:00:00,128.05731379018061
2011-02-27 09:00:00,98.30877414400105
2011-02-27 10:00:00,73.0106277255221
2011-02-27 11:00:00,96.09492110925493
2011-02-27 12:00:00,131.08761120204065
2011-02-27 13:00:00,131.44667661376374
2011-02-27 14:00:00,129.72859080787674
2011-02-27 15:00:00,142.6759998978562
2011-02-27 16:00:00,188.45307709075877
2011-02-27 17:00:00,245.39393499934587
2011-02-27 18:00:00,216.45974169469298
2011-02-27 19:00:00,162.966889133375
2011-02-27 20:00:00,121.10037917039038
2011-02-27 21:00:00,86.44858932011076
2011-02-27 22:00:00,64.93270384632535
2011-02-27 23:00:00,40.88389746819245
2011-02-28 00:00:00,19.270424132169822
2011-02-28 01:00:00,4.756842683339187
2011-02-28 03:00:00,1.2168463492536334
2011-02-28 05:00:00,6.245797033399526
2011-02-28 06:00:00,22.9837455066311
2011-02-28 07:00:00,64.33860645807472
2011-02-28 08:00:00,111.34875967698754
2011-02-28 09:00:00,99.49025694328631
2011-02-28 10:00:00,74.36399010507546
2011-02-28 11:00:00,98.5268470883236
2011-02-28 12:00:00,119.87146958225576
2011-02-28 13:00:00,57.56881512933367
2011-02-28 14:00:00,48.116083990869306
2011-02-28 15:00:00,51.047692057128636
2011-02-28 16:00:00,69.5946826874364
2011-02-28 17:00:00,97.22334205352543
2011-02-28 18:00:00,101.18306791085367
2011-02-28 19:00:00,63.33154896266781
2011-02-28 20:00:00,46.51864359321502
2011-02-28 21:00:00,59.66639569272909
2011-02-28 22:00:00,25.87379359968925
2011-02-28 23:00:00,28.671618737456157
2011-03-20 00:00:00,22.28097160458244
2011-03-20 01:00:00,11.549238602430755
2011-03-20 02:00:00,6.710361226629649
2011-03-20 03:00:00,3.5766997724328826
2011-03-20 04:00:00,2.430759766259267
2011-03-20 05:00:00,7.9300173506287255
2011-03-20 06:00:00,27.64721292865449
2011-03-20 07:00:00,71.56972043128606
2011-03-20 08:00:00,148.4380831875924
2011-03-20 09:00:00,113.87206078751393
2011-03-20 10:00:00,81.84307442974303
2011-03-20 11:00:00,105.4898600273928
2011-03-20 12:00:00,132.85608228587103
2011-03-20 13:00:00,134.56665419201877
2011-03-20 14:00:00,130.92014125155143
2011-03-20 15:00:00,142.3818690154393
2011-03-20 16:00:00,184.51475279110124
2011-03-20 17:00:00,258.825126427994
2011-03-20 18:00:00,217.32044614270802
2011-03-20 19:00:00,153.57780724002197
2011-03-20 20:00:00,112.29608796139935
2011-03-20 21:00:00,77.6782512001235
2011-03-20 22:00:00,59.30213446961665
2011-03-20 23:00:00,22.987251115857337
2011-03-21 00:00:00,11.415969969868046
2011-03-21 01:00:00,9.970793221240255
2011-03-21 02:00:00,5.8762676889485475
2011-03-21 03:00:00,3.2094395206928263
2011-03-21 05:00:00,7.511651180948647
2011-03-21 06:00:00,15.511704750799183
2011-03-21 07:00:00,37.638007916890444
2011-03-21 08:00:00,116.63715411097608
2011-03-21 09:00:00,93.89652588781598
2011-03-21 10:00:00,72.46305812225906
2011-03-21 11:00:00,91.9018233142322
2011-03-21 12:00:00,114.32651429480156
2011-03-21 13:00:00,129.5588488118312
2011-03-21 14:00:00,124.7437113885261
2011-03-21 15:00:00,137.5967891032703
2011-03-21 16:00:00,167.02872463844244
2011-03-21 17:00:00,254.15785707831475
2011-03-21 18:00:00,220.71917584774934
2011-03-21 19:00:00,180.27473138396397
2011-03-21 20:00:00,139.03728140111596
2011-03-21 21:00:00,84.04690837192096
2011-03-21 22:00:00,66.7892482673523
2011-03-21 23:00:00,46.22637557089624
2011-03-22 00:00:00,25.50982247155671
2011-03-22 01:00:00,12.471181176630724
2011-03-22 02:00:00,7.717344077215671
2011-03-22 03:00:00,4.404786581605067
2011-03-22 04:00:00,2.8896351461133447
2011-03-22 05:00:00,8.718508518906336
2011-03-22 06:00:00,31.057574176125463
2011-03-22 07:00:00,85.52176162017447
2011-03-22 08:00:00,161.97042090360264
2011-03-22 09:00:00,109.93050387826719
2011-03-22 10:00:00,92.25548829665051
2011-03-22 11:00:00,110.36531836279083
2011-03-22 12:00:00,144.81808465698833
2011-03-22 13:00:00,153.07170370972474
2011-03-22 14:00:00,137.96703642645966
2011-03-22 15:00:00,151.88390470315503
2011-03-22 16:00:00,202.20347215427074
2011-03-22 17:00:00,304.30196665696343
2011-03-22 18:00:00,267.5752779654597
2011-03-22 19:00:00,161.8436207342518
2011-03-22 20:00:00,114.70445806728249
2011-03-22 21:00:00,88.07330539493337
2011-03-22 22:00:00,66.43119394565845
2011-03-22 23:00:00,44.4084864603341
2011-03-23 00:00:00,13.455798381670423
2011-03-23 01:00:00,6.578184126675896
2011-03-23 02:00:00,3.6406419024016516
2011-03-23 03:00:00,3.5695717133245957
2011-03-23 05:00:00,4.408441327375692
2011-03-23 06:00:00,27.67680119468756
2011-03-23 07:00:00,72.03800559936012
2011-03-23 08:00:00,139.19241714748586
2011-03-23 09:00:00,100.0347574200422
2011-03-23 10:00:00,73.92208220962458
2011-03-23 11:00:00,85.17146627089004
2011-03-23 12:00:00,102.52757893921971
2011-03-23 13:00:00,62.90830013412318
2011-03-23 14:00:00,98.44197598806548
2011-03-23 15:00:00,105.90344287197846
2011-03-23 16:00:00,143.67612759365326
2011-03-23 17:00:00,216.36787179070743
2011-03-23 18:00:00,113.94521311128321
2011-03-23 19:00:00,84.26776876390693
2011-03-23 20:00:00,50.138635832416
2011-03-23 21:00:00,39.02647839215721
2011-03-23 22:00:00,55.75347221061759
2011-03-23 23:00:00,22.3156143782156
2011-03-24 00:00:00,20.582862480198944
2011-03-24 01:00:00,10.387872115877446
2011-03-24 02:00:00,5.9032955895918455
2011-03-24 03:00:00,3.2028228062924944
2011-03-24 04:00:00,2.221817402369361
2011-03-24 05:00:00,7.390128186852873
2011-03-24 06:00:00,26.173287410951144
2011-03-24 07:00:00,41.35209661942564
2011-03-24 08:00:00,76.4784562747726
2011-03-24 09:00:00,93.73590184198638
2011-03-24 10:00:00,65.38021879277338
2011-03-24 11:00:00,80.75856034928346
2011-03-24 12:00:00,99.19757998606612
2011-03-24 13:00:00,104.24345173178891
2011-03-24 14:00:00,96.1445356316269
2011-03-24 15:00:00,97.86796096993484
2011-03-24 16:00:00,128.90067618526376
2011-03-24 17:00:00,192.19618111381686
2011-03-24 18:00:00,172.805649575614
2011-03-24 19:00:00,131.7308556323636
2011-03-24 20:00:00,96.87777814561976
2011-03-24 21:00:00,73.80725013527345
2011-03-24 22:00:00,58.82631214469231
2011-03-24 23:00:00,37.55869723685533
2011-03-25 00:00:00,21.322670159430498
2011-03-25 01:00:00,10.64945028439235
2011-03-25 02:00:00,5.972726449125921
2011-03-25 03:00:00,3.447352489773346
2011-03-25 04:00:00,2.3088723470903356
2011-03-25 05:00:00,7.440839827857216
2011-03-25 06:00:00,25.744539442857906
2011-03-25 07:00:00,68.03383668445184
2011-03-25 08:00:00,137.9364667547529
2011-03-25 09:00:00,102.03697882163834
2011-03-25 10:00:00,80.0448937597161
2011-03-25 11:00:00,95.57446343930219
2011-03-25 12:00:00,122.69663370920196
2011-03-25 13:00:00,124.24995532817557
2011-03-25 14:00:00,118.93138414810288
2011-03-25 15:00:00,116.87756322111635
2011-03-25 16:00:00,147.39617954871107
2011-03-25 17:00:00,207.92120617213843
2011-03-25 18:00:00,201.43579627801677
2011-03-25 19:00:00,140.5852244830746
2011-03-25 20:00:00,109.02006001760019
2011-03-25 21:00:00,83.40400558901815
2011-03-25 22:00:00,58.3246548625254
2011-03-25 23:00:00,38.1885576821552
2011-03-26 00:00:00,20.69158556728931
2011-03-26 01:00:00,11.39537742995796
2011-03-26 02:00:00,6.304858104702352
2011-03-26 03:00:00,3.3657277796435165
2011-03-26 04:00:00,2.42801825514866
2011-03-26 05:00:00,7.654183016127295
2011-03-26 06:00:00,26.182230106325115
2011-03-26 07:00:00,72.67984338135291
2011-03-26 08:00:00,146.00487932679545
2011-03-26 09:00:00,109.75693347503622
2011-03-26 10:00:00,81.77256636894616
2011-03-26 11:00:00,96.48019559493166
2011-03-26 12:00:00,121.24648748688571
2011-03-26 13:00:00,122.55311802175346
2011-03-26 14:00:00,118.7903723571451
2011-03-26 15:00:00,128.7046139905959
2011-03-26 16:00:00,168.6076365968616
2011-03-26 17:00:00,237.73041297020333
2011-03-26 18:00:00,213.3911288460314
2011-03-26 19:00:00,133.64891319569426
2011-03-26 20:00:00,98.45872312312818
2011-03-26 21:00:00,74.87488410446795
2011-03-26 22:00:00,60.44302021715704
2011-03-26 23:00:00,37.565624810909256
2011-03-27 00:00:00,22.39743274064925
2011-03-27 01:00:00,11.032068873057476
2011-03-27 02:00:00,3.413670677794771
2011-03-27 03:00:00,1.5487161093013442
2011-03-27 04:00:00,0.941918428454096
2011-03-27 06:00:00,14.959620602135159
2011-03-27 07:00:00,40.575497516422175
2011-03-27 08:00:00,137.77747459765342
2011-03-27 09:00:00,107.5965270979497
2011-03-27 10:00:00,71.40867869421545
2011-03-27 11:00:00,86.45851283279033
2011-03-27 12:00:00,107.51183299776096
2011-03-27 13:00:00,120.2196128940593
2011-03-27 14:00:00,119.45066844052275
2011-03-27 15:00:00,120.43962086227342
2011-03-27 16:00:00,167.7323960048353
2011-03-27 17:00:00,239.07380345478182
2011-03-27 18:00:00,213.08143847094522
2011-03-27 19:00:00,156.94069730245513
2011-03-27 20:00:00,112.32674591407377
2011-03-27 21:00:00,82.79071709337299
2011-03-27 22:00:00,64.79969808862512
2011-03-27 23:00:00,42.707945565746705
2011-03-28 00:00:00,18.372875330685822
2011-03-28 01:00:00,9.804245481504775
2011-03-28 02:00:00,5.673972035919864
2011-03-28 03:00:00,3.085600345831746
2011-03-28 05:00:00,6.525527640504183
2011-03-28 06:00:00,22.538852742321783
2011-03-28 07:00:00,61.8510873750624
2011-03-28 08:00:00,122.45182787997415
2011-03-28 09:00:00,86.92556046382244
2011-03-28 10:00:00,69.784993458635
2011-03-28 11:00:00,75.24983223314999
2011-03-28 12:00:00,96.86765675156794
2011-03-28 13:00:00,100.96906625997472
2011-03-28 14:00:00,102.97552795107883
2011-03-28 15:00:00,106.437904330144
2011-03-28 16:00:00,146.37599412497008
2011-03-28 17:00:00,211.86018630335244
2011-03-28 18:00:00,189.88367694058576
2011-03-28 19:00:00,143.10573903054834
2011-03-28 20:00:00,111.97405428957438
2011-03-28 21:00:00,86.03684223432865
2011-03-28 22:00:00,61.136199028760636
2011-03-28 23:00:00,37.52665447373638
2011-03-29 00:00:00,19.707583987865203
2011-03-29 01:00:00,10.050641702115236
2011-03-29 02:00:00,5.7670658397894465
2011-03-29 03:00:00,3.1425895083930078
2011-03-29 04:00:00,2.1332013135823487
2011-03-29 05:00:00,7.139364047623289
2011-03-29 06:00:00,24.825615373817005
2011-03-29 07:00:00,64.71902906133055
2011-03-29 08:00:00,127.10442989448796
2011-03-29 09:00:00,100.04424647081404
2011-03-29 10:00:00,78.67878109948859
2011-03-29 11:00:00,88.09630060400923
2011-03-29 12:00:00,125.83107723080558
2011-03-29 13:00:00,114.43943844899327
2011-03-29 14:00:00,113.274645502014
2011-03-29 15:00:00,131.27294721708014
2011-03-29 16:00:00,174.17721777011445
2011-03-29 17:00:00,276.96389206469286
2011-03-29 18:00:00,230.86964682328772
2011-03-29 19:00:00,157.16548425163464
2011-03-29 20:00:00,126.05095575516683
2011-03-29 21:00:00,85.95521382333219
2011-03-29 22:00:00,65.88447378491158
2011-03-29 23:00:00,40.221994299831536
2011-03-30 00:00:00,22.163165406080818
2011-03-30 01:00:00,13.135718392254274
2011-03-30 02:00:00,6.7993196473273505
2011-03-30 03:00:00,3.8816718097347893
2011-03-30 04:00:00,2.66005879177405
2011-03-30 05:00:00,8.088188467006633
2011-03-30 06:00:00,29.599462027341442
2011-03-30 07:00:00,84.4002449275856
2011-03-30 08:00:00,153.93892928748102
2011-03-30 09:00:00,109.54190264407409
2011-03-30 10:00:00,82.20775610757917
2011-03-30 11:00:00,92.12439197690543
2011-03-30 12:00:00,116.384717773624
2011-03-30 13:00:00,115.66407925540302
2011-03-30 14:00:00,103.07262849564005
2011-03-30 15:00:00,54.011539144916995
2011-03-30 16:00:00,70.35438570604612
2011-03-30 17:00:00,106.78391052460825
2011-03-30 18:00:00,153.76377840420943
2011-03-30 19:00:00,113.80566882957291
2011-03-30 20:00:00,48.586635071185334
2011-03-30 21:00:00,62.30697944369399
2011-03-30 22:00:00,29.906771766271195
2011-03-30 23:00:00,19.381612223447814
2011-03-31 00:00:00,10.971708503566907
2011-03-31 01:00:00,5.645773778885091
2011-03-31 02:00:00,3.0696630956239783
2011-03-31 03:00:00,1.467666379575935
2011-03-31 04:00:00,0.8726097102559318
2011-03-31 05:00:00,3.909624759264508
2011-03-31 06:00:00,14.486679065101203
2011-03-31 07:00:00,40.3782294332855
2011-03-31 08:00:00,123.8490425430778
2011-03-31 09:00:00,56.706573407335
2011-03-31 10:00:00,40.9905765771692
2011-03-31 11:00:00,48.68250883438189
2011-03-31 12:00:00,59.33746703556198
2011-03-31 13:00:00,61.31024888432828
2011-03-31 14:00:00,56.57415318662238
2011-03-31 15:00:00,56.76724987527358
2011-03-31 16:00:00,121.9709275203367
2011-03-31 17:00:00,183.75701037769224
2011-03-31 18:00:00,173.96590590910876
2011-03-31 19:00:00,128.7918547698174
2011-03-31 20:00:00,53.10129124810063
2011-03-31 21:00:00,69.67102959108729
2011-03-31 22:00:00,32.198991500932564
2011-03-31 23:00:00,21.157935255593742
2011-04-20 00:00:00,28.310851327171967
2011-04-20 01:00:00,14.241845559833045
2011-04-20 02:00:00,8.333627422156834
2011-04-20 03:00:00,4.619374901564081
2011-04-20 04:00:00,3.2364779454388835
2011-04-20 05:00:00,9.982305053253056
2011-04-20 06:00:00,35.81776337946124
2011-04-20 07:00:00,96.58156491635322
2011-04-20 08:00:00,221.07688784504919
2011-04-20 09:00:00,181.3391560382078
2011-04-20 10:00:00,131.97225161423103
2011-04-20 11:00:00,149.33485336516887
2011-04-20 12:00:00,188.5414016966945
2011-04-20 13:00:00,184.03589790828286
2011-04-20 14:00:00,167.70724441724855
2011-04-20 15:00:00,178.9034024124502
2011-04-20 16:00:00,230.62468613898878
2011-04-20 17:00:00,339.16001430472795
2011-04-20 18:00:00,350.14290731503627
2011-04-20 19:00:00,272.66909877646845
2011-04-20 20:00:00,209.61816025589957
2011-04-20 21:00:00,150.69781693014957
2011-04-20 22:00:00,115.8915109091014
2011-04-20 23:00:00,75.68904391779519
2011-04-21 00:00:00,38.68923066206849
2011-04-21 01:00:00,20.621281763590126
2011-04-21 02:00:00,11.283447247039557
2011-04-21 03:00:00,5.260811439405178
2011-04-21 04:00:00,3.6244542960335213
2011-04-21 05:00:00,10.123606724904926
2011-04-21 06:00:00,32.92523082426853
2011-04-21 07:00:00,99.91259868225984
2011-04-21 08:00:00,177.52408315418035
2011-04-21 09:00:00,146.30169665521368
2011-04-21 10:00:00,110.25218606809948
2011-04-21 11:00:00,134.44153665048555
2011-04-21 12:00:00,178.02811062918963
2011-04-21 13:00:00,173.46057594785262
2011-04-21 14:00:00,160.85335033411326
2011-04-21 15:00:00,177.66999273606157
2011-04-21 16:00:00,236.7534214789374
2011-04-21 17:00:00,366.10737257400507
2011-04-21 18:00:00,326.9064187289619
2011-04-21 19:00:00,223.4326151535108
2011-04-21 20:00:00,165.27401311280093
2011-04-21 21:00:00,113.45152629564248
2011-04-21 22:00:00,94.21994243518647
2011-04-21 23:00:00,59.635093740508225
2011-04-22 00:00:00,28.532674701892738
2011-04-22 01:00:00,15.201224201767417
2011-04-22 02:00:00,8.762510136164046
2011-04-22 03:00:00,4.976308347387367
2011-04-22 04:00:00,3.4489687292085422
2011-04-22 05:00:00,10.789281025214438
2011-04-22 06:00:00,36.396844020021355
2011-04-22 07:00:00,92.11094333554584
2011-04-22 08:00:00,175.33255062954422
2011-04-22 09:00:00,74.60781632080179
2011-04-22 10:00:00,95.70065159815815
2011-04-22 11:00:00,63.41809488772047
2011-04-22 12:00:00,76.48789496091639
2011-04-22 13:00:00,71.33317882207838
2011-04-22 14:00:00,64.45090071398135
2011-04-22 15:00:00,69.82447558924957
2011-04-22 16:00:00,91.68556776936263
2011-04-22 17:00:00,128.98896398869692
2011-04-22 18:00:00,117.60027849043526
2011-04-22 19:00:00,86.9791410875614
2011-04-22 20:00:00,64.85608826344819
2011-04-22 21:00:00,48.80422023265656
2011-04-22 22:00:00,37.802660123017525
2011-04-22 23:00:00,26.433136853610378
2011-04-23 00:00:00,22.723652786381155
2011-04-23 01:00:00,12.044500883359603
2011-04-23 02:00:00,3.991149821985923
2011-04-23 03:00:00,2.0802994199902174
2011-04-23 04:00:00,1.3436612852322387
2011-04-23 05:00:00,5.082706471710165
2011-04-23 06:00:00,31.623370498509864
2011-04-23 07:00:00,51.777996969260236
2011-04-23 08:00:00,159.50438830192957
2011-04-23 09:00:00,118.66546545521858
2011-04-23 10:00:00,95.311396219226
2011-04-23 11:00:00,113.55332514087527
2011-04-23 12:00:00,148.09478104391198
2011-04-23 13:00:00,146.30100249416023
2011-04-23 14:00:00,147.17133473616522
2011-04-23 15:00:00,161.42267048584284
2011-04-23 16:00:00,216.640757524448
2011-04-23 17:00:00,320.5825188347186
2011-04-23 18:00:00,292.81118164954444
2011-04-23 19:00:00,202.34533257891732
2011-04-23 20:00:00,137.16105800515794
2011-04-23 21:00:00,108.97358973480574
2011-04-23 22:00:00,89.7615673276967
2011-04-23 23:00:00,57.104104192845476
2011-04-24 00:00:00,33.850635456682376
2011-04-24 01:00:00,17.536529236365254
2011-04-24 02:00:00,10.351188208342256
2011-04-24 03:00:00,5.93315328540239
2011-04-24 04:00:00,4.314845506872214
2011-04-24 05:00:00,12.794077396976665
2011-04-24 06:00:00,38.88740929672287
2011-04-24 07:00:00,103.85396607377474
2011-04-24 08:00:00,215.66986529838346
2011-04-24 09:00:00,164.4038300162539
2011-04-24 10:00:00,132.8702955271138
2011-04-24 11:00:00,166.23730846548784
2011-04-24 12:00:00,194.72985300770222
2011-04-24 13:00:00,195.7978380989728
2011-04-24 14:00:00,182.53453512330765
2011-04-24 15:00:00,190.9193485550118
2011-04-24 16:00:00,246.72237244639928
2011-04-24 17:00:00,355.47850065784905
2011-04-24 18:00:00,330.08306717153334
2011-04-24 19:00:00,124.16217463130269
2011-04-24 20:00:00,91.45132230700712
2011-04-24 21:00:00,66.77896851953845
2011-04-24 22:00:00,50.70889997960071
2011-04-24 23:00:00,34.37272757943876
2011-04-25 00:00:00,15.200564440264422
2011-04-25 01:00:00,15.025766651102867
2011-04-25 02:00:00,8.813676072798279
2011-04-25 03:00:00,4.4964519591038075
2011-04-25 04:00:00,3.1595395318107933
2011-04-25 05:00:00,9.18971397644372
2011-04-25 06:00:00,33.36217009130652
2011-04-25 07:00:00,93.93599670839967
2011-04-25 08:00:00,203.6206720712888
2011-04-25 09:00:00,154.00837154992794
2011-04-25 10:00:00,117.07274449823082
2011-04-25 11:00:00,132.48987112033592
2011-04-25 12:00:00,158.7415487531754
2011-04-25 13:00:00,164.4087964424092
2011-04-25 14:00:00,161.88902066445385
2011-04-25 15:00:00,171.63901563257457
2011-04-25 16:00:00,212.25454040410617
2011-04-25 17:00:00,326.76170496155214
2011-04-25 18:00:00,286.7861955430473
2011-04-25 19:00:00,214.8428201937793
2011-04-25 20:00:00,157.19537535189104
2011-04-25 21:00:00,116.27328807628692
2011-04-25 22:00:00,86.7252800688761
2011-04-25 23:00:00,55.74847065289264
2011-04-26 00:00:00,34.294143465538916
2011-04-26 01:00:00,17.877983646180255
2011-04-26 02:00:00,9.39523609185517
2011-04-26 03:00:00,5.217558298264294
2011-04-26 04:00:00,4.01347565468873
2011-04-26 05:00:00,11.502839612353116
2011-04-26 06:00:00,40.51898048896102
2011-04-26 07:00:00,109.44633609971932
2011-04-26 08:00:00,205.94557216235376
2011-04-26 09:00:00,158.41835737523732
2011-04-26 10:00:00,118.05224050394808
2011-04-26 11:00:00,135.1815075974905
2011-04-26 12:00:00,165.83680665648785
2011-04-26 13:00:00,166.11369972727834
2011-04-26 14:00:00,156.6140739952845
2011-04-26 15:00:00,162.30343282276866
2011-04-26 16:00:00,210.87668419377462
2011-04-26 17:00:00,316.3304084412067
2011-04-26 18:00:00,271.3583216188343
2011-04-26 19:00:00,193.65083312200485
2011-04-26 20:00:00,146.23193483410725
2011-04-26 21:00:00,112.15491441175767
2011-04-26 22:00:00,82.55119118887336
2011-04-26 23:00:00,54.729520989843905
2011-04-27 00:00:00,32.84502823693998
2011-04-27 01:00:00,17.422211851236337
2011-04-27 02:00:00,9.881727742914558
2011-04-27 03:00:00,5.242508728491907
2011-04-27 04:00:00,3.9454497116840663
2011-04-27 05:00:00,11.034430105704365
2011-04-27 06:00:00,40.151187670892185
2011-04-27 07:00:00,104.74105357855304
2011-04-27 08:00:00,193.85079625493012
2011-04-27 09:00:00,136.71736344037944
2011-04-27 10:00:00,108.29005018173251
2011-04-27 11:00:00,126.59207362586848
2011-04-27 12:00:00,159.98784510976145
2011-04-27 13:00:00,157.8437436030798
2011-04-27 14:00:00,150.35552890924603
2011-04-27 15:00:00,154.4740497743922
2011-04-27 16:00:00,201.22324279732737
2011-04-27 17:00:00,163.56564468272458
2011-04-27 18:00:00,149.14760246128495
2011-04-27 19:00:00,203.46119363015907
2011-04-27 20:00:00,143.22789571124028
2011-04-27 21:00:00,108.98912109814098
2011-04-27 22:00:00,79.45410220833053
2011-04-27 23:00:00,52.559547193218584
2011-04-28 00:00:00,33.57320152687306
2011-04-28 01:00:00,16.232308582887285
2011-04-28 02:00:00,9.300882465158482
2011-04-28 03:00:00,5.670713379686464
2011-04-28 04:00:00,3.8932381352745384
2011-04-28 05:00:00,11.85256243848597
2011-04-28 06:00:00,40.70249323244329
2011-04-28 07:00:00,109.29982426498013
2011-04-28 08:00:00,205.78950614991163
2011-04-28 09:00:00,90.11902225804984
2011-04-28 10:00:00,108.54860028097448
2011-04-28 11:00:00,126.48356631570257
2011-04-28 12:00:00,160.3669514265963
2011-04-28 13:00:00,149.32020647541563
2011-04-28 14:00:00,145.64548475907336
2011-04-28 15:00:00,167.24990373801015
2011-04-28 16:00:00,208.67229074220037
2011-04-28 17:00:00,367.98427830973037
2011-04-28 18:00:00,335.6565654752933
2011-04-28 19:00:00,260.4436809491652
2011-04-28 20:00:00,185.6830145493618
2011-04-28 21:00:00,141.916873785718
2011-04-28 22:00:00,108.4094489553204
2011-04-28 23:00:00,76.03990369354601
2011-04-29 00:00:00,39.85605119497276
2011-04-29 01:00:00,21.44971900849448
2011-04-29 02:00:00,10.995693416200668
2011-04-29 03:00:00,6.4799573968690725
2011-04-29 04:00:00,4.87618166052339
2011-04-29 05:00:00,14.501572809087632
2011-04-29 06:00:00,50.34015552034748
2011-04-29 07:00:00,144.01225152011077
2011-04-29 08:00:00,271.9705393218792
2011-04-29 09:00:00,195.02231802111672
2011-04-29 10:00:00,146.81255887942916
2011-04-29 11:00:00,185.95211423122583
2011-04-29 12:00:00,205.02202627573692
2011-04-29 13:00:00,199.02913528316978
2011-04-29 14:00:00,199.92514017326968
2011-04-29 15:00:00,181.74087819244696
2011-04-29 16:00:00,221.43745284759484
2011-04-29 17:00:00,316.3853513075178
2011-04-29 18:00:00,304.0898693546959
2011-04-29 19:00:00,203.00203115999636
2011-04-29 20:00:00,164.9925358199019
2011-04-29 21:00:00,123.09841105125095
2011-04-29 22:00:00,88.80713124193245
2011-04-29 23:00:00,59.995458327594406
2011-04-30 00:00:00,31.30597704364412
2011-04-30 01:00:00,17.274619848826205
2011-04-30 02:00:00,9.988558063585046
2011-04-30 03:00:00,5.575397671533593
2011-04-30 04:00:00,3.9927331365271916
2011-04-30 05:00:00,11.875068760332809
2011-04-30 06:00:00,40.39325775870984
2011-04-30 07:00:00,105.03318427070937
2011-04-30 08:00:00,204.64703097045407
2011-04-30 09:00:00,156.7089724048898
2011-04-30 10:00:00,123.29691795058841
2011-04-30 11:00:00,146.78825073488062
2011-04-30 12:00:00,181.45049591198085
2011-04-30 13:00:00,190.96444188029855
2011-04-30 14:00:00,181.09042842478718
2011-04-30 15:00:00,203.85414269015678
2011-04-30 16:00:00,264.16616390986417
2011-04-30 17:00:00,383.5461618215232
2011-04-30 18:00:00,341.8017716442201
2011-04-30 19:00:00,253.2945582963796
2011-04-30 20:00:00,149.39219834024425
2011-04-30 21:00:00,115.25796923892361
2011-04-30 22:00:00,89.07448538242275
2011-04-30 23:00:00,59.656586522923114
2011-05-20 00:00:00,38.4953289964371
2011-05-20 01:00:00,19.51695052055771
2011-05-20 02:00:00,11.688245113386495
2011-05-20 03:00:00,6.519899438733268
2011-05-20 04:00:00,5.094921881583607
2011-05-20 05:00:00,14.785066905884685
2011-05-20 06:00:00,52.642074469451906
2011-05-20 07:00:00,151.78268722870712
2011-05-20 08:00:00,305.351099927585
2011-05-20 09:00:00,221.12455152410632
2011-05-20 10:00:00,168.6032108410393
2011-05-20 11:00:00,187.5350200154506
2011-05-20 12:00:00,238.33721242005123
2011-05-20 13:00:00,141.2689864890425
2011-05-20 14:00:00,234.6650710936818
2011-05-20 15:00:00,232.31919915203903
2011-05-20 16:00:00,307.635282739337
2011-05-20 17:00:00,482.84192992177793
2011-05-20 18:00:00,437.5649721478932
2011-05-20 19:00:00,302.6410878949842
2011-05-20 20:00:00,222.8086334596787
2011-05-20 21:00:00,169.1566833047443
2011-05-20 22:00:00,120.76081867171538
2011-05-20 23:00:00,81.08621509201812
2011-05-21 00:00:00,44.00343717508065
2011-05-21 01:00:00,23.570511909472668
2011-05-21 02:00:00,14.508307530868205
2011-05-21 03:00:00,7.679012072150117
2011-05-21 04:00:00,5.29815720669284
2011-05-21 05:00:00,15.444194642552258
2011-05-21 06:00:00,55.866549627399266
2011-05-21 07:00:00,161.3568952516786
2011-05-21 08:00:00,302.0131600615229
2011-05-21 09:00:00,239.21870672600082
2011-05-21 10:00:00,183.5859851142135
2011-05-21 11:00:00,218.47933071864477
2011-05-21 12:00:00,263.34962316330285
2011-05-21 13:00:00,262.99311230889174
2011-05-21 14:00:00,246.2163006255176
2011-05-21 15:00:00,252.9291036238981
2011-05-21 16:00:00,320.9498283786328
2011-05-21 17:00:00,487.03333135538895
2011-05-21 18:00:00,438.3516647698363
2011-05-21 19:00:00,342.4184105916272
2011-05-21 20:00:00,226.2995449589387
2011-05-21 21:00:00,180.1061869264995
2011-05-21 22:00:00,132.5453693453888
2011-05-21 23:00:00,83.64906885518124
2011-05-22 00:00:00,43.29253178225428
2011-05-22 01:00:00,22.456635973576343
2011-05-22 02:00:00,13.450262300619041
2011-05-22 03:00:00,7.455417698292816
2011-05-22 04:00:00,5.288652741550479
2011-05-22 05:00:00,15.822747363683607
2011-05-22 06:00:00,56.00102587043262
2011-05-22 07:00:00,155.76482938718263
2011-05-22 08:00:00,332.4165755503117
2011-05-22 09:00:00,248.5917730421329
2011-05-22 10:00:00,184.12396870000464
2011-05-22 11:00:00,219.41651321403938
2011-05-22 12:00:00,255.68535773382695
2011-05-22 13:00:00,244.7002192288009
2011-05-22 14:00:00,127.2243220294892
2011-05-22 15:00:00,233.73032005210897
2011-05-22 16:00:00,320.43573340530486
2011-05-22 17:00:00,471.8802176186541
2011-05-22 18:00:00,428.49199348842325
2011-05-22 19:00:00,320.6566940139569
2011-05-22 20:00:00,232.18120676313475
2011-05-22 21:00:00,168.51887181786793
2011-05-22 22:00:00,125.62330161188113
2011-05-22 23:00:00,78.95053531220341
2011-05-23 00:00:00,35.96269798981161
2011-05-23 01:00:00,20.586882538795507
2011-05-23 02:00:00,6.601359511403818
2011-05-23 03:00:00,3.453892221592417
2011-05-23 04:00:00,4.456203387280263
2011-05-23 05:00:00,13.16095570802069
2011-05-23 06:00:00,43.556236503887796
2011-05-23 07:00:00,124.98978459074553
2011-05-23 08:00:00,255.31938941447277
2011-05-23 09:00:00,183.37484272168695
2011-05-23 10:00:00,142.69794773611594
2011-05-23 11:00:00,160.5486656866278
2011-05-23 12:00:00,195.19454651534
2011-05-23 13:00:00,186.2575289616227
2011-05-23 14:00:00,163.4490418833819
2011-05-23 15:00:00,178.76433913713709
2011-05-23 16:00:00,244.41819591727554
2011-05-23 17:00:00,206.52098452382546
2011-05-23 18:00:00,331.69714041782936
2011-05-23 19:00:00,250.98171678425643
2011-05-23 20:00:00,175.5573382450222
2011-05-23 21:00:00,131.0045495966023
2011-05-23 22:00:00,99.68735731225772
2011-05-23 23:00:00,65.95829528760113
2011-05-24 00:00:00,36.11578826977958
2011-05-24 01:00:00,19.586458035743625
2011-05-24 02:00:00,11.497337544485168
2011-05-24 03:00:00,6.759294414303633
2011-05-24 04:00:00,5.531415374616047
2011-05-24 05:00:00,13.80338996331071
2011-05-24 06:00:00,47.89644607820985
2011-05-24 07:00:00,86.96575989928816
2011-05-24 08:00:00,157.0995218807108
2011-05-24 09:00:00,199.942781289838
2011-05-24 10:00:00,156.98540962606862
2011-05-24 11:00:00,191.59576054786248
2011-05-24 12:00:00,224.51549252250706
2011-05-24 13:00:00,224.16709294599292
2011-05-24 14:00:00,204.84771769885347
2011-05-24 15:00:00,117.84365163167375
2011-05-24 16:00:00,266.71968768670223
2011-05-24 17:00:00,428.8698394252272
2011-05-24 18:00:00,360.7974965062233
2011-05-24 19:00:00,263.0367431631782
2011-05-24 20:00:00,198.8520019390129
2011-05-24 21:00:00,149.22964429404016
2011-05-24 22:00:00,61.536657448207215
2011-05-24 23:00:00,45.87861899469847
2011-05-25 00:00:00,23.762859286558875
2011-05-25 01:00:00,12.608336335271574
2011-05-25 02:00:00,11.548502751311535
2011-05-25 03:00:00,6.962443445078635
2011-05-25 04:00:00,5.140493864968304
2011-05-25 05:00:00,16.175514857053727
2011-05-25 06:00:00,52.98127479216466
2011-05-25 07:00:00,161.65457318179946
2011-05-25 08:00:00,304.72557990877925
2011-05-25 09:00:00,234.6696569247937
2011-05-25 10:00:00,174.07000841817072
2011-05-25 11:00:00,204.57451201642792
2011-05-25 12:00:00,241.8586774954859
2011-05-25 13:00:00,236.085792618041
2011-05-25 14:00:00,216.40391360199115
2011-05-25 15:00:00,223.7225385036416
2011-05-25 16:00:00,289.885742942225
2011-05-25 17:00:00,445.21777544119175
2011-05-25 18:00:00,395.3302158971209
2011-05-25 19:00:00,297.39259089871905
2011-05-25 20:00:00,217.73678142201064
2011-05-25 21:00:00,162.02254840351443
2011-05-25 22:00:00,122.4951388293195
2011-05-25 23:00:00,82.99997496089935
2011-05-26 00:00:00,47.31761270097992
2011-05-26 01:00:00,25.56754199005893
2011-05-26 02:00:00,14.340930807957
2011-05-26 03:00:00,8.089103276211084
2011-05-26 04:00:00,5.745588664392572
2011-05-26 05:00:00,16.127723195370173
2011-05-26 06:00:00,51.3024619962008
2011-05-26 07:00:00,134.91262117081953
2011-05-26 08:00:00,278.3403382997362
2011-05-26 09:00:00,228.05469317918502
2011-05-26 10:00:00,156.75049673197643
2011-05-26 11:00:00,186.40712161854358
2011-05-26 12:00:00,221.25423226166612
2011-05-26 13:00:00,217.80060330593852
2011-05-26 14:00:00,201.1699427881735
2011-05-26 15:00:00,209.985635854301
2011-05-26 16:00:00,265.66800189211443
2011-05-26 17:00:00,440.21537849668505
2011-05-26 18:00:00,394.8982608938973
2011-05-26 19:00:00,297.9816619304494
2011-05-26 20:00:00,227.1847893249989
2011-05-26 21:00:00,174.4970530820066
2011-05-26 22:00:00,133.5094294958354
2011-05-26 23:00:00,88.11393626462979
2011-05-27 00:00:00,48.268528116808476
2011-05-27 01:00:00,27.45827083600064
2011-05-27 02:00:00,16.62525234161724
2011-05-27 03:00:00,9.89517841981259
2011-05-27 04:00:00,7.0663852392551
2011-05-27 05:00:00,19.461461049246868
2011-05-27 06:00:00,67.3558027313102
2011-05-27 07:00:00,171.73841570796958
2011-05-27 08:00:00,308.83629616233736
2011-05-27 09:00:00,235.25760617721733
2011-05-27 10:00:00,175.04730159027176
2011-05-27 11:00:00,188.250762070386
2011-05-27 12:00:00,227.36653597096785
2011-05-27 13:00:00,242.23786270068592
2011-05-27 14:00:00,220.02171191108425
2011-05-27 15:00:00,235.52033182808066
2011-05-27 16:00:00,270.51875679721746
2011-05-27 17:00:00,428.44085363221683
2011-05-27 18:00:00,380.22744287451417
2011-05-27 19:00:00,158.7026509266814
2011-05-27 20:00:00,199.83449262648875
2011-05-27 21:00:00,157.35332415179388
2011-05-27 22:00:00,126.35370836191848
2011-05-27 23:00:00,79.29295405298177
2011-05-28 00:00:00,43.44362299365181
2011-05-28 01:00:00,23.04208243689684
2011-05-28 02:00:00,13.114404602016497
2011-05-28 03:00:00,7.819231913849283
2011-05-28 04:00:00,5.692549469233002
2011-05-28 05:00:00,16.54658560018597
2011-05-28 06:00:00,57.44145823695596
2011-05-28 07:00:00,154.18696938217388
2011-05-28 08:00:00,306.91977548713425
2011-05-28 09:00:00,225.8394257884905
2011-05-28 10:00:00,173.2685164516708
2011-05-28 11:00:00,196.02330034188577
2011-05-28 12:00:00,244.79200600365002
2011-05-28 13:00:00,236.3981402651684
2011-05-28 14:00:00,220.0224400044283
2011-05-28 15:00:00,238.0864861729195
2011-05-28 16:00:00,295.21826969638977
2011-05-28 17:00:00,449.5061451702072
2011-05-28 18:00:00,405.1133661083389
2011-05-28 19:00:00,301.31490395360356
2011-05-28 20:00:00,220.18520425656342
2011-05-28 21:00:00,157.6227416579667
2011-05-28 22:00:00,123.4200183886701
2011-05-28 23:00:00,80.98062111877827
2011-05-29 00:00:00,45.70829380157789
2011-05-29 01:00:00,24.375652872625412
2011-05-29 02:00:00,14.751919077806571
2011-05-29 03:00:00,8.64284022849222
2011-05-29 04:00:00,6.363958927256308
2011-05-29 05:00:00,17.23859890583063
2011-05-29 06:00:00,56.554167445254265
2011-05-29 07:00:00,147.34854117991964
2011-05-29 08:00:00,279.79354576904626
2011-05-29 09:00:00,194.4604102182842
2011-05-29 10:00:00,152.19121129019297
2011-05-29 11:00:00,168.63151947279343
2011-05-29 12:00:00,220.37374821668186
2011-05-29 13:00:00,226.08258866934634
2011-05-29 14:00:00,205.60892772645317
2011-05-29 15:00:00,216.74817621286584
2011-05-29 16:00:00,280.88521250176535
2011-05-29 17:00:00,422.516925355286
2011-05-29 18:00:00,382.2085355470381
2011-05-29 19:00:00,286.31355816163534
2011-05-29 20:00:00,209.96403566649326
2011-05-29 21:00:00,160.23164009707526
2011-05-29 22:00:00,122.29761129988505
2011-05-29 23:00:00,81.39950352459852
2011-05-30 00:00:00,40.49897018820069
2011-05-30 01:00:00,22.19351157739115
2011-05-30 02:00:00,12.973208232054374
2011-05-30 03:00:00,7.5539681733760595
2011-05-30 04:00:00,5.6058014038836355
2011-05-30 05:00:00,15.46067388771176
2011-05-30 06:00:00,52.496321785479395
2011-05-30 07:00:00,135.14820792093192
2011-05-30 08:00:00,268.9434139469935
2011-05-30 09:00:00,223.6653792120149
2011-05-30 10:00:00,163.81635937637316
2011-05-30 11:00:00,185.6006441279615
2011-05-30 12:00:00,222.55711660000492
2011-05-30 13:00:00,221.19580452118413
2011-05-30 14:00:00,195.93485100651088
2011-05-30 15:00:00,205.2598560290917
2011-05-30 16:00:00,263.37239999781974
2011-05-30 17:00:00,415.8830871390905
2011-05-30 18:00:00,386.3593566591327
2011-05-30 19:00:00,278.54315647048134
2011-05-30 20:00:00,215.45328184856626
2011-05-30 21:00:00,159.43209781842268
2011-05-30 22:00:00,122.99329118416864
2011-05-30 23:00:00,78.78992644909881
2011-05-31 00:00:00,42.791033461074
2011-05-31 01:00:00,21.723098047437386
2011-05-31 02:00:00,11.749605270909592
2011-05-31 03:00:00,6.636424696907871
2011-05-31 04:00:00,5.797742087357872
2011-05-31 05:00:00,16.642766917016747
2011-05-31 06:00:00,57.46181553331382
2011-05-31 07:00:00,161.35526897688945
2011-05-31 08:00:00,305.5679394293091
2011-05-31 09:00:00,222.08080028772315
2011-05-31 10:00:00,155.718505707737
2011-05-31 11:00:00,168.67984823613935
2011-05-31 12:00:00,210.13197996673262
2011-05-31 13:00:00,195.51607869640097
2011-05-31 14:00:00,178.81994440741877
2011-05-31 15:00:00,192.75349915336884
2011-05-31 16:00:00,248.62933363340153
2011-05-31 17:00:00,380.80031195419474
2011-05-31 18:00:00,350.6891888709925
2011-05-31 19:00:00,272.7171253427421
2011-05-31 20:00:00,201.18177137426758
2011-05-31 21:00:00,154.44588291301346
2011-05-31 22:00:00,117.78883704678992
2011-05-31 23:00:00,76.79608263125141
2011-06-20 00:00:00,40.04515428997899
2011-06-20 01:00:00,21.13743745048136
2011-06-20 02:00:00,12.556271281780248
2011-06-20 03:00:00,3.683197878506471
2011-06-20 04:00:00,2.661738847595751
2011-06-20 05:00:00,8.856990584308486
2011-06-20 06:00:00,31.66527841945696
2011-06-20 07:00:00,77.13751066823706
2011-06-20 08:00:00,149.1174717991706
2011-06-20 09:00:00,182.1483818710127
2011-06-20 10:00:00,132.26915288582805
2011-06-20 11:00:00,156.12713798014957
2011-06-20 12:00:00,202.46507984162784
2011-06-20 13:00:00,214.0443215669682
2011-06-20 14:00:00,203.22653215302063
2011-06-20 15:00:00,214.12595317638332
2011-06-20 16:00:00,277.9371413350185
2011-06-20 17:00:00,422.0060163242333
2011-06-20 18:00:00,363.50855895142865
2011-06-20 19:00:00,266.8262064533087
2011-06-20 20:00:00,192.046962529151
2011-06-20 21:00:00,147.08403986287416
2011-06-20 22:00:00,107.15147342805096
2011-06-20 23:00:00,72.57547759600166
2011-06-21 00:00:00,40.68390578190279
2011-06-21 01:00:00,12.359988890475554
2011-06-21 02:00:00,6.933578161696817
2011-06-21 03:00:00,3.856692462398698
2011-06-21 04:00:00,4.922469661274837
2011-06-21 05:00:00,14.279451344668754
2011-06-21 06:00:00,48.485885510179116
2011-06-21 07:00:00,122.08223003395979
2011-06-21 08:00:00,245.6661121155959
2011-06-21 09:00:00,170.7711792325128
2011-06-21 10:00:00,130.39009027930848
2011-06-21 11:00:00,157.4655232461562
2011-06-21 12:00:00,201.54820634098905
2011-06-21 13:00:00,202.50311037453682
2011-06-21 14:00:00,185.34479904811022
2011-06-21 15:00:00,195.35859861397125
2011-06-21 16:00:00,248.64876531069942
2011-06-21 17:00:00,364.6979912430616
2011-06-21 18:00:00,308.7631728871862
2011-06-21 19:00:00,229.16174327343262
2011-06-21 20:00:00,106.22603503542449
2011-06-21 21:00:00,141.37527542507084
2011-06-21 22:00:00,110.43271147316194
2011-06-21 23:00:00,76.58687627566748
2011-06-22 00:00:00,41.717877115007035
2011-06-22 01:00:00,22.874750938041203
2011-06-22 02:00:00,13.269592021335846
2011-06-22 03:00:00,7.950004480960978
2011-06-22 04:00:00,5.489991853182265
2011-06-22 05:00:00,15.291154674369864
2011-06-22 06:00:00,53.64280429572615
2011-06-22 07:00:00,145.21525186397878
2011-06-22 08:00:00,288.711042555885
2011-06-22 09:00:00,199.36372306390678
2011-06-22 10:00:00,147.0291455026849
2011-06-22 11:00:00,171.17316054911376
2011-06-22 12:00:00,197.23388848931768
2011-06-22 13:00:00,188.582852095467
2011-06-22 14:00:00,176.67945171457055
2011-06-22 15:00:00,182.66141710883875
2011-06-22 16:00:00,227.391677922147
2011-06-22 17:00:00,352.57554774673866
2011-06-22 18:00:00,330.0547128707442
2011-06-22 19:00:00,254.68069544445737
2011-06-22 20:00:00,189.04574059772597
2011-06-22 21:00:00,139.6179800668648
2011-06-22 22:00:00,104.47460479859684
2011-06-22 23:00:00,69.35266784803999
2011-06-23 00:00:00,41.72579393414542
2011-06-23 01:00:00,23.335617881140156
2011-06-23 02:00:00,13.902367925123366
2011-06-23 03:00:00,7.799623073885654
2011-06-23 04:00:00,5.625213926185412
2011-06-23 05:00:00,17.48456288318135
2011-06-23 06:00:00,58.86634872606083
2011-06-23 07:00:00,149.1947629347445
2011-06-23 08:00:00,278.184406870919
2011-06-23 09:00:00,205.08109547588586
2011-06-23 10:00:00,151.01727711648797
2011-06-23 11:00:00,101.03304297194397
2011-06-23 12:00:00,198.21517373380053
2011-06-23 13:00:00,198.15436843491412
2011-06-23 14:00:00,177.7187387160301
2011-06-23 15:00:00,201.2350428030909
2011-06-23 16:00:00,251.9764471601514
2011-06-23 17:00:00,357.76074213028033
2011-06-23 18:00:00,336.49059402933386
2011-06-23 19:00:00,255.366578877947
2011-06-23 20:00:00,194.70982406070755
2011-06-23 21:00:00,151.74027360700293
2011-06-23 22:00:00,111.52649363765357
2011-06-23 23:00:00,77.35888879748883
2011-06-24 00:00:00,44.165415055354146
2011-06-24 01:00:00,22.15816572337182
2011-06-24 02:00:00,13.181333211519782
2011-06-24 03:00:00,8.178703390931524
2011-06-24 04:00:00,6.147731861082752
2011-06-24 05:00:00,16.91276958023552
2011-06-24 06:00:00,58.59681124573974
2011-06-24 07:00:00,143.5979060411109
2011-06-24 08:00:00,300.06491302970664
2011-06-24 09:00:00,235.10836212168041
2011-06-24 10:00:00,174.5288255523722
2011-06-24 11:00:00,199.44533855017943
2011-06-24 12:00:00,241.21481973095715
2011-06-24 13:00:00,249.31509168416548
2011-06-24 14:00:00,220.07183819726635
2011-06-24 15:00:00,226.0377889172302
2011-06-24 16:00:00,295.5155168493009
2011-06-24 17:00:00,481.1367972596878
2011-06-24 18:00:00,431.86280228598434
2011-06-24 19:00:00,326.937587014113
2011-06-24 20:00:00,242.60568508168095
2011-06-24 21:00:00,187.92962915411894
2011-06-24 22:00:00,143.80643727072467
2011-06-24 23:00:00,97.24617394116031
2011-06-25 00:00:00,54.347165502819024
2011-06-25 01:00:00,28.808852998804845
2011-06-25 02:00:00,16.139489216574994
2011-06-25 03:00:00,9.638509828714952
2011-06-25 04:00:00,7.155313150512571
2011-06-25 05:00:00,19.83832051543596
2011-06-25 06:00:00,66.90046193293
2011-06-25 07:00:00,173.82188872215715
2011-06-25 08:00:00,348.0037257034513
2011-06-25 09:00:00,253.55685456974166
2011-06-25 10:00:00,187.90953358511405
2011-06-25 11:00:00,212.8535300319964
2011-06-25 12:00:00,253.8185111065919
2011-06-25 13:00:00,247.76133437965527
2011-06-25 14:00:00,222.32403780013033
2011-06-25 15:00:00,242.3313493771179
2011-06-25 16:00:00,303.04663037987734
2011-06-25 17:00:00,478.4629443718675
2011-06-25 18:00:00,428.05646424699165
2011-06-25 19:00:00,310.48224700965955
2011-06-25 20:00:00,237.72615159701667
2011-06-25 21:00:00,182.05679776767224
2011-06-25 22:00:00,145.14729562883784
2011-06-25 23:00:00,87.09391446565576
2011-06-26 00:00:00,53.137552665463055
2011-06-26 01:00:00,29.68186976939934
2011-06-26 02:00:00,17.309230143201685
2011-06-26 03:00:00,9.627507556772713
2011-06-26 04:00:00,7.164225570302289
2011-06-26 05:00:00,19.5142660258697
2011-06-26 06:00:00,65.43999165818461
2011-06-26 07:00:00,177.65700875853958
2011-06-26 08:00:00,338.9498849248472
2011-06-26 09:00:00,262.42352499757436
2011-06-26 10:00:00,196.13373749338524
2011-06-26 11:00:00,222.98077081244745
2011-06-26 12:00:00,272.37097312509616
2011-06-26 13:00:00,261.4643668353838
2011-06-26 14:00:00,247.47266645196365
2011-06-26 15:00:00,255.9899656657501
2011-06-26 16:00:00,331.4107090392368
2011-06-26 17:00:00,481.0623423859459
2011-06-26 18:00:00,418.2818992139791
2011-06-26 19:00:00,317.9170292642361
2011-06-26 20:00:00,237.54594588655675
2011-06-26 21:00:00,176.3601121313969
2011-06-26 22:00:00,144.4744308578917
2011-06-26 23:00:00,98.23551192896772
2011-06-27 00:00:00,22.43141604619719
2011-06-27 01:00:00,20.201294352899897
2011-06-27 02:00:00,6.990065190017391
2011-06-27 03:00:00,3.891272083230108
2011-06-27 04:00:00,4.823249539058675
2011-06-27 05:00:00,14.21782178755283
2011-06-27 06:00:00,49.82483487445068
2011-06-27 07:00:00,134.72636915828247
2011-06-27 08:00:00,268.82417940719745
2011-06-27 09:00:00,205.04369690752358
2011-06-27 10:00:00,152.6123319089304
2011-06-27 11:00:00,165.437748224502
2011-06-27 12:00:00,204.85816464488605
2011-06-27 13:00:00,194.35921031964483
2011-06-27 14:00:00,185.74525935081314
2011-06-27 15:00:00,191.99979263629442
2011-06-27 16:00:00,269.4100719762161
2011-06-27 17:00:00,402.8538642667933
2011-06-27 18:00:00,365.72594952522576
2011-06-27 19:00:00,260.4461778093996
2011-06-27 20:00:00,193.30252302288153
2011-06-27 21:00:00,144.72651171331646
2011-06-27 22:00:00,111.17775402847693
2011-06-27 23:00:00,74.54103267187884
2011-06-28 00:00:00,38.859767418638796
2011-06-28 01:00:00,22.2126737690196
2011-06-28 02:00:00,12.46340198764789
2011-06-28 03:00:00,7.241880475488779
2011-06-28 04:00:00,5.670669341596222
2011-06-28 05:00:00,15.844960173252886
2011-06-28 06:00:00,52.850781289718576
2011-06-28 07:00:00,139.004520054314
2011-06-28 08:00:00,268.99550326438845
2011-06-28 09:00:00,198.4947032775766
2011-06-28 10:00:00,159.26473449252197
2011-06-28 11:00:00,175.48035708131485
2011-06-28 12:00:00,203.25584286041067
2011-06-28 13:00:00,201.67517050690972
2011-06-28 14:00:00,179.50852788703742
2011-06-28 15:00:00,195.33528013415523
2011-06-28 16:00:00,236.4232579310986
2011-06-28 17:00:00,210.9151446155435
2011-06-28 18:00:00,198.1761730104863
2011-06-28 19:00:00,231.81001607448488
2011-06-28 20:00:00,192.78050838273936
2011-06-28 21:00:00,142.2600166551203
2011-06-28 22:00:00,110.16345704911807
2011-06-28 23:00:00,74.26802525757982
2011-06-29 00:00:00,37.98552921402282
2011-06-29 01:00:00,21.509212413946695
2011-06-29 02:00:00,12.83054971837226
2011-06-29 03:00:00,7.278498487844672
2011-06-29 04:00:00,5.700306589199981
2011-06-29 05:00:00,15.978647121694507
2011-06-29 06:00:00,57.01265502123783
2011-06-29 07:00:00,170.23016169235666
2011-06-29 08:00:00,325.7176893009617
2011-06-29 09:00:00,227.97035969147458
2011-06-29 10:00:00,174.0147862589648
2011-06-29 11:00:00,205.48760370527694
2011-06-29 12:00:00,247.24386516381927
2011-06-29 13:00:00,231.12505832358093
2011-06-29 14:00:00,223.80493400154006
2011-06-29 15:00:00,233.94581754299654
2011-06-29 16:00:00,275.2022492984428
2011-06-29 17:00:00,426.16185189032547
2011-06-29 18:00:00,410.4220056785585
2011-06-29 19:00:00,294.3373483061485
2011-06-29 20:00:00,225.01636100301945
2011-06-29 21:00:00,179.60424746628718
2011-06-29 22:00:00,140.20229326776388
2011-06-29 23:00:00,92.1186098253378
2011-06-30 00:00:00,51.92292078318954
2011-06-30 01:00:00,27.857203840068767
2011-06-30 02:00:00,16.220371195373406
2011-06-30 03:00:00,9.157948749868861
2011-06-30 04:00:00,6.434071784528231
2011-06-30 05:00:00,17.612424756779394
2011-06-30 06:00:00,61.131734966351296
2011-06-30 07:00:00,167.77300611594356
2011-06-30 08:00:00,346.0874361093734
2011-06-30 09:00:00,256.3854855045957
2011-06-30 10:00:00,187.04209347039074
2011-06-30 11:00:00,217.8272315701494
2011-06-30 12:00:00,262.49538421902554
2011-06-30 13:00:00,257.4328024640131
2011-06-30 14:00:00,236.56272640633304
2011-06-30 15:00:00,252.957700148515
2011-06-30 16:00:00,332.1912446854769
2011-06-30 17:00:00,471.082604814976
2011-06-30 18:00:00,448.752523433084
2011-06-30 19:00:00,334.80890996651584
2011-06-30 20:00:00,247.04600799192337
2011-06-30 21:00:00,193.87880656320036
2011-06-30 22:00:00,145.95816104601943
2011-06-30 23:00:00,92.3594885280662
2011-07-20 00:00:00,43.88314500227718
2011-07-20 01:00:00,22.943734731893766
2011-07-20 02:00:00,13.662390994919688
2011-07-20 03:00:00,8.251530631467658
2011-07-20 04:00:00,5.972731092721544
2011-07-20 05:00:00,17.6527223601848
2011-07-20 06:00:00,54.09365778341651
2011-07-20 07:00:00,147.4276485600157
2011-07-20 08:00:00,296.343208593161
2011-07-20 09:00:00,227.5781977263028
2011-07-20 10:00:00,157.46668068214277
2011-07-20 11:00:00,185.73639598187518
2011-07-20 12:00:00,218.0517140047475
2011-07-20 13:00:00,211.272887605718
2011-07-20 14:00:00,189.32639157980455
2011-07-20 15:00:00,208.13934905610742
2011-07-20 16:00:00,264.4782179404379
2011-07-20 17:00:00,393.42394914925546
2011-07-20 18:00:00,355.4503050499355
2011-07-20 19:00:00,263.6581483960259
2011-07-20 20:00:00,184.6617791341203
2011-07-20 21:00:00,155.47248014913677
2011-07-20 22:00:00,118.86219772216809
2011-07-20 23:00:00,77.57609008748001
2011-07-21 00:00:00,42.65922237975124
2011-07-21 01:00:00,21.723039951749282
2011-07-21 02:00:00,12.914875857772145
2011-07-21 03:00:00,8.046740220152621
2011-07-21 04:00:00,5.863898214997802
2011-07-21 05:00:00,16.814467626617713
2011-07-21 06:00:00,56.69609690227447
2011-07-21 07:00:00,147.06830443133953
2011-07-21 08:00:00,279.2586943675717
2011-07-21 09:00:00,192.79335008888268
2011-07-21 10:00:00,142.22563981278714
2011-07-21 11:00:00,154.08156805599873
2011-07-21 12:00:00,196.818863540502
2011-07-21 13:00:00,194.29610397709632
2011-07-21 14:00:00,173.6072074202084
2011-07-21 15:00:00,188.8262526980442
2011-07-21 16:00:00,234.87461749096067
2011-07-21 17:00:00,358.7461723262392
2011-07-21 18:00:00,334.88980869180466
2011-07-21 19:00:00,242.33268005990953
2011-07-21 20:00:00,183.59611650990612
2011-07-21 21:00:00,143.07190023776786
2011-07-21 22:00:00,117.65529816165892
2011-07-21 23:00:00,81.23074758951033
2011-07-22 00:00:00,48.239433556118556
2011-07-22 01:00:00,26.07417098824739
2011-07-22 02:00:00,14.490117213890663
2011-07-22 03:00:00,8.829108411552996
2011-07-22 04:00:00,6.684307048959107
2011-07-22 05:00:00,18.724647759808292
2011-07-22 06:00:00,63.72976643880649
2011-07-22 07:00:00,163.61834904099203
2011-07-22 08:00:00,289.4276235020639
2011-07-22 09:00:00,217.09164822977547
2011-07-22 10:00:00,154.95449743416805
2011-07-22 11:00:00,177.2859618739237
2011-07-22 12:00:00,191.81430397302887
2011-07-22 13:00:00,184.48179240157248
2011-07-22 14:00:00,155.155302077859
2011-07-22 15:00:00,172.7113909525322
2011-07-22 16:00:00,155.14691524974992
2011-07-22 17:00:00,428.0935083807381
2011-07-22 18:00:00,385.58391492065834
2011-07-22 19:00:00,295.3205821339571
2011-07-22 20:00:00,211.27090910835562
2011-07-22 21:00:00,171.11149601935915
2011-07-22 22:00:00,130.61642490939624
2011-07-22 23:00:00,88.0255752480453
2011-07-23 00:00:00,48.66173543734729
2011-07-23 01:00:00,27.853739893907893
2011-07-23 02:00:00,16.142640628567605
2011-07-23 03:00:00,9.416927431822838
2011-07-23 04:00:00,7.127867610480667
2011-07-23 05:00:00,20.473214129738395
2011-07-23 06:00:00,70.09903934550053
2011-07-23 07:00:00,187.0225176860448
2011-07-23 08:00:00,323.24591812426894
2011-07-23 09:00:00,241.24665968116932
2011-07-23 10:00:00,174.1074825515993
2011-07-23 11:00:00,184.71326605660855
2011-07-23 12:00:00,220.05126815071543
2011-07-23 13:00:00,195.51613248632955
2011-07-23 14:00:00,187.44886918905962
2011-07-23 15:00:00,188.23875063739786
2011-07-23 16:00:00,248.6294019613396
2011-07-23 17:00:00,374.0543558445204
2011-07-23 18:00:00,354.0588432972121
2011-07-23 19:00:00,280.1570451449102
2011-07-23 20:00:00,212.6709412434032
2011-07-23 21:00:00,164.17445710932267
2011-07-23 22:00:00,133.7357918701422
2011-07-23 23:00:00,91.77683113664827
2011-07-24 00:00:00,52.366146794352574
2011-07-24 01:00:00,27.609247096626678
2011-07-24 02:00:00,16.542223935135123
2011-07-24 03:00:00,9.73880978078862
2011-07-24 04:00:00,7.221492680792483
2011-07-24 05:00:00,20.383383174446898
2011-07-24 06:00:00,64.54028616531056
2011-07-24 07:00:00,184.21814635970284
2011-07-24 08:00:00,326.7961712791352
2011-07-24 09:00:00,227.72807614694264
2011-07-24 10:00:00,163.34952177676266
2011-07-24 11:00:00,193.91203274327194
2011-07-24 12:00:00,224.2818322697499
2011-07-24 13:00:00,231.59787322432183
2011-07-24 14:00:00,205.97453096643886
2011-07-24 15:00:00,212.05096995969882
2011-07-24 16:00:00,273.3020053360995
2011-07-24 17:00:00,435.935972547339
2011-07-24 18:00:00,404.75455163008786
2011-07-24 19:00:00,302.6611855554875
2011-07-24 20:00:00,229.83221025038551
2011-07-24 21:00:00,174.28689640074936
2011-07-24 22:00:00,133.46079054050574
2011-07-24 23:00:00,86.71217127069761
2011-07-25 00:00:00,39.78448456922387
2011-07-25 01:00:00,21.39758753606943
2011-07-25 02:00:00,12.564902590302761
2011-07-25 03:00:00,7.488098514329312
2011-07-25 04:00:00,5.612307684893357
2011-07-25 05:00:00,16.161493002967838
2011-07-25 06:00:00,51.6435774928396
2011-07-25 07:00:00,135.1794662325836
2011-07-25 08:00:00,256.9965628228886
2011-07-25 09:00:00,201.4850916942089
2011-07-25 10:00:00,148.86996210707315
2011-07-25 11:00:00,155.2805573470411
2011-07-25 12:00:00,188.79663463977042
2011-07-25 13:00:00,190.9948140018958
2011-07-25 14:00:00,170.2399836474736
2011-07-25 15:00:00,173.3914880164802
2011-07-25 16:00:00,237.58592468399962
2011-07-25 17:00:00,379.8548893852087
2011-07-25 18:00:00,352.15273354513783
2011-07-25 19:00:00,267.47794818708974
2011-07-25 20:00:00,194.08011142378157
2011-07-25 21:00:00,137.75242413296178
2011-07-25 22:00:00,107.9603709542167
2011-07-25 23:00:00,74.78893004948355
2011-07-26 00:00:00,43.97878806093386
2011-07-26 01:00:00,23.731682168696764
2011-07-26 02:00:00,13.292328881013843
2011-07-26 03:00:00,7.697158839208932
2011-07-26 04:00:00,5.6583940065297975
2011-07-26 05:00:00,16.508993657040072
2011-07-26 06:00:00,55.717489251688086
2011-07-26 07:00:00,159.8947277529853
2011-07-26 08:00:00,327.52560853786355
2011-07-26 09:00:00,254.49917489385342
2011-07-26 10:00:00,186.34956962247446
2011-07-26 11:00:00,206.4173360093795
2011-07-26 12:00:00,245.74045414280894
2011-07-26 13:00:00,226.4137928776288
2011-07-26 14:00:00,204.64198678126053
2011-07-26 15:00:00,206.4061890335501
2011-07-26 16:00:00,269.9546270252418
2011-07-26 17:00:00,394.78679679120796
2011-07-26 18:00:00,363.13245028408465
2011-07-26 19:00:00,283.3912650803433
2011-07-26 20:00:00,214.56948277321877
2011-07-26 21:00:00,168.18839859748525
2011-07-26 22:00:00,132.58036650881235
2011-07-26 23:00:00,88.18913881075984
2011-07-27 00:00:00,47.57505179048385
2011-07-27 01:00:00,27.568700246621592
2011-07-27 02:00:00,15.891284651932345
2011-07-27 03:00:00,9.694028751172231
2011-07-27 04:00:00,7.515757845311015
2011-07-27 05:00:00,20.178694228942664
2011-07-27 06:00:00,69.03235324317171
2011-07-27 07:00:00,187.23702141571567
2011-07-27 08:00:00,358.8975567000802
2011-07-27 09:00:00,266.1389701170973
2011-07-27 10:00:00,194.59202637172567
2011-07-27 11:00:00,217.8834243247141
2011-07-27 12:00:00,253.15050801798102
2011-07-27 13:00:00,231.79603801105242
2011-07-27 14:00:00,228.27075660654455
2011-07-27 15:00:00,233.26300866978457
2011-07-27 16:00:00,307.70087729885694
2011-07-27 17:00:00,470.00552828393666
2011-07-27 18:00:00,457.506085124566
2011-07-27 19:00:00,347.4936647009166
2011-07-27 20:00:00,234.2483500088633
2011-07-27 21:00:00,185.95081616433075
2011-07-27 22:00:00,144.2942083125963
2011-07-27 23:00:00,100.07759536356485
2011-07-28 00:00:00,55.92347945062982
2011-07-28 01:00:00,29.331721783894533
2011-07-28 02:00:00,17.764959368861845
2011-07-28 03:00:00,10.145045137497863
2011-07-28 04:00:00,7.479876086428961
2011-07-28 05:00:00,20.444496120608054
2011-07-28 06:00:00,66.37807059013365
2011-07-28 07:00:00,172.26743190229638
2011-07-28 08:00:00,327.8243732164652
2011-07-28 09:00:00,238.9956122506312
2011-07-28 10:00:00,168.75873483362537
2011-07-28 11:00:00,178.21094284681834
2011-07-28 12:00:00,222.97096967485393
2011-07-28 13:00:00,216.85937177708874
2011-07-28 14:00:00,195.21317302349073
2011-07-28 15:00:00,212.9112570181495
2011-07-28 16:00:00,281.54465363550867
2011-07-28 17:00:00,421.35333043698597
2011-07-28 18:00:00,373.88229065823896
2011-07-28 19:00:00,284.09749117536114
2011-07-28 20:00:00,210.0757153061826
2011-07-28 21:00:00,157.42533737571222
2011-07-28 22:00:00,123.50587067378316
2011-07-28 23:00:00,81.68140854106127
2011-07-29 00:00:00,46.44754500923062
2011-07-29 01:00:00,25.28850558906468
2011-07-29 02:00:00,14.71225813328849
2011-07-29 03:00:00,8.618561018485499
2011-07-29 04:00:00,6.432448668108761
2011-07-29 05:00:00,17.82754675314356
2011-07-29 06:00:00,56.75426510547587
2011-07-29 07:00:00,158.3941383834819
2011-07-29 08:00:00,288.74762705938406
2011-07-29 09:00:00,229.4573179995238
2011-07-29 10:00:00,155.79098661995928
2011-07-29 11:00:00,169.02665187528675
2011-07-29 12:00:00,187.1726743316953
2011-07-29 13:00:00,199.57169645415723
2011-07-29 14:00:00,173.8844185380403
2011-07-29 15:00:00,182.45512328486467
2011-07-29 16:00:00,223.54338146315098
2011-07-29 17:00:00,348.20025370562564
2011-07-29 18:00:00,349.4589477322491
2011-07-29 19:00:00,274.070589242434
2011-07-29 20:00:00,214.61997203208657
2011-07-29 21:00:00,182.8901593812296
2011-07-29 22:00:00,142.17666180530856
2011-07-29 23:00:00,98.26549954250883
2011-07-30 00:00:00,52.80124377057319
2011-07-30 01:00:00,29.313936179398915
2011-07-30 02:00:00,17.523860673252194
2011-07-30 03:00:00,9.851761076890076
2011-07-30 04:00:00,7.255988560029959
2011-07-30 05:00:00,19.049491918655136
2011-07-30 06:00:00,63.580983860557154
2011-07-30 07:00:00,174.63896720452743
2011-07-30 08:00:00,334.31395377501354
2011-07-30 09:00:00,243.60154879968852
2011-07-30 10:00:00,182.24439626545146
2011-07-30 11:00:00,211.70963357682916
2011-07-30 12:00:00,264.5761677925659
2011-07-30 13:00:00,237.3175788172125
2011-07-30 14:00:00,209.9526748397917
2011-07-30 15:00:00,226.96255795936722
2011-07-30 16:00:00,291.0871869490807
2011-07-30 17:00:00,444.7014217874265
2011-07-30 18:00:00,417.3752858751608
2011-07-30 19:00:00,365.3293718371051
2011-07-30 20:00:00,240.3163385314603
2011-07-30 21:00:00,183.35096577110033
2011-07-30 22:00:00,145.3533897055332
2011-07-30 23:00:00,97.8883285074267
2011-07-31 00:00:00,55.88154025871751
2011-07-31 01:00:00,29.3401565264117
2011-07-31 02:00:00,17.170243685434276
2011-07-31 03:00:00,9.768897043735869
2011-07-31 04:00:00,7.150585929672234
2011-07-31 05:00:00,20.299585391453828
2011-07-31 06:00:00,66.46237160498563
2011-07-31 07:00:00,195.42062535795625
2011-07-31 08:00:00,358.7024011306593
2011-07-31 09:00:00,261.01446835112836
2011-07-31 10:00:00,194.81252266863436
2011-07-31 11:00:00,221.9673353146474
2011-07-31 12:00:00,247.0892794356359
2011-07-31 13:00:00,247.14621181499115
2011-07-31 14:00:00,226.54614267843183
2011-07-31 15:00:00,223.68009974461808
2011-07-31 16:00:00,292.18844037161233
2011-07-31 17:00:00,460.6961893273816
2011-07-31 18:00:00,408.8800462406366
2011-07-31 19:00:00,302.1890024810654
2011-07-31 20:00:00,222.95123982854386
2011-07-31 21:00:00,173.7242262156809
2011-07-31 22:00:00,130.57804712089722
2011-07-31 23:00:00,92.5627396910542
2011-08-20 00:00:00,43.44993585556375
2011-08-20 01:00:00,24.307133033722202
2011-08-20 02:00:00,14.981066122160316
2011-08-20 03:00:00,8.783116998999986
2011-08-20 04:00:00,5.6523950670417955
2011-08-20 05:00:00,17.7458064264255
2011-08-20 06:00:00,57.916189813077025
2011-08-20 07:00:00,159.6985011757254
2011-08-20 08:00:00,328.6848650396421
2011-08-20 09:00:00,242.8174932899445
2011-08-20 10:00:00,184.84589446180374
2011-08-20 11:00:00,207.14006832289684
2011-08-20 12:00:00,254.58129623378008
2011-08-20 13:00:00,249.24141529810683
2011-08-20 14:00:00,226.81148001029368
2011-08-20 15:00:00,249.31424141595434
2011-08-20 16:00:00,314.1832045731279
2011-08-20 17:00:00,465.9789376301703
2011-08-20 18:00:00,410.14823467862897
2011-08-20 19:00:00,305.1536664408709
2011-08-20 20:00:00,222.99379044842698
2011-08-20 21:00:00,166.19419609200682
2011-08-20 22:00:00,122.55517394281216
2011-08-20 23:00:00,88.2901705631044
2011-08-21 00:00:00,49.52969583389043
2011-08-21 01:00:00,25.75291055239591
2011-08-21 02:00:00,15.539693387099483
2011-08-21 03:00:00,8.802196966830188
2011-08-21 04:00:00,6.496547879790011
2011-08-21 05:00:00,17.316193841916288
2011-08-21 06:00:00,58.64597166677373
2011-08-21 07:00:00,160.35695785036054
2011-08-21 08:00:00,315.6820079879203
2011-08-21 09:00:00,234.94857411329346
2011-08-21 10:00:00,166.22749224110004
2011-08-21 11:00:00,189.37082663850333
2011-08-21 12:00:00,229.66362062086336
2011-08-21 13:00:00,218.96831132624746
2011-08-21 14:00:00,112.6929567127907
2011-08-21 15:00:00,207.05025065893767
2011-08-21 16:00:00,284.22233211801785
2011-08-21 17:00:00,430.8055786503548
2011-08-21 18:00:00,379.0508133660767
2011-08-21 19:00:00,298.06091174734985
2011-08-21 20:00:00,209.25763708788347
2011-08-21 21:00:00,161.53586405798808
2011-08-21 22:00:00,122.29244577118224
2011-08-21 23:00:00,90.42654979876448
2011-08-22 00:00:00,41.68648868432391
2011-08-22 01:00:00,22.84313801943813
2011-08-22 02:00:00,13.993881028765271
2011-08-22 03:00:00,4.615177692695053
2011-08-22 04:00:00,6.303691556651318
2011-08-22 05:00:00,16.896787078942587
2011-08-22 06:00:00,59.76314271420826
2011-08-22 07:00:00,156.94842051831
2011-08-22 08:00:00,294.9512049978134
2011-08-22 09:00:00,229.78972531809038
2011-08-22 10:00:00,171.19484796048826
2011-08-22 11:00:00,205.5245357107621
2011-08-22 12:00:00,237.6735052007163
2011-08-22 13:00:00,232.50974227053854
2011-08-22 14:00:00,221.39180523491072
2011-08-22 15:00:00,242.93400030277934
2011-08-22 16:00:00,302.4184532446399
2011-08-22 17:00:00,474.77220242701
2011-08-22 18:00:00,443.9012076547751
2011-08-22 19:00:00,327.64419697464155
2011-08-22 20:00:00,244.42375474899072
2011-08-22 21:00:00,184.57299645139287
2011-08-22 22:00:00,139.60507849146197
2011-08-22 23:00:00,93.3429193525546
2011-08-23 00:00:00,53.40677000886249
2011-08-23 01:00:00,26.439196959085987
2011-08-23 02:00:00,15.23396276541176
2011-08-23 03:00:00,8.641099794494695
2011-08-23 04:00:00,6.377349397364964
2011-08-23 05:00:00,17.981272787757536
2011-08-23 06:00:00,59.301365975518266
2011-08-23 07:00:00,182.11441877938566
2011-08-23 08:00:00,320.98808906417344
2011-08-23 09:00:00,241.33287991970016
2011-08-23 10:00:00,192.08426891023612
2011-08-23 11:00:00,228.29697031568338
2011-08-23 12:00:00,269.4040223647104
2011-08-23 13:00:00,276.8777860030357
2011-08-23 14:00:00,256.303464103045
2011-08-23 15:00:00,255.8029930014789
2011-08-23 16:00:00,342.72425375486335
2011-08-23 17:00:00,495.7570339318971
2011-08-23 18:00:00,456.57971604388985
2011-08-23 19:00:00,306.88425706383276
2011-08-23 20:00:00,220.55766749466645
2011-08-23 21:00:00,167.8671517609393
2011-08-23 22:00:00,134.86680704434488
2011-08-23 23:00:00,87.74028978614163
2011-08-24 00:00:00,51.62787784974499
2011-08-24 01:00:00,27.265529026514276
2011-08-24 02:00:00,14.966519410753346
2011-08-24 03:00:00,8.774211949828707
2011-08-24 04:00:00,6.235531514562504
2011-08-24 05:00:00,17.778999613645528
2011-08-24 06:00:00,58.00770767162838
2011-08-24 07:00:00,174.64723262963378
2011-08-24 08:00:00,317.4563663516099
2011-08-24 09:00:00,222.39958431490732
2011-08-24 10:00:00,170.78325037141664
2011-08-24 11:00:00,195.71608823203172
2011-08-24 12:00:00,230.70771196441206
2011-08-24 13:00:00,222.4893429493579
2011-08-24 14:00:00,205.5022993316941
2011-08-24 15:00:00,215.17827975636112
2011-08-24 16:00:00,275.25590644324797
2011-08-24 17:00:00,424.0262713285072
2011-08-24 18:00:00,394.3077715126503
2011-08-24 19:00:00,292.2441529276999
2011-08-24 20:00:00,214.01999572930544
2011-08-24 21:00:00,159.70333039935807
2011-08-24 22:00:00,121.96377775642036
2011-08-24 23:00:00,82.03381613190587
2011-08-25 00:00:00,45.27952092276307
2011-08-25 01:00:00,24.371807193209712
2011-08-25 02:00:00,14.53689770957187
2011-08-25 03:00:00,8.45818225468962
2011-08-25 04:00:00,5.892301082087129
2011-08-25 05:00:00,16.158897456130102
2011-08-25 06:00:00,56.564689135467674
2011-08-25 07:00:00,145.64050679881313
2011-08-25 08:00:00,284.83196322166077
2011-08-25 09:00:00,209.9225516947724
2011-08-25 10:00:00,154.4503860989151
2011-08-25 11:00:00,103.51056986032643
2011-08-25 12:00:00,125.92400629033126
2011-08-25 13:00:00,218.09939958731897
2011-08-25 14:00:00,189.8617745182166
2011-08-25 15:00:00,202.94427749664126
2011-08-25 16:00:00,255.6856081643155
2011-08-25 17:00:00,384.6559150013382
2011-08-25 18:00:00,340.4571110139388
2011-08-25 19:00:00,250.18844617415422
2011-08-25 20:00:00,192.54707920416575
2011-08-25 21:00:00,152.89262002264712
2011-08-25 22:00:00,118.67788951351098
2011-08-25 23:00:00,82.24365195691627
2011-08-26 00:00:00,46.495953190055296
2011-08-26 01:00:00,24.4895587785838
2011-08-26 02:00:00,14.536983465050525
2011-08-26 03:00:00,8.51169935091601
2011-08-26 04:00:00,6.116358985269167
2011-08-26 05:00:00,16.49349570399019
2011-08-26 06:00:00,58.81821477310367
2011-08-26 07:00:00,161.07861406976036
2011-08-26 08:00:00,312.5314156640554
2011-08-26 09:00:00,231.4970999295835
2011-08-26 10:00:00,178.843962562447
2011-08-26 11:00:00,187.16937113693595
2011-08-26 12:00:00,229.013997940007
2011-08-26 13:00:00,229.98065574368437
2011-08-26 14:00:00,212.70991032956218
2011-08-26 15:00:00,215.2101426384589
2011-08-26 16:00:00,299.49753274236315
2011-08-26 17:00:00,413.45367956693923
2011-08-26 18:00:00,370.27676907293124
2011-08-26 19:00:00,286.0139655415262
2011-08-26 20:00:00,211.45491679635168
2011-08-26 21:00:00,160.6728662232625
2011-08-26 22:00:00,127.69701523449439
2011-08-26 23:00:00,83.80961023132454
2011-08-27 00:00:00,45.84393348871855
2011-08-27 01:00:00,24.40948832912397
2011-08-27 02:00:00,14.425234973902011
2011-08-27 03:00:00,7.858833019936265
2011-08-27 04:00:00,5.791041093995776
2011-08-27 05:00:00,16.168806971920603
2011-08-27 06:00:00,54.60498194559007
2011-08-27 07:00:00,141.88982043104426
2011-08-27 08:00:00,277.33434558958265
2011-08-27 09:00:00,188.87339069855227
2011-08-27 10:00:00,139.2606035697604
2011-08-27 11:00:00,93.14587295355244
2011-08-27 12:00:00,114.00208435807207
2011-08-27 13:00:00,116.16014486055342
2011-08-27 14:00:00,96.67318008821937
2011-08-27 15:00:00,102.50303172413265
2011-08-27 16:00:00,133.9544686240949
2011-08-27 17:00:00,175.7700868082554
2011-08-28 07:00:00,90.88238027666577
2011-08-28 08:00:00,167.12462826426375
2011-08-28 09:00:00,221.43236138406718
2011-08-28 10:00:00,159.7616636542157
2011-08-28 11:00:00,202.48704079496008
2011-08-28 12:00:00,250.7227205619128
2011-08-28 13:00:00,253.74687272358275
2011-08-28 14:00:00,227.27407274997725
2011-08-28 15:00:00,246.70801319094127
2011-08-28 16:00:00,321.97349697673906
2011-08-28 17:00:00,509.8125943185261
2011-08-28 18:00:00,478.19941768260384
2011-08-28 19:00:00,358.6376499801957
2011-08-28 20:00:00,267.5674650072354
2011-08-28 21:00:00,188.75761332380185
2011-08-28 22:00:00,141.42944301530764
2011-08-28 23:00:00,92.17265820320968
2011-08-29 00:00:00,43.74913327729288
2011-08-29 01:00:00,24.05560909786556
2011-08-29 02:00:00,14.005051496193271
2011-08-29 03:00:00,8.392676567855633
2011-08-29 04:00:00,5.927720213764069
2011-08-29 05:00:00,16.535796952758062
2011-08-29 06:00:00,55.79356023714253
2011-08-29 07:00:00,162.32484638560666
2011-08-29 08:00:00,311.00374958592033
2011-08-29 09:00:00,231.1954222132799
2011-08-29 10:00:00,175.8837925785514
2011-08-29 11:00:00,202.66070612727236
2011-08-29 12:00:00,238.3020663199307
2011-08-29 13:00:00,233.6096348526706
2011-08-29 14:00:00,223.58549433882425
2011-08-29 15:00:00,240.98775909223338
2011-08-29 16:00:00,308.841670701781
2011-08-29 17:00:00,420.8335131009663
2011-08-29 18:00:00,404.59456609864526
2011-08-29 19:00:00,299.8750233079317
2011-08-29 20:00:00,219.9181639290427
2011-08-29 21:00:00,168.2979949409136
2011-08-29 22:00:00,130.6856482763561
2011-08-29 23:00:00,85.80279434680388
2011-08-30 00:00:00,43.11723286932548
2011-08-30 01:00:00,24.021775061326903
2011-08-30 02:00:00,13.682240898169516
2011-08-30 03:00:00,7.789890518233099
2011-08-30 04:00:00,5.5390247006817015
2011-08-30 05:00:00,16.240190680111944
2011-08-30 06:00:00,56.91609701345885
2011-08-30 07:00:00,156.93918596524443
2011-08-30 08:00:00,332.70333381529827
2011-08-30 09:00:00,245.24295847817243
2011-08-30 10:00:00,189.36333920131378
2011-08-30 11:00:00,218.03098818847727
2011-08-30 12:00:00,262.895631894412
2011-08-30 13:00:00,262.7114572873514
2011-08-30 14:00:00,242.51827866471683
2011-08-30 15:00:00,249.121441730431
2011-08-30 16:00:00,322.7271334006914
2011-08-30 17:00:00,475.14167016251776
2011-08-30 18:00:00,431.3903755815097
2011-08-30 19:00:00,317.5188246523121
2011-08-30 20:00:00,226.7792221731457
2011-08-30 21:00:00,164.43355563297783
2011-08-30 22:00:00,127.61880444057817
2011-08-30 23:00:00,85.61251415318276
2011-08-31 00:00:00,46.06213316249914
2011-08-31 01:00:00,24.877213898671837
2011-08-31 02:00:00,13.95897381832002
2011-08-31 03:00:00,7.931130924459907
2011-08-31 04:00:00,6.019935855356543
2011-08-31 05:00:00,16.619555070217498
2011-08-31 06:00:00,55.86763244761678
2011-08-31 07:00:00,154.57857376007323
2011-08-31 08:00:00,309.8205596834487
2011-08-31 09:00:00,232.46887904748945
2011-08-31 10:00:00,194.23208065528874
2011-08-31 11:00:00,221.36640462090904
2011-08-31 12:00:00,264.53202397053843
2011-08-31 13:00:00,267.5753096808253
2011-08-31 14:00:00,240.92475207858698
2011-08-31 15:00:00,255.36459534366998
2011-08-31 16:00:00,327.97278468955136
2011-08-31 17:00:00,488.70849674646064
2011-08-31 18:00:00,424.1501146100015
2011-08-31 19:00:00,276.18669460763886
2011-08-31 20:00:00,229.68879938556768
2011-08-31 21:00:00,174.43435241265033
2011-08-31 22:00:00,125.72347698496803
2011-08-31 23:00:00,81.37983307983428
2011-09-20 00:00:00,40.55538624052856
2011-09-20 01:00:00,19.88369185153735
2011-09-20 02:00:00,11.788516861439538
2011-09-20 03:00:00,6.8747330374955995
2011-09-20 04:00:00,5.281418736134731
2011-09-20 05:00:00,14.441038303856761
2011-09-20 06:00:00,49.00922064715088
2011-09-20 07:00:00,131.60996317069427
2011-09-20 08:00:00,143.40386206692557
2011-09-20 09:00:00,104.93550473439524
2011-09-20 10:00:00,81.01847845165751
2011-09-20 11:00:00,91.72788707102393
2011-09-20 12:00:00,176.57370775687136
2011-09-20 13:00:00,173.67743728559458
2011-09-20 14:00:00,164.63191676946923
2011-09-20 15:00:00,192.19413841293022
2011-09-20 16:00:00,235.32033498980834
2011-09-20 17:00:00,379.0022543815884
2011-09-20 18:00:00,345.7092267968878
2011-09-20 19:00:00,239.69401545782742
2011-09-20 20:00:00,169.4444623903213
2011-09-20 21:00:00,130.75900933827927
2011-09-20 22:00:00,102.46853846893264
2011-09-20 23:00:00,68.67620552475162
2011-09-21 00:00:00,37.40345506815943
2011-09-21 01:00:00,20.73571124837224
2011-09-21 02:00:00,12.310266775207511
2011-09-21 03:00:00,6.971426132390971
2011-09-21 04:00:00,4.88867234432097
2011-09-21 05:00:00,14.167470495078756
2011-09-21 06:00:00,47.69784124641921
2011-09-21 07:00:00,127.01437556229169
2011-09-21 08:00:00,244.26972607648085
2011-09-21 09:00:00,179.7722162636304
2011-09-21 10:00:00,136.99896939482082
2011-09-21 11:00:00,163.2609586784862
2011-09-21 12:00:00,208.26153053472257
2011-09-21 13:00:00,205.80665818762824
2011-09-21 14:00:00,188.43296395434606
2011-09-21 15:00:00,204.26441990073855
2011-09-21 16:00:00,263.2768630134283
2011-09-21 17:00:00,240.06231345073382
2011-09-21 18:00:00,206.39981336457615
2011-09-21 19:00:00,141.14519008938197
2011-09-21 20:00:00,103.99586494128465
2011-09-21 21:00:00,130.8622077710017
2011-09-21 22:00:00,102.56728019581627
2011-09-21 23:00:00,74.53362128509679
2011-09-22 00:00:00,42.44768270293691
2011-09-22 01:00:00,21.675297663016913
2011-09-22 02:00:00,12.856137063442462
2011-09-22 03:00:00,7.500361583575076
2011-09-22 04:00:00,5.5162425680634515
2011-09-22 05:00:00,15.87623351213788
2011-09-22 06:00:00,51.84400799007234
2011-09-22 07:00:00,138.7468027469721
2011-09-22 08:00:00,257.31127466741987
2011-09-22 09:00:00,191.11678196691798
2011-09-22 10:00:00,141.55757294689604
2011-09-22 11:00:00,161.7168248996595
2011-09-22 12:00:00,205.4431984395201
2011-09-22 13:00:00,198.79078235444902
2011-09-22 14:00:00,181.85212329900392
2011-09-22 15:00:00,200.89720861517964
2011-09-22 16:00:00,269.3176986587389
2011-09-22 17:00:00,398.44301876000054
2011-09-22 18:00:00,351.46141856639133
2011-09-22 19:00:00,252.41658015664822
2011-09-22 20:00:00,179.34839145807715
2011-09-22 21:00:00,143.7013149481342
2011-09-22 22:00:00,106.23387981754986
2011-09-22 23:00:00,70.95710320274105
2011-09-23 00:00:00,56.74939338595314
2011-09-23 01:00:00,28.75754147494455
2011-09-23 02:00:00,17.78223401516271
2011-09-23 03:00:00,10.155305043153557
2011-09-23 04:00:00,4.262793580619533
2011-09-23 05:00:00,21.928654355587742
2011-09-23 06:00:00,75.70314643716337
2011-09-23 07:00:00,122.08820160234092
2011-09-23 08:00:00,229.63289563572238
2011-09-23 09:00:00,161.72656855412694
2011-09-23 10:00:00,118.11929544743433
2011-09-23 11:00:00,133.67307349209185
2011-09-23 12:00:00,167.34135895093752
2011-09-23 13:00:00,158.4157410408161
2011-09-23 14:00:00,146.298822575419
2011-09-23 15:00:00,159.9120429698364
2011-09-23 16:00:00,200.00030662969212
2011-09-23 17:00:00,473.9904674163166
2011-09-23 18:00:00,456.5592917513254
2011-09-23 19:00:00,358.2666016009416
2011-09-23 20:00:00,256.77315032040013
2011-09-23 21:00:00,196.06649499092967
2011-09-23 22:00:00,158.10984412611091
2011-09-23 23:00:00,97.31574904207518
2011-09-24 00:00:00,56.9240871608342
2011-09-24 01:00:00,30.120589927506888
2011-09-24 02:00:00,18.057271667057737
2011-09-24 03:00:00,10.924892069622603
2011-09-24 04:00:00,8.318696044153363
2011-09-24 05:00:00,21.907299863968273
2011-09-24 06:00:00,73.19036147597497
2011-09-24 07:00:00,199.9725457660416
2011-09-24 08:00:00,377.04094522333435
2011-09-24 09:00:00,278.65797711437295
2011-09-24 10:00:00,202.4950094947879
2011-09-24 11:00:00,237.22005513859287
2011-09-24 12:00:00,288.3089552310936
2011-09-24 13:00:00,297.11266607514875
2011-09-24 14:00:00,273.88796674652593
2011-09-24 15:00:00,290.29529638586666
2011-09-24 16:00:00,366.66262066205655
2011-09-24 17:00:00,597.4912060933727
2011-09-24 18:00:00,529.9904507900084
2011-09-24 19:00:00,358.5425496223358
2011-09-24 20:00:00,272.36256225275105
2011-09-24 21:00:00,217.2717283155166
2011-09-24 22:00:00,151.69769472233662
2011-09-24 23:00:00,104.58263514534937
2011-09-25 00:00:00,57.79735406047163
2011-09-25 01:00:00,32.32276158134353
2011-09-25 02:00:00,10.811275840895377
2011-09-25 03:00:00,6.230499678535919
2011-09-25 04:00:00,4.678954003728237
2011-09-25 05:00:00,25.296275083552434
2011-09-25 06:00:00,79.4935036400898
2011-09-25 07:00:00,202.90033557191612
2011-09-25 08:00:00,385.94975847187754
2011-09-25 09:00:00,288.6419947644313
2011-09-25 10:00:00,209.7599471427629
2011-09-25 11:00:00,250.8985574583715
2011-09-25 12:00:00,297.5857239350639
2011-09-25 13:00:00,297.78576003083566
2011-09-25 14:00:00,268.33265746867124
2011-09-25 15:00:00,284.4084055126114
2011-09-25 16:00:00,404.3144832971495
2011-09-25 17:00:00,596.4931278995584
2011-09-25 18:00:00,544.1451353298784
2011-09-25 19:00:00,390.74967825788923
2011-09-25 20:00:00,290.72221603996076
2011-09-25 21:00:00,210.85107872000108
2011-09-25 22:00:00,170.8112860036572
2011-09-25 23:00:00,104.88339584850601
2011-09-26 00:00:00,48.33858701650706
2011-09-26 01:00:00,27.877721643832594
2011-09-26 02:00:00,16.683809586326777
2011-09-26 03:00:00,9.169907859029058
2011-09-26 04:00:00,7.0526326338517595
2011-09-26 05:00:00,19.896420043746478
2011-09-26 06:00:00,66.68828123732276
2011-09-26 07:00:00,171.26676302464875
2011-09-26 08:00:00,321.7797779231827
2011-09-26 09:00:00,242.258991701943
2011-09-26 10:00:00,176.00904274879443
2011-09-26 11:00:00,220.75498776471096
2011-09-26 12:00:00,258.77313904375245
2011-09-26 13:00:00,259.8700294890877
2011-09-26 14:00:00,259.22416219865187
2011-09-26 15:00:00,290.70942525901165
2011-09-26 16:00:00,365.7460295761947
2011-09-26 17:00:00,536.4963892982597
2011-09-26 18:00:00,457.4265051368784
2011-09-26 19:00:00,341.8187463610101
2011-09-26 20:00:00,240.10106617386023
2011-09-26 21:00:00,185.3788191412351
2011-09-26 22:00:00,141.16169681770742
2011-09-26 23:00:00,94.73236224064539
2011-09-27 00:00:00,54.06619738692235
2011-09-27 01:00:00,29.04863508720149
2011-09-27 02:00:00,17.652669575360804
2011-09-27 03:00:00,9.492813201949803
2011-09-27 04:00:00,4.1131419882910345
2011-09-27 05:00:00,12.270578841288883
2011-09-27 06:00:00,68.68907170702985
2011-09-27 07:00:00,182.19504047311707
2011-09-27 08:00:00,352.3950714470086
2011-09-27 09:00:00,153.4610093439041
2011-09-27 10:00:00,109.270539460426
2011-09-27 11:00:00,209.81676320446894
2011-09-27 12:00:00,253.50223395209287
2011-09-27 13:00:00,263.28868030154075
2011-09-27 14:00:00,244.07131763504177
2011-09-27 15:00:00,252.76983360296623
2011-09-27 16:00:00,318.597447072356
2011-09-27 17:00:00,461.96694340061555
2011-09-27 18:00:00,418.0153821295781
2011-09-27 19:00:00,317.9706829923352
2011-09-27 20:00:00,257.51368173100457
2011-09-27 21:00:00,191.46243770462218
2011-09-27 22:00:00,150.8078323227828
2011-09-27 23:00:00,101.22811573167438
2011-09-28 00:00:00,55.92927352433296
2011-09-28 01:00:00,30.302681988478952
2011-09-28 02:00:00,17.945620844483688
2011-09-28 03:00:00,10.128814262505896
2011-09-28 04:00:00,7.995510087638733
2011-09-28 05:00:00,20.43629497919817
2011-09-28 06:00:00,42.444250195292156
2011-09-28 07:00:00,113.204006136129
2011-09-28 08:00:00,210.12740614283803
2011-09-28 09:00:00,152.32335995139766
2011-09-28 10:00:00,180.5709776150402
2011-09-28 11:00:00,224.59624179008006
2011-09-28 12:00:00,270.963196145283
2011-09-28 13:00:00,283.9953201694248
2011-09-28 14:00:00,281.6810892764916
2011-09-28 15:00:00,294.7886147148198
2011-09-28 16:00:00,373.66544463145704
2011-09-28 17:00:00,556.5689806899285
2011-09-28 18:00:00,271.7648744318741
2011-09-28 19:00:00,201.3403290179302
2011-09-28 20:00:00,144.62314784359842
2011-09-28 21:00:00,110.2464740952095
2011-09-28 22:00:00,155.6278917405997
2011-09-28 23:00:00,100.42140571350707
2011-09-29 00:00:00,56.394814562788234
2011-09-29 01:00:00,28.07227655759824
2011-09-29 02:00:00,16.80294890387923
2011-09-29 03:00:00,10.205202476378304
2011-09-29 04:00:00,7.860829425777025
2011-09-29 05:00:00,22.51563813532786
2011-09-29 06:00:00,75.32276314143907
2011-09-29 07:00:00,209.11910765379702
2011-09-29 08:00:00,394.15820005370165
2011-09-29 09:00:00,293.49917217443453
2011-09-29 10:00:00,236.099019684758
2011-09-29 11:00:00,273.1210018249737
2011-09-29 12:00:00,336.52435517606784
2011-09-29 13:00:00,326.4242702773524
2011-09-29 14:00:00,309.08531148703855
2011-09-29 15:00:00,328.69629682070774
2011-09-29 16:00:00,439.4816983899401
2011-09-29 17:00:00,649.3294372679666
2011-09-29 18:00:00,632.4129864688152
2011-09-29 19:00:00,458.4267687401814
2011-09-29 20:00:00,330.5687441382441
2011-09-29 21:00:00,232.33373708733785
2011-09-29 22:00:00,168.454136015
2011-09-29 23:00:00,107.42254716333142
2011-09-30 00:00:00,59.65603636523892
2011-09-30 01:00:00,33.36493724496492
2011-09-30 02:00:00,19.423625521761277
2011-09-30 03:00:00,11.502715181567977
2011-09-30 04:00:00,8.373111901370118
2011-09-30 05:00:00,23.32684653784258
2011-09-30 06:00:00,77.03975348416219
2011-09-30 07:00:00,204.1468823999419
2011-09-30 08:00:00,412.527150900943
2011-09-30 09:00:00,305.5688752141435
2011-09-30 10:00:00,241.61642803497512
2011-09-30 11:00:00,298.2158289107521
2011-09-30 12:00:00,334.8773770009521
2011-09-30 13:00:00,330.7885113504579
2011-09-30 14:00:00,309.76655502208854
2011-09-30 15:00:00,342.23769980592215
2011-09-30 16:00:00,441.38387833059795
2011-09-30 17:00:00,670.0289881365484
2011-09-30 18:00:00,559.3443615599333
2011-09-30 19:00:00,403.26133233994
2011-09-30 20:00:00,297.60854401515735
2011-09-30 21:00:00,228.07282783765473
2011-09-30 22:00:00,170.6270868169103
2011-09-30 23:00:00,114.57449589625766
2011-10-20 00:00:00,41.988975457295545
2011-10-20 01:00:00,22.811226719403255
2011-10-20 02:00:00,13.066899041257194
2011-10-20 03:00:00,7.345838601793577
2011-10-20 04:00:00,5.3977876974407355
2011-10-20 05:00:00,15.929481899964099
2011-10-20 06:00:00,49.91865468129468
2011-10-20 07:00:00,130.10214404474513
2011-10-20 08:00:00,253.6149227509922
2011-10-20 09:00:00,179.2619594462941
2011-10-20 10:00:00,146.5587376988659
2011-10-20 11:00:00,168.29156740736627
2011-10-20 12:00:00,210.822964902666
2011-10-20 13:00:00,209.3087303349152
2011-10-20 14:00:00,177.69855017929092
2011-10-20 15:00:00,194.31256007399796
2011-10-20 16:00:00,250.46389573233694
2011-10-20 17:00:00,391.0196487232922
2011-10-20 18:00:00,353.64970241060314
2011-10-20 19:00:00,270.52850059512315
2011-10-20 20:00:00,191.15852774062586
2011-10-20 21:00:00,152.66968390902127
2011-10-20 22:00:00,118.32796069986604
2011-10-20 23:00:00,76.86769196694438
2011-10-21 00:00:00,41.75271233524174
2011-10-21 01:00:00,22.74699144450716
2011-10-21 02:00:00,13.146291750384933
2011-10-21 03:00:00,7.247755083993365
2011-10-21 04:00:00,5.274647805614337
2011-10-21 05:00:00,14.442715293304207
2011-10-21 06:00:00,51.74301519060107
2011-10-21 07:00:00,137.64812037009406
2011-10-21 08:00:00,284.2501043069488
2011-10-21 09:00:00,207.9341787583777
2011-10-21 10:00:00,173.3706882894156
2011-10-21 11:00:00,209.8097545358557
2011-10-21 12:00:00,248.38825966789307
2011-10-21 13:00:00,229.76933499452795
2011-10-21 14:00:00,233.49036270917324
2011-10-21 15:00:00,238.68785299384203
2011-10-21 16:00:00,310.9021940270824
2011-10-21 17:00:00,406.56279787819324
2011-10-21 18:00:00,355.1065966439909
2011-10-21 19:00:00,250.1302186478102
2011-10-21 20:00:00,196.11200270687223
2011-10-21 21:00:00,155.2959119215094
2011-10-21 22:00:00,123.56860490217488
2011-10-21 23:00:00,76.46603005068981
2011-10-22 00:00:00,42.28992479688338
2011-10-22 01:00:00,22.803057115117706
2011-10-22 02:00:00,13.292332597937573
2011-10-22 03:00:00,8.069856628630507
2011-10-22 04:00:00,5.695479057272047
2011-10-22 05:00:00,15.823743705850646
2011-10-22 06:00:00,50.938857369918
2011-10-22 07:00:00,137.07177368202304
2011-10-22 08:00:00,271.2069114354034
2011-10-22 09:00:00,212.56003563684584
2011-10-22 10:00:00,153.30030966562438
2011-10-22 11:00:00,173.44778249734637
2011-10-22 12:00:00,236.56631416241282
2011-10-22 13:00:00,247.53833725092207
2011-10-22 14:00:00,207.16886295511316
2011-10-22 15:00:00,228.9455391689248
2011-10-22 16:00:00,314.82142479145654
2011-10-22 17:00:00,434.7181944882615
2011-10-22 18:00:00,389.11310992998796
2011-10-22 19:00:00,265.3568297022845
2011-10-22 20:00:00,189.95131268321083
2011-10-22 21:00:00,137.67075486220995
2011-10-22 22:00:00,107.89623719877217
2011-10-22 23:00:00,68.7636722964715
2011-10-23 00:00:00,37.365304021342574
2011-10-23 01:00:00,20.095243919772717
2011-10-23 02:00:00,11.951978965189058
2011-10-23 03:00:00,6.685888359330046
2011-10-23 04:00:00,4.891880293331191
2011-10-23 05:00:00,13.86297993989107
2011-10-23 06:00:00,48.55251247499504
2011-10-23 07:00:00,133.30497626665291
2011-10-23 08:00:00,255.5073947714825
2011-10-23 09:00:00,199.40044821291315
2011-10-23 10:00:00,156.97503889008155
2011-10-23 11:00:00,184.38106337502776
2011-10-23 12:00:00,242.94756770402174
2011-10-23 13:00:00,252.68715826276545
2011-10-23 14:00:00,231.17905748895595
2011-10-23 15:00:00,253.0722772688454
2011-10-23 16:00:00,318.80832632853577
2011-10-23 17:00:00,458.34593626094045
2011-10-23 18:00:00,420.61514540495824
2011-10-23 19:00:00,270.50741849348435
2011-10-23 20:00:00,204.63345763673317
2011-10-23 21:00:00,157.9612257567988
2011-10-23 22:00:00,117.78943466947656
2011-10-23 23:00:00,77.91338069368435
2011-10-24 00:00:00,36.27458688682793
2011-10-24 01:00:00,19.043764998205592
2011-10-24 02:00:00,11.13249738194349
2011-10-24 03:00:00,6.575033082275091
2011-10-24 04:00:00,4.621903034805706
2011-10-24 05:00:00,12.94306547991701
2011-10-24 06:00:00,46.858286773906464
2011-10-24 07:00:00,112.21576478001832
2011-10-24 08:00:00,224.47190061036974
2011-10-24 09:00:00,171.01742399619047
2011-10-24 10:00:00,123.85682886119233
2011-10-24 11:00:00,158.14416236778825
2011-10-24 12:00:00,203.1421531450156
2011-10-24 13:00:00,200.00030178345602
2011-10-24 14:00:00,186.5030321958138
2011-10-24 15:00:00,219.10782582014002
2011-10-24 16:00:00,269.0938926533049
2011-10-24 17:00:00,395.15078042282056
2011-10-24 18:00:00,385.78386015663654
2011-10-24 19:00:00,135.89002415626325
2011-10-24 20:00:00,177.79581065036837
2011-10-24 21:00:00,131.16146919184433
2011-10-24 22:00:00,109.31474732188539
2011-10-24 23:00:00,71.950639360465
2011-10-25 00:00:00,39.52281205688708
2011-10-25 01:00:00,21.28155429654862
2011-10-25 02:00:00,12.024034429963626
2011-10-25 03:00:00,6.434629538351954
2011-10-25 04:00:00,4.678993529965145
2011-10-25 05:00:00,13.739182199741858
2011-10-25 06:00:00,47.829060747202604
2011-10-25 07:00:00,130.94919389210403
2011-10-25 08:00:00,262.8305141560223
2011-10-25 09:00:00,216.075459325838
2011-10-25 10:00:00,162.6372344619147
2011-10-25 11:00:00,189.58868169808113
2011-10-25 12:00:00,239.91665763650133
2011-10-25 13:00:00,239.4680944520561
2011-10-25 14:00:00,229.239843190347
2011-10-25 15:00:00,257.286221055527
2011-10-25 16:00:00,324.211823401101
2011-10-25 17:00:00,498.6261748253184
2011-10-25 18:00:00,422.17820093706456
2011-10-25 19:00:00,259.357907024413
2011-10-25 20:00:00,190.37052295709685
2011-10-25 21:00:00,139.1490154792532
2011-10-25 22:00:00,112.61092182480309
2011-10-25 23:00:00,73.11297076128709
2011-10-26 00:00:00,40.94085246221781
2011-10-26 01:00:00,22.056143538809703
2011-10-26 02:00:00,13.525100142413654
2011-10-26 03:00:00,7.731122591664459
2011-10-26 04:00:00,5.336022474797855
2011-10-26 05:00:00,15.611839961714413
2011-10-26 06:00:00,52.80112099022748
2011-10-26 07:00:00,143.03263481559557
2011-10-26 08:00:00,263.98399311656965
2011-10-26 09:00:00,204.02066515919412
2011-10-26 10:00:00,155.0448028213264
2011-10-26 11:00:00,182.77818451600896
2011-10-26 12:00:00,147.0431230200414
2011-10-26 13:00:00,140.39519190697163
2011-10-26 14:00:00,181.41367108279226
2011-10-26 15:00:00,192.30145663269036
2011-10-26 16:00:00,256.06421212768555
2011-10-26 17:00:00,384.4041320728389
2011-10-26 18:00:00,365.2482081133275
2011-10-26 19:00:00,254.72789528923735
2011-10-26 20:00:00,182.92128856510087
2011-10-26 21:00:00,143.50729050591545
2011-10-26 22:00:00,105.89798255880602
2011-10-26 23:00:00,70.98560947282624
2011-10-27 00:00:00,39.35157126611709
2011-10-27 01:00:00,21.187397183958083
2011-10-27 02:00:00,6.919742221255685
2011-10-27 03:00:00,3.848222525344231
2011-10-27 04:00:00,2.8983081682116136
2011-10-27 05:00:00,9.450551440610646
2011-10-27 06:00:00,33.3877353321794
2011-10-27 07:00:00,136.83293464942687
2011-10-27 08:00:00,161.69063057688277
2011-10-27 09:00:00,202.22636936845277
2011-10-27 10:00:00,86.84529123855671
2011-10-27 11:00:00,99.94862849281937
2011-10-27 12:00:00,121.5981675819646
2011-10-27 13:00:00,191.9987939659787
2011-10-27 14:00:00,182.0460732417172
2011-10-27 15:00:00,198.92884425163567
2011-10-27 16:00:00,275.22861395498234
2011-10-27 17:00:00,350.8846993283142
2011-10-27 18:00:00,319.02217027752334
2011-10-27 19:00:00,223.50119529575056
2011-10-27 20:00:00,166.83562340685432
2011-10-27 21:00:00,125.4392031249233
2011-10-27 22:00:00,90.09978240190144
2011-10-27 23:00:00,60.92455436753515
2011-10-28 00:00:00,36.69583578945495
2011-10-28 01:00:00,19.06713916075487
2011-10-28 02:00:00,11.158260067597976
2011-10-28 03:00:00,6.14999652589433
2011-10-28 04:00:00,4.537031894458481
2011-10-28 05:00:00,12.869212387856892
2011-10-28 06:00:00,44.57393683488143
2011-10-28 07:00:00,118.80241662686964
2011-10-28 08:00:00,230.1189543751599
2011-10-28 09:00:00,177.68421003017505
2011-10-28 10:00:00,133.52258040213454
2011-10-28 11:00:00,160.5448550609126
2011-10-28 12:00:00,204.9733259586635
2011-10-28 13:00:00,195.13207281254986
2011-10-28 14:00:00,170.1106724462894
2011-10-28 15:00:00,176.58820363620356
2011-10-28 16:00:00,234.49264268069948
2011-10-28 17:00:00,351.5834196487336
2011-10-28 18:00:00,315.606430965852
2011-10-28 19:00:00,237.63553851470124
2011-10-28 20:00:00,97.57107229852946
2011-10-28 21:00:00,72.90468443525607
2011-10-28 22:00:00,52.31241884582601
2011-10-28 23:00:00,33.79587923560741
2011-10-29 00:00:00,17.73905445627379
2011-10-29 01:00:00,9.591850733435969
2011-10-29 02:00:00,5.486116662770074
2011-10-29 03:00:00,2.832630445224126
2011-10-29 04:00:00,1.938033801183852
2011-10-29 05:00:00,6.2484074761981585
2011-10-29 06:00:00,22.65773483287565
2011-10-29 07:00:00,61.190234193831834
2011-10-29 08:00:00,118.84111409533482
2011-10-29 09:00:00,86.03011422868718
2011-10-29 10:00:00,60.80844018190583
2011-10-29 11:00:00,67.27231003747498
2011-10-29 12:00:00,76.93711814386387
2011-10-29 13:00:00,74.13497461054055
2011-10-29 14:00:00,70.61511092387668
2011-10-29 15:00:00,78.48145537825071
2011-10-29 16:00:00,98.55731194954102
2011-10-29 17:00:00,148.5793492652525
2011-10-29 18:00:00,135.47429700893383
2011-10-29 19:00:00,175.9096729179179
2011-10-29 20:00:00,129.67472851395445
2011-10-29 21:00:00,100.015735759843
2011-10-29 22:00:00,80.40046424165429
2011-10-29 23:00:00,54.411214033060126
2011-10-30 00:00:00,30.530392023006076
2011-10-30 01:00:00,16.162330535933016
2011-10-30 02:00:00,9.398297253552244
2011-10-30 03:00:00,5.417889748780017
2011-10-30 04:00:00,3.8237699334462967
2011-10-30 05:00:00,12.062176707202637
2011-10-30 06:00:00,42.14306476180084
2011-10-30 07:00:00,115.36330766448465
2011-10-30 08:00:00,222.36927267359962
2011-10-30 09:00:00,171.3664311063649
2011-10-30 10:00:00,137.24828261345615
2011-10-30 11:00:00,163.1094346574916
2011-10-30 12:00:00,212.60143288608748
2011-10-30 13:00:00,218.17489593935875
2011-10-30 14:00:00,214.7539238752112
2011-10-30 15:00:00,232.20519590857003
2011-10-30 16:00:00,304.9247933089384
2011-10-30 17:00:00,439.78521444259223
2011-10-30 18:00:00,356.7094176420442
2011-10-30 19:00:00,337.061852485926
2011-10-30 20:00:00,177.80306047190263
2011-10-30 21:00:00,129.30590920876304
2011-10-30 22:00:00,95.81719874745946
2011-10-30 23:00:00,58.8590812136613
2011-10-31 00:00:00,27.74922809698427
2011-10-31 01:00:00,15.019475109910822
2011-10-31 02:00:00,8.434471858643338
2011-10-31 03:00:00,4.937830905087781
2011-10-31 04:00:00,3.4274017777698482
2011-10-31 05:00:00,10.090270753522935
2011-10-31 06:00:00,36.21555798093856
2011-10-31 07:00:00,95.64512351710108
2011-10-31 08:00:00,181.97590013527676
2011-10-31 09:00:00,145.31005401292344
2011-10-31 10:00:00,118.28799986321074
2011-10-31 11:00:00,158.45280294779718
2011-10-31 12:00:00,198.6137642752859
2011-10-31 13:00:00,189.98639230632853
2011-10-31 14:00:00,173.42264863902773
2011-10-31 15:00:00,197.73960721274787
2011-10-31 16:00:00,240.08586560393576
2011-10-31 17:00:00,363.9862229527879
2011-10-31 18:00:00,310.32379682854616
2011-10-31 19:00:00,229.9438105349792
2011-10-31 20:00:00,169.58716601461427
2011-10-31 21:00:00,109.06732946773181
2011-10-31 22:00:00,85.43436050711142
2011-10-31 23:00:00,57.20530913271049
2011-11-20 00:00:00,41.57584711522624
2011-11-20 01:00:00,22.82259559847829
2011-11-20 02:00:00,13.433612606720244
2011-11-20 03:00:00,7.25186294574743
2011-11-20 04:00:00,5.215452481748097
2011-11-20 05:00:00,15.872166760528184
2011-11-20 06:00:00,54.22953453227089
2011-11-20 07:00:00,153.84696239281982
2011-11-20 08:00:00,264.1949899122062
2011-11-20 09:00:00,215.8337896893088
2011-11-20 10:00:00,150.48638286361086
2011-11-20 11:00:00,191.82016174337642
2011-11-20 12:00:00,231.77637493705
2011-11-20 13:00:00,236.56977175483055
2011-11-20 14:00:00,218.10491486648664
2011-11-20 15:00:00,218.14381804783915
2011-11-20 16:00:00,292.5066053829629
2011-11-20 17:00:00,432.8434815613419
2011-11-20 18:00:00,401.7062782946435
2011-11-20 19:00:00,280.5604840462286
2011-11-20 20:00:00,215.70394078849054
2011-11-20 21:00:00,152.8960234574865
2011-11-20 22:00:00,68.33586261016892
2011-11-20 23:00:00,45.69109939068185
2011-11-21 00:00:00,33.42519167429022
2011-11-21 01:00:00,10.742328726575696
2011-11-21 02:00:00,5.860632414714433
2011-11-21 03:00:00,3.2689289845956075
2011-11-21 04:00:00,2.2724933517199317
2011-11-21 05:00:00,12.46993643472907
2011-11-21 06:00:00,41.60196155949253
2011-11-21 07:00:00,121.21516679949835
2011-11-21 08:00:00,224.21430781695273
2011-11-21 09:00:00,171.3563161486021
2011-11-21 10:00:00,132.12432028426318
2011-11-21 11:00:00,154.129129190231
2011-11-21 12:00:00,187.4296972046781
2011-11-21 13:00:00,182.9506192459561
2011-11-21 14:00:00,158.8757874757738
2011-11-21 15:00:00,92.7317829619047
2011-11-21 16:00:00,119.67917848503151
2011-11-21 17:00:00,171.28095565055276
2011-11-21 18:00:00,165.5742044003922
2011-11-21 19:00:00,116.7711718939738
2011-11-21 20:00:00,87.31414088325879
2011-11-21 21:00:00,68.52615649090548
2011-11-21 22:00:00,54.01517011790007
2011-11-21 23:00:00,35.76650874452939
2011-11-22 00:00:00,19.368827510047716
2011-11-22 01:00:00,10.432365968727602
2011-11-22 02:00:00,5.722699262159785
2011-11-22 03:00:00,3.1154296545710958
2011-11-22 04:00:00,2.175066606135273
2011-11-22 05:00:00,7.240524479771864
2011-11-22 06:00:00,42.95990450802558
2011-11-22 07:00:00,67.89011732759182
2011-11-22 08:00:00,128.08083011299095
2011-11-22 09:00:00,95.41249909810594
2011-11-22 10:00:00,69.15520394528721
2011-11-22 11:00:00,80.26410270820475
2011-11-22 12:00:00,96.41732746031838
2011-11-22 13:00:00,96.48074253371811
2011-11-22 14:00:00,89.07139762514343
2011-11-22 15:00:00,95.86087707645208
2011-11-22 16:00:00,123.70787073021583
2011-11-22 17:00:00,188.06804139773328
2011-11-22 18:00:00,166.00763490686776
2011-11-22 19:00:00,132.83528183750983
2011-11-22 20:00:00,150.8426953057581
2011-11-22 21:00:00,115.19630376952972
2011-11-22 22:00:00,98.51624241276208
2011-11-22 23:00:00,63.3790411683071
2011-11-23 00:00:00,36.03145838648529
2011-11-23 01:00:00,19.03629812047574
2011-11-23 02:00:00,6.534025733049725
2011-11-23 03:00:00,3.612098758398636
2011-11-23 04:00:00,2.7030226090576814
2011-11-23 05:00:00,14.14869763327534
2011-11-23 06:00:00,45.43965438369694
2011-11-23 07:00:00,127.96866922671543
2011-11-23 08:00:00,251.64652773679185
2011-11-23 09:00:00,185.55453763429333
2011-11-23 10:00:00,134.74766505466218
2011-11-23 11:00:00,152.03068781368557
2011-11-23 12:00:00,204.850977689989
2011-11-23 13:00:00,173.45675634042752
2011-11-23 14:00:00,165.83301995674606
2011-11-23 15:00:00,167.47686123875167
2011-11-23 16:00:00,201.7538142253194
2011-11-23 17:00:00,180.53255493752545
2011-11-23 18:00:00,273.9332911429416
2011-11-23 19:00:00,219.11272346443715
2011-11-23 20:00:00,151.5091883792961
2011-11-23 21:00:00,114.08212387061678
2011-11-23 22:00:00,86.1054154743543
2011-11-23 23:00:00,59.80196811411467
2011-11-24 00:00:00,38.161938021921685
2011-11-24 01:00:00,18.887691215397908
2011-11-24 02:00:00,11.386143022239137
2011-11-24 03:00:00,6.675389997730556
2011-11-24 04:00:00,5.214921398436128
2011-11-24 05:00:00,15.095850282436768
2011-11-24 06:00:00,51.24097094864989
2011-11-24 07:00:00,123.49630164846678
2011-11-24 08:00:00,253.85342077449926
2011-11-24 09:00:00,192.30209551513659
2011-11-24 10:00:00,147.16555915146338
2011-11-24 11:00:00,190.02685873178388
2011-11-24 12:00:00,259.22018824787807
2011-11-24 13:00:00,264.9319798265481
2011-11-24 14:00:00,248.2823965369816
2011-11-24 15:00:00,267.45320458178503
2011-11-24 16:00:00,336.4380530727818
2011-11-24 17:00:00,518.9771012830009
2011-11-24 18:00:00,401.0411748249103
2011-11-24 19:00:00,282.646515018776
2011-11-24 20:00:00,177.92965210359037
2011-11-24 21:00:00,139.25067737643948
2011-11-24 22:00:00,109.13692862672447
2011-11-24 23:00:00,71.15450767877387
2011-11-25 00:00:00,36.577897591872045
2011-11-25 01:00:00,19.45588419737539
2011-11-25 02:00:00,10.600383457679946
2011-11-25 03:00:00,6.1884865796067245
2011-11-25 04:00:00,4.697224355281832
2011-11-25 05:00:00,12.97324382240765
2011-11-25 06:00:00,43.5002217326798
2011-11-25 07:00:00,113.03569090252257
2011-11-25 08:00:00,216.88078655144878
2011-11-25 09:00:00,170.44346602883135
2011-11-25 10:00:00,134.8103985148752
2011-11-25 11:00:00,168.98389619926584
2011-11-25 12:00:00,239.09492590128468
2011-11-25 13:00:00,246.25786088586884
2011-11-25 14:00:00,240.4810984483425
2011-11-25 15:00:00,260.9632342255534
2011-11-25 16:00:00,325.02287214970204
2011-11-25 17:00:00,506.6974689371959
2011-11-25 18:00:00,416.6524595822307
2011-11-25 19:00:00,256.5881833570739
2011-11-25 20:00:00,195.69465104660938
2011-11-25 21:00:00,131.1643712008062
2011-11-25 22:00:00,102.44246601399878
2011-11-25 23:00:00,67.55294034382749
2011-11-26 00:00:00,36.9453100422313
2011-11-26 01:00:00,19.280727104065072
2011-11-26 02:00:00,10.880936223897187
2011-11-26 03:00:00,6.073183096651049
2011-11-26 04:00:00,4.422190142495671
2011-11-26 05:00:00,13.680673022910302
2011-11-26 06:00:00,44.12944819992045
2011-11-26 07:00:00,113.86401047724155
2011-11-26 08:00:00,240.2999459277167
2011-11-26 09:00:00,179.66131303947256
2011-11-26 10:00:00,128.59735488516853
2011-11-26 11:00:00,170.1589794607363
2011-11-26 12:00:00,223.07850321596635
2011-11-26 13:00:00,238.7418620657836
2011-11-26 14:00:00,210.33260586129532
2011-11-26 15:00:00,237.1827206183552
2011-11-26 16:00:00,279.74044188459743
2011-11-26 17:00:00,420.79697088262276
2011-11-26 18:00:00,337.2240504009325
2011-11-26 19:00:00,238.21490615586052
2011-11-26 20:00:00,183.98544462724055
2011-11-26 21:00:00,122.61348453509687
2011-11-26 22:00:00,98.03187478513122
2011-11-26 23:00:00,66.24110960074222
2011-11-27 00:00:00,37.677748330109615
2011-11-27 01:00:00,20.26704208671052
2011-11-27 02:00:00,11.643268241548
2011-11-27 03:00:00,6.603578201450097
2011-11-27 04:00:00,5.000227084797461
2011-11-27 05:00:00,14.649955628764639
2011-11-27 06:00:00,52.61413399646908
2011-11-27 07:00:00,135.1048124155044
2011-11-27 08:00:00,258.9603720355296
2011-11-27 09:00:00,213.39645772009746
2011-11-27 10:00:00,155.00702561599786
2011-11-27 11:00:00,186.7811999393702
2011-11-27 12:00:00,253.11180192486174
2011-11-27 13:00:00,249.82708978621113
2011-11-27 14:00:00,251.39510044209445
2011-11-27 15:00:00,285.9144894175068
2011-11-27 16:00:00,328.25132436022164
2011-11-27 17:00:00,483.32397313976446
2011-11-27 18:00:00,410.4687006699655
2011-11-27 19:00:00,286.0327996891182
2011-11-27 20:00:00,218.15494630729924
2011-11-27 21:00:00,159.52512821484552
2011-11-27 22:00:00,123.7225510056268
2011-11-27 23:00:00,82.98875857367689
2011-11-28 00:00:00,37.09174435009803
2011-11-28 01:00:00,19.830728936122437
2011-11-28 03:00:00,6.4777482053364315
2011-11-28 04:00:00,5.070347368282682
2011-11-28 05:00:00,13.183068844706114
2011-11-28 06:00:00,48.66178523873597
2011-11-28 07:00:00,122.61206226754
2011-11-28 08:00:00,213.55218225625507
2011-11-28 09:00:00,162.24526547210115
2011-11-28 10:00:00,133.03454981642764
2011-11-28 11:00:00,165.2926599017723
2011-11-28 12:00:00,229.9218628249007
2011-11-28 13:00:00,214.21017785368673
2011-11-28 14:00:00,218.21687969444986
2011-11-28 15:00:00,220.56875514879326
2011-11-28 16:00:00,276.9251575097131
2011-11-28 17:00:00,432.8031912929648
2011-11-28 18:00:00,368.8865804380904
2011-11-28 19:00:00,256.70950333499457
2011-11-28 20:00:00,177.47943654850835
2011-11-28 21:00:00,135.71395910997416
2011-11-28 22:00:00,104.72002470277859
2011-11-28 23:00:00,69.76790426870281
2011-11-29 00:00:00,40.94746378918704
2011-11-29 01:00:00,22.823888125770573
2011-11-29 02:00:00,11.817683967376167
2011-11-29 03:00:00,6.846591769942334
2011-11-29 04:00:00,5.037453225301729
2011-11-29 05:00:00,15.118091775464894
2011-11-29 06:00:00,53.48273633241897
2011-11-29 07:00:00,149.3508153494031
2011-11-29 08:00:00,280.33272881551176
2011-11-29 09:00:00,116.32211456552228
2011-11-29 10:00:00,84.37022638798358
2011-11-29 11:00:00,88.05318860762945
2011-11-29 12:00:00,94.9405765082358
2011-11-29 13:00:00,99.4927972884845
2011-11-29 14:00:00,86.58283464896296
2011-11-29 15:00:00,89.7560818326566
2011-11-29 16:00:00,120.30911435223113
2011-11-29 17:00:00,287.4819283266474
2011-11-29 18:00:00,266.8779317555467
2011-11-29 19:00:00,195.4974745652046
2011-11-29 20:00:00,141.54208728945764
2011-11-29 21:00:00,109.18958285227319
2011-11-29 22:00:00,90.40855670185648
2011-11-29 23:00:00,57.27543070177863
2011-11-30 00:00:00,33.344534696479876
2011-11-30 01:00:00,17.646139018422815
2011-11-30 02:00:00,10.69684276676034
2011-11-30 03:00:00,6.160447271252157
2011-11-30 04:00:00,4.148187715296749
2011-11-30 05:00:00,11.949071282844852
2011-11-30 06:00:00,40.343235988248125
2011-11-30 07:00:00,108.89080657405687
2011-11-30 08:00:00,205.5694368796029
2011-11-30 09:00:00,150.60781679256812
2011-11-30 10:00:00,121.34222339535026
2011-11-30 11:00:00,150.91824863989393
2011-11-30 12:00:00,165.46491176827087
2011-11-30 13:00:00,171.98807134881898
2011-11-30 14:00:00,158.83954321518087
2011-11-30 15:00:00,167.23873927709928
2011-11-30 16:00:00,219.2509274132224
2011-11-30 17:00:00,291.72469745883717
2011-11-30 18:00:00,280.98230161531353
2011-11-30 19:00:00,191.60817897425477
2011-11-30 20:00:00,141.2704653843807
2011-11-30 21:00:00,110.71618923592295
2011-11-30 22:00:00,86.2450275234759
2011-11-30 23:00:00,56.51765538452167
2011-12-20 00:00:00,35.995409025135146
2011-12-20 01:00:00,19.123432801524345
2011-12-20 02:00:00,10.00830394351338
2011-12-20 03:00:00,5.738944987569208
2011-12-20 04:00:00,4.602690304411856
2011-12-20 05:00:00,13.037809319101227
2011-12-20 06:00:00,44.46455295472055
2011-12-20 07:00:00,116.64942148042381
2011-12-20 08:00:00,257.4722726948646
2011-12-20 09:00:00,157.08570764759517
2011-12-20 10:00:00,130.3309638077998
2011-12-20 11:00:00,141.96274592289538
2011-12-20 12:00:00,191.13182464500005
2011-12-20 13:00:00,186.56474507260293
2011-12-20 14:00:00,170.6562238179007
2011-12-20 15:00:00,178.24903650421425
2011-12-20 16:00:00,242.66073820895636
2011-12-20 17:00:00,337.9466613431712
2011-12-20 18:00:00,291.84250555668353
2011-12-20 19:00:00,214.51187530022784
2011-12-20 20:00:00,153.1485897725488
2011-12-20 21:00:00,121.44660637927778
2011-12-20 22:00:00,87.63019722972841
2011-12-20 23:00:00,61.46216144159517
2011-12-21 00:00:00,22.607383888269567
2011-12-21 01:00:00,12.734813861737846
2011-12-21 02:00:00,7.074534201237446
2011-12-21 03:00:00,3.942981413085752
2011-12-21 04:00:00,2.7892112682991015
2011-12-21 05:00:00,9.081895994892948
2011-12-21 06:00:00,29.287365769334006
2011-12-21 07:00:00,80.95901620116211
2011-12-21 08:00:00,89.09315774443652
2011-12-21 09:00:00,113.40978823610926
2011-12-21 10:00:00,86.54739639169944
2011-12-21 11:00:00,97.97873307606592
2011-12-21 12:00:00,70.29717244452523
2011-12-21 13:00:00,67.66168762128929
2011-12-21 14:00:00,107.22998120727217
2011-12-21 15:00:00,112.34724211191056
2011-12-21 16:00:00,82.61737727688153
2011-12-21 17:00:00,124.63047992579627
2011-12-21 18:00:00,187.35327474005376
2011-12-21 19:00:00,150.11567875236244
2011-12-21 20:00:00,109.34739369331822
2011-12-21 21:00:00,94.13988910083307
2011-12-21 22:00:00,74.51227805367354
2011-12-21 23:00:00,50.86044963559252
2011-12-22 00:00:00,28.671932995797754
2011-12-22 01:00:00,14.316001586764333
2011-12-22 02:00:00,9.311923158667163
2011-12-22 03:00:00,5.277855595603405
2011-12-22 04:00:00,3.20631006381012
2011-12-22 05:00:00,9.655236641513854
2011-12-22 06:00:00,31.992838753631247
2011-12-22 07:00:00,81.80965977754028
2011-12-22 08:00:00,152.91830902332137
2011-12-22 09:00:00,117.76753084992012
2011-12-22 10:00:00,89.43808885672485
2011-12-22 11:00:00,105.65476500848887
2011-12-22 12:00:00,148.87128784338753
2011-12-22 13:00:00,136.5072557047419
2011-12-22 14:00:00,126.05556382728628
2011-12-22 15:00:00,139.83603242666834
2011-12-22 16:00:00,172.3472265845394
2011-12-22 17:00:00,252.18123042279234
2011-12-22 18:00:00,238.26757118075042
2011-12-22 19:00:00,170.83705625314602
2011-12-22 20:00:00,72.26079970242237
2011-12-22 21:00:00,55.632936363847584
2011-12-22 22:00:00,38.00241669224973
2011-12-22 23:00:00,26.470402879845757
2011-12-23 00:00:00,14.927523610026928
2011-12-23 01:00:00,7.757782693565558
2011-12-23 02:00:00,4.179338938140747
2011-12-23 03:00:00,2.1706319479552794
2011-12-23 04:00:00,1.319812731208852
2011-12-23 05:00:00,9.393195732193155
2011-12-23 06:00:00,34.190545351861616
2011-12-23 07:00:00,92.44886814834427
2011-12-23 08:00:00,181.1963078984375
2011-12-23 09:00:00,133.8597177058899
2011-12-23 10:00:00,96.28785540110349
2011-12-23 11:00:00,106.61486385181816
2011-12-23 12:00:00,127.49098059660105
2011-12-23 13:00:00,129.42670137980167
2011-12-23 14:00:00,120.02571319036413
2011-12-23 15:00:00,125.94086129899367
2011-12-23 16:00:00,168.4321385582633
2011-12-23 17:00:00,245.1778534919529
2011-12-23 18:00:00,221.38101739131673
2011-12-23 19:00:00,161.45691679178577
2011-12-23 20:00:00,106.81336775025153
2011-12-23 21:00:00,85.52513077201816
2011-12-23 22:00:00,67.1948433474878
2011-12-23 23:00:00,45.918858345160736
2011-12-24 00:00:00,23.053533147583476
2011-12-24 01:00:00,12.269457245867184
2011-12-24 02:00:00,7.349795437510172
2011-12-24 03:00:00,4.0588405924360105
2011-12-24 04:00:00,2.8374582301055273
2011-12-24 05:00:00,8.959686648519819
2011-12-24 06:00:00,29.621901511809995
2011-12-24 07:00:00,78.64445406122091
2011-12-24 08:00:00,153.11069363000394
2011-12-24 09:00:00,109.82841281211854
2011-12-24 10:00:00,76.89040634223771
2011-12-24 11:00:00,96.9712511408786
2011-12-24 12:00:00,127.34048610369933
2011-12-24 13:00:00,122.34061510938812
2011-12-24 14:00:00,112.96570541104325
2011-12-24 15:00:00,119.6556356500193
2011-12-24 16:00:00,156.30509590407462
2011-12-24 17:00:00,221.08251663575717
2011-12-24 18:00:00,214.10625115659855
2011-12-24 19:00:00,154.77955676780968
2011-12-24 20:00:00,104.09487729698671
2011-12-24 21:00:00,79.06302800924705
2011-12-24 22:00:00,60.69312440730426
2011-12-24 23:00:00,39.63331839886387
2011-12-25 00:00:00,22.11138475244431
2011-12-25 01:00:00,11.475841560365344
2011-12-25 02:00:00,6.696297017360713
2011-12-25 03:00:00,3.602659214246371
2011-12-25 05:00:00,8.090468372611973
2011-12-25 06:00:00,28.44149413309196
2011-12-25 07:00:00,77.7756208781119
2011-12-25 08:00:00,140.77350254293515
2011-12-25 09:00:00,106.1093577693956
2011-12-25 10:00:00,77.32382325690084
2011-12-25 11:00:00,98.25367732715131
2011-12-25 12:00:00,112.2303008763761
2011-12-25 13:00:00,116.49897423713509
2011-12-25 14:00:00,113.50515768415097
2011-12-25 15:00:00,123.5041708265093
2011-12-25 16:00:00,171.53215900234102
2011-12-25 17:00:00,243.79983730923178
2011-12-25 18:00:00,207.0046310297337
2011-12-25 19:00:00,161.92139950719937
2011-12-25 20:00:00,122.86016885151335
2011-12-25 21:00:00,88.52957569253775
2011-12-25 22:00:00,65.39713661527114
2011-12-25 23:00:00,42.595962794410376
2011-12-26 00:00:00,19.90344095981938
2011-12-26 01:00:00,11.829490142203028
2011-12-26 02:00:00,7.822318501980174
2011-12-26 04:00:00,2.9971032505859223
2011-12-26 05:00:00,9.111657630436936
2011-12-26 06:00:00,31.949846571795028
2011-12-26 07:00:00,89.09969250666298
2011-12-26 08:00:00,172.15571560982644
2011-12-26 09:00:00,119.18175457990095
2011-12-26 10:00:00,78.8908388049173
2011-12-26 11:00:00,86.3419881366735
2011-12-26 12:00:00,116.53061284592519
2011-12-26 13:00:00,132.16365822627012
2011-12-26 14:00:00,120.66896605703309
2011-12-26 15:00:00,131.5045439989936
2011-12-26 16:00:00,155.62975817480964
2011-12-26 17:00:00,228.96284599411538
2011-12-26 18:00:00,210.47288461091907
2011-12-26 19:00:00,144.7387012453186
2011-12-26 20:00:00,109.003838781619
2011-12-26 21:00:00,74.24793012655124
2011-12-26 22:00:00,58.09116493899332
2011-12-26 23:00:00,39.653119581824626
2011-12-27 00:00:00,20.14899861131959
2011-12-27 01:00:00,10.769464254695972
2011-12-27 02:00:00,6.207250190306237
2011-12-27 03:00:00,3.3874274978697665
2011-12-27 04:00:00,2.3361127059632687
2011-12-27 05:00:00,7.450567421799153
2011-12-27 06:00:00,26.371026656103474
2011-12-27 07:00:00,71.20036499419162
2011-12-27 08:00:00,140.41894404178746
2011-12-27 09:00:00,65.35081529628403
2011-12-27 10:00:00,77.61791143163882
2011-12-27 11:00:00,53.584768214563965
2011-12-27 12:00:00,61.06058658502777
2011-12-27 13:00:00,58.16078276307192
2011-12-27 14:00:00,59.580865965462834
2011-12-27 15:00:00,63.19677629248932
2011-12-27 16:00:00,83.91650329611466
2011-12-27 17:00:00,128.37206839316713
2011-12-27 18:00:00,186.9694273940276
2011-12-27 19:00:00,135.63802679459104
2011-12-27 20:00:00,97.24073516861486
2011-12-27 21:00:00,76.13181284907321
2011-12-27 22:00:00,59.57055213934618
2011-12-27 23:00:00,37.76774673965635
2011-12-28 00:00:00,22.06691309756631
2011-12-28 01:00:00,12.023137355787197
2011-12-28 02:00:00,6.987443011508097
2011-12-28 03:00:00,3.8896668662218943
2011-12-28 05:00:00,8.377151770205451
2011-12-28 06:00:00,30.788168378696838
2011-12-28 07:00:00,82.5630989200591
2011-12-28 08:00:00,148.58856263862918
2011-12-28 09:00:00,109.63941403405954
2011-12-28 10:00:00,85.47510679940923
2011-12-28 11:00:00,98.10123691854575
2011-12-28 12:00:00,104.3171073682616
2011-12-28 13:00:00,107.2794733413975
2011-12-28 14:00:00,99.3592350059995
2011-12-28 15:00:00,104.72812713296504
2011-12-28 16:00:00,130.0944723604924
2011-12-28 17:00:00,202.47724264031618
2011-12-28 18:00:00,169.70516053908406
2011-12-28 19:00:00,125.50725881788449
2011-12-28 20:00:00,93.3961948867736
2011-12-28 21:00:00,71.88705040726705
2011-12-28 22:00:00,57.114072677308116
2011-12-28 23:00:00,35.838027188801156
2011-12-29 00:00:00,19.57954800026733
2011-12-29 01:00:00,10.730917808505232
2011-12-29 02:00:00,6.283671052852449
2011-12-29 03:00:00,3.2760276467436436
2011-12-29 04:00:00,2.330416321517761
2011-12-29 05:00:00,7.825629595854204
2011-12-29 06:00:00,26.9486871391856
2011-12-29 07:00:00,71.57099554215583
2011-12-29 08:00:00,128.3086555251587
2011-12-29 09:00:00,93.6254296913554
2011-12-29 10:00:00,69.21199591193097
2011-12-29 11:00:00,83.00031112889621
2011-12-29 12:00:00,104.7511032989283
2011-12-29 13:00:00,106.5243940391616
2011-12-29 14:00:00,100.29269561151631
2011-12-29 15:00:00,109.01565075670291
2011-12-29 16:00:00,145.07349849547947
2011-12-29 17:00:00,214.13230435440238
2011-12-29 18:00:00,198.98830003708133
2011-12-29 19:00:00,149.2991586850671
2011-12-29 20:00:00,103.69447681730152
2011-12-29 21:00:00,75.81922474420787
2011-12-29 22:00:00,62.17599509090331
2011-12-29 23:00:00,42.57824099960922
2011-12-30 00:00:00,23.223853332189822
2011-12-30 01:00:00,12.223336747164035
2011-12-30 02:00:00,6.736718490369175
2011-12-30 03:00:00,3.736181028289028
2011-12-30 04:00:00,2.6384119277423195
2011-12-30 05:00:00,8.150811760404332
2011-12-30 06:00:00,29.583519827658073
2011-12-30 07:00:00,78.73189462313913
2011-12-30 08:00:00,140.49909118975296
2011-12-30 09:00:00,107.76955316574673
2011-12-30 10:00:00,82.78561302438767
2011-12-30 11:00:00,99.06625228760431
2011-12-30 12:00:00,126.0889170689402
2011-12-30 13:00:00,125.3289116110017
2011-12-30 14:00:00,129.70800226840032
2011-12-30 15:00:00,147.19046391074886
2011-12-30 16:00:00,189.19447652047808
2011-12-30 17:00:00,261.61869169213554
2011-12-30 18:00:00,223.80687831754835
2011-12-30 19:00:00,139.8351524166739
2011-12-30 20:00:00,111.95709162279991
2011-12-30 21:00:00,89.19265223173727
2011-12-30 22:00:00,65.4299458595471
2011-12-30 23:00:00,44.265229349219894
2011-12-31 00:00:00,24.913232888820385
2011-12-31 01:00:00,13.966690497532998
2011-12-31 02:00:00,8.16513110556923
2011-12-31 03:00:00,4.610611284101063
2011-12-31 04:00:00,3.355575036779147
2011-12-31 05:00:00,9.148193274487271
2011-12-31 06:00:00,35.99719693483413
2011-12-31 07:00:00,54.26042411555212
2011-12-31 08:00:00,166.9346673249954
2011-12-31 09:00:00,128.00037438296826
2011-12-31 10:00:00,97.33996131064247
2011-12-31 11:00:00,115.6086839940937
2011-12-31 12:00:00,178.08836060131355
2011-12-31 13:00:00,154.18483152456304
2011-12-31 14:00:00,137.7743780188076
2011-12-31 15:00:00,138.93986293569546
2011-12-31 16:00:00,178.2274543327802
2011-12-31 17:00:00,275.4517087308182
2011-12-31 18:00:00,255.37860804133658
2011-12-31 19:00:00,184.33139776247603
2011-12-31 20:00:00,135.89545454623007
2011-12-31 21:00:00,100.90331568953162
2011-12-31 22:00:00,76.638352649364
2011-12-31 23:00:00,47.758818757714515
2012-01-20 00:00:00,24.758723435791296
2012-01-20 01:00:00,15.160520824224509
2012-01-20 02:00:00,8.896195295326864
2012-01-20 03:00:00,4.857998407582937
2012-01-20 04:00:00,3.30283973856963
2012-01-20 05:00:00,10.167531455781857
2012-01-20 06:00:00,33.67965345224394
2012-01-20 07:00:00,89.0519393840811
2012-01-20 08:00:00,166.95446664203368
2012-01-20 09:00:00,116.12531307566437
2012-01-20 10:00:00,84.02415840305153
2012-01-20 11:00:00,89.57426914971548
2012-01-20 12:00:00,110.1070382752646
2012-01-20 13:00:00,120.26342870224398
2012-01-20 14:00:00,104.77402988540308
2012-01-20 15:00:00,116.45177216577028
2012-01-20 16:00:00,146.33095956311487
2012-01-20 17:00:00,238.14482090734353
2012-01-20 18:00:00,207.14998060955912
2012-01-20 19:00:00,152.48578741986165
2012-01-20 20:00:00,113.05397100993417
2012-01-20 21:00:00,86.8272629608258
2012-01-20 22:00:00,64.27423513282814
2012-01-20 23:00:00,24.001104830173247
2012-01-21 00:00:00,12.838570153537942
2012-01-21 01:00:00,11.557174960271782
2012-01-21 02:00:00,3.5862536141013397
2012-01-21 03:00:00,1.8768061863911907
2012-01-21 04:00:00,1.2542093989447323
2012-01-21 05:00:00,4.829623210948482
2012-01-21 06:00:00,17.527882426150313
2012-01-21 07:00:00,47.705142539554835
2012-01-21 08:00:00,143.1184899417918
2012-01-21 09:00:00,103.66064786515787
2012-01-21 10:00:00,45.868927195817314
2012-01-21 11:00:00,91.15579925895958
2012-01-21 12:00:00,112.35858784587788
2012-01-21 13:00:00,106.29421513607832
2012-01-21 14:00:00,61.2245768296848
2012-01-21 15:00:00,64.93859587459458
2012-01-21 16:00:00,131.75489330458262
2012-01-21 17:00:00,191.6962223502963
2012-01-21 18:00:00,175.45670639440385
2012-01-21 19:00:00,126.21485647872603
2012-01-21 20:00:00,96.51501406296323
2012-01-21 21:00:00,77.66742786432289
2012-01-21 22:00:00,58.39053427951875
2012-01-21 23:00:00,38.69845423592925
2012-01-22 00:00:00,22.663199715150707
2012-01-22 01:00:00,11.649274820630566
2012-01-22 02:00:00,6.788446355394705
2012-01-22 03:00:00,3.7808590153807593
2012-01-22 04:00:00,1.191430526157724
2012-01-22 05:00:00,4.834460443454452
2012-01-22 06:00:00,29.70430298730269
2012-01-22 07:00:00,79.71388943312611
2012-01-22 08:00:00,150.23527515757667
2012-01-22 09:00:00,108.828946198717
2012-01-22 10:00:00,76.98739077206781
2012-01-22 11:00:00,53.926697117688484
2012-01-22 12:00:00,108.49417446912018
2012-01-22 13:00:00,109.25492145399457
2012-01-22 14:00:00,99.84383486285955
2012-01-22 15:00:00,104.66526495902914
2012-01-22 16:00:00,135.04347390727528
2012-01-22 17:00:00,209.08006489740964
2012-01-22 18:00:00,116.44545702733384
2012-01-22 19:00:00,86.12248036360418
2012-01-22 20:00:00,62.39266639143724
2012-01-22 21:00:00,48.747090195770674
2012-01-22 22:00:00,62.29795216873257
2012-01-22 23:00:00,41.52817756867735
2012-01-23 00:00:00,19.391842476973153
2012-01-23 01:00:00,10.523375686508423
2012-01-23 02:00:00,6.05655328163478
2012-01-23 03:00:00,3.203265063047806
2012-01-23 04:00:00,2.3241782436223253
2012-01-23 05:00:00,7.542028545312238
2012-01-23 06:00:00,26.66525034719218
2012-01-23 07:00:00,43.756764143804894
2012-01-23 08:00:00,84.54836211955907
2012-01-23 09:00:00,100.91855425562389
2012-01-23 10:00:00,70.1758313375691
2012-01-23 11:00:00,82.0925317449591
2012-01-23 12:00:00,98.87335489334495
2012-01-23 13:00:00,60.96874591246649
2012-01-23 14:00:00,54.8607076620546
2012-01-23 15:00:00,93.52583814166341
2012-01-23 16:00:00,126.86343973490688
2012-01-23 17:00:00,192.79871325991917
2012-01-23 18:00:00,175.61611691580413
2012-01-23 19:00:00,132.26109223181606
2012-01-23 20:00:00,96.29649924922857
2012-01-23 21:00:00,71.41849976557071
2012-01-23 22:00:00,55.86925217856376
2012-01-23 23:00:00,38.042037449407395
2012-01-24 00:00:00,22.12012660394576
2012-01-24 01:00:00,12.389841074632926
2012-01-24 02:00:00,7.282993913438023
2012-01-24 03:00:00,4.204941737425101
2012-01-24 04:00:00,2.8499444482186864
2012-01-24 05:00:00,8.992093208376684
2012-01-24 06:00:00,31.991581188760236
2012-01-24 07:00:00,87.16583957957506
2012-01-24 08:00:00,164.1981474559374
2012-01-24 09:00:00,121.83842156673437
2012-01-24 10:00:00,91.91793022377689
2012-01-24 11:00:00,107.7487897723561
2012-01-24 12:00:00,130.06953050563098
2012-01-24 13:00:00,126.95393538523912
2012-01-24 14:00:00,120.45246261492596
2012-01-24 15:00:00,135.96369573387616
2012-01-24 16:00:00,186.6032841450502
2012-01-24 17:00:00,296.2048127634148
2012-01-24 18:00:00,266.6019946464132
2012-01-24 19:00:00,219.56550940578217
2012-01-24 20:00:00,118.70898230089458
2012-01-24 21:00:00,98.92093865700805
2012-01-24 22:00:00,70.66827184322028
2012-01-24 23:00:00,47.93598499466195
2012-01-25 00:00:00,23.80793840424919
2012-01-25 01:00:00,14.02755619387268
2012-01-25 02:00:00,8.009206902941912
2012-01-25 03:00:00,4.308339045995525
2012-01-25 04:00:00,2.963017876637509
2012-01-25 05:00:00,9.285562439257236
2012-01-25 06:00:00,31.91655877401439
2012-01-25 07:00:00,85.30669125017438
2012-01-25 08:00:00,160.11936998789045
2012-01-25 09:00:00,116.00689934629104
2012-01-25 10:00:00,79.40841288531747
2012-01-25 11:00:00,98.75940562997532
2012-01-25 12:00:00,143.81022700111035
2012-01-25 13:00:00,145.77430970990434
2012-01-25 14:00:00,136.86896697249256
2012-01-25 15:00:00,148.18927569655216
2012-01-25 16:00:00,180.7350708070041
2012-01-25 17:00:00,281.72534583569904
2012-01-25 18:00:00,235.21475373777588
2012-01-25 19:00:00,173.77486597128916
2012-01-25 20:00:00,127.21523152789959
2012-01-25 21:00:00,94.3127050503222
2012-01-25 22:00:00,75.89939886193801
2012-01-25 23:00:00,45.25130959779991
2012-01-26 00:00:00,25.583726161514548
2012-01-26 01:00:00,13.281034772993879
2012-01-26 02:00:00,7.799311840335308
2012-01-26 03:00:00,4.510391959962128
2012-01-26 04:00:00,3.3329849567385885
2012-01-26 05:00:00,10.271300655611954
2012-01-26 06:00:00,33.00302667411147
2012-01-26 07:00:00,91.10660626889936
2012-01-26 08:00:00,171.5820430751116
2012-01-26 09:00:00,124.1687701452746
2012-01-26 10:00:00,91.87436282240155
2012-01-26 11:00:00,103.36779522763426
2012-01-26 12:00:00,134.2443361256731
2012-01-26 13:00:00,141.00125591270796
2012-01-26 14:00:00,138.47003596393068
2012-01-26 15:00:00,151.30766599559672
2012-01-26 16:00:00,189.68997113240147
2012-01-26 17:00:00,284.8435596165857
2012-01-26 18:00:00,259.80003051776174
2012-01-26 19:00:00,189.12390996406404
2012-01-26 20:00:00,135.68244773425334
2012-01-26 21:00:00,107.56108845709637
2012-01-26 22:00:00,84.62995673996456
2012-01-26 23:00:00,53.5348528927928
2012-01-27 00:00:00,30.00379424696297
2012-01-27 01:00:00,15.920791373776936
2012-01-27 02:00:00,10.239892740707692
2012-01-27 03:00:00,5.220104205191633
2012-01-27 04:00:00,3.5248585416255382
2012-01-27 05:00:00,11.170635141331235
2012-01-27 06:00:00,37.55115082056005
2012-01-27 07:00:00,101.48501113678145
2012-01-27 08:00:00,135.68614745783105
2012-01-27 09:00:00,98.26318790119875
2012-01-27 10:00:00,68.83746419191755
2012-01-27 11:00:00,131.62392765622337
2012-01-27 12:00:00,166.5592625791126
2012-01-27 13:00:00,175.14199591484288
2012-01-27 14:00:00,158.56427261290253
2012-01-27 15:00:00,182.25800630754486
2012-01-27 16:00:00,201.49012523522308
2012-01-27 17:00:00,290.72876109262893
2012-01-27 18:00:00,266.2415472158848
2012-01-27 19:00:00,187.2615935501856
2012-01-27 20:00:00,132.82410588757364
2012-01-27 21:00:00,95.01940741452354
2012-01-27 22:00:00,80.0020837976708
2012-01-27 23:00:00,51.02052553104342
2012-01-28 00:00:00,28.344576240195092
2012-01-28 01:00:00,15.907627730131058
2012-01-28 02:00:00,8.498367884478165
2012-01-28 03:00:00,4.968462978801422
2012-01-28 04:00:00,3.4477385798973446
2012-01-28 05:00:00,10.161823663946581
2012-01-28 06:00:00,34.60363002717349
2012-01-28 07:00:00,89.21100121440887
2012-01-28 08:00:00,167.00031442863886
2012-01-28 09:00:00,120.62461883821305
2012-01-28 10:00:00,95.86594642769353
2012-01-28 11:00:00,119.03302666450912
2012-01-28 12:00:00,135.7664262260465
2012-01-28 13:00:00,144.58001011271824
2012-01-28 14:00:00,141.99552934485
2012-01-28 15:00:00,161.28150320249276
2012-01-28 16:00:00,215.19473838670413
2012-01-28 17:00:00,320.01788498432387
2012-01-28 18:00:00,313.7076248922865
2012-01-28 19:00:00,193.43696245024515
2012-01-28 20:00:00,158.94041662680397
2012-01-28 21:00:00,113.02496991653832
2012-01-28 22:00:00,90.19834548200659
2012-01-28 23:00:00,58.53624270841305
2012-01-29 00:00:00,31.12860396777269
2012-01-29 01:00:00,15.786558986247524
2012-01-29 02:00:00,9.03876618224009
2012-01-29 03:00:00,5.258144027856046
2012-01-29 04:00:00,3.628995679980524
2012-01-29 05:00:00,10.099322380082457
2012-01-29 06:00:00,35.973218365778294
2012-01-29 07:00:00,94.96626307463592
2012-01-29 08:00:00,172.97222500449757
2012-01-29 09:00:00,124.99383892638427
2012-01-29 10:00:00,100.78441131670957
2012-01-29 11:00:00,121.0543336950288
2012-01-29 12:00:00,159.91070837817702
2012-01-29 13:00:00,156.08577198061886
2012-01-29 14:00:00,142.68317227044892
2012-01-29 15:00:00,162.5499233927948
2012-01-29 16:00:00,201.00060937476272
2012-01-29 17:00:00,302.49473192659195
2012-01-29 18:00:00,266.3848510842321
2012-01-29 19:00:00,197.02167852925936
2012-01-29 20:00:00,138.26604721882111
2012-01-29 21:00:00,105.7358572823268
2012-01-29 22:00:00,82.91463044043076
2012-01-29 23:00:00,53.88394323729603
2012-01-30 00:00:00,24.400097834089145
2012-01-30 01:00:00,11.7021844660744
2012-01-30 02:00:00,6.64322766134334
2012-01-30 03:00:00,4.003340287192405
2012-01-30 04:00:00,2.684166131108777
2012-01-30 05:00:00,8.561834429641197
2012-01-30 06:00:00,29.761585830165757
2012-01-30 07:00:00,79.00752123762105
2012-01-30 08:00:00,147.01013352519854
2012-01-30 09:00:00,106.48680805365373
2012-01-30 10:00:00,78.48066913074759
2012-01-30 11:00:00,98.74767545657721
2012-01-30 12:00:00,110.9174020390679
2012-01-30 13:00:00,129.0135616171997
2012-01-30 14:00:00,131.2719726004584
2012-01-30 15:00:00,135.12813717161544
2012-01-30 16:00:00,180.96432180344829
2012-01-30 17:00:00,286.7393791377511
2012-01-30 18:00:00,251.9234821285442
2012-01-30 19:00:00,167.677469006984
2012-01-30 20:00:00,122.42937568403217
2012-01-30 21:00:00,93.78243554023898
2012-01-30 22:00:00,68.06144361654084
2012-01-30 23:00:00,43.48774094378763
2012-01-31 00:00:00,25.28656775377103
2012-01-31 01:00:00,13.873886362727182
2012-01-31 02:00:00,8.441258975699192
2012-01-31 03:00:00,4.744531280029284
2012-01-31 04:00:00,3.4099013342054016
2012-01-31 05:00:00,10.445397658013718
2012-01-31 06:00:00,34.91858344685811
2012-01-31 07:00:00,88.3473035451655
2012-01-31 08:00:00,171.26048317816435
2012-01-31 09:00:00,130.78780819691087
2012-01-31 10:00:00,92.63084249590062
2012-01-31 11:00:00,134.022708764621
2012-01-31 12:00:00,158.68023156378027
2012-01-31 13:00:00,181.47258353640945
2012-01-31 14:00:00,177.64234541650973
2012-01-31 15:00:00,193.29754508369237
2012-01-31 16:00:00,249.15706926100165
2012-01-31 17:00:00,379.45372081071395
2012-01-31 18:00:00,357.89934943329996
2012-01-31 19:00:00,251.01454590481637
2012-01-31 20:00:00,147.3921511842359
2012-01-31 21:00:00,130.7069575411359
2012-01-31 22:00:00,98.10247103891986
2012-01-31 23:00:00,66.03355895624058
2012-02-20 00:00:00,27.176424110966988
2012-02-20 01:00:00,14.492866655695563
2012-02-20 02:00:00,8.48734485582882
2012-02-20 03:00:00,4.697318370259963
2012-02-20 05:00:00,9.915447046808424
2012-02-20 06:00:00,35.48870969674694
2012-02-20 07:00:00,90.7008391671562
2012-02-20 08:00:00,172.73748876252634
2012-02-20 09:00:00,125.17033483833852
2012-02-20 10:00:00,90.42561368574624
2012-02-20 11:00:00,114.03024694531629
2012-02-20 12:00:00,154.24452794940754
2012-02-20 13:00:00,153.728843235513
2012-02-20 14:00:00,155.56811735721874
2012-02-20 15:00:00,168.67874497708638
2012-02-20 16:00:00,245.12568298935358
2012-02-20 17:00:00,370.17072302654304
2012-02-20 18:00:00,298.46813220371047
2012-02-20 19:00:00,221.14913311947686
2012-02-20 20:00:00,166.50905194154595
2012-02-20 21:00:00,118.69417625133822
2012-02-20 22:00:00,94.08309606364018
2012-02-20 23:00:00,62.53139521854008
2012-02-21 00:00:00,28.553984810194507
2012-02-21 01:00:00,15.57777466790714
2012-02-21 02:00:00,8.757743561368475
2012-02-21 04:00:00,3.4135560221496783
2012-02-21 05:00:00,10.05653309893573
2012-02-21 06:00:00,34.4541647614655
2012-02-21 07:00:00,96.52439747640136
2012-02-21 08:00:00,179.5110971541219
2012-02-21 09:00:00,128.803653832869
2012-02-21 10:00:00,96.21882915657058
2012-02-21 11:00:00,102.95155456586849
2012-02-21 12:00:00,131.26288206440609
2012-02-21 13:00:00,145.4523626345778
2012-02-21 14:00:00,123.1758656730102
2012-02-21 15:00:00,142.39770422525095
2012-02-21 16:00:00,193.40838391240726
2012-02-21 17:00:00,312.37920028311294
2012-02-21 18:00:00,284.92319906418277
2012-02-21 19:00:00,206.08749487726655
2012-02-21 20:00:00,146.44116632190682
2012-02-21 21:00:00,114.72443385098082
2012-02-21 22:00:00,82.14802042958685
2012-02-21 23:00:00,56.134442977281346
2012-02-22 00:00:00,31.864294173276022
2012-02-22 01:00:00,17.543357279908278
2012-02-22 02:00:00,10.194662093372653
2012-02-22 03:00:00,5.547973217511365
2012-02-22 04:00:00,4.420069434296263
2012-02-22 05:00:00,12.913350433379374
2012-02-22 06:00:00,42.623980180932996
2012-02-22 07:00:00,115.87821292795793
2012-02-22 08:00:00,211.99936238071714
2012-02-22 09:00:00,160.5275529280106
2012-02-22 10:00:00,119.97568832064273
2012-02-22 11:00:00,139.28741010026957
2012-02-22 12:00:00,177.98414554813093
2012-02-22 13:00:00,183.77665272433
2012-02-22 14:00:00,173.3712541037531
2012-02-22 15:00:00,214.88705166353964
2012-02-22 16:00:00,282.90182973098223
2012-02-22 17:00:00,432.58717369483026
2012-02-22 18:00:00,345.89954114613045
2012-02-22 19:00:00,249.33064116947563
2012-02-22 20:00:00,181.29164788289546
2012-02-22 21:00:00,153.59171486473096
2012-02-22 22:00:00,107.50497743011151
2012-02-22 23:00:00,75.5181633882544
2012-02-23 00:00:00,41.02929930058238
2012-02-23 01:00:00,20.907349765353455
2012-02-23 02:00:00,12.485649613385558
2012-02-23 03:00:00,4.0305548794870285
2012-02-23 04:00:00,4.974809017173623
2012-02-23 05:00:00,14.50693767269059
2012-02-23 06:00:00,45.001062201268574
2012-02-23 07:00:00,120.78776198680553
2012-02-23 08:00:00,219.21496832616432
2012-02-23 09:00:00,162.65765393309718
2012-02-23 10:00:00,139.48257482482924
2012-02-23 11:00:00,181.03276837239713
2012-02-23 12:00:00,235.2266927502585
2012-02-23 13:00:00,244.2987296583993
2012-02-23 14:00:00,229.41927491567992
2012-02-23 15:00:00,257.0442132751632
2012-02-23 16:00:00,333.16555827789347
2012-02-23 17:00:00,496.7654689217723
2012-02-23 18:00:00,445.7304215999753
2012-02-23 19:00:00,312.1003635804432
2012-02-23 20:00:00,210.0400919042158
2012-02-23 21:00:00,148.70008159947443
2012-02-23 22:00:00,114.02265658729142
2012-02-23 23:00:00,77.36915832157818
2012-02-24 00:00:00,42.42026134724114
2012-02-24 01:00:00,23.219248451455364
2012-02-24 02:00:00,6.692830491832018
2012-02-24 03:00:00,7.309547779752531
2012-02-24 04:00:00,5.085828751101979
2012-02-24 05:00:00,13.718217010277352
2012-02-24 06:00:00,47.08457962219088
2012-02-24 07:00:00,128.01503497344817
2012-02-24 08:00:00,224.9926754935504
2012-02-24 09:00:00,97.42445722849953
2012-02-24 10:00:00,72.8560365173163
2012-02-24 11:00:00,136.86149567999232
2012-02-24 12:00:00,178.98836068420377
2012-02-24 13:00:00,184.3939805360419
2012-02-24 14:00:00,183.33898418801408
2012-02-24 15:00:00,99.21388243125509
2012-02-24 16:00:00,128.02484752174203
2012-02-24 17:00:00,197.45897804297107
2012-02-24 18:00:00,284.454989453387
2012-02-24 19:00:00,228.033748650443
2012-02-24 20:00:00,177.0134562249689
2012-02-24 21:00:00,123.77497233232731
2012-02-24 22:00:00,102.48377478365973
2012-02-24 23:00:00,63.16314637833672
2012-02-25 00:00:00,36.012526031541626
2012-02-25 01:00:00,18.708261020955867
2012-02-25 02:00:00,11.129174182932024
2012-02-25 03:00:00,5.984817930832112
2012-02-25 04:00:00,4.324083901165185
2012-02-25 05:00:00,12.23541668496453
2012-02-25 06:00:00,41.86582678769568
2012-02-25 07:00:00,105.72697048548622
2012-02-25 08:00:00,203.05751566442373
2012-02-25 09:00:00,77.11289735963031
2012-02-25 10:00:00,102.79285734246224
2012-02-25 11:00:00,115.64295827539425
2012-02-25 12:00:00,145.85059260766664
2012-02-25 13:00:00,154.0406016134603
2012-02-25 14:00:00,137.57613709910748
2012-02-25 15:00:00,156.17617976671633
2012-02-25 16:00:00,186.69851715708705
2012-02-25 17:00:00,296.2438044579253
2012-02-25 18:00:00,245.5310750849341
2012-02-25 19:00:00,175.13745824157036
2012-02-25 20:00:00,123.95227717404151
2012-02-25 21:00:00,101.68238420708566
2012-02-25 22:00:00,74.39670695825073
2012-02-25 23:00:00,50.56898405201976
2012-02-26 00:00:00,29.6738111482943
2012-02-26 01:00:00,16.00456446411678
2012-02-26 02:00:00,9.41306110608908
2012-02-26 03:00:00,5.76981056238768
2012-02-26 04:00:00,4.1896295623000865
2012-02-26 05:00:00,11.86572178253726
2012-02-26 06:00:00,38.76762640121038
2012-02-26 07:00:00,100.98358859109757
2012-02-26 08:00:00,194.749204945945
2012-02-26 09:00:00,147.55583284228769
2012-02-26 10:00:00,118.69484229205256
2012-02-26 11:00:00,132.50817175509005
2012-02-26 12:00:00,179.41384239886165
2012-02-26 13:00:00,180.6228746523381
2012-02-26 14:00:00,175.74472648298104
2012-02-26 15:00:00,192.53436255024522
2012-02-26 16:00:00,240.43426895617375
2012-02-26 17:00:00,369.68097767718024
2012-02-26 18:00:00,311.01845893183787
2012-02-26 19:00:00,243.52216453437973
2012-02-26 20:00:00,169.52824044647335
2012-02-26 21:00:00,126.21725529929935
2012-02-26 22:00:00,96.06633141906299
2012-02-26 23:00:00,59.576046539398604
2012-02-27 00:00:00,26.916242261104806
2012-02-27 01:00:00,14.475136208962986
2012-02-27 02:00:00,8.074079256595851
2012-02-27 03:00:00,4.650515227232538
2012-02-27 04:00:00,3.222738799879111
2012-02-27 05:00:00,9.959638574147045
2012-02-27 06:00:00,34.496767808519245
2012-02-27 07:00:00,94.48426614760096
2012-02-27 08:00:00,179.31931236295688
2012-02-27 09:00:00,135.11933763191954
2012-02-27 10:00:00,109.68836589550185
2012-02-27 11:00:00,134.25458273424826
2012-02-27 12:00:00,181.5945907305603
2012-02-27 13:00:00,174.48709879271405
2012-02-27 14:00:00,183.88836265184702
2012-02-27 15:00:00,213.91916794759558
2012-02-27 16:00:00,279.0803342587613
2012-02-27 17:00:00,423.88067348102135
2012-02-27 18:00:00,374.81521421481756
2012-02-27 19:00:00,270.1111185725023
2012-02-27 20:00:00,191.83615143083264
2012-02-27 21:00:00,145.46773004621517
2012-02-27 22:00:00,107.88064736688759
2012-02-27 23:00:00,70.29411095835893
2012-02-28 00:00:00,39.714886285496185
2012-02-28 01:00:00,19.226836344608675
2012-02-28 02:00:00,12.34070448177273
2012-02-28 03:00:00,7.1391434739018145
2012-02-28 04:00:00,4.006311678149436
2012-02-28 05:00:00,11.9933129142679
2012-02-28 06:00:00,39.814187908739996
2012-02-28 07:00:00,103.73164987934331
2012-02-28 08:00:00,188.75954520927672
2012-02-28 09:00:00,138.3108814354758
2012-02-28 10:00:00,107.02721713859074
2012-02-28 11:00:00,135.8114529955894
2012-02-28 12:00:00,180.84234171553197
2012-02-28 13:00:00,180.64568286917128
2012-02-28 14:00:00,184.88970172596888
2012-02-28 15:00:00,205.58309565984803
2012-02-28 16:00:00,263.01205274659674
2012-02-28 17:00:00,398.6121877749149
2012-02-28 18:00:00,355.2660052647211
2012-02-28 19:00:00,260.849009110663
2012-02-28 20:00:00,187.03450121371318
2012-02-28 21:00:00,122.04391376190526
2012-02-28 22:00:00,95.62469373730332
2012-02-28 23:00:00,57.804839301445845
2012-02-29 00:00:00,34.452674426031265
2012-02-29 01:00:00,18.696599297396844
2012-02-29 02:00:00,9.936989831337602
2012-02-29 03:00:00,5.5864147477987025
2012-02-29 05:00:00,11.589387120568299
2012-02-29 06:00:00,38.754634966779804
2012-02-29 07:00:00,98.24134548905906
2012-02-29 08:00:00,193.71764174825276
2012-02-29 09:00:00,86.27863187943606
2012-02-29 10:00:00,62.508883981286324
2012-02-29 11:00:00,69.15077073530969
2012-02-29 12:00:00,81.49794266915453
2012-02-29 13:00:00,135.64353889991798
2012-02-29 14:00:00,125.25749666303683
2012-02-29 15:00:00,150.03327174126392
2012-02-29 16:00:00,121.18533773836076
2012-02-29 17:00:00,297.4860081100432
2012-02-29 18:00:00,163.83305002549588
2012-02-29 19:00:00,203.78613828964876
2012-02-29 20:00:00,93.01135350440049
2012-02-29 21:00:00,71.67377672808087
2012-02-29 22:00:00,53.25461397889083
2012-02-29 23:00:00,35.535314890853385
2012-03-20 00:00:00,42.89365572297667
2012-03-20 01:00:00,22.119092587064387
2012-03-20 02:00:00,13.62327725262406
2012-03-20 03:00:00,7.208653587276563
2012-03-20 04:00:00,5.336171576563474
2012-03-20 05:00:00,14.610501489714057
2012-03-20 06:00:00,50.40725254151037
2012-03-20 07:00:00,80.66348714110788
2012-03-20 08:00:00,262.90856479829023
2012-03-20 09:00:00,191.37954661953813
2012-03-20 10:00:00,145.51823268517205
2012-03-20 11:00:00,176.53863656177325
2012-03-20 12:00:00,215.46581388948815
2012-03-20 13:00:00,214.51810074761255
2012-03-20 14:00:00,195.38017097910844
2012-03-20 15:00:00,216.91233488172912
2012-03-20 16:00:00,291.0908546420747
2012-03-20 17:00:00,420.33306687019063
2012-03-20 18:00:00,384.69749404994894
2012-03-20 19:00:00,283.2069056740714
2012-03-20 20:00:00,216.20365388342282
2012-03-20 21:00:00,155.0397593855461
2012-03-20 22:00:00,117.09178031858428
2012-03-20 23:00:00,74.8557239352286
2012-03-21 00:00:00,45.459259007055316
2012-03-21 01:00:00,26.004685294848734
2012-03-21 02:00:00,14.716632384635107
2012-03-21 03:00:00,7.9652923255854855
2012-03-21 04:00:00,5.985662150575655
2012-03-21 05:00:00,17.13049208101617
2012-03-21 06:00:00,53.58673779337654
2012-03-21 07:00:00,88.15685268456632
2012-03-21 08:00:00,169.82047808875996
2012-03-21 09:00:00,207.44645153719858
2012-03-21 10:00:00,157.30431704573394
2012-03-21 11:00:00,177.97460561310538
2012-03-21 12:00:00,223.1034318792568
2012-03-21 13:00:00,211.54102033180425
2012-03-21 14:00:00,203.5715495642314
2012-03-21 15:00:00,215.78187978805704
2012-03-21 16:00:00,305.7009757156485
2012-03-21 17:00:00,495.7143074546451
2012-03-21 18:00:00,437.7578201960344
2012-03-21 19:00:00,335.8315558203159
2012-03-21 20:00:00,227.62539515932576
2012-03-21 21:00:00,168.30265283462333
2012-03-21 22:00:00,127.777080284943
2012-03-21 23:00:00,88.41045157583244
2012-03-22 00:00:00,49.672010545988854
2012-03-22 01:00:00,26.862112646843688
2012-03-22 02:00:00,16.06188254033533
2012-03-22 03:00:00,9.444759557301152
2012-03-22 04:00:00,5.756635953617933
2012-03-22 05:00:00,16.536080619255877
2012-03-22 06:00:00,55.79447895388944
2012-03-22 07:00:00,148.29839953023546
2012-03-22 08:00:00,291.91840256173685
2012-03-22 09:00:00,211.72100336411106
2012-03-22 10:00:00,149.71302741686873
2012-03-22 11:00:00,171.584022180167
2012-03-22 12:00:00,220.03344319769357
2012-03-22 13:00:00,251.63189438843276
2012-03-22 14:00:00,242.81004834058726
2012-03-22 15:00:00,260.00694231259496
2012-03-22 16:00:00,343.5882455917945
2012-03-22 17:00:00,522.7957355386903
2012-03-22 18:00:00,476.9045712864735
2012-03-22 19:00:00,356.29864190214244
2012-03-22 20:00:00,237.2027936998636
2012-03-22 21:00:00,181.03778932778204
2012-03-22 22:00:00,135.2868196261012
2012-03-22 23:00:00,93.04466046764298
2012-03-23 00:00:00,51.372032497566636
2012-03-23 01:00:00,26.670249308531528
2012-03-23 02:00:00,16.501972699150418
2012-03-23 03:00:00,9.507266107622454
2012-03-23 04:00:00,6.283974093980915
2012-03-23 05:00:00,17.34142652660766
2012-03-23 06:00:00,60.008848331297976
2012-03-23 07:00:00,159.70409674865886
2012-03-23 08:00:00,298.77868603670305
2012-03-23 09:00:00,226.75045610497472
2012-03-23 10:00:00,171.38381903427336
2012-03-23 11:00:00,217.54953024521723
2012-03-23 12:00:00,277.56178355630016
2012-03-23 13:00:00,293.9331126137796
2012-03-23 14:00:00,286.6581447190112
2012-03-23 15:00:00,302.0102500357468
2012-03-23 16:00:00,386.1654028426102
2012-03-23 17:00:00,580.6945825593272
2012-03-23 18:00:00,551.8929728624596
2012-03-23 19:00:00,396.4623969079821
2012-03-23 20:00:00,302.9428613302587
2012-03-23 21:00:00,227.07498226898045
2012-03-23 22:00:00,156.22279555563478
2012-03-23 23:00:00,102.40099946573251
2012-03-24 00:00:00,55.94846245644751
2012-03-24 01:00:00,30.047074397494107
2012-03-24 02:00:00,17.28379151372432
2012-03-24 03:00:00,10.192774636984492
2012-03-24 04:00:00,7.201888158149702
2012-03-24 05:00:00,18.847486908447447
2012-03-24 06:00:00,63.28047988508388
2012-03-24 07:00:00,162.14083726209176
2012-03-24 08:00:00,291.81822354773783
2012-03-24 09:00:00,230.68767361338197
2012-03-24 10:00:00,161.06390201913405
2012-03-24 11:00:00,173.9391548689693
2012-03-24 12:00:00,130.9253159437398
2012-03-24 13:00:00,126.49144134660251
2012-03-24 14:00:00,115.50922401484549
2012-03-24 15:00:00,114.11565913533069
2012-03-24 16:00:00,154.25551748353539
2012-03-24 17:00:00,244.94041691571925
2012-03-24 18:00:00,208.36769584226224
2012-03-24 19:00:00,158.37877172892397
2012-03-24 20:00:00,109.50558672819959
2012-03-24 21:00:00,84.42434544052006
2012-03-24 22:00:00,64.77594932679432
2012-03-24 23:00:00,71.8914455995011
2012-03-25 00:00:00,40.92787723247595
2012-03-25 01:00:00,21.22956384295403
2012-03-25 02:00:00,7.243652005249746
2012-03-25 03:00:00,4.15989223615811
2012-03-25 04:00:00,5.355525393534759
2012-03-25 05:00:00,15.175081861084237
2012-03-25 06:00:00,51.38658319852461
2012-03-25 07:00:00,135.8556755387035
2012-03-25 08:00:00,255.42929478847975
2012-03-25 09:00:00,190.38353194542253
2012-03-25 10:00:00,137.88413641793892
2012-03-25 11:00:00,156.44532579858966
2012-03-25 12:00:00,192.1578416161561
2012-03-25 13:00:00,200.487243778517
2012-03-25 14:00:00,190.0718397027484
2012-03-25 15:00:00,199.72311716591645
2012-03-25 16:00:00,296.6404981965543
2012-03-25 17:00:00,482.5673979533383
2012-03-25 18:00:00,440.2007474046373
2012-03-25 19:00:00,312.1724940610769
2012-03-25 20:00:00,222.2118087472156
2012-03-25 21:00:00,174.72564246641915
2012-03-25 22:00:00,131.83565843955765
2012-03-25 23:00:00,90.66268691652007
2012-03-26 00:00:00,40.38083234686407
2012-03-26 01:00:00,22.35117960074681
2012-03-26 02:00:00,12.756286237757465
2012-03-26 03:00:00,7.712324081410756
2012-03-26 04:00:00,5.565049825745412
2012-03-26 05:00:00,16.373450259036492
2012-03-26 06:00:00,52.24388967279503
2012-03-26 07:00:00,148.51256548758747
2012-03-26 08:00:00,287.4902076416844
2012-03-26 09:00:00,223.67501262929184
2012-03-26 10:00:00,160.60437456875974
2012-03-26 11:00:00,179.90761168955422
2012-03-26 12:00:00,222.45119908133987
2012-03-26 13:00:00,205.71248145456195
2012-03-26 14:00:00,206.920407844642
2012-03-26 15:00:00,208.1030274352823
2012-03-26 16:00:00,269.31584530523406
2012-03-26 17:00:00,426.53998920763235
2012-03-26 18:00:00,372.14694832753605
2012-03-26 19:00:00,277.4108305010428
2012-03-26 20:00:00,182.71159390446442
2012-03-26 21:00:00,137.74214184174258
2012-03-26 22:00:00,105.39682109973673
2012-03-26 23:00:00,61.75549270072748
2012-03-27 00:00:00,34.058490814377
2012-03-27 01:00:00,17.998030592988098
2012-03-27 02:00:00,10.29008557672507
2012-03-27 03:00:00,5.83431134588435
2012-03-27 04:00:00,3.9833834628985985
2012-03-27 05:00:00,11.92758925836185
2012-03-27 06:00:00,42.61739162481076
2012-03-27 07:00:00,113.65915140369086
2012-03-27 08:00:00,204.1033190764119
2012-03-27 09:00:00,158.46582069978308
2012-03-27 10:00:00,119.84808693888617
2012-03-27 11:00:00,151.7711084490097
2012-03-27 12:00:00,191.83293519076162
2012-03-27 13:00:00,201.3400968199931
2012-03-27 14:00:00,213.63939090009202
2012-03-27 15:00:00,233.2195561961094
2012-03-27 16:00:00,300.5564489834387
2012-03-27 17:00:00,477.3108815030893
2012-03-27 18:00:00,430.7497465620171
2012-03-27 19:00:00,309.0738019829878
2012-03-27 20:00:00,235.57351748830138
2012-03-27 21:00:00,145.47580834267936
2012-03-27 22:00:00,114.90445842038639
2012-03-27 23:00:00,75.7879438577244
2012-03-28 00:00:00,41.07058353556173
2012-03-28 01:00:00,21.652056305377947
2012-03-28 02:00:00,12.173258427367363
2012-03-28 03:00:00,7.0989668513153035
2012-03-28 04:00:00,5.560306545969377
2012-03-28 05:00:00,16.026529957641156
2012-03-28 06:00:00,52.48919129039085
2012-03-28 07:00:00,141.2337097539467
2012-03-28 08:00:00,279.4697388530359
2012-03-28 09:00:00,204.75208249711616
2012-03-28 10:00:00,168.32048598196045
2012-03-28 11:00:00,204.2746657889173
2012-03-28 12:00:00,254.87861718518397
2012-03-28 13:00:00,266.83634750791845
2012-03-28 14:00:00,272.4480323878691
2012-03-28 15:00:00,274.65009085968325
2012-03-28 16:00:00,228.14451361634642
2012-03-28 17:00:00,507.8166976513191
2012-03-28 18:00:00,463.237887512338
2012-03-28 19:00:00,357.5314306909798
2012-03-28 20:00:00,254.52035028803823
2012-03-28 21:00:00,187.29768811781886
2012-03-28 22:00:00,146.65774296294552
2012-03-28 23:00:00,94.66761800320042
2012-03-29 00:00:00,53.138721074987714
2012-03-29 01:00:00,31.0847084928688
2012-03-29 02:00:00,22.720858349107413
2012-03-29 03:00:00,12.939407338653728
2012-03-29 04:00:00,8.525215099563429
2012-03-29 05:00:00,22.30101900318501
2012-03-29 06:00:00,65.39773980453425
2012-03-29 07:00:00,172.45975121338472
2012-03-29 08:00:00,321.6089089296026
2012-03-29 09:00:00,239.61617080411833
2012-03-29 10:00:00,167.41316790152408
2012-03-29 11:00:00,205.50275724057352
2012-03-29 12:00:00,245.4742472024185
2012-03-29 13:00:00,238.60884228749546
2012-03-29 14:00:00,233.76220421780928
2012-03-29 15:00:00,258.4644238023627
2012-03-29 16:00:00,341.6468183313771
2012-03-29 17:00:00,497.33268841229363
2012-03-29 18:00:00,454.180452791872
2012-03-29 19:00:00,328.2632762393111
2012-03-29 20:00:00,234.12436879892778
2012-03-29 21:00:00,171.56807280412883
2012-03-29 22:00:00,129.96195431874185
2012-03-29 23:00:00,85.74097162266244
2012-03-30 00:00:00,47.201131232118854
2012-03-30 01:00:00,24.46879872880106
2012-03-30 02:00:00,13.501128061946526
2012-03-30 03:00:00,7.914189564036366
2012-03-30 04:00:00,6.086943170074054
2012-03-30 05:00:00,16.40051018238813
2012-03-30 06:00:00,55.48213176700892
2012-03-30 07:00:00,145.35028698381865
2012-03-30 08:00:00,267.3524005793372
2012-03-30 09:00:00,205.0273974644625
2012-03-30 10:00:00,148.94624109634685
2012-03-30 11:00:00,166.7036697102846
2012-03-30 12:00:00,209.13408099753715
2012-03-30 13:00:00,131.4629427816927
2012-03-30 14:00:00,119.68441604815246
2012-03-30 15:00:00,131.20847885427625
2012-03-30 16:00:00,155.5450344687746
2012-03-30 17:00:00,389.20127533662753
2012-03-30 18:00:00,402.5037841135976
2012-03-30 19:00:00,277.83364673032287
2012-03-30 20:00:00,208.75182772072682
2012-03-30 21:00:00,155.0666061628394
2012-03-30 22:00:00,113.96010102050865
2012-03-30 23:00:00,75.78389186946443
2012-03-31 00:00:00,41.610157566445565
2012-03-31 01:00:00,22.32574403684173
2012-03-31 02:00:00,13.366752305908202
2012-03-31 03:00:00,7.863264724583116
2012-03-31 04:00:00,5.686622337106515
2012-03-31 05:00:00,16.81371882087393
2012-03-31 06:00:00,50.56524746034038
2012-03-31 07:00:00,134.55206525374788
2012-03-31 08:00:00,250.78736256192678
2012-03-31 09:00:00,200.54541592340806
2012-03-31 10:00:00,148.06742729849412
2012-03-31 11:00:00,195.7760289189861
2012-03-31 12:00:00,243.61318152049236
2012-03-31 13:00:00,270.47781966569977
2012-03-31 14:00:00,214.67991397010724
2012-03-31 15:00:00,235.01751090017038
2012-03-31 16:00:00,288.5567365127052
2012-03-31 17:00:00,418.92284183300274
2012-03-31 18:00:00,329.4529766493282
2012-03-31 19:00:00,252.91159560800804
2012-03-31 20:00:00,179.74236996769105
2012-03-31 21:00:00,138.71962056392832
2012-03-31 22:00:00,108.33903684444228
2012-03-31 23:00:00,67.8188331226286
2012-04-20 00:00:00,56.81734589758285
2012-04-20 01:00:00,27.46184380795603
2012-04-20 02:00:00,15.592346914125198
2012-04-20 03:00:00,9.386272123461588
2012-04-20 04:00:00,6.587330489151665
2012-04-20 05:00:00,18.105293745465374
2012-04-20 06:00:00,62.26693389548287
2012-04-20 07:00:00,161.6583408621462
2012-04-20 08:00:00,311.4470722918307
2012-04-20 09:00:00,244.91598111847156
2012-04-20 10:00:00,190.7927054547176
2012-04-20 11:00:00,237.00287496253213
2012-04-20 12:00:00,319.6114540373129
2012-04-20 13:00:00,349.0949555598887
2012-04-20 14:00:00,317.89477296095424
2012-04-20 15:00:00,333.96240294916174
2012-04-20 16:00:00,437.2109645377639
2012-04-20 17:00:00,627.5944488197296
2012-04-20 18:00:00,561.3188682792072
2012-04-20 19:00:00,419.1103613898698
2012-04-20 20:00:00,293.3391345794008
2012-04-20 21:00:00,211.0304921585523
2012-04-20 22:00:00,156.6618217671117
2012-04-20 23:00:00,104.78311714772903
2012-04-21 00:00:00,54.7521573751523
2012-04-21 01:00:00,29.655442173174514
2012-04-21 02:00:00,18.264036031458115
2012-04-21 03:00:00,9.998527042494564
2012-04-21 04:00:00,7.346326192533976
2012-04-21 05:00:00,20.66194094096653
2012-04-21 06:00:00,69.87122987559309
2012-04-21 07:00:00,181.47066235209226
2012-04-21 08:00:00,353.4331589610615
2012-04-21 09:00:00,274.0433514828867
2012-04-21 10:00:00,217.9511882366094
2012-04-21 11:00:00,248.02396565225376
2012-04-21 12:00:00,323.1605423260499
2012-04-21 13:00:00,320.5538870260935
2012-04-21 14:00:00,304.0619233582602
2012-04-21 15:00:00,336.6493159026479
2012-04-21 16:00:00,416.13863282238157
2012-04-21 17:00:00,610.2115222135435
2012-04-21 18:00:00,495.55720638933343
2012-04-21 19:00:00,183.18034938223477
2012-04-21 20:00:00,131.936659812592
2012-04-21 21:00:00,98.28105253175747
2012-04-21 22:00:00,134.34124127636056
2012-04-21 23:00:00,83.70199514791692
2012-04-22 00:00:00,49.22146973288876
2012-04-22 01:00:00,25.346297138928318
2012-04-22 02:00:00,17.040906923088926
2012-04-22 03:00:00,9.175690529687094
2012-04-22 04:00:00,6.953710295198284
2012-04-22 05:00:00,19.269882613955733
2012-04-22 06:00:00,63.4760803330137
2012-04-22 07:00:00,96.18588875119492
2012-04-22 08:00:00,181.83673090379776
2012-04-22 09:00:00,131.77831815798095
2012-04-22 10:00:00,90.34561503234502
2012-04-22 11:00:00,101.71314671015053
2012-04-22 12:00:00,122.34899560595454
2012-04-22 13:00:00,120.04151386613024
2012-04-22 14:00:00,110.26423710019122
2012-04-22 15:00:00,114.19443418639743
2012-04-22 16:00:00,143.7754846691332
2012-04-22 17:00:00,206.37277143332747
2012-04-22 18:00:00,188.20428079931003
2012-04-22 19:00:00,137.03603032714048
2012-04-22 20:00:00,103.95919145941684
2012-04-22 21:00:00,82.39764144893907
2012-04-22 22:00:00,59.080779128647954
2012-04-22 23:00:00,42.353754535759734
2012-04-23 00:00:00,20.257257550964795
2012-04-23 01:00:00,10.43910394375906
2012-04-23 02:00:00,10.20507511838894
2012-04-23 03:00:00,6.068198395896407
2012-04-23 04:00:00,2.2384859065654137
2012-04-23 05:00:00,7.4051220654334475
2012-04-23 06:00:00,42.88674929477332
2012-04-23 07:00:00,71.32585583443556
2012-04-23 08:00:00,215.13303925793554
2012-04-23 09:00:00,152.34973672641664
2012-04-23 10:00:00,118.46252754913293
2012-04-23 11:00:00,131.93157436318296
2012-04-23 12:00:00,101.31548122202551
2012-04-23 13:00:00,98.81421029216526
2012-04-23 14:00:00,92.89191258624939
2012-04-23 15:00:00,165.59845645035918
2012-04-23 16:00:00,115.12254188829947
2012-04-23 17:00:00,175.15751452310295
2012-04-23 18:00:00,176.90414895796678
2012-04-23 19:00:00,215.80489007814398
2012-04-23 20:00:00,157.7183282540486
2012-04-23 21:00:00,117.75415535727814
2012-04-23 22:00:00,99.84601062909934
2012-04-23 23:00:00,67.50336968542258
2012-04-24 00:00:00,36.73057310613242
2012-04-24 01:00:00,19.479478067879928
2012-04-24 02:00:00,11.995761555467682
2012-04-24 03:00:00,6.861272789278222
2012-04-24 04:00:00,5.042262522390272
2012-04-24 05:00:00,14.682005578324482
2012-04-24 06:00:00,49.30737738924767
2012-04-24 07:00:00,133.8316513173728
2012-04-24 08:00:00,265.92897977543635
2012-04-24 09:00:00,219.27644579228453
2012-04-24 10:00:00,168.7264084331645
2012-04-24 11:00:00,210.3657712094936
2012-04-24 12:00:00,266.8243727533272
2012-04-24 13:00:00,269.0927283070828
2012-04-24 14:00:00,253.04172423885288
2012-04-24 15:00:00,267.38205943722687
2012-04-24 16:00:00,374.15253603749125
2012-04-24 17:00:00,543.847491371102
2012-04-24 18:00:00,520.6554895350828
2012-04-24 19:00:00,381.46542360664563
2012-04-24 20:00:00,261.1872808358705
2012-04-24 21:00:00,189.32280396603682
2012-04-24 22:00:00,149.17755294555923
2012-04-24 23:00:00,95.69594325744919
2012-04-25 00:00:00,54.783093586079225
2012-04-25 01:00:00,28.281593436933925
2012-04-25 02:00:00,14.053659363451576
2012-04-25 03:00:00,7.674555562258854
2012-04-25 04:00:00,5.939964321488592
2012-04-25 05:00:00,16.528092974154127
2012-04-25 06:00:00,55.76860919703867
2012-04-25 07:00:00,146.03811453484357
2012-04-25 08:00:00,287.1324705975556
2012-04-25 09:00:00,240.11538025251852
2012-04-25 10:00:00,221.91684467295156
2012-04-25 11:00:00,259.61877756722413
2012-04-25 12:00:00,315.6555310742413
2012-04-25 13:00:00,326.1920431705632
2012-04-25 14:00:00,292.70043014156516
2012-04-25 15:00:00,345.4584270297537
2012-04-25 16:00:00,439.87259583841507
2012-04-25 17:00:00,668.8623285865527
2012-04-25 18:00:00,613.5214998358479
2012-04-25 19:00:00,468.8947113558407
2012-04-25 20:00:00,325.99932345561456
2012-04-25 21:00:00,205.15884720984735
2012-04-25 22:00:00,153.59464393288712
2012-04-25 23:00:00,100.84703431798566
2012-04-26 00:00:00,51.37994658172327
2012-04-26 01:00:00,30.712530632904155
2012-04-26 02:00:00,17.809008949645467
2012-04-26 03:00:00,10.538813189319448
2012-04-26 04:00:00,7.6959815086755015
2012-04-26 05:00:00,21.00885327508974
2012-04-26 06:00:00,67.76147631059398
2012-04-26 07:00:00,95.30427293368732
2012-04-26 08:00:00,190.31701453663493
2012-04-26 09:00:00,135.76549451213512
2012-04-26 10:00:00,156.80117843720816
2012-04-26 11:00:00,174.18154391444105
2012-04-26 12:00:00,243.2136066076649
2012-04-26 13:00:00,231.82517915914394
2012-04-26 14:00:00,226.2029906266172
2012-04-26 15:00:00,218.11320793813445
2012-04-26 16:00:00,291.87766352524466
2012-04-26 17:00:00,495.01638764151915
2012-04-26 18:00:00,423.92761651093315
2012-04-26 19:00:00,311.22340340572686
2012-04-26 20:00:00,244.8285118162434
2012-04-26 21:00:00,178.5472156746875
2012-04-26 22:00:00,142.59099887029925
2012-04-26 23:00:00,91.64707075224015
2012-04-27 00:00:00,51.57919516930676
2012-04-27 01:00:00,29.069554173797027
2012-04-27 02:00:00,17.1439733978378
2012-04-27 03:00:00,9.641355212120683
2012-04-27 04:00:00,7.755449469276201
2012-04-27 05:00:00,20.85847075791605
2012-04-27 06:00:00,70.30947183762214
2012-04-27 07:00:00,173.77972774862153
2012-04-27 08:00:00,345.73042463714336
2012-04-27 09:00:00,238.81386141473587
2012-04-27 10:00:00,189.59447099633098
2012-04-27 11:00:00,222.20409198041142
2012-04-27 12:00:00,278.51761437860426
2012-04-27 13:00:00,271.99558256126227
2012-04-27 14:00:00,257.18174647375105
2012-04-27 15:00:00,285.978674287333
2012-04-27 16:00:00,404.5948473261228
2012-04-27 17:00:00,609.523296492695
2012-04-27 18:00:00,543.8254360689953
2012-04-27 19:00:00,382.6742922863119
2012-04-27 20:00:00,270.2351851029607
2012-04-27 21:00:00,198.73679090212318
2012-04-27 22:00:00,149.90728634154397
2012-04-27 23:00:00,96.32256298590524
2012-04-28 00:00:00,51.89704636015449
2012-04-28 01:00:00,24.606810534179633
2012-04-28 02:00:00,15.852685761161094
2012-04-28 03:00:00,8.535308179682824
2012-04-28 04:00:00,6.506177544351511
2012-04-28 05:00:00,18.78332775484223
2012-04-28 06:00:00,61.548571690382516
2012-04-28 07:00:00,164.86068890708856
2012-04-28 08:00:00,351.20689801356025
2012-04-28 09:00:00,237.82440044287696
2012-04-28 10:00:00,173.943826152733
2012-04-28 11:00:00,199.4936487222534
2012-04-28 12:00:00,232.8871171486716
2012-04-28 13:00:00,240.75494223544356
2012-04-28 14:00:00,250.1616796257859
2012-04-28 15:00:00,253.96612832552708
2012-04-28 16:00:00,327.80772057491055
2012-04-28 17:00:00,478.36902448110976
2012-04-28 18:00:00,247.22252782960766
2012-04-28 19:00:00,160.57496456265443
2012-04-28 20:00:00,199.25503965947848
2012-04-28 21:00:00,89.76705421457126
2012-04-28 22:00:00,116.7238541590266
2012-04-28 23:00:00,80.78571955544008
2012-04-29 00:00:00,26.295531391581296
2012-04-29 01:00:00,23.387226844788767
2012-04-29 02:00:00,13.794136407160655
2012-04-29 03:00:00,7.845721680984452
2012-04-29 04:00:00,5.892493953044309
2012-04-29 05:00:00,16.961605295214817
2012-04-29 06:00:00,58.45116504654475
2012-04-29 07:00:00,147.02195759934747
2012-04-29 08:00:00,321.31894409099414
2012-04-29 09:00:00,244.45235574719072
2012-04-29 10:00:00,187.32617228600955
2012-04-29 11:00:00,232.28292864796018
2012-04-29 12:00:00,309.0769363762151
2012-04-29 13:00:00,309.45226151831736
2012-04-29 14:00:00,308.4335175994203
2012-04-29 15:00:00,338.2920497261091
2012-04-29 16:00:00,486.183787704124
2012-04-29 17:00:00,712.8990223469981
2012-04-29 18:00:00,654.6246481718298
2012-04-29 19:00:00,447.68091932037316
2012-04-29 20:00:00,338.1708842629965
2012-04-29 21:00:00,228.01045190618953
2012-04-29 22:00:00,172.13543939692454
2012-04-29 23:00:00,105.64236691722367
2012-04-30 00:00:00,46.32133693941016
2012-04-30 01:00:00,23.866175385814312
2012-04-30 02:00:00,14.443671319569681
2012-04-30 03:00:00,7.945684946166024
2012-04-30 04:00:00,5.778464946882874
2012-04-30 05:00:00,16.59273529006528
2012-04-30 06:00:00,62.281793130937835
2012-04-30 07:00:00,163.6055029969641
2012-04-30 08:00:00,315.1141332074958
2012-04-30 09:00:00,216.43245535345616
2012-04-30 10:00:00,165.55570905973528
2012-04-30 11:00:00,194.33500450051756
2012-04-30 12:00:00,232.07672845896607
2012-04-30 13:00:00,239.2439351238997
2012-04-30 14:00:00,221.54460998626934
2012-04-30 15:00:00,242.43072557684232
2012-04-30 16:00:00,328.9841923340027
2012-04-30 17:00:00,499.11358129765875
2012-04-30 18:00:00,423.36940706574967
2012-04-30 19:00:00,298.60558836653234
2012-04-30 20:00:00,224.99784327485833
2012-04-30 21:00:00,173.7035458054126
2012-04-30 22:00:00,139.9790810917484
2012-04-30 23:00:00,92.22025879506734
2012-05-20 00:00:00,87.80491468544069
2012-05-20 01:00:00,45.73079543890942
2012-05-20 02:00:00,27.616471152105294
2012-05-20 03:00:00,16.370648498893598
2012-05-20 04:00:00,11.30541700593771
2012-05-20 05:00:00,29.585778567065006
2012-05-20 06:00:00,101.48852036138918
2012-05-20 07:00:00,264.34863573788874
2012-05-20 08:00:00,553.1372602276925
2012-05-20 09:00:00,483.04437498816617
2012-05-20 10:00:00,341.02752931861284
2012-05-20 11:00:00,376.72061114427356
2012-05-20 12:00:00,459.7530648354396
2012-05-20 13:00:00,448.69380788480396
2012-05-20 14:00:00,391.2853831927448
2012-05-20 15:00:00,389.98762356692225
2012-05-20 16:00:00,530.1081300817754
2012-05-20 17:00:00,790.6115915103469
2012-05-20 18:00:00,704.2508189178465
2012-05-20 19:00:00,474.5954208817294
2012-05-20 20:00:00,350.29962924658906
2012-05-20 21:00:00,260.12108876294826
2012-05-20 22:00:00,202.88454970919122
2012-05-20 23:00:00,75.27858458875434
2012-05-21 00:00:00,34.08729415785382
2012-05-21 01:00:00,17.859680841369336
2012-05-21 02:00:00,10.510269817680529
2012-05-21 03:00:00,10.609751825372037
2012-05-21 04:00:00,4.47719019272064
2012-05-21 05:00:00,13.21542457605938
2012-05-21 06:00:00,45.039799282119546
2012-05-21 07:00:00,120.02705182125813
2012-05-21 08:00:00,229.45520303924442
2012-05-21 09:00:00,168.06326398194264
2012-05-21 10:00:00,120.9641114383785
2012-05-21 11:00:00,240.5232761139848
2012-05-21 12:00:00,284.116914897673
2012-05-21 13:00:00,170.29706820611557
2012-05-21 14:00:00,160.42118516376155
2012-05-21 15:00:00,297.5781191910759
2012-05-21 16:00:00,375.93018378675515
2012-05-21 17:00:00,580.2086719373458
2012-05-21 18:00:00,567.9115961806949
2012-05-21 19:00:00,433.0454592577214
2012-05-21 20:00:00,316.31466101695884
2012-05-21 21:00:00,245.95275390272622
2012-05-21 22:00:00,174.88896221971868
2012-05-21 23:00:00,119.26839648335967
2012-05-22 00:00:00,63.77447481010189
2012-05-22 01:00:00,33.969736331940155
2012-05-22 02:00:00,20.54281045028452
2012-05-22 03:00:00,12.187845761439297
2012-05-22 04:00:00,8.600116525332613
2012-05-22 05:00:00,14.201152838009321
2012-05-22 06:00:00,49.34200290985814
2012-05-22 07:00:00,131.33646301589255
2012-05-22 08:00:00,399.5089328664511
2012-05-22 09:00:00,306.0520849709536
2012-05-22 10:00:00,229.68313653020058
2012-05-22 11:00:00,251.4954040796189
2012-05-22 12:00:00,317.533995545915
2012-05-22 13:00:00,311.1261591057474
2012-05-22 14:00:00,296.2593589214697
2012-05-22 15:00:00,356.49565711118885
2012-05-22 16:00:00,460.38655967653807
2012-05-22 17:00:00,694.2534501555388
2012-05-22 18:00:00,627.7030172913511
2012-05-22 19:00:00,431.8750142329701
2012-05-22 20:00:00,307.41169489320845
2012-05-22 21:00:00,237.88798167943585
2012-05-22 22:00:00,193.6363008555878
2012-05-22 23:00:00,129.79052673504788
2012-05-23 00:00:00,71.66491729839046
2012-05-23 01:00:00,37.18822480147941
2012-05-23 02:00:00,21.14925461896488
2012-05-23 03:00:00,13.951016900540896
2012-05-23 04:00:00,5.277739487428448
2012-05-23 05:00:00,14.37832094029957
2012-05-23 06:00:00,88.10737080447461
2012-05-23 07:00:00,235.0908852848533
2012-05-23 08:00:00,441.36834885566435
2012-05-23 09:00:00,318.14250819569935
2012-05-23 10:00:00,252.25351966478738
2012-05-23 11:00:00,285.7826610311871
2012-05-23 12:00:00,348.69297294120383
2012-05-23 13:00:00,324.9298077714977
2012-05-23 14:00:00,337.1937599139831
2012-05-23 15:00:00,337.2216538603958
2012-05-23 16:00:00,275.8107452021494
2012-05-23 17:00:00,395.2010344501855
2012-05-23 18:00:00,360.4887878333769
2012-05-23 19:00:00,392.45255741534055
2012-05-23 20:00:00,294.2293109764817
2012-05-23 21:00:00,219.95094939793248
2012-05-23 22:00:00,175.4240624326228
2012-05-23 23:00:00,124.52736704568606
2012-05-24 00:00:00,71.79231976678327
2012-05-24 01:00:00,37.921596349751894
2012-05-24 02:00:00,22.07504318720114
2012-05-24 03:00:00,12.790120411060707
2012-05-24 04:00:00,9.428565129694324
2012-05-24 05:00:00,26.066155423033667
2012-05-24 06:00:00,86.65973582764104
2012-05-24 07:00:00,252.61598037795213
2012-05-24 08:00:00,503.77755543868756
2012-05-24 09:00:00,362.79565434866134
2012-05-24 10:00:00,280.18113827292325
2012-05-24 11:00:00,317.8385510912091
2012-05-24 12:00:00,404.0941035645717
2012-05-24 13:00:00,396.3170399457308
2012-05-24 14:00:00,352.57027152018946
2012-05-24 15:00:00,369.89798104273643
2012-05-24 16:00:00,458.34527310784233
2012-05-24 17:00:00,708.8579913661575
2012-05-24 18:00:00,648.4016722303454
2012-05-24 19:00:00,468.1286113329052
2012-05-24 20:00:00,314.7498696517177
2012-05-24 21:00:00,146.30727824700492
2012-05-24 22:00:00,189.5375160919371
2012-05-24 23:00:00,126.54386632333274
2012-05-25 00:00:00,74.01096175620286
2012-05-25 01:00:00,40.58066873470041
2012-05-25 02:00:00,22.348559356817915
2012-05-25 03:00:00,13.31265384811126
2012-05-25 04:00:00,9.644927675062139
2012-05-25 05:00:00,27.53683173561527
2012-05-25 06:00:00,91.22647515256149
2012-05-25 07:00:00,238.16702410896468
2012-05-25 08:00:00,451.8542044600351
2012-05-25 09:00:00,325.9076033115482
2012-05-25 10:00:00,263.0998341780746
2012-05-25 11:00:00,299.8659424113351
2012-05-25 12:00:00,393.9130234286246
2012-05-25 13:00:00,385.1421810140399
2012-05-25 14:00:00,365.7216425630142
2012-05-25 15:00:00,366.1457551977187
2012-05-25 16:00:00,487.3923244307947
2012-05-25 17:00:00,687.9901123022877
2012-05-25 18:00:00,646.980120140661
2012-05-25 19:00:00,476.51215617652286
2012-05-25 20:00:00,363.2084348614902
2012-05-25 21:00:00,282.6962984878732
2012-05-25 22:00:00,212.44646685655175
2012-05-25 23:00:00,134.46896639538753
2012-05-26 00:00:00,73.01055099190044
2012-05-26 01:00:00,40.00584725767372
2012-05-26 02:00:00,23.286470011011144
2012-05-26 03:00:00,14.003205468842664
2012-05-26 04:00:00,10.432647187316507
2012-05-26 05:00:00,28.462644242066073
2012-05-26 06:00:00,93.54512073355917
2012-05-26 07:00:00,236.45533412255085
2012-05-26 08:00:00,502.11746011926795
2012-05-26 09:00:00,347.57796365890755
2012-05-26 10:00:00,256.4709351888142
2012-05-26 11:00:00,301.30715063265035
2012-05-26 12:00:00,373.26499468486435
2012-05-26 13:00:00,362.54469098523
2012-05-26 14:00:00,331.72265055145925
2012-05-26 15:00:00,344.32987914118644
2012-05-26 16:00:00,472.1155022751723
2012-05-26 17:00:00,682.0707093334731
2012-05-26 18:00:00,649.0003017637387
2012-05-26 19:00:00,442.6197265994825
2012-05-26 20:00:00,353.9167524007418
2012-05-26 21:00:00,265.74238078805786
2012-05-26 22:00:00,201.00856921257287
2012-05-26 23:00:00,135.03353052523153
2012-05-27 00:00:00,77.94333251608907
2012-05-27 01:00:00,42.7214045390089
2012-05-27 02:00:00,25.898122830413595
2012-05-27 03:00:00,15.769264684288203
2012-05-27 04:00:00,10.945027667821416
2012-05-27 05:00:00,30.00196157083102
2012-05-27 06:00:00,100.28375526436369
2012-05-27 07:00:00,257.66645549697574
2012-05-27 08:00:00,494.23477848837905
2012-05-27 09:00:00,355.81620267431913
2012-05-27 10:00:00,270.39170725949396
2012-05-27 11:00:00,321.66329312825945
2012-05-27 12:00:00,381.256709050431
2012-05-27 13:00:00,394.38029487035163
2012-05-27 14:00:00,357.21235871248103
2012-05-27 15:00:00,379.5861353456717
2012-05-27 16:00:00,489.0026512349679
2012-05-27 17:00:00,747.2551002988006
2012-05-27 18:00:00,658.2380115401684
2012-05-27 19:00:00,505.8483262098607
2012-05-27 20:00:00,388.9974042432695
2012-05-27 21:00:00,149.73241315611637
2012-05-27 22:00:00,115.44056620035488
2012-05-27 23:00:00,79.33793839417453
2012-05-28 00:00:00,69.05038905625699
2012-05-28 01:00:00,35.64585360310043
2012-05-28 02:00:00,22.42525265694382
2012-05-28 03:00:00,14.606015182310088
2012-05-28 04:00:00,10.622403104985883
2012-05-28 05:00:00,29.164626189367013
2012-05-28 06:00:00,99.56051007142545
2012-05-28 07:00:00,259.37490518834807
2012-05-28 08:00:00,501.5729582981357
2012-05-28 09:00:00,380.4526551507817
2012-05-28 10:00:00,276.56659217331844
2012-05-28 11:00:00,308.76576090893957
2012-05-28 12:00:00,373.14218879478364
2012-05-28 13:00:00,332.47327848893514
2012-05-28 14:00:00,307.12654359652237
2012-05-28 15:00:00,328.88802926401655
2012-05-28 16:00:00,418.98912998406934
2012-05-28 17:00:00,637.1319665767603
2012-05-28 18:00:00,587.3306343743742
2012-05-28 19:00:00,446.3549003517173
2012-05-28 20:00:00,321.3378029860833
2012-05-28 21:00:00,248.18435336895678
2012-05-28 22:00:00,199.70908009039096
2012-05-28 23:00:00,133.03813421257357
2012-05-29 00:00:00,67.60173426912272
2012-05-29 01:00:00,36.720809326095264
2012-05-29 02:00:00,22.01148115251506
2012-05-29 03:00:00,12.788508457942159
2012-05-29 04:00:00,9.865671952924977
2012-05-29 05:00:00,27.20061649863671
2012-05-29 06:00:00,90.33393915056564
2012-05-29 07:00:00,239.09395260131237
2012-05-29 08:00:00,463.03858887878795
2012-05-29 09:00:00,334.7560084981153
2012-05-29 10:00:00,235.7272649634832
2012-05-29 11:00:00,276.8373951422511
2012-05-29 12:00:00,334.834992484605
2012-05-29 13:00:00,316.0330673182447
2012-05-29 14:00:00,288.4551483653164
2012-05-29 15:00:00,316.9389838472396
2012-05-29 16:00:00,391.2536237958914
2012-05-29 17:00:00,615.9426327505787
2012-05-29 18:00:00,550.187524705813
2012-05-29 19:00:00,429.5822002206444
2012-05-29 20:00:00,172.46892347271802
2012-05-29 21:00:00,115.74209688493181
2012-05-29 22:00:00,167.7567887351398
2012-05-29 23:00:00,64.56294172679688
2012-05-30 00:00:00,39.018793385961416
2012-05-30 01:00:00,20.519368309387954
2012-05-30 02:00:00,12.116095813648045
2012-05-30 03:00:00,7.225234075393594
2012-05-30 04:00:00,9.245497833912399
2012-05-30 05:00:00,27.224983156234714
2012-05-30 06:00:00,90.24790792709213
2012-05-30 07:00:00,143.36656157099918
2012-05-30 08:00:00,456.64156663289873
2012-05-30 09:00:00,339.34175811260315
2012-05-30 10:00:00,239.25493817755412
2012-05-30 11:00:00,286.95814319291156
2012-05-30 12:00:00,389.9483426847735
2012-05-30 13:00:00,388.15985731831773
2012-05-30 14:00:00,383.7165178117506
2012-05-30 15:00:00,386.6269500887568
2012-05-30 16:00:00,494.28273141269665
2012-05-30 17:00:00,755.0458480114722
2012-05-30 18:00:00,678.0477048051849
2012-05-30 19:00:00,492.65695914332673
2012-05-30 20:00:00,311.5010520573187
2012-05-30 21:00:00,282.4673157461013
2012-05-30 22:00:00,205.74107927439357
2012-05-30 23:00:00,141.67013766769261
2012-05-31 00:00:00,78.42695116343403
2012-05-31 01:00:00,43.02857485907718
2012-05-31 02:00:00,26.60933504573669
2012-05-31 03:00:00,15.482554213482828
2012-05-31 04:00:00,11.232728299359206
2012-05-31 05:00:00,30.37904570178753
2012-05-31 06:00:00,98.38234493233368
2012-05-31 07:00:00,269.9634952574905
2012-05-31 08:00:00,540.1936708559591
2012-05-31 09:00:00,416.4028115755399
2012-05-31 10:00:00,300.1807551618829
2012-05-31 11:00:00,356.23505471564744
2012-05-31 12:00:00,446.20545362911093
2012-05-31 13:00:00,439.7069229119868
2012-05-31 14:00:00,404.7800364239977
2012-05-31 15:00:00,408.3802587724814
2012-05-31 16:00:00,528.9619186030964
2012-05-31 17:00:00,838.0530095883593
2012-05-31 18:00:00,772.9807710433537
2012-05-31 19:00:00,574.6463844417153
2012-05-31 20:00:00,404.1142592108448
2012-05-31 21:00:00,312.1662520088
2012-05-31 22:00:00,235.36950682875803
2012-05-31 23:00:00,151.51654329236217
2012-06-20 00:00:00,69.77817780954624
2012-06-20 01:00:00,38.117098681795
2012-06-20 02:00:00,22.61699075637211
2012-06-20 03:00:00,13.568079523028636
2012-06-20 04:00:00,10.258563322214107
2012-06-20 05:00:00,28.220321389318997
2012-06-20 06:00:00,85.55014293612876
2012-06-20 07:00:00,218.94369976522717
2012-06-20 08:00:00,447.4521474081734
2012-06-20 09:00:00,323.169968981954
2012-06-20 10:00:00,265.0943120617227
2012-06-20 11:00:00,290.5228329211878
2012-06-20 12:00:00,346.02923858711887
2012-06-20 13:00:00,347.89362596079894
2012-06-20 14:00:00,311.36359098136785
2012-06-20 15:00:00,320.0314083586369
2012-06-20 16:00:00,425.02029280944
2012-06-20 17:00:00,609.4889930419378
2012-06-20 18:00:00,556.0023974990295
2012-06-20 19:00:00,426.5586283220474
2012-06-20 20:00:00,328.96063586832264
2012-06-20 21:00:00,264.0949856032675
2012-06-20 22:00:00,213.45543802484377
2012-06-20 23:00:00,139.0461344106039
2012-06-21 00:00:00,73.11616243658656
2012-06-21 01:00:00,37.7005245178194
2012-06-21 02:00:00,22.84113097394111
2012-06-21 03:00:00,13.667881256182588
2012-06-21 04:00:00,9.948600540642445
2012-06-21 05:00:00,27.355472870297504
2012-06-21 06:00:00,86.16676967653115
2012-06-21 07:00:00,228.13951223132995
2012-06-21 08:00:00,468.4307226259734
2012-06-21 09:00:00,358.05548752983185
2012-06-21 10:00:00,259.44658177870906
2012-06-21 11:00:00,295.1154879804705
2012-06-21 12:00:00,333.4037078543808
2012-06-21 13:00:00,322.8665322462382
2012-06-21 14:00:00,312.1732647297618
2012-06-21 15:00:00,307.03452680841525
2012-06-21 16:00:00,417.3093301609386
2012-06-21 17:00:00,630.3532415556666
2012-06-21 18:00:00,595.8734893076386
2012-06-21 19:00:00,423.01007881524487
2012-06-21 20:00:00,318.13911947558665
2012-06-21 21:00:00,252.71797556817583
2012-06-21 22:00:00,191.98664108670286
2012-06-21 23:00:00,134.5171423621814
2012-06-22 00:00:00,70.1243794596305
2012-06-22 01:00:00,38.38616033967407
2012-06-22 02:00:00,22.459844492105727
2012-06-22 03:00:00,13.361395021472484
2012-06-22 04:00:00,10.232125827132274
2012-06-22 05:00:00,29.55215286862847
2012-06-22 06:00:00,94.79754480398124
2012-06-22 07:00:00,283.1265478691729
2012-06-22 08:00:00,537.0233200788878
2012-06-22 09:00:00,374.2615665949142
2012-06-22 10:00:00,257.2422266072183
2012-06-22 11:00:00,318.4592023490312
2012-06-22 12:00:00,365.757242285093
2012-06-22 13:00:00,340.2621382151267
2012-06-22 14:00:00,314.3233853850593
2012-06-22 15:00:00,310.057383391143
2012-06-22 16:00:00,429.11846649061965
2012-06-22 17:00:00,700.4825111185245
2012-06-22 18:00:00,590.4021328915491
2012-06-22 19:00:00,400.53921953934423
2012-06-22 20:00:00,295.59784926152855
2012-06-22 21:00:00,150.90275407499183
2012-06-22 22:00:00,208.0742945090732
2012-06-22 23:00:00,125.45132726159756
2012-06-23 00:00:00,68.6848684219664
2012-06-23 01:00:00,39.50637094550429
2012-06-23 02:00:00,21.401182998747483
2012-06-23 03:00:00,13.052272459389759
2012-06-23 04:00:00,9.604234693738302
2012-06-23 05:00:00,26.283765562078834
2012-06-23 06:00:00,94.60162252221075
2012-06-23 07:00:00,246.3928946618794
2012-06-23 08:00:00,495.8229545056271
2012-06-23 09:00:00,376.6530242604497
2012-06-23 10:00:00,281.6515808750464
2012-06-23 11:00:00,322.93970800292425
2012-06-23 12:00:00,394.9449099972452
2012-06-23 13:00:00,395.4647258201324
2012-06-23 14:00:00,376.81980833096634
2012-06-23 15:00:00,362.8529280151479
2012-06-23 16:00:00,480.88817931076886
2012-06-23 17:00:00,770.5131922122802
2012-06-23 18:00:00,691.6651611736952
2012-06-23 19:00:00,543.2899434564903
2012-06-23 20:00:00,399.3343107431483
2012-06-23 21:00:00,315.18475583926727
2012-06-23 22:00:00,245.70157851094748
2012-06-23 23:00:00,156.11173342435606
2012-06-24 00:00:00,86.67347922624437
2012-06-24 01:00:00,45.40284425469374
2012-06-24 02:00:00,27.035735412541264
2012-06-24 03:00:00,15.245738176968729
2012-06-24 04:00:00,11.056972394414823
2012-06-24 05:00:00,31.913556778325024
2012-06-24 06:00:00,107.47885460813593
2012-06-24 07:00:00,281.2858129385784
2012-06-24 08:00:00,547.094473880527
2012-06-24 09:00:00,412.57233804161183
2012-06-24 10:00:00,311.8019815760665
2012-06-24 11:00:00,361.3333826804153
2012-06-24 12:00:00,425.06830334195496
2012-06-24 13:00:00,406.3851342003651
2012-06-24 14:00:00,357.25893239167914
2012-06-24 15:00:00,378.47965330461733
2012-06-24 16:00:00,495.7289541585415
2012-06-24 17:00:00,734.3136818747809
2012-06-24 18:00:00,692.1160167314165
2012-06-24 19:00:00,505.6148926295072
2012-06-24 20:00:00,367.6558034887578
2012-06-24 21:00:00,277.4547884267925
2012-06-24 22:00:00,228.7572781531392
2012-06-24 23:00:00,150.56695911757004
2012-06-25 00:00:00,68.27663569272774
2012-06-25 01:00:00,36.862339830083265
2012-06-25 02:00:00,21.445317922007842
2012-06-25 03:00:00,12.773141647023444
2012-06-25 04:00:00,8.980710284932224
2012-06-25 05:00:00,26.389522788844463
2012-06-25 06:00:00,85.25966412056555
2012-06-25 07:00:00,227.97419249250223
2012-06-25 08:00:00,445.60391864561853
2012-06-25 09:00:00,329.28464295607824
2012-06-25 10:00:00,247.9920203912764
2012-06-25 11:00:00,275.47454061904995
2012-06-25 12:00:00,328.32660991632355
2012-06-25 13:00:00,336.9652544613721
2012-06-25 14:00:00,315.52985313295414
2012-06-25 15:00:00,316.14645335263026
2012-06-25 16:00:00,430.13733203545416
2012-06-25 17:00:00,650.6969547490504
2012-06-25 18:00:00,617.2236525635599
2012-06-25 19:00:00,460.4999736571393
2012-06-25 20:00:00,342.1223116095601
2012-06-25 21:00:00,277.68222562931663
2012-06-25 22:00:00,215.50055483944672
2012-06-25 23:00:00,144.9613231397978
2012-06-26 00:00:00,82.8435358183818
2012-06-26 01:00:00,43.27804559115404
2012-06-26 02:00:00,23.909346034267482
2012-06-26 03:00:00,13.75581806302569
2012-06-26 04:00:00,10.249956259339385
2012-06-26 05:00:00,26.121566423282573
2012-06-26 06:00:00,88.25164778550669
2012-06-26 07:00:00,228.35268529940222
2012-06-26 08:00:00,460.88795522267975
2012-06-26 09:00:00,334.3588639968655
2012-06-26 10:00:00,271.8548897307755
2012-06-26 11:00:00,310.03326887706686
2012-06-26 12:00:00,375.86343408203004
2012-06-26 13:00:00,371.8129615391153
2012-06-26 14:00:00,343.4760844633685
2012-06-26 15:00:00,367.5876208511173
2012-06-26 16:00:00,467.9147892773305
2012-06-26 17:00:00,725.1712238017161
2012-06-26 18:00:00,677.4595920875462
2012-06-26 19:00:00,527.5398002100233
2012-06-26 20:00:00,377.69349366842243
2012-06-26 21:00:00,296.38001732432025
2012-06-26 22:00:00,226.88793583314444
2012-06-26 23:00:00,151.56572189418918
2012-06-27 00:00:00,85.33760550991599
2012-06-27 01:00:00,46.07580280137513
2012-06-27 02:00:00,25.13062403501068
2012-06-27 03:00:00,15.701087236225973
2012-06-27 04:00:00,12.393528614207574
2012-06-27 05:00:00,32.76738990766847
2012-06-27 06:00:00,100.88414654749148
2012-06-27 07:00:00,278.5029297367075
2012-06-27 08:00:00,531.3396421953006
2012-06-27 09:00:00,385.4948825488721
2012-06-27 10:00:00,296.7029436896325
2012-06-27 11:00:00,333.436646860181
2012-06-27 12:00:00,407.1619966062568
2012-06-27 13:00:00,382.2843597948582
2012-06-27 14:00:00,351.96685225915274
2012-06-27 15:00:00,357.24541059690597
2012-06-27 16:00:00,450.5713796856448
2012-06-27 17:00:00,694.0352344248553
2012-06-27 18:00:00,661.3538798535786
2012-06-27 19:00:00,495.0177076494876
2012-06-27 20:00:00,384.85977119181416
2012-06-27 21:00:00,298.33272294423494
2012-06-27 22:00:00,234.53615678545984
2012-06-27 23:00:00,150.9405776636728
2012-06-28 00:00:00,85.11943205833671
2012-06-28 01:00:00,43.83112575179757
2012-06-28 02:00:00,28.059202988484707
2012-06-28 03:00:00,16.789150020462202
2012-06-28 04:00:00,11.657742436574232
2012-06-28 05:00:00,32.943037329020086
2012-06-28 06:00:00,108.93204017876589
2012-06-28 07:00:00,278.6925423271572
2012-06-28 08:00:00,559.045960840283
2012-06-28 09:00:00,392.0051925135462
2012-06-28 10:00:00,286.06078650240795
2012-06-28 11:00:00,338.8844050207364
2012-06-28 12:00:00,383.34375922617596
2012-06-28 13:00:00,371.32171226118015
2012-06-28 14:00:00,328.67295830230756
2012-06-28 15:00:00,348.35025798214843
2012-06-28 16:00:00,455.46444756773155
2012-06-28 17:00:00,690.0484787876602
2012-06-28 18:00:00,639.1127328626609
2012-06-28 19:00:00,469.28537519282236
2012-06-28 20:00:00,365.48147158197935
2012-06-28 21:00:00,264.99148050927334
2012-06-28 22:00:00,214.2070790786018
2012-06-28 23:00:00,150.3895453144951
2012-06-29 00:00:00,86.08075711794126
2012-06-29 01:00:00,45.57600381476214
2012-06-29 02:00:00,26.525117592899704
2012-06-29 03:00:00,15.850030139676896
2012-06-29 04:00:00,11.556596426694334
2012-06-29 05:00:00,32.90415825027212
2012-06-29 06:00:00,101.59824938007546
2012-06-29 07:00:00,287.6526741116367
2012-06-29 08:00:00,520.7682417401778
2012-06-29 09:00:00,386.756039614037
2012-06-29 10:00:00,235.70244821023067
2012-06-29 11:00:00,249.68192052884837
2012-06-29 12:00:00,295.75842811579787
2012-06-29 13:00:00,291.9726413083686
2012-06-29 14:00:00,254.36138908377563
2012-06-29 15:00:00,270.0313766085114
2012-06-29 16:00:00,347.9514745075931
2012-06-29 17:00:00,493.5905506275042
2012-06-29 18:00:00,483.7039072816207
2012-06-29 19:00:00,402.54060232449524
2012-06-29 20:00:00,286.04419418914904
2012-06-29 21:00:00,228.15430068576424
2012-06-29 22:00:00,111.30019493661234
2012-06-29 23:00:00,74.62348496130055
2012-06-30 00:00:00,38.945689573291496
2012-06-30 01:00:00,20.56727529120538
2012-06-30 02:00:00,20.49412344256542
2012-06-30 03:00:00,12.15804107324101
2012-06-30 04:00:00,8.797361423427738
2012-06-30 05:00:00,27.104140327860076
2012-06-30 06:00:00,90.02147971508096
2012-06-30 07:00:00,238.2725753390557
2012-06-30 08:00:00,447.32994696712814
2012-06-30 09:00:00,324.5828084646397
2012-06-30 10:00:00,262.4332934087407
2012-06-30 11:00:00,296.8306004097783
2012-06-30 12:00:00,360.70363486093873
2012-06-30 13:00:00,352.1057397173964
2012-06-30 14:00:00,325.26677494588137
2012-06-30 15:00:00,344.74076862505115
2012-06-30 16:00:00,435.9469602480671
2012-06-30 17:00:00,681.3251994096881
2012-06-30 18:00:00,598.7883829154824
2012-06-30 19:00:00,448.5079118386943
2012-06-30 20:00:00,338.14576737839434
2012-06-30 21:00:00,261.1705023699867
2012-06-30 22:00:00,201.90945341495475
2012-06-30 23:00:00,137.8051345468715
2012-07-20 00:00:00,42.87726831914524
2012-07-20 01:00:00,40.0556447131357
2012-07-20 02:00:00,23.00619614332136
2012-07-20 03:00:00,13.664630307703865
2012-07-20 04:00:00,10.089899704147392
2012-07-20 05:00:00,28.00252947937423
2012-07-20 06:00:00,92.21873779668188
2012-07-20 07:00:00,241.92668027881652
2012-07-20 08:00:00,474.10207097614875
2012-07-20 09:00:00,353.72312149108393
2012-07-20 10:00:00,255.15910889209295
2012-07-20 11:00:00,180.2745009939885
2012-07-20 12:00:00,211.14580341071587
2012-07-20 13:00:00,208.93734102675498
2012-07-20 14:00:00,187.8372396887974
2012-07-20 15:00:00,310.007986322687
2012-07-20 16:00:00,400.2451663930549
2012-07-20 17:00:00,561.4517144404031
2012-07-20 18:00:00,566.9302280410495
2012-07-20 19:00:00,414.1800918889552
2012-07-20 20:00:00,180.34411871285354
2012-07-20 21:00:00,142.28747294815838
2012-07-20 22:00:00,190.63591920324578
2012-07-20 23:00:00,124.19403152142843
2012-07-21 00:00:00,41.647216061407285
2012-07-21 01:00:00,37.51132743904615
2012-07-21 02:00:00,12.86831174742737
2012-07-21 03:00:00,7.580686445321048
2012-07-21 04:00:00,5.455634586186448
2012-07-21 05:00:00,15.934325019392215
2012-07-21 06:00:00,53.845560236304216
2012-07-21 07:00:00,233.26934683793525
2012-07-21 08:00:00,449.49703510042434
2012-07-21 09:00:00,332.6554179888107
2012-07-21 10:00:00,141.75311767552404
2012-07-21 11:00:00,270.8729721955572
2012-07-21 12:00:00,204.2691339221092
2012-07-21 13:00:00,203.0779589227179
2012-07-21 14:00:00,288.6201307833182
2012-07-21 15:00:00,187.8780677987527
2012-07-21 16:00:00,247.01019097039452
2012-07-21 17:00:00,374.87638343282345
2012-07-21 18:00:00,551.4235540333553
2012-07-21 19:00:00,412.3740710520746
2012-07-21 20:00:00,186.91363855684727
2012-07-21 21:00:00,235.0373248258809
2012-07-21 22:00:00,186.8936144242822
2012-07-21 23:00:00,121.75831034496818
2012-07-22 00:00:00,71.78041196214147
2012-07-22 01:00:00,38.47817552055122
2012-07-22 02:00:00,23.50605031762592
2012-07-22 03:00:00,14.001850039796121
2012-07-22 04:00:00,10.780144719787163
2012-07-22 05:00:00,29.574026620758566
2012-07-22 06:00:00,99.3066889045015
2012-07-22 07:00:00,254.28065259507696
2012-07-22 08:00:00,492.9319749243862
2012-07-22 09:00:00,379.3371968387328
2012-07-22 10:00:00,267.4155656023977
2012-07-22 11:00:00,302.46342342785994
2012-07-22 12:00:00,385.1200945167786
2012-07-22 13:00:00,389.2048201665107
2012-07-22 14:00:00,374.59800030696306
2012-07-22 15:00:00,397.01644326702194
2012-07-22 16:00:00,503.9722300400712
2012-07-22 17:00:00,733.923410132958
2012-07-22 18:00:00,681.876010385831
2012-07-22 19:00:00,499.14234712994454
2012-07-22 20:00:00,362.5675772690951
2012-07-22 21:00:00,274.5411854262039
2012-07-22 22:00:00,217.79305351777194
2012-07-22 23:00:00,143.4803219621003
2012-07-23 00:00:00,65.4275300692638
2012-07-23 01:00:00,34.64428464253397
2012-07-23 02:00:00,19.58462400381301
2012-07-23 03:00:00,11.601273498923705
2012-07-23 04:00:00,8.581940103846074
2012-07-23 05:00:00,23.868836400746442
2012-07-23 06:00:00,82.25867592260013
2012-07-23 07:00:00,233.91196108116708
2012-07-23 08:00:00,452.4510049752568
2012-07-23 09:00:00,314.9969133285761
2012-07-23 10:00:00,233.42810410774035
2012-07-23 11:00:00,279.60195694436305
2012-07-23 12:00:00,339.780120095868
2012-07-23 13:00:00,336.23255957695284
2012-07-23 14:00:00,301.03345984626907
2012-07-23 15:00:00,334.6686387441275
2012-07-23 16:00:00,433.778509171348
2012-07-23 17:00:00,652.2306387433221
2012-07-23 18:00:00,622.425680224081
2012-07-23 19:00:00,436.6761142783129
2012-07-23 20:00:00,324.3264283913886
2012-07-23 21:00:00,248.31002072623224
2012-07-23 22:00:00,197.35310267695763
2012-07-23 23:00:00,132.72149612296343
2012-07-24 00:00:00,73.2102768899178
2012-07-24 01:00:00,38.36639749982843
2012-07-24 02:00:00,22.56169674246526
2012-07-24 03:00:00,13.423745835508416
2012-07-24 04:00:00,10.232203860785187
2012-07-24 05:00:00,28.089969139516416
2012-07-24 06:00:00,92.65258047935244
2012-07-24 07:00:00,256.1417484182321
2012-07-24 08:00:00,476.9099421407188
2012-07-24 09:00:00,341.0367267613377
2012-07-24 10:00:00,244.8077259313867
2012-07-24 11:00:00,255.30428480084976
2012-07-24 12:00:00,327.16535961078023
2012-07-24 13:00:00,306.3019383969371
2012-07-24 14:00:00,290.4953471088438
2012-07-24 15:00:00,337.7395306605199
2012-07-24 16:00:00,429.2188059035161
2012-07-24 17:00:00,648.2042027259422
2012-07-24 18:00:00,578.3852800599566
2012-07-24 19:00:00,453.4166561592883
2012-07-24 20:00:00,331.5795710886915
2012-07-24 21:00:00,251.448297179397
2012-07-24 22:00:00,195.24627567927755
2012-07-24 23:00:00,134.1436304088536
2012-07-25 00:00:00,78.66108987396464
2012-07-25 01:00:00,44.78262847265221
2012-07-25 02:00:00,26.358091086007878
2012-07-25 03:00:00,15.346966501045063
2012-07-25 04:00:00,11.494274086216073
2012-07-25 05:00:00,32.0242976963071
2012-07-25 06:00:00,105.03033689837964
2012-07-25 07:00:00,291.35625242654834
2012-07-25 08:00:00,585.9051122823628
2012-07-25 09:00:00,429.8518111942123
2012-07-25 10:00:00,315.01600950514774
2012-07-25 11:00:00,360.7444124365957
2012-07-25 12:00:00,438.32446393663247
2012-07-25 13:00:00,432.84423894651036
2012-07-25 14:00:00,398.97527475033564
2012-07-25 15:00:00,430.52575825468966
2012-07-25 16:00:00,540.5644029573335
2012-07-25 17:00:00,788.0274346708303
2012-07-25 18:00:00,757.6764274896877
2012-07-25 19:00:00,562.3009512955259
2012-07-25 20:00:00,398.9663181996091
2012-07-25 21:00:00,306.65412145669274
2012-07-25 22:00:00,224.42938710969727
2012-07-25 23:00:00,144.58991795696573
2012-07-26 00:00:00,81.60860689281779
2012-07-26 01:00:00,43.99121202588997
2012-07-26 02:00:00,25.614079932163875
2012-07-26 03:00:00,15.458186210885419
2012-07-26 04:00:00,11.353717674457021
2012-07-26 05:00:00,31.0626700289815
2012-07-26 06:00:00,98.06706678054354
2012-07-26 07:00:00,265.0742673867252
2012-07-26 08:00:00,471.19832417320583
2012-07-26 09:00:00,360.21225365884123
2012-07-26 10:00:00,265.2825247676249
2012-07-26 11:00:00,292.23137916514264
2012-07-26 12:00:00,352.1254573897499
2012-07-26 13:00:00,331.32393306291266
2012-07-26 14:00:00,296.1955819709652
2012-07-26 15:00:00,303.35811430580213
2012-07-26 16:00:00,357.7511734102219
2012-07-26 17:00:00,576.7040237826823
2012-07-26 18:00:00,528.8331038095984
2012-07-26 19:00:00,404.01567014820836
2012-07-26 20:00:00,324.6134433093896
2012-07-26 21:00:00,242.1366353889563
2012-07-26 22:00:00,189.93185686726576
2012-07-26 23:00:00,142.98293386696847
2012-07-27 00:00:00,79.83457013379241
2012-07-27 01:00:00,44.812114356859155
2012-07-27 02:00:00,25.54289208020919
2012-07-27 03:00:00,15.672966871940645
2012-07-27 04:00:00,11.157363041217007
2012-07-27 05:00:00,29.517011926959
2012-07-27 06:00:00,101.1915497769967
2012-07-27 07:00:00,283.4911989440682
2012-07-27 08:00:00,544.2594333293604
2012-07-27 09:00:00,390.7026132246336
2012-07-27 10:00:00,281.4393070258379
2012-07-27 11:00:00,306.08950184595636
2012-07-27 12:00:00,364.897709448905
2012-07-27 13:00:00,369.2087708243736
2012-07-27 14:00:00,327.07566221080464
2012-07-27 15:00:00,370.58486393455644
2012-07-27 16:00:00,475.50113570562723
2012-07-27 17:00:00,703.0054252935729
2012-07-27 18:00:00,695.9169664685807
2012-07-27 19:00:00,491.8970222941575
2012-07-27 20:00:00,374.384470696985
2012-07-27 21:00:00,289.18417663076673
2012-07-27 22:00:00,225.51899315888497
2012-07-27 23:00:00,143.73419930985523
2012-07-28 00:00:00,84.15892431972026
2012-07-28 01:00:00,44.581088954111024
2012-07-28 02:00:00,26.023187504553444
2012-07-28 03:00:00,15.542763982208168
2012-07-28 04:00:00,11.166815793538403
2012-07-28 05:00:00,31.016756471394977
2012-07-28 06:00:00,109.56162238319706
2012-07-28 07:00:00,286.09970481138896
2012-07-28 08:00:00,539.7214070387207
2012-07-28 09:00:00,402.54618220907355
2012-07-28 10:00:00,281.0955273960521
2012-07-28 11:00:00,329.58901208217844
2012-07-28 12:00:00,398.3383905008932
2012-07-28 13:00:00,368.03442074823914
2012-07-28 14:00:00,345.74928059222134
2012-07-28 15:00:00,360.96135525944715
2012-07-28 16:00:00,476.900840613932
2012-07-28 17:00:00,750.8053396152598
2012-07-28 18:00:00,673.7671848578582
2012-07-28 19:00:00,443.73799967798186
2012-07-28 20:00:00,327.76048933279816
2012-07-28 21:00:00,269.83836491270796
2012-07-28 22:00:00,211.6856441891286
2012-07-28 23:00:00,138.03650282570933
2012-07-29 00:00:00,75.4861009694101
2012-07-29 01:00:00,42.881081660699415
2012-07-29 02:00:00,27.280044412715696
2012-07-29 03:00:00,16.394519975816657
2012-07-29 04:00:00,12.432335377371887
2012-07-29 05:00:00,31.906777507493963
2012-07-29 06:00:00,110.2232924652551
2012-07-29 07:00:00,290.674127588098
2012-07-29 08:00:00,561.2168848763058
2012-07-29 09:00:00,409.76444721700443
2012-07-29 10:00:00,295.4659159206421
2012-07-29 11:00:00,343.9739239360342
2012-07-29 12:00:00,402.55022852890517
2012-07-29 13:00:00,408.59378085016306
2012-07-29 14:00:00,386.4620670555168
2012-07-29 15:00:00,425.73491077840345
2012-07-29 16:00:00,548.4189573301628
2012-07-29 17:00:00,804.5681986354326
2012-07-29 18:00:00,717.4993007150202
2012-07-29 19:00:00,532.9557560246823
2012-07-29 20:00:00,378.29684939461845
2012-07-29 21:00:00,286.7645718081363
2012-07-29 22:00:00,227.7631183284418
2012-07-29 23:00:00,148.4599694688524
2012-07-30 00:00:00,71.51201227027023
2012-07-30 01:00:00,37.60066963836306
2012-07-30 02:00:00,22.714946923665035
2012-07-30 03:00:00,12.748939005772073
2012-07-30 04:00:00,9.539718897163649
2012-07-30 05:00:00,27.19475578922024
2012-07-30 06:00:00,89.08211623188248
2012-07-30 07:00:00,243.86423184553536
2012-07-30 08:00:00,443.89081381705506
2012-07-30 09:00:00,315.07830088305536
2012-07-30 10:00:00,235.19989505337833
2012-07-30 11:00:00,283.34719431839807
2012-07-30 12:00:00,346.81737683012614
2012-07-30 13:00:00,358.350832757289
2012-07-30 14:00:00,325.03646856647725
2012-07-30 15:00:00,341.0148063288705
2012-07-30 16:00:00,434.6757995601197
2012-07-30 17:00:00,641.8120590542405
2012-07-30 18:00:00,557.0409990952558
2012-07-30 19:00:00,437.76657605692657
2012-07-30 20:00:00,311.5056403636189
2012-07-30 21:00:00,242.89269798773455
2012-07-30 22:00:00,175.82819401204495
2012-07-30 23:00:00,125.9271299574326
2012-07-31 00:00:00,71.141640006168
2012-07-31 01:00:00,37.770366174449855
2012-07-31 02:00:00,22.741754334956713
2012-07-31 03:00:00,13.652277474296978
2012-07-31 04:00:00,10.232203860785187
2012-07-31 05:00:00,27.69722595463652
2012-07-31 06:00:00,88.74411459210204
2012-07-31 07:00:00,238.34261910830264
2012-07-31 08:00:00,468.55262287646593
2012-07-31 09:00:00,359.4068074983312
2012-07-31 10:00:00,260.51913067538294
2012-07-31 11:00:00,301.6834014203338
2012-07-31 12:00:00,377.76686026967775
2012-07-31 13:00:00,342.1392583306798
2012-07-31 14:00:00,316.05782880355963
2012-07-31 15:00:00,348.73839035482894
2012-07-31 16:00:00,450.67780775683985
2012-07-31 17:00:00,686.6838457640541
2012-07-31 18:00:00,614.2964916212901
2012-07-31 19:00:00,249.92102144869574
2012-07-31 20:00:00,189.937693266752
2012-07-31 21:00:00,239.73939873921864
2012-07-31 22:00:00,190.30445854593899
2012-07-31 23:00:00,117.8811789265451
2012-08-20 00:00:00,62.670708756281215
2012-08-20 01:00:00,35.46410070156353
2012-08-20 02:00:00,21.329469807075622
2012-08-20 03:00:00,12.47449292450254
2012-08-20 04:00:00,9.08215959018231
2012-08-20 05:00:00,24.333462698607832
2012-08-20 06:00:00,85.60876671475235
2012-08-20 07:00:00,228.45226383950873
2012-08-20 08:00:00,444.1178279833874
2012-08-20 09:00:00,321.8411429105883
2012-08-20 10:00:00,241.64785312033115
2012-08-20 11:00:00,295.8445219673543
2012-08-20 12:00:00,348.91250247901496
2012-08-20 13:00:00,362.80766158974075
2012-08-20 14:00:00,338.7554076477103
2012-08-20 15:00:00,348.9649549914533
2012-08-20 16:00:00,449.5780422856622
2012-08-20 17:00:00,656.6712461385165
2012-08-20 18:00:00,506.6503998816556
2012-08-20 19:00:00,383.06193899458054
2012-08-20 20:00:00,265.8836291093921
2012-08-20 21:00:00,220.22290363321014
2012-08-20 22:00:00,163.54126171371328
2012-08-20 23:00:00,109.80286759737102
2012-08-21 00:00:00,64.8321953031174
2012-08-21 01:00:00,34.905701533676634
2012-08-21 02:00:00,19.242621443249675
2012-08-21 03:00:00,12.217577072569481
2012-08-21 04:00:00,9.132385254453224
2012-08-21 05:00:00,26.851050375183167
2012-08-21 06:00:00,89.01013949959767
2012-08-21 07:00:00,248.49748228506752
2012-08-21 08:00:00,463.70130740972184
2012-08-21 09:00:00,350.67950399541394
2012-08-21 10:00:00,276.61020742359375
2012-08-21 11:00:00,316.1369026505528
2012-08-21 12:00:00,401.19332981678974
2012-08-21 13:00:00,396.60434370507943
2012-08-21 14:00:00,380.4446712215405
2012-08-21 15:00:00,390.33461934636523
2012-08-21 16:00:00,502.84126795780526
2012-08-21 17:00:00,690.1715962612259
2012-08-21 18:00:00,642.7565584316656
2012-08-21 19:00:00,255.6329011791155
2012-08-21 20:00:00,316.17747167991257
2012-08-21 21:00:00,244.18830865424772
2012-08-21 22:00:00,185.36420425022027
2012-08-21 23:00:00,120.53301207305422
2012-08-22 00:00:00,71.05396246347372
2012-08-22 01:00:00,38.63842382238984
2012-08-22 02:00:00,23.273325569884932
2012-08-22 03:00:00,13.859383109349675
2012-08-22 04:00:00,10.193805779289292
2012-08-22 05:00:00,28.334667927731438
2012-08-22 06:00:00,97.5409945037093
2012-08-22 07:00:00,250.7011819844744
2012-08-22 08:00:00,502.9771854095681
2012-08-22 09:00:00,371.29099893011926
2012-08-22 10:00:00,284.66145576789813
2012-08-22 11:00:00,325.5429043939743
2012-08-22 12:00:00,393.39526359840704
2012-08-22 13:00:00,397.2906810677018
2012-08-22 14:00:00,374.6722668244754
2012-08-22 15:00:00,386.6581000626791
2012-08-22 16:00:00,276.013985729859
2012-08-22 17:00:00,415.1981768234882
2012-08-22 18:00:00,373.6117099814328
2012-08-22 19:00:00,416.6755056341647
2012-08-22 20:00:00,328.8634319597993
2012-08-22 21:00:00,251.97329707141085
2012-08-22 22:00:00,197.6564520415043
2012-08-22 23:00:00,124.5635839440049
2012-08-23 00:00:00,73.48004171466359
2012-08-23 01:00:00,38.65896754519549
2012-08-23 02:00:00,23.285905900382264
2012-08-23 03:00:00,14.356308659696234
2012-08-23 04:00:00,10.396871448569392
2012-08-23 05:00:00,28.579284410371777
2012-08-23 06:00:00,89.5134490666696
2012-08-23 07:00:00,245.37012789727663
2012-08-23 08:00:00,489.21610826837514
2012-08-23 09:00:00,349.33656458832195
2012-08-23 10:00:00,293.0804410752522
2012-08-23 11:00:00,346.3468291146501
2012-08-23 12:00:00,423.42441620261184
2012-08-23 13:00:00,407.7611201983636
2012-08-23 14:00:00,364.05789786002526
2012-08-23 15:00:00,395.9778586586979
2012-08-23 16:00:00,510.04954756518265
2012-08-23 17:00:00,768.6297633571447
2012-08-23 18:00:00,698.2629917382321
2012-08-23 19:00:00,535.5531869618549
2012-08-23 20:00:00,372.2845167152336
2012-08-23 21:00:00,285.8403891081503
2012-08-23 22:00:00,214.602885303626
2012-08-23 23:00:00,133.16622740780645
2012-08-24 00:00:00,76.17373506907347
2012-08-24 01:00:00,40.34687919869596
2012-08-24 02:00:00,26.435418547861904
2012-08-24 03:00:00,15.364788511318501
2012-08-24 04:00:00,10.881929767588025
2012-08-24 05:00:00,30.51425183005016
2012-08-24 06:00:00,92.61661068499367
2012-08-24 07:00:00,253.12439693086856
2012-08-24 08:00:00,488.6677199529017
2012-08-24 09:00:00,386.4544080481836
2012-08-24 10:00:00,289.66672778401437
2012-08-24 11:00:00,337.71253779500864
2012-08-24 12:00:00,419.8036288009495
2012-08-24 13:00:00,401.32803374331456
2012-08-24 14:00:00,396.1406666311448
2012-08-24 15:00:00,389.8548006926551
2012-08-24 16:00:00,502.2235039601326
2012-08-24 17:00:00,733.0968269072177
2012-08-24 18:00:00,643.7120914685876
2012-08-24 19:00:00,491.5816408770863
2012-08-24 20:00:00,343.2960782237791
2012-08-24 21:00:00,277.1798845044944
2012-08-24 22:00:00,213.84228551931622
2012-08-24 23:00:00,141.73203922684195
2012-08-25 00:00:00,79.08071818813384
2012-08-25 01:00:00,41.0570077712261
2012-08-25 02:00:00,24.845344891755975
2012-08-25 03:00:00,16.223632288345065
2012-08-25 04:00:00,11.478937188047134
2012-08-25 05:00:00,30.131753071935172
2012-08-25 06:00:00,96.5914815155297
2012-08-25 07:00:00,253.32198706406737
2012-08-25 08:00:00,479.5034317905844
2012-08-25 09:00:00,354.355662785801
2012-08-25 10:00:00,261.34773167005153
2012-08-25 11:00:00,302.0906454128688
2012-08-25 12:00:00,227.25688757381533
2012-08-25 13:00:00,372.7788776828503
2012-08-25 14:00:00,203.4945658764452
2012-08-25 15:00:00,324.768017144166
2012-08-25 16:00:00,421.1948398890144
2012-08-25 17:00:00,626.2453138217631
2012-08-25 18:00:00,558.3153813471166
2012-08-25 19:00:00,416.4787214698208
2012-08-25 20:00:00,185.76876124555733
2012-08-25 21:00:00,237.25893416086456
2012-08-25 22:00:00,186.10146515672224
2012-08-25 23:00:00,123.05971839313654
2012-08-26 00:00:00,71.96936750306834
2012-08-26 01:00:00,39.91937745396045
2012-08-26 02:00:00,22.507971209794064
2012-08-26 03:00:00,13.245825928237537
2012-08-26 04:00:00,10.137558666315535
2012-08-26 05:00:00,29.51934980976784
2012-08-26 06:00:00,94.66612000884604
2012-08-26 07:00:00,258.835146760125
2012-08-26 08:00:00,499.46394677587347
2012-08-26 09:00:00,366.33596399371976
2012-08-26 10:00:00,268.0194838417128
2012-08-26 11:00:00,306.74907706759745
2012-08-26 12:00:00,209.04493477621855
2012-08-26 13:00:00,196.5163237905119
2012-08-26 14:00:00,324.8183615406466
2012-08-26 15:00:00,189.93926110151335
2012-08-26 16:00:00,244.8332962644835
2012-08-26 17:00:00,645.9539238376667
2012-08-26 18:00:00,577.3848922495029
2012-08-26 19:00:00,421.36106462962647
2012-08-26 20:00:00,328.3875361876505
2012-08-26 21:00:00,264.28037920565515
2012-08-26 22:00:00,202.75614619654095
2012-08-26 23:00:00,140.23281343439083
2012-08-27 00:00:00,64.67056107191176
2012-08-27 01:00:00,35.23505661900276
2012-08-27 02:00:00,21.010049523671583
2012-08-27 03:00:00,12.583551926870646
2012-08-27 04:00:00,9.376738679631684
2012-08-27 05:00:00,25.164604701033277
2012-08-27 06:00:00,83.7398642429786
2012-08-27 07:00:00,228.98168875042526
2012-08-27 08:00:00,444.1015532180111
2012-08-27 09:00:00,321.5515218949701
2012-08-27 10:00:00,242.65171028686473
2012-08-27 11:00:00,280.08956659785264
2012-08-27 12:00:00,340.79843089801625
2012-08-27 13:00:00,350.77452583591236
2012-08-27 14:00:00,332.0837154508353
2012-08-27 15:00:00,318.82219437769174
2012-08-27 16:00:00,417.4593767890522
2012-08-27 17:00:00,668.2551433335661
2012-08-27 18:00:00,593.4751541486037
2012-08-27 19:00:00,410.39082909373144
2012-08-27 20:00:00,305.78784283486004
2012-08-27 21:00:00,234.19102624112492
2012-08-27 22:00:00,173.1081486867334
2012-08-27 23:00:00,117.269377244884
2012-08-28 00:00:00,65.12703613445039
2012-08-28 01:00:00,35.182896175394724
2012-08-28 02:00:00,21.563405460323683
2012-08-28 03:00:00,12.837961183240784
2012-08-28 04:00:00,10.002306693440723
2012-08-28 05:00:00,26.26611927487841
2012-08-28 06:00:00,83.96134715724833
2012-08-28 07:00:00,230.64462034851147
2012-08-28 08:00:00,428.6167047118933
2012-08-28 09:00:00,315.5177582655445
2012-08-28 10:00:00,256.1866574960811
2012-08-28 11:00:00,294.06718872412915
2012-08-28 12:00:00,359.69055625638936
2012-08-28 13:00:00,350.67934752195407
2012-08-28 14:00:00,317.3149230292084
2012-08-28 15:00:00,363.6786065352998
2012-08-28 16:00:00,461.46780070214623
2012-08-28 17:00:00,688.8442546762564
2012-08-28 18:00:00,661.3406261075173
2012-08-28 19:00:00,505.29645871468335
2012-08-28 20:00:00,378.03460698222244
2012-08-28 21:00:00,292.6297256104075
2012-08-28 22:00:00,215.12782433182556
2012-08-28 23:00:00,142.27843405562064
2012-08-29 00:00:00,75.542550989788
2012-08-29 01:00:00,42.025384452259736
2012-08-29 02:00:00,24.594709037056884
2012-08-29 03:00:00,14.762271150301403
2012-08-29 04:00:00,10.647818642362713
2012-08-29 05:00:00,29.520393336730997
2012-08-29 06:00:00,97.84704995733252
2012-08-29 07:00:00,281.04790685804085
2012-08-29 08:00:00,533.7080761249986
2012-08-29 09:00:00,407.7993239559942
2012-08-29 10:00:00,302.9578093592676
2012-08-29 11:00:00,340.68524958557754
2012-08-29 12:00:00,417.17049935945323
2012-08-29 13:00:00,407.86741454303757
2012-08-29 14:00:00,388.61385669132795
2012-08-29 15:00:00,401.90998328121606
2012-08-29 16:00:00,531.6094364884311
2012-08-29 17:00:00,774.2136699416385
2012-08-29 18:00:00,717.4316210710449
2012-08-29 19:00:00,500.2761895573033
2012-08-29 20:00:00,360.62142557131074
2012-08-29 21:00:00,292.32402408500883
2012-08-29 22:00:00,222.47983008294457
2012-08-29 23:00:00,146.75490816348864
2012-08-30 00:00:00,77.79770672732514
2012-08-30 01:00:00,43.3678005981655
2012-08-30 02:00:00,24.77418389262473
2012-08-30 03:00:00,14.77816239841898
2012-08-30 04:00:00,11.095289412753935
2012-08-30 05:00:00,30.391948850183514
2012-08-30 06:00:00,95.74089979347465
2012-08-30 07:00:00,267.67047856186605
2012-08-30 08:00:00,528.4532155866358
2012-08-30 09:00:00,398.8487534861665
2012-08-30 10:00:00,295.31593451379524
2012-08-30 11:00:00,365.94906413755444
2012-08-30 12:00:00,426.1367937261962
2012-08-30 13:00:00,409.9368319212831
2012-08-30 14:00:00,376.43836574594684
2012-08-30 15:00:00,385.98407295409095
2012-08-30 16:00:00,508.4558073601398
2012-08-30 17:00:00,769.9076077252992
2012-08-30 18:00:00,721.7458354394568
2012-08-30 19:00:00,522.6498286442466
2012-08-30 20:00:00,366.4313478429131
2012-08-30 21:00:00,275.35521807137985
2012-08-30 22:00:00,206.3756851599868
2012-08-30 23:00:00,139.76646572114913
2012-08-31 00:00:00,74.71643715999014
2012-08-31 01:00:00,40.632843825185496
2012-08-31 02:00:00,23.82706485861569
2012-08-31 03:00:00,14.289524393539217
2012-08-31 04:00:00,10.668122780269988
2012-08-31 05:00:00,29.05361780289521
2012-08-31 06:00:00,91.19069445026086
2012-08-31 07:00:00,245.18590953989278
2012-08-31 08:00:00,485.7708631789264
2012-08-31 09:00:00,372.43690264254764
2012-08-31 10:00:00,290.3725077393718
2012-08-31 11:00:00,329.0353772752211
2012-08-31 12:00:00,412.5704026107891
2012-08-31 13:00:00,370.6878058592437
2012-08-31 14:00:00,342.02242750338644
2012-08-31 15:00:00,351.84320843160884
2012-08-31 16:00:00,460.6644863932546
2012-08-31 17:00:00,723.1217957348603
2012-08-31 18:00:00,652.6113579964175
2012-08-31 19:00:00,518.4301896235845
2012-08-31 20:00:00,382.6782799463691
2012-08-31 21:00:00,286.1744502808055
2012-08-31 22:00:00,224.514147422643
2012-08-31 23:00:00,151.83923143575618
2012-09-20 00:00:00,71.58272048078393
2012-09-20 01:00:00,36.564135691735935
2012-09-20 02:00:00,22.052075585534176
2012-09-20 03:00:00,12.032787852188655
2012-09-20 04:00:00,9.297563157210234
2012-09-20 05:00:00,25.726154693893832
2012-09-20 06:00:00,82.97940017091665
2012-09-20 07:00:00,228.0055116784367
2012-09-20 08:00:00,478.687907009697
2012-09-20 09:00:00,385.1700915839157
2012-09-20 10:00:00,295.5067456081632
2012-09-20 11:00:00,362.01713370734706
2012-09-20 12:00:00,450.7008177353858
2012-09-20 13:00:00,437.87391423408286
2012-09-20 14:00:00,390.69855340021394
2012-09-20 15:00:00,413.0938944704319
2012-09-20 16:00:00,538.0787503530951
2012-09-20 17:00:00,779.8319024816309
2012-09-20 18:00:00,674.5973065075169
2012-09-20 19:00:00,473.9017442414125
2012-09-20 20:00:00,345.75922201055005
2012-09-20 21:00:00,262.7194519476683
2012-09-20 22:00:00,197.89249079979373
2012-09-20 23:00:00,136.20163032450318
2012-09-21 00:00:00,75.56817362826739
2012-09-21 01:00:00,39.46523150859771
2012-09-21 02:00:00,23.779636624051285
2012-09-21 03:00:00,13.981841479270331
2012-09-21 04:00:00,10.118956071142609
2012-09-21 05:00:00,27.223503233485502
2012-09-21 06:00:00,95.53852077961903
2012-09-21 07:00:00,250.067789562361
2012-09-21 08:00:00,500.0065313841542
2012-09-21 09:00:00,384.78664233302663
2012-09-21 10:00:00,293.4710852064862
2012-09-21 11:00:00,341.9048683554895
2012-09-21 12:00:00,423.31813012775734
2012-09-21 13:00:00,419.77460869305867
2012-09-21 14:00:00,370.87655192785087
2012-09-21 15:00:00,403.55240999536824
2012-09-21 16:00:00,524.8522933698365
2012-09-21 17:00:00,753.5477894950596
2012-09-21 18:00:00,677.6548509825564
2012-09-21 19:00:00,488.8091073009534
2012-09-21 20:00:00,358.8375476690488
2012-09-21 21:00:00,263.03304281191055
2012-09-21 22:00:00,210.46028005346056
2012-09-21 23:00:00,134.8592585330962
2012-09-22 00:00:00,75.46585207683887
2012-09-22 01:00:00,37.92695337086843
2012-09-22 02:00:00,22.31893452764329
2012-09-22 03:00:00,13.481718775782442
2012-09-22 04:00:00,10.101456263675724
2012-09-22 05:00:00,27.335813938985943
2012-09-22 06:00:00,91.80753789512805
2012-09-22 07:00:00,256.80431160034857
2012-09-22 08:00:00,496.5249243631267
2012-09-22 09:00:00,378.81788298088105
2012-09-22 10:00:00,275.199666568181
2012-09-22 11:00:00,329.19654113456966
2012-09-22 12:00:00,405.1780814873214
2012-09-22 13:00:00,386.68262505780046
2012-09-22 14:00:00,368.7919154739016
2012-09-22 15:00:00,381.74314418757825
2012-09-22 16:00:00,493.3733980412994
2012-09-22 17:00:00,741.7686598303154
2012-09-22 18:00:00,687.9848545526285
2012-09-22 19:00:00,516.2975739478298
2012-09-22 20:00:00,383.5152896577876
2012-09-22 21:00:00,292.1717074907094
2012-09-22 22:00:00,233.47581841769286
2012-09-22 23:00:00,163.80749362116856
2012-09-23 00:00:00,134.12556658871213
2012-09-23 01:00:00,58.8242051501151
2012-09-23 02:00:00,36.87379756090431
2012-09-23 03:00:00,19.93745977736273
2012-09-23 04:00:00,14.999058762553956
2012-09-23 05:00:00,39.440721366726805
2012-09-23 06:00:00,124.61518902428074
2012-09-23 07:00:00,346.8087698240861
2012-09-23 08:00:00,648.6087172585368
2012-09-23 09:00:00,498.3981166767165
2012-09-23 10:00:00,403.4382137986994
2012-09-23 11:00:00,464.48025669653487
2012-09-23 12:00:00,597.4499508258456
2012-09-23 13:00:00,640.0485760312105
2012-09-23 14:00:00,586.194497800669
2012-09-23 15:00:00,634.4828915324517
2012-09-23 16:00:00,787.0923333188844
2012-09-23 17:00:00,1085.7616552243028
2012-09-23 18:00:00,991.9819360984692
2012-09-23 19:00:00,705.7706157291865
2012-09-23 20:00:00,521.0577078049512
2012-09-23 21:00:00,375.846192195514
2012-09-23 22:00:00,302.13639970782367
2012-09-23 23:00:00,183.7042426928593
2012-09-24 00:00:00,84.2384358783378
2012-09-24 01:00:00,45.86904688888605
2012-09-24 02:00:00,26.63085378227159
2012-09-24 03:00:00,16.723227719420354
2012-09-24 04:00:00,12.167040829274878
2012-09-24 05:00:00,33.6793318468736
2012-09-24 06:00:00,113.16233557720403
2012-09-24 07:00:00,296.6151260019279
2012-09-24 08:00:00,608.9856119112628
2012-09-24 09:00:00,459.89577181294345
2012-09-24 10:00:00,344.24244719214977
2012-09-24 11:00:00,426.8079675527754
2012-09-24 12:00:00,505.3343555619031
2012-09-24 13:00:00,550.3401352578874
2012-09-24 14:00:00,526.0507581450868
2012-09-24 15:00:00,554.0732194359737
2012-09-24 16:00:00,663.392244889963
2012-09-24 17:00:00,1008.9703947611665
2012-09-24 18:00:00,861.9053012666719
2012-09-24 19:00:00,621.1074880966557
2012-09-24 20:00:00,434.258030022825
2012-09-24 21:00:00,326.2290024845801
2012-09-24 22:00:00,249.41076162235123
2012-09-24 23:00:00,154.40585020447938
2012-09-25 00:00:00,86.27882542400292
2012-09-25 01:00:00,45.08671213189134
2012-09-25 02:00:00,25.913549544635902
2012-09-25 03:00:00,15.982936629143804
2012-09-25 04:00:00,11.913733011330162
2012-09-25 05:00:00,32.046476686814636
2012-09-25 06:00:00,105.39537352844049
2012-09-25 07:00:00,281.3678772493558
2012-09-25 08:00:00,580.6578609788245
2012-09-25 09:00:00,467.51440776747194
2012-09-25 10:00:00,348.44822100253134
2012-09-25 11:00:00,436.7197131237864
2012-09-25 12:00:00,546.0596726781878
2012-09-25 13:00:00,526.4459197875767
2012-09-25 14:00:00,495.82353844672065
2012-09-25 15:00:00,535.231719208029
2012-09-25 16:00:00,684.4871950605594
2012-09-25 17:00:00,1034.5477385955762
2012-09-25 18:00:00,954.1929884652072
2012-09-25 19:00:00,661.9393852280667
2012-09-25 20:00:00,461.2312230474683
2012-09-25 21:00:00,356.31948800123655
2012-09-25 22:00:00,281.13502072788714
2012-09-25 23:00:00,185.8473319000137
2012-09-26 00:00:00,98.86026169128667
2012-09-26 01:00:00,53.2955996756842
2012-09-26 02:00:00,31.02141749834159
2012-09-26 03:00:00,18.602526606515863
2012-09-26 04:00:00,14.076360765311037
2012-09-26 05:00:00,38.527336469305595
2012-09-26 06:00:00,125.98219224420576
2012-09-26 07:00:00,331.8153639495158
2012-09-26 08:00:00,613.2239413510104
2012-09-26 09:00:00,505.82115346698725
2012-09-26 10:00:00,336.85733410095435
2012-09-26 11:00:00,420.31989335153656
2012-09-26 12:00:00,514.5296489180165
2012-09-26 13:00:00,509.8458552796652
2012-09-26 14:00:00,479.43399871527606
2012-09-26 15:00:00,505.33643067653065
2012-09-26 16:00:00,667.7388875714862
2012-09-26 17:00:00,978.4519157846751
2012-09-26 18:00:00,916.4039391097491
2012-09-26 19:00:00,683.4616053090847
2012-09-26 20:00:00,457.2493366191126
2012-09-26 21:00:00,362.01903171943735
2012-09-26 22:00:00,160.56982408995157
2012-09-26 23:00:00,161.5787314485432
2012-09-27 00:00:00,102.18580071120304
2012-09-27 01:00:00,55.73693173001367
2012-09-27 02:00:00,33.74391468969172
2012-09-27 03:00:00,19.59155874115249
2012-09-27 04:00:00,13.516319009242554
2012-09-27 05:00:00,38.36519329590263
2012-09-27 06:00:00,125.76318605089516
2012-09-27 07:00:00,347.7977687842015
2012-09-27 08:00:00,710.2797897925099
2012-09-27 09:00:00,519.4587159547775
2012-09-27 10:00:00,380.72789555017806
2012-09-27 11:00:00,444.5525879814265
2012-09-27 12:00:00,544.3284648075046
2012-09-27 13:00:00,518.6008753334137
2012-09-27 14:00:00,496.988724865373
2012-09-27 15:00:00,509.9003815937687
2012-09-27 16:00:00,600.0820925019231
2012-09-27 17:00:00,863.2481928779043
2012-09-27 18:00:00,808.4983365054411
2012-09-27 19:00:00,665.7302283742162
2012-09-27 20:00:00,441.57381926483737
2012-09-27 21:00:00,186.73353216454035
2012-09-27 22:00:00,146.42456164651838
2012-09-27 23:00:00,102.79222556613855
2012-09-28 00:00:00,56.658751462355276
2012-09-28 01:00:00,30.180077398760137
2012-09-28 02:00:00,17.56971519724364
2012-09-28 03:00:00,19.010943655536128
2012-09-28 04:00:00,8.050248904458357
2012-09-28 05:00:00,38.096101847148695
2012-09-28 06:00:00,119.21110695862411
2012-09-28 07:00:00,304.9374222070101
2012-09-28 08:00:00,675.022198156694
2012-09-28 09:00:00,466.19992340340735
2012-09-28 10:00:00,347.9607891526766
2012-09-28 11:00:00,407.2940329263625
2012-09-28 12:00:00,535.0202729506333
2012-09-28 13:00:00,532.568121835895
2012-09-28 14:00:00,482.505248235758
2012-09-28 15:00:00,507.5825309309469
2012-09-28 16:00:00,683.3941206674584
2012-09-28 17:00:00,976.4090796766526
2012-09-28 18:00:00,939.4048436528252
2012-09-28 19:00:00,423.41465833089217
2012-09-28 20:00:00,314.1136581099024
2012-09-28 21:00:00,240.48358626424218
2012-09-28 22:00:00,290.49264120795823
2012-09-28 23:00:00,190.60699925451348
2012-09-29 00:00:00,105.5546172461928
2012-09-29 01:00:00,57.58928265852571
2012-09-29 02:00:00,33.643326958326725
2012-09-29 03:00:00,19.62827442449041
2012-09-29 04:00:00,15.370557640902238
2012-09-29 05:00:00,40.51684060051599
2012-09-29 06:00:00,130.84247712913577
2012-09-29 07:00:00,327.3966439602937
2012-09-29 08:00:00,627.3869623390417
2012-09-29 09:00:00,479.96719570870465
2012-09-29 10:00:00,370.75335952910496
2012-09-29 11:00:00,432.17081678522635
2012-09-29 12:00:00,599.5965907410804
2012-09-29 13:00:00,585.3200781128726
2012-09-29 14:00:00,550.2510928995542
2012-09-29 15:00:00,572.5279843217315
2012-09-29 16:00:00,750.1476066547397
2012-09-29 17:00:00,1099.3365226125109
2012-09-29 18:00:00,941.6995879447625
2012-09-29 19:00:00,643.9823049429202
2012-09-29 20:00:00,471.2922199209154
2012-09-29 21:00:00,370.1004634397072
2012-09-29 22:00:00,274.730585595382
2012-09-29 23:00:00,188.41263125667976
2012-09-30 00:00:00,104.48099626602134
2012-09-30 01:00:00,56.99894988176716
2012-09-30 02:00:00,32.98854599202941
2012-09-30 03:00:00,19.561112056718656
2012-09-30 04:00:00,14.761822872289898
2012-09-30 05:00:00,36.74523307374502
2012-09-30 06:00:00,125.26899489433443
2012-09-30 07:00:00,314.16551761823695
2012-09-30 08:00:00,668.1574286717016
2012-09-30 09:00:00,518.8841180736679
2012-09-30 10:00:00,431.1203329021935
2012-09-30 11:00:00,513.9289111148903
2012-09-30 12:00:00,618.6661684381977
2012-09-30 13:00:00,613.764708370481
2012-09-30 14:00:00,567.037491860403
2012-09-30 15:00:00,620.4939679210031
2012-09-30 16:00:00,807.3164189361506
2012-09-30 17:00:00,1194.1349229740085
2012-09-30 18:00:00,793.3359810049511
2012-09-30 19:00:00,352.1912299510956
2012-09-30 20:00:00,259.88549781437393
2012-09-30 21:00:00,342.74743680405277
2012-09-30 22:00:00,257.75625688948395
2012-09-30 23:00:00,178.98158120716187
2012-10-20 00:00:00,70.3913875451548
2012-10-20 01:00:00,39.88726621519462
2012-10-20 02:00:00,23.02784900934398
2012-10-20 03:00:00,13.217318047012526
2012-10-20 04:00:00,10.154625018792737
2012-10-20 05:00:00,25.352371034373807
2012-10-20 06:00:00,90.42446050468162
2012-10-20 07:00:00,223.35839026302875
2012-10-20 08:00:00,495.4893638117303
2012-10-20 09:00:00,392.8153357755964
2012-10-20 10:00:00,302.5027840843676
2012-10-20 11:00:00,341.5264715266524
2012-10-20 12:00:00,451.17089647195417
2012-10-20 13:00:00,441.0498766807456
2012-10-20 14:00:00,406.7796055930456
2012-10-20 15:00:00,424.67989367641013
2012-10-20 16:00:00,525.1678970786891
2012-10-20 17:00:00,825.8247845217995
2012-10-20 18:00:00,726.6034516437078
2012-10-20 19:00:00,523.0232914866284
2012-10-20 20:00:00,386.39138177817205
2012-10-20 21:00:00,271.14519678779175
2012-10-20 22:00:00,209.30417760161868
2012-10-20 23:00:00,128.55449219298964
2012-10-21 00:00:00,78.42906023363591
2012-10-21 01:00:00,39.91081201502707
2012-10-21 02:00:00,23.35295187841152
2012-10-21 03:00:00,13.466076108512183
2012-10-21 04:00:00,9.318080612262584
2012-10-21 05:00:00,27.781445506406495
2012-10-21 06:00:00,93.47667484221589
2012-10-21 07:00:00,247.355414235477
2012-10-21 08:00:00,470.5461197170713
2012-10-21 09:00:00,386.6840696402358
2012-10-21 10:00:00,293.7204626440812
2012-10-21 11:00:00,343.8522718863974
2012-10-21 12:00:00,439.13776603333923
2012-10-21 13:00:00,455.84286577510437
2012-10-21 14:00:00,433.8346932055101
2012-10-21 15:00:00,438.6288554408054
2012-10-21 16:00:00,566.7928668688793
2012-10-21 17:00:00,813.5006433626211
2012-10-21 18:00:00,756.9022330601463
2012-10-21 19:00:00,542.7663570521804
2012-10-21 20:00:00,382.09704416767676
2012-10-21 21:00:00,259.8495966195542
2012-10-21 22:00:00,200.45785743770293
2012-10-21 23:00:00,139.11804956979356
2012-10-22 00:00:00,60.277861460103956
2012-10-22 01:00:00,31.643681408293084
2012-10-22 02:00:00,18.383342777841676
2012-10-22 03:00:00,11.630888773509183
2012-10-22 04:00:00,8.24899013339278
2012-10-22 05:00:00,22.98218554084377
2012-10-22 06:00:00,74.10230867063727
2012-10-22 07:00:00,210.09598553990585
2012-10-22 08:00:00,417.5526971440922
2012-10-22 09:00:00,327.3921052323447
2012-10-22 10:00:00,252.0595560618416
2012-10-22 11:00:00,340.5039291365741
2012-10-22 12:00:00,420.17747327870177
2012-10-22 13:00:00,463.01649475430077
2012-10-22 14:00:00,423.9779617307354
2012-10-22 15:00:00,453.96056387082814
2012-10-22 16:00:00,569.813949443738
2012-10-22 17:00:00,868.3534829969416
2012-10-22 18:00:00,606.7526422899658
2012-10-22 19:00:00,465.31197229756873
2012-10-22 20:00:00,324.21688739463434
2012-10-22 21:00:00,236.02350628046688
2012-10-22 22:00:00,168.01993654083148
2012-10-22 23:00:00,113.50150885133189
2012-10-23 00:00:00,62.40395833105813
2012-10-23 01:00:00,35.46097327077534
2012-10-23 02:00:00,19.986070076520047
2012-10-23 03:00:00,12.408614191310992
2012-10-23 04:00:00,9.054702382776377
2012-10-23 05:00:00,25.89469229187984
2012-10-23 06:00:00,79.84420762670301
2012-10-23 07:00:00,215.41243393732023
2012-10-23 08:00:00,424.98464721631575
2012-10-23 09:00:00,323.7863597532313
2012-10-23 10:00:00,266.7522614673147
2012-10-23 11:00:00,340.2306545400437
2012-10-23 12:00:00,424.22836357586317
2012-10-23 13:00:00,406.40155626146037
2012-10-23 14:00:00,411.05849366341164
2012-10-23 15:00:00,427.7617802249414
2012-10-23 16:00:00,559.3942633463532
2012-10-23 17:00:00,829.7045810868568
2012-10-23 18:00:00,724.6440812484354
2012-10-23 19:00:00,524.2759804207994
2012-10-23 20:00:00,353.04595783707714
2012-10-23 21:00:00,256.5123980389349
2012-10-23 22:00:00,207.43153771021395
2012-10-23 23:00:00,133.49338842960861
2012-10-24 00:00:00,76.52664271062727
2012-10-24 01:00:00,41.276650060095264
2012-10-24 02:00:00,24.888892442117143
2012-10-24 03:00:00,14.044285595137803
2012-10-24 04:00:00,10.532711077910458
2012-10-24 05:00:00,27.341138419292573
2012-10-24 06:00:00,91.48683790116493
2012-10-24 07:00:00,241.66928220140935
2012-10-24 08:00:00,447.5226120332048
2012-10-24 09:00:00,334.61678964062276
2012-10-24 10:00:00,244.76303984147228
2012-10-24 11:00:00,316.5820031383826
2012-10-24 12:00:00,419.0285992305637
2012-10-24 13:00:00,415.46132042036083
2012-10-24 14:00:00,427.21558490698243
2012-10-24 15:00:00,456.5945574885446
2012-10-24 16:00:00,592.9566280179479
2012-10-24 17:00:00,822.3171261337
2012-10-24 18:00:00,764.1013512069437
2012-10-24 19:00:00,525.7491567095257
2012-10-24 20:00:00,366.7481779758565
2012-10-24 21:00:00,282.6770646395549
2012-10-24 22:00:00,215.47794831731642
2012-10-24 23:00:00,138.65497548525443
2012-10-25 00:00:00,83.35547015052566
2012-10-25 01:00:00,44.14928374144386
2012-10-25 02:00:00,24.577136387661774
2012-10-25 03:00:00,13.161620718126683
2012-10-25 04:00:00,9.921188418788983
2012-10-25 05:00:00,26.962021813850246
2012-10-25 06:00:00,88.77700663151178
2012-10-25 07:00:00,235.00116862736238
2012-10-25 08:00:00,455.5159152115013
2012-10-25 09:00:00,327.6567853532757
2012-10-25 10:00:00,246.57242685389096
2012-10-25 11:00:00,280.57755133665626
2012-10-25 12:00:00,355.2181014635407
2012-10-25 13:00:00,336.3887466463103
2012-10-25 14:00:00,356.9587724562084
2012-10-25 15:00:00,400.25666745144804
2012-10-25 16:00:00,494.94618055120736
2012-10-25 17:00:00,744.1316784751642
2012-10-25 18:00:00,617.8042516644655
2012-10-25 19:00:00,440.8749314879156
2012-10-25 20:00:00,300.45997881548874
2012-10-25 21:00:00,232.0381850300756
2012-10-25 22:00:00,191.30282286855166
2012-10-25 23:00:00,127.45204057564638
2012-10-26 00:00:00,73.23090789843306
2012-10-26 01:00:00,38.29382508323826
2012-10-26 02:00:00,23.011178781055303
2012-10-26 03:00:00,13.500455242182888
2012-10-26 04:00:00,10.115819342083924
2012-10-26 05:00:00,28.244677514044866
2012-10-26 06:00:00,93.91703275103785
2012-10-26 07:00:00,247.9828623866145
2012-10-26 08:00:00,470.8698420661248
2012-10-26 09:00:00,341.67777436893346
2012-10-26 10:00:00,249.84739026340753
2012-10-26 11:00:00,297.5410174064189
2012-10-26 12:00:00,373.088177579074
2012-10-26 13:00:00,379.9612583554233
2012-10-26 14:00:00,369.42743250988167
2012-10-26 15:00:00,402.94239810650436
2012-10-26 16:00:00,463.4021327480797
2012-10-26 17:00:00,670.272617091608
2012-10-26 18:00:00,615.3319762295228
2012-10-26 19:00:00,434.5801334292744
2012-10-26 20:00:00,320.74224700736534
2012-10-26 21:00:00,256.97012282236363
2012-10-26 22:00:00,192.23683458187588
2012-10-26 23:00:00,135.3462210561078
2012-10-27 00:00:00,71.86343950422824
2012-10-27 01:00:00,36.94655170670404
2012-10-27 02:00:00,21.861353569377687
2012-10-27 03:00:00,13.90506017349546
2012-10-27 04:00:00,9.82206947194564
2012-10-27 05:00:00,27.597062593835016
2012-10-27 06:00:00,91.61791758901829
2012-10-27 07:00:00,249.22371489620707
2012-10-27 08:00:00,481.886104971698
2012-10-27 09:00:00,349.677922116953
2012-10-27 10:00:00,267.17467093177004
2012-10-27 11:00:00,321.81117626562724
2012-10-27 12:00:00,445.633591671484
2012-10-27 13:00:00,462.53080131482614
2012-10-27 14:00:00,419.50782127096056
2012-10-27 15:00:00,361.1096142173031
2012-10-27 16:00:00,455.97458430177875
2012-10-27 17:00:00,685.5790127526085
2012-10-27 18:00:00,625.4259643243868
2012-10-27 19:00:00,437.74290330069164
2012-10-27 20:00:00,323.07843409920883
2012-10-27 21:00:00,249.52297285571527
2012-10-27 22:00:00,193.74958216928422
2012-10-27 23:00:00,126.0063939314542
2012-10-28 00:00:00,45.537468434532535
2012-10-28 01:00:00,39.12276376060039
2012-10-28 02:00:00,23.874567079355973
2012-10-28 03:00:00,14.396009324930295
2012-10-28 04:00:00,10.667573221741952
2012-10-28 05:00:00,29.977330891308203
2012-10-28 06:00:00,99.98751712153741
2012-10-28 07:00:00,267.46687054947716
2012-10-28 08:00:00,453.1032311394373
2012-10-28 09:00:00,353.99003048575463
2012-10-28 10:00:00,254.57908139690423
2012-10-28 11:00:00,299.8547046681025
2012-10-28 12:00:00,327.90602913942007
2012-10-28 13:00:00,330.0965577780234
2012-10-28 14:00:00,309.47757049771525
2012-10-28 15:00:00,316.2806149442656
2012-10-28 16:00:00,242.75969123866963
2012-10-28 17:00:00,332.7468740215759
2012-10-28 18:00:00,273.09663894424597
2012-10-28 19:00:00,213.7011505743464
2012-10-28 20:00:00,151.05976943541154
2012-10-28 21:00:00,124.63094785715063
2012-10-28 22:00:00,100.02534813778338
2012-10-28 23:00:00,63.82999593739737
2012-10-29 00:00:00,31.674027841117635
2012-10-30 13:00:00,128.8867837429127
2012-10-30 14:00:00,119.01431093646265
2012-10-30 15:00:00,129.92262231280392
2012-10-30 16:00:00,167.5621889027403
2012-10-30 17:00:00,254.83364321555456
2012-10-30 18:00:00,238.8342167380403
2012-10-30 19:00:00,403.2640777246126
2012-10-30 20:00:00,211.3894838873406
2012-10-30 21:00:00,165.27071082863782
2012-10-30 22:00:00,137.6931461180481
2012-10-30 23:00:00,92.39662371569224
2012-10-31 00:00:00,50.31072863400891
2012-10-31 01:00:00,27.273385805159922
2012-10-31 02:00:00,16.132985251468092
2012-10-31 03:00:00,9.576415214585065
2012-10-31 04:00:00,6.79574182690922
2012-10-31 05:00:00,19.867306561700172
2012-10-31 06:00:00,69.81365266390442
2012-10-31 07:00:00,174.31247821506344
2012-10-31 08:00:00,361.75679684472004
2012-10-31 09:00:00,273.2219832685432
2012-10-31 10:00:00,197.25323645182914
2012-10-31 11:00:00,219.71574482050752
2012-10-31 12:00:00,315.52916492735073
2012-10-31 13:00:00,324.6842539488748
2012-10-31 14:00:00,284.0240955034129
2012-10-31 15:00:00,318.9853815390487
2012-10-31 16:00:00,382.1526185172926
2012-10-31 17:00:00,558.1768365428352
2012-10-31 18:00:00,509.1858381235737
2012-10-31 19:00:00,384.8939147913239
2012-10-31 20:00:00,284.0414096573784
2012-10-31 21:00:00,219.34610705531185
2012-10-31 22:00:00,166.09085183449383
2012-10-31 23:00:00,113.21153475383731
2012-11-20 00:00:00,53.70284385887459
2012-11-20 01:00:00,30.57934169049038
2012-11-20 02:00:00,16.316566130467244
2012-11-20 03:00:00,10.058061260210907
2012-11-20 04:00:00,7.362428682948394
2012-11-20 05:00:00,21.06062035600531
2012-11-20 06:00:00,68.99461628642865
2012-11-20 07:00:00,188.58370599625152
2012-11-20 08:00:00,365.7819867471413
2012-11-20 09:00:00,255.27088003022573
2012-11-20 10:00:00,207.58296404223125
2012-11-20 11:00:00,241.3452360839793
2012-11-20 12:00:00,283.9423601699372
2012-11-20 13:00:00,295.81989020853075
2012-11-20 14:00:00,281.6821389508592
2012-11-20 15:00:00,311.57061339154444
2012-11-20 16:00:00,367.9796929577162
2012-11-20 17:00:00,511.1964201741496
2012-11-20 18:00:00,482.1499478718213
2012-11-20 19:00:00,339.9383238615238
2012-11-20 20:00:00,239.1586266903609
2012-11-20 21:00:00,192.17175856966045
2012-11-20 22:00:00,150.69512607187994
2012-11-20 23:00:00,94.93800417438634
2012-11-21 00:00:00,54.27759632190264
2012-11-21 01:00:00,29.343306120411356
2012-11-21 02:00:00,16.28155771388533
2012-11-21 03:00:00,9.579237939918894
2012-11-21 04:00:00,7.109876259262116
2012-11-21 05:00:00,20.048262015427742
2012-11-21 06:00:00,67.40077556852161
2012-11-21 07:00:00,174.05814908621417
2012-11-21 08:00:00,322.37601962613564
2012-11-21 09:00:00,265.1610327048483
2012-11-21 10:00:00,207.96900970552758
2012-11-21 11:00:00,264.2019288275458
2012-11-21 12:00:00,355.6750367007036
2012-11-21 13:00:00,352.03384914359026
2012-11-21 14:00:00,342.7004981441978
2012-11-21 15:00:00,367.6829980264832
2012-11-21 16:00:00,459.2701791394338
2012-11-21 17:00:00,621.2388612091837
2012-11-21 18:00:00,599.9143145793746
2012-11-21 19:00:00,397.4920243187802
2012-11-21 20:00:00,262.6357665890545
2012-11-21 21:00:00,211.91861668118995
2012-11-21 22:00:00,160.86639706663246
2012-11-21 23:00:00,100.75741386425425
2012-11-22 00:00:00,63.415328192642804
2012-11-22 01:00:00,32.31254067609742
2012-11-22 02:00:00,17.78216626842133
2012-11-22 03:00:00,10.4734347357589
2012-11-22 04:00:00,7.428953571712441
2012-11-22 05:00:00,21.827339918683666
2012-11-22 06:00:00,75.73049123235798
2012-11-22 07:00:00,186.4544575838584
2012-11-22 08:00:00,359.71403264832253
2012-11-22 09:00:00,288.1771921437585
2012-11-22 10:00:00,242.47741134540914
2012-11-22 11:00:00,324.68242202579785
2012-11-22 12:00:00,404.8245043387274
2012-11-22 13:00:00,415.8517868661037
2012-11-22 14:00:00,400.86633141366246
2012-11-22 15:00:00,424.8526610027992
2012-11-22 16:00:00,520.2351338845851
2012-11-22 17:00:00,749.3777209309718
2012-11-22 18:00:00,618.0221268466961
2012-11-22 19:00:00,383.97822903208896
2012-11-22 20:00:00,278.92269882300667
2012-11-22 21:00:00,227.82986875960464
2012-11-22 22:00:00,168.30785640654312
2012-11-22 23:00:00,106.77273306251718
2012-11-23 00:00:00,55.026779123642285
2012-11-23 01:00:00,29.54690491851091
2012-11-23 02:00:00,17.41464914762385
2012-11-23 03:00:00,10.07388494000945
2012-11-23 04:00:00,7.356336335492282
2012-11-23 05:00:00,19.93255388756177
2012-11-23 06:00:00,66.79470949242996
2012-11-23 07:00:00,177.21523870400605
2012-11-23 08:00:00,338.8744388484912
2012-11-23 09:00:00,264.9772500635953
2012-11-23 10:00:00,215.79918269221588
2012-11-23 11:00:00,281.3101708767135
2012-11-23 12:00:00,375.6583968066353
2012-11-23 13:00:00,375.3953910977814
2012-11-23 14:00:00,376.878662493223
2012-11-23 15:00:00,378.95244258032193
2012-11-23 16:00:00,482.18601517546443
2012-11-23 17:00:00,732.7324935317962
2012-11-23 18:00:00,613.7871306247479
2012-11-23 19:00:00,457.0826320634253
2012-11-23 20:00:00,370.8878515969412
2012-11-23 21:00:00,267.43860472009544
2012-11-23 22:00:00,192.87534949551613
2012-11-23 23:00:00,126.5023332134489
2012-11-24 00:00:00,68.14349673799724
2012-11-24 01:00:00,29.93765006714919
2012-11-24 02:00:00,16.451418254264937
2012-11-24 03:00:00,10.103587648567581
2012-11-24 04:00:00,6.772289578142865
2012-11-24 05:00:00,20.360431262168714
2012-11-24 06:00:00,66.74840547376031
2012-11-24 07:00:00,171.2460917668523
2012-11-24 08:00:00,300.92272141153796
2012-11-24 09:00:00,220.33948114304062
2012-11-24 10:00:00,170.80664413748613
2012-11-24 11:00:00,202.99509980151362
2012-11-24 12:00:00,224.6648101629101
2012-11-24 13:00:00,276.2999886424668
2012-11-24 14:00:00,240.75080460901714
2012-11-24 15:00:00,244.215113692351
2012-11-24 16:00:00,300.93711634554427
2012-11-24 17:00:00,445.6319240894452
2012-11-24 18:00:00,408.07927294442527
2012-11-24 19:00:00,320.10360174380867
2012-11-24 20:00:00,222.81044007209377
2012-11-24 21:00:00,179.00294295856378
2012-11-24 22:00:00,137.600587381267
2012-11-24 23:00:00,94.18834508264527
2012-11-25 00:00:00,50.80238263860307
2012-11-25 01:00:00,28.417526388094323
2012-11-25 02:00:00,15.67929249971868
2012-11-25 03:00:00,10.248061961749206
2012-11-25 04:00:00,7.622586162099166
2012-11-25 05:00:00,19.88178888039612
2012-11-25 06:00:00,68.15270814227013
2012-11-25 07:00:00,179.7168021863916
2012-11-25 08:00:00,327.53385267497566
2012-11-25 09:00:00,241.78880654132902
2012-11-25 10:00:00,183.64580891939192
2012-11-25 11:00:00,209.62632715260358
2012-11-25 12:00:00,254.79745003933678
2012-11-25 13:00:00,253.31305966084702
2012-11-25 14:00:00,243.8320913486405
2012-11-25 15:00:00,272.92353286178775
2012-11-25 16:00:00,357.44344104515045
2012-11-25 17:00:00,525.8282641865474
2012-11-25 18:00:00,460.69828307937235
2012-11-25 19:00:00,347.6185333513045
2012-11-25 20:00:00,238.41992883218202
2012-11-25 21:00:00,194.99682653819198
2012-11-25 22:00:00,144.3401874674883
2012-11-25 23:00:00,95.10126576444655
2012-11-26 00:00:00,43.89101083607612
2012-11-26 01:00:00,23.04585129826586
2012-11-26 02:00:00,13.724923972334105
2012-11-26 03:00:00,8.014145421935767
2012-11-26 04:00:00,6.093319760133966
2012-11-26 05:00:00,17.46234272925271
2012-11-26 06:00:00,58.62455319417038
2012-11-26 07:00:00,161.46561873373008
2012-11-26 08:00:00,303.41517222632456
2012-11-26 09:00:00,245.19111837933747
2012-11-26 10:00:00,189.47501682246528
2012-11-26 11:00:00,250.6209054472579
2012-11-26 12:00:00,337.3502904061678
2012-11-26 13:00:00,329.30751715668754
2012-11-26 14:00:00,295.10738222202
2012-11-26 15:00:00,323.1066961559348
2012-11-26 16:00:00,425.9631709220689
2012-11-26 17:00:00,612.755876369455
2012-11-26 18:00:00,471.38531384178873
2012-11-26 19:00:00,334.11936039405856
2012-11-26 20:00:00,249.48483335601244
2012-11-26 21:00:00,192.63277066563288
2012-11-26 22:00:00,140.95151681026775
2012-11-26 23:00:00,90.5574677434761
2012-11-27 00:00:00,51.77689239685779
2012-11-27 01:00:00,27.488694839533636
2012-11-27 02:00:00,16.237111030594644
2012-11-27 03:00:00,5.572521254448649
2012-11-27 04:00:00,3.6566664885663407
2012-11-27 05:00:00,18.451746120721868
2012-11-27 06:00:00,63.310629317013266
2012-11-27 07:00:00,103.83663671375328
2012-11-27 08:00:00,199.73360627933306
2012-11-27 09:00:00,238.24619374338297
2012-11-27 10:00:00,104.15582101618959
2012-11-27 11:00:00,108.64959504482397
2012-11-27 12:00:00,124.15162770869179
2012-11-27 13:00:00,127.67996306773406
2012-11-27 14:00:00,113.22754627288101
2012-11-27 15:00:00,210.46037079179501
2012-11-27 16:00:00,271.2541172578097
2012-11-27 17:00:00,394.1819673759895
2012-11-27 18:00:00,358.13533002923793
2012-11-27 19:00:00,276.49012744925074
2012-11-27 20:00:00,199.60262606199214
2012-11-27 21:00:00,151.32337250938835
2012-11-27 22:00:00,123.97062111784761
2012-11-27 23:00:00,78.39647488992374
2012-11-28 00:00:00,45.07518317102442
2012-11-28 01:00:00,24.682340956451466
2012-11-28 02:00:00,14.727058831249744
2012-11-28 03:00:00,8.707858227424232
2012-11-28 04:00:00,6.513231675903548
2012-11-28 05:00:00,18.907962224924248
2012-11-28 06:00:00,62.07587483671957
2012-11-28 07:00:00,168.91971655787313
2012-11-28 08:00:00,309.217210758047
2012-11-28 09:00:00,253.05151580123547
2012-11-28 10:00:00,199.08858303575414
2012-11-28 11:00:00,230.45353846092456
2012-11-28 12:00:00,265.25146847678184
2012-11-28 13:00:00,283.26441029617075
2012-11-28 14:00:00,260.77053133368577
2012-11-28 15:00:00,279.0381530645865
2012-11-28 16:00:00,372.4290828013112
2012-11-28 17:00:00,562.0675061857885
2012-11-28 18:00:00,463.111926251666
2012-11-28 19:00:00,358.4638317109796
2012-11-28 20:00:00,269.427426059902
2012-11-28 21:00:00,195.3599586983829
2012-11-28 22:00:00,144.54493832048126
2012-11-28 23:00:00,94.74042240253696
2012-11-29 00:00:00,52.011652478786736
2012-11-29 01:00:00,27.10608413468393
2012-11-29 02:00:00,15.755196196499789
2012-11-29 04:00:00,6.707431794550084
2012-11-29 05:00:00,18.697503492410366
2012-11-29 06:00:00,64.48621767513443
2012-11-29 07:00:00,168.09790219170966
2012-11-29 08:00:00,319.90197609705785
2012-11-29 09:00:00,244.28225560640325
2012-11-29 10:00:00,191.8676651808609
2012-11-29 11:00:00,256.78743606062824
2012-11-29 12:00:00,315.191882599294
2012-11-29 13:00:00,337.16627844654977
2012-11-29 14:00:00,276.73781218452046
2012-11-29 15:00:00,284.54428104557434
2012-11-29 16:00:00,381.09675995907264
2012-11-29 17:00:00,558.8342033421404
2012-11-29 18:00:00,483.5834348603914
2012-11-29 19:00:00,338.1063111202772
2012-11-29 20:00:00,253.63339504665223
2012-11-29 21:00:00,180.02719244201538
2012-11-29 22:00:00,141.63085981775492
2012-11-29 23:00:00,97.34311839004432
2012-11-30 00:00:00,52.9071992311019
2012-11-30 01:00:00,28.38324870041791
2012-11-30 02:00:00,16.39732531912638
2012-11-30 03:00:00,9.650107306086948
2012-11-30 04:00:00,6.94952846608644
2012-11-30 05:00:00,18.955214322068137
2012-11-30 06:00:00,62.98890593410534
2012-11-30 07:00:00,173.0441576644561
2012-11-30 08:00:00,317.22301188797746
2012-11-30 09:00:00,250.7867170003809
2012-11-30 10:00:00,188.35202244902328
2012-11-30 11:00:00,241.6031996575132
2012-11-30 12:00:00,314.33619689618416
2012-11-30 13:00:00,330.23327474931887
2012-11-30 14:00:00,309.2454168827935
2012-11-30 15:00:00,342.285900713643
2012-11-30 16:00:00,438.5732805039737
2012-11-30 17:00:00,580.6206513633017
2012-11-30 18:00:00,472.51982317551784
2012-11-30 19:00:00,352.7928566141905
2012-11-30 20:00:00,260.3298907046848
2012-11-30 21:00:00,195.7412150974945
2012-11-30 22:00:00,149.09800286117868
2012-11-30 23:00:00,97.54084025377333
2012-12-20 00:00:00,57.10208418446477
2012-12-20 01:00:00,29.940565701772243
2012-12-20 02:00:00,17.947030486396685
2012-12-20 03:00:00,9.828206263539322
2012-12-20 04:00:00,7.3007314331890445
2012-12-20 05:00:00,20.497831077471503
2012-12-20 06:00:00,67.7331258059772
2012-12-20 07:00:00,177.35886598767956
2012-12-20 08:00:00,333.19467657780206
2012-12-20 09:00:00,241.69634921824803
2012-12-20 10:00:00,182.29799213067943
2012-12-20 11:00:00,215.13684712430162
2012-12-20 12:00:00,280.58989593940487
2012-12-20 13:00:00,268.50805872686686
2012-12-20 14:00:00,250.8024833145612
2012-12-20 15:00:00,254.04328280314004
2012-12-20 16:00:00,310.7842875323745
2012-12-20 17:00:00,480.9933749673185
2012-12-20 18:00:00,433.1100799141593
2012-12-20 19:00:00,192.50495374544093
2012-12-20 20:00:00,144.76912917352564
2012-12-20 21:00:00,111.68418922302307
2012-12-20 22:00:00,84.26072226912035
2012-12-20 23:00:00,60.51296515966852
2012-12-21 00:00:00,24.253903817998506
2012-12-21 01:00:00,12.76827940981477
2012-12-21 02:00:00,7.433834571174296
2012-12-21 03:00:00,4.162934045157148
2012-12-21 04:00:00,4.732026739274612
2012-12-21 05:00:00,13.701356789492861
2012-12-21 06:00:00,45.05040550719888
2012-12-21 07:00:00,137.88570773756132
2012-12-21 08:00:00,249.73388029530904
2012-12-21 09:00:00,163.8690156692778
2012-12-21 10:00:00,132.52620182390945
2012-12-21 11:00:00,144.62510044413244
2012-12-21 12:00:00,181.21005136989444
2012-12-21 13:00:00,172.70747559573522
2012-12-21 14:00:00,157.56086406235485
2012-12-21 15:00:00,163.94646211209312
2012-12-21 16:00:00,217.5718581741361
2012-12-21 17:00:00,294.88101450080916
2012-12-21 18:00:00,272.00480981050157
2012-12-21 19:00:00,225.547412851181
2012-12-21 20:00:00,171.87374119228076
2012-12-21 21:00:00,117.82567259876917
2012-12-21 22:00:00,96.37040126715335
2012-12-21 23:00:00,65.53976793677529
2012-12-22 00:00:00,31.048455037948592
2012-12-22 01:00:00,17.646225815812617
2012-12-22 02:00:00,10.069025593185394
2012-12-22 03:00:00,5.959230157599067
2012-12-22 04:00:00,5.014807896391499
2012-12-22 05:00:00,13.135857798286983
2012-12-22 06:00:00,45.018635414924525
2012-12-22 07:00:00,119.97141733780998
2012-12-22 08:00:00,205.98921837920253
2012-12-22 09:00:00,164.73135630093017
2012-12-22 10:00:00,122.43350954110653
2012-12-22 11:00:00,144.63419753439572
2012-12-22 12:00:00,160.6255006601344
2012-12-22 13:00:00,179.9833533289951
2012-12-22 14:00:00,165.20456054727183
2012-12-22 15:00:00,165.598233014814
2012-12-22 16:00:00,217.5115292901346
2012-12-22 17:00:00,333.54152607228247
2012-12-22 18:00:00,268.89463067762756
2012-12-22 19:00:00,201.86832521494108
2012-12-22 20:00:00,162.01485716982782
2012-12-22 21:00:00,115.0379350924372
2012-12-22 22:00:00,90.12299501389181
2012-12-22 23:00:00,62.75867486143315
2012-12-23 00:00:00,34.45231643099402
2012-12-23 01:00:00,19.26980094864541
2012-12-23 02:00:00,11.093884398529426
2012-12-23 03:00:00,6.460081238866367
2012-12-23 04:00:00,4.74404114689506
2012-12-23 05:00:00,13.836770390396415
2012-12-23 06:00:00,44.763615230820946
2012-12-23 07:00:00,119.30103341958643
2012-12-23 08:00:00,217.46640386446876
2012-12-23 09:00:00,171.577176585827
2012-12-23 10:00:00,123.68150277452276
2012-12-23 11:00:00,145.50905775222805
2012-12-23 12:00:00,201.16034588764504
2012-12-23 13:00:00,203.09423070139525
2012-12-23 14:00:00,191.1342090507009
2012-12-23 15:00:00,216.85698314986152
2012-12-23 16:00:00,274.95207995620814
2012-12-23 17:00:00,383.91478931908057
2012-12-23 18:00:00,344.0424303802147
2012-12-23 19:00:00,257.33404623999013
2012-12-23 20:00:00,167.8914145899229
2012-12-23 21:00:00,124.44600587229054
2012-12-23 22:00:00,101.32666276050355
2012-12-23 23:00:00,66.69922735617374
2012-12-24 00:00:00,30.051401296325363
2012-12-24 01:00:00,16.073678968695475
2012-12-24 02:00:00,9.08438882199459
2012-12-24 03:00:00,5.173352575781992
2012-12-24 05:00:00,11.111051267625848
2012-12-24 06:00:00,38.77924387610982
2012-12-24 07:00:00,104.61627696444235
2012-12-24 08:00:00,202.14251016708485
2012-12-24 09:00:00,146.69193557121386
2012-12-24 10:00:00,107.57552293183143
2012-12-24 11:00:00,122.8519928113671
2012-12-24 12:00:00,160.14606478182773
2012-12-24 13:00:00,85.32932875638092
2012-12-24 14:00:00,77.97709210921892
2012-12-24 15:00:00,79.86422498995495
2012-12-24 16:00:00,103.11226514898054
2012-12-24 17:00:00,157.09890111018262
2012-12-24 18:00:00,145.24356149555936
2012-12-24 19:00:00,174.1996719333575
2012-12-24 20:00:00,78.64313713043583
2012-12-24 21:00:00,61.07717516133659
2012-12-24 22:00:00,75.71037559472623
2012-12-24 23:00:00,30.791083451474165
2012-12-25 00:00:00,19.505706281481803
2012-12-25 01:00:00,17.666537172387773
2012-12-25 02:00:00,10.43080098436694
2012-12-25 04:00:00,4.3175935680864885
2012-12-25 05:00:00,12.240090254082272
2012-12-25 06:00:00,41.88096317585138
2012-12-25 07:00:00,110.86837238970395
2012-12-25 08:00:00,212.68898411363642
2012-12-25 09:00:00,153.79156385846557
2012-12-25 10:00:00,126.47245931913231
2012-12-25 11:00:00,154.0489376945716
2012-12-25 12:00:00,192.60315735131286
2012-12-25 13:00:00,217.40149069207015
2012-12-25 14:00:00,198.7567965570466
2012-12-25 15:00:00,198.9935942571285
2012-12-25 16:00:00,242.88118330458312
2012-12-25 17:00:00,335.1565954068609
2012-12-25 18:00:00,299.6467986882739
2012-12-25 19:00:00,224.29399106790825
2012-12-25 20:00:00,161.99102167512106
2012-12-25 21:00:00,125.03896490586558
2012-12-25 22:00:00,98.26890668036316
2012-12-25 23:00:00,62.31453964480076
2012-12-26 00:00:00,32.53647878897685
2012-12-26 01:00:00,16.406759082451014
2012-12-26 02:00:00,9.659352456043516
2012-12-26 03:00:00,5.157381254568489
2012-12-26 04:00:00,3.852579710847479
2012-12-26 05:00:00,11.32594825689164
2012-12-26 06:00:00,39.7586583503353
2012-12-26 07:00:00,59.828442698782766
2012-12-26 08:00:00,112.97550450817117
2012-12-26 09:00:00,81.77043526754503
2012-12-26 10:00:00,59.90819973761057
2012-12-26 11:00:00,63.45030930138809
2012-12-26 12:00:00,83.54499872345866
2012-12-26 13:00:00,81.53531741568112
2012-12-26 14:00:00,76.95740328017405
2012-12-26 15:00:00,82.99752951241796
2012-12-26 16:00:00,107.14637827225219
2012-12-26 17:00:00,160.23283240242546
2012-12-26 18:00:00,153.42039254702144
2012-12-26 19:00:00,122.4227137123897
2012-12-26 20:00:00,89.72676894574248
2012-12-26 21:00:00,109.34804394410871
2012-12-26 22:00:00,45.05170183250888
2012-12-26 23:00:00,32.96931281531938
2012-12-27 00:00:00,18.53948320928717
2012-12-27 01:00:00,8.808307662219963
2012-12-27 02:00:00,8.813424625551255
2012-12-27 03:00:00,5.556116412022111
2012-12-27 04:00:00,3.8348519289950955
2012-12-27 05:00:00,13.29350915272875
2012-12-27 06:00:00,39.75100124301284
2012-12-27 07:00:00,118.84662719560467
2012-12-27 08:00:00,219.540501489303
2012-12-27 09:00:00,150.69661347525025
2012-12-27 10:00:00,112.1106733941841
2012-12-27 11:00:00,124.82129560087958
2012-12-27 12:00:00,168.12147023941557
2012-12-27 13:00:00,164.10135949820267
2012-12-27 14:00:00,127.43441334454869
2012-12-27 15:00:00,139.39563364391012
2012-12-27 16:00:00,195.60310861526233
2012-12-27 17:00:00,294.3852858653068
2012-12-27 18:00:00,260.0578113964392
2012-12-27 19:00:00,200.0249715685483
2012-12-27 20:00:00,155.34808217038574
2012-12-27 21:00:00,109.57785306098842
2012-12-27 22:00:00,84.3752908310304
2012-12-27 23:00:00,57.47528191853841
2012-12-28 00:00:00,33.82067669913093
2012-12-28 01:00:00,18.914542364794915
2012-12-28 02:00:00,10.957508719859549
2012-12-28 03:00:00,6.177406063547856
2012-12-28 04:00:00,4.612646845724479
2012-12-28 05:00:00,13.598003402150441
2012-12-28 06:00:00,44.11486998473212
2012-12-28 07:00:00,123.00192236464945
2012-12-28 08:00:00,228.5424762626518
2012-12-28 09:00:00,156.1151307791856
2012-12-28 10:00:00,119.61661904126838
2012-12-28 11:00:00,143.37496477607525
2012-12-28 12:00:00,187.8722941269118
2012-12-28 13:00:00,183.38269539493388
2012-12-28 14:00:00,169.3680813302002
2012-12-28 15:00:00,176.68605760155037
2012-12-28 16:00:00,244.41138205327215
2012-12-28 17:00:00,324.1325604973179
2012-12-28 18:00:00,295.6468155299954
2012-12-28 19:00:00,201.46533449007623
2012-12-28 20:00:00,153.5682053999724
2012-12-28 21:00:00,116.27046914035967
2012-12-28 22:00:00,92.25344798720164
2012-12-28 23:00:00,62.3206683875368
2012-12-29 00:00:00,32.503073843830755
2012-12-29 01:00:00,17.8882608915627
2012-12-29 02:00:00,10.280892636869536
2012-12-29 03:00:00,5.855124551281986
2012-12-29 04:00:00,4.427954750028773
2012-12-29 05:00:00,13.087639580938102
2012-12-29 06:00:00,46.001058785412795
2012-12-29 07:00:00,121.8173084387279
2012-12-29 08:00:00,219.9963243388027
2012-12-29 09:00:00,159.4902916375234
2012-12-29 10:00:00,72.63606249436094
2012-12-29 11:00:00,75.94691445365918
2012-12-29 12:00:00,88.54354391103
2012-12-29 13:00:00,86.41504442380696
2012-12-29 14:00:00,143.5037294121842
2012-12-29 15:00:00,147.25036554462017
2012-12-29 16:00:00,227.1770018627394
2012-12-29 17:00:00,322.59335436753054
2012-12-29 18:00:00,307.15470959096774
2012-12-29 19:00:00,214.1277019832037
2012-12-29 20:00:00,141.19875963791043
2012-12-29 21:00:00,108.80073944659539
2012-12-29 22:00:00,83.59990789191676
2012-12-29 23:00:00,61.49603062011805
2012-12-30 00:00:00,35.78321723641601
2012-12-30 01:00:00,17.331230043780586
2012-12-30 02:00:00,10.906516008925017
2012-12-30 03:00:00,5.871887018178183
2012-12-30 04:00:00,4.745169535580975
2012-12-30 05:00:00,13.470415575422297
2012-12-30 06:00:00,41.764399525434136
2012-12-30 07:00:00,120.94631416497808
2012-12-30 08:00:00,217.3560097524948
2012-12-30 09:00:00,163.71645750572046
2012-12-30 10:00:00,113.69051586865974
2012-12-30 11:00:00,139.25873802730854
2012-12-30 12:00:00,163.1960507975184
2012-12-30 13:00:00,161.79336877513748
2012-12-30 14:00:00,164.14530579102183
2012-12-30 15:00:00,176.32488571650654
2012-12-30 16:00:00,217.124185995875
2012-12-30 17:00:00,325.2483666695866
2012-12-30 18:00:00,273.5917520626823
2012-12-30 19:00:00,261.78030062800593
2012-12-30 20:00:00,150.66340311346337
2012-12-30 21:00:00,120.8292140426014
2012-12-30 22:00:00,92.749101585106
2012-12-30 23:00:00,61.76134063768974
2012-12-31 00:00:00,28.513267211373346
2012-12-31 01:00:00,15.227932674457001
2012-12-31 02:00:00,8.75672800504181
2012-12-31 03:00:00,5.093663587730173
2012-12-31 04:00:00,3.5456914748205683
2012-12-31 05:00:00,10.68325187149443
2012-12-31 06:00:00,37.38199412507295
2012-12-31 07:00:00,101.23041163860724
2012-12-31 08:00:00,185.2189791292004
2012-12-31 09:00:00,135.41240704686925
2012-12-31 10:00:00,99.08545708779644
2012-12-31 11:00:00,114.61126710931596
2012-12-31 12:00:00,143.4346999496874
2012-12-31 13:00:00,149.79001581066595
2012-12-31 14:00:00,140.3855103263368
2012-12-31 15:00:00,154.15324142170343
2012-12-31 16:00:00,186.19890426029826
2012-12-31 17:00:00,292.1558445842481
2012-12-31 18:00:00,262.05612689123274
2012-12-31 19:00:00,187.23546647963832
2012-12-31 20:00:00,138.0405514476297
2012-12-31 21:00:00,112.48074162157964
2012-12-31 22:00:00,90.0291845288789
2012-12-31 23:00:00,59.2899656024314
