StudentID,Result,firstMathCourse,yrsfromACT
1,Failure,Math1003,0to2
2,Success,Math1003,0to2
3,Success,Math1003,0to2
4,Failure,Math1003,0to2
5,Failure,Math1003,0to2
6,Failure,Math1003,0to2
7,Failure,Math1003,0to2
8,Failure,Math1003,0to2
9,Failure,Math1003,0to2
10,Success,Math1003,0to2
11,Success,Math1003,0to2
12,Success,Math1003,0to2
13,Success,Math1003,0to2
14,Failure,Math1003,0to2
15,Success,Math1003,0to2
16,Success,Math1003,0to2
17,Failure,Math1003,0to2
18,Failure,Math1003,0to2
19,Success,Math1003,0to2
20,Success,Math1003,0to2
21,Failure,Math1003,0to2
22,Success,Math1113,0to2
23,Success,Math1113,0to2
24,Failure,Math1113,0to2
25,Failure,Math1113,0to2
26,Success,Math1113,0to2
27,Success,Math1113,0to2
28,Success,Math1113,0to2
29,Success,Math1113,0to2
30,Success,Math1113,0to2
31,Success,Math1113,0to2
32,Failure,Math1113,0to2
33,Success,Math1113,0to2
34,Success,Math1113,0to2
35,Success,Math1113,0to2
36,Success,Math1113,0to2
37,Success,Math1113,0to2
38,Success,Math1113,0to2
39,Success,Math1113,0to2
40,Success,Math1113,0to2
41,Success,Math1113,0to2
42,Failure,Math1113,0to2
43,Success,Math1113,0to2
44,Failure,Math1113,0to2
45,Success,Math1113,0to2
46,Success,Math1113,0to2
47,Success,Math1113,0to2
48,Success,Math1113,0to2
49,Success,Math1113,0to2
50,Success,Math1113,0to2
51,Success,Math1113,0to2
52,Success,Math1113,0to2
53,Success,Math1113,0to2
54,Success,Math1113,0to2
55,Failure,Math1113,0to2
56,Failure,Math1113,0to2
57,Success,Math1003,0to2
58,Failure,Math1003,0to2
59,Success,Math1003,0to2
60,Success,Math1003,0to2
61,Success,Math1003,0to2
62,Success,Math1003,0to2
63,Success,Math1003,0to2
64,Success,Math1003,0to2
65,Success,Math1003,0to2
66,Success,Math1003,0to2
67,Success,Math1003,0to2
68,Success,Math1003,0to2
69,Success,Math1003,0to2
70,Success,Math1003,0to2
71,Failure,Math1003,0to2
72,Success,Math1003,0to2
73,Success,Math1003,0to2
74,Success,Math1003,0to2
75,Success,Math1003,0to2
76,Success,Math1003,0to2
77,Success,Math1003,0to2
78,Success,Math1003,0to2
79,Success,Math1003,0to2
80,Success,Math1003,0to2
81,Success,Math1003,0to2
82,Success,Math1003,0to2
83,Success,Math1003,0to2
84,Success,Math1003,0to2
85,Success,Math1003,0to2
86,Success,Math1003,0to2
87,Success,Math1003,0to2
88,Success,Math1003,0to2
89,Success,Math1003,0to2
90,Success,Math1003,0to2
91,Success,Math1003,0to2
92,Failure,Math1003,0to2
93,Success,Math1003,0to2
94,Success,Math1003,0to2
95,Success,Math1003,0to2
96,Success,Math1003,0to2
97,Success,Math1003,0to2
98,Success,Math1003,0to2
99,Success,Math1003,0to2
100,Success,Math1003,0to2
101,Success,Math1003,0to2
102,Failure,Math1003,0to2
103,Success,Math1003,0to2
104,Success,Math1003,0to2
105,Success,Math1003,0to2
106,Success,Math1003,0to2
107,Success,Math1003,0to2
108,Success,Math1003,0to2
109,Success,Math1003,0to2
110,Success,Math1003,0to2
111,Success,Math1003,0to2
112,Success,Math1003,0to2
113,Success,Math1003,0to2
114,Failure,Math1003,0to2
115,Success,Math1003,0to2
116,Success,Math1003,0to2
117,Success,Math1003,0to2
118,Success,Math1003,0to2
119,Success,Math1003,0to2
120,Success,Math1003,0to2
121,Success,Math1003,0to2
122,Success,Math1003,0to2
123,Success,Math1003,0to2
124,Success,Math1003,0to2
125,Success,Math1003,0to2
126,Success,Math1003,0to2
127,Success,Math1003,0to2
128,Success,Math1003,0to2
129,Success,Math1003,0to2
130,Failure,Math1003,0to2
131,Success,Math1003,0to2
132,Success,Math1003,0to2
133,Success,Math1003,0to2
134,Success,Math1003,0to2
135,Success,Math1003,0to2
136,Failure,Math1003,0to2
137,Success,Math1003,0to2
138,Success,Math1003,0to2
139,Success,Math1003,0to2
140,Success,Math1003,0to2
141,Success,Math1003,0to2
142,Success,Math1003,0to2
143,Success,Math1003,0to2
144,Success,Math1003,0to2
145,Success,Math1003,0to2
146,Success,Math1003,0to2
147,Success,Math1003,0to2
148,Success,Math1003,0to2
149,Success,Math1003,0to2
150,Success,Math1003,0to2
151,Success,Math1003,0to2
152,Success,Math1003,0to2
153,Success,Math1003,0to2
154,Success,Math1003,0to2
155,Success,Math1003,0to2
156,Success,Math1003,0to2
157,Failure,Math1003,0to2
158,Success,Math1003,0to2
159,Success,Math1003,0to2
160,Success,Math1003,0to2
161,Success,Math1003,0to2
162,Success,Math1003,0to2
163,Success,Math1003,0to2
164,Success,Math1003,0to2
165,Failure,Math1003,0to2
166,Success,Math1003,0to2
167,Success,Math1003,0to2
168,Success,Math1003,0to2
169,Success,Math1003,0to2
170,Success,Math1003,0to2
171,Success,Math1003,0to2
172,Failure,Math1003,0to2
173,Success,Math1003,0to2
174,Success,Math1003,0to2
175,Success,Math1003,0to2
176,Failure,Math1003,0to2
177,Success,Math1003,0to2
178,Success,Math1003,0to2
179,Failure,Math1003,0to2
180,Success,Math1003,0to2
181,Failure,Math1003,0to2
182,Success,Math1003,0to2
183,Success,Math1003,0to2
184,Success,Math1003,0to2
185,Failure,Math1003,0to2
186,Success,Math1003,0to2
187,Success,Math1003,0to2
188,Failure,Math1003,0to2
189,Success,Math1003,0to2
190,Success,Math1003,0to2
191,Success,Math1003,0to2
192,Failure,Math1003,0to2
193,Success,Math1003,0to2
194,Success,Math1003,0to2
195,Success,Math1003,0to2
196,Success,Math1003,0to2
197,Success,Math1003,0to2
198,Success,Math1003,0to2
199,Success,Math1003,0to2
200,Success,Math1003,0to2
201,Success,Math1003,0to2
202,Success,Math1003,0to2
203,Failure,Math1003,0to2
204,Success,Math1003,0to2
205,Failure,Math1003,0to2
206,Success,Math1003,0to2
207,Success,Math1003,0to2
208,Success,Math1003,0to2
209,Success,Math1003,0to2
210,Success,Math1003,0to2
211,Success,Math1003,0to2
212,Failure,Math1003,0to2
213,Success,Math1003,0to2
214,Success,Math1003,0to2
215,Failure,Math1003,0to2
216,Success,Math1003,0to2
217,Success,Math1003,0to2
218,Success,Math1003,0to2
219,Success,Math1003,0to2
220,Success,Math1003,0to2
221,Success,Math1003,0to2
222,Success,Math1003,0to2
223,Success,Math1003,0to2
224,Failure,Math1003,0to2
225,Success,Math1003,0to2
226,Success,Math1003,0to2
227,Success,Math1003,0to2
228,Success,Math1003,0to2
229,Success,Math1003,0to2
230,Success,Math1003,0to2
231,Success,Math1003,0to2
232,Success,Math1003,0to2
233,Success,Math1003,0to2
234,Success,Math1003,0to2
235,Success,Math1003,0to2
236,Success,Math1003,0to2
237,Success,Math1003,0to2
238,Success,Math1003,0to2
239,Failure,Math1003,0to2
240,Success,Math1003,0to2
241,Success,Math1003,0to2
242,Success,Math1003,0to2
243,Success,Math1003,0to2
244,Success,Math1003,0to2
245,Success,Math1003,0to2
246,Success,Math1003,0to2
247,Success,Math1003,0to2
248,Success,Math1003,0to2
249,Success,Math1003,0to2
250,Success,Math1003,0to2
251,Success,Math1003,0to2
252,Success,Math1003,0to2
253,Success,Math1003,0to2
254,Success,Math1003,0to2
255,Success,Math1003,0to2
256,Success,Math1003,0to2
257,Success,Math1003,0to2
258,Success,Math1003,0to2
259,Success,Math1003,0to2
260,Success,Math1003,0to2
261,Success,Math1003,0to2
262,Success,Math1003,0to2
263,Success,Math1003,0to2
264,Success,Math1003,0to2
265,Success,Math1003,0to2
266,Success,Math1003,0to2
267,Success,Math1003,0to2
268,Success,Math1003,0to2
269,Success,Math1003,0to2
270,Success,Math1003,0to2
271,Success,Math1003,0to2
272,Success,Math1003,0to2
273,Success,Math1003,0to2
274,Success,Math1003,0to2
275,Success,Math1003,0to2
276,Success,Math1003,0to2
277,Success,Math1003,0to2
278,Success,Math1003,0to2
279,Success,Math1003,0to2
280,Success,Math1003,0to2
281,Success,Math1003,0to2
282,Success,Math1003,0to2
283,Success,Math1003,0to2
284,Success,Math1003,0to2
285,Failure,Math1003,0to2
286,Success,Math1003,0to2
287,Success,Math1003,0to2
288,Success,Math1003,0to2
289,Success,Math1003,0to2
290,Success,Math1003,0to2
291,Success,Math1003,0to2
292,Success,Math1003,0to2
293,Success,Math1003,0to2
294,Success,Math1003,0to2
295,Failure,Math1003,0to2
296,Success,Math1003,0to2
297,Success,Math1003,0to2
298,Success,Math1003,0to2
299,Success,Math1003,0to2
300,Success,Math1003,0to2
301,Success,Math1003,0to2
302,Success,Math1003,0to2
303,Success,Math1003,0to2
304,Success,Math1003,0to2
305,Success,Math1003,0to2
306,Success,Math1003,0to2
307,Success,Math1003,0to2
308,Success,Math1003,0to2
309,Success,Math1003,0to2
310,Success,Math1003,0to2
311,Success,Math1003,0to2
312,Success,Math1003,0to2
313,Success,Math1003,0to2
314,Success,Math1003,0to2
315,Success,Math1003,0to2
316,Success,Math1003,0to2
317,Success,Math1003,0to2
318,Success,Math1003,0to2
319,Success,Math1003,0to2
320,Success,Math1003,0to2
321,Failure,Math1003,0to2
322,Success,Math1003,0to2
323,Success,Math1003,0to2
324,Success,Math1003,0to2
325,Success,Math1003,0to2
326,Success,Math1003,0to2
327,Success,Math1003,0to2
328,Success,Math1003,0to2
329,Success,Math1003,0to2
330,Success,Math1003,0to2
331,Failure,Math1003,0to2
332,Failure,Math1113,0to2
333,Success,Math1113,0to2
334,Success,Math1113,0to2
335,Success,Math1113,0to2
336,Success,Math1113,0to2
337,Success,Math1113,0to2
338,Success,Math1113,0to2
339,Success,Math1113,0to2
340,Success,Math1113,0to2
341,Success,Math1113,0to2
342,Success,Math1113,0to2
343,Success,Math1113,0to2
344,Success,Math1113,0to2
345,Success,Math1113,0to2
346,Failure,Math1113,0to2
347,Success,Math1113,0to2
348,Success,Math1113,0to2
349,Success,Math1113,0to2
350,Success,Math1113,0to2
351,Success,Math1113,0to2
352,Success,Math1113,0to2
353,Success,Math1113,0to2
354,Success,Math1113,0to2
355,Success,Math1113,0to2
356,Success,Math1113,0to2
357,Success,Math1113,0to2
358,Success,Math1113,0to2
359,Success,Math1113,0to2
360,Success,Math1113,0to2
361,Success,Math1113,0to2
362,Failure,Math1113,0to2
363,Success,Math1113,0to2
364,Success,Math1113,0to2
365,Success,Math1113,0to2
366,Success,Math1113,0to2
367,Success,Math1113,0to2
368,Success,Math1113,0to2
369,Success,Math1113,0to2
370,Failure,Math1113,0to2
371,Success,Math1113,0to2
372,Success,Math1113,0to2
373,Failure,Math1113,0to2
374,Failure,Math1113,0to2
375,Failure,Math1113,0to2
376,Success,Math1113,0to2
377,Success,Math1113,0to2
378,Success,Math1113,0to2
379,Success,Math1113,0to2
380,Success,Math1113,0to2
381,Success,Math1113,0to2
382,Success,Math1113,0to2
383,Success,Math1113,0to2
384,Success,Math1113,0to2
385,Failure,Math1113,0to2
386,Success,Math1113,0to2
387,Success,Math1113,0to2
388,Success,Math1113,0to2
389,Success,Math1113,0to2
390,Success,Math1113,0to2
391,Success,Math1113,0to2
392,Success,Math1113,0to2
393,Success,Math1113,0to2
394,Success,Math1113,0to2
395,Success,Math1113,0to2
396,Success,Math1113,0to2
397,Success,Math1113,0to2
398,Success,Math1113,0to2
399,Failure,Math1113,0to2
400,Success,Math1113,0to2
401,Failure,Math1113,0to2
402,Success,Math1113,0to2
403,Success,Math1113,0to2
404,Success,Math1113,0to2
405,Success,Math1113,0to2
406,Failure,Math1113,0to2
407,Success,Math1113,0to2
408,Success,Math1113,0to2
409,Success,Math1113,0to2
410,Success,Math1113,0to2
411,Success,Math1113,0to2
412,Success,Math1113,0to2
413,Success,Math1113,0to2
414,Failure,Math1113,0to2
415,Success,Math1113,0to2
416,Success,Math1113,0to2
417,Success,Math1113,0to2
418,Success,Math1113,0to2
419,Success,Math1113,0to2
420,Success,Math1113,0to2
421,Success,Math1113,0to2
422,Success,Math1113,0to2
423,Success,Math1113,0to2
424,Success,Math1113,0to2
425,Success,Math1113,0to2
426,Success,Math1113,0to2
427,Failure,Math1113,0to2
428,Success,Math1113,0to2
429,Success,Math1113,0to2
430,Success,Math1113,0to2
431,Success,Math1113,0to2
432,Success,Math1113,0to2
433,Success,Math1113,0to2
434,Success,Math1113,0to2
435,Failure,Math1113,0to2
436,Success,Math1113,0to2
437,Success,Math1113,0to2
438,Success,Math1113,0to2
439,Success,Math1113,0to2
440,Success,Math1113,0to2
441,Success,Math1113,0to2
442,Success,Math1113,0to2
443,Success,Math1113,0to2
444,Success,Math1113,0to2
445,Success,Math1113,0to2
446,Success,Math1113,0to2
447,Failure,Math1113,0to2
448,Success,Math1113,0to2
449,Success,Math1113,0to2
450,Success,Math1113,0to2
451,Failure,Math1113,0to2
452,Success,Math1113,0to2
453,Failure,Math1113,0to2
454,Success,Math1113,0to2
455,Success,Math1113,0to2
456,Success,Math1113,0to2
457,Failure,Math1113,0to2
458,Failure,Math1113,0to2
459,Success,Math1113,0to2
460,Success,Math1113,0to2
461,Success,Math1113,0to2
462,Success,Math1113,0to2
463,Failure,Math1113,0to2
464,Success,Math1113,0to2
465,Success,Math1113,0to2
466,Success,Math1113,0to2
467,Success,Math1113,0to2
468,Success,Math1113,0to2
469,Failure,Math1113,0to2
470,Success,Math1113,0to2
471,Success,Math1113,0to2
472,Success,Math1113,0to2
473,Success,Math1113,0to2
474,Success,Math1113,0to2
475,Success,Math1113,0to2
476,Success,Math1113,0to2
477,Success,Math1113,0to2
478,Success,Math1113,0to2
479,Success,Math1113,0to2
480,Success,Math1113,0to2
481,Failure,Math1113,0to2
482,Success,Math1113,0to2
483,Success,Math1113,0to2
484,Success,Math1113,0to2
485,Success,Math1113,0to2
486,Success,Math1113,0to2
487,Success,Math1113,0to2
488,Success,Math1113,0to2
489,Success,Math1113,0to2
490,Success,Math1113,0to2
491,Success,Math1113,0to2
492,Failure,Math1113,0to2
493,Success,Math1113,0to2
494,Success,Math1113,0to2
495,Success,Math1113,0to2
496,Success,Math1113,0to2
497,Failure,Math1113,0to2
498,Success,Math1113,0to2
499,Success,Math1113,0to2
500,Success,Math1113,0to2
501,Success,Math1113,0to2
502,Success,Math1113,0to2
503,Success,Math1113,0to2
504,Success,Math1113,0to2
505,Success,Math1113,0to2
506,Success,Math1113,0to2
507,Success,Math1113,0to2
508,Failure,Math1113,0to2
509,Failure,Math1113,0to2
510,Failure,Math1113,0to2
511,Success,Math1113,0to2
512,Success,Math1113,0to2
513,Success,Math1113,0to2
514,Success,Math1113,0to2
515,Success,Math1113,0to2
516,Success,Math1113,0to2
517,Success,Math1113,0to2
518,Success,Math1113,0to2
519,Success,Math1113,0to2
520,Success,Math1113,0to2
521,Success,Math1113,0to2
522,Success,Math1113,0to2
523,Success,Math1113,0to2
524,Success,Math1113,0to2
525,Success,Math1113,0to2
526,Success,Math1113,0to2
527,Success,Math1113,0to2
528,Success,Math1113,0to2
529,Success,Math1113,0to2
530,Success,Math1113,0to2
531,Success,Math1113,0to2
532,Success,Math1113,0to2
533,Success,Math1113,0to2
534,Failure,Math1113,0to2
535,Success,Math1113,0to2
536,Success,Math1113,0to2
537,Success,Math1113,0to2
538,Success,Math1113,0to2
539,Success,Math1113,0to2
540,Success,Math1113,0to2
541,Success,Math1113,0to2
542,Success,Math1113,0to2
543,Success,Math1113,0to2
544,Failure,Math1113,0to2
545,Failure,Math1113,0to2
546,Failure,Math1113,0to2
547,Failure,Math1113,0to2
548,Success,Math1113,0to2
549,Success,Math1113,0to2
550,Failure,Math1113,0to2
551,Success,Math1113,0to2
552,Success,Math1113,0to2
553,Success,Math1113,0to2
554,Failure,Math1113,0to2
555,Success,Math1113,0to2
556,Success,Math1113,0to2
557,Success,Math1113,0to2
558,Success,Math1113,0to2
559,Success,Math1113,0to2
560,Success,Math1113,0to2
561,Success,Math1113,0to2
562,Success,Math1113,0to2
563,Success,Math1113,0to2
564,Success,Math1113,0to2
565,Failure,Math1113,0to2
566,Success,Math1113,0to2
567,Success,Math1113,0to2
568,Success,Math1113,0to2
569,Success,Math1113,0to2
570,Success,Math1113,0to2
571,Success,Math1113,0to2
572,Success,Math1113,0to2
573,Success,Math1113,0to2
574,Success,Math1113,0to2
575,Success,Math1113,0to2
576,Success,Math1113,0to2
577,Success,Math1113,0to2
578,Success,Math1113,0to2
579,Success,Math1113,0to2
580,Success,Math1113,0to2
581,Failure,Math1113,0to2
582,Failure,Math1113,0to2
583,Success,Math1113,0to2
584,Success,Math1113,0to2
585,Success,Math1113,0to2
586,Success,Math1113,0to2
587,Failure,Math1113,0to2
588,Success,Math1113,0to2
589,Success,Math1113,0to2
590,Success,Math1113,0to2
591,Success,Math1113,0to2
592,Success,Math1113,0to2
593,Success,Math1113,0to2
594,Success,Math1113,0to2
595,Success,Math1113,0to2
596,Success,Math1113,0to2
597,Success,Math1113,0to2
598,Success,Math1113,0to2
599,Success,Math1113,0to2
600,Success,Math1113,0to2
601,Success,Math1113,0to2
602,Success,Math1113,0to2
603,Success,Math1113,0to2
604,Success,Math1113,0to2
605,Success,Math1113,0to2
606,Success,Math1113,0to2
607,Success,Math1113,0to2
608,Success,Math1113,0to2
609,Failure,Math1113,0to2
610,Success,Math1113,0to2
611,Success,Math1113,0to2
612,Success,Math1113,0to2
613,Success,Math1113,0to2
614,Success,Math1113,0to2
615,Success,Math1113,0to2
616,Success,Math1113,0to2
617,Success,Math1113,0to2
618,Success,Math1113,0to2
619,Success,Math1113,0to2
620,Failure,Math1113,0to2
621,Success,Math1113,0to2
622,Success,Math1113,0to2
623,Failure,Math1113,0to2
624,Success,Math1113,0to2
625,Failure,Math1113,0to2
626,Success,Math1113,0to2
627,Failure,Math1113,0to2
628,Success,Math1113,0to2
629,Success,Math1113,0to2
630,Success,Math1113,0to2
631,Success,Math1113,0to2
632,Success,Math1113,0to2
633,Success,Math1113,0to2
634,Success,Math1113,0to2
635,Success,Math1113,0to2
636,Success,Math1113,0to2
637,Success,Math1113,0to2
638,Success,Math1113,0to2
639,Success,Math1113,0to2
640,Success,Math1113,0to2
641,Success,Math1113,0to2
642,Success,Math1113,0to2
643,Success,Math1113,0to2
644,Success,Math1113,0to2
645,Success,Math1113,0to2
646,Success,Math1113,0to2
647,Success,Math1113,0to2
648,Failure,Math1113,0to2
649,Success,Math1113,0to2
650,Success,Math1113,0to2
651,Failure,Math1113,0to2
652,Success,Math1113,0to2
653,Failure,Math1113,0to2
654,Failure,Math1113,0to2
655,Failure,Math1113,0to2
656,Failure,Math1113,0to2
657,Success,Math1113,0to2
658,Success,Math1113,0to2
659,Success,Math1113,0to2
660,Success,Math1113,0to2
661,Success,Math1113,0to2
662,Success,Math1113,0to2
663,Success,Math1113,0to2
664,Success,Math1113,0to2
665,Success,Math1113,0to2
666,Success,Math1113,0to2
667,Success,Math1113,0to2
668,Success,Math1113,0to2
669,Success,Math1113,0to2
670,Success,Math1113,0to2
671,Success,Math1113,0to2
672,Success,Math1113,0to2
673,Success,Math1113,0to2
674,Success,Math1113,0to2
675,Failure,Math1113,0to2
676,Success,Math1113,0to2
677,Success,Math1113,0to2
678,Success,Math1113,0to2
679,Success,Math1113,0to2
680,Success,Math1113,0to2
681,Success,Math1113,0to2
682,Success,Math1113,0to2
683,Success,Math1113,0to2
684,Failure,Math1113,0to2
685,Success,Math1113,0to2
686,Success,Math1113,0to2
687,Failure,Math1113,0to2
688,Success,Math1113,0to2
689,Failure,Math1113,0to2
690,Success,Math1113,0to2
691,Failure,Math1113,0to2
692,Success,Math1113,0to2
693,Success,Math1113,0to2
694,Success,Math1113,0to2
695,Success,Math1113,0to2
696,Success,Math1113,0to2
697,Success,Math1113,0to2
698,Success,Math1113,0to2
699,Success,Math1113,0to2
700,Success,Math1113,0to2
701,Success,Math1113,0to2
702,Failure,Math1113,0to2
703,Success,Math1113,0to2
704,Failure,Math1113,0to2
705,Failure,Math1113,0to2
706,Failure,Math1113,0to2
707,Success,Math1113,0to2
708,Failure,Math1113,0to2
709,Success,Math1113,0to2
710,Success,Math1113,0to2
711,Failure,Math1113,0to2
712,Success,Math1113,0to2
713,Success,Math1113,0to2
714,Success,Math1113,0to2
715,Success,Math1113,0to2
716,Success,Math1113,0to2
717,Success,Math1113,0to2
718,Success,Math1113,0to2
719,Success,Math1113,0to2
720,Failure,Math1113,0to2
721,Success,Math1113,0to2
722,Success,Math1113,0to2
723,Failure,Math1113,0to2
724,Success,Math1113,0to2
725,Failure,Math1113,0to2
726,Success,Math1113,0to2
727,Success,Math1113,0to2
728,Success,Math1113,0to2
729,Success,Math1113,0to2
730,Success,Math1113,0to2
731,Success,Math1113,0to2
732,Success,Math1113,0to2
733,Success,Math1113,0to2
734,Success,Math1113,0to2
735,Success,Math1113,0to2
736,Success,Math1113,0to2
737,Success,Math1113,0to2
738,Success,Math1113,0to2
739,Success,Math1113,0to2
740,Failure,Math1113,0to2
741,Failure,Math1113,0to2
742,Success,Math1113,0to2
743,Success,Math1113,0to2
744,Success,Math1113,0to2
745,Success,Math1113,0to2
746,Success,Math1113,0to2
747,Failure,Math1113,0to2
748,Success,Math1113,0to2
749,Success,Math1113,0to2
750,Success,Math1113,0to2
751,Success,Math1113,0to2
752,Success,Math1113,0to2
753,Success,Math1113,0to2
754,Success,Math1113,0to2
755,Success,Math1113,0to2
756,Failure,Math1113,0to2
757,Success,Math1113,0to2
758,Success,Math1113,0to2
759,Success,Math1113,0to2
760,Success,Math1113,0to2
761,Failure,Math1113,0to2
762,Failure,Math1113,0to2
763,Success,Math1113,0to2
764,Success,Math1113,0to2
765,Failure,Math1113,0to2
766,Success,Math1113,0to2
767,Success,Math1113,0to2
768,Success,Math1113,0to2
769,Success,Math1113,0to2
770,Success,Math1113,0to2
771,Failure,Math1113,0to2
772,Failure,Math1113,0to2
773,Success,Math1113,0to2
774,Failure,Math1113,0to2
775,Success,Math1113,0to2
776,Success,Math1113,0to2
777,Success,Math1113,0to2
778,Success,Math1113,0to2
779,Success,Math1113,0to2
780,Success,Math1113,0to2
781,Success,Math1113,0to2
782,Success,Math1113,0to2
783,Success,Math1113,0to2
784,Success,Math1113,0to2
785,Success,Math1113,0to2
786,Success,Math1113,0to2
787,Success,Math1113,0to2
788,Success,Math1113,0to2
789,Success,Math1113,0to2
790,Success,Math1113,0to2
791,Success,Math1113,0to2
792,Failure,Math1113,0to2
793,Success,Math1113,0to2
794,Success,Math1113,0to2
795,Success,Math1113,0to2
796,Success,Math1113,0to2
797,Success,Math1113,0to2
798,Success,Math1113,0to2
799,Failure,Math1113,0to2
800,Success,Math1113,0to2
801,Failure,Math1113,0to2
802,Failure,Math1113,0to2
803,Success,Math1113,0to2
804,Success,Math1113,0to2
805,Success,Math1113,0to2
806,Success,Math1113,0to2
807,Success,Math1113,0to2
808,Success,Math1113,0to2
809,Success,Math1113,0to2
810,Success,Math1113,0to2
811,Failure,Math1113,0to2
812,Success,Math1113,0to2
813,Success,Math1113,0to2
814,Success,Math1113,0to2
815,Success,Math1113,0to2
816,Success,Math1113,0to2
817,Success,Math1113,0to2
818,Success,Math1113,0to2
819,Success,Math1113,0to2
820,Success,Math1113,0to2
821,Success,Math1113,0to2
822,Success,Math1113,0to2
823,Success,Math1113,0to2
824,Success,Math1113,0to2
825,Success,Math1113,0to2
826,Success,Math1113,0to2
827,Success,Math1113,0to2
828,Failure,Math1113,0to2
829,Success,Math1113,0to2
830,Success,Math1113,0to2
831,Success,Math1113,0to2
832,Success,Math1113,0to2
833,Success,Math1113,0to2
834,Success,Math1113,0to2
835,Success,Math1113,0to2
836,Success,Math1113,0to2
837,Failure,Math1113,0to2
838,Success,Math1113,0to2
839,Success,Math1113,0to2
840,Success,Math1113,0to2
841,Failure,Math1113,0to2
842,Success,Math1113,0to2
843,Success,Math1113,0to2
844,Failure,Math1113,0to2
845,Success,Math1113,0to2
846,Failure,Math1113,0to2
847,Success,Math1113,0to2
848,Success,Math1113,0to2
849,Success,Math1113,0to2
850,Success,Math1113,0to2
851,Success,Math1113,0to2
852,Success,Math1113,0to2
853,Success,Math1113,0to2
854,Failure,Math1113,0to2
855,Success,Math1113,0to2
856,Success,Math1113,0to2
857,Failure,Math1113,0to2
858,Success,Math1113,0to2
859,Success,Math1113,0to2
860,Success,Math1113,0to2
861,Failure,Math1113,0to2
862,Success,Math1113,0to2
863,Failure,Math1113,0to2
864,Success,Math1113,0to2
865,Success,Math1113,0to2
866,Success,Math1113,0to2
867,Success,Math1113,0to2
868,Success,Math1113,0to2
869,Failure,Math1113,0to2
870,Success,Math1113,0to2
871,Success,Math1113,0to2
872,Failure,Math1113,0to2
873,Failure,Math1113,0to2
874,Success,Math1113,0to2
875,Failure,Math1113,0to2
876,Failure,Math1113,0to2
877,Success,Math1113,0to2
878,Success,Math1113,0to2
879,Success,Math1113,0to2
880,Success,Math1113,0to2
881,Success,Math1113,0to2
882,Success,Math1113,0to2
883,Success,Math1113,0to2
884,Success,Math1113,0to2
885,Failure,Math1113,0to2
886,Failure,Math1113,0to2
887,Success,Math1113,0to2
888,Failure,Math1113,0to2
889,Failure,Math1113,0to2
890,Success,Math1113,0to2
891,Success,Math1113,0to2
892,Failure,Math1113,0to2
893,Success,Math1113,0to2
894,Success,Math1113,0to2
895,Success,Math1113,0to2
896,Success,Math1113,0to2
897,Success,Math1113,0to2
898,Success,Math1113,0to2
899,Success,Math1113,0to2
900,Success,Math1113,0to2
901,Success,Math1113,0to2
902,Success,Math1113,0to2
903,Success,Math1113,0to2
904,Success,Math1113,0to2
905,Success,Math1113,0to2
906,Success,Math1113,0to2
907,Success,Math1113,0to2
908,Success,Math1113,0to2
909,Success,Math1113,0to2
910,Success,Math1113,0to2
911,Success,Math1113,0to2
912,Success,Math1113,0to2
913,Success,Math1113,0to2
914,Success,Math1113,0to2
915,Success,Math1113,0to2
916,Success,Math1113,0to2
917,Success,Math1113,0to2
918,Success,Math1113,0to2
919,Success,Math1113,0to2
920,Success,Math1113,0to2
921,Failure,Math1113,0to2
922,Success,Math1113,0to2
923,Success,Math1113,0to2
924,Success,Math1113,0to2
925,Success,Math1113,0to2
926,Success,Math1113,0to2
927,Success,Math1113,0to2
928,Success,Math1113,0to2
929,Success,Math1113,0to2
930,Success,Math1113,0to2
931,Success,Math1113,0to2
932,Success,Math1113,0to2
933,Success,Math1113,0to2
934,Success,Math1113,0to2
935,Success,Math1113,0to2
936,Success,Math1113,0to2
937,Success,Math1113,0to2
938,Success,Math1113,0to2
939,Success,Math1113,0to2
940,Success,Math1113,0to2
941,Success,Math1113,0to2
942,Success,Math1113,0to2
943,Success,Math1113,0to2
944,Success,Math1113,0to2
945,Success,Math1113,0to2
946,Success,Math1113,0to2
947,Success,Math1113,0to2
948,Success,Math1113,0to2
949,Success,Math1113,0to2
950,Success,Math1113,0to2
951,Success,Math1113,0to2
952,Success,Math1113,0to2
953,Success,Math1113,0to2
954,Success,Math1113,0to2
955,Success,Math1113,0to2
956,Success,Math1113,0to2
957,Success,Math1113,0to2
958,Success,Math1113,0to2
959,Success,Math1113,0to2
960,Success,Math1113,0to2
961,Success,Math1113,0to2
962,Success,Math1113,0to2
963,Success,Math1113,0to2
964,Success,Math1113,0to2
965,Success,Math1113,0to2
966,Success,Math1113,0to2
967,Success,Math1113,0to2
968,Success,Math1113,0to2
969,Success,Math1113,0to2
970,Success,Math1113,0to2
971,Success,Math1113,0to2
972,Success,Math1113,0to2
973,Failure,Math1113,0to2
974,Success,Math1113,0to2
975,Failure,Math1113,0to2
976,Success,Math1113,0to2
977,Success,Math1113,0to2
978,Success,Math1113,0to2
979,Success,Math1113,0to2
980,Success,Math1113,0to2
981,Success,Math1113,0to2
982,Failure,Math1113,0to2
983,Success,Math1113,0to2
984,Success,Math1113,0to2
985,Success,Math1113,0to2
986,Failure,Math1113,0to2
987,Success,Math1113,0to2
988,Success,Math1113,0to2
989,Success,Math1113,0to2
990,Success,Math1113,0to2
991,Success,Math1113,0to2
992,Failure,Math1113,0to2
993,Success,Math1113,0to2
994,Failure,Math1113,0to2
995,Failure,Math1113,0to2
996,Success,Math1113,0to2
997,Success,Math1113,0to2
998,Success,Math1113,0to2
999,Success,Math1113,0to2
1000,Success,Math1113,0to2
1001,Success,Math1113,0to2
1002,Success,Math1113,0to2
1003,Success,Math1113,0to2
1004,Success,Math1113,0to2
1005,Success,Math1113,0to2
1006,Success,Math1113,0to2
1007,Success,Math1113,0to2
1008,Failure,Math1113,0to2
1009,Success,Math1113,0to2
1010,Success,Math1113,0to2
1011,Success,Math1113,0to2
1012,Success,Math1113,0to2
1013,Success,Math1113,0to2
1014,Success,Math1113,0to2
1015,Failure,Math1113,0to2
1016,Failure,Math1113,0to2
1017,Success,Math1113,0to2
1018,Success,Math1113,0to2
1019,Success,Math1113,0to2
1020,Success,Math1113,0to2
1021,Success,Math1113,0to2
1022,Failure,Math1113,0to2
1023,Success,Math1113,0to2
1024,Success,Math1113,0to2
1025,Success,Math1113,0to2
1026,Success,Math1113,0to2
1027,Failure,Math1113,0to2
1028,Success,Math1113,0to2
1029,Success,Math1113,0to2
1030,Success,Math1113,0to2
1031,Success,Math1113,0to2
1032,Success,Math1113,0to2
1033,Success,Math1113,0to2
1034,Success,Math1113,0to2
1035,Success,Math1113,0to2
1036,Success,Math1113,0to2
1037,Failure,Math1113,0to2
1038,Success,Math1113,0to2
1039,Success,Math1113,0to2
1040,Success,Math1113,0to2
1041,Success,Math1113,0to2
1042,Success,Math1113,0to2
1043,Success,Math1113,0to2
1044,Success,Math1113,0to2
1045,Success,Math1113,0to2
1046,Success,Math1113,0to2
1047,Success,Math1113,0to2
1048,Success,Math1113,0to2
1049,Success,Math1113,0to2
1050,Success,Math1113,0to2
1051,Success,Math1113,0to2
1052,Success,Math1113,0to2
1053,Success,Math1113,0to2
1054,Success,Math1113,0to2
1055,Success,Math1113,0to2
1056,Success,Math1113,0to2
1057,Success,Math1113,0to2
1058,Success,Math1113,0to2
1059,Success,Math1113,0to2
1060,Success,Math1113,0to2
1061,Success,Math1113,0to2
1062,Success,Math1113,0to2
1063,Failure,Math1113,0to2
1064,Success,Math1113,0to2
1065,Success,Math1113,0to2
1066,Success,Math1113,0to2
1067,Success,Math1113,0to2
1068,Success,Math1113,0to2
1069,Failure,Math1113,0to2
1070,Success,Math1113,0to2
1071,Success,Math1113,0to2
1072,Success,Math1113,0to2
1073,Success,Math1113,0to2
1074,Failure,Math1113,0to2
1075,Success,Math1113,0to2
1076,Success,Math1113,0to2
1077,Success,Math1113,0to2
1078,Failure,Math1113,0to2
1079,Success,Math1113,0to2
1080,Success,Math1113,0to2
1081,Success,Math1113,0to2
1082,Success,Math1113,0to2
1083,Success,Math1113,0to2
1084,Success,Math1113,0to2
1085,Success,Math1113,0to2
1086,Success,Math1113,0to2
1087,Success,Math1113,0to2
1088,Success,Math1113,0to2
1089,Success,Math1113,0to2
1090,Success,Math1113,0to2
1091,Success,Math1113,0to2
1092,Success,Math1113,0to2
1093,Success,Math1113,0to2
1094,Success,Math1113,0to2
1095,Success,Math1113,0to2
1096,Success,Math1113,0to2
1097,Success,Math1113,0to2
1098,Success,Math1113,0to2
1099,Success,Math1113,0to2
1100,Success,Math1113,0to2
1101,Success,Math1113,0to2
1102,Success,Math1113,0to2
1103,Success,Math1113,0to2
1104,Success,Math1113,0to2
1105,Success,Math1113,0to2
1106,Success,Math1113,0to2
1107,Success,Math1113,0to2
1108,Success,Math1113,0to2
1109,Success,Math1113,0to2
1110,Success,Math1113,0to2
1111,Success,Math1113,0to2
1112,Success,Math1113,0to2
1113,Success,Math1113,0to2
1114,Success,Math1113,0to2
1115,Success,Math1113,0to2
1116,Success,Math1113,0to2
1117,Success,Math1113,0to2
1118,Success,Math1113,0to2
1119,Success,Math1113,0to2
1120,Success,Math1113,0to2
1121,Failure,Math1113,0to2
1122,Success,Math1113,0to2
1123,Success,Math1113,0to2
1124,Success,Math1113,0to2
1125,Success,Math1113,0to2
1126,Success,Math1113,0to2
1127,Success,Math1113,0to2
1128,Success,Math1113,0to2
1129,Success,Math1113,0to2
1130,Success,Math1113,0to2
1131,Success,Math1113,0to2
1132,Success,Math1113,0to2
1133,Failure,Math1113,0to2
1134,Success,Math1113,0to2
1135,Success,Math1113,0to2
1136,Success,Math1113,0to2
1137,Success,Math1113,0to2
1138,Success,Math1113,0to2
1139,Success,Math1113,0to2
1140,Success,Math1113,0to2
1141,Success,Math1113,0to2
1142,Success,Math1113,0to2
1143,Success,Math1113,0to2
1144,Success,Math1113,0to2
1145,Success,Math1113,0to2
1146,Success,Math1113,0to2
1147,Success,Math1113,0to2
1148,Success,Math1113,0to2
1149,Success,Math1113,0to2
1150,Success,Math1113,0to2
1151,Success,Math1113,0to2
1152,Success,Math1113,0to2
1153,Success,Math1113,0to2
1154,Success,Math1113,0to2
1155,Success,Math1113,0to2
1156,Success,Math1113,0to2
1157,Success,Math1113,0to2
1158,Success,Math1113,0to2
1159,Failure,Math1113,0to2
1160,Success,Math1113,0to2
1161,Success,Math1113,0to2
1162,Success,Math1113,0to2
1163,Success,Math1113,0to2
1164,Success,Math1113,0to2
1165,Failure,Math1113,0to2
1166,Success,Math1113,0to2
1167,Failure,Math1113,0to2
1168,Success,Math1113,0to2
1169,Success,Math1113,0to2
1170,Success,Math1113,0to2
1171,Success,Math1113,0to2
1172,Failure,Math1113,0to2
1173,Success,Math1113,0to2
1174,Success,Math1113,0to2
1175,Failure,Math1113,0to2
1176,Success,Math1113,0to2
1177,Success,Math1113,0to2
1178,Success,Math1113,0to2
1179,Success,Math1113,0to2
1180,Success,Math1113,0to2
1181,Success,Math1113,0to2
1182,Success,Math1113,0to2
1183,Success,Math1113,0to2
1184,Success,Math1113,0to2
1185,Success,Math1113,0to2
1186,Failure,Math1113,0to2
1187,Success,Math1113,0to2
1188,Success,Math1113,0to2
1189,Success,Math1113,0to2
1190,Failure,Math1113,0to2
1191,Success,Math1113,0to2
1192,Success,Math1113,0to2
1193,Success,Math1113,0to2
1194,Success,Math1113,0to2
1195,Success,Math1113,0to2
1196,Success,Math1113,0to2
1197,Success,Math1113,0to2
1198,Success,Math1113,0to2
1199,Success,Math1113,0to2
1200,Success,Math1113,0to2
1201,Success,Math1113,0to2
1202,Success,Math1113,0to2
1203,Success,Math1113,0to2
1204,Success,Math1113,0to2
1205,Success,Math1113,0to2
1206,Success,Math1113,0to2
1207,Success,Math1113,0to2
1208,Success,Math1113,0to2
1209,Success,Math1113,0to2
1210,Success,Math1113,0to2
1211,Success,Math1113,0to2
1212,Success,Math1113,0to2
1213,Success,Math1113,0to2
1214,Success,Math1113,0to2
1215,Success,Math1113,0to2
1216,Success,Math1113,0to2
1217,Success,Math1113,0to2
1218,Success,Math1113,0to2
1219,Success,Math1113,0to2
1220,Success,Math1113,0to2
1221,Success,Math1113,0to2
1222,Success,Math1113,0to2
1223,Success,Math1113,0to2
1224,Success,Math1113,0to2
1225,Success,Math1113,0to2
1226,Success,Math1113,0to2
1227,Success,Math1113,0to2
1228,Success,Math1113,0to2
1229,Success,Math1113,0to2
1230,Success,Math1113,0to2
1231,Success,Math1113,0to2
1232,Success,Math1113,0to2
1233,Success,Math1113,0to2
1234,Failure,Math1113,0to2
1235,Success,Math1113,0to2
1236,Success,Math1113,0to2
1237,Success,Math1113,0to2
1238,Success,Math1113,0to2
1239,Success,Math1113,0to2
1240,Success,Math1113,0to2
1241,Success,Math1113,0to2
1242,Success,Math1113,0to2
1243,Success,Math1113,0to2
1244,Failure,Math1113,0to2
1245,Failure,Math1113,0to2
1246,Success,Math1113,0to2
1247,Success,Math1113,0to2
1248,Success,Math1113,0to2
1249,Success,Math1113,0to2
1250,Success,Math1113,0to2
1251,Success,Math1113,0to2
1252,Success,Math1113,0to2
1253,Success,Math1113,0to2
1254,Success,Math1113,0to2
1255,Success,Math1113,0to2
1256,Success,Math1113,0to2
1257,Success,Math1113,0to2
1258,Success,Math1113,0to2
1259,Success,Math1113,0to2
1260,Success,Math1113,0to2
1261,Success,Math1113,0to2
1262,Success,Math1113,0to2
1263,Success,Math1113,0to2
1264,Failure,Math1113,0to2
1265,Success,Math1113,0to2
1266,Success,Math1113,0to2
1267,Success,Math1113,0to2
1268,Success,Math1113,0to2
1269,Success,Math1113,0to2
1270,Success,Math1113,0to2
1271,Failure,Math1113,0to2
1272,Failure,Math1113,0to2
1273,Success,Math1113,0to2
1274,Failure,Math1113,0to2
1275,Success,Math1113,0to2
1276,Success,Math1113,0to2
1277,Failure,Math1113,0to2
1278,Failure,Math1113,0to2
1279,Success,Math1113,0to2
1280,Success,Math1113,0to2
1281,Failure,Math1113,0to2
1282,Success,Math1113,0to2
1283,Success,Math1113,0to2
1284,Success,Math1113,0to2
1285,Failure,Math1113,0to2
1286,Success,Math1113,0to2
1287,Success,Math1113,0to2
1288,Success,Math1113,0to2
1289,Success,Math1113,0to2
1290,Failure,Math1113,0to2
1291,Failure,Math1113,0to2
1292,Success,Math1113,0to2
1293,Success,Math1113,0to2
1294,Success,Math1113,0to2
1295,Success,Math1113,0to2
1296,Success,Math1113,0to2
1297,Success,Math1113,0to2
1298,Success,Math1113,0to2
1299,Success,Math1113,0to2
1300,Success,Math1113,0to2
1301,Success,Math1113,0to2
1302,Success,Math1113,0to2
1303,Success,Math1113,0to2
1304,Success,Math1113,0to2
1305,Success,Math1113,0to2
1306,Success,Math1113,0to2
1307,Success,Math1113,0to2
1308,Failure,Math1113,0to2
1309,Success,Math1113,0to2
1310,Success,Math1113,0to2
1311,Success,Math1113,0to2
1312,Failure,Math1113,0to2
1313,Failure,Math1113,0to2
1314,Success,Math1113,0to2
1315,Success,Math1113,0to2
1316,Success,Math1113,0to2
1317,Failure,Math1113,0to2
1318,Failure,Math1113,0to2
1319,Failure,Math1113,0to2
1320,Failure,Math1113,0to2
1321,Failure,Math1113,0to2
1322,Success,Math1113,0to2
1323,Success,Math1113,0to2
1324,Success,Math1113,0to2
1325,Success,Math1113,0to2
1326,Success,Math1113,0to2
1327,Success,Math1113,0to2
1328,Success,Math1113,0to2
1329,Success,Math1113,0to2
1330,Failure,Math1113,0to2
1331,Failure,Math1113,0to2
1332,Success,Math1113,0to2
1333,Success,Math1113,0to2
1334,Success,Math1113,0to2
1335,Success,Math1113,0to2
1336,Success,Math1113,0to2
1337,Success,Math1113,0to2
1338,Success,Math1113,0to2
1339,Success,Math1113,0to2
1340,Success,Math1113,0to2
1341,Success,Math1113,0to2
1342,Success,Math1113,0to2
1343,Success,Math1113,0to2
1344,Success,Math1113,0to2
1345,Success,Math1113,0to2
1346,Success,Math1113,0to2
1347,Success,Math1113,0to2
1348,Success,Math1113,0to2
1349,Failure,Math1113,0to2
1350,Success,Math1113,0to2
1351,Success,Math1113,0to2
1352,Success,Math1113,0to2
1353,Success,Math1113,0to2
1354,Failure,Math1113,0to2
1355,Failure,Math1113,0to2
1356,Failure,Math1113,0to2
1357,Success,Math1113,0to2
1358,Success,Math1113,0to2
1359,Success,Math1113,0to2
1360,Success,Math1113,0to2
1361,Success,Math1113,0to2
1362,Failure,Math1113,0to2
1363,Success,Math1113,0to2
1364,Success,Math1113,0to2
1365,Success,Math1113,0to2
1366,Success,Math1113,0to2
1367,Success,Math1113,0to2
1368,Success,Math1113,0to2
1369,Success,Math1113,0to2
1370,Success,Math1113,0to2
1371,Success,Math1113,0to2
1372,Success,Math1113,0to2
1373,Success,Math1113,0to2
1374,Success,Math1113,0to2
1375,Success,Math1113,0to2
1376,Success,Math1113,0to2
1377,Success,Math1113,0to2
1378,Failure,Math1113,0to2
1379,Success,Math1113,0to2
1380,Success,Math1113,0to2
1381,Success,Math1113,0to2
1382,Success,Math1113,0to2
1383,Success,Math1113,0to2
1384,Success,Math1113,0to2
1385,Success,Math1113,0to2
1386,Success,Math1113,0to2
1387,Success,Math1113,0to2
1388,Failure,Math1113,0to2
1389,Failure,Math1113,0to2
1390,Failure,Math1113,0to2
1391,Success,Math1113,0to2
1392,Success,Math1113,0to2
1393,Success,Math1113,0to2
1394,Failure,Math1113,0to2
1395,Success,Math1113,0to2
1396,Success,Math1113,0to2
1397,Success,Math1113,0to2
1398,Success,Math1113,0to2
1399,Success,Math1113,0to2
1400,Success,Math1113,0to2
1401,Failure,Math1113,0to2
1402,Success,Math1113,0to2
1403,Failure,Math1113,0to2
1404,Success,Math1113,0to2
1405,Failure,Math1113,0to2
1406,Success,Math1113,0to2
1407,Success,Math1113,0to2
1408,Success,Math1113,0to2
1409,Failure,Math1113,0to2
1410,Failure,Math1113,0to2
1411,Success,Math1113,0to2
1412,Success,Math1113,0to2
1413,Success,Math1113,0to2
1414,Success,Math1113,0to2
1415,Success,Math1113,0to2
1416,Success,Math1113,0to2
1417,Success,Math1113,0to2
1418,Success,Math1113,0to2
1419,Success,Math1113,0to2
1420,Success,Math1113,0to2
1421,Success,Math1113,0to2
1422,Success,Math1113,0to2
1423,Success,Math1113,0to2
1424,Success,Math1113,0to2
1425,Success,Math1113,0to2
1426,Failure,Math1113,0to2
1427,Success,Math1113,0to2
1428,Success,Math1113,0to2
1429,Success,Math1113,0to2
1430,Success,Math1113,0to2
1431,Failure,Math1113,0to2
1432,Failure,Math1113,0to2
1433,Success,Math1113,0to2
1434,Success,Math1113,0to2
1435,Success,Math1113,0to2
1436,Success,Math1113,0to2
1437,Success,Math1113,0to2
1438,Success,Math1113,0to2
1439,Success,Math1113,0to2
1440,Success,Math1113,0to2
1441,Success,Math1113,0to2
1442,Failure,Math1113,0to2
1443,Success,Math1113,0to2
1444,Success,Math1113,0to2
1445,Failure,Math1113,0to2
1446,Success,Math1113,0to2
1447,Failure,Math1113,0to2
1448,Success,Math1113,0to2
1449,Success,Math1113,0to2
1450,Success,Math1113,0to2
1451,Failure,Math1113,0to2
1452,Success,Math1113,0to2
1453,Success,Math1113,0to2
1454,Success,Math1113,0to2
1455,Success,Math1113,0to2
1456,Success,Math1113,0to2
1457,Success,Math1113,0to2
1458,Success,Math1113,0to2
1459,Success,Math1113,0to2
1460,Success,Math1113,0to2
1461,Failure,Math1113,0to2
1462,Success,Math1113,0to2
1463,Success,Math1113,0to2
1464,Success,Math1113,0to2
1465,Success,Math1113,0to2
1466,Success,Math1113,0to2
1467,Success,Math1113,0to2
1468,Success,Math1113,0to2
1469,Success,Math1113,0to2
1470,Success,Math1113,0to2
1471,Success,Math1113,0to2
1472,Success,Math1113,0to2
1473,Success,Math1113,0to2
1474,Success,Math1113,0to2
1475,Success,Math1113,0to2
1476,Success,Math1113,0to2
1477,Success,Math1113,0to2
1478,Success,Math1113,0to2
1479,Failure,Math1113,0to2
1480,Success,Math1113,0to2
1481,Success,Math1113,0to2
1482,Success,Math1113,0to2
1483,Success,Math1113,0to2
1484,Success,Math1113,0to2
1485,Success,Math1113,0to2
1486,Success,Math1113,0to2
1487,Failure,Math1113,0to2
1488,Success,Math1113,0to2
1489,Success,Math1113,0to2
1490,Failure,Math1113,0to2
1491,Success,Math1113,0to2
1492,Failure,Math1113,0to2
1493,Success,Math1113,0to2
1494,Failure,Math1113,0to2
1495,Failure,Math1113,0to2
1496,Failure,Math1113,0to2
1497,Success,Math1113,0to2
1498,Success,Math1113,0to2
1499,Success,Math1113,0to2
1500,Success,Math1113,0to2
1501,Success,Math1113,0to2
1502,Success,Math1113,0to2
1503,Success,Math1113,0to2
1504,Success,Math1113,0to2
1505,Success,Math1113,0to2
1506,Failure,Math1113,0to2
1507,Failure,Math1113,0to2
1508,Success,Math1113,0to2
1509,Success,Math1113,0to2
1510,Failure,Math1113,0to2
1511,Success,Math1113,0to2
1512,Success,Math1113,0to2
1513,Success,Math1113,0to2
1514,Failure,Math1113,0to2
1515,Success,Math1113,0to2
1516,Success,Math1113,0to2
1517,Success,Math1113,0to2
1518,Success,Math1113,0to2
1519,Success,Math1113,0to2
1520,Success,Math1113,0to2
1521,Failure,Math1113,0to2
1522,Success,Math1113,0to2
1523,Failure,Math1113,0to2
1524,Success,Math1113,0to2
1525,Success,Math1113,0to2
1526,Success,Math1113,0to2
1527,Success,Math1113,0to2
1528,Failure,Math1113,0to2
1529,Success,Math1113,0to2
1530,Success,Math1113,0to2
1531,Success,Math1113,0to2
1532,Success,Math1113,0to2
1533,Success,Math1113,0to2
1534,Success,Math1113,0to2
1535,Success,Math1113,0to2
1536,Failure,Math1113,0to2
1537,Success,Math1113,0to2
1538,Failure,Math1113,0to2
1539,Failure,Math1113,0to2
1540,Failure,Math1113,0to2
1541,Success,Math1113,0to2
1542,Failure,Math1113,0to2
1543,Success,Math1113,0to2
1544,Failure,Math1113,0to2
1545,Success,Math1113,0to2
1546,Success,Math1113,0to2
1547,Success,Math1113,0to2
1548,Success,Math1113,0to2
1549,Success,Math1113,0to2
1550,Success,Math1113,0to2
1551,Success,Math1113,0to2
1552,Success,Math1113,0to2
1553,Success,Math1113,0to2
1554,Success,Math1113,0to2
1555,Success,Math1113,0to2
1556,Success,Math1113,0to2
1557,Success,Math1113,0to2
1558,Success,Math1113,0to2
1559,Success,Math1113,0to2
1560,Success,Math1113,0to2
1561,Success,Math1113,0to2
1562,Success,Math1113,0to2
1563,Success,Math1113,0to2
1564,Success,Math1113,0to2
1565,Success,Math1113,0to2
1566,Success,Math1113,0to2
1567,Success,Math1113,0to2
1568,Failure,Math1113,0to2
1569,Success,Math1113,0to2
1570,Success,Math1113,0to2
1571,Success,Math1113,0to2
1572,Success,Math1113,0to2
1573,Success,Math1113,0to2
1574,Success,Math1113,0to2
1575,Success,Math1113,0to2
1576,Success,Math1113,0to2
1577,Success,Math1113,0to2
1578,Success,Math1113,0to2
1579,Success,Math1113,0to2
1580,Failure,Math1113,0to2
1581,Success,Math1113,0to2
1582,Success,Math1113,0to2
1583,Success,Math1113,0to2
1584,Success,Math1113,0to2
1585,Success,Math1113,0to2
1586,Success,Math1113,0to2
1587,Failure,Math1113,0to2
1588,Success,Math1113,0to2
1589,Success,Math1113,0to2
1590,Success,Math1113,0to2
1591,Success,Math1113,0to2
1592,Success,Math1113,0to2
1593,Success,Math1113,0to2
1594,Failure,Math1113,0to2
1595,Success,Math1113,0to2
1596,Success,Math1113,0to2
1597,Success,Math1113,0to2
1598,Success,Math1113,0to2
1599,Success,Math1113,0to2
1600,Success,Math1113,0to2
1601,Success,Math1113,0to2
1602,Success,Math1113,0to2
1603,Success,Math1113,0to2
1604,Success,Math1113,0to2
1605,Success,Math1113,0to2
1606,Failure,Math1113,0to2
1607,Success,Math1113,0to2
1608,Success,Math1113,0to2
1609,Success,Math1113,0to2
1610,Success,Math1113,0to2
1611,Success,Math1113,0to2
1612,Success,Math1113,0to2
1613,Success,Math1113,0to2
1614,Success,Math1113,0to2
1615,Success,Math1113,0to2
1616,Success,Math1113,0to2
1617,Success,Math1113,0to2
1618,Success,Math1113,0to2
1619,Success,Math1113,0to2
1620,Failure,Math1113,0to2
1621,Success,Math1113,0to2
1622,Success,Math1113,0to2
1623,Success,Math1113,0to2
1624,Success,Math1113,0to2
1625,Failure,Math1113,0to2
1626,Success,Math1113,0to2
1627,Failure,Math1113,0to2
1628,Success,Math1113,0to2
1629,Success,Math1113,0to2
1630,Failure,Math1113,0to2
1631,Success,Math1113,0to2
1632,Failure,Math1113,0to2
1633,Failure,Math1113,0to2
1634,Success,Math1113,0to2
1635,Success,Math1113,0to2
1636,Success,Math1113,0to2
1637,Success,Math1113,0to2
1638,Success,Math1113,0to2
1639,Success,Math1113,0to2
1640,Failure,Math1113,0to2
1641,Success,Math1113,0to2
1642,Success,Math1113,0to2
1643,Success,Math1113,0to2
1644,Success,Math1113,0to2
1645,Failure,Math1113,0to2
1646,Success,Math1113,0to2
1647,Success,Math1113,0to2
1648,Success,Math1113,0to2
1649,Success,Math1113,0to2
1650,Success,Math1113,0to2
1651,Success,Math1113,0to2
1652,Failure,Math1113,0to2
1653,Success,Math1113,0to2
1654,Failure,Math1113,0to2
1655,Success,Math1113,0to2
1656,Failure,Math1113,0to2
1657,Success,Math1113,0to2
1658,Success,Math1113,0to2
1659,Success,Math1113,0to2
1660,Success,Math1113,0to2
1661,Success,Math1113,0to2
1662,Success,Math1113,0to2
1663,Success,Math1113,0to2
1664,Success,Math1113,0to2
1665,Failure,Math1113,0to2
1666,Failure,Math1113,0to2
1667,Success,Math1113,0to2
1668,Success,Math1113,0to2
1669,Success,Math1113,0to2
1670,Success,Math1113,0to2
1671,Success,Math1113,0to2
1672,Success,Math1113,0to2
1673,Success,Math1113,0to2
1674,Failure,Math1113,0to2
1675,Failure,Math1113,0to2
1676,Failure,Math1113,0to2
1677,Success,Math1113,0to2
1678,Success,Math1113,0to2
1679,Success,Math1113,0to2
1680,Success,Math1113,0to2
1681,Success,Math1113,0to2
1682,Success,Math1113,0to2
1683,Success,Math1113,0to2
1684,Failure,Math1113,0to2
1685,Failure,Math1113,0to2
1686,Success,Math1113,0to2
1687,Success,Math1113,0to2
1688,Success,Math1113,0to2
1689,Success,Math1113,0to2
1690,Success,Math1113,0to2
1691,Success,Math1113,0to2
1692,Success,Math1113,0to2
1693,Success,Math1113,0to2
1694,Success,Math1113,0to2
1695,Success,Math1113,0to2
1696,Success,Math1113,0to2
1697,Success,Math1113,0to2
1698,Success,Math1113,0to2
1699,Success,Math1113,0to2
1700,Success,Math1113,0to2
1701,Success,Math1113,0to2
1702,Success,Math1113,0to2
1703,Success,Math1113,0to2
1704,Success,Math1113,0to2
1705,Success,Math1113,0to2
1706,Success,Math1113,0to2
1707,Success,Math1113,0to2
1708,Success,Math1113,0to2
1709,Failure,Math1113,0to2
1710,Success,Math1113,0to2
1711,Success,Math1113,0to2
1712,Success,Math1113,0to2
1713,Success,Math1113,0to2
1714,Success,Math1113,0to2
1715,Success,Math1113,0to2
1716,Success,Math1113,0to2
1717,Success,Math1113,0to2
1718,Success,Math1003,0to2
1719,Success,Math1003,0to2
1720,Success,Math1003,0to2
1721,Success,Math1003,0to2
1722,Success,Math1003,0to2
1723,Success,Math1003,0to2
1724,Failure,Math1003,0to2
1725,Success,Math1003,0to2
1726,Success,Math1003,0to2
1727,Success,Math1003,0to2
1728,Success,Math1003,0to2
1729,Success,Math1003,0to2
1730,Success,Math1003,0to2
1731,Failure,Math1003,0to2
1732,Failure,Math1003,0to2
1733,Success,Math1003,0to2
1734,Success,Math1003,0to2
1735,Failure,Math1003,0to2
1736,Success,Math1003,0to2
1737,Success,Math1003,0to2
1738,Failure,Math1003,0to2
1739,Success,Math1003,0to2
1740,Failure,Math1003,0to2
1741,Failure,Math1003,0to2
1742,Success,Math1003,0to2
1743,Failure,Math1003,0to2
1744,Failure,Math1003,0to2
1745,Failure,Math1003,0to2
1746,Success,Math1003,0to2
1747,Success,Math1003,0to2
1748,Success,Math1003,0to2
1749,Failure,Math1003,0to2
1750,Success,Math1003,0to2
1751,Success,Math1003,0to2
1752,Success,Math1003,0to2
1753,Success,Math1003,0to2
1754,Success,Math1003,0to2
1755,Success,Math1003,0to2
1756,Success,Math1003,0to2
1757,Failure,Math1003,0to2
1758,Success,Math1003,0to2
1759,Success,Math1003,0to2
1760,Success,Math1003,0to2
1761,Success,Math1003,0to2
1762,Success,Math1003,0to2
1763,Failure,Math1003,0to2
1764,Failure,Math1003,0to2
1765,Failure,Math1003,0to2
1766,Success,Math1003,0to2
1767,Success,Math1003,0to2
1768,Success,Math1003,0to2
1769,Success,Math1003,0to2
1770,Success,Math1003,0to2
1771,Failure,Math1003,0to2
1772,Success,Math1003,0to2
1773,Success,Math1003,0to2
1774,Success,Math1003,0to2
1775,Success,Math1003,0to2
1776,Failure,Math1003,0to2
1777,Failure,Math1003,0to2
1778,Success,Math1003,0to2
1779,Success,Math1003,0to2
1780,Success,Math1003,0to2
1781,Success,Math1003,0to2
1782,Success,Math1003,0to2
1783,Success,Math1003,0to2
1784,Failure,Math1003,0to2
1785,Success,Math1003,0to2
1786,Success,Math1003,0to2
1787,Failure,Math1003,0to2
1788,Failure,Math1003,0to2
1789,Failure,Math1003,0to2
1790,Success,Math1003,0to2
1791,Success,Math1003,0to2
1792,Failure,Math1003,0to2
1793,Failure,Math1003,0to2
1794,Success,Math1003,0to2
1795,Failure,Math1003,0to2
1796,Success,Math1003,0to2
1797,Failure,Math1003,0to2
1798,Success,Math1003,0to2
1799,Failure,Math1003,0to2
1800,Failure,Math1003,0to2
1801,Success,Math1003,0to2
1802,Failure,Math1003,0to2
1803,Success,Math1003,0to2
1804,Success,Math1003,0to2
1805,Success,Math1003,0to2
1806,Success,Math1003,0to2
1807,Failure,Math1003,0to2
1808,Success,Math1003,0to2
1809,Success,Math1003,0to2
1810,Success,Math1003,0to2
1811,Success,Math1003,0to2
1812,Success,Math1003,0to2
1813,Success,Math1003,0to2
1814,Success,Math1003,0to2
1815,Success,Math1003,0to2
1816,Success,Math1003,0to2
1817,Failure,Math1003,0to2
1818,Failure,Math1003,0to2
1819,Success,Math1003,0to2
1820,Success,Math1003,0to2
1821,Success,Math1003,0to2
1822,Success,Math1003,0to2
1823,Failure,Math1003,0to2
1824,Success,Math1003,0to2
1825,Success,Math1003,0to2
1826,Success,Math1003,0to2
1827,Success,Math1003,0to2
1828,Success,Math1003,0to2
1829,Success,Math1003,0to2
1830,Success,Math1003,0to2
1831,Success,Math1003,0to2
1832,Success,Math1003,0to2
1833,Failure,Math1003,0to2
1834,Failure,Math1003,0to2
1835,Success,Math1003,0to2
1836,Success,Math1003,0to2
1837,Failure,Math1003,0to2
1838,Failure,Math1003,0to2
1839,Failure,Math1003,0to2
1840,Success,Math1003,0to2
1841,Success,Math1003,0to2
1842,Success,Math1003,0to2
1843,Success,Math1003,0to2
1844,Failure,Math1003,0to2
1845,Success,Math1003,0to2
1846,Success,Math1003,0to2
1847,Success,Math1003,0to2
1848,Failure,Math1003,0to2
1849,Failure,Math1003,0to2
1850,Success,Math1003,0to2
1851,Success,Math1003,0to2
1852,Failure,Math1003,0to2
1853,Failure,Math1003,0to2
1854,Failure,Math1003,0to2
1855,Success,Math1003,0to2
1856,Success,Math1003,0to2
1857,Success,Math1003,0to2
1858,Success,Math1003,0to2
1859,Failure,Math1003,0to2
1860,Success,Math1003,0to2
1861,Failure,Math1113,0to2
1862,Success,Math1113,0to2
1863,Failure,Math1113,0to2
1864,Failure,Math1113,0to2
1865,Failure,Math1113,0to2
1866,Failure,Math1113,0to2
1867,Success,Math1113,0to2
1868,Success,Math1113,0to2
1869,Failure,Math1113,0to2
1870,Success,Math1113,0to2
1871,Success,Math1113,0to2
1872,Success,Math1113,0to2
1873,Failure,Math1113,0to2
1874,Failure,Math1113,0to2
1875,Failure,Math1113,0to2
1876,Failure,Math1113,0to2
1877,Failure,Math1113,0to2
1878,Failure,Math1113,0to2
1879,Failure,Math1113,0to2
1880,Success,Math1113,0to2
1881,Failure,Math1113,0to2
1882,Success,Math1113,0to2
1883,Failure,Math1113,0to2
1884,Success,Math1113,0to2
1885,Success,Math1113,0to2
1886,Success,Math1113,0to2
1887,Failure,Math1113,0to2
1888,Success,Math1113,0to2
1889,Success,Math1113,0to2
1890,Failure,Math1113,0to2
1891,Success,Math1113,0to2
1892,Success,Math1113,0to2
1893,Success,Math1113,0to2
1894,Success,Math1113,0to2
1895,Success,Math1113,0to2
1896,Failure,Math1113,0to2
1897,Failure,Math1113,0to2
1898,Failure,Math1113,0to2
1899,Failure,Math1113,0to2
1900,Failure,Math1113,0to2
1901,Failure,Math1113,0to2
1902,Failure,Math1113,0to2
1903,Success,Math1113,0to2
1904,Success,Math1113,0to2
1905,Success,Math1113,0to2
1906,Success,Math1113,0to2
1907,Failure,Math1113,0to2
1908,Failure,Math1113,0to2
1909,Failure,Math1113,0to2
1910,Success,Math1113,0to2
1911,Failure,Math1113,0to2
1912,Failure,Math1113,0to2
1913,Success,Math1113,0to2
1914,Failure,Math1113,0to2
1915,Success,Math1113,0to2
1916,Failure,Math1113,0to2
1917,Success,Math1113,0to2
1918,Success,Math1113,0to2
1919,Success,Math1113,0to2
1920,Success,Math1113,0to2
1921,Failure,Math1113,0to2
1922,Failure,Math1113,0to2
1923,Failure,Math1113,0to2
1924,Failure,Math1113,0to2
1925,Failure,Math1113,0to2
1926,Failure,Math1113,0to2
1927,Success,Math1113,0to2
1928,Success,Math1113,0to2
1929,Success,Math1113,0to2
1930,Failure,Math1113,0to2
1931,Success,Math1113,0to2
1932,Success,Math1113,0to2
1933,Success,Math1113,0to2
1934,Failure,Math1113,0to2
1935,Success,Math1113,0to2
1936,Success,Math1113,0to2
1937,Success,Math1113,0to2
1938,Success,Math1113,0to2
1939,Failure,Math1113,0to2
1940,Success,Math1113,0to2
1941,Failure,Math1113,0to2
1942,Success,Math1113,0to2
1943,Success,Math1113,0to2
1944,Success,Math1113,0to2
1945,Success,Math1113,0to2
1946,Failure,Math1113,0to2
1947,Failure,Math1113,0to2
1948,Failure,Math1113,0to2
1949,Success,Math1113,0to2
1950,Failure,Math1113,0to2
1951,Success,Math1113,0to2
1952,Success,Math1113,0to2
1953,Success,Math1113,0to2
1954,Success,Math1113,0to2
1955,Failure,Math1113,0to2
1956,Failure,Math1113,0to2
1957,Success,Math1113,0to2
1958,Failure,Math1113,0to2
1959,Success,Math1113,0to2
1960,Failure,Math1113,0to2
1961,Success,Math1113,0to2
1962,Failure,Math1113,0to2
1963,Failure,Math1113,0to2
1964,Failure,Math1113,0to2
1965,Success,Math1113,0to2
1966,Success,Math1113,0to2
1967,Success,Math1113,0to2
1968,Failure,Math1113,0to2
1969,Failure,Math1113,0to2
1970,Failure,Math1113,0to2
1971,Success,Math1113,0to2
1972,Success,Math1113,0to2
1973,Failure,Math1113,0to2
1974,Success,Math1113,0to2
1975,Success,Math1113,0to2
1976,Failure,Math1113,0to2
1977,Failure,Math1113,0to2
1978,Failure,Math1113,0to2
1979,Failure,Math1113,0to2
1980,Failure,Math1113,0to2
1981,Failure,Math1113,0to2
1982,Success,Math1113,0to2
1983,Success,Math1113,0to2
1984,Success,Math1113,0to2
1985,Success,Math1113,0to2
1986,Failure,Math1113,0to2
1987,Failure,Math1113,0to2
1988,Failure,Math1113,0to2
1989,Success,Math1113,0to2
1990,Failure,Math1113,0to2
1991,Failure,Math1113,0to2
1992,Failure,Math1113,0to2
1993,Failure,Math1113,0to2
1994,Failure,Math1113,0to2
1995,Failure,Math1113,0to2
1996,Success,Math1113,0to2
1997,Success,Math1113,0to2
1998,Failure,Math1113,0to2
1999,Failure,Math1113,0to2
2000,Failure,Math1113,0to2
2001,Failure,Math1113,0to2
2002,Success,Math1113,0to2
2003,Success,Math1113,0to2
2004,Success,Math1113,0to2
2005,Success,Math1113,0to2
2006,Failure,Math1113,0to2
2007,Success,Math1113,0to2
2008,Success,Math1113,0to2
2009,Success,Math1113,0to2
2010,Success,Math1113,0to2
2011,Failure,Math1113,0to2
2012,Success,Math1113,0to2
2013,Success,Math1113,0to2
2014,Failure,Math1113,0to2
2015,Success,Math1113,0to2
2016,Success,Math1113,0to2
2017,Failure,Math1113,0to2
2018,Failure,Math1113,0to2
2019,Success,Math1113,0to2
2020,Failure,Math1113,0to2
2021,Failure,Math1113,0to2
2022,Failure,Math1113,0to2
2023,Failure,Math1113,0to2
2024,Success,Math1113,0to2
2025,Success,Math1113,0to2
2026,Failure,Math1113,0to2
2027,Success,Math1113,0to2
2028,Failure,Math1113,0to2
2029,Failure,Math1113,0to2
2030,Success,Math1113,0to2
2031,Success,Math1113,0to2
2032,Success,Math1113,0to2
2033,Success,Math1113,0to2
2034,Success,Math1113,0to2
2035,Failure,Math1113,0to2
2036,Success,Math1113,0to2
2037,Success,Math1113,0to2
2038,Failure,Math1113,0to2
2039,Failure,Math1113,0to2
2040,Failure,Math1113,0to2
2041,Failure,Math1113,0to2
2042,Failure,Math1113,0to2
2043,Success,Math1113,0to2
2044,Failure,Math1113,0to2
2045,Failure,Math1113,0to2
2046,Failure,Math1113,0to2
2047,Failure,Math1113,0to2
2048,Failure,Math1113,0to2
2049,Success,Math1113,0to2
2050,Failure,Math1113,0to2
2051,Failure,Math1113,0to2
2052,Success,Math1113,0to2
2053,Failure,Math1113,0to2
2054,Success,Math1113,0to2
2055,Failure,Math1113,0to2
2056,Success,Math1113,0to2
2057,Failure,Math1113,0to2
2058,Success,Math1113,0to2
2059,Failure,Math1113,0to2
2060,Failure,Math1113,0to2
2061,Failure,Math1113,0to2
2062,Success,Math1113,0to2
2063,Success,Math1113,0to2
2064,Failure,Math1113,0to2
2065,Success,Math1113,0to2
2066,Failure,Math1003,0to2
2067,Success,Math1003,0to2
2068,Success,Math1003,0to2
2069,Success,Math1003,0to2
2070,Success,Math1003,0to2
2071,Success,Math1003,0to2
2072,Success,Math1003,0to2
2073,Success,Math1003,0to2
2074,Success,Math1003,0to2
2075,Success,Math1003,0to2
2076,Failure,Math1003,0to2
2077,Success,Math1003,0to2
2078,Success,Math1003,0to2
2079,Success,Math1003,0to2
2080,Success,Math1003,0to2
2081,Success,Math1003,0to2
2082,Success,Math1003,0to2
2083,Success,Math1003,0to2
2084,Success,Math1003,0to2
2085,Success,Math1003,0to2
2086,Success,Math1003,0to2
2087,Success,Math1003,0to2
2088,Success,Math1003,0to2
2089,Success,Math1003,0to2
2090,Failure,Math1003,0to2
2091,Failure,Math1003,0to2
2092,Success,Math1003,0to2
2093,Success,Math1003,0to2
2094,Success,Math1003,0to2
2095,Success,Math1003,0to2
2096,Success,Math1003,0to2
2097,Success,Math1003,0to2
2098,Success,Math1003,0to2
2099,Success,Math1003,0to2
2100,Success,Math1003,0to2
2101,Success,Math1003,0to2
2102,Success,Math1003,0to2
2103,Success,Math1003,0to2
2104,Success,Math1003,0to2
2105,Success,Math1003,0to2
2106,Success,Math1003,0to2
2107,Success,Math1003,0to2
2108,Success,Math1003,0to2
2109,Failure,Math1003,0to2
2110,Success,Math1003,0to2
2111,Success,Math1003,0to2
2112,Success,Math1003,0to2
2113,Success,Math1003,0to2
2114,Success,Math1003,0to2
2115,Success,Math1003,0to2
2116,Success,Math1003,0to2
2117,Failure,Math1003,0to2
2118,Failure,Math1003,0to2
2119,Success,Math1003,0to2
2120,Success,Math1003,0to2
2121,Success,Math1003,0to2
2122,Success,Math1003,0to2
2123,Success,Math1003,0to2
2124,Success,Math1003,0to2
2125,Failure,Math1003,0to2
2126,Success,Math1003,0to2
2127,Success,Math1003,0to2
2128,Success,Math1003,0to2
2129,Success,Math1003,0to2
2130,Success,Math1003,0to2
2131,Success,Math1003,0to2
2132,Success,Math1003,0to2
2133,Success,Math1003,0to2
2134,Success,Math1003,0to2
2135,Success,Math1003,0to2
2136,Success,Math1003,0to2
2137,Success,Math1003,0to2
2138,Success,Math1003,0to2
2139,Success,Math1003,0to2
2140,Success,Math1003,0to2
2141,Success,Math1003,0to2
2142,Success,Math1003,0to2
2143,Failure,Math1003,0to2
2144,Success,Math1003,0to2
2145,Success,Math1003,0to2
2146,Success,Math1003,0to2
2147,Success,Math1003,0to2
2148,Success,Math1003,0to2
2149,Success,Math1003,0to2
2150,Success,Math1003,0to2
2151,Success,Math1003,0to2
2152,Success,Math1003,0to2
2153,Success,Math1003,0to2
2154,Success,Math1003,0to2
2155,Success,Math1003,0to2
2156,Success,Math1003,0to2
2157,Success,Math1003,0to2
2158,Success,Math1003,0to2
2159,Failure,Math1003,0to2
2160,Success,Math1003,0to2
2161,Success,Math1003,0to2
2162,Success,Math1003,0to2
2163,Success,Math1003,0to2
2164,Success,Math1003,0to2
2165,Failure,Math1003,0to2
2166,Success,Math1003,0to2
2167,Success,Math1003,0to2
2168,Failure,Math1003,0to2
2169,Success,Math1003,0to2
2170,Success,Math1003,0to2
2171,Success,Math1003,0to2
2172,Success,Math1003,0to2
2173,Success,Math1003,0to2
2174,Success,Math1003,0to2
2175,Success,Math1003,0to2
2176,Success,Math1003,0to2
2177,Success,Math1003,0to2
2178,Success,Math1003,0to2
2179,Failure,Math1003,0to2
2180,Failure,Math1003,0to2
2181,Failure,Math1003,0to2
2182,Failure,Math1003,0to2
2183,Success,Math1003,0to2
2184,Failure,Math1003,0to2
2185,Success,Math1003,0to2
2186,Success,Math1003,0to2
2187,Success,Math1003,0to2
2188,Success,Math1003,0to2
2189,Success,Math1003,0to2
2190,Success,Math1003,0to2
2191,Success,Math1003,0to2
2192,Failure,Math1003,0to2
2193,Success,Math1003,0to2
2194,Success,Math1003,0to2
2195,Success,Math1003,0to2
2196,Success,Math1003,0to2
2197,Success,Math1003,0to2
2198,Success,Math1003,0to2
2199,Success,Math1003,0to2
2200,Success,Math1003,0to2
2201,Success,Math1003,0to2
2202,Success,Math1003,0to2
2203,Success,Math1003,0to2
2204,Success,Math1003,0to2
2205,Success,Math1003,0to2
2206,Success,Math1003,0to2
2207,Success,Math1003,0to2
2208,Success,Math1003,0to2
2209,Success,Math1003,0to2
2210,Success,Math1003,0to2
2211,Success,Math1003,0to2
2212,Success,Math1003,0to2
2213,Success,Math1003,0to2
2214,Failure,Math1003,0to2
2215,Success,Math1003,0to2
2216,Failure,Math1003,0to2
2217,Success,Math1003,0to2
2218,Success,Math1003,0to2
2219,Success,Math1003,0to2
2220,Failure,Math1003,0to2
2221,Success,Math1003,0to2
2222,Failure,Math1003,0to2
2223,Success,Math1003,0to2
2224,Success,Math1003,0to2
2225,Success,Math1003,0to2
2226,Success,Math1003,0to2
2227,Success,Math1003,0to2
2228,Success,Math1003,0to2
2229,Success,Math1003,0to2
2230,Success,Math1003,0to2
2231,Success,Math1003,0to2
2232,Failure,Math1003,0to2
2233,Success,Math1003,0to2
2234,Success,Math1003,0to2
2235,Success,Math1003,0to2
2236,Success,Math1003,0to2
2237,Success,Math1003,0to2
2238,Success,Math1003,0to2
2239,Success,Math1003,0to2
2240,Success,Math1003,0to2
2241,Success,Math1003,0to2
2242,Success,Math1003,0to2
2243,Success,Math1003,0to2
2244,Failure,Math1003,0to2
2245,Success,Math1003,0to2
2246,Success,Math1003,0to2
2247,Success,Math1003,0to2
2248,Success,Math1003,0to2
2249,Success,Math1003,0to2
2250,Success,Math1003,0to2
2251,Failure,Math1003,0to2
2252,Success,Math1003,0to2
2253,Failure,Math1003,0to2
2254,Success,Math1003,0to2
2255,Success,Math1003,0to2
2256,Success,Math1003,0to2
2257,Success,Math1003,0to2
2258,Failure,Math1003,0to2
2259,Failure,Math1003,0to2
2260,Success,Math1003,0to2
2261,Success,Math1003,0to2
2262,Success,Math1003,0to2
2263,Failure,Math1003,0to2
2264,Success,Math1003,0to2
2265,Success,Math1003,0to2
2266,Failure,Math1003,0to2
2267,Failure,Math1003,0to2
2268,Failure,Math1003,0to2
2269,Failure,Math1003,0to2
2270,Success,Math1003,0to2
2271,Success,Math1003,0to2
2272,Failure,Math1003,0to2
2273,Success,Math1003,0to2
2274,Success,Math1003,0to2
2275,Success,Math1003,0to2
2276,Success,Math1003,0to2
2277,Success,Math1003,0to2
2278,Success,Math1003,0to2
2279,Success,Math1003,0to2
2280,Success,Math1003,0to2
2281,Success,Math1003,0to2
2282,Success,Math1003,0to2
2283,Success,Math1003,0to2
2284,Success,Math1003,0to2
2285,Success,Math1003,0to2
2286,Success,Math1003,0to2
2287,Success,Math1003,0to2
2288,Success,Math1003,0to2
2289,Failure,Math1003,0to2
2290,Failure,Math1003,0to2
2291,Success,Math1003,0to2
2292,Success,Math1003,0to2
2293,Failure,Math1003,0to2
2294,Success,Math1003,0to2
2295,Success,Math1003,0to2
2296,Success,Math1003,0to2
2297,Success,Math1003,0to2
2298,Success,Math1003,0to2
2299,Success,Math1003,0to2
2300,Success,Math1003,0to2
2301,Success,Math1003,0to2
2302,Success,Math1003,0to2
2303,Success,Math1003,0to2
2304,Failure,Math1003,0to2
2305,Success,Math1003,0to2
2306,Success,Math1003,0to2
2307,Success,Math1003,0to2
2308,Success,Math1003,0to2
2309,Success,Math1003,0to2
2310,Failure,Math1003,0to2
2311,Success,Math1003,0to2
2312,Success,Math1003,0to2
2313,Success,Math1003,0to2
2314,Success,Math1003,0to2
2315,Success,Math1003,0to2
2316,Success,Math1003,0to2
2317,Success,Math1003,0to2
2318,Success,Math1003,0to2
2319,Success,Math1003,0to2
2320,Failure,Math1003,0to2
2321,Success,Math1003,0to2
2322,Success,Math1003,0to2
2323,Success,Math1003,0to2
2324,Success,Math1003,0to2
2325,Success,Math1003,0to2
2326,Success,Math1003,0to2
2327,Success,Math1003,0to2
2328,Success,Math1003,0to2
2329,Success,Math1003,0to2
2330,Success,Math1003,0to2
2331,Success,Math1003,0to2
2332,Success,Math1003,0to2
2333,Success,Math1003,0to2
2334,Success,Math1003,0to2
2335,Success,Math1003,0to2
2336,Success,Math1003,0to2
2337,Failure,Math1003,0to2
2338,Success,Math1003,0to2
2339,Success,Math1003,0to2
2340,Success,Math1003,0to2
2341,Success,Math1003,0to2
2342,Success,Math1003,0to2
2343,Failure,Math1003,0to2
2344,Success,Math1003,0to2
2345,Success,Math1003,0to2
2346,Success,Math1003,0to2
2347,Failure,Math1003,0to2
2348,Success,Math1003,0to2
2349,Success,Math1003,0to2
2350,Success,Math1003,0to2
2351,Success,Math1003,0to2
2352,Success,Math1003,0to2
2353,Success,Math1003,0to2
2354,Success,Math1003,0to2
2355,Success,Math1003,0to2
2356,Success,Math1003,0to2
2357,Failure,Math1003,0to2
2358,Failure,Math1003,0to2
2359,Success,Math1003,0to2
2360,Failure,Math1003,0to2
2361,Success,Math1003,0to2
2362,Success,Math1003,0to2
2363,Success,Math1003,0to2
2364,Success,Math1003,0to2
2365,Success,Math1003,0to2
2366,Success,Math1003,0to2
2367,Success,Math1003,0to2
2368,Success,Math1003,0to2
2369,Success,Math1003,0to2
2370,Success,Math1003,0to2
2371,Success,Math1113,0to2
2372,Failure,Math1113,0to2
2373,Success,Math1113,0to2
2374,Success,Math1113,0to2
2375,Failure,Math1113,0to2
2376,Failure,Math1113,0to2
2377,Success,Math1113,0to2
2378,Success,Math1113,0to2
2379,Failure,Math1113,0to2
2380,Success,Math1113,0to2
2381,Success,Math1113,0to2
2382,Success,Math1113,0to2
2383,Success,Math1113,0to2
2384,Success,Math1113,0to2
2385,Success,Math1113,0to2
2386,Success,Math1113,0to2
2387,Failure,Math1113,0to2
2388,Failure,Math1113,0to2
2389,Failure,Math1113,0to2
2390,Success,Math1113,0to2
2391,Failure,Math1113,0to2
2392,Failure,Math1113,0to2
2393,Success,Math1113,0to2
2394,Success,Math1113,0to2
2395,Success,Math1113,0to2
2396,Failure,Math1113,0to2
2397,Failure,Math1113,0to2
2398,Failure,Math1113,0to2
2399,Failure,Math1113,0to2
2400,Failure,Math1113,0to2
2401,Failure,Math1113,0to2
2402,Failure,Math1113,0to2
2403,Success,Math1113,0to2
2404,Failure,Math1113,0to2
2405,Success,Math1113,0to2
2406,Failure,Math1113,0to2
2407,Success,Math1113,0to2
2408,Success,Math1113,0to2
2409,Success,Math1113,0to2
2410,Success,Math1113,0to2
2411,Success,Math1113,0to2
2412,Success,Math1113,0to2
2413,Success,Math1113,0to2
2414,Success,Math1113,0to2
2415,Success,Math1113,0to2
2416,Success,Math1113,0to2
2417,Success,Math1113,0to2
2418,Success,Math1113,0to2
2419,Success,Math1113,0to2
2420,Success,Math1113,0to2
2421,Success,Math1113,0to2
2422,Success,Math1113,0to2
2423,Failure,Math1113,0to2
2424,Success,Math1113,0to2
2425,Success,Math1113,0to2
2426,Success,Math1113,0to2
2427,Success,Math1113,0to2
2428,Success,Math1113,0to2
2429,Success,Math1113,0to2
2430,Success,Math1113,0to2
2431,Success,Math1113,0to2
2432,Failure,Math1113,0to2
2433,Success,Math1113,0to2
2434,Success,Math1113,0to2
2435,Success,Math1113,0to2
2436,Success,Math1113,0to2
2437,Success,Math1113,0to2
2438,Success,Math1113,0to2
2439,Success,Math1113,0to2
2440,Success,Math1113,0to2
2441,Success,Math1113,0to2
2442,Success,Math1113,0to2
2443,Failure,Math1113,0to2
2444,Failure,Math1113,0to2
2445,Success,Math1113,0to2
2446,Success,Math1113,0to2
2447,Success,Math1113,0to2
2448,Failure,Math1113,0to2
2449,Success,Math1113,0to2
2450,Success,Math1113,0to2
2451,Failure,Math1113,0to2
2452,Success,Math1113,0to2
2453,Success,Math1113,0to2
2454,Success,Math1113,0to2
2455,Success,Math1113,0to2
2456,Success,Math1113,0to2
2457,Success,Math1113,0to2
2458,Success,Math1113,0to2
2459,Success,Math1113,0to2
2460,Success,Math1113,0to2
2461,Success,Math1113,0to2
2462,Success,Math1113,0to2
2463,Success,Math1113,0to2
2464,Success,Math1113,0to2
2465,Success,Math1113,0to2
2466,Success,Math1113,0to2
2467,Failure,Math1113,0to2
2468,Success,Math1113,0to2
2469,Success,Math1113,0to2
2470,Success,Math1113,0to2
2471,Success,Math1113,0to2
2472,Success,Math1113,0to2
2473,Success,Math1113,0to2
2474,Failure,Math1113,0to2
2475,Success,Math1113,0to2
2476,Success,Math1113,0to2
2477,Success,Math1113,0to2
2478,Success,Math1113,0to2
2479,Success,Math1113,0to2
2480,Success,Math1113,0to2
2481,Success,Math1113,0to2
2482,Success,Math1113,0to2
2483,Success,Math1113,0to2
2484,Success,Math1113,0to2
2485,Success,Math1113,0to2
2486,Success,Math1113,0to2
2487,Success,Math1113,0to2
2488,Failure,Math1113,0to2
2489,Success,Math1113,0to2
2490,Success,Math1113,0to2
2491,Success,Math1113,0to2
2492,Success,Math1113,0to2
2493,Success,Math1113,0to2
2494,Success,Math1113,0to2
2495,Success,Math1113,0to2
2496,Success,Math1113,0to2
2497,Success,Math1113,0to2
2498,Success,Math1113,0to2
2499,Success,Math1113,0to2
2500,Success,Math1113,0to2
2501,Success,Math1113,0to2
2502,Success,Math1113,0to2
2503,Success,Math1113,0to2
2504,Success,Math1113,0to2
2505,Failure,Math1113,0to2
2506,Success,Math1113,0to2
2507,Failure,Math1113,0to2
2508,Success,Math1113,0to2
2509,Success,Math1113,0to2
2510,Success,Math1113,0to2
2511,Success,Math1113,0to2
2512,Success,Math1113,0to2
2513,Success,Math1113,0to2
2514,Success,Math1113,0to2
2515,Success,Math1113,0to2
2516,Success,Math1113,0to2
2517,Success,Math1113,0to2
2518,Success,Math1113,0to2
2519,Success,Math1113,0to2
2520,Failure,Math1113,0to2
2521,Success,Math1113,0to2
2522,Success,Math1113,0to2
2523,Success,Math1113,0to2
2524,Success,Math1113,0to2
2525,Success,Math1113,0to2
2526,Success,Math1113,0to2
2527,Success,Math1113,0to2
2528,Success,Math1113,0to2
2529,Failure,Math1113,0to2
2530,Failure,Math1113,0to2
2531,Success,Math1113,0to2
2532,Success,Math1113,0to2
2533,Success,Math1113,0to2
2534,Failure,Math1113,0to2
2535,Success,Math1113,0to2
2536,Success,Math1113,0to2
2537,Success,Math1113,0to2
2538,Success,Math1113,0to2
2539,Success,Math1113,0to2
2540,Success,Math1113,0to2
2541,Success,Math1113,0to2
2542,Success,Math1113,0to2
2543,Failure,Math1113,0to2
2544,Success,Math1113,0to2
2545,Failure,Math1113,0to2
2546,Success,Math1113,0to2
2547,Success,Math1113,0to2
2548,Success,Math1113,0to2
2549,Success,Math1113,0to2
2550,Failure,Math1113,0to2
2551,Success,Math1113,0to2
2552,Success,Math1113,0to2
2553,Success,Math1113,0to2
2554,Failure,Math1113,0to2
2555,Failure,Math1113,0to2
2556,Success,Math1113,0to2
2557,Failure,Math1113,0to2
2558,Success,Math1113,0to2
2559,Success,Math1113,0to2
2560,Success,Math1113,0to2
2561,Success,Math1113,0to2
2562,Success,Math1113,0to2
2563,Success,Math1113,0to2
2564,Success,Math1113,0to2
2565,Success,Math1113,0to2
2566,Success,Math1113,0to2
2567,Success,Math1113,0to2
2568,Success,Math1113,0to2
2569,Success,Math1113,0to2
2570,Failure,Math1113,0to2
2571,Success,Math1113,0to2
2572,Success,Math1113,0to2
2573,Success,Math1113,0to2
2574,Success,Math1113,0to2
2575,Success,Math1113,0to2
2576,Success,Math1113,0to2
2577,Success,Math1113,0to2
2578,Success,Math1113,0to2
2579,Success,Math1113,0to2
2580,Success,Math1113,0to2
2581,Success,Math1113,0to2
2582,Success,Math1113,0to2
2583,Success,Math1113,0to2
2584,Success,Math1113,0to2
2585,Success,Math1113,0to2
2586,Success,Math1113,0to2
2587,Success,Math1113,0to2
2588,Success,Math1113,0to2
2589,Failure,Math1113,0to2
2590,Success,Math1113,0to2
2591,Success,Math1113,0to2
2592,Success,Math1113,0to2
2593,Success,Math1113,0to2
2594,Success,Math1113,0to2
2595,Success,Math1113,0to2
2596,Success,Math1113,0to2
2597,Success,Math1113,0to2
2598,Success,Math1113,0to2
2599,Success,Math1113,0to2
2600,Failure,Math1113,0to2
2601,Success,Math1113,0to2
2602,Success,Math1113,0to2
2603,Success,Math1113,0to2
2604,Success,Math1113,0to2
2605,Success,Math1113,0to2
2606,Failure,Math1113,0to2
2607,Success,Math1113,0to2
2608,Success,Math1113,0to2
2609,Failure,Math1113,0to2
2610,Success,Math1113,0to2
2611,Success,Math1113,0to2
2612,Failure,Math1113,0to2
2613,Success,Math1113,0to2
2614,Success,Math1113,0to2
2615,Success,Math1113,0to2
2616,Success,Math1113,0to2
2617,Failure,Math1113,0to2
2618,Failure,Math1113,0to2
2619,Success,Math1113,0to2
2620,Failure,Math1113,0to2
2621,Failure,Math1113,0to2
2622,Failure,Math1113,0to2
2623,Failure,Math1113,0to2
2624,Success,Math1113,0to2
2625,Success,Math1113,0to2
2626,Success,Math1113,0to2
2627,Success,Math1113,0to2
2628,Success,Math1113,0to2
2629,Success,Math1113,0to2
2630,Success,Math1113,0to2
2631,Success,Math1113,0to2
2632,Success,Math1113,0to2
2633,Success,Math1113,0to2
2634,Failure,Math1113,0to2
2635,Success,Math1113,0to2
2636,Failure,Math1113,0to2
2637,Success,Math1113,0to2
2638,Success,Math1113,0to2
2639,Success,Math1113,0to2
2640,Success,Math1113,0to2
2641,Success,Math1113,0to2
2642,Success,Math1113,0to2
2643,Success,Math1113,0to2
2644,Failure,Math1113,0to2
2645,Success,Math1113,0to2
2646,Success,Math1113,0to2
2647,Success,Math1113,0to2
2648,Success,Math1113,0to2
2649,Success,Math1113,0to2
2650,Success,Math1113,0to2
2651,Success,Math1113,0to2
2652,Failure,Math1113,0to2
2653,Failure,Math1113,0to2
2654,Success,Math1113,0to2
2655,Success,Math1113,0to2
2656,Success,Math1113,0to2
2657,Success,Math1113,0to2
2658,Success,Math1113,0to2
2659,Success,Math1113,0to2
2660,Success,Math1113,0to2
2661,Success,Math1113,0to2
2662,Success,Math1113,0to2
2663,Success,Math1113,0to2
2664,Success,Math1113,0to2
2665,Success,Math1113,0to2
2666,Success,Math1113,0to2
2667,Success,Math1113,0to2
2668,Success,Math1113,0to2
2669,Success,Math1113,0to2
2670,Success,Math1113,0to2
2671,Success,Math1113,0to2
2672,Success,Math1113,0to2
2673,Success,Math1113,0to2
2674,Success,Math1113,0to2
2675,Success,Math1113,0to2
2676,Success,Math1113,0to2
2677,Success,Math1113,0to2
2678,Failure,Math1113,0to2
2679,Success,Math1113,0to2
2680,Failure,Math1113,0to2
2681,Success,Math1113,0to2
2682,Success,Math1113,0to2
2683,Success,Math1113,0to2
2684,Success,Math1113,0to2
2685,Success,Math1113,0to2
2686,Failure,Math1113,0to2
2687,Success,Math1113,0to2
2688,Success,Math1113,0to2
2689,Failure,Math1113,0to2
2690,Success,Math1113,0to2
2691,Success,Math1113,0to2
2692,Failure,Math1113,0to2
2693,Success,Math1113,0to2
2694,Failure,Math1113,0to2
2695,Success,Math1113,0to2
2696,Success,Math1113,0to2
2697,Success,Math1113,0to2
2698,Success,Math1113,0to2
2699,Success,Math1113,0to2
2700,Success,Math1113,0to2
2701,Success,Math1113,0to2
2702,Success,Math1113,0to2
2703,Success,Math1113,0to2
2704,Success,Math1113,0to2
2705,Success,Math1113,0to2
2706,Success,Math1113,0to2
2707,Success,Math1113,0to2
2708,Success,Math1113,0to2
2709,Failure,Math1113,0to2
2710,Success,Math1113,0to2
2711,Success,Math1113,0to2
2712,Success,Math1113,0to2
2713,Success,Math1113,0to2
2714,Success,Math1113,0to2
2715,Success,Math1113,0to2
2716,Success,Math1113,0to2
2717,Success,Math1113,0to2
2718,Success,Math1113,0to2
2719,Failure,Math1113,0to2
2720,Success,Math1113,0to2
2721,Success,Math1113,0to2
2722,Success,Math1113,0to2
2723,Success,Math1113,0to2
2724,Success,Math1113,0to2
2725,Failure,Math1113,0to2
2726,Success,Math1113,0to2
2727,Success,Math1113,0to2
2728,Success,Math1113,0to2
2729,Success,Math1113,0to2
2730,Success,Math1113,0to2
2731,Success,Math1113,0to2
2732,Success,Math1113,0to2
2733,Failure,Math1113,0to2
2734,Success,Math1113,0to2
2735,Success,Math1113,0to2
2736,Success,Math1113,0to2
2737,Success,Math1113,0to2
2738,Success,Math1113,0to2
2739,Success,Math1113,0to2
2740,Success,Math1113,0to2
2741,Success,Math1113,0to2
2742,Success,Math1113,0to2
2743,Success,Math1113,0to2
2744,Success,Math1113,0to2
2745,Success,Math1113,0to2
2746,Success,Math1113,0to2
2747,Failure,Math1113,0to2
2748,Success,Math1113,0to2
2749,Failure,Math1113,0to2
2750,Success,Math1113,0to2
2751,Failure,Math1113,0to2
2752,Failure,Math1113,0to2
2753,Failure,Math1113,0to2
2754,Failure,Math1113,0to2
2755,Success,Math1113,0to2
2756,Success,Math1113,0to2
2757,Success,Math1113,0to2
2758,Success,Math1113,0to2
2759,Success,Math1113,0to2
2760,Success,Math1113,0to2
2761,Success,Math1113,0to2
2762,Failure,Math1113,0to2
2763,Success,Math1113,0to2
2764,Success,Math1113,0to2
2765,Success,Math1113,0to2
2766,Success,Math1113,0to2
2767,Success,Math1113,0to2
2768,Success,Math1113,0to2
2769,Success,Math1113,0to2
2770,Success,Math1113,0to2
2771,Success,Math1113,0to2
2772,Success,Math1113,0to2
2773,Success,Math1113,0to2
2774,Success,Math1113,0to2
2775,Success,Math1113,0to2
2776,Success,Math1113,0to2
2777,Success,Math1113,0to2
2778,Success,Math1113,0to2
2779,Success,Math1113,0to2
2780,Success,Math1113,0to2
2781,Success,Math1113,0to2
2782,Success,Math1113,0to2
2783,Success,Math1113,0to2
2784,Success,Math1113,0to2
2785,Failure,Math1113,0to2
2786,Success,Math1113,0to2
2787,Success,Math1113,0to2
2788,Success,Math1113,0to2
2789,Failure,Math1113,0to2
2790,Failure,Math1113,0to2
2791,Failure,Math1113,0to2
2792,Failure,Math1113,0to2
2793,Failure,Math1113,0to2
2794,Failure,Math1113,0to2
2795,Success,Math1113,0to2
2796,Failure,Math1113,0to2
2797,Success,Math1113,0to2
2798,Failure,Math1113,0to2
2799,Success,Math1113,0to2
2800,Success,Math1113,0to2
2801,Success,Math1113,0to2
2802,Failure,Math1113,0to2
2803,Failure,Math1113,0to2
2804,Failure,Math1113,0to2
2805,Success,Math1113,0to2
2806,Success,Math1113,0to2
2807,Success,Math1113,0to2
2808,Success,Math1113,0to2
2809,Failure,Math1113,0to2
2810,Success,Math1113,0to2
2811,Success,Math1113,0to2
2812,Success,Math1113,0to2
2813,Success,Math1113,0to2
2814,Failure,Math1113,0to2
2815,Success,Math1113,0to2
2816,Success,Math1113,0to2
2817,Success,Math1113,0to2
2818,Failure,Math1113,0to2
2819,Success,Math1113,0to2
2820,Success,Math1113,0to2
2821,Success,Math1113,0to2
2822,Failure,Math1113,0to2
2823,Success,Math1113,0to2
2824,Failure,Math1113,0to2
2825,Failure,Math1113,0to2
2826,Success,Math1113,0to2
2827,Success,Math1113,0to2
2828,Failure,Math1113,0to2
2829,Failure,Math1113,0to2
2830,Success,Math1113,0to2
2831,Success,Math1113,0to2
2832,Success,Math1113,0to2
2833,Failure,Math1113,0to2
2834,Failure,Math1113,0to2
2835,Success,Math1113,0to2
2836,Failure,Math1113,0to2
2837,Success,Math1113,0to2
2838,Success,Math1113,0to2
2839,Success,Math1113,0to2
2840,Success,Math1113,0to2
2841,Failure,Math1113,0to2
2842,Success,Math1113,0to2
2843,Success,Math1113,0to2
2844,Success,Math1113,0to2
2845,Success,Math1113,0to2
2846,Success,Math1113,0to2
2847,Success,Math1113,0to2
2848,Success,Math1113,0to2
2849,Failure,Math1113,0to2
2850,Failure,Math1113,0to2
2851,Failure,Math1113,0to2
2852,Failure,Math1113,0to2
2853,Success,Math1113,0to2
2854,Success,Math1113,0to2
2855,Failure,Math1113,0to2
2856,Success,Math1113,0to2
2857,Success,Math1113,0to2
2858,Success,Math1113,0to2
2859,Success,Math1113,0to2
2860,Success,Math1113,0to2
2861,Failure,Math1113,0to2
2862,Failure,Math1113,0to2
2863,Failure,Math1113,0to2
2864,Success,Math1113,0to2
2865,Success,Math1113,0to2
2866,Success,Math1113,0to2
2867,Success,Math1113,0to2
2868,Success,Math1113,0to2
2869,Success,Math1113,0to2
2870,Failure,Math1113,0to2
2871,Success,Math1113,0to2
2872,Success,Math1113,0to2
2873,Success,Math1113,0to2
2874,Success,Math1113,0to2
2875,Failure,Math1113,0to2
2876,Failure,Math1113,0to2
2877,Success,Math1113,0to2
2878,Success,Math1113,0to2
2879,Success,Math1113,0to2
2880,Failure,Math1113,0to2
2881,Success,Math1113,0to2
2882,Success,Math1113,0to2
2883,Success,Math1113,0to2
2884,Success,Math1113,0to2
2885,Success,Math1113,0to2
2886,Success,Math1113,0to2
2887,Failure,Math1113,0to2
2888,Success,Math1113,0to2
2889,Success,Math1113,0to2
2890,Success,Math1113,0to2
2891,Success,Math1113,0to2
2892,Success,Math1113,0to2
2893,Success,Math1113,0to2
2894,Success,Math1113,0to2
2895,Success,Math1113,0to2
2896,Failure,Math1113,0to2
2897,Success,Math1113,0to2
2898,Success,Math1113,0to2
2899,Success,Math1113,0to2
2900,Failure,Math1113,0to2
2901,Failure,Math1113,0to2
2902,Failure,Math1113,0to2
2903,Success,Math1113,0to2
2904,Failure,Math1113,0to2
2905,Success,Math1113,0to2
2906,Success,Math1113,0to2
2907,Success,Math1113,0to2
2908,Success,Math1113,0to2
2909,Success,Math1113,0to2
2910,Success,Math1113,0to2
2911,Success,Math1113,0to2
2912,Success,Math1113,0to2
2913,Failure,Math1113,0to2
2914,Success,Math1113,0to2
2915,Success,Math1113,0to2
2916,Success,Math1113,0to2
2917,Success,Math1113,0to2
2918,Success,Math1113,0to2
2919,Success,Math1113,0to2
2920,Success,Math1113,0to2
2921,Failure,Math1113,0to2
2922,Success,Math1113,0to2
2923,Failure,Math1113,0to2
2924,Success,Math1113,0to2
2925,Success,Math1113,0to2
2926,Success,Math1113,0to2
2927,Success,Math1113,0to2
2928,Success,Math1113,0to2
2929,Failure,Math1113,0to2
2930,Success,Math1113,0to2
2931,Success,Math1113,0to2
2932,Success,Math1113,0to2
2933,Success,Math1113,0to2
2934,Success,Math1113,0to2
2935,Failure,Math1113,0to2
2936,Success,Math1113,0to2
2937,Failure,Math1113,0to2
2938,Success,Math1113,0to2
2939,Failure,Math1113,0to2
2940,Success,Math1113,0to2
2941,Success,Math1113,0to2
2942,Success,Math1113,0to2
2943,Success,Math1113,0to2
2944,Success,Math1113,0to2
2945,Success,Math1113,0to2
2946,Failure,Math1113,0to2
2947,Success,Math1113,0to2
2948,Success,Math1113,0to2
2949,Success,Math1113,0to2
2950,Success,Math1113,0to2
2951,Failure,Math1113,0to2
2952,Success,Math1113,0to2
2953,Success,Math1113,0to2
2954,Success,Math1113,0to2
2955,Success,Math1113,0to2
2956,Success,Math1113,0to2
2957,Failure,Math1113,0to2
2958,Failure,Math1113,0to2
2959,Success,Math1113,0to2
2960,Success,Math1113,0to2
2961,Success,Math1113,0to2
2962,Success,Math1113,0to2
2963,Success,Math1113,0to2
2964,Failure,Math1113,0to2
2965,Success,Math1113,0to2
2966,Success,Math1113,0to2
2967,Success,Math1113,0to2
2968,Success,Math1113,0to2
2969,Failure,Math1113,0to2
2970,Success,Math1113,0to2
2971,Success,Math1113,0to2
2972,Success,Math1113,0to2
2973,Success,Math1113,0to2
2974,Success,Math1113,0to2
2975,Success,Math1113,0to2
2976,Success,Math1113,0to2
2977,Success,Math1113,0to2
2978,Failure,Math1113,0to2
2979,Success,Math1113,0to2
2980,Failure,Math1113,0to2
2981,Success,Math1113,0to2
2982,Failure,Math1113,0to2
2983,Failure,Math1113,0to2
2984,Failure,Math1113,0to2
2985,Success,Math1113,0to2
2986,Failure,Math1113,0to2
2987,Success,Math1113,0to2
2988,Success,Math1113,0to2
2989,Success,Math1113,0to2
2990,Success,Math1113,0to2
2991,Success,Math1113,0to2
2992,Failure,Math1113,0to2
2993,Failure,Math1113,0to2
2994,Success,Math1113,0to2
2995,Failure,Math1113,0to2
2996,Success,Math1113,0to2
2997,Success,Math1113,0to2
2998,Failure,Math1113,0to2
2999,Success,Math1113,0to2
3000,Success,Math1113,0to2
3001,Failure,Math1113,0to2
3002,Success,Math1113,0to2
3003,Failure,Math1113,0to2
3004,Failure,Math1113,0to2
3005,Success,Math1113,0to2
3006,Success,Math1113,0to2
3007,Success,Math1113,0to2
3008,Failure,Math1113,0to2
3009,Success,Math1113,0to2
3010,Success,Math1113,0to2
3011,Failure,Math1113,0to2
3012,Success,Math1113,0to2
3013,Success,Math1113,0to2
3014,Success,Math1113,0to2
3015,Success,Math1113,0to2
3016,Success,Math1113,0to2
3017,Success,Math1113,0to2
3018,Success,Math1113,0to2
3019,Success,Math1113,0to2
3020,Failure,Math1113,0to2
3021,Success,Math1113,0to2
3022,Success,Math1113,0to2
3023,Success,Math1113,0to2
3024,Success,Math1113,0to2
3025,Failure,Math1113,0to2
3026,Success,Math1113,0to2
3027,Success,Math1113,0to2
3028,Success,Math1113,0to2
3029,Failure,Math1113,0to2
3030,Failure,Math1113,0to2
3031,Success,Math1113,0to2
3032,Failure,Math1113,0to2
3033,Success,Math1113,0to2
3034,Success,Math1113,0to2
3035,Success,Math1113,0to2
3036,Success,Math1113,0to2
3037,Success,Math1113,0to2
3038,Success,Math1113,0to2
3039,Success,Math1113,0to2
3040,Success,Math1113,0to2
3041,Success,Math1113,0to2
3042,Success,Math1113,0to2
3043,Success,Math1113,0to2
3044,Success,Math1113,0to2
3045,Success,Math1113,0to2
3046,Success,Math1113,0to2
3047,Success,Math1113,0to2
3048,Success,Math1113,0to2
3049,Success,Math1113,0to2
3050,Success,Math1113,0to2
3051,Success,Math1113,0to2
3052,Success,Math1113,0to2
3053,Success,Math1113,0to2
3054,Success,Math1113,0to2
3055,Failure,Math1113,0to2
3056,Success,Math1113,0to2
3057,Success,Math1113,0to2
3058,Success,Math1113,0to2
3059,Success,Math1113,0to2
3060,Success,Math1113,0to2
3061,Success,Math1113,0to2
3062,Success,Math1113,0to2
3063,Success,Math1113,0to2
3064,Success,Math1113,0to2
3065,Success,Math1113,0to2
3066,Success,Math1113,0to2
3067,Failure,Math1113,0to2
3068,Success,Math1113,0to2
3069,Success,Math1113,0to2
3070,Success,Math1113,0to2
3071,Success,Math1113,0to2
3072,Success,Math1113,0to2
3073,Success,Math1113,0to2
3074,Success,Math1113,0to2
3075,Success,Math1113,0to2
3076,Success,Math1113,0to2
3077,Success,Math1113,0to2
3078,Success,Math1113,0to2
3079,Success,Math1113,0to2
3080,Success,Math1113,0to2
3081,Success,Math1113,0to2
3082,Success,Math1113,0to2
3083,Failure,Math1113,0to2
3084,Success,Math1113,0to2
3085,Failure,Math1113,0to2
3086,Success,Math1113,0to2
3087,Success,Math1113,0to2
3088,Failure,Math1113,0to2
3089,Success,Math1113,0to2
3090,Success,Math1113,0to2
3091,Success,Math1113,0to2
3092,Success,Math1113,0to2
3093,Success,Math1113,0to2
3094,Success,Math1113,0to2
3095,Success,Math1113,0to2
3096,Success,Math1113,0to2
3097,Success,Math1113,0to2
3098,Success,Math1113,0to2
3099,Success,Math1113,0to2
3100,Success,Math1113,0to2
3101,Failure,Math1113,0to2
3102,Success,Math1113,0to2
3103,Failure,Math1113,0to2
3104,Success,Math1113,0to2
3105,Success,Math1113,0to2
3106,Success,Math1113,0to2
3107,Success,Math1113,0to2
3108,Failure,Math1113,0to2
3109,Success,Math1113,0to2
3110,Success,Math1113,0to2
3111,Success,Math1113,0to2
3112,Success,Math1113,0to2
3113,Success,Math1113,0to2
3114,Success,Math1113,0to2
3115,Success,Math1113,0to2
3116,Success,Math1113,0to2
3117,Success,Math1113,0to2
3118,Success,Math1113,0to2
3119,Success,Math1113,0to2
3120,Failure,Math1113,0to2
3121,Success,Math1113,0to2
3122,Failure,Math1113,0to2
3123,Success,Math1113,0to2
3124,Success,Math1113,0to2
3125,Success,Math1113,0to2
3126,Success,Math1113,0to2
3127,Success,Math1113,0to2
3128,Success,Math1113,0to2
3129,Success,Math1113,0to2
3130,Success,Math1113,0to2
3131,Success,Math1113,0to2
3132,Success,Math1113,0to2
3133,Success,Math1113,0to2
3134,Success,Math1113,0to2
3135,Failure,Math1113,0to2
3136,Success,Math1113,0to2
3137,Success,Math1113,0to2
3138,Success,Math1113,0to2
3139,Success,Math1113,0to2
3140,Success,Math1113,0to2
3141,Success,Math1113,0to2
3142,Success,Math1113,0to2
3143,Success,Math1113,0to2
3144,Success,Math1113,0to2
3145,Success,Math1113,0to2
3146,Success,Math1113,0to2
3147,Success,Math1113,0to2
3148,Success,Math1113,0to2
3149,Success,Math1113,0to2
3150,Success,Math1113,0to2
3151,Failure,Math1113,0to2
3152,Success,Math1113,0to2
3153,Success,Math1113,0to2
3154,Success,Math1113,0to2
3155,Success,Math1113,0to2
3156,Success,Math1113,0to2
3157,Success,Math1113,0to2
3158,Success,Math1113,0to2
3159,Success,Math1113,0to2
3160,Success,Math1113,0to2
3161,Success,Math1113,0to2
3162,Success,Math1113,0to2
3163,Success,Math1113,0to2
3164,Success,Math1113,0to2
3165,Failure,Math1113,0to2
3166,Success,Math1113,0to2
3167,Success,Math1113,0to2
3168,Failure,Math1113,0to2
3169,Success,Math1113,0to2
3170,Success,Math1113,0to2
3171,Success,Math1113,0to2
3172,Success,Math1113,0to2
3173,Failure,Math1113,0to2
3174,Failure,Math1113,0to2
3175,Failure,Math1113,0to2
3176,Failure,Math1113,0to2
3177,Success,Math1113,0to2
3178,Failure,Math1113,0to2
3179,Success,Math1113,0to2
3180,Failure,Math1113,0to2
3181,Failure,Math1113,0to2
3182,Success,Math1113,0to2
3183,Success,Math1113,0to2
3184,Success,Math1113,0to2
3185,Success,Math1113,0to2
3186,Success,Math1113,0to2
3187,Failure,Math1113,0to2
3188,Success,Math1113,0to2
3189,Success,Math1113,0to2
3190,Success,Math1113,0to2
3191,Success,Math1113,0to2
3192,Failure,Math1113,0to2
3193,Success,Math1113,0to2
3194,Success,Math1113,0to2
3195,Failure,Math1113,0to2
3196,Success,Math1113,0to2
3197,Failure,Math1113,0to2
3198,Success,Math1113,0to2
3199,Success,Math1113,0to2
3200,Failure,Math1113,0to2
3201,Success,Math1113,0to2
3202,Success,Math1113,0to2
3203,Success,Math1113,0to2
3204,Failure,Math1113,0to2
3205,Success,Math1113,0to2
3206,Success,Math1113,0to2
3207,Success,Math1113,0to2
3208,Success,Math1113,0to2
3209,Failure,Math1113,0to2
3210,Success,Math1113,0to2
3211,Failure,Math1113,0to2
3212,Success,Math1113,0to2
3213,Success,Math1113,0to2
3214,Success,Math1113,0to2
3215,Success,Math1113,0to2
3216,Success,Math1113,0to2
3217,Success,Math1113,0to2
3218,Success,Math1113,0to2
3219,Failure,Math1113,0to2
3220,Success,Math1113,0to2
3221,Failure,Math1113,0to2
3222,Failure,Math1113,0to2
3223,Success,Math1113,0to2
3224,Success,Math1113,0to2
3225,Success,Math1113,0to2
3226,Success,Math1113,0to2
3227,Success,Math1113,0to2
3228,Success,Math1113,0to2
3229,Failure,Math1113,0to2
3230,Success,Math1113,0to2
3231,Success,Math1113,0to2
3232,Failure,Math1113,0to2
3233,Success,Math1113,0to2
3234,Failure,Math1113,0to2
3235,Success,Math1113,0to2
3236,Success,Math1113,0to2
3237,Success,Math1113,0to2
3238,Success,Math1113,0to2
3239,Success,Math1113,0to2
3240,Success,Math1113,0to2
3241,Success,Math1113,0to2
3242,Success,Math1113,0to2
3243,Success,Math1113,0to2
3244,Success,Math1113,0to2
3245,Success,Math1113,0to2
3246,Success,Math1113,0to2
3247,Failure,Math1113,0to2
3248,Success,Math1113,0to2
3249,Success,Math1113,0to2
3250,Success,Math1113,0to2
3251,Success,Math1113,0to2
3252,Success,Math1113,0to2
3253,Success,Math1113,0to2
3254,Success,Math1113,0to2
3255,Failure,Math1113,0to2
3256,Success,Math1113,0to2
3257,Success,Math1113,0to2
3258,Success,Math1113,0to2
3259,Success,Math1113,0to2
3260,Success,Math1113,0to2
3261,Success,Math1113,0to2
3262,Failure,Math1113,0to2
3263,Success,Math1113,0to2
3264,Success,Math1113,0to2
3265,Success,Math1113,0to2
3266,Success,Math1113,0to2
3267,Success,Math1113,0to2
3268,Success,Math1113,0to2
3269,Success,Math1113,0to2
3270,Success,Math1113,0to2
3271,Success,Math1113,0to2
3272,Success,Math1113,0to2
3273,Success,Math1113,0to2
3274,Failure,Math1113,0to2
3275,Success,Math1113,0to2
3276,Success,Math1113,0to2
3277,Success,Math1113,0to2
3278,Success,Math1113,0to2
3279,Success,Math1113,0to2
3280,Success,Math1113,0to2
3281,Success,Math1113,0to2
3282,Failure,Math1113,0to2
3283,Success,Math1113,0to2
3284,Success,Math1113,0to2
3285,Success,Math1113,0to2
3286,Success,Math1113,0to2
3287,Success,Math1113,0to2
3288,Success,Math1113,0to2
3289,Success,Math1113,0to2
3290,Failure,Math1113,0to2
3291,Success,Math1113,0to2
3292,Success,Math1113,0to2
3293,Success,Math1113,0to2
3294,Success,Math1113,0to2
3295,Success,Math1113,0to2
3296,Failure,Math1113,0to2
3297,Success,Math1113,0to2
3298,Success,Math1113,0to2
3299,Failure,Math1113,0to2
3300,Success,Math1113,0to2
3301,Success,Math1113,0to2
3302,Success,Math1113,0to2
3303,Success,Math1113,0to2
3304,Success,Math1113,0to2
3305,Success,Math1113,0to2
3306,Success,Math1113,0to2
3307,Success,Math1113,0to2
3308,Success,Math1113,0to2
3309,Success,Math1113,0to2
3310,Success,Math1113,0to2
3311,Success,Math1113,0to2
3312,Success,Math1113,0to2
3313,Success,Math1113,0to2
3314,Failure,Math1113,0to2
3315,Success,Math1113,0to2
3316,Success,Math1113,0to2
3317,Success,Math1113,0to2
3318,Success,Math1113,0to2
3319,Failure,Math1113,0to2
3320,Success,Math1113,0to2
3321,Success,Math1113,0to2
3322,Failure,Math1113,0to2
3323,Success,Math1113,0to2
3324,Success,Math1113,0to2
3325,Success,Math1113,0to2
3326,Success,Math1113,0to2
3327,Success,Math1113,0to2
3328,Success,Math1113,0to2
3329,Failure,Math1113,0to2
3330,Success,Math1113,0to2
3331,Success,Math1113,0to2
3332,Failure,Math1113,0to2
3333,Success,Math1113,0to2
3334,Success,Math1113,0to2
3335,Success,Math1113,0to2
3336,Success,Math1113,0to2
3337,Success,Math1113,0to2
3338,Success,Math1113,0to2
3339,Failure,Math1113,0to2
3340,Success,Math1113,0to2
3341,Success,Math1113,0to2
3342,Success,Math1113,0to2
3343,Success,Math1113,0to2
3344,Success,Math1113,0to2
3345,Success,Math1113,0to2
3346,Failure,Math1113,0to2
3347,Success,Math1113,0to2
3348,Success,Math1113,0to2
3349,Success,Math1113,0to2
3350,Success,Math1113,0to2
3351,Success,Math1113,0to2
3352,Failure,Math1113,0to2
3353,Success,Math1113,0to2
3354,Success,Math1113,0to2
3355,Failure,Math1113,0to2
3356,Success,Math1113,0to2
3357,Failure,Math1113,0to2
3358,Success,Math1113,0to2
3359,Success,Math1113,0to2
3360,Failure,Math1113,0to2
3361,Failure,Math1113,0to2
3362,Success,Math1113,0to2
3363,Success,Math1113,0to2
3364,Success,Math1113,0to2
3365,Success,Math1113,0to2
3366,Success,Math1113,0to2
3367,Failure,Math1113,0to2
3368,Success,Math1113,0to2
3369,Success,Math1113,0to2
3370,Failure,Math1113,0to2
3371,Success,Math1113,0to2
3372,Success,Math1113,0to2
3373,Success,Math1113,0to2
3374,Success,Math1113,0to2
3375,Success,Math1113,0to2
3376,Failure,Math1113,0to2
3377,Failure,Math1113,0to2
3378,Failure,Math1113,0to2
3379,Success,Math1113,0to2
3380,Success,Math1113,0to2
3381,Success,Math1113,0to2
3382,Failure,Math1113,0to2
3383,Failure,Math1113,0to2
3384,Success,Math1113,0to2
3385,Failure,Math1113,0to2
3386,Success,Math1113,0to2
3387,Success,Math1113,0to2
3388,Success,Math1113,0to2
3389,Failure,Math1113,0to2
3390,Failure,Math1113,0to2
3391,Failure,Math1113,0to2
3392,Success,Math1113,0to2
3393,Failure,Math1113,0to2
3394,Failure,Math1113,0to2
3395,Success,Math1113,0to2
3396,Success,Math1113,0to2
3397,Success,Math1113,0to2
3398,Success,Math1113,0to2
3399,Success,Math1113,0to2
3400,Failure,Math1113,0to2
3401,Success,Math1113,0to2
3402,Success,Math1113,0to2
3403,Failure,Math1113,0to2
3404,Failure,Math1113,0to2
3405,Success,Math1113,0to2
3406,Failure,Math1113,0to2
3407,Success,Math1113,0to2
3408,Failure,Math1113,0to2
3409,Success,Math1113,0to2
3410,Success,Math1113,0to2
3411,Failure,Math1113,0to2
3412,Success,Math1113,0to2
3413,Success,Math1113,0to2
3414,Success,Math1113,0to2
3415,Success,Math1113,0to2
3416,Success,Math1113,0to2
3417,Success,Math1113,0to2
3418,Success,Math1113,0to2
3419,Success,Math1113,0to2
3420,Success,Math1113,0to2
3421,Success,Math1113,0to2
3422,Failure,Math1113,0to2
3423,Success,Math1113,0to2
3424,Success,Math1113,0to2
3425,Failure,Math1113,0to2
3426,Success,Math1113,0to2
3427,Success,Math1113,0to2
3428,Failure,Math1113,0to2
3429,Success,Math1113,0to2
3430,Success,Math1113,0to2
3431,Success,Math1113,0to2
3432,Success,Math1113,0to2
3433,Success,Math1113,0to2
3434,Success,Math1113,0to2
3435,Success,Math1113,0to2
3436,Success,Math1113,0to2
3437,Success,Math1113,0to2
3438,Success,Math1113,0to2
3439,Success,Math1113,0to2
3440,Success,Math1113,0to2
3441,Success,Math1113,0to2
3442,Failure,Math1113,0to2
3443,Success,Math1113,0to2
3444,Success,Math1113,0to2
3445,Success,Math1113,0to2
3446,Success,Math1113,0to2
3447,Success,Math1113,0to2
3448,Success,Math1113,0to2
3449,Success,Math1113,0to2
3450,Success,Math1113,0to2
3451,Success,Math1113,0to2
3452,Success,Math1113,0to2
3453,Success,Math1113,0to2
3454,Success,Math1113,0to2
3455,Success,Math1113,0to2
3456,Success,Math1113,0to2
3457,Success,Math1113,0to2
3458,Success,Math1113,0to2
3459,Failure,Math1113,0to2
3460,Success,Math1113,0to2
3461,Success,Math1113,0to2
3462,Success,Math1113,0to2
3463,Success,Math1113,0to2
3464,Success,Math1113,0to2
3465,Success,Math1113,0to2
3466,Failure,Math1113,0to2
3467,Success,Math1113,0to2
3468,Success,Math1113,0to2
3469,Success,Math1113,0to2
3470,Failure,Math1113,0to2
3471,Success,Math1113,0to2
3472,Success,Math1113,0to2
3473,Failure,Math1113,0to2
3474,Success,Math1113,0to2
3475,Failure,Math1113,0to2
3476,Success,Math1113,0to2
3477,Failure,Math1113,0to2
3478,Failure,Math1113,0to2
3479,Success,Math1113,0to2
3480,Success,Math1113,0to2
3481,Success,Math1113,0to2
3482,Failure,Math1113,0to2
3483,Success,Math1113,0to2
3484,Success,Math1113,0to2
3485,Failure,Math1113,0to2
3486,Success,Math1113,0to2
3487,Failure,Math1113,0to2
3488,Success,Math1113,0to2
3489,Success,Math1113,0to2
3490,Success,Math1113,0to2
3491,Success,Math1113,0to2
3492,Success,Math1113,0to2
3493,Failure,Math1113,0to2
3494,Failure,Math1113,0to2
3495,Success,Math1113,0to2
3496,Success,Math1113,0to2
3497,Success,Math1113,0to2
3498,Success,Math1113,0to2
3499,Success,Math1113,0to2
3500,Success,Math1113,0to2
3501,Success,Math1113,0to2
3502,Success,Math1113,0to2
3503,Success,Math1113,0to2
3504,Success,Math1113,0to2
3505,Failure,Math1113,0to2
3506,Success,Math1113,0to2
3507,Success,Math1113,0to2
3508,Failure,Math1113,0to2
3509,Failure,Math1113,0to2
3510,Success,Math1113,0to2
3511,Success,Math1113,0to2
3512,Success,Math1113,0to2
3513,Success,Math1113,0to2
3514,Success,Math1113,0to2
3515,Success,Math1113,0to2
3516,Success,Math1113,0to2
3517,Success,Math1113,0to2
3518,Success,Math1113,0to2
3519,Success,Math1113,0to2
3520,Success,Math1113,0to2
3521,Success,Math1113,0to2
3522,Success,Math1113,0to2
3523,Success,Math1113,0to2
3524,Success,Math1113,0to2
3525,Success,Math1113,0to2
3526,Success,Math1113,0to2
3527,Success,Math1113,0to2
3528,Failure,Math1113,0to2
3529,Success,Math1113,0to2
3530,Success,Math1113,0to2
3531,Success,Math1113,0to2
3532,Success,Math1113,0to2
3533,Success,Math1113,0to2
3534,Success,Math1113,0to2
3535,Success,Math1113,0to2
3536,Success,Math1113,0to2
3537,Success,Math1113,0to2
3538,Failure,Math1113,0to2
3539,Failure,Math1113,0to2
3540,Success,Math1113,0to2
3541,Success,Math1113,0to2
3542,Success,Math1113,0to2
3543,Success,Math1113,0to2
3544,Success,Math1113,0to2
3545,Success,Math1113,0to2
3546,Failure,Math1113,0to2
3547,Success,Math1113,0to2
3548,Success,Math1113,0to2
3549,Failure,Math1113,0to2
3550,Success,Math1113,0to2
3551,Success,Math1113,0to2
3552,Failure,Math1113,0to2
3553,Failure,Math1113,0to2
3554,Success,Math1113,0to2
3555,Failure,Math1113,0to2
3556,Success,Math1113,0to2
3557,Success,Math1113,0to2
3558,Success,Math1113,0to2
3559,Success,Math1113,0to2
3560,Success,Math1113,0to2
3561,Success,Math1113,0to2
3562,Success,Math1113,0to2
3563,Success,Math1113,0to2
3564,Success,Math1113,0to2
3565,Success,Math1113,0to2
3566,Success,Math1113,0to2
3567,Failure,Math1113,0to2
3568,Success,Math1113,0to2
3569,Success,Math1113,0to2
3570,Success,Math1113,0to2
3571,Success,Math1113,0to2
3572,Success,Math1113,0to2
3573,Success,Math1113,0to2
3574,Success,Math1113,0to2
3575,Success,Math1113,0to2
3576,Success,Math1113,0to2
3577,Success,Math1113,0to2
3578,Success,Math1113,0to2
3579,Success,Math1113,0to2
3580,Success,Math1113,0to2
3581,Failure,Math1113,0to2
3582,Failure,Math1113,0to2
3583,Success,Math1113,0to2
3584,Failure,Math1113,0to2
3585,Success,Math1113,0to2
3586,Success,Math1113,0to2
3587,Success,Math1113,0to2
3588,Failure,Math1113,0to2
3589,Success,Math1113,0to2
3590,Failure,Math1113,0to2
3591,Success,Math1113,0to2
3592,Success,Math1113,0to2
3593,Success,Math1113,0to2
3594,Success,Math1113,0to2
3595,Failure,Math1113,0to2
3596,Success,Math1113,0to2
3597,Failure,Math1113,0to2
3598,Success,Math1113,0to2
3599,Failure,Math1113,0to2
3600,Success,Math1113,0to2
3601,Failure,Math1113,0to2
3602,Success,Math1113,0to2
3603,Failure,Math1113,0to2
3604,Failure,Math1113,0to2
3605,Success,Math1113,0to2
3606,Success,Math1113,0to2
3607,Success,Math1113,0to2
3608,Failure,Math1113,0to2
3609,Failure,Math1113,0to2
3610,Success,Math1113,0to2
3611,Success,Math1113,0to2
3612,Failure,Math1113,0to2
3613,Success,Math1113,0to2
3614,Success,Math1113,0to2
3615,Success,Math1113,0to2
3616,Success,Math1113,0to2
3617,Failure,Math1113,0to2
3618,Success,Math1113,0to2
3619,Success,Math1113,0to2
3620,Success,Math1113,0to2
3621,Failure,Math1113,0to2
3622,Success,Math1113,0to2
3623,Failure,Math1113,0to2
3624,Success,Math1113,0to2
3625,Success,Math1113,0to2
3626,Success,Math1113,0to2
3627,Success,Math1113,0to2
3628,Success,Math1113,0to2
3629,Success,Math1113,0to2
3630,Success,Math1113,0to2
3631,Success,Math1113,0to2
3632,Failure,Math1113,0to2
3633,Failure,Math1113,0to2
3634,Success,Math1113,0to2
3635,Success,Math1113,0to2
3636,Failure,Math1113,0to2
3637,Success,Math1113,0to2
3638,Success,Math1113,0to2
3639,Success,Math1113,0to2
3640,Success,Math1113,0to2
3641,Success,Math1113,0to2
3642,Success,Math1113,0to2
3643,Success,Math1113,0to2
3644,Failure,Math1113,0to2
3645,Success,Math1113,0to2
3646,Success,Math1113,0to2
3647,Success,Math1113,0to2
3648,Success,Math1113,0to2
3649,Success,Math1113,0to2
3650,Failure,Math1113,0to2
3651,Success,Math1113,0to2
3652,Success,Math1113,0to2
3653,Success,Math1113,0to2
3654,Success,Math1113,0to2
3655,Success,Math1113,0to2
3656,Success,Math1113,0to2
3657,Failure,Math1113,0to2
3658,Failure,Math1113,0to2
3659,Success,Math1113,0to2
3660,Success,Math1113,0to2
3661,Success,Math1113,0to2
3662,Success,Math1113,0to2
3663,Success,Math1113,0to2
3664,Success,Math1113,0to2
3665,Success,Math1113,0to2
3666,Success,Math1113,0to2
3667,Success,Math1113,0to2
3668,Failure,Math1113,0to2
3669,Success,Math1113,0to2
3670,Failure,Math1113,0to2
3671,Success,Math1113,0to2
3672,Success,Math1113,0to2
3673,Success,Math1113,0to2
3674,Success,Math1113,0to2
3675,Success,Math1113,0to2
3676,Success,Math1113,0to2
3677,Success,Math1113,0to2
3678,Success,Math1113,0to2
3679,Success,Math1113,0to2
3680,Success,Math1113,0to2
3681,Success,Math1113,0to2
3682,Success,Math1113,0to2
3683,Success,Math1113,0to2
3684,Failure,Math1113,0to2
3685,Success,Math1113,0to2
3686,Success,Math1113,0to2
3687,Success,Math1113,0to2
3688,Success,Math1113,0to2
3689,Success,Math1113,0to2
3690,Success,Math1113,0to2
3691,Success,Math1113,0to2
3692,Success,Math1113,0to2
3693,Success,Math1113,0to2
3694,Success,Math1113,0to2
3695,Success,Math1113,0to2
3696,Success,Math1113,0to2
3697,Success,Math1113,0to2
3698,Success,Math1113,0to2
3699,Failure,Math1113,0to2
3700,Success,Math1113,0to2
3701,Success,Math1113,0to2
3702,Success,Math1113,0to2
3703,Success,Math1113,0to2
3704,Failure,Math1113,0to2
3705,Success,Math1113,0to2
3706,Success,Math1113,0to2
3707,Success,Math1113,0to2
3708,Success,Math1113,0to2
3709,Success,Math1113,0to2
3710,Success,Math1113,0to2
3711,Success,Math1113,0to2
3712,Success,Math1113,0to2
3713,Success,Math1113,0to2
3714,Success,Math1113,0to2
3715,Failure,Math1113,0to2
3716,Success,Math1113,0to2
3717,Success,Math1113,0to2
3718,Success,Math1113,0to2
3719,Failure,Math1113,0to2
3720,Failure,Math1113,0to2
3721,Success,Math1113,0to2
3722,Success,Math1113,0to2
3723,Success,Math1113,0to2
3724,Failure,Math1113,0to2
3725,Success,Math1113,0to2
3726,Success,Math1113,0to2
3727,Success,Math1113,0to2
3728,Success,Math1113,0to2
3729,Success,Math1113,0to2
3730,Success,Math1113,0to2
3731,Success,Math1113,0to2
3732,Success,Math1113,0to2
3733,Success,Math1113,0to2
3734,Success,Math1113,0to2
3735,Success,Math1113,0to2
3736,Success,Math1113,0to2
3737,Success,Math1113,0to2
3738,Failure,Math1113,0to2
3739,Success,Math1113,0to2
3740,Success,Math1113,0to2
3741,Success,Math1113,0to2
3742,Failure,Math1113,0to2
3743,Success,Math1113,0to2
3744,Failure,Math1113,0to2
3745,Success,Math1113,0to2
3746,Success,Math1113,0to2
3747,Success,Math1113,0to2
3748,Success,Math1113,0to2
3749,Success,Math1113,0to2
3750,Success,Math1113,0to2
3751,Success,Math1113,0to2
3752,Success,Math1113,0to2
3753,Success,Math1113,0to2
3754,Success,Math1113,0to2
3755,Success,Math1113,0to2
3756,Failure,Math1113,0to2
3757,Success,Math1113,0to2
3758,Failure,Math1113,0to2
3759,Success,Math1113,0to2
3760,Failure,Math1113,0to2
3761,Success,Math1113,0to2
3762,Success,Math1113,0to2
3763,Success,Math1113,0to2
3764,Success,Math1113,0to2
3765,Success,Math1113,0to2
3766,Success,Math1113,0to2
3767,Success,Math1113,0to2
3768,Success,Math1113,0to2
3769,Success,Math1113,0to2
3770,Success,Math1113,0to2
3771,Failure,Math1113,0to2
3772,Failure,Math1113,0to2
3773,Failure,Math1113,0to2
3774,Success,Math1113,0to2
3775,Success,Math1113,0to2
3776,Failure,Math1113,0to2
3777,Success,Math1113,0to2
3778,Failure,Math1113,0to2
3779,Success,Math1113,0to2
3780,Success,Math1113,0to2
3781,Success,Math1113,0to2
3782,Failure,Math1113,0to2
3783,Success,Math1113,0to2
3784,Success,Math1113,0to2
3785,Success,Math1113,0to2
3786,Success,Math1113,0to2
3787,Success,Math1113,0to2
3788,Success,Math1113,0to2
3789,Success,Math1113,0to2
3790,Success,Math1113,0to2
3791,Success,Math1113,0to2
3792,Success,Math1113,0to2
3793,Failure,Math1113,0to2
3794,Success,Math1113,0to2
3795,Success,Math1113,0to2
3796,Success,Math1113,0to2
3797,Success,Math1113,0to2
3798,Success,Math1113,0to2
3799,Success,Math1113,0to2
3800,Failure,Math1113,0to2
3801,Success,Math1113,0to2
3802,Success,Math1113,0to2
3803,Failure,Math1113,0to2
3804,Success,Math1113,0to2
3805,Failure,Math1113,0to2
3806,Failure,Math1113,0to2
3807,Success,Math1113,0to2
3808,Success,Math1113,0to2
3809,Success,Math1113,0to2
3810,Failure,Math1113,0to2
3811,Success,Math1113,0to2
3812,Success,Math1113,0to2
3813,Failure,Math1113,0to2
3814,Success,Math1113,0to2
3815,Success,Math1113,0to2
3816,Success,Math1113,0to2
3817,Success,Math1113,0to2
3818,Success,Math1113,0to2
3819,Success,Math1113,0to2
3820,Success,Math1113,0to2
3821,Success,Math1113,0to2
3822,Success,Math1113,0to2
3823,Success,Math1113,0to2
3824,Success,Math1113,0to2
3825,Success,Math1113,0to2
3826,Success,Math1113,0to2
3827,Success,Math1113,0to2
3828,Success,Math1113,0to2
3829,Success,Math1113,0to2
3830,Success,Math1113,0to2
3831,Failure,Math1113,0to2
3832,Success,Math1113,0to2
3833,Success,Math1113,0to2
3834,Success,Math1113,0to2
3835,Failure,Math1113,0to2
3836,Success,Math1113,0to2
3837,Success,Math1113,0to2
3838,Failure,Math1113,0to2
3839,Success,Math1113,0to2
3840,Success,Math1113,0to2
3841,Success,Math1113,0to2
3842,Failure,Math1113,0to2
3843,Success,Math1113,0to2
3844,Success,Math1113,0to2
3845,Success,Math1113,0to2
3846,Success,Math1113,0to2
3847,Success,Math1113,0to2
3848,Failure,Math1113,0to2
3849,Success,Math1113,0to2
3850,Success,Math1113,0to2
3851,Success,Math1113,0to2
3852,Success,Math1113,0to2
3853,Success,Math1113,0to2
3854,Success,Math1113,0to2
3855,Success,Math1113,0to2
3856,Failure,Math1113,0to2
3857,Failure,Math1113,0to2
3858,Success,Math1113,0to2
3859,Success,Math1113,0to2
3860,Success,Math1113,0to2
3861,Success,Math1113,0to2
3862,Success,Math1113,0to2
3863,Success,Math1113,0to2
3864,Success,Math1113,0to2
3865,Success,Math1113,0to2
3866,Success,Math1113,0to2
3867,Success,Math1113,0to2
3868,Success,Math1113,0to2
3869,Failure,Math1113,0to2
3870,Success,Math1113,0to2
3871,Success,Math1113,0to2
3872,Success,Math1113,0to2
3873,Success,Math1113,0to2
3874,Success,Math1113,0to2
3875,Success,Math1113,0to2
3876,Success,Math1113,0to2
3877,Success,Math1113,0to2
3878,Success,Math1113,0to2
3879,Success,Math1113,0to2
3880,Success,Math1113,0to2
3881,Failure,Math1113,0to2
3882,Success,Math1113,0to2
3883,Success,Math1113,0to2
3884,Success,Math1113,0to2
3885,Failure,Math1113,0to2
3886,Failure,Math1113,0to2
3887,Success,Math1113,0to2
3888,Success,Math1113,0to2
3889,Success,Math1113,0to2
3890,Success,Math1113,0to2
3891,Success,Math1113,0to2
3892,Success,Math1113,0to2
3893,Success,Math1113,0to2
3894,Success,Math1113,0to2
3895,Success,Math1113,0to2
3896,Success,Math1113,0to2
3897,Success,Math1113,0to2
3898,Success,Math1113,0to2
3899,Success,Math1113,0to2
3900,Success,Math1113,0to2
3901,Success,Math1113,0to2
3902,Success,Math1113,0to2
3903,Success,Math1113,0to2
3904,Success,Math1113,0to2
3905,Success,Math1113,0to2
3906,Success,Math1113,0to2
3907,Success,Math1113,0to2
3908,Success,Math1113,0to2
3909,Success,Math1113,0to2
3910,Failure,Math1113,0to2
3911,Success,Math1113,0to2
3912,Success,Math1113,0to2
3913,Failure,Math1113,0to2
3914,Success,Math1113,0to2
3915,Success,Math1113,0to2
3916,Success,Math1113,0to2
3917,Success,Math1113,0to2
3918,Success,Math1113,0to2
3919,Failure,Math1113,0to2
3920,Failure,Math1113,0to2
3921,Success,Math1113,0to2
3922,Failure,Math1113,0to2
3923,Success,Math1113,0to2
3924,Success,Math1113,0to2
3925,Success,Math1113,0to2
3926,Failure,Math1113,0to2
3927,Success,Math1113,0to2
3928,Success,Math1113,0to2
3929,Success,Math1113,0to2
3930,Success,Math1113,0to2
3931,Success,Math1113,0to2
3932,Success,Math1113,0to2
3933,Success,Math1113,0to2
3934,Success,Math1113,0to2
3935,Success,Math1113,0to2
3936,Success,Math1113,0to2
3937,Success,Math1113,0to2
3938,Success,Math1113,0to2
3939,Failure,Math1113,0to2
3940,Success,Math1113,0to2
3941,Failure,Math1113,0to2
3942,Success,Math1113,0to2
3943,Success,Math1113,0to2
3944,Success,Math1113,0to2
3945,Success,Math1113,0to2
3946,Success,Math1113,0to2
3947,Failure,Math1113,0to2
3948,Success,Math1113,0to2
3949,Success,Math1113,0to2
3950,Failure,Math1113,0to2
3951,Success,Math1113,0to2
3952,Failure,Math1113,0to2
3953,Success,Math1113,0to2
3954,Success,Math1113,0to2
3955,Success,Math1113,0to2
3956,Success,Math1113,0to2
3957,Success,Math1113,0to2
3958,Failure,Math1113,0to2
3959,Success,Math1113,0to2
3960,Success,Math1113,0to2
3961,Success,Math1113,0to2
3962,Success,Math1113,0to2
3963,Success,Math1113,0to2
3964,Success,Math1113,0to2
3965,Success,Math1113,0to2
3966,Success,Math1113,0to2
3967,Success,Math1113,0to2
3968,Success,Math1113,0to2
3969,Success,Math1113,0to2
3970,Success,Math1113,0to2
3971,Failure,Math1113,0to2
3972,Success,Math1113,0to2
3973,Failure,Math1113,0to2
3974,Success,Math1113,0to2
3975,Success,Math1113,0to2
3976,Success,Math1113,0to2
3977,Success,Math1113,0to2
3978,Success,Math1113,0to2
3979,Success,Math1113,0to2
3980,Success,Math1113,0to2
3981,Success,Math1113,0to2
3982,Success,Math1113,0to2
3983,Success,Math1113,0to2
3984,Success,Math1113,0to2
3985,Success,Math1003,0to2
3986,Success,Math1003,0to2
3987,Success,Math1003,0to2
3988,Success,Math1003,0to2
3989,Success,Math1003,0to2
3990,Success,Math1003,0to2
3991,Success,Math1003,0to2
3992,Success,Math1003,0to2
3993,Failure,Math1003,0to2
3994,Success,Math1003,0to2
3995,Success,Math1003,0to2
3996,Success,Math1003,0to2
3997,Success,Math1003,0to2
3998,Failure,Math1003,0to2
3999,Success,Math1003,0to2
4000,Success,Math1003,0to2
4001,Failure,Math1003,0to2
4002,Success,Math1003,0to2
4003,Failure,Math1003,0to2
4004,Success,Math1003,0to2
4005,Success,Math1003,0to2
4006,Success,Math1003,0to2
4007,Success,Math1003,0to2
4008,Success,Math1003,0to2
4009,Success,Math1003,0to2
4010,Success,Math1003,0to2
4011,Success,Math1113,0to2
4012,Failure,Math1113,0to2
4013,Failure,Math1113,0to2
4014,Success,Math1113,0to2
4015,Failure,Math1113,0to2
4016,Success,Math1113,0to2
4017,Success,Math1113,0to2
4018,Failure,Math1113,0to2
4019,Success,Math1113,0to2
4020,Success,Math1113,0to2
4021,Failure,Math1113,0to2
4022,Failure,Math1113,0to2
4023,Failure,Math1113,0to2
4024,Failure,Math1113,0to2
4025,Failure,Math1113,0to2
4026,Success,Math1113,0to2
4027,Success,Math1113,0to2
4028,Success,Math1113,0to2
4029,Success,Math1113,0to2
4030,Success,Math1113,0to2
4031,Success,Math1113,0to2
4032,Failure,Math1113,0to2
4033,Success,Math1113,0to2
4034,Failure,Math1113,0to2
4035,Success,Math1113,0to2
4036,Failure,Math1113,0to2
4037,Failure,Math1113,0to2
4038,Success,Math1113,0to2
4039,Success,Math1113,0to2
4040,Failure,Math1113,0to2
4041,Failure,Math1113,0to2
4042,Failure,Math1113,0to2
4043,Success,Math1113,0to2
4044,Failure,Math1113,0to2
4045,Success,Math1113,0to2
4046,Failure,Math1113,0to2
4047,Success,Math1113,0to2
4048,Success,Math1113,0to2
4049,Success,Math1113,0to2
4050,Success,Math1113,0to2
4051,Success,Math1113,0to2
4052,Failure,Math1113,0to2
4053,Failure,Math1113,0to2
4054,Success,Math1003,0to2
4055,Success,Math1003,0to2
4056,Failure,Math1003,0to2
4057,Failure,Math1003,0to2
4058,Failure,Math1003,0to2
4059,Success,Math1003,0to2
4060,Success,Math1003,0to2
4061,Success,Math1003,0to2
4062,Failure,Math1003,0to2
4063,Failure,Math1003,0to2
4064,Success,Math1003,0to2
4065,Success,Math1003,0to2
4066,Success,Math1003,0to2
4067,Success,Math1003,0to2
4068,Success,Math1003,0to2
4069,Success,Math1003,0to2
4070,Success,Math1003,0to2
4071,Failure,Math1003,0to2
4072,Success,Math1003,0to2
4073,Success,Math1003,0to2
4074,Success,Math1003,0to2
4075,Success,Math1003,0to2
4076,Success,Math1003,0to2
4077,Success,Math1003,0to2
4078,Success,Math1003,0to2
4079,Failure,Math1003,0to2
4080,Failure,Math1003,0to2
4081,Success,Math1003,0to2
4082,Failure,Math1003,0to2
4083,Success,Math1003,0to2
4084,Success,Math1003,0to2
4085,Success,Math1003,0to2
4086,Failure,Math1003,0to2
4087,Success,Math1003,0to2
4088,Success,Math1003,0to2
4089,Success,Math1003,0to2
4090,Success,Math1003,0to2
4091,Success,Math1003,0to2
4092,Failure,Math1003,0to2
4093,Success,Math1003,0to2
4094,Success,Math1003,0to2
4095,Failure,Math1003,0to2
4096,Success,Math1003,0to2
4097,Success,Math1003,0to2
4098,Success,Math1003,0to2
4099,Success,Math1003,0to2
4100,Success,Math1003,0to2
4101,Failure,Math1003,0to2
4102,Success,Math1003,0to2
4103,Success,Math1003,0to2
4104,Success,Math1003,0to2
4105,Failure,Math1003,0to2
4106,Success,Math1003,0to2
4107,Failure,Math1003,0to2
4108,Success,Math1003,0to2
4109,Success,Math1003,0to2
4110,Success,Math1003,0to2
4111,Success,Math1003,0to2
4112,Success,Math1003,0to2
4113,Failure,Math1003,0to2
4114,Success,Math1003,0to2
4115,Success,Math1003,0to2
4116,Success,Math1003,0to2
4117,Success,Math1003,0to2
4118,Failure,Math1003,0to2
4119,Success,Math1003,0to2
4120,Success,Math1003,0to2
4121,Failure,Math1003,0to2
4122,Success,Math1003,0to2
4123,Success,Math1003,0to2
4124,Success,Math1003,0to2
4125,Success,Math1003,0to2
4126,Success,Math1003,0to2
4127,Failure,Math1003,0to2
4128,Failure,Math1003,0to2
4129,Success,Math1003,0to2
4130,Success,Math1003,0to2
4131,Failure,Math1003,0to2
4132,Success,Math1003,0to2
4133,Success,Math1003,0to2
4134,Success,Math1003,0to2
4135,Failure,Math1003,0to2
4136,Success,Math1003,0to2
4137,Success,Math1003,0to2
4138,Success,Math1003,0to2
4139,Success,Math1003,0to2
4140,Failure,Math1003,0to2
4141,Failure,Math1003,0to2
4142,Success,Math1003,0to2
4143,Failure,Math1003,0to2
4144,Success,Math1003,0to2
4145,Success,Math1003,0to2
4146,Success,Math1003,0to2
4147,Failure,Math1003,0to2
4148,Success,Math1003,0to2
4149,Success,Math1003,0to2
4150,Success,Math1003,0to2
4151,Success,Math1003,0to2
4152,Success,Math1003,0to2
4153,Success,Math1003,0to2
4154,Success,Math1003,0to2
4155,Success,Math1003,0to2
4156,Success,Math1003,0to2
4157,Failure,Math1003,0to2
4158,Success,Math1003,0to2
4159,Success,Math1003,0to2
4160,Success,Math1003,0to2
4161,Success,Math1003,0to2
4162,Success,Math1003,0to2
4163,Success,Math1003,0to2
4164,Success,Math1003,0to2
4165,Failure,Math1003,0to2
4166,Failure,Math1003,0to2
4167,Success,Math1003,0to2
4168,Failure,Math1003,0to2
4169,Failure,Math1003,0to2
4170,Success,Math1003,0to2
4171,Success,Math1003,0to2
4172,Failure,Math1003,0to2
4173,Failure,Math1003,0to2
4174,Success,Math1003,0to2
4175,Success,Math1003,0to2
4176,Success,Math1003,0to2
4177,Failure,Math1003,0to2
4178,Success,Math1003,0to2
4179,Success,Math1003,0to2
4180,Failure,Math1003,0to2
4181,Success,Math1003,0to2
4182,Failure,Math1003,0to2
4183,Failure,Math1003,0to2
4184,Success,Math1003,0to2
4185,Success,Math1003,0to2
4186,Failure,Math1003,0to2
4187,Failure,Math1003,0to2
4188,Success,Math1003,0to2
4189,Failure,Math1003,0to2
4190,Success,Math1003,0to2
4191,Success,Math1003,0to2
4192,Failure,Math1003,0to2
4193,Success,Math1003,0to2
4194,Success,Math1003,0to2
4195,Success,Math1003,0to2
4196,Success,Math1003,0to2
4197,Success,Math1003,0to2
4198,Success,Math1003,0to2
4199,Success,Math1003,0to2
4200,Success,Math1003,0to2
4201,Success,Math1003,0to2
4202,Success,Math1003,0to2
4203,Success,Math1003,0to2
4204,Failure,Math1003,0to2
4205,Failure,Math1003,0to2
4206,Success,Math1003,0to2
4207,Success,Math1003,0to2
4208,Success,Math1003,0to2
4209,Success,Math1003,0to2
4210,Failure,Math1003,0to2
4211,Success,Math1003,0to2
4212,Success,Math1003,0to2
4213,Success,Math1003,0to2
4214,Failure,Math1003,0to2
4215,Success,Math1113,0to2
4216,Success,Math1113,0to2
4217,Failure,Math1113,0to2
4218,Success,Math1113,0to2
4219,Success,Math1113,0to2
4220,Success,Math1113,0to2
4221,Success,Math1113,0to2
4222,Failure,Math1113,0to2
4223,Success,Math1113,0to2
4224,Success,Math1113,0to2
4225,Success,Math1113,0to2
4226,Failure,Math1113,0to2
4227,Failure,Math1113,0to2
4228,Success,Math1113,0to2
4229,Success,Math1113,0to2
4230,Failure,Math1113,0to2
4231,Success,Math1113,0to2
4232,Failure,Math1113,0to2
4233,Failure,Math1113,0to2
4234,Success,Math1113,0to2
4235,Success,Math1113,0to2
4236,Success,Math1113,0to2
4237,Failure,Math1113,0to2
4238,Success,Math1113,0to2
4239,Success,Math1113,0to2
4240,Success,Math1113,0to2
4241,Success,Math1113,0to2
4242,Failure,Math1113,0to2
4243,Success,Math1113,0to2
4244,Success,Math1113,0to2
4245,Failure,Math1113,0to2
4246,Success,Math1113,0to2
4247,Success,Math1113,0to2
4248,Success,Math1113,0to2
4249,Success,Math1113,0to2
4250,Success,Math1113,0to2
4251,Failure,Math1113,0to2
4252,Success,Math1113,0to2
4253,Failure,Math1113,0to2
4254,Success,Math1113,0to2
4255,Success,Math1113,0to2
4256,Success,Math1113,0to2
4257,Success,Math1113,0to2
4258,Success,Math1113,0to2
4259,Success,Math1113,0to2
4260,Success,Math1113,0to2
4261,Success,Math1113,0to2
4262,Failure,Math1113,0to2
4263,Success,Math1113,0to2
4264,Success,Math1113,0to2
4265,Success,Math1113,0to2
4266,Failure,Math1113,0to2
4267,Success,Math1113,0to2
4268,Failure,Math1113,0to2
4269,Failure,Math1113,0to2
4270,Success,Math1113,0to2
4271,Failure,Math1113,0to2
4272,Failure,Math1113,0to2
4273,Success,Math1113,0to2
4274,Success,Math1113,0to2
4275,Failure,Math1113,0to2
4276,Success,Math1113,0to2
4277,Failure,Math1113,0to2
4278,Failure,Math1113,0to2
4279,Success,Math1113,0to2
4280,Success,Math1113,0to2
4281,Failure,Math1113,0to2
4282,Success,Math1113,0to2
4283,Success,Math1113,0to2
4284,Success,Math1113,0to2
4285,Success,Math1113,0to2
4286,Failure,Math1113,0to2
4287,Success,Math1113,0to2
4288,Success,Math1113,0to2
4289,Success,Math1113,0to2
4290,Failure,Math1113,0to2
4291,Success,Math1113,0to2
4292,Success,Math1113,0to2
4293,Success,Math1113,0to2
4294,Success,Math1113,0to2
4295,Success,Math1113,0to2
4296,Failure,Math1113,0to2
4297,Success,Math1113,0to2
4298,Success,Math1113,0to2
4299,Failure,Math1113,0to2
4300,Failure,Math1113,0to2
4301,Failure,Math1113,0to2
4302,Success,Math1113,0to2
4303,Failure,Math1113,0to2
4304,Success,Math1113,0to2
4305,Success,Math1113,0to2
4306,Failure,Math1113,0to2
4307,Success,Math1113,0to2
4308,Success,Math1113,0to2
4309,Success,Math1113,0to2
4310,Success,Math1113,0to2
4311,Failure,Math1113,0to2
4312,Success,Math1113,0to2
4313,Success,Math1113,0to2
4314,Success,Math1113,0to2
4315,Failure,Math1113,0to2
4316,Success,Math1113,0to2
4317,Success,Math1113,0to2
4318,Failure,Math1113,0to2
4319,Success,Math1113,0to2
4320,Success,Math1113,0to2
4321,Success,Math1113,0to2
4322,Failure,Math1113,0to2
4323,Success,Math1113,0to2
4324,Success,Math1113,0to2
4325,Success,Math1113,0to2
4326,Success,Math1113,0to2
4327,Success,Math1113,0to2
4328,Failure,Math1113,0to2
4329,Success,Math1113,0to2
4330,Failure,Math1113,0to2
4331,Success,Math1113,0to2
4332,Success,Math1113,0to2
4333,Failure,Math1113,0to2
4334,Failure,Math1113,0to2
4335,Success,Math1113,0to2
4336,Success,Math1113,0to2
4337,Success,Math1113,0to2
4338,Success,Math1113,0to2
4339,Success,Math1113,0to2
4340,Success,Math1113,0to2
4341,Success,Math1113,0to2
4342,Success,Math1113,0to2
4343,Success,Math1113,0to2
4344,Success,Math1113,0to2
4345,Success,Math1113,0to2
4346,Success,Math1113,0to2
4347,Success,Math1113,0to2
4348,Failure,Math1113,0to2
4349,Success,Math1113,0to2
4350,Success,Math1113,0to2
4351,Success,Math1113,0to2
4352,Success,Math1113,0to2
4353,Success,Math1113,0to2
4354,Success,Math1113,0to2
4355,Success,Math1113,0to2
4356,Success,Math1113,0to2
4357,Success,Math1113,0to2
4358,Success,Math1113,0to2
4359,Success,Math1113,0to2
4360,Success,Math1113,0to2
4361,Success,Math1113,0to2
4362,Failure,Math1113,0to2
4363,Failure,Math1113,0to2
4364,Success,Math1113,0to2
4365,Success,Math1113,0to2
4366,Failure,Math1113,0to2
4367,Success,Math1113,0to2
4368,Failure,Math1113,0to2
4369,Failure,Math1113,0to2
4370,Success,Math1113,0to2
4371,Failure,Math1113,0to2
4372,Success,Math1113,0to2
4373,Success,Math1113,0to2
4374,Success,Math1113,0to2
4375,Failure,Math1113,0to2
4376,Success,Math1113,0to2
4377,Success,Math1113,0to2
4378,Failure,Math1113,0to2
4379,Failure,Math1113,0to2
4380,Success,Math1113,0to2
4381,Success,Math1113,0to2
4382,Failure,Math1113,0to2
4383,Failure,Math1113,0to2
4384,Success,Math1113,0to2
4385,Success,Math1113,0to2
4386,Success,Math1113,0to2
4387,Success,Math1113,0to2
4388,Success,Math1113,0to2
4389,Success,Math1113,0to2
4390,Success,Math1113,0to2
4391,Success,Math1113,0to2
4392,Success,Math1113,0to2
4393,Success,Math1113,0to2
4394,Success,Math1113,0to2
4395,Success,Math1113,0to2
4396,Success,Math1113,0to2
4397,Success,Math1113,0to2
4398,Success,Math1113,0to2
4399,Success,Math1113,0to2
4400,Failure,Math1113,0to2
4401,Success,Math1113,0to2
4402,Success,Math1113,0to2
4403,Success,Math1113,0to2
4404,Success,Math1113,0to2
4405,Success,Math1113,0to2
4406,Failure,Math1113,0to2
4407,Success,Math1113,0to2
4408,Failure,Math1113,0to2
4409,Failure,Math1113,0to2
4410,Failure,Math1113,0to2
4411,Failure,Math1113,0to2
4412,Success,Math1113,0to2
4413,Success,Math1113,0to2
4414,Success,Math1113,0to2
4415,Success,Math1113,0to2
4416,Failure,Math1113,0to2
4417,Success,Math1113,0to2
4418,Failure,Math1113,0to2
4419,Failure,Math1113,0to2
4420,Failure,Math1113,0to2
4421,Success,Math1113,0to2
4422,Success,Math1113,0to2
4423,Success,Math1113,0to2
4424,Success,Math1113,0to2
4425,Success,Math1113,0to2
4426,Success,Math1113,0to2
4427,Failure,Math1113,0to2
4428,Success,Math1113,0to2
4429,Failure,Math1113,0to2
4430,Success,Math1113,0to2
4431,Success,Math1113,0to2
4432,Failure,Math1113,0to2
4433,Success,Math1113,0to2
4434,Success,Math1113,0to2
4435,Success,Math1113,0to2
4436,Success,Math1113,0to2
4437,Success,Math1113,0to2
4438,Failure,Math1113,0to2
4439,Success,Math1113,0to2
4440,Success,Math1113,0to2
4441,Success,Math1113,0to2
4442,Success,Math1113,0to2
4443,Success,Math1113,0to2
4444,Success,Math1113,0to2
4445,Success,Math1113,0to2
4446,Success,Math1113,0to2
4447,Failure,Math1113,0to2
4448,Success,Math1113,0to2
4449,Success,Math1113,0to2
4450,Success,Math1113,0to2
4451,Success,Math1113,0to2
4452,Success,Math1113,0to2
4453,Failure,Math1113,0to2
4454,Success,Math1113,0to2
4455,Success,Math1113,0to2
4456,Failure,Math1113,0to2
4457,Success,Math1113,0to2
4458,Success,Math1113,0to2
4459,Success,Math1113,0to2
4460,Failure,Math1113,0to2
4461,Failure,Math1113,0to2
4462,Failure,Math1113,0to2
4463,Success,Math1113,0to2
4464,Failure,Math1113,0to2
4465,Success,Math1113,0to2
4466,Success,Math1113,0to2
4467,Success,Math1113,0to2
4468,Failure,Math1113,0to2
4469,Failure,Math1113,0to2
4470,Failure,Math1113,0to2
4471,Success,Math1113,0to2
4472,Success,Math1113,0to2
4473,Failure,Math1113,0to2
4474,Success,Math1113,0to2
4475,Failure,Math1113,0to2
4476,Success,Math1113,0to2
4477,Failure,Math1113,0to2
4478,Success,Math1113,0to2
4479,Failure,Math1113,0to2
4480,Failure,Math1113,0to2
4481,Success,Math1113,0to2
4482,Success,Math1113,0to2
4483,Success,Math1113,0to2
4484,Success,Math1113,0to2
4485,Success,Math1113,0to2
4486,Success,Math1113,0to2
4487,Success,Math1113,0to2
4488,Success,Math1113,0to2
4489,Success,Math1113,0to2
4490,Success,Math1113,0to2
4491,Success,Math1113,0to2
4492,Success,Math1113,0to2
4493,Failure,Math1113,0to2
4494,Success,Math1113,0to2
4495,Success,Math1113,0to2
4496,Success,Math1113,0to2
4497,Failure,Math1113,0to2
4498,Success,Math1113,0to2
4499,Failure,Math1113,0to2
4500,Success,Math1113,0to2
4501,Success,Math1113,0to2
4502,Success,Math1113,0to2
4503,Success,Math1113,0to2
4504,Failure,Math1113,0to2
4505,Failure,Math1113,0to2
4506,Failure,Math1113,0to2
4507,Failure,Math1113,0to2
4508,Failure,Math1113,0to2
4509,Failure,Math1113,0to2
4510,Failure,Math1113,0to2
4511,Failure,Math1113,0to2
4512,Success,Math1113,0to2
4513,Success,Math1113,0to2
4514,Failure,Math1113,0to2
4515,Failure,Math1113,0to2
4516,Failure,Math1113,0to2
4517,Failure,Math1113,0to2
4518,Failure,Math1113,0to2
4519,Failure,Math1113,0to2
4520,Success,Math1113,0to2
4521,Failure,Math1113,0to2
4522,Success,Math1113,0to2
4523,Success,Math1113,0to2
4524,Success,Math1113,0to2
4525,Success,Math1113,0to2
4526,Success,Math1113,0to2
4527,Success,Math1113,0to2
4528,Success,Math1113,0to2
4529,Success,Math1113,0to2
4530,Failure,Math1113,0to2
4531,Success,Math1113,0to2
4532,Success,Math1113,0to2
4533,Success,Math1113,0to2
4534,Failure,Math1113,0to2
4535,Failure,Math1113,0to2
4536,Success,Math1113,0to2
4537,Failure,Math1113,0to2
4538,Failure,Math1113,0to2
4539,Success,Math1113,0to2
4540,Success,Math1113,0to2
4541,Success,Math1113,0to2
4542,Success,Math1113,0to2
4543,Failure,Math1113,0to2
4544,Success,Math1113,0to2
4545,Success,Math1113,0to2
4546,Failure,Math1113,0to2
4547,Success,Math1113,0to2
4548,Success,Math1113,0to2
4549,Success,Math1113,0to2
4550,Success,Math1113,0to2
4551,Success,Math1113,0to2
4552,Success,Math1113,0to2
4553,Failure,Math1113,0to2
4554,Success,Math1113,0to2
4555,Success,Math1113,0to2
4556,Success,Math1113,0to2
4557,Failure,Math1113,0to2
4558,Success,Math1113,0to2
4559,Success,Math1113,0to2
4560,Success,Math1113,0to2
4561,Success,Math1113,0to2
4562,Success,Math1113,0to2
4563,Success,Math1113,0to2
4564,Success,Math1113,0to2
4565,Success,Math1113,0to2
4566,Failure,Math1113,0to2
4567,Success,Math1113,0to2
4568,Success,Math1113,0to2
4569,Success,Math1113,0to2
4570,Failure,Math1113,0to2
4571,Success,Math1113,0to2
4572,Failure,Math1113,0to2
4573,Success,Math1113,0to2
4574,Failure,Math1113,0to2
4575,Failure,Math1113,0to2
4576,Success,Math1113,0to2
4577,Success,Math1113,0to2
4578,Success,Math1113,0to2
4579,Success,Math1113,0to2
4580,Success,Math1113,0to2
4581,Failure,Math1113,0to2
4582,Success,Math1113,0to2
4583,Failure,Math1113,0to2
4584,Failure,Math1113,0to2
4585,Success,Math1113,0to2
4586,Success,Math1113,0to2
4587,Success,Math1113,0to2
4588,Success,Math1113,0to2
4589,Failure,Math1113,0to2
4590,Success,Math1113,0to2
4591,Success,Math1113,0to2
4592,Failure,Math1113,0to2
4593,Success,Math1113,0to2
4594,Success,Math1113,0to2
4595,Success,Math1113,0to2
4596,Success,Math1113,0to2
4597,Success,Math1113,0to2
4598,Success,Math1113,0to2
4599,Success,Math1113,0to2
4600,Success,Math1113,0to2
4601,Success,Math1113,0to2
4602,Success,Math1113,0to2
4603,Success,Math1113,0to2
4604,Failure,Math1113,0to2
4605,Failure,Math1113,0to2
4606,Success,Math1113,0to2
4607,Success,Math1113,0to2
4608,Success,Math1113,0to2
4609,Success,Math1113,0to2
4610,Success,Math1113,0to2
4611,Success,Math1113,0to2
4612,Success,Math1113,0to2
4613,Success,Math1113,0to2
4614,Failure,Math1003,3to9
4615,Failure,Math1003,3to9
4616,Failure,Math1003,3to9
4617,Failure,Math1003,3to9
4618,Success,Math1003,3to9
4619,Success,Math1003,3to9
4620,Success,Math1003,3to9
4621,Failure,Math1003,3to9
4622,Failure,Math1113,3to9
4623,Success,Math1113,3to9
4624,Failure,Math1113,3to9
4625,Success,Math1113,3to9
4626,Failure,Math1113,3to9
4627,Success,Math1113,3to9
4628,Failure,Math1113,3to9
4629,Failure,Math1003,3to9
4630,Success,Math1003,3to9
4631,Success,Math1003,3to9
4632,Success,Math1003,3to9
4633,Failure,Math1003,3to9
4634,Success,Math1003,3to9
4635,Success,Math1003,3to9
4636,Success,Math1003,3to9
4637,Success,Math1003,3to9
4638,Failure,Math1003,3to9
4639,Failure,Math1003,3to9
4640,Success,Math1003,3to9
4641,Success,Math1003,3to9
4642,Success,Math1003,3to9
4643,Failure,Math1003,3to9
4644,Success,Math1003,3to9
4645,Failure,Math1003,3to9
4646,Success,Math1003,3to9
4647,Success,Math1003,3to9
4648,Success,Math1003,3to9
4649,Success,Math1003,3to9
4650,Failure,Math1003,3to9
4651,Success,Math1003,3to9
4652,Success,Math1003,3to9
4653,Success,Math1003,3to9
4654,Success,Math1003,3to9
4655,Success,Math1003,3to9
4656,Success,Math1003,3to9
4657,Success,Math1003,3to9
4658,Success,Math1003,3to9
4659,Success,Math1003,3to9
4660,Success,Math1003,3to9
4661,Failure,Math1003,3to9
4662,Success,Math1003,3to9
4663,Success,Math1003,3to9
4664,Success,Math1003,3to9
4665,Success,Math1003,3to9
4666,Success,Math1003,3to9
4667,Failure,Math1003,3to9
4668,Success,Math1003,3to9
4669,Success,Math1003,3to9
4670,Success,Math1003,3to9
4671,Success,Math1003,3to9
4672,Failure,Math1003,3to9
4673,Success,Math1003,3to9
4674,Failure,Math1003,3to9
4675,Failure,Math1003,3to9
4676,Success,Math1003,3to9
4677,Success,Math1003,3to9
4678,Success,Math1003,3to9
4679,Failure,Math1003,3to9
4680,Success,Math1003,3to9
4681,Success,Math1003,3to9
4682,Success,Math1003,3to9
4683,Failure,Math1003,3to9
4684,Success,Math1003,3to9
4685,Success,Math1003,3to9
4686,Success,Math1003,3to9
4687,Success,Math1003,3to9
4688,Failure,Math1003,3to9
4689,Success,Math1003,3to9
4690,Success,Math1003,3to9
4691,Failure,Math1003,3to9
4692,Failure,Math1003,3to9
4693,Success,Math1003,3to9
4694,Failure,Math1003,3to9
4695,Failure,Math1003,3to9
4696,Failure,Math1113,3to9
4697,Failure,Math1113,3to9
4698,Failure,Math1113,3to9
4699,Success,Math1113,3to9
4700,Failure,Math1113,3to9
4701,Failure,Math1113,3to9
4702,Success,Math1113,3to9
4703,Success,Math1113,3to9
4704,Failure,Math1113,3to9
4705,Success,Math1113,3to9
4706,Success,Math1113,3to9
4707,Success,Math1113,3to9
4708,Success,Math1113,3to9
4709,Failure,Math1113,3to9
4710,Failure,Math1113,3to9
4711,Success,Math1113,3to9
4712,Success,Math1113,3to9
4713,Success,Math1113,3to9
4714,Failure,Math1113,3to9
4715,Failure,Math1113,3to9
4716,Success,Math1113,3to9
4717,Failure,Math1113,3to9
4718,Failure,Math1113,3to9
4719,Success,Math1113,3to9
4720,Success,Math1113,3to9
4721,Success,Math1113,3to9
4722,Success,Math1113,3to9
4723,Failure,Math1113,3to9
4724,Success,Math1113,3to9
4725,Failure,Math1113,3to9
4726,Failure,Math1113,3to9
4727,Success,Math1113,3to9
4728,Success,Math1113,3to9
4729,Failure,Math1113,3to9
4730,Success,Math1113,3to9
4731,Success,Math1113,3to9
4732,Success,Math1113,3to9
4733,Failure,Math1113,3to9
4734,Success,Math1113,3to9
4735,Failure,Math1113,3to9
4736,Success,Math1113,3to9
4737,Success,Math1113,3to9
4738,Success,Math1113,3to9
4739,Failure,Math1113,3to9
4740,Failure,Math1113,3to9
4741,Success,Math1113,3to9
4742,Failure,Math1113,3to9
4743,Failure,Math1113,3to9
4744,Success,Math1113,3to9
4745,Success,Math1113,3to9
4746,Success,Math1113,3to9
4747,Success,Math1113,3to9
4748,Success,Math1113,3to9
4749,Success,Math1113,3to9
4750,Success,Math1113,3to9
4751,Success,Math1113,3to9
4752,Success,Math1113,3to9
4753,Success,Math1113,3to9
4754,Success,Math1113,3to9
4755,Failure,Math1113,3to9
4756,Success,Math1113,3to9
4757,Success,Math1113,3to9
4758,Success,Math1113,3to9
4759,Success,Math1113,3to9
4760,Failure,Math1113,3to9
4761,Success,Math1113,3to9
4762,Failure,Math1113,3to9
4763,Success,Math1113,3to9
4764,Failure,Math1113,3to9
4765,Success,Math1113,3to9
4766,Failure,Math1113,3to9
4767,Failure,Math1113,3to9
4768,Success,Math1113,3to9
4769,Failure,Math1113,3to9
4770,Failure,Math1113,3to9
4771,Failure,Math1113,3to9
4772,Failure,Math1113,3to9
4773,Failure,Math1113,3to9
4774,Failure,Math1113,3to9
4775,Failure,Math1113,3to9
4776,Success,Math1113,3to9
4777,Success,Math1113,3to9
4778,Failure,Math1113,3to9
4779,Success,Math1113,3to9
4780,Failure,Math1113,3to9
4781,Success,Math1113,3to9
4782,Failure,Math1113,3to9
4783,Success,Math1113,3to9
4784,Failure,Math1113,3to9
4785,Failure,Math1113,3to9
4786,Failure,Math1113,3to9
4787,Success,Math1113,3to9
4788,Success,Math1113,3to9
4789,Success,Math1113,3to9
4790,Failure,Math1113,3to9
4791,Success,Math1113,3to9
4792,Success,Math1113,3to9
4793,Success,Math1113,3to9
4794,Success,Math1113,3to9
4795,Success,Math1113,3to9
4796,Success,Math1113,3to9
4797,Success,Math1113,3to9
4798,Failure,Math1113,3to9
4799,Failure,Math1113,3to9
4800,Success,Math1113,3to9
4801,Success,Math1113,3to9
4802,Success,Math1113,3to9
4803,Failure,Math1113,3to9
4804,Success,Math1113,3to9
4805,Failure,Math1113,3to9
4806,Success,Math1113,3to9
4807,Failure,Math1113,3to9
4808,Failure,Math1113,3to9
4809,Failure,Math1113,3to9
4810,Failure,Math1113,3to9
4811,Success,Math1113,3to9
4812,Success,Math1113,3to9
4813,Success,Math1113,3to9
4814,Failure,Math1003,3to9
4815,Success,Math1003,3to9
4816,Success,Math1003,3to9
4817,Failure,Math1113,3to9
4818,Success,Math1113,3to9
4819,Success,Math1113,3to9
4820,Failure,Math1113,3to9
4821,Success,Math1113,3to9
4822,Failure,Math1003,3to9
4823,Success,Math1003,3to9
4824,Failure,Math1003,3to9
4825,Failure,Math1003,3to9
4826,Success,Math1003,3to9
4827,Success,Math1003,3to9
4828,Failure,Math1003,3to9
4829,Success,Math1003,3to9
4830,Success,Math1003,3to9
4831,Success,Math1003,3to9
4832,Success,Math1003,3to9
4833,Failure,Math1003,3to9
4834,Success,Math1003,3to9
4835,Failure,Math1003,3to9
4836,Success,Math1003,3to9
4837,Failure,Math1003,3to9
4838,Success,Math1003,3to9
4839,Success,Math1003,3to9
4840,Success,Math1003,3to9
4841,Failure,Math1003,3to9
4842,Success,Math1003,3to9
4843,Failure,Math1003,3to9
4844,Success,Math1003,3to9
4845,Failure,Math1003,3to9
4846,Success,Math1003,3to9
4847,Success,Math1003,3to9
4848,Success,Math1003,3to9
4849,Failure,Math1003,3to9
4850,Failure,Math1003,3to9
4851,Success,Math1003,3to9
4852,Success,Math1003,3to9
4853,Success,Math1003,3to9
4854,Success,Math1003,3to9
4855,Success,Math1003,3to9
4856,Failure,Math1003,3to9
4857,Success,Math1003,3to9
4858,Failure,Math1003,3to9
4859,Success,Math1003,3to9
4860,Success,Math1003,3to9
4861,Success,Math1003,3to9
4862,Success,Math1003,3to9
4863,Failure,Math1003,3to9
4864,Success,Math1003,3to9
4865,Failure,Math1003,3to9
4866,Success,Math1003,3to9
4867,Failure,Math1003,3to9
4868,Failure,Math1113,3to9
4869,Success,Math1113,3to9
4870,Failure,Math1113,3to9
4871,Failure,Math1113,3to9
4872,Success,Math1113,3to9
4873,Failure,Math1113,3to9
4874,Success,Math1113,3to9
4875,Success,Math1113,3to9
4876,Success,Math1113,3to9
4877,Success,Math1113,3to9
4878,Success,Math1113,3to9
4879,Success,Math1113,3to9
4880,Success,Math1113,3to9
4881,Success,Math1113,3to9
4882,Failure,Math1113,3to9
4883,Failure,Math1113,3to9
4884,Success,Math1113,3to9
4885,Failure,Math1113,3to9
4886,Failure,Math1113,3to9
4887,Success,Math1113,3to9
4888,Success,Math1113,3to9
4889,Success,Math1113,3to9
4890,Success,Math1113,3to9
4891,Success,Math1113,3to9
4892,Failure,Math1113,3to9
4893,Success,Math1113,3to9
4894,Failure,Math1113,3to9
4895,Success,Math1113,3to9
4896,Success,Math1113,3to9
4897,Success,Math1113,3to9
4898,Failure,Math1113,3to9
4899,Failure,Math1113,3to9
4900,Failure,Math1113,3to9
4901,Success,Math1113,3to9
4902,Failure,Math1113,3to9
4903,Failure,Math1113,3to9
4904,Success,Math1113,3to9
4905,Failure,Math1113,3to9
4906,Success,Math1113,3to9
4907,Failure,Math1113,3to9
4908,Success,Math1113,3to9
4909,Failure,Math1113,3to9
4910,Failure,Math1113,3to9
4911,Failure,Math1113,3to9
4912,Success,Math1113,3to9
4913,Success,Math1113,3to9
4914,Success,Math1003,3to9
4915,Failure,Math1113,3to9
4916,Success,Math1113,3to9
4917,Failure,Math1003,3to9
4918,Success,Math1003,3to9
4919,Failure,Math1003,3to9
4920,Success,Math1003,3to9
4921,Failure,Math1003,3to9
4922,Failure,Math1003,3to9
4923,Success,Math1003,3to9
4924,Success,Math1003,3to9
4925,Failure,Math1003,3to9
4926,Success,Math1003,3to9
4927,Success,Math1003,3to9
4928,Failure,Math1003,3to9
4929,Failure,Math1003,3to9
4930,Failure,Math1003,3to9
4931,Failure,Math1003,3to9
4932,Success,Math1003,3to9
4933,Success,Math1003,3to9
4934,Success,Math1003,3to9
4935,Failure,Math1003,3to9
4936,Success,Math1003,3to9
4937,Success,Math1003,3to9
4938,Success,Math1003,3to9
4939,Failure,Math1003,3to9
4940,Success,Math1003,3to9
4941,Failure,Math1003,3to9
4942,Success,Math1003,3to9
4943,Success,Math1003,3to9
4944,Failure,Math1113,3to9
4945,Success,Math1113,3to9
4946,Failure,Math1113,3to9
4947,Success,Math1113,3to9
4948,Success,Math1113,3to9
4949,Success,Math1113,3to9
4950,Success,Math1113,3to9
4951,Failure,Math1113,3to9
4952,Success,Math1113,3to9
4953,Failure,Math1113,3to9
4954,Success,Math1113,3to9
4955,Success,Math1113,3to9
4956,Success,Math1113,3to9
4957,Failure,Math1113,3to9
4958,Success,Math1113,3to9
4959,Failure,Math1113,3to9
4960,Success,Math1113,3to9
4961,Success,Math1113,3to9
4962,Failure,Math1113,3to9
4963,Failure,Math1113,3to9
4964,Failure,Math1113,3to9
4965,Success,Math1113,3to9
4966,Success,Math1113,3to9
4967,Failure,Math1113,3to9
4968,Failure,Math1113,3to9
4969,Success,Math1003,3to9
4970,Failure,Math1003,3to9
4971,Success,Math1113,3to9
4972,Failure,Math1003,3to9
4973,Success,Math1003,3to9
4974,Success,Math1003,3to9
4975,Success,Math1003,3to9
4976,Success,Math1003,3to9
4977,Success,Math1003,3to9
4978,Success,Math1003,3to9
4979,Success,Math1003,3to9
4980,Failure,Math1003,3to9
4981,Failure,Math1003,3to9
4982,Success,Math1003,3to9
4983,Success,Math1003,3to9
4984,Failure,Math1003,3to9
4985,Success,Math1003,3to9
4986,Success,Math1003,3to9
4987,Success,Math1003,3to9
4988,Success,Math1003,3to9
4989,Failure,Math1003,3to9
4990,Failure,Math1003,3to9
4991,Success,Math1113,3to9
4992,Success,Math1113,3to9
4993,Success,Math1113,3to9
4994,Failure,Math1113,3to9
4995,Success,Math1113,3to9
4996,Failure,Math1113,3to9
4997,Failure,Math1113,3to9
4998,Success,Math1113,3to9
4999,Failure,Math1113,3to9
5000,Success,Math1113,3to9
5001,Success,Math1113,3to9
5002,Success,Math1113,3to9
5003,Success,Math1113,3to9
5004,Success,Math1113,3to9
5005,Failure,Math1113,3to9
5006,Success,Math1003,3to9
5007,Failure,Math1003,3to9
5008,Success,Math1003,3to9
5009,Failure,Math1003,3to9
5010,Failure,Math1003,3to9
5011,Failure,Math1003,3to9
5012,Success,Math1003,3to9
5013,Failure,Math1003,3to9
5014,Failure,Math1003,3to9
5015,Success,Math1003,3to9
5016,Success,Math1003,3to9
5017,Success,Math1003,3to9
5018,Failure,Math1003,3to9
5019,Failure,Math1003,3to9
5020,Failure,Math1003,3to9
5021,Success,Math1003,3to9
5022,Failure,Math1003,3to9
5023,Failure,Math1113,3to9
5024,Failure,Math1113,3to9
5025,Success,Math1113,3to9
5026,Success,Math1113,3to9
5027,Success,Math1113,3to9
5028,Failure,Math1113,3to9
5029,Success,Math1113,3to9
5030,Success,Math1113,3to9
5031,Failure,Math1113,3to9
5032,Success,Math1113,3to9
5033,Success,Math1113,3to9
5034,Failure,Math1113,3to9
5035,Success,Math1113,3to9
5036,Success,Math1113,3to9
5037,Success,Math1113,3to9
5038,Failure,Math1113,3to9
5039,Failure,Math1113,3to9
5040,Failure,Math1003,3to9
5041,Failure,Math1003,3to9
5042,Success,Math1003,3to9
5043,Success,Math1003,3to9
5044,Success,Math1003,3to9
5045,Failure,Math1113,3to9
5046,Success,Math1113,3to9
5047,Success,Math1113,3to9
5048,Failure,Math1113,3to9
5049,Failure,Math1113,3to9
5050,Failure,Math1113,3to9
5051,Success,Math1113,3to9
5052,Success,Math1113,3to9
5053,Success,Math1113,3to9
5054,Success,Math1113,3to9
5055,Success,Math1113,3to9
5056,Success,Math1113,3to9
5057,Success,Math1113,3to9
5058,Success,Math1113,3to9
5059,Failure,Math1113,3to9
5060,Failure,Math1113,3to9
5061,Failure,Math1113,3to9
5062,Success,Math1113,3to9
5063,Success,Math1113,3to9
5064,Success,Math1003,3to9
5065,Failure,Math1113,3to9
5066,Success,Math1003,3to9
5067,Success,Math1003,3to9
5068,Success,Math1003,3to9
5069,Success,Math1003,3to9
5070,Failure,Math1003,3to9
5071,Success,Math1003,3to9
5072,Success,Math1003,3to9
5073,Success,Math1113,3to9
5074,Failure,Math1113,3to9
5075,Success,Math1113,3to9
5076,Success,Math1113,3to9
5077,Failure,Math1113,3to9
5078,Success,Math1113,3to9
5079,Success,Math1113,3to9
5080,Failure,Math1113,3to9
5081,Failure,Math1113,3to9
5082,Failure,Math1113,3to9
5083,Failure,Math1113,3to9
5084,Failure,Math1113,3to9
5085,Success,Math1113,3to9
5086,Failure,Math1113,3to9
5087,Success,Math1003,gt10
5088,Success,Math1003,gt10
5089,Success,Math1003,gt10
5090,Failure,Math1113,gt10
5091,Success,Math1113,gt10
5092,Success,Math1113,gt10
5093,Success,Math1113,gt10
5094,Success,Math1113,gt10
5095,Success,Math1113,gt10
5096,Success,Math1113,gt10
5097,Success,Math1113,gt10
5098,Success,Math1113,gt10
5099,Success,Math1113,gt10
5100,Success,Math1113,gt10
5101,Failure,Math1113,gt10
5102,Success,Math1113,gt10
5103,Success,Math1003,gt10
5104,Success,Math1003,gt10
5105,Failure,Math1003,gt10
5106,Success,Math1003,gt10
5107,Failure,Math1003,gt10
5108,Success,Math1003,gt10
5109,Failure,Math1113,gt10
5110,Success,Math1113,gt10
5111,Success,Math1113,gt10
5112,Failure,Math1113,gt10
5113,Failure,Math1003,gt10
5114,Success,Math1003,gt10
5115,Success,Math1003,gt10
5116,Failure,Math1003,gt10
5117,Success,Math1003,gt10
5118,Success,Math1003,gt10
5119,Success,Math1113,gt10
5120,Failure,Math1113,gt10
5121,Success,Math1113,gt10
5122,Success,Math1113,gt10
5123,Failure,Math1003,gt10
5124,Success,Math1003,gt10
5125,Success,Math1003,gt10
5126,Success,Math1003,gt10
5127,Failure,Math1003,gt10
5128,Success,Math1003,gt10
5129,Success,Math1003,gt10
5130,Success,Math1003,gt10
5131,Success,Math1113,gt10
5132,Success,Math1113,gt10
5133,Success,Math1113,gt10
5134,Success,Math1113,gt10
5135,Failure,Math1113,gt10
5136,Failure,Math1113,gt10
5137,Success,Math1113,gt10
5138,Success,Math1003,gt10
5139,Success,Math1003,gt10
5140,Success,Math1003,gt10
5141,Success,Math1003,gt10
5142,Success,Math1003,gt10
5143,Success,Math1113,gt10
5144,Failure,Math1113,gt10
5145,Success,Math1113,gt10
5146,Failure,Math1113,gt10
5147,Success,Math1113,gt10
5148,Success,Math1113,gt10
5149,Success,Math1113,gt10
5150,Success,Math1113,gt10
5151,Success,Math1003,gt10
5152,Success,Math1003,gt10
5153,Failure,Math1003,gt10
5154,Failure,Math1003,gt10
5155,Failure,Math1003,gt10
5156,Failure,Math1003,gt10
5157,Success,Math1113,gt10
5158,Success,Math1113,gt10
5159,Success,Math1113,gt10
5160,Success,Math1113,gt10
5161,Success,Math1113,gt10
5162,Success,Math1113,gt10
5163,Success,Math1113,gt10
5164,Success,Math1113,gt10
5165,Success,Math1003,gt10
5166,Success,Math1003,gt10
5167,Success,Math1003,gt10
5168,Success,Math1003,gt10
5169,Success,Math1003,gt10
5170,Success,Math1003,gt10
5171,Success,Math1113,gt10
5172,Failure,Math1003,gt10
5173,Failure,Math1003,gt10
5174,Success,Math1003,gt10
5175,Success,Math1003,gt10
5176,Failure,Math1003,gt10
5177,Failure,Math1113,gt10
5178,Failure,Math1113,gt10
5179,Failure,Math1113,gt10
5180,Success,Math1113,gt10
5181,Failure,Math1113,gt10
5182,Failure,Math1003,gt10
5183,Failure,Math1113,gt10
5184,Success,Math1003,gt10
5185,Success,Math1003,gt10
5186,Success,Math1003,gt10
5187,Success,Math1003,gt10
5188,Success,Math1003,gt10
5189,Success,Math1003,gt10
5190,Success,Math1113,gt10
5191,Failure,Math1113,gt10
5192,Success,Math1113,gt10
5193,Success,Math1113,gt10
5194,Failure,Math1113,gt10
5195,Success,Math1113,gt10
5196,Success,Math1003,gt10
5197,Success,Math1113,gt10
5198,Success,Math1003,gt10
5199,Success,Math1003,gt10
5200,Success,Math1113,gt10
5201,Failure,Math1113,gt10
5202,Success,Math1113,gt10
5203,Success,Math1113,gt10
5204,Failure,Math1113,gt10
5205,Failure,Math1113,gt10
5206,Success,Math1113,gt10
5207,Success,Math1003,gt10
5208,Success,Math1003,gt10
5209,Failure,Math1003,gt10
5210,Success,Math1113,gt10
5211,Success,Math1003,gt10
