id,W,X,Y,Z
1,17.4,152.6,59.98,105.6
2,16.1,179.8,52.55,127.7
3,18.3,195.9,46.74,141
4,14.9,179.3,54.56,142.9
5,32.4,158.2,41.53,93.2
6,10.4,166.2,47.81,120.1
7,10.6,195.5,51.15,119
8,24.2,170.4,40.52,110.1
9,10.8,153.5,61.91,126
10,13.8,146.4,42.87,104.3
11,57.6,177.3,69.2,136.9
12,21.2,189.9,46.16,123.2
13,56,205.3,52.91,126.4
14,9.2,159.9,37.41,92.7
15,10.5,169.5,49.8,119.3
16,33.4,150.9,41.86,100.2
17,21.2,186.2,57.71,128
18,4.9,189.7,57.06,127.7
19,0.6,180.8,44.94,108.4
20,4,171.5,43.42,102.3
21,7.1,213,45.73,142.4
22,32.1,164.9,54.94,96
23,4.6,167.8,55.66,125.2
24,59.5,185,44.68,122.7
25,4.1,217.3,53.96,118.2
26,26.9,159.9,51.96,85.3
27,19,228.3,39.11,110.2
28,33.3,180.8,47.06,100.3
29,21.4,191.2,49.12,123.9
30,82.7,162.3,51,104.9
31,21.6,204.4,48.1,131.1
32,14.6,138.2,44.74,81.7
33,41.3,164.4,53.59,117.7
34,1.2,183.2,45.5,125.3
35,27.7,190,38.81,113.6
36,18.3,175.5,63.3,123.8
37,9.3,187.9,41.32,110.7
38,9.9,188.7,57.18,113.6
39,4.5,187.2,52.62,121.8
40,2.6,131,55.58,94.9
41,17.3,171.4,52.96,123.6
42,83.2,195.5,55.36,130.6
43,27.6,172.8,58.64,130.3
44,0.1,186,48.14,112.1
45,7.9,181.1,65.53,136.7
46,0.4,189.9,49.39,118.3
47,12.4,205.9,54.73,119.2
48,27,177.7,51.64,131
49,88.8,185.9,44.12,113.8
50,43,170.2,49.98,117.2
51,31.4,160.9,40.59,105.8
52,21.3,173.9,58.47,109.8
53,13.8,187.7,44.24,122.7
54,0.8,147.3,52.24,103.3
55,5.1,189.7,46.53,126.2
56,15.6,171.7,57.75,123.4
57,3.8,203.6,51.61,122.4
58,6.2,177,44.23,111.4
59,2,186.1,47.72,110.6
60,26.9,185.4,56.22,118.5
61,36.3,186.3,40.15,126.3
62,8.9,181.5,41.63,107
63,8.5,203.4,43.39,106.5
64,88.7,139.7,48.96,115.8
65,8.1,209.7,50.29,119.6
66,5.1,172.4,50.01,114.7
67,132,179.7,43.61,97.8
68,13,182.5,48.37,106
69,1.2,168.7,45.08,86.5
70,6.7,175.9,41.24,111.5
71,49.8,165,52.77,106.8
72,21.8,181.9,54.38,126
73,36.4,179.1,54.65,112
74,11.8,203.3,45.34,121
75,13.4,179.3,56.42,118.5
76,69.6,147.4,43.5,91.6
77,13.9,160.7,40.31,105.3
78,7.3,203.4,49.18,104.1
79,1.4,174.6,50.11,117.7
80,11.6,178.4,48.84,104.7
81,6.8,168.5,56.04,116.1
82,0.3,196.4,46.73,120.2
83,14,197.1,57.7,116.6
84,30,189.4,52.04,136.8
85,20.4,157.5,53.76,113.5
86,121,192,48.69,123.3
87,0.2,206.1,63.88,128.9
88,5.2,165.8,45.9,106
89,14.6,178,54.97,114.8
90,20.7,178.5,52.59,104.6
91,19.2,163.5,47.83,111.3
92,11.7,158.3,53.92,110.8
93,13,186,32.73,99.8
94,28.1,208.2,48.21,120
95,6.7,189.5,40.75,93.9
96,12.8,187.1,55.26,113.4
97,34.2,177.8,50.91,109.7
98,42.9,164,52.07,120.3
99,18.3,159.2,55.41,131.4
100,15.5,227.1,51.4,127.6
101,34.5,187.9,47.68,115.3
102,4.1,144.9,58.04,104.1
103,0.8,199.3,49.59,124.4
104,12.9,155.5,51.83,112.4
105,2.2,168.8,58.36,115.1
106,35.1,186.5,48.33,114.3
107,13.1,173.3,56.37,139.2
108,63.1,187.2,50.31,123.7
109,37.8,181,60.3,126.4
110,10.3,174.4,41.33,94.6
111,12,179,41.26,111.5
112,2.6,156.2,54.81,117.2
113,6.6,196,45.19,112.5
114,72.1,188,51.05,130
115,20.2,170.6,46.45,104.6
116,34.3,200.5,42.54,111.2
117,12.1,169.2,45.54,96.3
118,14.2,170.4,56.15,117.3
119,2.2,180.2,45.36,113.3
120,26.6,190.4,64.98,124.6
121,43.2,132.4,56.16,115.8
122,8.7,196.7,42.93,115.4
123,16.1,209.9,62,136.8
124,16.2,164.2,55.58,132.1
125,43.7,208.7,61.59,136.1
126,10.6,208.7,51.02,99.3
127,41.6,178.1,55.04,114
128,16.8,181,59.93,121
129,5.9,178.5,38.39,113.7
130,28.9,199.6,55.68,150.6
131,45.3,167.6,46.21,90.2
132,23.5,185.1,43.45,103.5
133,17,185.4,58.41,138.4
134,29.4,186.4,54.77,129.7
135,0.1,203.3,48.1,117.8
136,39.4,206.6,47.04,138.8
137,34.8,189.5,43.79,115.5
138,5.5,173.6,40.94,103.1
139,33.6,196.3,52.12,130.7
140,42.9,163,37.11,103.3
141,6.3,179.7,41.42,96.2
142,38.1,165.1,48.06,100.7
143,35.1,162,56.34,112.2
144,52.4,205.6,55.37,126.9
145,19.3,220.3,59.82,130.8
146,37.5,164.6,48.77,117.9
147,39.9,192.7,58.75,118.9
148,0.7,199.9,57.91,133.7
149,20.6,178.1,58.69,126.3
150,13,163.2,49.93,100.3
151,5.3,161.7,50.86,120.7
152,15.4,184,52.64,107.3
153,32.8,191.1,55.39,129.8
154,3,175.4,45.62,102.8
155,4.8,193.2,46.07,108
156,4.1,174.9,40.69,113.8
157,29.4,177.1,48.09,126.6
158,5.4,198.9,44.4,113.8
159,76,167.8,54.28,130.7
160,15,203.5,36.79,105.6
161,20.8,137.6,53.32,108
162,27.3,188.3,47.93,138.5
163,8.2,195.4,47.6,105.6
164,39.2,158.4,61.69,123.4
165,30.4,187.4,52.7,105.8
166,19.8,191.7,39.68,84.6
167,8.9,169.5,55.53,117.5
168,19,196.3,58.78,123.6
169,54.9,191.3,57.13,122.6
170,20.8,179.3,59.93,110.6
171,35.8,171.9,58.18,115.6
172,34.9,195.4,53.27,133.2
173,44.7,167.4,31.85,74.2
174,25.8,196.9,48.87,135.2
175,19.1,169.4,48.07,115
176,16.7,178.1,43.2,121.1
177,3,176.2,58.55,131.5
178,22.4,184.8,45.72,109.1
179,8,187,50.78,97.6
180,15.2,171.6,36.04,86.9
181,4.4,206,59.9,129
182,16.3,213.1,51.92,116.4
183,12.3,185,55.64,138
184,7.9,154.3,58.05,127.6
185,7.2,186.3,40.26,99.6
186,7.1,169.9,52.59,118.8
187,17.3,198.1,46.9,119.1
188,2.1,158,57.67,118.5
189,6.5,168.1,38.83,97.3
190,28.7,176.7,50.92,111
191,11.2,171.3,55.77,113.2
192,4,163.6,55.39,120.1
193,3.8,173.8,61.22,116.8
194,0.5,196.2,52.25,129.7
195,10.1,186.6,47.89,126.7
196,6.8,172.1,63.8,126.1
197,19.4,153.5,54.63,122.5
198,35.9,176.9,65.88,122.1
199,43,177.7,50.76,123.7
200,9.8,169.8,34.42,81.5
201,2.8,203.5,46.4,103
202,63,179.6,52.65,117.2
203,71.5,167.6,49.61,111.5
204,90.1,154.8,54.83,125.7
205,37.8,192.4,61.16,129.1
206,2.2,198.4,48.07,122.5
207,56.6,191.7,49.99,112.4
208,42.5,181,51.05,124
209,6.5,155.5,49.41,112.4
210,2.4,188.3,41.81,111.3
211,17.8,212.2,49.86,119
212,7.8,202.8,37.53,94.9
213,18,198.3,62.75,141.1
214,13.9,161.8,51.36,104.9
215,29.8,202.1,58.99,141.1
216,114.3,183,42.04,86.2
217,3.5,218,50.6,132.4
218,21.7,138.1,48.75,116.6
219,3.7,154.7,42.7,104.9
220,83.8,175.1,46.28,113.9
221,10.4,172.4,40.92,93.6
222,32.5,159.8,48.92,108.7
223,44.4,178.8,47.81,117.2
224,37.1,183.4,41.52,105.4
225,14.4,186.1,54.53,108.7
226,42.7,188.4,52.96,122.4
227,30.2,167,47.11,110.8
228,45.2,207.1,47.06,106.4
229,25.5,155.3,64.58,109.1
230,98.9,131.3,49.23,97.3
231,6.3,167.8,52.1,113.5
232,2.7,182.3,59.99,151.3
233,22.7,196.3,55.29,110.2
234,69.4,219.4,33.31,109.6
235,78.2,185.6,44.17,102
236,31.9,157.9,62.63,112.4
237,57.7,186.3,55.49,117
238,11.6,176.8,56.68,117.4
239,16.2,154.5,42.55,108.2
240,0.7,149.8,53,104.6
241,55,174.1,47.21,103.9
242,6.6,138.4,54.24,91.6
243,56.8,169,48.75,120.5
244,22.3,150,53.05,104.1
245,11.4,157.9,37.17,97
246,21.4,171,49.35,111.4
247,6.5,158.9,46.04,121.3
248,8.8,170.7,60.99,102.6
249,3.2,150.8,42.16,107.6
250,53.7,176.6,37.65,102.2
251,19.2,197.2,45.25,107.1
252,66.5,171.4,64.77,142.5
253,0.4,213.9,37.11,115.7
254,6.3,210.4,54.52,132.2
255,52.3,207.9,45.24,120.5
256,39.7,178.6,56.45,113.4
257,23.3,162.4,42.32,99.9
258,5.8,163.3,49.01,103.6
259,15.5,165.9,52.84,119.4
260,10.1,209.6,46.88,126.2
261,24.7,213.7,55.64,126.8
262,23.5,185.4,42.48,99.8
263,52,180.6,36.3,108.5
264,8.3,216.9,54.3,131.4
265,9.9,188.3,55.98,138.4
266,23.1,193,52.53,115.1
267,50.2,213.7,46.26,123.4
268,0,182.8,37.22,87.9
269,22.5,191.6,35.36,98.1
270,7.8,186.7,48.28,117.8
271,17.4,195.9,44.7,105.7
272,14.1,205.4,53.12,142.9
273,17.5,181.2,49.24,108.7
274,0.2,168.4,51.1,105.2
275,25.6,174.5,55.83,111.1
276,0.4,187.8,53.02,102.8
277,17.1,154.9,48.49,113.1
278,25.6,179,62.03,127.9
279,1,180.2,45.78,101.9
280,34,143,58.32,104
281,1.3,156.5,51.51,105
282,1.4,208.5,47.69,104.9
283,2.5,175.3,57.61,123.4
284,7.9,176.2,51.16,127.8
285,63.3,185.6,69.25,156
286,50.4,151.8,55.28,105.2
287,27,179.7,57.49,97.9
288,6.3,173.1,51.59,127.1
289,0.4,139.3,43.88,101.3
290,27.6,200.1,50.31,120.6
291,34.5,208.1,55.29,121.3
292,6.4,176.7,50.56,127.1
293,0.2,214.1,40.36,123.8
294,37.7,173.6,48.17,101.2
295,5.4,187.5,47.32,105.7
296,40.7,147.3,31.8,69.7
297,43.9,194.9,44.76,112
298,20.7,181.2,35.35,108.2
299,52.5,163.7,47.1,99.9
300,21.2,193.8,51.24,117.8
301,24.8,159.3,53.18,113.4
302,27.5,164.6,48.97,93.6
303,34.1,159.7,48.02,101
304,34.3,212.5,58.2,132.2
305,25.2,154.9,43.34,98.6
306,5.1,162.6,52.06,106.7
307,37,180.3,43.83,100
308,12.1,192.5,53.03,112.9
309,28.1,186.1,43.15,111.1
310,49,164,55.06,119.8
311,29.7,176.7,49.25,110.6
312,51.9,208,48.58,115.7
313,62.9,176.9,48.29,123.7
314,6.9,199.8,54.15,133.2
315,20.5,184.4,57.25,121.3
316,7.7,154.2,49.57,102.7
317,4.2,161.1,48.49,109.5
318,60.5,203.8,44.86,125.4
319,41.3,205.5,51.03,138.8
320,71.2,155.9,54.49,104.4
321,39.1,198.9,45.23,114.8
322,2.7,220.8,43.6,128.4
323,5,190.1,51.23,113.6
324,7.1,148.9,38.87,81.1
325,27.4,188.3,39.73,117.1
326,5,186.2,50.56,111.8
327,25.5,210.9,45.12,107.2
328,87.4,173.5,43.65,116.7
329,28.1,162.8,37.25,106.6
330,4.1,157.3,51.44,118
331,2.4,184.2,47.76,123
332,3,194.3,53.42,112.3
333,6.5,220.9,58.44,127.5
334,9.5,185.4,59.84,139.9
335,19.6,185.7,58.26,125.9
336,6.6,138.2,47.76,106.6
337,9.5,206.8,56.74,151.6
338,5.3,159.9,68.7,129.2
339,72.7,168,53.95,111.1
340,11.6,198.5,46.3,110.6
341,9.7,209.8,50.48,121.6
342,2.7,222.5,45.47,146.9
343,5.5,194.8,49.94,118.7
344,63.2,169.4,56.34,120.9
345,22.2,164.2,52.21,116.5
346,20.6,187.9,45.12,100
347,19.8,168.1,46.65,105.6
348,13.1,194.6,56.7,127.2
349,3.1,181.1,47.12,107.6
350,39,187.4,53.76,113.5
351,5.4,182,54.89,111.4
352,27,170,45.11,100.6
353,6,211.4,56.46,153.9
354,36.9,196.6,35.72,82.3
355,10.2,157.5,38.93,82.8
356,31.8,170.1,45.97,110.4
357,40.3,163,46.22,109.4
358,19.5,131,45.39,82.4
359,1.1,198.8,38.65,98.4
360,24.3,200.4,59.31,123.5
361,11.9,190.6,59.15,137.8
362,55.5,186,42.54,93.2
363,21.8,184.1,42.35,98.9
364,29.6,171.6,43.77,112.4
365,24.9,199.5,58.11,120.9
366,9.8,172.8,52.82,130.5
367,20.3,162.3,57.68,124.7
368,32.4,196.6,50.42,113.8
369,32.5,186.1,55.55,119.3
370,13.3,181.4,41.1,106
371,20.2,176.6,47.5,88.2
372,12.5,176.8,58.69,123.9
373,2.8,182.2,50.32,111.1
374,13.6,156.3,51.14,106.3
375,6.4,174.9,51.1,137.2
376,42.7,200.2,58.76,118.8
377,90.9,154,49.25,109
378,18.8,175.5,38.62,101.1
379,3.1,137.7,47.52,95.6
380,15.4,184.8,37.7,99.1
381,4,165,39.89,106.9
382,17.3,171.3,51.78,110.7
383,1.7,147,30.66,68
384,23.8,225.4,53.76,135.4
385,13.2,191.1,40.32,107.7
386,23.4,168.9,34.49,114.6
387,8.3,157.7,36.38,84.5
388,16.9,174,43.29,104.7
389,20.2,168.8,55.14,126.6
390,19.9,213,54.83,125.7
391,23.2,184,40.21,101.2
392,0.6,189.9,44.84,121.2
393,23.3,198.5,53.34,123
394,4.2,180.6,52.22,95.9
395,3.9,182.1,53.59,118.2
396,6.6,179.1,47.3,98
397,7.1,190.4,43.77,98.3
398,7.8,167.3,46.36,95.4
399,9.7,177.6,51.49,108.5
400,9.1,175.6,62.73,109.8
401,11.9,205.2,48.08,126.3
402,0.5,225.9,38.32,136.5
403,39.5,207.4,40.12,109.1
404,22.1,170.9,48.26,102.3
405,4.8,179.7,63.37,124
406,20.8,174.2,39.14,117.3
407,3,169.7,48.96,118.2
408,37.5,180.9,46.01,111.7
409,40,160.4,42.67,99.4
410,85.1,187.6,42.76,125.5
411,23.8,170.3,45.82,105.9
412,54.5,157.5,43.51,108.9
413,1.1,139.6,40.57,90.3
414,14.8,202,43.5,94.7
415,37.1,188.6,51.89,126.8
416,5.4,183.9,49.06,112.3
417,1.8,134.5,63.98,128.4
418,8.6,178.7,45.62,113.6
419,16.9,203.3,48.8,128.1
420,14.1,165.7,57.67,100.5
421,7.4,169.9,49.1,112.7
422,13,192.2,49.45,121
423,6.5,192.7,52.97,129.5
424,11.7,206.9,46.59,109.6
425,26.6,192.8,39.64,93.9
426,26.1,178.1,55.71,107.4
427,15.5,201.8,41.58,109.2
428,7.5,180.2,56.91,124.6
429,52.3,177.6,59.04,117.3
430,26.6,174.4,51.12,117.9
431,20.5,174.6,44.16,87.2
432,63.1,217.6,49.68,133.5
433,125.1,200.8,49.22,115.7
434,6.4,200.1,38.57,111.9
435,21.3,168,42.94,104.3
436,37.7,164.3,43.28,111.5
437,0.4,189.6,45.66,97.1
438,4,190.8,46.74,131.4
439,3.3,174.3,51.7,119.4
440,1.4,177.5,50.53,117
441,17.7,162.8,43.03,90.3
442,14.8,178.7,42.32,95.9
443,6.6,146.9,42,118.7
444,9.2,198.4,51.23,118.1
445,11.1,189.3,68.51,152
446,2.1,165.8,46.91,94.1
447,18,199,41.22,105.8
448,9.3,196.7,46.35,114.6
449,0.5,159.1,54.07,117.2
450,6.8,138.4,49.39,106.4
451,6.9,183.2,47.5,111.4
452,0.8,186.8,46.69,105.4
453,49,200.5,54.57,113.2
454,5.9,192.5,40.79,115.9
455,13.6,176.4,48.31,112
456,11.1,198.2,42.31,110.7
457,19.9,176.8,43.03,101.4
458,46.9,198.3,55.41,131.3
459,1.4,166.5,34.8,81.2
460,7.7,157.3,49.23,110.6
461,5.2,165.6,52.1,103.8
462,36.7,203.9,49.57,114.7
463,35.2,148.3,51.38,120.6
464,6.5,189.4,50.69,124.2
465,18.4,185.9,52.51,123.9
466,17,204.3,49.26,94.7
467,41.1,174.4,43.98,120.7
468,38.6,196,46.38,123.3
469,17.3,182.4,49.99,120.7
470,32.4,193.6,40.83,105
471,30.9,137.4,49.34,103.7
472,31.7,180.2,53.61,102.7
473,11.5,192.8,40.96,92.4
474,17.1,181.2,49.79,102.3
475,22,159.7,46.25,118.6
476,59.7,195.4,57,149.7
477,9.6,205.9,47.3,105.5
478,57.6,172.4,42.69,91.9
479,58.5,201.3,44.96,115.8
480,35.4,205.9,53.19,118.6
481,3.7,182,39.43,98
482,1.7,151.8,56.19,110
483,35.4,172.9,54.27,111.3
484,11.1,169.5,45.98,101.9
485,16.3,139.9,51.83,81.6
486,4.8,174.9,39.84,96
487,90.6,183.1,50.56,112.8
488,9.6,210.5,58.42,127.1
489,22,142.4,48.99,107.6
490,24.4,171.1,62.31,110
491,35.7,197.5,68.24,143
492,13.2,181.9,38.1,95.9
493,6.4,217.9,54.99,128.6
494,6.9,154.2,37.74,94.3
495,27.2,204.2,49.17,139.1
496,43.4,166.7,46.23,99.2
497,28.8,177.1,45.04,92.4
498,32.4,226.3,47.95,121.4
499,19.6,185.3,44.41,97.1
500,14.1,143.9,51.84,108.3
501,4.4,160.9,56.51,138.6
502,38.7,148.4,56.59,122.3
503,51.6,197.5,53.41,127.9
504,9.8,167.8,52.96,100.2
505,6,191.4,53.05,116.4
506,2,164.2,49.71,101.9
507,19.1,173.8,37.01,99.9
508,16.9,161.4,40.29,96.3
509,13.6,153.2,40.32,90
510,19.3,151,55.2,121.6
511,4.9,168.6,49.55,108.6
512,16.8,198.1,52.68,116.9
513,2.7,206.9,56.71,121.3
514,8.3,149.1,47.07,101.6
515,17.9,193.1,52.79,124.2
516,10.8,183.7,53.86,127.4
517,0.5,165.9,52.57,94.7
518,10.8,182.5,49.37,127.7
519,16.6,195.4,54.01,120.9
520,0.3,214.9,49.33,125.9
521,5.4,165.3,47.96,107
522,4.6,198.5,42.48,107.2
523,1.2,167.7,37.17,91.8
524,6.2,179.1,55,139.3
525,36.3,203.4,60.87,122.8
526,88.7,195.3,58.66,124.8
527,3.7,206.1,47.21,111.5
528,4.6,190.6,40.95,113.9
529,7.8,222.4,48.77,129.7
530,1.3,168.8,49.38,115.4
531,41.3,159.3,45.97,101.3
532,27.9,158.4,61.79,128.6
533,48.2,153.8,55.01,107.2
534,57.6,186.4,39.05,105.5
535,7.3,210.8,68.15,152.1
536,18.8,128.7,46.82,110.8
537,8.9,222.7,38.14,115.8
538,39,177.2,52.48,119
539,10.1,204.6,53.38,136
540,0.1,179.8,57.89,131.8
541,80.7,197.7,47.02,130.4
542,19,142.2,50.71,111.8
543,28.7,149.7,49.68,97.5
544,10.6,197,51.47,111.3
545,30.1,162.7,44.55,100.3
546,12.4,155.8,44.97,120.7
547,0.1,175.8,53.65,104.3
548,31.9,174,43.51,102.2
549,8.9,170.6,39.42,108.1
550,34.9,217.7,59.12,146.4
551,10.1,168.9,47.07,112.3
552,29.6,237.9,50.36,136
553,4.9,184.6,48.53,120.4
554,18.8,205.2,46.75,111.9
555,34.3,164.6,50.07,112.8
556,1.7,170,45.2,99.4
557,1.1,168.1,47.78,100
558,11.8,154.4,57.21,124.4
559,19.8,190.8,43.23,112.1
560,27.4,160,50.94,127.1
561,5.2,152.9,31.36,82.3
562,15.8,159.4,53.92,98.3
563,26.9,157.6,42.47,103.4
564,9.9,192.3,52.9,122.9
565,9.2,187.5,37.87,93.3
566,24,176,41.47,102.6
567,14.7,221.2,50.99,139.9
568,5.8,196.9,48.05,104.4
569,7.2,172.9,40.36,89.8
570,23.1,158.1,53.96,100.5
571,42.7,179.1,45.53,113.7
572,19.6,192.2,62.02,144.5
573,14.9,236.5,43,136.2
574,23.1,194.4,47.03,133.5
575,4.9,218.5,66.9,150.3
576,35.6,175.4,49.06,120.1
577,3,142.8,48.06,95.4
578,6.8,196.9,61.72,105.8
579,12.3,186.3,51.24,101.1
580,1.3,151.9,44.74,96.4
581,8.1,174.3,52.78,124.4
582,2.5,189.1,47.29,109.8
583,74.9,208.7,50.92,122.6
584,7.6,189.7,48.11,130.1
585,11.4,171.3,52.4,121.4
586,23.7,193.1,61.85,130.5
587,28.5,201.4,33.76,101.2
588,32.4,176.7,45.96,102.2
589,89.7,197.5,59.74,127.5
590,62.9,220.8,50.54,122.6
591,3.8,135.8,36.29,67.5
592,0.5,193.7,34.73,92.2
593,44.8,191.1,51.88,119.7
594,18,191.4,36.32,97.3
595,18,160.4,49.35,106.7
596,10.9,170.8,52.48,125.1
597,49.4,208.7,49.65,126.3
598,34.7,204.1,45.23,120.1
599,4.4,181.3,52.07,121.3
600,1.1,171.5,52.08,89.4
601,21.7,193,45.41,115.9
602,44.5,146.1,39.69,94
603,55.1,194.9,37.22,104.5
604,6.5,171.7,32.07,116.1
605,33.8,187.6,52.21,106.4
606,133.9,184.6,44.83,90.5
607,44.4,164.3,63.38,109.9
608,62.4,169.3,46.13,110.3
609,12.3,184.2,54.23,111.5
610,7.1,161.9,50.53,110.4
611,2.9,199.7,56.28,136.6
612,15,152.3,51.25,104.3
613,0.5,177.8,63.09,135.3
614,3.4,187.2,45.09,94
615,75.5,136.7,51.62,91.3
616,25.9,158.4,57.55,116.6
617,59.6,207.3,44.04,119.1
618,0.7,204.8,35.05,113.4
619,24.6,166.2,52.35,114
620,12.5,174.8,51.15,121.2
621,2.8,180.5,46.85,119.8
622,48.9,192.3,50.16,125.4
623,32.7,183.2,46.99,110.7
624,52,150,43.77,94.4
625,29.4,209.9,59.36,143.4
626,71.6,182.7,50.19,130.3
627,3.1,168.4,42.33,78.9
628,7.2,183.8,58.9,135.1
629,1.8,181.2,48.7,88.5
630,1.8,181.1,43.91,99.3
631,0.5,139.4,51.58,99.9
632,1.4,180.9,44.81,112.8
633,75.3,210.4,40.02,123.3
634,4.5,189.9,53.29,129
635,7.1,198.3,43.48,113.1
636,29.6,192.5,69.13,138.5
637,26.7,144.1,40.62,80.6
638,3.8,196,57.59,113.9
639,2,191.9,64.38,122.4
640,46.3,151.5,42.52,81.1
641,2.5,226.2,50.41,128.7
642,5.4,171.2,46.21,114
643,70.6,167,43.06,87.1
644,32.7,185.4,49.9,119.8
645,10.8,177.5,44.16,129.3
646,17.8,200.5,40.95,99.4
647,45.4,150.4,46.19,83.9
648,4.9,186.7,52.97,131.1
649,3.4,218.6,37.76,107.8
650,24.3,142.1,57.63,121.4
651,7.3,205.5,54.02,130.3
652,53.3,191.2,52.93,115
653,8.4,190.7,43.83,105.9
654,4.1,186.6,58.65,133.8
655,9,218.9,55.36,130.6
656,23.4,181,52.76,119
657,12.9,191,35.51,97.2
658,49.7,146.3,60.69,106.4
659,7.6,183.8,46.01,109.4
660,2.2,152.7,68.22,128.2
661,4.8,160.9,41.63,94.9
662,6.5,148.3,36.71,89
663,5,187.5,47.03,114.2
664,19.8,183.6,54.63,117
665,24.8,173.4,56.88,125.4
666,3,185.2,49.1,124.7
667,6.8,165.7,38.25,71.4
668,7.1,209.5,36.09,108.2
669,1.3,176.8,53.06,115.2
670,7.4,187.8,58.84,130.5
671,8.1,198.6,47.38,123.9
672,3.2,182,56.51,115.5
673,12.9,174.5,49.62,135.9
674,9.7,200.8,58.99,139.5
675,30.9,192,56.19,120
676,13.8,186.6,58.9,125.7
677,11.7,180.8,45.39,98.4
678,44.2,178.8,50.96,128.1
679,28.9,153.6,55.75,117.2
680,37.2,178.7,52.49,118.6
681,27.8,177.3,48.26,107.8
682,6.1,232.6,54.08,133.9
683,49.3,248.2,42.99,115.1
684,16.8,210.8,43.65,123.7
685,14.4,185.7,49.7,92.6
686,54.3,186.2,68.87,127.7
687,44.8,165.7,55.57,106.3
688,4.6,196.9,54.59,136.8
689,19.7,168.9,42.24,81.1
690,24,204.1,45.66,114.7
691,10.4,149.2,37.1,95.4
692,14.6,212.4,42.32,131.8
693,52.3,168.7,62.21,124.5
694,48.5,190.8,44.66,99.2
695,20.6,217.2,47.95,125.1
696,8.2,172.3,48.48,121.5
697,13.5,162.8,63.41,115.5
698,0.8,168.9,43.02,105.9
699,21.2,166.4,45.12,89.8
700,31.8,207.2,38.32,105.9
701,1.3,193.8,40.98,113.5
702,49.3,136.1,44.88,100.2
703,24.6,166.2,51.43,118.3
704,45.1,194,59.56,152.2
705,22.3,146.1,57.15,114
706,5.9,166.2,53.72,129.1
707,52.6,169.7,54.74,116.8
708,33.1,180.9,47.76,106.2
709,16.3,185,51.63,116.7
710,21.4,194.1,49.84,124.3
711,22.2,172.6,37.46,115.8
712,33.1,140.6,51.07,104.2
713,27.3,177.4,50.57,120.1
714,23.9,169.2,44.95,93.5
715,1.8,202.4,51.19,109.3
716,10.7,198.1,51.34,117.7
717,15.6,179.1,41.6,104
718,2.5,137.9,47.6,94.3
719,33.3,212.5,43.63,97.3
720,62.1,173.7,48.48,111.2
721,4.7,177.2,37.56,99.4
722,43,200.8,51.02,127.1
723,6.7,200.1,58.44,125.9
724,31.7,162.4,44.34,89.9
725,6.5,186.9,53.43,120.9
726,20.6,198.3,53.32,124.4
727,15.7,172.4,51.84,114.9
728,34.2,167,43.22,100.8
729,9.4,161.1,51.59,104.8
730,8.1,192,48.73,110.4
731,3.8,148.1,58.1,130.9
732,14.2,221.9,54.96,132.2
733,3.1,159.8,57.05,124.5
734,30.5,182.8,62.38,128.8
735,0.6,175.6,48.54,111.6
736,25.1,186.5,44.45,100.3
737,33.6,206.2,47.7,117.6
738,34.6,188.5,60.55,137.9
739,41.9,159.7,57.92,133.7
740,33.9,211.7,50.8,140.2
741,13.2,197.6,56.21,122.6
742,36.1,189.1,44.55,102.9
743,7.5,210.3,53.79,139
744,6.9,223,41.9,98.5
745,13.2,203.9,45.04,97.5
746,13.5,164.1,43.86,114.6
747,18.9,188.8,50.55,121.6
748,0.2,166.7,43.85,103.5
749,4,179.2,55.66,119.3
750,51.6,163.7,50.78,99.8
751,18.6,146.9,55.04,124.1
752,21.1,198,46.64,129.7
753,25.3,215.7,49.09,135.4
754,112.2,170.4,40.46,99.4
755,13.7,182.7,56.11,114.2
756,19.7,210.3,52.11,133.6
757,50.2,157.6,70.61,120.1
758,2.3,165.6,39.99,98.6
759,30.1,182,54.17,134.5
760,7.6,159.2,32.33,95.1
761,20.1,206.6,43.38,120
762,18.5,217,57.97,125.4
763,2.8,217.1,53.17,145.7
764,7,181.3,52.26,122.2
765,10.7,205.3,61.33,142
766,1.8,204.9,48.62,121.1
767,43,194.3,51.91,114.6
768,8,199.7,52.9,111.9
769,4.6,210.1,49.1,103.8
770,38.1,150.4,39.43,96.8
771,13.8,177.1,57.25,115.3
772,81.8,156.5,48.93,107.9
773,23.3,184.3,48.2,128
774,12.6,174,65.12,132
775,46.7,187.5,39.46,102.5
776,15.4,199,41.32,95.5
777,38.2,185.5,54.52,136.8
778,46.2,163.6,52.83,102.2
779,2.4,196.2,52.27,123.7
780,2.7,183,50.48,116
781,14.3,184.9,46.25,113.3
782,7.4,171.3,53.17,111.7
783,37.5,176.9,59.96,116.2
784,26.5,165.7,51.66,114.2
785,2,183.1,51.04,113.7
786,25.5,167.8,44.2,123.9
787,20.9,190.7,50.83,123.2
788,10.9,184.3,49.54,110.3
789,5.5,199.7,44.94,94.1
790,2.2,173.2,49.79,101.6
791,25.7,187.4,58.9,139.7
792,58.5,189.9,55.66,129.6
793,9.8,151.6,55.84,97
794,42.5,145.9,43.92,78
795,22.4,167.6,57.07,119.4
796,33.6,197.9,54.78,129.2
797,34.1,177.8,51.67,110.2
798,34.4,229.1,56.38,137.4
799,22.4,158,50.21,112.5
800,16.7,199.5,47.08,106.1
801,18.6,192.1,45.65,107.1
802,51.8,145.7,50.75,107.4
803,10.6,202.1,47.94,111.3
804,8.6,217.5,45.99,125.1
805,3.1,182.1,43.42,103.4
806,43,168.3,42.19,93.1
807,12.1,191.5,45.66,113.7
808,9.1,168.2,52.9,123.3
809,108.3,197.3,41.13,122.1
810,29.7,172.4,43.11,116.5
811,5.1,170.3,46.52,124.6
812,29.1,177.3,51.52,105.9
813,113.6,228.4,52.95,123.4
814,33,187.1,51.3,123.8
815,1.2,133.1,50.98,110.2
816,18.6,214.8,46.77,106.4
817,17.1,184.6,63.24,128.7
818,49,167.6,57.1,121
819,14.3,169.1,50.31,118.7
820,50,141.2,53.95,103
821,19.3,176,51.36,125.2
822,5.5,153.5,50.2,96
823,37.3,206.2,42.67,119.2
824,1.2,173.3,48.75,98.4
825,8.3,181.6,52.95,94.8
826,4.4,174.8,48.83,94.3
827,5.4,163.8,51.02,115.4
828,37,173.9,63.83,140.6
829,45.2,172.1,56.2,129.3
830,26.5,184.5,61.18,127.4
831,39.3,193.6,29.33,80.7
832,4.8,139.9,51.97,100.3
833,13.9,183.1,37.17,100.2
834,21.6,163,43.48,106.6
835,10.4,155,45.33,93.1
836,19.1,174.3,50.51,103.1
837,6.6,181.5,53.59,135
838,1.7,162.5,49.81,111.7
839,11.9,187.1,42.75,112
840,21.7,155.1,53.78,124.3
841,10,157.6,44.48,100.2
842,1.3,200.5,64.1,129.4
843,13.7,170.1,46.38,114.8
844,44.7,215.9,42.63,116
845,2,208.2,54.17,127.9
846,0.8,214,53.85,133.8
847,4.4,136.6,51.52,97.7
848,27.1,190.3,50.96,130.5
849,51.9,180.2,51.8,103.2
850,127.4,184.1,67.55,141.8
851,29.1,199.5,40.74,114.1
852,31.7,145.9,43.67,92.8
853,1.8,168.4,45.07,99.9
854,3.8,144.3,55.27,102
855,2.4,174.1,52.38,110.2
856,5.5,172.9,56.05,114.7
857,9.4,209.7,44.6,115.8
858,48.1,169.2,59.66,128.6
859,7.1,187.2,49.11,103.3
860,1.1,208.6,55.56,125.4
861,93.1,193.2,49.36,128.3
862,7.7,173.6,61.13,138.5
863,7.8,178.9,47.39,114.8
864,8.3,153.2,49.4,95.7
865,15.7,172.8,54.8,107.4
866,17.8,168,44.91,107.9
867,16.5,187.5,41.38,117.2
868,11.5,184.5,62.21,133.7
869,12.2,162.9,48.18,109.5
870,15.9,152.9,44.7,85.4
871,39.5,155.8,53.09,133
872,35.7,174.3,44.96,100
873,7.2,184,49.42,125.9
874,29.1,177.6,67.15,130.3
875,34.5,159.6,50.52,113.1
876,13.6,157.4,46.08,110.5
877,8,188.3,53.23,110.3
878,14.6,168.6,57.62,132.2
879,42.1,202.4,54.59,125.4
880,17.6,135.4,53.59,100.7
881,54.3,160.9,35.46,87.5
882,10.7,197.2,55.66,141.3
883,0.2,160.2,63.26,119.6
884,43.8,178.6,45.54,95.6
885,6.9,189.3,49.75,92.1
886,58.9,162.1,65.96,143
887,7.7,180.2,50.36,104.8
888,63.3,179.1,58.43,105.8
889,4.2,206.9,57.33,125.4
890,86.2,201.3,52.86,126.9
891,35.2,187.5,56.06,125.9
892,7.4,137.8,48.78,115.5
893,74,208.9,53.38,125.4
894,11.5,175.5,46.21,94.4
895,21.3,202.5,44.2,118.2
896,5.3,165.9,49.18,113.8
897,27.4,199.3,48.96,120.7
898,119.2,162.9,49.48,109.8
899,4.4,192.9,55.6,121.1
900,24.1,174.4,61.21,123.5
901,23.6,132.9,56.09,94.8
902,7.5,184.5,55.29,102.7
903,23.6,189.1,47.46,107.4
904,20.8,201.6,64.69,139.3
905,5.5,171.8,48.23,109.7
906,60.8,173.1,55.47,129.7
907,2.9,170.4,45.67,97.4
908,59.8,159.3,52.54,112.2
909,33.9,198.4,59.08,149.6
910,11.5,198.9,47.2,97.5
911,62.6,200.1,51.98,132.4
912,33.9,185.7,43.36,116
913,3.4,177.3,33.86,95.5
914,0.3,147.6,53.98,114.4
915,19.2,169.9,36.97,96.1
916,0.9,160.7,46.22,100.8
917,15.6,183.1,53.51,114
918,9.9,195.6,49.7,121.1
919,54.5,135.8,40.18,93.2
920,50.1,176.1,56.58,131.3
921,16.7,144.3,35.28,81.3
922,66.5,167.2,54.28,115.5
923,52.5,178.8,47.98,115.5
924,4.2,186.3,46.45,127.5
925,5.9,179.7,58.67,126.8
926,62.5,145.3,48.23,90.5
927,57.7,199.5,43.96,113.2
928,13.2,165.1,42.19,96.2
929,10,174,50.3,113.1
930,26.3,208.4,44.99,118.4
931,95.4,138.9,34.75,85.1
932,6.6,205.6,50.05,136.5
933,18.5,164.9,53.25,116.6
934,2,163.8,53.34,118.4
935,28.8,198.9,38.97,105.8
936,28.7,170.7,49.59,121.4
937,33.5,181.6,53.82,126.9
938,37.3,189.4,49.71,111.7
939,11.2,192,45.85,108.2
940,9.2,161.3,49.68,126.9
941,2.5,184,55.63,118.5
942,121.7,176.9,46.35,104.6
943,44.5,200.6,38.33,104.2
944,13.1,139.6,58.12,119.1
945,4.8,198.2,46.79,108.9
946,11.2,171.3,54.16,113.9
947,25.1,181.4,47.18,119
948,31.5,180.7,39.57,89.5
949,7.6,177.5,48.17,119
950,2.8,190.4,58.06,120.1
951,1.8,180.9,53.73,124.7
952,29.4,191.4,45.41,106.6
953,16.4,171.8,59.98,126.3
954,42.8,211.1,51.41,117.2
955,33,181.6,45.68,95.5
956,39,160.9,63.66,146.3
957,37,187,47.89,100.1
958,14.6,203.4,59.34,133.9
959,5.9,159.2,54.02,122.7
960,1.7,178.8,47.93,121.8
961,12.1,134.5,43.11,91.8
962,64.5,182.4,49.92,121.7
963,23,203.7,51.73,133.6
964,8.8,198.2,51.37,110.1
965,8.2,174.6,59.38,126.1
966,3.1,185,53.88,126
967,2,187.8,64.29,136.2
968,30.5,180.5,58.27,130.5
969,24.5,189.9,61.47,123.1
970,27.3,179,38.12,96.4
971,16,213.1,43.44,108.5
972,13.2,192.3,49.01,127.9
973,15.1,193.3,44.18,100.6
974,21,148.8,50.21,102.1
975,14,149.5,44.96,94.9
976,3,172,50.67,115.2
977,20.4,170.6,53.92,115.9
978,93.3,191.9,57.29,131.7
979,34.2,196.7,44.23,119.9
980,1.1,178,38.44,95.1
981,48.2,177.8,44.23,90.4
982,26.9,191.2,57.52,136
983,0.7,181.9,57.02,125.3
984,9.1,201,57.65,139.8
985,3.6,206.9,37.8,107.6
986,1,182.5,47.42,115.3
987,61.4,192.5,52.19,141.4
988,22.9,139.7,50.6,119.5
989,27.6,197.5,38.36,99.1
990,45.2,191.7,59.3,127.1
991,83.1,161,37,101.8
992,2.3,207.7,50.02,127.3
993,101,143.2,43.4,104.4
994,18.6,199.2,49.79,124
995,38.5,180.7,57.45,101.1
996,16.4,194.5,48.66,126.4
997,1,205.1,43.99,111
998,2.4,186.4,41.4,103.6
999,1,200.1,42.52,103.1
1000,31,177.2,45.92,109.1
1001,41.2,172.8,48.64,103.6
1002,5.5,177,53,116.9
1003,34.7,197.1,58.33,131.6
1004,2.6,166.2,56.61,106.4
1005,4.4,193.4,52.51,110.5
1006,5.3,179.6,42.36,90.1
1007,43.8,186,55.98,111
1008,9.8,167,45.49,101.9
1009,2.9,149.3,59.9,108.1
1010,12.9,170.6,45.16,107.4
1011,0.8,197,61.15,126.3
1012,0.2,188.7,40.83,114.1
1013,9.4,202.1,44.1,101.3
1014,33.3,184.5,48.62,114
1015,21.5,167.8,59.72,130.9
1016,9.6,171.3,46.34,91.3
1017,5.3,178.2,45.88,106.5
1018,40.3,187.9,49.92,119.5
1019,13.2,191.5,62.61,139.2
1020,52.3,183,49.86,109.9
1021,24.1,163.5,51.81,106.4
1022,35.7,188.9,41.86,111.4
1023,11.6,180.2,53.33,115.3
1024,7.5,183.8,59.71,141
1025,21.4,187.4,47.52,129
1026,50.2,148.7,39.82,96.2
1027,15.4,140.7,54.55,105.2
1028,22.3,203.4,36.49,112.1
1029,3.5,150,44.42,103.4
1030,22.1,194.3,44.54,96.8
1031,36.5,178.6,52.69,107.4
1032,46.4,205.6,57.12,127.2
1033,7.8,189.3,50.32,109.9
1034,17.1,199.6,53.14,103.8
1035,3.6,163.5,39.02,91.5
1036,48.4,198.7,50.64,117.7
1037,37.7,159.3,48.25,106.1
1038,36.6,201.5,50.31,111
1039,30.1,180,41.75,116.2
1040,3.5,205.2,43.33,113.8
1041,19.6,152.6,34.33,90.6
1042,9.7,197.3,54.18,136.9
1043,18,188.9,60.41,116.7
1044,16.6,153.1,44.28,102.4
1045,12.3,179.4,44.25,112.1
1046,11.1,191.2,47.99,128.8
1047,20.3,180.3,44.46,117
1048,33.3,172.4,61.35,108.7
1049,1.2,163.1,45.85,107.4
1050,21,158.4,49.19,103.9
1051,18.9,181.1,53.87,120.1
1052,13.8,160.8,47.1,96.2
1053,32.3,158.5,49.45,114.2
1054,2.7,182,53.68,118
1055,30.3,194.2,47.67,113.1
1056,8,182.7,46.71,116.3
1057,13.2,178.7,50.95,123.1
1058,35.1,169.8,51.92,123.4
1059,10.8,185.7,44.36,122.3
1060,8.4,173.7,61.31,130.7
1061,22,190.6,51.29,126.8
1062,22.3,156.9,39.73,74.6
1063,66.4,191.7,43.85,106.1
1064,41.4,161,44.43,91.6
1065,15.1,184.2,41.82,105.6
1066,40.1,158.1,45.44,117.1
1067,2.9,201,42.26,111.5
1068,12.3,194.1,45.78,111.2
1069,6.6,161.8,44.56,90.3
1070,21.8,174.2,52.23,108
1071,21.6,179.5,45.45,131.5
1072,7.6,175.6,40.86,106.4
1073,2.4,174.3,60.33,118.4
1074,66.9,154.1,57.03,117.5
1075,13.5,171.6,57.95,114.6
1076,10.5,172.9,50.36,100.9
1077,28.8,152.2,52.93,105.4
1078,83.6,176.7,42.19,92.5
1079,21.7,193.7,41.34,115.3
1080,37.3,199.4,47.6,116.4
1081,35,167.7,57.62,122.9
1082,1.2,196.4,39.16,104.8
1083,21.1,174.7,53.33,106.8
1084,17.5,185.8,51.61,119.2
1085,12,185.2,49.39,118.9
1086,116.7,186.2,57.11,127.9
1087,7.5,193.3,52.28,131
1088,0.8,169.5,55.11,125.3
1089,33.2,169,49.88,114.1
1090,0.8,159.9,51.92,104.2
1091,53.4,174.8,40.05,92.5
1092,0.7,209.4,50.14,115.7
1093,8.4,171.5,44.99,128.9
1094,96.7,156.1,46.12,110.3
1095,1.1,201,57.47,135.3
1096,24.2,180.8,63.76,129.4
1097,10.8,150.5,51.03,96.1
1098,4.7,167.3,58.53,114.1
1099,37.2,156.3,36.64,100.6
1100,0.5,201.3,51.84,113.1
1101,47.9,166.7,46.82,105.8
1102,13,179.7,47.05,118.9
1103,16.5,201.3,59.97,129.1
1104,47.3,179.6,36.12,95.7
1105,4.6,179.1,57.42,119.4
1106,5.3,195.7,46.54,118.3
1107,5,171.1,61.59,128.7
1108,15.5,166.2,44.7,106.8
1109,34.3,168.9,50.03,103.1
1110,0.6,192,50.66,136.1
1111,5.1,146.6,49.62,125
1112,1.7,180.2,51.24,107.5
1113,41,200.6,59.15,156.9
1114,12.2,178.3,41.72,121.7
1115,0.3,169.5,52.42,120.6
1116,3.5,150.9,51.35,116.2
1117,17.6,218.4,45.07,128.8
1118,17.2,190.4,46.34,94.4
1119,0.2,190.7,41.32,132.2
1120,14.4,208.5,56.52,123.4
1121,25.5,151.8,54.24,92.8
1122,7.7,216.9,51.12,132.2
1123,63,197.5,62.52,142.4
1124,0.5,172.8,52.61,124.4
1125,29.5,169.1,46.46,104.5
1126,19.5,181.4,51.83,99.8
1127,6.6,222.1,53.38,136.1
1128,19.4,138.8,57.42,99.8
1129,14.2,198.1,62.73,141.5
1130,42.8,135.8,36.6,81.1
1131,25.1,180.1,45.66,100
1132,15.6,189.2,58.27,137
1133,81.6,219.1,38.15,114.6
1134,11.8,206.2,48.88,120.6
1135,39.8,193.8,39,100.6
1136,2.8,179.5,54.26,129.8
1137,3.9,172.4,52.59,115.2
1138,18.1,184.1,48.48,102.9
1139,2.8,199.1,42.76,88.6
1140,23.2,204.1,46.77,99.6
1141,6.3,159.9,56.81,131.9
1142,6.8,187.1,43.94,93.8
1143,8.5,183.7,48.91,123.3
1144,33.8,189.2,57.26,140.5
1145,3.2,203.7,47.79,121.3
1146,33.3,183.9,55.62,117.4
1147,10.1,189.8,63.34,133.3
1148,12.7,188,56.04,139.8
1149,32.6,188.3,56.59,131.3
1150,23.3,164.9,51.83,87.6
1151,64.6,221.4,40.96,116.8
1152,32.2,197.4,54.83,131.7
1153,2.5,170.3,49.8,114.5
1154,18.3,199,46.03,123.8
1155,6.4,168.9,46.6,95.4
1156,40.2,192.7,52.42,124.1
1157,6.1,201.6,45.65,112.2
1158,41.8,195.6,57.94,123.8
1159,39.7,184,47.76,125.8
1160,3.2,178.9,62.41,119.6
1161,8.8,199.8,56.71,147.9
1162,1.8,154.5,50.26,122.2
1163,10.4,163.1,57.5,123.2
1164,0.8,196,50.39,129.9
1165,34.7,173.4,47.18,107
1166,32.4,156,57.29,106.6
1167,6.7,150.1,41.83,105.4
1168,6.3,163.9,46.69,130
1169,6.4,198.9,59.15,143.4
1170,75.4,158.2,51.96,118.4
1171,28.9,153.2,49.54,105.6
1172,14.9,165.3,55.47,116.8
1173,8.4,177.9,42.38,103.1
1174,73.4,176.2,51.99,113.4
1175,20.1,203,41.43,112.2
1176,8.3,184.6,40.26,106.5
1177,26,178.5,41.9,94.9
1178,3.9,162.2,50.11,121.3
1179,1.4,197.9,50.25,117.3
1180,39.4,195.7,45.7,121.7
1181,14.9,153.1,57.23,120.2
1182,6.5,199.3,52.26,144.1
1183,28.6,185,54.9,114.6
1184,4.4,167.2,60.08,119.6
1185,5.1,174.7,43.68,99.8
1186,12.6,206.3,44.73,112.3
1187,8.4,192.7,51.69,131.8
1188,26.8,196.8,47.44,132.1
1189,3.5,181.6,52.84,126.2
1190,3.9,179.5,52.73,127.3
1191,10,158.7,43.24,92.3
1192,10.6,187.8,49.34,126
1193,9.3,209.8,32.58,103.5
1194,11.2,178.9,42.94,108.9
1195,25.1,175.4,50.27,117.3
1196,7.9,167.8,55.57,110.1
1197,8.1,176.9,39.39,103.1
1198,8.3,163.3,45.61,94.6
1199,47.5,186.6,31.7,92
1200,54.3,154.7,40.53,94.6
1201,7,182.6,62.17,142.4
1202,23.4,151.2,55.23,111.4
1203,13.6,160.8,47.91,103.9
1204,14.5,150.4,52.87,108.5
1205,92.2,175.3,47.13,121.1
1206,22,184.8,44.71,111.5
1207,16.6,155.2,56.14,108.9
1208,0.4,195.8,45.73,108.3
1209,23.4,143.8,50.91,109.3
1210,18.5,133.9,61.23,116.9
1211,40,192.2,52.77,128.8
1212,9.7,195.4,51.41,134.7
1213,36.6,168,49.44,108.5
1214,0.9,153.6,48.54,111.1
1215,0.7,192.7,59.61,122.2
1216,67.2,173.3,50.43,107.8
1217,2.4,251.3,52.31,144.3
1218,9.3,206.9,59.42,139.4
1219,5.6,212.7,52.83,131.4
1220,20.6,200.3,40.52,113.5
1221,115.6,202,51.11,126.5
1222,29.9,173.9,54.54,120.4
1223,3.6,144.6,52.69,105.7
1224,35.9,165.3,42.7,105.8
1225,28.1,151.2,52.61,108.2
1226,12.4,197.6,50.35,117.1
1227,12.6,174.6,37.86,97.9
1228,15.4,208.8,50.91,124.3
1229,47.8,145.7,45.78,105.8
1230,34.4,160,51.42,115.8
1231,43.4,145.8,48.61,109.3
1232,12.1,219.7,51.65,120.8
1233,26.7,165,47.57,102.5
1234,17.4,193.4,46.06,94.7
1235,3.6,182.9,46.64,92
1236,28,221.8,35.02,113.3
1237,36.6,163,51.25,103.2
1238,69.5,148.4,51.11,124.6
1239,56.9,193.7,62.22,126.1
1240,29.6,176.5,60.25,139.7
1241,0.8,193,51.43,115.3
1242,23.5,147,63.94,135.3
1243,15.8,160,50.87,89.1
1244,4.8,171.4,53.14,125.5
1245,5.8,182.3,41.13,123.3
1246,9.3,208.2,50.3,117.8
1247,76.7,147.8,48.26,110.4
1248,10.9,179,28.51,101.7
1249,20.8,160.5,40.76,111
1250,2.1,191,41.57,102.8
1251,21.8,160.8,61.91,119.2
1252,29.2,199.7,48.32,108.7
1253,33.9,148,49.3,104
1254,14.8,201,51.69,103.8
1255,7.8,182.9,41.96,121.1
1256,122.9,168,56.09,107.9
1257,7.5,149.9,44.03,112.8
1258,14.4,203,51,132.3
1259,30.6,189,45.56,119.7
1260,28.9,169.5,54.89,100.2
1261,20.9,194.2,56.38,135.2
1262,44.8,156.7,47.68,124
1263,1.4,193.6,48.51,105
1264,43.4,175.6,53.63,91
1265,10.4,156,54.87,107.5
1266,8.5,152.8,47.35,101.7
1267,4.4,211,53.82,123.3
1268,30.5,151,36.65,81.7
1269,0.3,193.5,57.3,124.5
1270,3.6,148.3,63.31,114.8
1271,23.5,172.2,51.09,122.8
1272,22.2,202.8,46.41,126.4
1273,4.4,151.3,44.41,91.5
1274,21.5,187.8,51.99,136.2
1275,73.2,164,52.98,116.9
1276,63.2,169.4,48.56,90.4
1277,0.4,162.7,56.08,125.5
1278,1.6,159.6,47.35,97.4
1279,23.7,162.4,50.82,114.8
1280,21.9,193.5,48.78,120.9
1281,39.1,218.9,53.23,120.5
1282,0.3,174.1,51.17,117
1283,30.8,190,56.54,125.9
1284,33.2,165.2,39.44,110.6
1285,5,168.4,60.84,113.4
1286,5.9,177.4,48.79,113.8
1287,69.9,166.2,34.17,96.2
1288,5.3,186.8,63.34,110.9
1289,3.5,194.9,46.01,129.1
1290,34.6,166.2,56.65,104.6
1291,14.9,164.6,40.98,96.3
1292,35.1,174.4,42.95,107.8
1293,10.1,180.6,54.9,126.7
1294,13,201.2,53.81,109
1295,12.5,150.3,48.28,104.7
1296,6.3,229.6,49.09,124.4
1297,13.9,144.6,66.63,105.9
1298,0.3,188.7,55.9,136
1299,4.6,159.4,43.84,82.4
1300,9.9,159.2,48.57,125.3
1301,58,182.2,59.8,141.9
1302,9.8,162.8,49.44,96.3
1303,91.7,183.4,42.94,110.2
1304,3.2,162.6,53.01,117.6
1305,44.5,194.8,44.69,117
1306,20.8,189.7,45.52,99.8
1307,23.6,179.2,46.34,96.9
1308,11.6,222.5,43.16,133.9
1309,11.6,152.7,47.17,98.7
1310,33.7,171.5,40.16,108.2
1311,10.9,163.8,41.16,110.8
1312,25.8,181.3,53.48,110.7
1313,28.6,166.2,62.06,147.7
1314,6.9,158.6,68.4,123.4
1315,31.6,182.8,44.11,99.5
1316,19.5,156.5,50.7,105.9
1317,8.8,169.2,40.21,80.5
1318,43,172.9,53.81,107.8
1319,18.3,173,46.28,102.4
1320,56.1,124.6,51.71,94.3
1321,22.3,170.4,54.12,106.7
1322,11,170.3,45.67,110.9
1323,8.6,167,59.46,129.5
1324,5.1,159.4,51.1,99.5
1325,76.4,188.1,45.97,132.5
1326,71.9,156.6,44.82,83.7
1327,33.6,173.4,53.05,110.2
1328,2.4,145.1,45.65,110.9
1329,7.4,182.3,43.48,91.3
1330,3.4,177.3,51.97,110.7
1331,8.7,162,39.25,105.5
1332,63.8,194.7,45.62,130
1333,4,197.7,40.22,103.8
1334,26,173.7,51.93,96.2
1335,43.3,176.7,48.78,118
1336,35,207.9,52.17,130.5
1337,65,177.1,51.33,112.1
1338,11.3,179.1,67.13,122.8
1339,11.5,215,52.25,124
1340,45.8,221.3,49.93,122.1
1341,33.7,207.3,55.01,132.8
1342,21.3,199.9,49.91,136
1343,3.6,251.8,55.98,135.5
1344,6.3,168.3,51.13,134.3
1345,14.3,166.7,45.89,85.6
1346,17,180.9,60.49,131.1
1347,20.9,143,39.06,89.6
1348,19,180.4,52.08,102
1349,8.5,199.3,57.78,130.2
1350,24.2,164,42.79,115.1
1351,1.6,192.4,58.27,125.8
1352,3.5,208.3,52.76,113.3
1353,38.6,173.5,53.39,111.7
1354,12.3,173.6,59.15,134.1
1355,10.2,183.7,33.62,75.5
1356,36.7,179,37.11,92.3
1357,10.2,224.1,71.29,155.9
1358,20.5,148.8,53.06,107.1
1359,40.8,187.7,54.25,112.6
1360,25.2,182.9,43.45,109.7
1361,24.7,171.7,54.98,118.7
1362,13.8,202.1,51.14,123.8
1363,6.3,207.6,55.59,131.9
1364,21.2,172,45.58,72.6
1365,78.5,174.6,55.85,109.2
1366,76.9,147.9,53.01,105.5
1367,6.1,174.4,55.47,95.8
1368,30.6,173.5,38.62,119.8
1369,5.6,219.5,65.57,147.7
1370,18.4,161.9,63.16,120.9
1371,12.6,182,52.37,105
1372,1.2,178.4,54.2,123.7
1373,11.7,164.2,53.2,109.2
1374,5.6,153.3,51.9,103.1
1375,33,182.8,61.67,135.2
1376,34.7,185.7,58.2,130
1377,9,146.5,57.99,112.9
1378,14.1,188.9,56.46,105.8
1379,25.7,199.1,42.55,110
1380,27.3,194.9,58.56,132.7
1381,5.3,199.1,59.63,123.6
1382,2.5,164.6,54.25,115.1
1383,0.9,182.5,49.79,123.3
1384,44.7,181,49.22,113.8
1385,8.8,174.3,50.64,106.7
1386,1.1,193.8,46.51,100.4
1387,16.6,210.1,55.27,106.2
1388,7,168.3,54.37,102.1
1389,5.6,187.2,62.56,131.9
1390,1.7,170.3,53.44,127.7
1391,6.9,170.8,55.83,119.9
1392,10.2,167.7,56.96,130.2
1393,6.1,200.1,56.08,110.1
1394,41.3,155.4,47.9,126.1
1395,0.1,157.3,60.23,108.6
1396,91.3,163.1,38.42,89.4
1397,82.2,165,47.91,108.1
1398,0.2,173.6,30.07,100.7
1399,12.6,160.8,30.65,76.1
1400,2.3,194,61.27,125.8
1401,39.1,169.9,63.28,113.3
1402,36.8,206.5,51.51,142.1
1403,5.6,184.9,34.7,88.7
1404,2.1,187.7,44.19,128.5
1405,15.3,184.7,41.75,101.7
1406,17.3,151.7,45.21,98.7
1407,26.6,154.4,53.61,110.8
1408,50.4,208,54.35,136.5
1409,45.3,176.8,51.01,110.8
1410,32.1,176.4,41.48,119.4
1411,13.6,161.5,56.43,105.6
1412,43,171.3,52.28,132.8
1413,1.5,173.5,52.67,121.8
1414,6.2,190.1,42.06,93.6
1415,57.5,178.3,64.22,123.4
1416,4.8,199.5,45.42,90.7
1417,0.8,178.7,37.46,90.7
1418,10.9,196.9,46.16,109.8
1419,11.5,174.1,50.99,106.3
1420,0.3,176.6,56.37,120.9
1421,53.8,215.6,43.24,109.3
1422,7.4,180,36.29,80.8
1423,3,195.4,49.73,123.7
1424,13.7,180.9,49.26,109.5
1425,58.8,197,38.47,92.8
1426,26.7,175.7,46.69,96.1
1427,1.4,185.5,66.38,159.6
1428,6.1,193.9,53.85,125.8
1429,5.5,176.4,55.85,120.3
1430,25,204.5,50.12,119
1431,20.9,161.3,44.95,118.8
1432,99.6,176.7,48.59,115.5
1433,4.4,160.5,57.22,121.7
1434,1.6,182.3,45.07,97.7
1435,56.2,178,45.39,108.4
1436,0.5,182,45.8,105.7
1437,33.2,164.1,50.86,129
1438,15.9,182.5,41.26,104.3
1439,28.3,186.2,49.87,134.9
1440,19.1,141.2,45.69,100.3
1441,42,184.5,45.88,117.4
1442,43.3,228.6,43.84,120.5
1443,20.3,151.5,50.26,114.4
1444,2.4,148.6,49.77,108.6
1445,4.9,168.2,55.65,119.7
1446,5,169.4,43.34,91.1
1447,6.6,175.1,56.03,120.6
1448,2.5,188.7,58.42,133.7
1449,15.4,185.4,52.1,101.2
1450,45.4,196.6,49.55,120.6
1451,47.6,197.9,45.2,104.9
1452,5.2,191,42.04,112.2
1453,20.1,184.8,43.34,111.5
1454,33,197.7,54.88,118.7
1455,13.2,184.5,50.23,106.2
1456,19.4,159.3,47.29,122
1457,35.1,165.3,48.38,98.4
1458,15.4,167.1,51.45,125.5
1459,3,188.2,54.8,141.6
1460,0.2,200.4,55.86,132.7
1461,42.6,181.3,58.12,104.9
1462,26.3,203.3,42.29,97.6
1463,20,150.6,52.68,106.5
1464,57.5,169.7,61.95,129.2
1465,0.5,141.4,37.76,81.4
1466,73.7,206,50.5,138.8
1467,16.7,188.9,50.59,112.1
1468,32.3,206,60.74,138.2
1469,58.8,197,62.36,128.3
1470,2.3,194.1,47.2,128.5
1471,60.3,184.9,48.01,102.1
1472,4.9,151.5,48.04,87.5
1473,90.1,193,34.62,101.9
1474,8,190.4,58.59,127.1
1475,51,167.2,58.28,123
1476,38.5,164.9,53.91,113
1477,28.4,182.3,41.25,116.6
1478,13.1,169.2,49.3,117.2
1479,11.5,146.6,52.66,117.6
1480,6.5,191.6,49.98,103.2
1481,35,223.5,56.83,124.9
1482,20.7,199.8,55.29,139.2
1483,3.5,190.1,71.09,130.2
1484,71.8,189,41.49,110.7
1485,31.2,198.1,54.52,112.1
1486,8.3,156.9,60.02,102.5
1487,86.6,204.8,53.98,120.3
1488,1.7,195.3,53.86,138
1489,8.3,200.5,55.01,138.4
1490,23.2,193,42.96,90.9
1491,31.9,180.4,43.98,108.2
1492,1.8,189.6,43.17,117.5
1493,7.6,176.8,49.84,94.1
1494,84.6,180.5,45.15,112.5
1495,29.9,153.9,56.89,119.9
1496,2.2,178,58.19,110.7
1497,23.3,183.8,50.34,129.9
1498,3,200,65.83,139.3
1499,0.6,158.2,45,109.3
1500,1.2,189.8,40.75,106.2
1501,4.6,212.4,41.71,108.5
1502,5,156.7,59.77,130.6
1503,16.9,185.4,46.86,110.2
1504,9.9,172.6,48.7,102
1505,53,191.8,55.37,140.9
1506,36.9,149.6,51.61,115.5
1507,8.3,208.5,40.07,119.7
1508,6,167.7,54.9,112.7
1509,9.5,184.7,58.95,127.8
1510,10.4,222,57.42,115.7
1511,0.7,193.9,48.36,125
1512,51.9,165.5,40.11,110.4
1513,30.1,176.9,52.09,138.2
1514,94.2,178.2,56.21,105.2
1515,15.9,176.8,46.79,112.3
1516,29.2,193.3,52.34,127.1
1517,7.5,158.6,50.21,114.7
1518,4.8,198.8,44.23,131.3
1519,25.9,170,43.62,113.2
1520,50.5,165.3,50.02,96.9
1521,61.8,169.6,62.11,127
1522,30.6,176,38.27,99.5
1523,0.8,180.3,45.61,101.3
1524,37,158.9,54.64,106
1525,6.7,212.3,47.04,124.3
1526,32.2,209.3,40.94,117.8
1527,30.7,205,42.93,125.9
1528,0.1,168,55.03,96.5
1529,13.2,180.4,58.21,152.5
1530,41.6,169.8,53.26,112.8
1531,3.9,218.8,47.61,113.5
1532,80.3,172,48.28,123.4
1533,14.6,197.2,48.34,125.6
1534,14.3,167.7,48.2,110.2
1535,34.9,185.4,42.89,109
1536,18.3,187.7,43.48,122
1537,1.1,202.4,58.48,124.7
1538,15.8,169,53.48,122.1
1539,43.6,149.1,54.69,101.3
1540,46.1,193,39.72,118.4
1541,6.6,161,46.79,103.5
1542,37.5,169.9,48.49,108
1543,13.8,152,43.86,99.8
1544,34.5,174.6,59.3,115.5
1545,65.5,166.2,46.24,94.4
1546,9.1,219.4,50.52,124.4
1547,2.4,151.6,44.26,91.7
1548,66.9,208.2,53.72,147.2
1549,1.7,211.6,57.31,129.4
1550,6.2,155,58.17,119.9
1551,3,149.6,39.42,84.8
1552,10.1,152.9,46.93,98.7
1553,71.7,198.6,49.25,128
1554,11.1,216.8,38.37,107.7
1555,9.1,192.7,48.39,113.5
1556,13.3,161.4,37.66,110.1
1557,8,145.6,46.51,109.1
1558,8.9,137.1,57.97,101.4
1559,15.6,201.2,45.09,122
1560,1.3,191.8,53.17,128.5
1561,22.5,192.4,41.47,107.7
1562,7,182.1,45.25,119
1563,7.8,157.1,54.5,98.7
1564,36.2,147.3,41.66,87
1565,41.9,180.3,41.32,113
1566,9.4,145.3,46.23,99.6
1567,5.6,165.8,41.19,96.2
1568,25.2,162.8,58.63,126.7
1569,16.3,174.3,29.06,87.6
1570,7.8,140.3,40.91,74.1
1571,1.3,198.6,44.16,110.1
1572,56.7,201.5,43.47,125.9
1573,18.7,187.9,58.32,132.2
1574,2.3,180.4,53.22,118.4
1575,43.3,188.8,48.71,116
1576,45.5,178.7,47.09,113.4
1577,3.3,160.1,43.28,100.4
1578,19.1,193.8,49.37,106.2
1579,4.7,178.2,52.74,121
1580,13.9,173.8,60.68,115.7
1581,7.3,190.4,55.41,112.2
1582,20.1,173.1,45.58,98.3
1583,13.4,167.1,54.85,121.7
1584,47.3,178.5,46.4,119.4
1585,11.2,170.5,50.96,99.4
1586,13.8,151.5,53.32,83.8
1587,76.2,165.2,55.15,102.8
1588,3,202,54.09,128.4
1589,25.7,180.7,46.26,88.8
1590,29.8,153.2,53.35,99
1591,33.6,211.2,53.59,127.6
1592,16.9,204.4,43.4,120.9
1593,14.3,194,48.44,124.5
1594,3.8,172.4,47.27,106.6
1595,13.5,167.6,55.96,114.3
1596,8.5,127.7,53.27,103.6
1597,13.4,179.5,58.86,121.2
1598,44.5,184.5,61.76,127.8
1599,9.5,192.9,51.9,126
1600,17.3,181,50.26,122.1
1601,12.3,214.7,54.41,126.3
1602,7.5,165.1,44.57,116.6
1603,25.4,161.1,62.45,133.4
1604,66.2,159.8,37.07,92.1
1605,9.1,175.6,55.01,127.3
1606,12.7,183.9,49.71,119.4
1607,16.7,178.8,53.72,115
1608,17.2,176.8,50.57,113.8
1609,65.6,183.8,48.66,108.7
1610,2.6,148,51.54,122.1
1611,55.5,168.4,56.78,135.5
1612,1.4,153.9,58.54,119
1613,64.9,137.6,38.01,69.9
1614,18.3,185.2,57.76,137.8
1615,12.9,165,56.73,126.8
1616,21.8,171.5,54.03,103.4
1617,1.2,176.2,46.02,135.1
1618,16,205.6,51,132.6
1619,2.9,169.2,55.63,127.7
1620,21.5,163.3,54.88,129.2
1621,9.6,157.4,50.33,119.4
1622,21,225.3,60.44,133.3
1623,56.1,188.5,44.78,109.2
1624,16.9,197.1,51.22,108
1625,10.2,176,50.52,124.4
1626,31.8,207.5,49.48,124.6
1627,1,200.1,48.74,121.9
1628,0.6,177.6,61.41,154.2
1629,3.2,160.2,47.25,113
1630,4.7,209.2,38.88,107
1631,12.5,143.1,62.24,111.8
1632,67.8,215.2,55.51,128.6
1633,14.3,175,41.01,115.9
1634,32.9,194.4,42.82,102
1635,2,188.5,27.71,77.7
1636,2.3,173.3,55.84,111.4
1637,20.2,194.2,35.46,111.8
1638,36.5,185.3,47.37,110
1639,29.2,184.6,50.02,131.8
1640,8.9,203.6,50.75,107
1641,12.3,149.6,54.56,119.7
1642,32.4,174.9,45.79,105.4
1643,2.2,146.1,51.26,93.8
1644,31,159.1,61.73,123.8
1645,6.1,186.7,48.23,107.6
1646,36.1,173.3,44.21,93.1
1647,34.1,166.2,60.19,121.1
1648,2.9,165,36.31,93.7
1649,8,158.9,46.17,95.8
1650,27.4,174.2,48.49,96
1651,2.4,183.7,58.68,145
1652,9.9,175,55.1,112.6
1653,15,204,55.29,133.1
1654,99.8,162,40.97,106.2
1655,10.3,143.8,53.5,97.3
1656,40.7,142.3,54.06,95.5
1657,9.9,162.7,45.37,88.3
1658,27.6,150.7,57.85,98
1659,112.8,185.3,41.68,110.9
1660,4.7,188,58.31,128.9
1661,15.6,178.6,46.39,104.9
1662,76,208.4,53.22,122.8
1663,34,207,47.98,128.9
1664,26,192.6,47.58,114.1
1665,11.7,187,44.91,97.9
1666,12.5,178.2,56.75,117.9
1667,12.8,185.2,51.74,115.4
1668,92.7,153.1,38.28,81.9
1669,113.1,221,49.51,128.4
1670,11.4,181.4,51.12,118.9
1671,28.2,166.2,39.95,103.9
1672,49.6,136.2,44.28,99.4
1673,19.8,178,55.74,118
1674,42.9,190.2,42.3,106
1675,16.6,138.5,60.63,109.4
1676,87,200.6,61.61,120.9
1677,105.8,184.8,61.72,126.3
1678,8.9,167,41.58,100.1
1679,29.8,223.7,41.99,115.4
1680,43.5,175,49.26,115.5
1681,17.8,186,57.76,121.9
1682,1.9,180.5,52.99,121.5
1683,16.3,171.9,56.37,111.6
1684,11.8,211.5,50.14,105.6
1685,6.1,180.6,51.67,114.4
1686,30.9,162.2,39.06,79.2
1687,21.4,165.9,43.33,106.3
1688,26.9,179.1,48.6,110.4
1689,19.2,161.5,45.57,104.9
1690,41.2,217.2,56.34,138.9
1691,5.7,169.1,52.28,125.6
1692,13,177.4,51.14,115.9
1693,22.2,188,64.92,137.3
1694,87.3,189.6,47.08,103.2
1695,48.6,181.2,46.14,132.1
1696,1.1,152.7,49.84,99.4
1697,8.1,187.5,45.44,105.6
1698,15.9,192.2,51.77,119.7
1699,7.9,144.7,55.16,111.4
1700,4.3,177,54.41,101.4
1701,1.1,180.9,51.45,117
1702,20.3,190.4,47.66,114.8
1703,7.3,167,54.95,105.9
1704,67.9,169.8,56.76,120
1705,41.4,177.7,42.82,107.1
1706,6.1,179.1,44.49,112.3
1707,3.4,175.7,49.33,113.7
1708,47.6,147.8,56.34,107.4
1709,11.6,227.8,47.46,132.2
1710,4.2,184.2,48.93,127.2
1711,33.7,210.8,43.42,100.9
1712,43,187.5,41.1,95.8
1713,24.5,169.7,47.87,100.8
1714,43.5,165.2,47.56,109.2
1715,25.9,167.7,53.28,122.2
1716,4.3,192.4,50.2,124.2
1717,14.7,182.9,56.51,102
1718,5.8,152.5,37.16,94.6
1719,5.7,198,54.1,111.9
1720,0.5,180.1,51.75,112.7
1721,57.2,176.5,45.74,92.7
1722,3.4,155.9,60.06,121.2
1723,19.5,208.1,54.3,121.3
1724,9.2,183,41.52,113.3
1725,8.1,166,55.66,120.9
1726,51,209.1,48.05,129
1727,17.5,191.4,55.5,109.7
1728,9.5,190.3,45.1,123.1
1729,2.3,199.1,37.58,131.3
1730,29.9,149.1,50.38,107.5
1731,94.5,209,60.73,136.8
1732,3,205,51.42,107.2
1733,24,199.8,42.08,127.9
1734,18.9,170.3,47.56,114.8
1735,50.9,192.8,66.99,131.5
1736,107.1,184.1,54.48,127.5
1737,155.3,177.3,57.99,130
1738,4.9,168.8,59.25,110.5
1739,9.4,170.1,43.1,96.7
1740,3.7,169.3,54.27,103.8
1741,16.3,185.6,43.21,101.9
1742,11.1,150.1,43.35,82.3
1743,58.7,180.9,49.32,113
1744,23.7,188.8,44.91,101.2
1745,12.7,214.6,41.98,114
1746,20,207.7,56.18,117.6
1747,5,170.5,51.75,104.3
1748,16.4,190.9,53.34,114.9
1749,111.4,151.2,41.73,77.6
1750,27.7,185.3,57.06,121.9
1751,63.3,172.9,46.67,118.4
1752,44.1,169.5,59.1,126.8
1753,19.1,173.1,46.89,117.4
1754,12,183.2,49.8,113.6
1755,32.9,174.8,51.55,78
1756,33,164.5,58.23,129
1757,15.7,190.8,46.35,104
1758,64.2,189.5,54.91,128.9
1759,55.7,188.1,53.11,119.1
1760,28.1,184.1,45.31,84.8
1761,37,204,54.27,106.8
1762,50.3,172.8,63.42,125.5
1763,61,199.9,67.84,145.2
1764,39.3,177.3,33.17,95.4
1765,3.9,163.1,57.07,100.1
1766,43.4,192.2,58.73,127.5
1767,66.4,134.4,55.37,96
1768,4.2,158.1,57.58,110.1
1769,30.5,226,60.57,144.2
1770,7.2,162,46.55,115.7
1771,42.1,177.2,55.89,144.3
1772,16,196.8,50.14,109.7
1773,3.3,200.4,50.61,107.2
1774,11.3,203.2,45.27,124.9
1775,15.5,156.9,47.79,113.4
1776,12.6,189.7,47.49,135.7
1777,16,210.8,47.25,113.9
1778,45.2,188.8,42.88,115.9
1779,41.9,150.3,52.83,88.9
1780,32.4,197.4,51.52,120.9
1781,13.6,163.3,54.15,108
1782,27.9,167.9,47.03,110.7
1783,11.7,169.4,53.98,120.1
1784,13.9,158.9,64.88,126.6
1785,15.4,192.4,45.04,111.4
1786,16.8,184.9,56.18,135.2
1787,13.2,175.4,61.03,130.9
1788,39.2,180.7,48.51,98.7
1789,13.8,192.4,48.43,98.4
1790,1.2,188.9,55.67,111.3
1791,56.7,187.7,51.32,119.3
1792,3.3,195.6,34.28,109.9
1793,6.4,189.1,47.65,111.8
1794,21.8,175.4,43.37,114
1795,62,195.8,52.46,136.3
1796,14,177.4,34.58,95.3
1797,15.2,215.3,51.6,137.2
1798,15.1,189.8,50.33,127.8
1799,39.4,145.8,42.65,81.8
1800,37.1,153.5,38.43,90.2
1801,13.3,205.8,59.5,133
1802,48.6,177,51.96,115.3
1803,1.1,194.2,60.07,140.9
1804,17.9,173.8,52.07,102.3
1805,8.6,183.4,63.1,131.9
1806,30.6,169.4,57.88,91.5
1807,3.1,179,68.39,152.6
1808,12.9,176.4,48.74,113.2
1809,14.5,183.6,50.34,114.3
1810,7.7,170.4,55.07,102.9
1811,59.7,197.8,61.46,145.9
1812,4.9,184.5,41.85,108.1
1813,9.9,177.1,45.16,102.7
1814,68.1,161.3,41.87,84.1
1815,6.4,139,54.93,112.8
1816,17,158.8,47.08,109.8
1817,9.7,167.7,48.99,117.4
1818,8.8,184.3,49.7,106.4
1819,20.7,217.7,36.27,118
1820,39,184.1,44.93,104.1
1821,3.7,162.2,55.74,113.1
1822,6.4,196,60.82,138.6
1823,8.2,185.4,32.94,91.6
1824,17.7,254.3,47.71,128.5
1825,10.2,191.2,41.25,110.8
1826,8.8,184.7,47.77,116.1
1827,23.5,164,48.48,119.4
1828,13.9,162.1,54.25,111.7
1829,75.1,186.6,41.45,103.9
1830,10.4,181.3,54.24,109.4
1831,17.6,155.5,57.53,98.9
1832,3.3,173.3,63.11,126.3
1833,6.1,155.4,37.01,80.9
1834,3.9,158.2,50.62,100.5
1835,8.6,155.6,50.64,108.2
1836,48.9,207.8,40.96,89
1837,22.3,158.6,63.64,121.4
1838,13.8,215.3,51.87,124.1
1839,57.9,202.1,50.55,113.4
1840,10.7,207.4,49.38,136.2
1841,2.4,185.5,47.35,110.8
1842,38,162.1,62.7,128.2
1843,2.9,202.2,48.52,120
1844,35,160.2,43.95,119.9
1845,2.4,176.5,51.38,114.3
1846,3.4,209.6,54.08,136.5
1847,13.6,192.9,56.62,127.6
1848,6.5,184,52.5,119.2
1849,51.3,197.5,56.5,122.1
1850,4.1,183.2,53.65,113.9
1851,1.1,194.3,56.99,118.2
1852,25.4,180.4,59.23,122.4
1853,30.5,154,51.24,101.3
1854,2.8,198.9,57.78,141.5
1855,19.9,169.6,55.58,129.5
1856,23.8,204.5,50.32,110.7
1857,22.4,223.6,37.6,100.9
1858,22.1,199.8,52.39,133.2
1859,9.4,182.4,55.02,123.2
1860,83.8,163.7,38.03,110.1
1861,9.9,163.7,50.2,102.6
1862,0.5,174,49.7,108.2
1863,34.8,179.7,61.52,119.1
1864,9.4,194.3,51.99,147.6
1865,39.6,199.9,63.15,136.5
1866,34.8,190.4,55.83,124.2
1867,21.2,159.9,53.86,127.7
1868,40.9,203.9,58.09,101
1869,2.7,148,35.14,71.5
1870,10.5,163.1,40.7,106.6
1871,29.9,185.9,54.16,96.9
1872,5.9,169.1,50.93,118.4
1873,30.1,184.5,56.93,131.1
1874,5.8,180.7,45.25,107.8
1875,5.3,194.4,37.39,97.4
1876,21.9,162,36.51,91.9
1877,78.2,176.3,42.78,117
1878,63.4,194.4,66.01,130.6
1879,8.7,154.4,45.2,111.5
1880,6.7,191.9,54.69,113.6
1881,0.9,200.4,30.48,104.7
1882,18.5,157.6,60.15,124.7
1883,39.2,157.2,49.36,105.5
1884,2.4,133,48.88,104
1885,40.3,148.3,61.31,103.2
1886,15,190.1,53.33,115.4
1887,0.1,192.8,49.69,125.8
1888,6.3,168.8,59.4,117.5
1889,38.4,139.8,43.24,98.8
1890,7.6,201.8,56.43,124.1
1891,16.1,175.7,42.94,108.7
1892,19.6,186.2,43.68,109.2
1893,132.8,169.6,54.8,128.6
1894,0.3,192.8,45.11,88.7
1895,9.2,183.5,47.37,90.9
1896,45.5,170.7,61.64,112.1
1897,28.9,193.4,57.81,128.6
1898,82.2,161.7,55.37,106.3
1899,35.6,206.1,52.08,115.4
1900,51.3,174.5,53.33,113.1
1901,1.8,213.7,54.37,132.1
1902,39,165.5,49.86,102.3
1903,7.4,183.6,56.1,121.7
1904,32.6,164.6,45.25,113.7
1905,10.9,180.4,54.35,116.9
1906,10.1,167.2,51.37,108.8
1907,21.5,206.5,49.98,101.6
1908,16.5,128.4,62.5,125.9
1909,34.3,198.4,42.98,108.4
1910,21.2,213.3,47.62,123.2
1911,0.8,179.4,39.57,119
1912,15.4,196.1,51.09,118.9
1913,3.6,160.7,50.27,116.7
1914,17.1,189.9,52.21,108.3
1915,0.7,162.2,61.7,130.9
1916,14.3,204.6,31.89,96.6
1917,5.3,183.3,50.36,103.6
1918,0.6,165.1,46.84,128.2
1919,45.7,195.1,49.63,137.8
1920,4.6,185.9,51.79,112.8
1921,0.2,188.2,46.43,123.2
1922,25.4,193.8,38.04,112.9
1923,34.3,185.1,53.79,106
1924,12.5,199.5,48.81,116
1925,23,198.6,47.02,100.2
1926,6.7,181.3,62.01,132.1
1927,44.6,196.6,49.08,94.7
1928,16.8,186,51.29,125.1
1929,33.1,182.7,55.3,126.4
1930,46.6,164.8,55.76,122.6
1931,39.9,181,49.41,112.5
1932,0.7,205.6,56.42,141.3
1933,2.6,160.1,64.42,123.1
1934,5.6,212,56.96,133.6
1935,6.1,177,37.52,102.8
1936,18.6,176.1,45.1,116.6
1937,29.1,208,40.7,110.9
1938,44.7,209.3,54.48,118.3
1939,5.2,187.9,49.36,110.5
1940,48.4,242.1,50.86,111.7
1941,5.6,207.1,57.41,135.9
1942,2.4,207.1,57.87,137.5
1943,24.8,200.6,48.51,114.5
1944,39.4,195.8,47.07,125.4
1945,12.8,178.6,47.46,106.8
1946,17.2,137.7,42.86,88.6
1947,3.8,148.4,42.69,95.8
1948,11.1,169.2,36.07,78.1
1949,32.9,184.8,39.82,122
1950,2.1,184.6,42.86,113.6
1951,21.8,144.5,52.1,103.8
1952,5.7,167.5,58.25,116
1953,10.3,176.7,42.27,103.9
1954,3.5,176.8,48.64,109.4
1955,23.9,201.3,43.64,122.3
1956,15,175,69.2,156
1957,6.9,172.2,53.38,113.2
1958,51.6,201.6,50.97,115.7
1959,60.9,161.7,54.53,116.1
1960,30.6,162.7,48.58,98.9
1961,5.7,209.3,55.13,118.8
1962,39.5,206.3,47.59,117.6
1963,45.5,152,52.37,116
1964,9.5,195,54.34,124
1965,17.8,181.9,64.51,135.3
1966,38.5,201.1,48.62,124
1967,17.1,203.4,55.43,137.1
1968,3.8,218.9,39.19,119
1969,23.5,177.1,50.21,92.6
1970,38.5,184.9,47.3,105.9
1971,69.7,185.8,48.36,112.5
1972,42,176.7,54.18,112.7
1973,57.4,172.4,58.79,119.2
1974,6.5,192.9,53.79,122.3
1975,12.5,181.8,63.34,134.7
1976,6.3,207.6,52.7,138
1977,10.2,209.8,55.62,133.7
1978,5.7,167.7,41.93,87.3
1979,2.6,186.5,48.35,105.1
1980,6.3,180.8,53.69,120.2
1981,11.5,205.1,58.62,127.6
1982,22.8,192.9,43.38,116.4
1983,72.1,211.4,53.12,123.7
1984,33.7,162.2,46.11,104.6
1985,21.6,211.5,46.76,127.1
1986,29.2,211.3,47.16,118.1
1987,0.2,164.2,43.84,107.1
1988,39.1,168.2,39.75,97.5
1989,22.1,203.1,55.24,124
1990,3.7,175.5,49.29,107.9
1991,2.5,152.2,55.59,130
1992,15.7,141.3,56.48,116.9
1993,8.8,202.6,48.3,108.8
1994,7.7,176.7,57.04,133.4
1995,10.8,180.6,52.06,138.9
1996,38.2,176.5,36.5,82.7
1997,9.3,196.3,53.38,116.4
1998,29.3,205.9,48,127.4
1999,1.1,149.5,56.86,107
2000,5.4,153.7,58.05,121.8
2001,13.7,194.4,59.47,121.5
2002,11.1,194,41.9,99.7
2003,28.2,153.2,48.18,107.9
2004,6.5,191.6,47.89,115.5
2005,9.8,186.9,53.8,122.4
2006,15.7,199.1,49.46,134
2007,22,156,40.04,100.8
2008,3.7,191,63.96,120.6
2009,2.4,184.1,47.36,118.3
2010,8.5,170.2,56.82,121.9
2011,23.5,141.4,52.37,91
2012,12.4,203.1,47.12,123.8
2013,9.4,157,45.6,100.2
2014,7.6,166.5,57.91,103.4
2015,20.7,197.2,55.4,123.9
2016,24.5,180.1,44.52,100.1
2017,44.6,175.6,44.32,104.4
2018,14.8,187.6,54.89,135.6
2019,22,167.2,58.25,122
2020,0,184,46,118.3
2021,12.3,177.2,56.1,131
2022,4.8,183.4,53.03,113.8
2023,19.9,177.5,40.89,89.5
2024,4.2,195,35.5,105
2025,14.1,188.7,52.23,111.1
2026,28.3,178.2,42.17,110.9
2027,37.1,185,50.81,117.9
2028,5.8,136.5,59.42,101.9
2029,29.2,175.5,57.34,120
2030,32.2,190.5,49.84,131.1
2031,39.1,132.5,38.95,80
2032,11.6,234.3,39.8,118.8
2033,4.7,159.5,59.93,112.8
2034,3.1,162.8,51.84,96.4
2035,38.6,166.6,51.74,123.4
2036,14,205.4,41.34,94.6
2037,14.6,173.5,56.66,133.5
2038,63.6,225.6,46.18,142
2039,63.7,182.4,46.26,118.6
2040,14.4,203.2,50.55,115.3
2041,27.3,199.6,39.99,113.6
2042,7.6,147.7,55.27,112.7
2043,8,151.3,49.71,115
2044,1.8,204.3,48.85,118.1
2045,25.8,190.1,51.82,121.5
2046,23.4,185.7,59.75,109.4
2047,3.7,189,48.53,117.4
2048,72.8,192.2,49.75,124.6
2049,16,170.9,48.29,108.2
2050,1.8,179.8,55.78,122.5
2051,1,166.6,43.31,90.7
2052,19.9,139.7,45.33,86.7
2053,5.7,185.1,45.68,95.7
2054,32.8,167.8,53.3,107.2
2055,8.4,209.6,57.26,124
2056,6.1,161.8,47.09,106
2057,25.3,171.3,54.04,127.6
2058,26.4,199,64.62,135.6
2059,5.8,154.9,51.76,107.7
2060,6.7,159.6,50.82,106
2061,27.8,181.1,38.72,94.8
2062,22.8,173.5,47.68,101.9
2063,24.1,200.1,60.27,111.8
2064,8.6,170.2,49.18,112.4
2065,14.3,169.7,44.71,127.2
2066,5,182.7,48.01,123.6
2067,7,151.1,51.94,128.9
2068,45.9,204.8,51.29,104.9
2069,7.5,203.3,43.79,125.7
2070,8.2,166.2,52.76,106.3
2071,29.8,167.1,41.07,94
2072,37.4,193.1,47.82,121.6
2073,20.2,150,42.25,98.2
2074,5.5,163.9,56.47,125.6
2075,8.4,188.7,37.05,93.3
2076,7.7,196.8,59.5,138.4
2077,8.4,196.5,48.74,129
2078,55.3,173.5,48.13,109.9
2079,118.9,167,49.45,115.5
2080,1.5,178.8,44.83,95.3
2081,8.6,177.8,54.05,119
2082,9.1,199.7,45.51,109.1
2083,0.6,180.7,52.06,116.3
2084,19,171.5,48.07,100.3
2085,13.6,227.3,45.94,127
2086,14.4,179.8,46.34,106
2087,8.2,179.2,54.64,118.4
2088,28,214.6,46.62,120.3
2089,23.4,182.2,66.43,131.4
2090,5.2,154.1,39.5,105.3
2091,22.8,163.8,46.45,105.8
2092,76.8,213.6,44.47,124.3
2093,6.6,170.5,46.92,100.9
2094,4.9,184.5,49.09,91.6
2095,4.7,160.6,50.62,104.3
2096,5.2,177.6,48.16,119.3
2097,7.5,198.7,65.57,129.7
2098,0.9,119.6,43.92,84.8
2099,23.5,195.7,44.38,124.8
2100,5.9,183.3,48.78,101.9
2101,11.1,170.6,42.03,90.2
2102,1.1,162.4,57.69,106.6
2103,5.1,196.4,42.23,114.7
2104,25.7,193.6,39.27,104.9
2105,10.2,195.2,38.41,99.1
2106,2.6,185.4,51.43,102
2107,123.5,191.1,48.21,119.5
2108,67.9,189.1,38.47,102.9
2109,2.1,187.6,54,117.9
2110,35.9,180.1,51.29,118.8
2111,9.3,190.2,57.82,126.7
2112,8.5,173,53.39,131.1
2113,2.7,206.9,57.27,142.8
2114,49.3,163.9,54.87,115.9
2115,36.3,196.7,47.64,123.8
2116,23.1,178.5,35.84,94.9
2117,3.5,170.5,44.72,93.3
2118,34.5,187,61.66,111.4
2119,109.8,179.9,59.3,126.7
2120,6.7,204.6,48.48,112.8
2121,35.5,174,52.26,110.1
2122,24.7,195.3,42.6,93.4
2123,11,157.4,39.49,87.9
2124,25.6,171.6,55.17,92.6
2125,11.8,186.7,61.51,123
2126,128.4,157.8,43.22,91.2
2127,18.6,158.3,52.65,121.6
2128,6.1,227.4,47.25,139.2
2129,25,168.1,57.15,111.2
2130,8.4,167.1,47.05,95.2
2131,48.5,190.7,52.38,115.6
2132,7.6,170,48.98,113.7
2133,14.2,196.2,69.93,143.8
2134,7.3,169.7,39.35,96.3
2135,64.8,205,53.87,123.8
2136,0.3,182.6,50.67,112.2
2137,71.9,170,57.15,112.4
2138,54.4,203.1,60.78,120.2
2139,1.5,174.7,45.8,89.3
2140,20.8,171,52.54,119.8
2141,30.3,173,58.57,102.5
2142,20,150.7,44.02,103.8
2143,69,192.1,46.91,115.8
2144,59.5,197.1,42.71,112.7
2145,18.5,222.4,45.93,119.8
2146,14.2,204.7,50.58,119.1
2147,2.7,177.2,33.2,99.1
2148,3.6,150.2,52.56,101.2
2149,10.7,174.8,46.3,116.6
2150,6.4,174.9,51.34,108.2
2151,22.2,175.7,47.99,105.3
2152,53.9,189,59.69,135.2
2153,29.3,207.7,48.74,126.6
2154,19.7,148.1,54.74,113.2
2155,1.1,188.4,44.95,104.3
2156,37.9,174.7,56.53,121.4
2157,27.9,189.6,60.58,123.6
2158,3,156.6,39.96,100.1
2159,7.7,227.3,56.92,131.8
2160,19,197.7,49.52,115.4
2161,4.8,145.7,52.97,111.4
2162,0.1,188.3,53.15,121.3
2163,26.5,196.6,39.81,116.1
2164,17.4,177.3,41.66,101.4
2165,6.7,188.2,52.36,112.9
2166,58.6,189.2,44.52,87.6
2167,12.2,217.9,50.09,129
2168,21.2,157.1,48.12,96.3
2169,3.5,188.3,39.92,106.7
2170,76.1,174.3,47.77,118.4
2171,13.9,157.8,50.43,118.4
2172,0.6,229.5,59.14,146.8
2173,5.5,191.9,47.68,113.1
2174,54.4,173.2,54.85,105.6
2175,2.7,168.6,45.81,89.8
2176,21.6,181.2,64.06,135.7
2177,24.3,172.8,39.44,98.7
2178,50.6,173.4,56.29,130
2179,6.1,179.7,45.33,102.4
2180,3.1,155.2,44.07,113
2181,29.7,156.5,47.84,120.6
2182,5.5,171.6,57.18,123.3
2183,8,197.5,34.33,98.1
2184,16.9,162.1,59.3,104.8
2185,31.2,196.9,49.46,118.1
2186,28.9,229.7,49.1,139
2187,48.2,192.6,52.13,110.2
2188,97.1,170.2,52.77,109.6
2189,12.5,155.7,43.99,98.4
2190,38.2,168.6,63.69,126.5
2191,50.3,187.3,58.92,130.3
2192,5,196.9,57.02,115.4
2193,2.6,163.8,47.22,108.5
2194,25.6,172.3,55.25,116.2
2195,68.5,188.6,51.83,111.5
2196,2.5,190.4,49.55,119.6
2197,12.2,203.4,58.86,125.6
2198,55.1,156.2,46.33,88.4
2199,3.2,157.8,41.96,101.7
2200,29.2,179.2,45.75,115.4
2201,35.5,190.9,45.8,112.1
2202,4.5,180.1,47.86,108.4
2203,4.4,193.9,58.77,131.7
2204,13.5,191.6,50.6,126.6
2205,1.6,170.2,54.58,115.2
2206,1.4,181.4,52.1,142.7
2207,0.7,201.3,55.74,126.5
2208,1.4,187.7,56.39,119.8
2209,65.1,171.3,56.06,128.2
2210,23.4,163.5,41.33,123.2
2211,34.7,186,53.04,121
2212,58.7,181.1,39.24,71.7
2213,31.8,160.1,48.15,109.9
2214,3.2,159.6,49.97,87.8
2215,13.8,170.8,43.9,115.3
2216,23,196.3,52.58,135
2217,115.5,180.4,54.5,125.6
2218,6.1,142.1,52.91,83.5
2219,7,203.8,56.33,126.4
2220,7.9,174,47.5,96.8
2221,8.3,162,57.19,115.5
2222,28.9,190.3,47.03,101
2223,4.8,162.8,56.09,115.3
2224,5.1,178.9,49.28,119
2225,71.6,212.1,53.93,121.8
2226,4.7,195.6,46.46,109.6
2227,7.8,196.9,46.04,136.3
2228,3.2,179.3,48.14,104
2229,99.9,152.3,52.13,101
2230,8.8,141.2,45.45,91.8
2231,33.1,153.9,44.5,88.3
2232,36.3,180.4,57.8,132
2233,3.7,150.5,64.69,109.6
2234,7.1,183.8,43.9,110.2
2235,10.3,190,43.53,112.4
2236,122.3,174.7,47.07,105.8
2237,19.6,196.5,52.63,117.3
2238,32.1,172.3,43,107.5
2239,5.7,171.7,49.12,110.7
2240,71.8,190.9,52.96,118.9
2241,35.7,164.2,60.48,111.6
2242,3.6,160.6,48.66,106.4
2243,18.5,196.2,49.24,122.6
2244,17.3,179.5,55.85,135.4
2245,51.2,237.1,43.47,129.8
2246,28.8,185.9,47.03,95.3
2247,5.2,179.7,42.38,113.6
2248,9,154.9,44.21,86
2249,57.2,162.5,51.57,112
2250,3.5,173.7,44.99,96.8
2251,42.3,224.2,44.72,129.2
2252,6.2,166,44.91,92.5
2253,26.1,197,40.5,99.9
2254,26.8,168.1,44.01,107.5
2255,2.2,190.8,52.55,122.9
2256,1.9,193.7,50.31,107.6
2257,2.7,170.9,53.58,107.1
2258,18.4,204.7,56.95,136.7
2259,23.6,178.6,62.43,101.3
2260,24.4,181.3,49.6,122.5
2261,21.7,171.1,42.98,94.3
2262,10.9,149.8,50.05,96.6
2263,42.3,171.4,42.65,101.8
2264,14.1,206.5,57.54,125.7
2265,60.1,183.1,50.54,120.3
2266,73.8,184.7,54.11,133.7
2267,27.9,207,56.2,119.1
2268,5.9,209.4,40.29,126.8
2269,14.8,192.3,55.87,125.7
2270,9.4,174.1,48.72,93.7
2271,33.1,188,49.27,103.4
2272,12.4,144.7,67.43,125
2273,4,152.7,57.28,115.5
2274,20.3,162.5,46.5,103.2
2275,35.1,167,52.67,115.6
2276,43,173,50.14,120.5
2277,0.4,195.6,34.73,121.1
2278,10.1,177.1,39.47,83.1
2279,13.9,224.3,47.66,126.3
2280,3.7,158.4,60.13,119.8
2281,14.3,152.6,53.69,98.4
2282,7.9,161.2,47.56,100.2
2283,15.3,182.7,47.75,104.8
2284,19.8,126.4,56.4,104.1
2285,2.2,205.6,49.25,111.7
2286,28.2,203.3,50.78,114
2287,27.5,195.9,39.79,108.6
2288,20.1,158.3,52.75,119.1
2289,14.7,207.4,63.89,144.7
2290,11.2,197.8,53.32,120.6
2291,10.5,196.9,49.08,131.6
2292,20.1,176.6,52.22,104.3
2293,20.6,142.2,48.14,102.2
2294,11.4,208.4,55.72,130
2295,25.7,189.4,49.84,122.3
2296,70.3,207,43.59,135.6
2297,16.2,194,46.08,115.2
2298,9.4,191.2,48.52,112.6
2299,16.2,196.8,50.44,110.3
2300,8.7,162.8,60.97,141.2
2301,2.3,169.1,47.8,106.9
2302,12.9,193.6,50.52,135.4
2303,90.2,197.2,43.85,101.9
2304,17.4,149.6,65.94,131.2
2305,23.9,226.6,48.95,124.7
2306,11.8,198.8,37.61,117.2
2307,36.2,187.7,43.37,115.8
2308,58.3,194.1,66.58,145.6
2309,83.7,176.4,48.3,118.8
2310,12,177.5,61.79,118.4
2311,15.8,176.2,45.31,111.8
2312,25.8,206.5,48.36,104.1
2313,20.1,195.8,64.55,133
2314,4.7,176,51.88,111.7
2315,6,161.8,51.74,108.8
2316,43.3,154.1,57.4,102
2317,14.3,173.6,46.74,112.7
2318,47.1,186.3,39.11,111.2
2319,28,185,52.9,118.2
2320,14.5,166.3,52.34,115.5
2321,1.8,177.2,47.37,118.3
2322,19.9,158.7,35.2,64.5
2323,70,159.7,49.07,117.5
2324,43.1,183,53.18,113.7
2325,46.3,193.6,45.94,117.8
2326,11.9,139.3,49.47,126.9
2327,11.1,168.7,42.57,92.9
2328,17.3,175,60.73,114.5
2329,109.8,180.9,35.25,86.8
2330,13.4,161.2,47.73,103.4
2331,32.7,138.7,51.98,101.1
2332,14.7,183.9,51.87,141.6
2333,30.9,194.1,41.48,104.8
2334,122,188.4,59.65,127.8
2335,83.6,178.4,48.17,118.9
2336,1.8,167.6,45.17,86.7
2337,26.5,150.6,50.83,112.4
2338,21.6,216.8,49.64,120.8
2339,31.1,178.5,44.21,109.6
2340,9.1,195.7,56.23,138.9
2341,22.9,188.9,54.74,116
2342,28,192.4,42.19,92.7
2343,24.3,172.8,55.96,122
2344,19.2,194,42.8,94.5
2345,0.6,188.5,48.8,116.5
2346,18.2,211.6,44.56,141.5
2347,0.1,189,45.07,110.1
2348,2.7,157.5,32.06,78.1
2349,36.8,193.6,61.98,121.9
2350,2.5,190.8,45.92,105.4
2351,0.1,121.2,49.08,92.3
2352,8.3,172.4,47.07,105.7
2353,52.1,153.9,45.23,110
2354,0,192.5,57.57,119.4
2355,18.4,203.4,46.11,106.5
2356,1.9,158.5,49.7,111.1
2357,8.2,209.4,47.51,119.7
2358,1.4,142.1,49.18,91.6
2359,5.8,142.9,53.07,117.4
2360,40.7,216.1,61.17,148.9
2361,38.8,160.6,53.95,105.3
2362,16.8,188.4,47.95,116.8
2363,5.2,151.4,48.35,103.4
2364,31.2,167.3,41.04,96.3
2365,3.3,168.1,42.41,105.7
2366,9.4,189.5,43.44,109
2367,4.6,135.1,51.88,102
2368,12,235.7,49.76,109.4
2369,16,172.5,56.62,103.4
2370,2,186.3,65.88,138.6
2371,2.4,140.5,46.76,99.3
2372,16.9,186.9,56.23,124.8
2373,30.6,143.6,41.39,97.2
2374,4.4,193.7,46.4,129.4
2375,28.4,198.3,51.92,118.3
2376,51.2,160.3,40.97,119
2377,18.3,191.6,45.8,96.5
2378,10.9,197,52.21,109.7
2379,29.9,158.8,61.12,105.6
2380,26.1,183.1,56.64,120.9
2381,58.4,215.9,49.68,108.2
2382,2.3,190.6,48.65,117.8
2383,12.9,173.6,53.55,128.3
2384,0.7,175.4,58.69,105.6
2385,35.5,149.4,49.55,104.4
2386,13,213.6,48.38,120.9
2387,34.5,172.3,37.62,105.8
2388,171.3,167.4,55.58,120
2389,9.5,186.2,43.48,91.8
2390,17.6,209.4,51.9,143.2
2391,15.9,166.9,47.69,111.6
2392,31.5,168,63.78,146.6
2393,12.7,173.2,54.08,124.9
2394,1.2,175.4,42.17,98
2395,16.5,212.5,53.86,118.5
2396,0.4,156.8,66.6,120.1
2397,30.2,153.8,50.82,124.7
2398,28.4,204.1,68.44,148.6
2399,11.5,177.3,57.26,132.6
2400,12.5,156.2,42.36,107.8
2401,21.3,158.9,42.02,107.9
2402,18.8,188.5,60.38,127.6
2403,12.4,170.2,57.84,126.8
2404,23.9,182.3,53.48,114.9
2405,13.1,193,55.71,128.2
2406,1.3,178.2,51.65,113.9
2407,81.8,166.8,38.35,108.3
2408,44.1,172,51.87,127.3
2409,35.2,185.5,54.61,123.5
2410,20,174.1,45.52,96.7
2411,46.7,174.3,50.3,128.2
2412,63.3,145.7,57.66,103.2
2413,5.6,196.8,51.01,118.3
2414,14.9,170.4,40.13,103.5
2415,17.9,176.1,52.98,128.2
2416,1.1,167.6,55.4,141.1
2417,0.7,174.8,47.42,97.9
2418,10.8,158.3,42.2,93.1
2419,7.2,176.7,51.03,95.7
2420,8.1,152,44.38,92.9
2421,6.4,184.7,72.26,145.3
2422,15.6,214.1,58,130.2
2423,3.8,179.6,56,115.8
2424,3,182.5,40.54,99.1
2425,61,172.3,57.18,133.8
2426,70.8,228.3,44.32,122.4
2427,5,199.6,48.23,104.7
2428,29,187.9,45.91,112.6
2429,39.7,171.9,57.7,128.1
2430,4.9,216.5,43.33,123.3
2431,52.3,172.3,51.92,111
2432,32.1,168.4,53.78,113.2
2433,62.7,199.8,52.84,124.8
2434,20.7,224.9,50.35,114.9
2435,32.7,187.9,56.51,140.5
2436,4.7,162,44.08,111.7
2437,7.9,172.9,45.26,95.8
2438,6.6,175.1,54.52,106.7
2439,10.7,198.1,48.99,122.4
2440,36.8,165.2,50.46,115.5
2441,11.7,201.5,54.13,130.7
2442,20.1,181.2,43.42,108.2
2443,28.6,150,38.01,91.2
2444,20.9,216.9,53.95,116.7
2445,23.1,179,51.64,122.3
2446,27,176,54.9,124.4
2447,90.9,184,45.31,122.2
2448,72.9,170.4,43.76,87.1
2449,40.4,130.7,45.14,104.8
2450,41,165.5,56.82,116.9
2451,26.6,165.2,49.27,107.5
2452,11.1,156.4,46.19,118.2
2453,47.2,173.2,51.59,115
2454,38.5,183.5,47.81,103.2
2455,49.9,171.9,47.05,90.4
2456,35.1,176.5,46.96,109.5
2457,33.7,164.4,38.97,96.2
2458,28.7,181.3,50.13,120.6
2459,10.1,168.1,54.49,114.4
2460,1.2,201.7,62.24,132
2461,10.6,211.6,53.89,140.6
2462,13.4,156.9,46.9,124.3
2463,1.8,210.9,50.18,132.6
2464,0.1,201.4,47.16,118.6
2465,1.6,194,41.32,112.6
2466,29.2,156.8,41.14,85.8
2467,53.3,206.5,49.54,122.9
2468,23.5,137.5,57.67,104.8
2469,97,178.1,46.86,123.7
2470,42.8,200.4,51.84,131
2471,50.4,163.2,63.52,131.8
2472,3.2,170.5,60.91,117.3
2473,36.7,189.8,51.33,126.5
2474,6,188.7,48.63,105.2
2475,7.2,173.7,63.95,100.5
2476,15.2,195,58.41,125
2477,13.7,160.6,54.87,113.9
2478,2.4,189.5,53.46,128.2
2479,10.7,191.3,52.4,125
2480,32.4,161.9,39.47,98.9
2481,23.1,174.7,52.15,98.2
2482,60.8,153.7,43.83,98.5
2483,2.2,193.5,53.8,115.6
2484,18.9,171.8,49.84,103.6
2485,14.3,214.1,43.98,111
2486,16.7,175.1,53.41,127.2
2487,1.6,197.5,54.56,135.1
2488,8.6,198.5,36.94,95.3
2489,14.6,148,49.42,97.9
2490,38.4,174.2,43.57,105.5
2491,27.2,182.1,39.99,99.2
2492,32.1,217,60.56,139.6
2493,31.1,211.9,50.39,124.2
2494,4.6,164.8,59.14,131.7
2495,17.2,165.9,52.23,99.4
2496,31,199.8,42.44,112
2497,16.8,154,54.02,107.2
2498,0.5,219.3,52.54,129.8
2499,12.8,170.7,46.96,106.6
2500,0.4,155.3,41.87,85.9
2501,7.8,213.4,59.86,131.3
2502,64.3,187.6,47.07,108
2503,11.9,196.9,43.64,113.6
2504,20.4,169.2,52.64,106
2505,28.7,186.7,51.85,117.4
2506,30.3,179.5,40.74,95.9
2507,20.7,195.8,46.85,121.3
2508,12.7,197.3,42.3,119.6
2509,24.6,198.7,57.89,122.4
2510,11.7,178.4,48.22,117.1
2511,51.8,176.6,49.4,118.3
2512,36.7,164.1,42.91,110.5
2513,0.9,193.1,71.89,149.1
2514,20.3,180.3,54.46,117.9
2515,0.9,204.7,49.31,124.5
2516,9.2,180.5,52.21,127.1
2517,14.7,190.7,64.35,145.2
2518,42.2,208.2,64.6,147
2519,13.9,164.5,45.13,115.4
2520,4.4,157.1,53.21,123
2521,2.1,239.7,46.24,118
2522,81.4,176.4,53.02,122.6
2523,34.3,183.7,48.4,118.1
2524,9.8,149.1,49.04,99.9
2525,1.2,152.9,49.15,102.6
2526,3.3,175.3,37.55,87.7
2527,0.3,163.1,43.41,91.9
2528,30,178.5,49.45,101.8
2529,0.6,165.8,44.25,100.5
2530,37.2,121,39.04,73.1
2531,34.5,189,47.36,122.9
2532,33,173.3,49.6,117.4
2533,57.7,185.6,65.93,137.6
2534,51.1,176.1,41.2,100.6
2535,22.4,193.6,55.9,108.3
2536,13,176.2,43.94,111.3
2537,10.3,169.6,55.74,110
2538,45.6,210.7,45.01,122.6
2539,58.4,199.4,48.25,108.5
2540,2.1,183.4,51.04,127.4
2541,22.2,165.3,42.24,85.8
2542,89.4,204.1,54.48,107.5
2543,13.6,141.5,47.71,111.7
2544,13.4,163.4,55.31,136.4
2545,154,132.3,55.55,105.8
2546,7.2,164.4,37.9,90
2547,15.9,235,48.51,123.7
2548,24.8,179.1,46.07,106.3
2549,6.5,158,56.18,128.8
2550,11.7,208.3,46.03,120
2551,1.1,154.9,59.78,117.5
2552,14.4,166.5,59.05,119.7
2553,8.9,174.9,54.59,131.5
2554,11,203.6,49.81,126.6
2555,4.5,170.3,52.65,116.9
2556,6.5,165.3,41.91,93
2557,6,179.1,60.65,120.1
2558,12.8,179.7,50.31,114.7
2559,14.2,158.1,47.57,91.6
2560,9.4,169.1,53.72,123.1
2561,24.3,218.5,45.12,126.6
2562,14.6,162.3,47.21,117.2
2563,4.8,161.3,58.97,112.8
2564,8.9,167.5,43.5,121.6
2565,9.3,176.4,48.8,110.2
2566,8.5,207.3,51.36,117
2567,55.1,198.8,41.62,119.3
2568,47.9,148.5,37.84,88.9
2569,2.5,191.2,49.96,114.5
2570,14.2,194.2,58.62,128.4
2571,1.4,178.2,39.01,84.7
2572,9.3,187,55.78,110.9
2573,1,201,49.5,103.8
2574,66.6,145.7,40.92,107.7
2575,25.5,211.1,57.17,138.1
2576,2.8,168.6,54.29,127.4
2577,13.7,170.4,48.59,109.5
2578,18.3,166.4,44.06,95.3
2579,35.9,185.3,51.85,107.6
2580,10.7,174,65.94,120.4
2581,13.3,200.8,47.31,107.6
2582,1.4,207.2,57.11,142.6
2583,4.4,180.8,53.23,112.7
2584,2.5,182.9,49.18,107.9
2585,91.7,170.7,44.98,115.6
2586,5.4,181.5,42.93,80.7
2587,12.4,176.1,36.93,102.4
2588,1.9,197.6,46.26,113.3
2589,12.2,171.8,50.68,100
2590,62.5,172.6,44.47,115.9
2591,19.7,184.8,56.06,123.6
2592,56.9,204.2,44.99,124
2593,12.3,215,54.78,135.5
2594,18.5,216,51.93,141.1
2595,3.5,163.4,52.78,113.1
2596,51.4,203.6,59.54,123.3
2597,5.8,191.6,44.67,128.8
2598,2.4,187,53.81,126
2599,57.4,194.9,59.18,118.8
2600,9.3,183.3,57.36,111.8
2601,16.5,183.7,49.95,91.9
2602,0.8,204.9,56.29,125.3
2603,25.4,182.8,50.94,130.6
2604,16.9,184.2,48.03,112.4
2605,24.7,180,40.55,110.3
2606,2.1,197.7,54.98,112.3
2607,18.4,161.5,42.28,98.8
2608,39.8,215.4,51.08,123.1
2609,7.3,176.6,43.11,103
2610,11.9,146.1,49.88,101.5
2611,57.8,164.8,63.55,128.4
2612,42.9,167.7,45.9,100.8
2613,15.6,167.6,51.7,116
2614,35.5,152.8,54.83,114.3
2615,3,186.8,54.75,123.2
2616,9.9,169.9,48.43,113.7
2617,18.1,170.6,65.41,124.5
2618,117.3,178,57.72,122.5
2619,4.1,172.8,46.04,116.5
2620,153.2,159.8,52.9,122.6
2621,0,159.7,42.05,92.4
2622,9.2,175.7,51.32,107.7
2623,18.1,176.5,40.81,95.7
2624,19.1,181.2,41.1,122
2625,157.8,174.5,42.5,110.6
2626,10.1,159.5,51.72,101.4
2627,80.4,212.9,50.79,131.2
2628,21,176.7,45.54,106.9
2629,5.4,224.8,47.78,119.6
2630,7.6,140.5,35.42,74.3
2631,18.2,196.2,52.21,125.2
2632,60.3,155.4,50.18,116.9
2633,5.7,185.4,39.1,101.1
2634,8,132.6,35.91,90
2635,5.1,162.6,48.35,107.8
2636,17.2,200,62.66,141.8
2637,7.8,176,49.15,109.9
2638,30.7,154.9,35.78,111
2639,22.6,203.7,31.69,90.3
2640,32.2,194.3,54.96,130
2641,13.9,158.6,58.66,125.9
2642,34.5,202.3,44.01,113.5
2643,54.1,190.1,49.4,114.6
2644,17.6,197.4,41.03,115.7
2645,1.4,167.2,46.56,104.6
2646,29,190.5,36.26,93
2647,8.7,201.6,53.45,130.7
2648,25.6,154.7,52.59,111
2649,1.5,167,46.08,93.8
2650,0.5,193.2,43.96,116.3
2651,3.9,202.6,47.63,127.7
2652,8.8,160.4,43.3,91.1
2653,79.1,178.8,52.26,111.2
2654,1,175.3,47.97,115.9
2655,51.9,188.5,51.96,114.5
2656,7.7,177.5,48.45,117.8
2657,26.7,213.8,53.04,123.9
2658,3.6,176.6,58.25,139.1
2659,15.7,189.7,64.73,123.6
2660,14.2,211.9,52.06,124
2661,33.1,135.9,54.61,85.4
2662,8.6,170.8,54.94,122.1
2663,36.6,213.5,43.12,124.8
2664,14,176.3,52.39,114.9
2665,21,225.9,47.91,124.5
2666,14,156.8,43.6,115.6
2667,1.1,166.1,55.45,114.9
2668,0.8,161.8,50.85,110.7
2669,16.7,178.7,53.46,111.4
2670,11.6,214.1,41.95,120.5
2671,31.9,186.4,45.83,108.7
2672,56.3,192.7,49.58,106.4
2673,25.6,170.9,50.16,124.5
2674,5.7,141.9,55.46,98
2675,30.5,174.2,62.97,124.6
2676,43.4,150.4,45.01,115.3
2677,12.9,159,57.14,110.3
2678,9.6,160.4,47.03,93.3
2679,0.8,205.4,45.64,122.4
2680,5.7,172.7,47.04,114.4
2681,28,167.8,39.24,106.4
2682,5.9,168.8,55.14,126.5
2683,84.7,150.5,52.77,114.5
2684,9.9,168.5,43.75,97.9
2685,21.1,183.2,50.36,130.2
2686,109.7,215.6,37.71,101
2687,19.9,179.4,50.9,106.1
2688,15.7,206.8,40.34,121.3
2689,15.4,172.4,56.49,126.1
2690,19.2,176.1,42.16,107.6
2691,44.9,191.6,49.53,112.6
2692,2.8,143.6,44.28,104.2
2693,6.4,189.8,54.65,116.7
2694,12.9,202.1,49.05,134.2
2695,30.3,133.4,49.7,105.4
2696,10.9,173.7,54.09,129.5
2697,73.2,200.7,59.35,136.6
2698,4.8,177.6,56.55,128.1
2699,56.3,176,54.64,114.3
2700,17.1,172.1,37.87,92.2
2701,14.8,201,56.69,123
2702,10.5,185,45.57,100.7
2703,4.1,150.6,47.85,100.3
2704,38,171.3,46.49,124
2705,153.6,170.1,57.47,111.2
2706,74.6,192.5,55.67,135.3
2707,45.7,163.5,49.52,112.5
2708,26.6,185.1,42.74,99.3
2709,49.7,170.8,39.31,93.2
2710,21.2,196.6,53.07,104.2
2711,49.6,179.3,54.89,100.7
2712,6.1,174.3,53.16,120.8
2713,14.1,213.2,51.83,125.1
2714,19.2,179.7,36.43,91.4
2715,1.9,171.2,44.43,104.3
2716,44,171.4,50.14,121.8
2717,15.8,205.7,36.28,125.5
2718,28,183.4,55.94,110.3
2719,49.1,168.6,49.44,118
2720,110.2,185.4,54.23,124.5
2721,36.6,185,61.26,123.9
2722,2.2,194.1,58.54,128
2723,6.5,171.7,52.5,124.1
2724,2,171.4,48.3,110.8
2725,19.1,214.3,54.35,123.2
2726,15.4,187.5,57.44,118.2
2727,1.3,173.8,47.02,100.4
2728,2,196.4,60.45,146
2729,25.4,183.4,50.44,133.3
2730,8.6,185.1,58.46,136.2
2731,42.8,151.2,61.31,117.3
2732,25.7,177.5,49.91,114.5
2733,85.8,197.1,49.37,114.7
2734,0.2,170,46.05,113.2
2735,3.4,195.2,48.32,109.9
2736,11.3,176.2,42.28,105.7
2737,17.8,194,57.79,113.9
2738,3.6,115.9,36.88,84
2739,1.4,142,49.42,106.5
2740,4.6,192.7,42.58,112.4
2741,4.4,187.7,42.04,116
2742,52.2,172.5,52.73,120.3
2743,0.2,152.1,51.36,89.7
2744,14.7,149.7,49.18,96.2
2745,26.4,162.2,46.79,98.5
2746,0.3,151.7,43.97,99.9
2747,11.1,196.9,48.21,105.4
2748,22.6,173.4,51.46,118.1
2749,23.4,194.2,59.05,140.1
2750,57,169.3,54.01,112.2
2751,56.9,194.4,60.66,125.6
2752,13.2,134.3,48.18,100.7
2753,27.3,184.1,57.62,105.4
2754,1.3,198.2,53.08,124
2755,63.2,183.7,50.37,117.7
2756,14.7,165.9,46.52,102.7
2757,16.9,187.3,41.74,113
2758,18.5,147.9,42.7,94.4
2759,44.2,151.8,48.7,99.8
2760,2.9,185.2,52.35,116.7
2761,8.5,172,51.39,132.6
2762,8.8,154.1,48.07,97.2
2763,70.5,196.9,38.73,109.8
2764,13.9,192.6,52.7,132.2
2765,38.6,198.7,44.85,106.9
2766,67.2,158.3,63.42,123
2767,59.7,189.4,41.21,90.4
2768,8.8,182,43.13,116.8
2769,17.3,176.8,48.64,126.5
2770,62.5,192.5,50.71,122.8
2771,10.8,211.2,34.73,95.7
2772,25.1,203.1,56.29,113.5
2773,58.4,165.5,57.47,119.9
2774,10.3,219.4,60.08,131.4
2775,14.7,179.9,65.11,120.8
2776,36.5,174.6,47.3,103.7
2777,8,189.1,45.54,105.5
2778,12.5,184.9,58.24,118.9
2779,32.6,218.4,48.4,104.2
2780,28.1,180.2,38.92,87.6
2781,28.9,219.8,56.32,132.6
2782,2,194.5,38.46,118.7
2783,61.4,209.3,64.92,142.6
2784,28.8,166.5,51.93,107.6
2785,6.7,198.2,56.77,141.2
2786,8.3,169.2,56.24,102.7
2787,10,188.7,43.82,100.8
2788,7.4,189.6,55.59,118.3
2789,3.7,220,57.43,136
2790,35.8,188.8,58.39,111.1
2791,26.2,201.2,56.7,117.9
2792,47.2,177.7,46.84,109.5
2793,57.5,214.6,45.37,97.4
2794,18.7,189.5,54.39,139.4
2795,29.1,189.6,51.33,104.3
2796,33.8,175.3,56.75,117.8
2797,38.2,207.6,49.63,124.2
2798,8.4,173.1,51.76,130
2799,2.8,154.6,42.57,109.3
2800,12.4,208.5,41.08,120.3
2801,31.6,185.9,36.87,100.4
2802,0.3,183.6,42.67,106.3
2803,28.2,198.9,44.18,109.4
2804,5.8,208.1,45.46,124.8
2805,5,167.9,48.38,99.3
2806,5.3,197.5,46.93,125.4
2807,20.1,152.2,56.38,117.9
2808,35.1,154,38.68,89.3
2809,9.6,180.4,41.77,89.6
2810,8.9,202,48.99,125.8
2811,4.3,182.3,50.97,112.4
2812,6.5,187.7,44.66,117.1
2813,13.9,214.8,55.01,130.3
2814,6.4,178.3,35.86,75.8
2815,4.7,168.3,52.97,106
2816,8,183.4,45.73,109.4
2817,0.6,187.5,43.31,108.3
2818,12,187.3,57.89,125.3
2819,2.5,184.1,41.5,107.1
2820,9.2,159.6,43.6,89.1
2821,37.4,208.7,48.59,133.4
2822,13.7,178.7,60.29,127.7
2823,70,175.9,50.37,123.8
2824,25.2,184.7,44.24,98.3
2825,34.4,157.4,56.58,133.1
2826,0.1,180.5,43.62,105.9
2827,2.8,177,60.34,117.1
2828,111.3,191.8,39.77,116.4
2829,16.6,200.8,51.48,116.1
2830,41.5,216.3,45.82,116.7
2831,3.3,145.5,58.63,120.4
2832,1.7,167.6,65.58,145.9
2833,17.3,136.3,50.87,105.5
2834,35.5,171.5,57.17,113.9
2835,7.8,142.3,46.51,82.9
2836,4.4,197.1,45.8,117.9
2837,11.4,179.5,73.02,134.5
2838,43.9,221.4,43.06,112.6
2839,30.6,160.5,53.51,119.2
2840,1.5,155.2,40.74,103.8
2841,1.1,160,50.63,117.5
2842,45.4,193.8,49.38,110.7
2843,56.8,169.8,55.85,114.8
2844,45.3,182.3,70.17,155.1
2845,92.7,187,46.01,121.3
2846,2.1,164.1,56.64,119
2847,50.7,143.4,43.75,98.2
2848,9.2,178.2,44.9,146.9
2849,29.5,152.1,54.6,105.8
2850,3.7,187.5,46.15,111.1
2851,1,210.5,44.29,122.2
2852,13.7,172,49.77,112.1
2853,4.9,175.5,51.68,119
2854,25.1,167.4,54.54,122
2855,46,206.7,53.1,141.8
2856,2.7,175.7,45.63,107.4
2857,27.3,159.6,43.19,111.1
2858,20,164.4,38.85,87.8
2859,15,177.8,53.84,110
2860,41.6,149.2,52.89,112.6
2861,39.4,172.8,49.45,115.4
2862,10,201.5,49.45,136.7
2863,19.9,209.7,48.08,130.9
2864,23.9,139,39.35,98
2865,40.8,196.4,47.48,119.9
2866,164.7,185.1,50.27,97.8
2867,58.8,153.7,44.86,97
2868,26.7,162.2,51.85,95.8
2869,2.1,154.4,46.94,105.1
2870,7.6,182.5,40.14,110.7
2871,8.3,195.3,45.02,117.3
2872,1.8,173.3,45.69,105.3
2873,46.9,177.3,48.36,123.8
2874,12.6,181.4,66.37,149.5
2875,19,156.3,57.58,130.1
2876,52.7,235.7,52.23,150.3
2877,3.4,177.2,49.09,111.1
2878,7.6,151.6,58.96,106.4
2879,104.1,159.5,62.82,120
2880,0.2,193,39.95,77.9
2881,53.2,190.9,59.62,139.6
2882,31.9,212.1,35.52,91.9
2883,41.8,169.4,56.88,110.2
2884,11,175.5,41.96,101.6
2885,79.4,200.9,52.8,119
2886,35.3,182.5,37.99,104.2
2887,6.9,149.2,49.7,92.3
2888,56.6,175.4,37.83,87.8
2889,6,143.7,63.35,116.2
2890,6.4,181.2,55.84,106.8
2891,15.8,175.8,46.83,104.1
2892,38.5,186.4,40.44,108.3
2893,88.5,203.1,54.73,131.3
2894,7.6,165.8,46.38,121.9
2895,28.7,201.5,44.8,113.8
2896,3.5,185.1,49.01,115.9
2897,14.1,188.5,58.52,136.8
2898,5.3,170.4,52.44,121.2
2899,20.4,170.9,43.79,98.9
2900,27.5,189.4,48.9,86.5
2901,8.9,160.9,55.78,110.3
2902,29.9,179.5,28.17,96.6
2903,6.1,167.3,52.63,105.5
2904,36.5,175.3,45.23,106
2905,7.5,178.1,48.19,104.2
2906,15,184.7,55.35,123.2
2907,1.6,175,52.43,115.2
2908,11,194,51.92,127.8
2909,4.2,193.5,52.41,130.3
2910,11.3,144.8,44.79,99.4
2911,4,190.1,43.57,111.5
2912,19.1,195.2,55.43,126.9
2913,0.1,163.5,49.16,112.3
2914,14.7,211.3,60.24,136.4
2915,69.3,160.4,54.09,114.6
2916,5.1,161.5,52.79,110.4
2917,48,213.1,46.03,100.2
2918,20.2,183.8,42.85,103.1
2919,29.2,175.6,51.89,115.6
2920,62.7,182.7,44.95,110.2
2921,2.3,162.3,59.95,91
2922,53.3,173.9,62.06,133.2
2923,48.2,190.4,47.06,120.4
2924,11.8,185,66.16,124.2
2925,8.5,187,53.03,108.7
2926,7.3,154.3,48.21,117.8
2927,36.9,216,46.44,134.9
2928,8.2,166.1,51.96,103.7
2929,61.6,163,39.31,93
2930,13.4,173.4,53.25,127.4
2931,16.6,176.3,58.51,132.3
2932,48.2,164.1,31.29,89.3
2933,12.7,159.3,49.16,106
2934,0.3,206.8,34.16,94
2935,64,192.6,48.95,117.6
2936,26.3,155.9,54.17,122.8
2937,50.6,206,50.69,119.9
2938,4.6,158.3,37.24,89.3
2939,26.7,189.8,44.35,101.1
2940,8.7,163.4,47.41,92.5
2941,43.2,211.1,59.6,146.4
2942,10.1,199.4,56.98,131.5
2943,4.3,173.8,55.31,120.2
2944,5.5,175.6,49.64,109.6
2945,17.5,182.3,46,98.9
2946,25,207,44.95,118
2947,42.4,165.9,49.27,94.5
2948,40.8,177.4,50.39,128.6
2949,4.2,154.8,49.73,100.5
2950,14.2,175.2,54.31,130.8
2951,7.3,185.8,46.88,120.2
2952,2.1,168.4,53.51,121
2953,12.3,192.2,50.39,101.9
2954,18.6,217.6,53.3,124.9
2955,44.7,194.4,37.34,90.5
2956,32.9,208.3,27.53,102.5
2957,22.3,131.6,46.23,100.1
2958,28.1,169.4,52.16,111.5
2959,5.1,167.3,46.65,107.4
2960,31.5,209.6,49.59,129.6
2961,6.3,170.6,56.75,110.9
2962,29.2,199.1,48.36,118.7
2963,8.1,168.4,55.06,101.3
2964,16.6,160.7,48,114.2
2965,37.3,166.4,42.4,97.9
2966,10.8,201.9,56.21,149.3
2967,106.9,170.9,43.16,91.6
2968,9.8,177.1,52.6,120
2969,10.5,172.9,47.57,115.3
2970,120.9,192.9,55.36,134
2971,43.6,197,46.22,104.4
2972,45.6,144.6,49.28,98.5
2973,0,230.8,46.64,121.8
2974,3.7,142.8,52.75,113.8
2975,56.5,150.9,53.38,120.7
2976,13.5,169.2,53.97,114.1
2977,21.8,160.3,46.81,96.9
2978,21,161.1,61.07,103.8
2979,22.1,165.3,56.74,143.9
2980,2.2,205.9,60.64,140.2
2981,39.3,213,58.17,146.5
2982,41.5,227.6,40.63,124.6
2983,42.7,208.4,55.32,121.4
2984,14,210.3,67.31,137
2985,12.9,184.3,37.61,109.1
2986,20.9,209.1,41.95,113.1
2987,1.7,187.9,56.53,124.1
2988,13.1,180.2,57.58,114.5
2989,32.2,190.4,51.39,133.8
2990,5,171.8,42.7,113.1
2991,5.5,217.1,48.74,120.3
2992,25.5,191.1,54.61,129.7
2993,50.7,169.9,56.17,106.6
2994,30.8,208.3,34.95,99.8
2995,5.8,188.5,28.35,96.5
2996,1.7,170.4,57.32,123.1
2997,20.1,175.6,43.53,110.2
2998,16.5,191.6,61.44,134.3
2999,13.1,169.9,44.74,115.4
3000,120.9,172.8,52.31,108.6
3001,41.7,176.3,52.1,100.7
3002,23.7,164.6,61.87,124.9
3003,128.7,216.9,61.21,134.2
3004,10,159.2,37.34,72.2
3005,62.2,161.2,64.41,130.6
3006,23.7,204.5,46.96,119.9
3007,17.9,184.2,42.62,93.8
3008,21.1,162.8,60.98,122.6
3009,10.8,182.6,48.97,123.6
3010,5.2,185.3,38.74,86.8
3011,33.8,172.7,49.31,126.5
3012,9.8,145.8,58.44,112.2
3013,4,133.9,54.71,108.7
3014,42.4,190.4,45.7,111.7
3015,121.5,194.6,58.21,126.2
3016,7.5,174.8,31.26,94.6
3017,1.7,184.3,49.3,108.8
3018,26,171.1,49.24,110.1
3019,12.4,191.5,41,118.9
3020,20.6,150.6,56,122.6
3021,2.1,153.3,50.13,105.7
3022,23.9,195.9,49.49,105.8
3023,22.6,178.1,44,102
3024,18.4,145.3,47.75,93.3
3025,40.1,168.6,45.41,118.6
3026,57,170.5,48.56,113.4
3027,3,219.3,45.9,121.5
3028,55.3,183.5,48.2,104.8
3029,69.4,169.4,54.7,111.2
3030,5,144.8,51.78,107.9
3031,13.2,185.5,55.06,122.8
3032,1,168.9,49.83,107.3
3033,14.8,207.7,50.04,112.1
3034,54.2,178.7,51.07,120.1
3035,17.4,166.4,62.68,116.3
3036,35.7,161.5,51.27,113.1
3037,45.7,165.6,65.51,129
3038,24.4,202.4,48.63,130.9
3039,24.5,209.6,41.8,94.1
3040,7.6,174.5,55.58,123.3
3041,25.6,141.7,50.76,113.1
3042,127.4,137.1,44.56,80.2
3043,54.9,168.1,58.85,109.4
3044,4,173.4,46.22,117.3
3045,0.2,167.8,70.09,128.7
3046,50.7,216.1,34.82,111.1
3047,133.8,193.2,48.12,102.6
3048,14.6,197.3,54,133.3
3049,30.5,182.6,52.14,119.9
3050,59.5,193.5,49.97,134.7
3051,21.2,150.5,64.57,134.3
3052,35.9,180.5,55.39,112.7
3053,4.2,189.8,55.28,120.8
3054,64.7,201.1,63.42,127
3055,41,184.9,34.4,84.8
3056,64,143.5,61.94,113.9
3057,9.5,170,47.67,112.1
3058,10.9,182.1,59.18,122.7
3059,47.4,193,41.13,87.9
3060,22,161.8,46.84,107.8
3061,23,171,47.58,112.2
3062,0.3,164.1,38.11,100.7
3063,10.8,187.5,39.37,91
3064,62.5,158.6,47.83,97.1
3065,5.5,192.1,49.07,132.9
3066,12,170.9,49.14,120.1
3067,34.3,163.6,31.52,90.8
3068,23.3,171.7,58.75,123.5
3069,6.2,183,61.01,159.6
3070,2.3,186.3,36.31,112.5
3071,9.7,190.2,41.47,85.4
3072,12.4,204.3,54.53,119.8
3073,16.2,213.2,49.04,113.6
3074,1.4,193.6,45.42,89.1
3075,4.1,199.4,64.36,141.4
3076,24,195.2,52.45,113.9
3077,9,158.8,52.64,123.9
3078,10.2,207.3,40.58,104
3079,23.3,189.8,47.94,118.4
3080,0.8,187.9,57.95,144.1
3081,11.9,183.1,53.42,117.3
3082,84.6,179.6,58.81,114.5
3083,67.1,186.1,65.31,136.9
3084,8.7,178.6,44.95,129.2
3085,76.2,122,40.7,76.3
3086,8,212,37.15,95
3087,9.5,185.2,53.82,117.1
3088,7.7,211.3,47,113.1
3089,31.6,229.8,44.57,122.7
3090,83.2,146.4,48.34,107.2
3091,6.8,165.3,41.68,106.2
3092,0.6,191.1,46.72,114.6
3093,10.1,176.6,38.79,104.4
3094,26.4,205.1,52.25,122.3
3095,10.9,196.8,65.44,136.1
3096,21.2,147.9,47.98,100.3
3097,12.2,174.6,42,110.1
3098,5.1,178.4,49.99,126.8
3099,41.6,198.9,45.59,138.7
3100,2.1,216.7,44.75,127.4
3101,11.6,163.1,54.57,106.2
3102,1,151.2,32.04,96.9
3103,16.2,164,52.37,87.7
3104,52.6,199.1,47.75,133.7
3105,8.6,183.7,52.17,113.8
3106,199.8,177.4,54.32,116.4
3107,50,167.1,48.01,114.3
3108,12.5,149.9,40.26,103
3109,110,184.4,49.89,107.1
3110,20.9,158.4,56.63,121.3
3111,60,173,60.15,114.1
3112,13.9,183.2,49.35,101
3113,4.3,172.2,46.05,94.2
3114,19.1,157.6,49.88,108.5
3115,42,159.4,43.97,93.6
3116,4.1,180.1,52.31,113.8
3117,15.3,173.1,54.15,111.4
3118,9.9,169.3,54.42,135.4
3119,8.8,175.9,53.19,123.4
3120,14.1,171.1,50.67,100.5
3121,37.8,217.3,48.12,134.5
3122,41.5,188.5,53.92,130
3123,0.4,175.8,45.41,109.7
3124,6.9,181.7,50.27,120.3
3125,6.9,161.5,29.5,90.1
3126,46.2,205.6,47.99,115.8
3127,3.1,164.3,38.5,110.4
3128,22.8,208.1,55.92,122.7
3129,39.8,193.2,48.17,112.9
3130,2.3,180.9,44.99,101.7
3131,7,154.5,56.14,110
3132,7.6,167.8,43.4,97.2
3133,3.6,183.6,57.46,133.5
3134,2,176.8,59.86,130.5
3135,26.8,175.5,40.82,108.2
3136,16.9,193.7,60.71,134.1
3137,10.7,171.5,53.1,130
3138,48.2,205,51.52,114.7
3139,21.1,183.5,60.49,144.2
3140,42.2,188.2,53.05,111.2
3141,14.3,185.7,52.81,126.7
3142,16.5,159.6,48.22,110.6
3143,9.2,203.9,45.32,129.5
3144,28.3,186.3,45.99,107.4
3145,88.8,174.2,54.59,125.3
3146,20.7,140.8,42.33,95.7
3147,4.6,172.7,49.12,106
3148,36.4,178.5,52.86,103.1
3149,40.4,182.7,52.2,126.6
3150,17.3,163.7,49.76,111.9
3151,39.9,188.7,45.74,89.8
3152,24,176.6,48.37,121
3153,54.9,162.3,47.62,115.1
3154,17.1,193.4,56.87,132.6
3155,3.9,175.8,52.28,125
3156,22.1,161.6,56.02,108.6
3157,37.7,166.6,59.01,118.3
3158,26.1,177.1,46.18,94.5
3159,10.1,183.5,50.34,92.9
3160,18.6,184.9,41.88,113.2
3161,40.8,165.9,43.41,97.6
3162,2,193.2,39.44,113.5
3163,8.4,199,54.79,116.4
3164,7,186,46.4,126.8
3165,7.9,188.3,44.49,103.5
3166,16.5,171.7,51.23,97.2
3167,38.7,186.7,49.98,110.7
3168,24.9,150.9,52.6,116.6
3169,37.6,155.3,41.45,101.2
3170,0.3,169.7,47.95,109
3171,29.5,185.9,50.05,96.1
3172,61.3,214.5,40.98,106.5
3173,68,198.6,58.39,142.2
3174,76.7,163.4,36.19,89.7
3175,7.5,184.9,46.68,115.1
3176,17.4,215.5,38.04,111.1
3177,32.7,154.4,55.05,113.2
3178,19.8,165.6,52.05,131.1
3179,13.6,177.6,53.39,115
3180,25.9,152.5,55.29,135.4
3181,1.3,147.6,54.58,96
3182,0.3,160,41.93,107.4
3183,14.8,160.1,53.7,122.2
3184,10.7,194.6,52.81,127.3
3185,1.4,184.7,49.77,129.2
3186,2.6,209.8,41.75,101
3187,22.2,188,54.96,133.4
3188,15.1,195.6,44.41,114.6
3189,8.4,159.8,60.23,122.4
3190,0.3,182.2,60.89,120.3
3191,0,182.7,48.92,106.2
3192,5.6,185.6,47.36,122.4
3193,5.8,202.4,42.41,127.5
3194,15.2,164.2,40.19,118.1
3195,31.5,182.6,51.53,117.7
3196,30.8,129.6,59.84,114.5
3197,29,145.6,60.33,103.8
3198,36.8,159,46.23,83.4
3199,18.3,149.4,43.31,100.2
3200,12.9,153.4,48.51,95.4
3201,45.5,161.5,38.02,107.2
3202,99.7,210,41.26,107.9
3203,45.7,188,46.49,93.2
3204,16.9,173.9,48.38,101.4
3205,5,208.3,51.59,127.1
3206,24.9,192.3,45.89,107.2
3207,50.2,167.4,61.21,115.5
3208,42.8,154.8,55.74,113.4
3209,0.1,180.5,44.41,115.5
3210,12.4,185.9,50.42,118.6
3211,65.3,176.3,41.73,126.2
3212,13.2,210.1,52.32,125.8
3213,1.8,172.5,46.85,102.5
3214,9.6,173.5,45.57,101.2
3215,41.2,160.8,45.55,94.9
3216,7.8,185.4,51.63,117.8
3217,33,165.8,42.54,103.9
3218,8.7,180.1,61.03,128.6
3219,20.2,199.9,36.38,112.3
3220,29.8,166.8,51.29,120.4
3221,97.1,210.2,53.43,122.4
3222,32,181.2,56,116.5
3223,21.2,201.4,42.28,112.2
3224,14.3,197.8,60.55,137.9
3225,5.7,180.1,62.5,140.8
3226,11.4,203.3,45.74,124.5
3227,23.3,224.4,35.77,122.4
3228,3.7,200.6,53.85,129
3229,28.9,171.5,40.94,82.7
3230,150.9,182.3,46.41,105.7
3231,12.4,184.1,45.52,111.6
3232,31,191.1,62.51,152.9
3233,4.9,170.6,55.01,124.2
3234,4.6,199.1,50.52,136.1
3235,22.2,156.9,42.2,90.7
3236,7.7,153.8,45.76,108
3237,7.3,166.4,52.34,105.5
3238,32,209.4,53.75,135.7
3239,7.8,170.3,54.77,119.3
3240,25.7,166.1,57.42,113.7
3241,2.7,205.6,47.21,135.9
3242,26,168.3,57.31,120.9
3243,8.9,139.4,41.52,102.1
3244,34,193.2,49.29,115.3
3245,1.6,196.3,43.77,114.1
3246,12.5,175,42.97,94.9
3247,1.5,158.8,51.54,93.8
3248,54.9,173.9,60.71,128.4
3249,57.1,154.1,39.82,93.5
3250,4.4,180.8,47.09,109.1
3251,13.1,184.9,59.54,136.1
3252,2.8,199.7,46.87,126.2
3253,12.7,179,47.16,113.2
3254,10.4,178,37.35,98.1
3255,34.8,173.1,39.47,86.6
3256,21.4,173.5,42.73,102.3
3257,44.6,169.9,59.17,116.2
3258,15.1,174.7,58.66,128.2
3259,12.6,201.7,38.99,92.4
3260,56.4,175.4,46.93,89.2
3261,36.2,153.2,42.84,101
3262,60.2,183,41.32,121.9
3263,33.5,192.3,52.35,126.6
3264,17.6,183.9,55.77,123.4
3265,1.5,197.6,52.12,101.2
3266,17.8,181.3,53.78,105.1
3267,37.4,205.7,42.22,103.7
3268,4.3,158.3,45.79,91.5
3269,41,171.8,50.89,124.5
3270,3.1,184.2,51.92,125.4
3271,28,135.5,59.02,105.5
3272,27.9,171.8,50.72,129.7
3273,5.5,174.4,64.05,120.6
3274,65.3,218.8,40.43,108.4
3275,2.3,169.6,44.28,105.9
3276,28.9,196,48.13,111.7
3277,40.3,222.4,55.42,128.3
3278,12.9,230.3,49.74,143.3
3279,8.3,183.7,64.69,136
3280,6.5,165.2,56.08,113.3
3281,42.9,186.8,48.36,112.6
3282,7,171.5,46.66,100
3283,10,163.2,60.62,136.8
3284,97.6,171.4,56.87,130.3
3285,36.4,184,55.56,124.3
3286,38.9,192.5,42.04,102.4
3287,1.8,191.5,46.84,107.7
3288,29.4,164.4,53.31,100.6
3289,14.5,152.8,40.1,89
3290,2,169.1,50.19,109.4
3291,31.1,127.3,56.83,101
3292,7.1,195.3,49.14,135.6
3293,41.1,161.8,53.25,115.2
3294,8.5,182.8,53.01,112.2
3295,5,181.8,63.88,128.1
3296,44.5,195.1,55.2,125.3
3297,8.8,193,45.56,115.5
3298,141.2,208.3,50.97,111.3
3299,3.3,182.5,54.21,131.4
3300,30,197.2,48.79,112.5
3301,15,161.4,52.72,109.2
3302,2.1,191,47.65,124.9
3303,5.1,205.4,50.02,129.4
3304,2.4,203.7,53.38,131
3305,31.4,183.2,52.23,110.4
3306,18.3,173.9,49.7,132.3
3307,34,165.7,55.14,113.4
3308,77.7,178.9,57.97,133.5
3309,73.9,196.3,30.72,103.7
3310,10.1,163.1,47.35,105.4
3311,27.1,166.4,46.58,128.3
3312,16.1,184.6,45.81,112.9
3313,13,127.6,54.7,98
3314,5.2,167.8,61.7,99.7
3315,23.4,192.2,49.53,121
3316,3.5,149.4,36.06,94.8
3317,30.9,166.7,48.68,109
3318,6.3,187.1,48.98,127
3319,5.7,145.1,57.23,112.3
3320,12.1,212.2,52.31,115.4
3321,39.5,143.1,53.93,91.5
3322,2.5,214.4,48.66,123.8
3323,2.6,202.3,57.64,137.1
3324,69.1,132.2,53.51,110.1
3325,30.3,176.2,52.62,123.6
3326,22.9,181.6,42.38,108.1
3327,31,179,44.57,88.6
3328,33.8,165.6,55.64,95.7
3329,26.4,200.9,47.4,113.1
3330,16.7,174.8,42.8,116.5
3331,6.6,192.8,59.71,126.2
3332,45.8,187.3,54.65,129
3333,11,191.9,44.55,110.1
3334,55.5,173.8,53.13,102.4
3335,44.6,172.6,52.13,114.5
3336,13.5,188.9,56.67,102.3
3337,39.2,181,57.7,136.7
3338,21.9,154,51,109.2
3339,43.2,172.1,40.29,99.6
3340,15.7,168.3,42.38,91.4
3341,15.9,197.4,57.11,116.8
3342,22.7,190.4,59.06,134.3
3343,12.6,181,51.24,120
3344,8.5,206.8,51.46,120.4
3345,36.6,161.7,46.83,104.7
3346,14.7,171.8,50.35,118.4
3347,3.3,143.4,57.65,124.3
3348,13.7,196,51.68,111.1
3349,11.6,165,46.29,95.5
3350,57.1,226.5,43.48,115.9
3351,60.5,215.7,47.88,127.5
3352,6,180.4,45.92,114.9
3353,61.3,141.1,50.99,95.8
3354,10.1,154.4,51.97,104.8
3355,8.5,175.4,47.4,109.6
3356,16.2,187.2,48.22,111.8
3357,11.5,199.6,46.6,119.2
3358,46.7,194.4,54.11,130.5
3359,18.2,174.1,46.57,105.6
3360,54.7,163.8,51.34,95.2
3361,73,173.2,43.51,110.5
3362,4.1,184.2,50.64,113.7
3363,108.8,169.8,49.19,103.9
3364,39.7,171.6,48.16,107
3365,12.8,188.5,53.75,110.3
3366,37.9,164.8,55.69,114.6
3367,5,193.8,47.81,126.4
3368,25.8,154.7,43.49,101.5
3369,13.4,156.4,75.22,143.2
3370,1.7,193.7,52.47,113.6
3371,12.6,203.3,52.7,118.7
3372,21.6,178.6,52.62,120.9
3373,0.1,183.8,32.2,94.3
3374,16.1,168.3,57.44,103.9
3375,7.6,200.5,47.16,116.7
3376,3.7,207.3,42.62,110
3377,60.8,192.6,56.32,124.2
3378,13.3,144.8,53.49,101.9
3379,2.9,181.1,58.98,120.6
3380,32.1,192.1,46.13,106.2
3381,94.7,169.4,53.87,113
3382,1,173.8,55.24,106.8
3383,28.2,186.8,49.45,102.8
3384,49.7,176.1,52.27,108.9
3385,7.6,171,57.91,116.7
3386,21.9,208.1,46.61,111.8
3387,11.2,209.1,50.14,121
3388,7.6,187.1,49.91,120.6
3389,16.9,207.1,58.75,127.4
3390,3.3,187.8,65.39,138.1
3391,14.1,182.1,47.55,94.6
3392,26.3,152.9,52.59,112.8
3393,5.2,189.4,37.94,96.6
3394,0.6,197.2,42.12,114.6
3395,32.1,179.3,46.15,108
3396,35.6,176,64.52,122.1
3397,3.8,196.4,53.8,140.9
3398,0.7,183.1,40.26,105.9
3399,16,176.8,45.18,108
3400,10.6,181.8,54.16,135.6
3401,12.3,193.7,58.66,110.4
3402,6.1,196.4,50.16,124.3
3403,2.9,176.4,52.37,115.4
3404,31.5,174,45.52,114.2
3405,3.3,167.5,49.42,109.8
3406,28.3,159.7,41.52,107.5
3407,37.8,167.1,50.18,94.6
3408,15.3,200.3,43.42,111.9
3409,35,208,43.35,92.1
3410,49.5,200.8,50,120.6
3411,6.3,163.7,55.17,120.7
3412,9.2,134.2,55.04,85.5
3413,6,153.3,40.06,92.6
3414,14.1,192,55.83,126.9
3415,86.6,170.4,63.1,135.1
3416,83.2,133.6,52.43,99.5
3417,1.5,162.4,42,122.8
3418,29,170.1,57.51,113.5
3419,1.1,171.9,34.7,94.8
3420,27.9,186.1,44.01,111.3
3421,16.5,163.2,50.83,102.8
3422,19.7,168.3,51.78,108.7
3423,5.8,161.9,45.96,113.3
3424,22.7,135.6,47.25,106
3425,31.6,166.6,40.35,98.5
3426,43.7,186.5,54.72,107.5
3427,5.1,152.5,38.6,104.9
3428,39.1,171.7,55.82,95.6
3429,34.4,156.2,56.88,131.3
3430,1.9,135.4,53.94,119
3431,10.2,201,48.17,115.5
3432,13.4,196.1,44.18,108.7
3433,28.4,206.9,57.77,139.6
3434,49.2,179.1,51.18,120
3435,20.9,172.8,51.27,111.2
3436,9.7,187.3,51.6,110.2
3437,10.5,188.9,57.35,131.6
3438,5.9,206.2,59.06,103.7
3439,17.4,184.3,55.7,136.1
3440,35.8,196.9,40.31,112.7
3441,47.2,171.4,70.86,143.3
3442,5.8,208.4,38.27,116.3
3443,4.1,197.2,49.29,118.5
3444,12.8,175.1,62.76,125.3
3445,20.5,176.8,51.67,127.1
3446,7.9,170.4,42.17,121.7
3447,21.3,189.4,54.56,124.5
3448,50.1,171.7,59.8,135.4
3449,5.5,171.5,54.84,113.1
3450,2.3,173.1,50.27,119.3
3451,49.8,195.7,47.94,113.1
3452,5.1,162,54.09,108.8
3453,31.4,212.4,51.1,118.2
3454,43.4,209,55.04,111.4
3455,10.9,217.3,39.69,124.1
3456,8.6,173.7,54.35,120.3
3457,9.4,183.6,46.09,88.7
3458,4.6,194.5,53.31,146.1
3459,5.7,181.4,48.79,103.4
3460,4.2,220.1,64.48,138.8
3461,4.5,135.9,63.16,121.6
3462,17,143.1,48.99,110.9
3463,8.8,187,54.43,128.8
3464,42.9,173.8,51.34,112.4
3465,28.2,158.9,40.23,70.9
3466,32,210.2,52.77,120.9
3467,51.9,160.1,50,96.8
3468,7.9,217.2,54.68,126.2
3469,2.5,193.9,42.35,104
3470,6.1,113,60.28,113.3
3471,19.8,170.1,54.85,110.7
3472,0.8,177.2,50.23,120.8
3473,67,192.4,54.38,115.1
3474,37.1,154.3,46.95,108.3
3475,34.9,197.3,31.67,98.9
3476,5.2,163.4,49.97,123.9
3477,39.4,197.7,37,115.3
3478,5.8,205.9,44.32,103.3
3479,26.5,199,45.82,114
3480,5.3,158.3,45.68,101.5
3481,10.4,187.5,51.54,112.3
3482,4.8,137.4,48.67,95.6
3483,17.6,182,61.2,147
3484,4.7,149.2,51.52,107.5
3485,46.1,208.8,37.59,105.3
3486,1.4,192.5,60.65,140.5
3487,1.2,192.6,53.6,97.6
3488,18.6,152.5,43.02,94.8
3489,42.8,155.8,47.77,109.8
3490,25.6,196.3,48.07,130.6
3491,35.4,187,44.77,107.8
3492,9,198.7,49.07,116.8
3493,39.7,173,51.21,111.1
3494,11.6,170.2,53.28,127.4
3495,14.4,204.1,37.69,99.4
3496,18.7,165.8,41.33,83.8
3497,26.7,174.7,40.46,93.9
3498,5.8,165.8,56.83,120.9
3499,66.1,173.3,46.66,113.9
3500,3.4,171.1,55.62,117
3501,23.2,174,56.93,144.4
3502,17.3,168.1,50.57,113.2
3503,16.3,173.7,61.62,130.6
3504,11.9,201.8,37.79,114.7
3505,33,189.1,55.43,102.8
3506,6.4,168.1,59.56,127.5
3507,20.7,130.9,44.59,83.4
3508,22.4,186.8,47.26,111.8
3509,93.8,171.7,52.66,113.1
3510,1.1,185.8,32.28,65.9
3511,11.4,207.6,53.91,122.5
3512,20.6,187.4,59.47,126.8
3513,4.7,206.1,40.53,107.4
3514,9.1,199.6,47.79,137.6
3515,21.8,237,51.05,124
3516,1.6,212.5,44.17,114.6
3517,70.4,194.5,43.5,97.4
3518,1.9,192.6,49.88,124.1
3519,20.6,164.1,50.26,107.4
3520,66.2,156.4,54.69,122.1
3521,80,147.4,49.24,113.7
3522,16.1,196.8,42.83,117.7
3523,5.1,220.8,48.54,123.7
3524,16.8,171.1,59.52,133.5
3525,9.6,189.5,48.93,110
3526,14.1,190.1,57.68,127.5
3527,88.7,164.1,43.68,101.1
3528,95.2,150.5,50.05,127.2
3529,23.1,161.8,51.66,104.8
3530,2,190.8,39.85,108.4
3531,36.5,195.8,50.53,131.6
3532,1.8,154.9,51.59,120.7
3533,123.3,176.4,53.6,111.4
3534,8.7,187,53.29,128.6
3535,33.8,165.3,61.18,115.7
3536,62.6,187.5,58.29,133.7
3537,17.2,184.7,47.95,104.7
3538,38.5,170.5,57.17,108.6
3539,5.5,184.9,42.99,114
3540,6,178,55.38,135.3
3541,6.1,200.4,45.56,125.5
3542,1.1,185.4,52.09,118
3543,3.2,171.3,47.47,100.2
3544,66,206.4,44.82,113.6
3545,39.1,169.9,61.44,122.6
3546,37.7,198,52.76,134.3
3547,42,192.1,45.5,119.6
3548,10.1,188.2,53.61,108.7
3549,38.8,169.3,53.31,129.5
3550,14.3,146.7,45.15,93.4
3551,4,170.3,45.51,94.8
3552,13.5,182.2,59.73,122.9
3553,11.7,230.7,51.6,126.5
3554,19.9,178.7,49.78,95
3555,9.8,167.6,38.63,87.7
3556,39.8,175.6,47.87,129.7
3557,55.8,159.6,45.87,113.9
3558,20.5,189.8,48.27,121.3
3559,5.9,195.7,47.98,107.8
3560,91.9,177.4,49.77,117.7
3561,2.7,191,53.82,126.7
3562,1.2,186.7,38.08,110.3
3563,20.4,204.2,47.29,127.4
3564,5.2,180.5,60.8,121.3
3565,91.6,180.4,48.26,110.1
3566,48.4,168.4,54.24,120.6
3567,33.7,183.1,47.46,111.9
3568,53.1,190.1,53.15,113.7
3569,3.8,224.2,56.75,137.1
3570,71.7,154.4,47.2,105.7
3571,47.5,163.7,43.71,123.4
3572,20.5,150.1,34.96,86
3573,23.9,173.4,44.41,108.5
3574,1.1,166.6,46.74,100.2
3575,16.8,164.9,43.15,118.6
3576,5.5,186.5,45.7,130.4
3577,6.3,178.4,49.04,100.2
3578,0.1,168.3,50.66,97
3579,8.1,164.5,49.81,106.1
3580,26.6,194.5,38.27,96.7
3581,30.9,214,50.47,133.5
3582,5.4,147.6,47.93,86.8
3583,4.7,180.7,49.87,105.7
3584,25.7,150.7,46.22,108
3585,5.8,189.1,56.76,108.2
3586,11.6,177.3,43.71,117
3587,14.5,204.8,45.36,129.7
3588,6.3,162.8,42.48,109.6
3589,3,158.6,46.21,97.1
3590,6.3,158.8,55.9,98.5
3591,20.4,169,51.03,100.9
3592,11.3,138.7,43.68,95.6
3593,3.5,163,46.67,99.9
3594,21.8,198.6,50.04,116
3595,27.4,161.5,49.19,119.6
3596,29.5,168.4,52.43,100
3597,56.7,195.4,53.06,116.9
3598,45.2,184,46.64,120.6
3599,73.9,201.7,60.54,125.1
3600,24.2,194.5,49.44,121.9
3601,42.6,178,64.69,116.2
3602,59.6,218.6,37.2,110.8
3603,21,185.5,45.19,95
3604,4.1,149.7,34.71,83.1
3605,23.4,155.5,54.47,104.5
3606,75.2,168.8,48.76,92.5
3607,24.7,200.3,57.75,129.9
3608,32.7,153.5,60.43,105.5
3609,6.6,176.9,44.18,110.3
3610,10.6,190.7,54.5,133.5
3611,3.9,208.4,47.01,110.7
3612,8.6,207.2,55.38,132.2
3613,22.5,186,52.9,135.4
3614,85,152.4,55.41,106
3615,18.8,245.3,45.6,137.7
3616,5.5,180.3,42.3,102.8
3617,5,166.9,57.76,114.7
3618,2.5,185.4,54.54,106.9
3619,20,195.9,57.79,134.5
3620,21.5,189.8,47.25,116.6
3621,25.9,177.8,50.92,115.6
3622,37.1,152.2,44.95,89.5
3623,19.8,177.9,55.18,126.6
3624,9.5,150.8,48.63,98.7
3625,9.8,227.3,45.65,134.5
3626,62.1,164.9,44.11,112.9
3627,2.8,169.6,58.18,128.8
3628,33.4,157.9,59.28,115.4
3629,9.1,219.3,47.82,111.2
3630,27.7,180.4,59.49,125.1
3631,38.2,209.3,46.15,107.9
3632,17.6,181.1,39.4,95.5
3633,31.1,200.7,51.22,134.3
3634,16.2,173,67.53,126.3
3635,4.9,148.8,42.95,93.7
3636,4,178.3,42.47,111.6
3637,3.2,168.2,60.93,110
3638,58.7,181.9,51.95,106.8
3639,33.1,189.9,56.07,127.7
3640,62.4,171.7,41.32,94.7
3641,8.8,202.6,51.7,110.4
3642,19.4,142.8,39.29,87.4
3643,2.2,155.2,51.94,102.6
3644,25.1,220.8,53.28,124.2
3645,16.4,188.6,49.41,101.3
3646,20.9,160.1,42.49,87.8
3647,28,202.3,45.56,121.8
3648,4.5,181.6,36.92,90.7
3649,50.4,204.1,40.45,132.3
3650,25.9,178.4,45.51,117.8
3651,9.7,163.9,49.9,89.4
3652,10,184.8,66.44,139.9
3653,16.8,182.6,43.32,102
3654,17.3,162.7,46.96,99.2
3655,0.6,200.5,47.18,103.3
3656,10,198.8,50.42,118.1
3657,1.9,192.7,66.16,143.3
3658,13.3,182.3,46.22,92.7
3659,0.9,169.4,42.86,106.4
3660,6,144.3,59.25,116.2
3661,23,195.8,45.83,120.2
3662,4.7,163.4,50.98,108.7
3663,42,173.1,48.35,87.5
3664,30.6,173.1,56.88,134.4
3665,50.6,193.2,44.35,94
3666,3.1,173.3,45.63,111.7
3667,16.5,129.3,66.8,109.2
3668,17.4,184.1,50,103
3669,6,174.3,64.68,135.9
3670,40,192.5,56.22,117.8
3671,35.9,140.6,50.9,106.3
3672,13.1,164.6,59.02,105.6
3673,7.2,147,43.66,106.9
3674,10.6,189,59.84,148.7
3675,10.5,164.4,50.55,122
3676,46.4,209.2,49.9,127.4
3677,14.7,162.9,53.88,97.2
3678,14.5,162.4,35.82,78.7
3679,98.7,193.8,47.19,113.7
3680,40.8,168.2,56.43,114
3681,18.9,216.1,47.27,102.5
3682,17.3,219,51.47,125.8
3683,14.6,173.1,38.76,81.6
3684,3.2,184,46.57,110.6
3685,12.6,161.6,42.19,85.7
3686,14.6,177.8,38.42,91
3687,24.3,183.9,51.49,118.7
3688,21.3,165.9,52.78,106.5
3689,6.8,193.4,35.75,99
3690,8.6,202,45.92,114.7
3691,19.7,197.9,54.62,108.9
3692,1.1,219,50.83,128.6
3693,2.7,203.6,48.73,100.8
3694,14.5,193.9,58.16,138.1
3695,28.7,186,43.81,128.5
3696,5.6,155.5,44.52,99.9
3697,77.2,176.6,57.71,128.5
3698,5.2,171.8,39.35,98.8
3699,6.6,161.4,50.94,101.2
3700,1.6,182.5,56.26,134.2
3701,12.2,178.3,43.25,112.6
3702,15.4,133.6,64.02,124.1
3703,13.7,129.7,53.96,113.7
3704,14,187.6,50.45,102.2
3705,18.2,171.2,45.71,103.2
3706,27.5,200.5,46.55,120.9
3707,21.2,193.3,52.18,112.6
3708,1.7,189.8,42.66,111.7
3709,29.8,192.1,56.02,127
3710,34.7,191.5,56.1,124.3
3711,11.8,131,45.18,82.7
3712,8.3,192,50.84,108.7
3713,2.7,154.2,55.26,118.1
3714,16.5,171.5,51.7,128.2
3715,12.8,159.6,53.24,108.7
3716,2.5,202.8,49.97,118.9
3717,47,164.3,55.89,132.5
3718,5.4,186.4,50.43,110.6
3719,9.4,197.1,42.46,121.9
3720,2.8,132.6,64.87,117.2
3721,1,205.5,39.71,108.9
3722,1.7,151,47.72,95.9
3723,52.3,170.7,45.36,109
3724,4.5,204.4,49.18,110.2
3725,12,174.1,62.87,139.7
3726,31.1,182.6,48.13,101.6
3727,14.7,171.9,38.5,101.4
3728,11.2,208.7,57.29,138.8
3729,7,153.6,54.32,124
3730,11.3,213.6,46.24,135.2
3731,5.6,176.6,41.08,96.8
3732,24.9,173.7,42.23,96.2
3733,31.4,228,44.94,121
3734,4,185,38.37,113
3735,70.6,118.5,59.82,117.2
3736,42,174.4,40.6,91.5
3737,19.4,193.9,55.57,131.9
3738,1.3,195.9,39.25,111.7
3739,4.6,184.6,42.32,122.7
3740,14.7,171.4,48.38,105.2
3741,17.3,183.1,48.7,104.4
3742,20.8,194.6,54.34,120.9
3743,3.9,192.6,44.04,106
3744,23.4,169.2,49.54,108.3
3745,10.6,181.1,44.67,98
3746,13.9,174,51.72,111.6
3747,12.4,184.4,60.8,149.6
3748,22.4,166,44.01,99
3749,1.2,176.2,50.33,120.8
3750,9.2,149.8,48.73,103.8
3751,33.2,202.1,66.14,128.1
3752,10.1,182.9,50.18,107.3
3753,31.6,194.2,56.51,117.5
3754,45.6,186.1,57.38,144.5
3755,45.8,148.2,60.91,111.5
3756,4.9,192.4,66.33,157.9
3757,31.5,184.4,56.81,127.1
3758,13.6,144.8,52.26,133.3
3759,0.2,201.7,51.88,122.5
3760,25.6,175.9,60.41,135
3761,26.3,188.5,45.91,98.2
3762,0.9,152.7,51.17,100.7
3763,14.6,196.7,49.48,114.8
3764,8.6,182.5,54.28,116.4
3765,16.7,173,54.35,105.2
3766,34.8,182.8,46.8,106.9
3767,3.9,187.3,55.07,121.5
3768,1.7,195.6,55.22,119.2
3769,2.9,214.6,54.64,120.3
3770,10.2,166.6,65.96,127.1
3771,4.9,223.8,51.44,134
3772,51.1,191.5,39.69,101.2
3773,79.1,168.7,50.74,87
3774,30.7,177.2,45.72,107.7
3775,12.8,201.8,54.69,104.6
3776,43.7,180.7,44.71,115.3
3777,83,202.5,34.91,86.9
3778,24.3,187.4,48.44,126.3
3779,44.6,193,48.95,105
3780,9.3,181.1,45.77,114.7
3781,25.3,206.1,46.26,124.8
3782,24.6,195.9,47.86,96.8
3783,0.5,172.3,36.74,96.8
3784,0.7,198.7,48.27,111.3
3785,6.2,172.6,56.72,111.6
3786,3.1,187.6,42.82,123.5
3787,3.1,204.2,46.31,115
3788,7.3,175.2,40.91,94.9
3789,2.8,185.3,50.32,117.1
3790,22.9,203.5,47.38,119.5
3791,35,163.3,52.09,122.5
3792,39.4,168.1,51.35,113.6
3793,20,158.6,60.02,101.1
3794,0.7,170.9,64.61,120
3795,65.7,162.6,54.44,117.8
3796,12.4,160.9,46.24,110.3
3797,36,163.6,57.92,129.5
3798,9.4,172.9,49.67,114.5
3799,12.2,150.8,48.76,103.6
3800,35.3,214.8,60.17,131.7
3801,18.3,200.7,47.61,122.7
3802,6.6,179.9,45.8,106.5
3803,18,192.6,49.57,111
3804,5.1,154.7,56.53,129.3
3805,41.2,169.7,42.66,94.8
3806,32.3,202.1,40.84,94.1
3807,39.8,163.7,59.89,108.3
3808,101.4,196,43.63,119.5
3809,19.1,167.8,44.97,108.3
3810,54.7,175.3,49.49,95.4
3811,23.7,174.4,31.67,86.9
3812,4.1,186.3,39.07,113
3813,30.7,155.1,55.79,105
3814,103.2,189.7,45.49,116.7
3815,8.6,157.1,58.17,128.1
3816,16.7,213.6,40.23,124.2
3817,6.6,181.3,47.22,115
3818,49.2,160.3,36.38,82.2
3819,13.5,162.9,52.81,110.6
3820,9.2,205.4,50.77,124.1
3821,26.3,189.7,40.07,100.3
3822,3.5,196.2,55.45,123.1
3823,1.7,167.2,38.55,90
3824,4.1,163.3,52.34,127
3825,11.4,175.7,34.63,91.3
3826,2.4,204.7,51.46,114.5
3827,35.6,147.4,52.62,107.3
3828,3.1,194.5,46.59,94.5
3829,10.1,178.1,52.3,116.6
3830,20,176.5,42.82,108
3831,37.2,223.5,48.28,142.9
3832,26.3,173.2,49.24,118.1
3833,9.5,219.3,63.02,134.1
3834,5.6,175.9,46.91,91.7
3835,20,228.1,55.56,131.1
3836,13.6,192.3,55.49,134.2
3837,11.6,155.5,52.58,113.2
3838,10.1,173.6,41.44,95
3839,2,170,61.19,94.8
3840,11.8,185.2,52.88,116.7
3841,21.2,202.2,53.76,134.6
3842,6,173.9,44.73,88.1
3843,7.9,195.2,45.91,120.4
3844,6.5,193.9,48.77,91.2
3845,29,185.9,47.69,111.4
3846,30.4,175.4,53.87,105.2
3847,46.7,170.7,56.09,115.4
3848,6.2,178.1,48.65,106
3849,25,152.1,59.27,131.5
3850,25.8,191.4,47.9,117.2
3851,14.9,173.7,45.01,113.6
3852,41.4,163.7,49.19,122.6
3853,3.8,158.3,43.23,94.1
3854,4.8,178.7,54.81,105.9
3855,33.3,177.1,55.92,128.5
3856,57.1,208.1,71.03,137.1
3857,16.8,166.1,56.24,122.6
3858,53.5,156.6,52.47,117.2
3859,31.7,168.6,49.46,101.4
3860,0.8,148.3,54.72,106.8
3861,17.8,127.8,38.74,83.3
3862,53.9,151.1,47.17,116.5
3863,30.8,182.9,57.72,140.8
3864,52.4,198.9,49.91,135.4
3865,12.3,169.4,59.33,120
3866,33.4,179.1,45.93,105.3
3867,47.7,174.2,43.41,101.5
3868,18.9,174.9,49.89,129.2
3869,31.5,210.7,38.82,117.4
3870,39.4,155.8,40.86,98.8
3871,9.8,182.3,56.02,127
3872,0.2,167.6,56.56,130.5
3873,13,176.3,49.66,112.8
3874,86.4,166.5,44.31,109.9
3875,24,188.8,48.88,106.7
3876,42.1,190,55.34,116.9
3877,5.8,195.5,43.48,111.1
3878,23.1,188.7,53.79,115.7
3879,2.5,153.5,49.09,102.7
3880,24.4,174.9,52.6,124.8
3881,3.9,171,55.84,116.9
3882,65.6,153.8,57.13,118.4
3883,28.7,158.9,56.68,117.3
3884,5.2,166.9,48.14,98.2
3885,0,184.9,57.26,119.4
3886,16.9,166.8,45.23,108.5
3887,11.3,172.8,49.88,107.2
3888,27.1,193.5,56.64,122.7
3889,26.6,165.3,42.73,93.2
3890,44.2,162.2,49.62,116.4
3891,4.9,177.5,54.7,114.8
3892,5.2,218.9,49.92,136.1
3893,12.4,206.4,43.9,104.1
3894,15.5,160,55.3,114.3
3895,7.3,210.3,45.39,127.4
3896,27.2,187,53.82,128.1
3897,39.1,174.6,39.96,106.5
3898,84.8,192.1,47.59,93.7
3899,4.2,166.8,57.83,122.8
3900,5.1,165.4,38.96,96.3
3901,32.9,182.9,50.57,125.3
3902,12.5,192.7,70.76,151.2
3903,50.5,208.1,50.11,101
3904,58.1,176.8,35.6,85.7
3905,7.1,192.3,57.36,127.2
3906,6.7,158.5,54.42,112.6
3907,32.4,174.3,41.87,114.6
3908,5.2,178.1,65.9,130
3909,2.5,181.4,34.02,84.9
3910,18.8,161.2,43.06,115.2
3911,21.4,190.2,51.27,129.9
3912,21.3,191,58.43,136.6
3913,11.7,198.5,47.57,120.3
3914,4.4,167.9,41.72,106.8
3915,10.2,191.5,60.24,139.1
3916,0.4,167,46.39,100.1
3917,22.3,147.1,50.62,108.8
3918,0.2,175.6,49.03,106.7
3919,17,199.8,43.83,107.6
3920,39.7,132.4,52.52,93.6
3921,86.9,189.5,59.45,129.1
3922,2.5,197.6,55.84,128.3
3923,3.7,184.1,46.67,84.5
3924,6.2,184.5,53.85,107.3
3925,7.3,178.7,60.18,123.9
3926,151,181.2,55.96,121.5
3927,51.8,177.8,55.16,117.2
3928,9.9,207,45.49,110.6
3929,8.5,177.5,52.45,121.3
3930,8.5,176.6,42.59,98.2
3931,13.6,199.8,44.94,112.7
3932,94.5,174.4,43.44,103.1
3933,29.9,143.7,52.41,104.3
3934,37.3,193.5,50.44,125.1
3935,34.2,242.6,43.8,124
3936,24.6,209.4,49.36,105.7
3937,11.4,162.8,60.66,123.9
3938,104,156.8,42.2,89
3939,0.4,172.6,52.25,122.5
3940,10.3,181.3,52.4,110.6
3941,14.6,212.2,55.36,126.8
3942,14.4,172.1,47.7,116
3943,23.7,186.6,42.66,108.7
3944,15.7,162.8,50.82,91.6
3945,37.1,196.8,51.63,130.6
3946,15.8,193.8,47.09,121.8
3947,5.9,162.1,44.68,110
3948,28.8,163.5,50.34,110.2
3949,0.2,162,59.95,125.7
3950,49.9,208.9,46.92,124.5
3951,37.8,185.2,56.91,119
3952,2.5,140.7,34.82,79
3953,1.2,166,60.91,134.5
3954,30.4,207.2,53.34,124.3
3955,0.5,189.4,39.89,93.3
3956,42.2,177.2,48.84,100.6
3957,7.8,161.7,51.98,110.1
3958,27,185.2,52.01,117.1
3959,74,158.9,53.96,121.2
3960,10.6,166.8,53.26,101.7
3961,62.1,143.1,63.13,118.1
3962,20.3,185,55.21,122.4
3963,12.6,176.8,54.14,119.3
3964,55.5,188.3,39.88,100.5
3965,31.7,153.3,36.16,86.5
3966,2.1,164.2,48.08,108.8
3967,19.7,186.6,53.94,112.4
3968,3.7,154.6,52.08,106.2
3969,19,196.4,38.12,85.8
3970,43.5,181.3,58.95,134.4
3971,38.5,197.8,54.08,130.7
3972,49,142.4,51.93,101.9
3973,1.8,187.2,40.13,112.2
3974,6.8,171.5,48.4,117.9
3975,10.3,185.5,52.68,125.6
3976,2.1,168,60.67,129.5
3977,10.4,189.6,45.54,108.6
3978,2.7,156.7,51.15,111.7
3979,14.5,196.6,59.76,132.8
3980,7.5,157.7,62.39,132.9
3981,12.1,142.6,56.16,106.2
3982,1.2,146.1,58.91,113.7
3983,0.9,179.6,57.12,117.6
3984,19.1,189.4,56.5,112
3985,19.8,167.9,60.69,122.7
3986,20.9,182.5,53.96,129.3
3987,8.7,159.1,39.69,80.3
3988,66.8,197.4,53.19,131.9
3989,0.8,201.6,48.56,104.8
3990,6.9,217.2,45.1,117.4
3991,1.4,178,47.6,126.9
3992,24.4,211.2,55.38,148
3993,28.3,143.4,68.94,137.3
3994,1.8,163,46.36,109.5
3995,22.5,172.6,43.66,110.2
3996,32,209.3,44.82,102.7
3997,4.2,230,47.81,133.9
3998,7.3,210.5,46.48,131.4
3999,34,157.9,48.18,97.6
4000,51.6,174,48.44,115.3
4001,3.1,178,45.79,116.5
4002,3.8,176.2,61.31,119.8
4003,2.3,205.1,47.34,129.1
4004,15.4,224.5,49.58,145
4005,55.2,140.2,47.78,79.7
4006,10.3,183.9,53.88,108.5
4007,23.2,188.9,52.75,122.7
4008,49.7,179,58.83,139.7
4009,6.1,166.6,61.7,120.4
4010,2.7,178.2,50.81,109.6
4011,2.7,178.3,49.58,106.5
4012,73.8,201.5,57.71,123
4013,15,179.8,39.03,114
4014,17,200.8,51.2,117.9
4015,19.3,204.3,44.86,107.5
4016,9.3,170.4,39.25,84.4
4017,13,172.3,40.13,83.7
4018,45.9,196.9,39.7,110.6
4019,62.6,174.2,39.69,91.4
4020,6.2,148.3,48.95,100.2
4021,7.6,201.8,46.95,123.7
4022,11.1,237.1,49.62,137.1
4023,2.6,170.4,52.68,123
4024,16.6,192.5,37.16,109.5
4025,11.9,204.4,48.5,115
4026,17,158.8,58.15,130.6
4027,31.8,178.2,53.52,110.7
4028,0.6,223.7,49.52,131.4
4029,29.7,178.1,45.04,130.8
4030,6.4,179.5,41.37,89.8
4031,7.3,174.5,55.44,120.3
4032,2.3,188.5,64.64,118.1
4033,19.2,169,50.35,119.2
4034,27.6,168.4,53.08,118
4035,9.5,185.7,39.39,110.9
4036,17.9,153.4,40.5,101
4037,9.7,196.6,38.63,102.7
4038,4.4,169.7,49.04,99.2
4039,18.1,206.7,64.5,133.5
4040,36.6,152.9,40.15,81.9
4041,18.3,173.5,46.24,106
4042,27.2,210.3,55.84,128.4
4043,40,221.3,45.33,139.3
4044,36.6,198.4,49.12,112.2
4045,11,160.7,53.63,115
4046,1.4,194.8,44.9,118.7
4047,145.9,204.3,34.97,114.6
4048,9.8,171.8,53.09,111.7
4049,13.2,196.3,52.81,108.7
4050,16.8,143.4,51.97,103.9
4051,4.7,160.2,48.45,110.5
4052,19.6,148.6,53.77,99.1
4053,27.8,161.8,53.48,117.8
4054,9.1,151.9,39.64,106.4
4055,44.2,171.7,46.89,90.2
4056,7.7,189.4,40.5,109.9
4057,9.6,148.8,49.02,96.7
4058,35.7,195,48.38,119
4059,14.5,194.8,48.67,116.2
4060,47.3,170.9,51.22,101.7
4061,63.9,188.6,50.34,119.6
4062,12.9,184.2,49.3,118.2
4063,48.4,191.4,54.04,111.8
4064,6,182.8,57.38,133.4
4065,28.1,198,60.33,124.2
4066,4.3,194.1,45.98,126.8
4067,7.9,206.1,52.57,125.1
4068,1.4,171.6,41.89,97
4069,27.2,206.9,43.93,128.1
4070,14,167.6,51.97,98.8
4071,12.8,180.3,50.08,131.6
4072,2.9,175.1,42.74,100.3
4073,19.2,190.7,60.25,110.5
4074,45.6,185.1,55.62,133.8
4075,22,218.8,34.41,94.6
4076,70,175.3,36.87,104.7
4077,13.7,180.2,53.57,115.4
4078,37.3,151.6,52.52,98.6
4079,4,189.4,47.37,116.6
4080,28.8,166.8,62.92,126.9
4081,6.9,163.2,44.71,86.5
4082,40.6,175.4,46.18,118.5
4083,74.6,171,52.48,119.2
4084,7.6,160,55.04,119.5
4085,43.1,184.5,51.62,101
4086,14.3,183.8,50.63,121.1
4087,1.1,182.9,54.49,115.1
4088,9.1,185.3,38.93,93.4
4089,8.2,153.6,39.98,90.4
4090,26.9,175.1,45.14,93.7
4091,16,214.1,45.98,111.5
4092,17.8,203.2,39.82,113.9
4093,16.9,159,57.19,117.9
4094,21.2,197.3,56.25,126
4095,6.6,196.2,49.15,111.4
4096,6.4,158.6,56.4,104.2
4097,16.2,189.8,51.32,125.8
4098,35.2,174.2,50.05,116.8
4099,39.2,206.3,44.98,109.9
4100,1.6,167.9,43.25,99.1
4101,49.3,181,55.33,147.6
4102,34.4,192,57.29,128
4103,2.1,228.2,37.04,117
4104,11.9,204.8,58.22,126.2
4105,7.5,201,45.58,113
4106,32.4,193.9,45.44,102.2
4107,24.3,166.7,60.9,98
4108,14,174.4,45.89,108.2
4109,31.8,192.3,49.04,109.4
4110,2.6,139.9,53.71,106
4111,10.8,166.1,52.37,116.7
4112,17.2,182.3,47.96,117.2
4113,65.9,195.3,52.17,99.7
4114,16.1,182.6,49.33,106.5
4115,16.1,158.7,56.9,105.8
4116,10.9,157,60.44,115.1
4117,76.4,153.8,39.83,80.7
4118,1.1,180.2,48.34,116.9
4119,14.5,165.9,38.21,78.1
4120,25.1,165.9,51.38,107.5
4121,6.7,188.1,55.71,129.6
4122,3.3,157.4,60.49,119.1
4123,36.5,169.9,35.6,96.7
4124,36.4,190.7,50.27,114.4
4125,12.7,192.5,40.67,102
4126,112.8,196,55.77,106.3
4127,29.7,172.5,46.61,95.7
4128,9.4,171.9,46.6,119.3
4129,18.9,150,47.98,79.6
4130,0.8,206.9,44.87,122.4
4131,72.4,169.5,47.28,119.2
4132,8.4,148.4,62.57,122
4133,29.6,204.1,52.29,137.7
4134,7.1,167.8,62.23,123.9
4135,72.2,159.3,48.39,97.7
4136,66.2,228.5,47.13,133.3
4137,17.6,185.1,54.15,128.7
4138,13.9,183.1,51.18,126.5
4139,21.4,206.8,50.51,133.7
4140,53.3,161.3,36.07,64.7
4141,75.9,190.1,47.36,127.1
4142,1.1,136.5,58.64,108.9
4143,1.6,177.1,49.57,116.1
4144,16.8,162.4,50.72,92
4145,20,182.4,60.83,123.9
4146,9.9,161.4,57.43,131.2
4147,36.9,180.8,50.49,119.1
4148,24,211.7,49.58,122.9
4149,35,207.6,47.34,121.9
4150,13.7,199.7,37.92,97.9
4151,12.4,169.9,43.03,102.6
4152,8.2,189.7,40.56,99.7
4153,5,178.8,50.6,118.6
4154,9.6,183,48.56,129.7
4155,8.1,190,41.61,104.5
4156,22.3,176.4,41.31,98
4157,10.8,191.5,34.48,114.6
4158,2.6,194.8,49.31,100.5
4159,26.2,208.6,47.61,120.3
4160,3.9,201.3,39.61,130.9
4161,0.8,199.3,63.97,119.5
4162,59.4,160.8,47.95,104.7
4163,53.1,163.5,54.82,126.2
4164,37.6,181.5,45.06,104.8
4165,4.9,237.9,41.69,148
4166,107.6,162.6,46.94,106.1
4167,2.2,157.7,48.25,90.6
4168,14.9,177.4,32.36,108.5
4169,50.2,239.1,47.14,126.8
4170,39.1,166.9,49.72,125.7
4171,35.7,155.4,47.23,96.6
4172,11.1,187.6,37.72,100.4
4173,17.3,179.1,52.77,107.2
4174,60.6,174.5,34.23,90.7
4175,39.4,159.6,54.98,105.3
4176,1.5,212.1,54.79,134.6
4177,1.5,196.3,70.59,149.7
4178,11.1,166.2,55.69,131.6
4179,16.3,149.8,61.08,114.5
4180,9.9,155.5,60.77,122.4
4181,1.9,187.3,51.88,104.3
4182,24.2,191.5,47,121.3
4183,2.4,159.8,39.95,77.3
4184,10.6,193.6,52.5,132.1
4185,5,171,44.13,123.1
4186,2.7,175.2,51.58,115.4
4187,60.9,192.7,44.54,120.5
4188,5.9,178.4,77.17,152.8
4189,15.7,206.6,43.61,111.6
4190,53.9,165.7,44.77,107.5
4191,37.3,171,44.05,103
4192,9.3,226.9,50.72,123.4
4193,8.5,171.3,52.87,97.6
4194,13.6,158.3,39.35,88.8
4195,62.4,155.2,40.75,103.7
4196,13.5,186.7,42.12,107.4
4197,5.8,146.1,49.31,90.7
4198,2.4,152.5,40.93,84.6
4199,45.9,202.8,52.17,111.4
4200,14.6,160.8,46.12,114.8
4201,12.2,204.1,48.37,110
4202,25.4,158,38.68,102.8
4203,10.9,186,51.52,116.3
4204,2.1,188.2,58.31,137.2
4205,8.5,183.9,49.45,115.2
4206,2.2,165.6,54.01,134.4
4207,15.5,210.5,51.34,128.9
4208,21.1,154,53.54,100.4
4209,5.2,159,43.21,82.2
4210,2.3,196.8,59.16,139.1
4211,3,190.7,49.29,113.8
4212,8.9,194.1,52.54,121.9
4213,3.6,172.4,51.98,115.2
4214,5.6,166.6,34.27,94.1
4215,17.7,215.2,57.26,121.5
4216,24.2,157.1,40.55,89.3
4217,5.7,182.3,54.37,117.3
4218,7.3,177.8,56.73,126.8
4219,7.5,183.2,40.47,94.5
4220,22.4,178.6,59.24,140.7
4221,52.8,197.7,53.94,119
4222,35.1,182.8,47.01,110
4223,28.9,195.2,56.61,121.5
4224,7.9,147.6,44.08,94.3
4225,14.9,171.2,45.33,100.1
4226,19.6,180,47.85,112.9
4227,36,153.1,45.07,108.8
4228,9.6,193.7,52.55,119
4229,3.2,199.3,42.35,110
4230,129.3,169,41.88,94.6
4231,70.8,184.3,55.78,120.7
4232,12.7,198,53.27,127.1
4233,1.3,150.3,48.12,99.8
4234,71.1,154.9,50.05,103.9
4235,15.3,190.2,57.52,129.8
4236,6.9,192.1,41.17,103.5
4237,19.6,155.5,45.82,104.2
4238,4.6,164.5,49.49,102.4
4239,16.2,160.4,52.76,87.5
4240,7.5,165.6,50.58,115.6
4241,15.4,175.3,59.39,114.6
4242,29.8,188.7,41.84,114.3
4243,0.4,168.3,56.92,122.4
4244,31.5,144.8,46.09,103.1
4245,1.4,190.8,48.61,110.5
4246,26.8,172.8,44.19,103.7
4247,5.9,139.3,31.27,72.9
4248,0.1,165.3,54.72,112.4
4249,27.6,208.9,48.45,105.8
4250,10.6,180.6,51.92,130.2
4251,0,195,46.41,97.1
4252,12.4,182.3,41.03,118.5
4253,1.2,159.6,55.27,111.4
4254,52.4,175.4,41.55,93.2
4255,38.9,196.1,55.23,126.2
4256,5.4,183,46.49,118.7
4257,3.6,143.9,49.62,102.6
4258,35.1,180.2,56.63,125.1
4259,20.8,179.1,49.54,123.5
4260,0.1,183.2,49.45,110.1
4261,14.3,157.9,46.67,104.4
4262,10,165.9,45.43,115.9
4263,10.9,170.5,46.29,105.1
4264,18.3,184,46.77,119.5
4265,36.8,154,49.47,111.1
4266,16.5,177.6,62.5,120.5
4267,20.3,160.9,53.58,125.7
4268,6,144.7,44.98,101
4269,16.3,170.5,41.03,97.5
4270,5,166.5,51.71,113.1
4271,2.6,199.3,41.22,116
4272,17.9,159.9,54.91,114
4273,5.1,196.1,50.15,91.5
4274,49,153.5,46.22,99.4
4275,34.9,207,55.71,133.1
4276,1.7,171.1,48.74,123.8
4277,10.1,186.8,51.08,109.4
4278,18.6,168.3,56.16,120.7
4279,44,182.3,47.49,116.5
4280,12.6,177.5,43.33,124.5
4281,4,141.9,43.2,104.6
4282,5.7,162.3,46,88.9
4283,10.9,179.4,48.07,122.5
4284,6.7,220.4,44.17,112.3
4285,4.5,203.8,40.43,105.1
4286,38.8,180.6,38.29,114.9
4287,4.1,216.3,51.4,130.4
4288,21.4,225.2,41.79,117
4289,34,180.4,41.91,103.9
4290,55.6,199.9,56.4,134
4291,45.4,203.2,45.17,104
4292,92.2,183.4,37.84,98.5
4293,33.7,176.6,51.3,116.9
4294,6.7,178.9,50.5,109
4295,134.9,199.3,57.32,115.7
4296,15.7,144.7,40.59,91.5
4297,5.6,152.5,32.59,68.6
4298,40.6,157.9,48.06,101.1
4299,8.4,234.3,66.72,160.8
4300,60.7,161.4,45.13,85.4
4301,21.4,192.2,43.72,119.9
4302,3.9,163.6,63.23,121.6
4303,18.1,169.9,45.21,99
4304,72.7,208.2,66.59,142.2
4305,4.2,181,55.27,119.9
4306,10.7,175.6,59.99,133.6
4307,13.3,154,45.61,95.2
4308,10.9,186.8,53.29,121.5
4309,82.8,167.1,59.68,106.5
4310,36.9,180.4,48.59,112.9
4311,2.6,208.9,59.18,118.3
4312,5.9,159.6,49.82,103.5
4313,0.5,185,53.7,130.1
4314,17.2,183.6,56.91,137.3
4315,57.2,191.2,51.01,138.5
4316,9,164.9,52.77,105.1
4317,2.8,159.6,48.77,118.2
4318,18.1,196.8,52.73,118.8
4319,28.9,198.7,51.37,130.9
4320,55.1,171.6,41.07,104.8
4321,21.8,193.8,50.27,108.7
4322,5.5,178.3,51.03,116.7
4323,22.4,187.3,59.47,141.7
4324,16,232.7,41.14,137
4325,41.9,156.3,49.56,91.3
4326,37.9,158.4,50.4,93.1
4327,7.4,192.1,49.24,114.4
4328,4.5,185.5,38.98,95.6
4329,22.6,209.4,44.06,111.2
4330,13.1,166.2,54.83,119.6
4331,16.5,152.8,44.89,110.3
4332,17.5,162.3,57.15,135.3
4333,5.6,171.6,57.8,119.1
4334,5.1,167.3,39.36,94.6
4335,11.7,199.2,46.18,118.8
4336,2.8,181,57.62,117.5
4337,38.7,195.4,46.73,99.5
4338,6.5,190.4,56.64,118.9
4339,7,159.6,56.66,112.7
4340,3,183,45.63,120.4
4341,109.5,153.1,46.15,111.8
4342,23,185.3,53.55,124.5
4343,12.3,196,59.96,135.6
4344,29.5,158.2,50.71,119.1
4345,19.2,208.5,58.11,130.1
4346,21.5,144.3,50.06,96.5
4347,13.5,157.6,37.18,90.3
4348,3,200.6,66.93,140.1
4349,31,184,43.24,106.4
4350,26.3,174.8,65.89,105.3
4351,7,173.1,55.57,111.7
4352,3.4,210.5,51.38,108.2
4353,18.1,168.3,49.95,100.7
4354,6.3,187.8,49.2,126.4
4355,38.4,164.6,59,140.1
4356,11.4,168.3,40.24,95
4357,4.4,204.8,50.35,122.2
4358,14.8,177.6,58.1,104.4
4359,5.8,179.3,51.17,122.2
4360,12.9,202.4,47.51,103.8
4361,4.6,169,56.4,111.1
4362,14.7,140.5,51.52,122.7
4363,29.8,233.4,42.89,124.8
4364,1.6,160.7,54.88,135.7
4365,14.1,151.1,48.21,103.2
4366,3.3,179.1,47.16,110.8
4367,2.7,167.9,51.38,115.1
4368,11.2,194.1,48.18,107.9
4369,31.7,177.5,51.11,121.1
4370,14.6,175.1,56.76,129.4
4371,6,194.5,45.05,110.3
4372,22.1,187,58.86,108.7
4373,0.5,159,48.11,91.8
4374,43.7,208.3,43.33,119.2
4375,39.1,182.1,47.86,116.1
4376,24,154.3,48.75,102.2
4377,26.9,189.7,69.75,123.6
4378,5.9,120.9,40.41,104.8
4379,6.3,171.1,58.44,133.5
4380,4.2,252.7,60.54,131.5
4381,19.9,193.9,54.46,129.4
4382,14.6,192.6,46.9,109.1
4383,19.2,173.5,44.56,120.7
4384,10.6,190.7,67.19,133.2
4385,2.5,166.6,50.95,113.8
4386,15.2,195.7,47.42,108.3
4387,40.6,182.1,48.4,127.5
4388,29,170.5,39.67,91.7
4389,12.7,227.8,51.46,139.1
4390,2.8,180.3,39.09,73.3
4391,1.2,177.9,62.77,129.5
4392,4.7,163.6,49.5,103
4393,4.3,148.9,45.65,113
4394,0.2,192.6,55.84,133.7
4395,17.2,188.2,53.37,133.9
4396,10.7,204.4,38.97,113.8
4397,21.7,164.5,37.75,80
4398,34,149.6,48.32,79.7
4399,55.2,169,47.3,108
4400,6.8,210.3,59.43,145.6
4401,7.3,210.7,59.62,134
4402,17.9,183.9,55.96,130
4403,9.9,154.1,47.88,97
4404,66.1,155.3,50.27,122.9
4405,48.3,178.5,50.24,118.9
4406,3.4,174.5,61.4,135.8
4407,49,212.4,43.24,107.6
4408,0.7,185.2,40.45,105.2
4409,4,185.3,64.03,143.2
4410,0.6,170.4,42.62,98.8
4411,17.5,222,47.68,134.5
4412,21.5,172.4,45.32,110.9
4413,18.2,176.7,53.93,128.2
4414,18.4,183.7,34.87,84.9
4415,22.3,166.5,45.96,96.5
4416,34.6,174.3,46.33,111.5
4417,14.4,185.1,46.54,128.9
4418,10.7,162.2,47.16,105.1
4419,2.5,188.7,59.08,132.8
4420,26.2,173.7,46.55,108.9
4421,0.5,178.8,65.7,123
4422,32.5,173.5,49.32,115.2
4423,52.4,167.9,61.07,112.8
4424,2.3,202.4,62.4,132.7
4425,28.3,185,47.27,110.2
4426,2.2,192,37.65,102.3
4427,89.6,194.7,67.32,131.8
4428,27.2,204.8,52.29,113.3
4429,66.7,189.6,54.68,131.5
4430,4,192.3,46.99,120.7
4431,22.8,152.7,47.62,118.8
4432,54.5,159.2,60.67,105.5
4433,5.6,167.6,57.53,100.1
4434,8.1,185.6,54.03,125.7
4435,11.6,135.7,55,105.5
4436,14.6,192.1,50.99,134.1
4437,22.4,193.5,46.83,108.9
4438,7.4,194.9,50.28,110.9
4439,59.7,173.4,62.73,130.3
4440,92.7,175.8,50.33,110.3
4441,4.2,170,55.01,118.8
4442,14.7,165,34.21,84.8
4443,9.2,182,50.43,123.9
4444,9.6,173.5,55.95,120.9
4445,22.5,185.7,43.72,110.8
4446,13.1,196.3,46.86,124.2
4447,20.2,162,58.42,112.9
4448,25.7,169.7,49.31,109
4449,70,195.6,46.1,103.3
4450,19.4,197.2,46.75,114.5
4451,10.8,171,46.3,85
4452,37.9,159.2,65.33,122.8
4453,21.5,136.3,44.36,80.1
4454,0.5,194.7,34.22,102
4455,9.5,186,51.08,122.8
4456,11,155.8,44.01,96.6
4457,0.4,164.4,60.42,119.3
4458,30.6,160.6,44.69,103.3
4459,26.6,154.4,43.14,97.1
4460,4.8,173.1,46.97,140.4
4461,13.7,191.2,51.27,129.1
4462,16.3,211.5,34.48,108.5
4463,13,157.6,58.64,132.1
4464,8,195.4,42.51,126.4
4465,43.3,190.6,44.88,117.7
4466,3.9,162,59.18,136.7
4467,62.2,195.1,60.9,133
4468,2.1,180.5,44.33,98
4469,46.4,208.4,47.82,111.7
4470,11.5,191,54.09,127.1
4471,43.7,185.3,53.07,118.7
4472,23.1,192.9,48.44,105.2
4473,33.4,163.9,45.04,108.2
4474,24.8,195.7,45.96,110.1
4475,58.7,198.5,43.24,90.8
4476,16.2,154.4,51.22,111.8
4477,45.5,219.2,52.19,112.5
4478,14.8,167.2,49.43,86.8
4479,14.2,165.3,51.06,115.9
4480,0.9,196.8,51.26,108.3
4481,28.9,179,55.56,115.7
4482,20,151,51.33,100.6
4483,60.4,184,44.99,111.1
4484,50.4,178.4,52.7,102.7
4485,10.6,187.9,66.48,118.7
4486,6.5,168,47.93,105.2
4487,14.3,192.1,55.91,124.3
4488,12.3,208.5,59.19,126.7
4489,7.7,169.2,59.23,126.7
4490,2.8,189.8,46.54,118.8
4491,28.7,169.2,43.62,95.9
4492,31.1,188.3,39.66,130.4
4493,15.2,184.8,54.51,106.4
4494,8.5,178.2,38.63,103.5
4495,7.5,199.4,53.1,117.3
4496,57.2,211.4,65.48,155.9
4497,15.7,137.4,43.08,110.2
4498,29.1,223.2,60.96,130.6
4499,3,163.3,39.87,89.1
4500,13.5,164.5,49.51,113
4501,1.3,181.7,50.18,137.8
4502,4.9,182.3,48.28,116.9
4503,16.5,128,42.3,96.4
4504,9.7,164.8,58.14,112.5
4505,0.8,144.6,55.03,115.1
4506,5.6,127.7,37.04,92.2
4507,5.6,171,62.01,114.7
4508,0,200.7,46.48,112.5
4509,8.6,173.8,39.49,100.8
4510,67.6,182.4,53.14,117
4511,28.9,183.1,52.68,135.8
4512,9,171.5,47.19,125.5
4513,21.1,162,45.25,89
4514,22.6,200.4,62.08,127.8
4515,20.8,176.2,59.25,114.4
4516,38.4,167.1,58.78,122.8
4517,39.8,184,45.09,105.7
4518,30.3,180,54.95,112
4519,7.8,187.8,47.45,108.1
4520,0.6,165.6,44.94,93.2
4521,3.8,207.4,46.51,121
4522,49.3,189.5,48.85,111.5
4523,58.4,209.7,64.41,149.9
4524,43.7,130.7,46.89,89.7
4525,27.9,146.3,39.26,77.5
4526,37.2,223.3,41.79,110
4527,23.5,183.7,57.2,120.6
4528,48.1,182.3,45.8,107.5
4529,42.7,170.1,50.6,101.6
4530,12.1,169.8,52.47,113.7
4531,44.1,182.6,58.95,138
4532,73.1,173.2,55.63,109.5
4533,19.6,179.3,41.31,95.8
4534,6.4,151.8,46.88,88.9
4535,0.5,170.1,51.51,114.4
4536,4.3,181.6,46.94,103.1
4537,21.8,162.8,55.3,119.4
4538,3.9,189,41.6,105.6
4539,54.4,214.1,56.53,106.2
4540,35.1,157.1,41.94,98
4541,31.9,168.8,57.82,118.4
4542,15.7,178.2,46.75,116.1
4543,4.8,191.3,51.64,118.8
4544,35.8,203.5,58,128.7
4545,14.7,212.4,58.07,131.1
4546,19.9,181.7,53.08,126.1
4547,11.4,190.6,32.2,90.7
4548,3.7,209.5,63.15,143.5
4549,6.5,213.2,54.83,122.8
4550,7.7,155.7,45.13,106.2
4551,19.1,186.5,48.5,111.5
4552,24.1,206.1,50.97,129.1
4553,36.8,216.6,39,116.2
4554,14.7,178.2,33.63,63.7
4555,14.8,210.1,49.55,123.9
4556,157.8,199.5,57.34,127.4
4557,38.7,197.5,51.23,118
4558,17.9,188.2,52.59,135.5
4559,5.8,139.4,55.64,101.2
4560,0.9,167.7,55.39,95.6
4561,12,185.9,53.68,121.6
4562,31.5,188.7,39.71,97.8
4563,91.7,199.8,47.23,113.2
4564,11.6,198.9,63.96,138.6
4565,4.2,177.8,42.64,119.9
4566,36.9,182.1,53.6,116.3
4567,25.2,209.9,55.57,116.6
4568,35.6,176.9,57.18,118.5
4569,59.6,206.2,44.05,118.7
4570,15.6,144.6,53.79,98.5
4571,25,165.8,60.53,123.1
4572,8.1,188.3,41.82,99.3
4573,5.7,197,31,120.3
4574,0.1,168.8,59.19,127.6
4575,23.2,167.2,55.59,128.2
4576,5.1,215.6,51.84,122.7
4577,2.6,183.8,40.01,106.8
4578,7.1,130.6,46.93,99
4579,49.2,197,31.8,97.4
4580,33.2,173.8,42.27,83.6
4581,20.8,190.4,59.39,120.9
4582,7.3,174.1,46.81,82.1
4583,16,223,54.6,144.2
4584,8.1,181.9,45.57,100.6
4585,42.4,168.8,53.13,120.2
4586,39.7,174.2,46.16,110.3
4587,22.1,196.6,59.47,132.4
4588,6.1,165.5,43.46,109.5
4589,26.9,172.6,46.39,109.3
4590,9.6,184.1,59.95,131.7
4591,65.7,160.9,53.67,118.2
4592,82.4,171,45.24,112.5
4593,2.3,196.5,58.37,141.7
4594,2.8,170.6,56.83,116
4595,29.5,192.3,53.18,130.6
4596,23.1,182.7,54.44,110.9
4597,99.3,179.6,41.8,101.3
4598,7.3,195.6,56.81,125.3
4599,5.8,169.3,48.81,121.3
4600,0.8,188.9,49.13,124.9
4601,22.4,179.4,48.83,128.2
4602,9.8,175.5,47.43,111.8
4603,32.6,175.6,51.96,102.2
4604,53.6,176.9,47.2,112.1
4605,11.3,183.5,62.15,125.8
4606,39.2,177.3,48.47,112.6
4607,37.4,195.3,49.8,114.5
4608,3.5,170.8,42.67,88.4
4609,13.5,187.2,44.76,114.9
4610,23.1,190.5,57.55,129.3
4611,6.7,201.1,42.69,108.2
4612,6.4,179.5,64.98,126.9
4613,16.9,127.1,48.03,117.8
4614,10.3,178.9,64.97,123
4615,4.6,181.5,61.13,114.2
4616,5.3,175.4,41.56,98.1
4617,27.9,166.1,49.3,113.4
4618,8.4,173.8,50.19,112.4
4619,28.7,174,60.97,118.1
4620,15.6,213.7,49.5,121.6
4621,18.1,196,56.26,107.9
4622,25.3,163.2,46.52,98.8
4623,12.6,185.8,54.26,122.2
4624,85.2,191.7,57.18,115.1
4625,64.9,173.1,53.53,116.3
4626,5.8,211.7,46.62,125.3
4627,16.3,202.4,65.41,148
4628,6.5,166.9,39.91,93.3
4629,28.4,192.6,66.18,172.1
4630,67.4,171.9,40.49,91
4631,8.4,200,49.19,119.2
4632,7.4,183.4,53.14,133.7
4633,0.7,187,57.66,121.4
4634,26.9,173.4,53.48,111.2
4635,23.6,183.8,53.57,111.4
4636,22.1,204.5,49.87,132.4
4637,14.8,163.3,49.43,108.3
4638,3.5,167.7,56.66,129.1
4639,2.2,167.2,44.34,92
4640,8.5,159.5,41.41,82.5
4641,36.5,189.5,50.04,116.8
4642,40.4,159.8,40.29,85
4643,2.2,158.2,50.25,116.2
4644,16.4,179.4,63.39,136.9
4645,20.8,169,45.18,107.8
4646,6.1,207.5,43.79,114.3
4647,1.2,180.2,51.34,127.3
4648,6.3,133.2,44.55,87.7
4649,35.2,188.3,46.21,122.4
4650,27.1,207.3,57.04,114.4
4651,2.7,162.6,50.8,100.1
4652,16,185,49.79,138.4
4653,7.2,181,57.04,125.1
4654,19.5,193.3,60.02,125.7
4655,99.5,213.9,38.03,117.7
4656,34.4,176.3,57.73,119.9
4657,40,180.2,52.48,113.7
4658,9.8,184,54.61,107.2
4659,1.2,206.4,53.55,144.2
4660,19.6,212.9,56.23,136.9
4661,19.4,189,51.62,99.6
4662,39.2,176,49.97,108.5
4663,23.1,185.5,56.01,118.8
4664,15.9,176.9,41.29,111.3
4665,23,181.8,58.98,133.9
4666,29.2,198.4,54.48,128.4
4667,9.2,163.1,52.2,114
4668,6.3,196.1,47.11,110.3
4669,61.5,219.8,45.06,117
4670,16.5,160,44.34,117.7
4671,50.4,169.1,44.11,110.5
4672,63.4,182.6,51.58,106.2
4673,10.5,171.3,52.69,106.3
4674,3.7,165.2,49.63,91.4
4675,9,214.3,38.83,107.1
4676,33.9,167.4,61.23,98.2
4677,46,154.9,52.35,119.5
4678,4.4,162.7,58.99,120.5
4679,7.2,158,49.37,103.9
4680,2.1,212.5,44.33,116.1
4681,40,192,37.58,91.6
4682,3.3,182.9,55.83,127.8
4683,36,197.7,60.81,123
4684,52.4,197.5,45.27,104.3
4685,0.5,186.2,36.68,93.6
4686,1.2,166.5,57.57,128.1
4687,12.7,174.3,57.51,126.9
4688,28.2,160.8,46.35,110
4689,26.9,164.8,45.3,88.4
4690,18.8,194.7,57.73,108.7
4691,9.9,178.6,43.92,96.9
4692,0.8,188.2,51.29,110.9
4693,14.5,173.1,58.69,124.2
4694,6,160.3,44.15,107
4695,35.6,202,63.24,129.8
4696,62.4,207.1,49.21,120.6
4697,22.2,203,42.59,101.6
4698,15.6,195.3,51.17,114.9
4699,17,225.4,48.2,122.2
4700,11.2,175.1,48.45,106.5
4701,36.2,191.7,36.36,101.7
4702,76.4,160.8,51,106.9
4703,98.9,155.5,32.82,88.7
4704,20.8,220.8,58.53,144.5
4705,12.5,153.8,53.94,116.4
4706,27.2,164.3,56.37,114.9
4707,20.9,192.7,58.78,124.6
4708,61.1,147.1,56.12,91.7
4709,22.6,136.9,63.33,118.8
4710,3.3,183.7,49.45,117.6
4711,6.4,173.5,41.24,82.7
4712,51.1,185.3,48.75,115.3
4713,25.9,181.3,50.35,123.7
4714,43.2,160.7,50.43,121.1
4715,27.1,180.8,49.92,127
4716,22.9,187,53.25,123
4717,17.8,185.8,48.34,125.7
4718,5.5,196.2,49.98,83.9
4719,32.3,158.4,52.94,111.2
4720,39.1,162.3,43.69,98.8
4721,9.5,189.3,40.72,104.5
4722,24.5,178.3,36.87,103
4723,2,184.8,39.52,105.7
4724,2.2,185.4,51.63,119.2
4725,22.1,172.4,50.57,108.3
4726,11,186.9,56.9,114.3
4727,73.8,164.2,63.15,125.9
4728,48.1,180.5,38.35,91.3
4729,0.1,178.4,49.94,108.1
4730,18,153.9,54.2,100.2
4731,7.1,179.7,51.06,117.5
4732,19.9,187.6,48.12,105.3
4733,75.7,186.4,48.43,114.8
4734,26.8,179.3,57.26,132.7
4735,31.3,211,54.44,126.6
4736,2,182.4,39.22,111.3
4737,6.5,218.9,40.68,124.6
4738,74.8,207.4,46.53,96.8
4739,0.3,198.4,54.65,123.5
4740,42,152.1,66.36,127.8
4741,1.8,173.7,51.22,111.2
4742,10.1,209.7,55.06,130.2
4743,74.7,153.6,48.42,91.6
4744,33.7,151.6,50.1,94.8
4745,2.1,178.5,55.75,117.8
4746,11.3,158.3,59.17,112.3
4747,43.9,179,57.3,126.4
4748,31.7,198.8,37.41,92.7
4749,84,184.5,50.69,115.6
4750,21.8,196,61.23,130.9
4751,17.4,175.7,50.1,106.8
4752,0.8,181.3,49.51,98.2
4753,12.6,152,52.74,111.3
4754,88.9,198.6,41.95,117.5
4755,31.8,170.3,45.14,108.9
4756,20.9,191.3,50.88,98.1
4757,2.8,178,57.88,149.8
4758,66.7,180.7,55.24,118.7
4759,15.3,198.8,49.12,128.1
4760,69.3,187.6,51.79,101.9
4761,7.9,219.3,59.33,126.5
4762,15.2,185.6,65.46,137.7
4763,62.3,187.9,58.77,119.7
4764,38.7,193.3,53.25,120.7
4765,62,163.9,40.75,88.7
4766,45.8,176,59.67,130.3
4767,30.4,226.8,45.24,117.7
4768,3.2,148.7,44.27,100.7
4769,16.2,169.5,59.02,115.8
4770,1,156.4,59.77,119.5
4771,14.2,151.9,52.53,104.1
4772,7.4,172.2,51.93,103.4
4773,17.6,177.2,49.74,117
4774,3.7,166.1,40.25,80.2
4775,23,184.8,58.41,127.7
4776,3.9,165.9,38.69,117
4777,9.6,175.5,54.36,102.4
4778,0.5,175.6,63.25,149.9
4779,15.8,148.6,57.2,106.1
4780,11.3,211.9,49.21,136.9
4781,33.7,210.6,51.97,138.8
4782,25.8,179.3,42.84,106
4783,30.7,204.1,45.2,120.9
4784,41.6,154.5,47.46,110.3
4785,43.1,194.8,52,133.1
4786,1.9,168.1,38.78,99.4
4787,26.8,166.1,51.77,96.7
4788,1,172.2,49.24,105.6
4789,0.9,221.9,43.26,118.5
4790,18.8,155.4,50.83,97.1
4791,5.7,182.1,56.76,127.1
4792,11,151,52.26,120.2
4793,80.7,163.9,42.78,116.4
4794,12.2,171.7,47.04,91.2
4795,13.6,171.6,57.34,133.2
4796,30.4,160.5,48.85,108.1
4797,2.4,174.7,67.74,129.7
4798,64.9,181.9,42.52,118.3
4799,23.3,193.5,49.03,117.4
4800,31.7,177.6,55.17,115.5
4801,22.8,221.3,58.68,130.4
4802,14.3,187.7,37.97,95.8
4803,11.4,172.6,52.55,112.2
4804,60.7,188.6,49.12,107.5
4805,7.9,151.4,51.18,111.9
4806,33.6,170.9,64.59,120.4
4807,24.1,199.9,46.62,107.7
4808,39.7,179.2,47.49,119
4809,6.3,196.3,53.56,122.4
4810,3.5,192.2,57.17,120.2
4811,21.5,178.3,44.17,111.1
4812,54,149.1,48.89,99.9
4813,11.6,155.7,51.51,112.9
4814,5.4,181.8,46.62,115.4
4815,26.6,185.9,61.88,122.3
4816,36.8,210.5,35.96,100.1
4817,16.3,141.1,52.4,88.6
4818,15,179.3,55.65,109.7
4819,26.4,193.9,51.58,118.5
4820,29.2,158.9,48.3,104.4
4821,8.2,180.3,51.44,113.9
4822,8.3,154.8,44.04,100.2
4823,1.5,204.5,43.48,115.1
4824,9.6,164.2,53.4,122.7
4825,2.2,130.2,52.07,112.6
4826,32.2,181.6,62.57,124.7
4827,11.8,205.2,46.89,119.3
4828,23.4,147.7,55.13,121.7
4829,6.4,190.2,38.44,111.7
4830,1.1,201.1,56.29,128.1
4831,37.5,213.5,49.27,108.4
4832,28,198.5,48.02,128.5
4833,24.4,195.2,54.72,131.4
4834,9.8,155.8,48.46,111.9
4835,32.3,173.9,64.1,119.9
4836,21.8,198.4,57.25,138.1
4837,71.1,157.4,47.46,119.1
4838,4.5,164.3,56.96,108.3
4839,4,233.3,41.91,109.8
4840,60.5,208,56.54,133.1
4841,83.3,203.1,54.47,112.7
4842,6.9,189.5,61.64,132.9
4843,11.9,169,47.59,125.5
4844,5.9,164.3,53.8,113.9
4845,6.6,164.7,51.4,124.7
4846,11.2,175.4,49.33,112.2
4847,8.8,183.5,49.85,128.4
4848,10.5,211.9,39.49,101.2
4849,67.4,151.7,43.29,94
4850,3.9,196.3,48.89,132.7
4851,61.2,192.6,54.71,118.1
4852,26.7,216.8,50.77,123
4853,1.7,183.1,56.32,135.4
4854,0.6,203.2,50.45,125.8
4855,11.8,154.8,46.89,96
4856,13.5,167.7,51.6,110.2
4857,22.9,195.1,62.72,131.4
4858,1.8,157,50.5,108.4
4859,19,181.4,51.89,119.1
4860,20.1,194.7,50.84,133.4
4861,83,153,62.48,122.4
4862,23,211.7,57.35,134.8
4863,110.1,158.4,42.74,95.8
4864,71.2,154.3,49.76,107.5
4865,86.5,141.6,53.76,117
4866,94,180.9,49.95,124.3
4867,40.6,213.7,50.09,122.3
4868,47,163.8,53.85,124.7
4869,11.5,196.4,51.17,126.3
4870,6.1,188.4,53.34,108.2
4871,7.8,169.6,54.24,94.9
4872,37.5,182,58.66,132.4
4873,7.5,210.6,55.12,118.6
4874,1.3,183.1,55.91,128.9
4875,1.2,179.4,49.19,127.7
4876,33.7,167.5,62.57,125
4877,19.9,158.9,44,100.7
4878,9.7,169.3,46.63,99.8
4879,7.3,181.1,38.63,93.2
4880,1,184.9,49.32,99.7
4881,37.2,158.6,53.97,128.2
4882,4.3,162.7,49.48,127.3
4883,8.7,184.3,58.25,136.4
4884,23.6,160.4,49.24,117.7
4885,33.7,192.4,60.04,116.1
4886,34.8,203.6,48.8,121.8
4887,14.8,185.4,42.41,94.1
4888,36.5,162.9,56.27,101.9
4889,32.8,166.4,49.93,114.9
4890,6.6,207.4,48.64,123.6
4891,9.1,210.7,50.02,120.5
4892,13.7,169.5,50.1,95.9
4893,8.4,165.4,62.1,118
4894,23.7,188.9,56.97,133.3
4895,5.4,138.8,58.03,109.2
4896,24.7,190.9,53.48,136.5
4897,1.7,195.2,46.73,111
4898,70.8,202.6,47.88,111.3
4899,69.4,181.1,48.61,101.6
4900,1.8,211.3,46.38,118.1
4901,80.1,190.7,44.72,96.2
4902,25.3,176.7,57.92,146.3
4903,9.9,186.2,60.16,144
4904,54.3,123.8,41.13,84
4905,11,190.9,50.74,114.8
4906,59.2,184.5,45.21,99.8
4907,6.5,143.3,61.61,123
4908,33.1,142.3,52.65,106
4909,40.5,179.6,53.97,120.8
4910,31.9,186,57.26,130.2
4911,134.8,185.8,61.16,138.2
4912,12.5,192,56.51,126.2
4913,3.2,141.8,41.33,82.7
4914,27.6,151.6,60.31,111.3
4915,14.3,178,55.03,115.4
4916,33,154,62.39,144
4917,17.2,162.9,55.98,114.4
4918,20.2,184.2,45.12,97.6
4919,101.1,160.5,44.96,92.3
4920,8.9,149.8,47.41,94.8
4921,12.4,182.2,43.54,121.8
4922,7.6,180.2,61.11,107.8
4923,2.1,159.1,47.97,83.1
4924,0.5,184.2,58.03,129.9
4925,44.4,168.8,61.03,116.4
4926,5.6,191.4,47.56,111.3
4927,40.7,209.5,35.17,100.5
4928,22.3,149.3,53.26,122.7
4929,50.2,199.2,43.38,115.9
4930,40.9,171.9,54.55,118.2
4931,79.1,159.5,51.06,117.2
4932,34.1,189.5,50.78,110.3
4933,49.4,188.3,53.37,128.5
4934,17.9,207,44.67,119.9
4935,0.8,196.6,47.83,100
4936,64.6,185.6,43.69,105.2
4937,18.2,218.8,51.18,136.6
4938,25.9,163,48.17,103.2
4939,67.2,199.9,41.63,101
4940,26.8,147.1,38.2,106.6
4941,82.7,189.8,53.46,129.7
4942,4.2,184.1,50.61,128.8
4943,31.9,167.9,59.23,114.4
4944,49.7,192.1,46.28,114.2
4945,88.9,142.2,54.2,123.4
4946,31.2,189.8,46.48,100.2
4947,25.4,169.2,56.88,123.4
4948,14.3,192.6,37.17,79.8
4949,15.6,159.7,50.51,103.8
4950,27,160.3,45.32,116.2
4951,31.4,159.2,44.57,91
4952,16.6,160.7,45.96,91.6
4953,33.2,176.7,50.61,108.9
4954,8.4,135.4,49.54,89.8
4955,77.7,191.5,43.41,119
4956,26,140.3,53,106.1
4957,86.8,149.9,49.9,109.4
4958,26.6,173.4,36.28,83
4959,16.3,163,54.75,127.5
4960,9.3,158.9,55.99,109.9
4961,32.4,213,45.12,111.4
4962,0.6,185.6,52.77,121.4
4963,34.3,174.9,40.49,114.9
4964,19,174.8,42.1,118
4965,12.2,157.9,56.51,123.7
4966,18,169.9,43.01,107.3
4967,3.1,186.7,58.93,127.4
4968,17.4,145.7,42.95,98.2
4969,17,155.8,51.65,125
4970,20.4,183.9,55.69,120.3
4971,1.5,172.6,54.89,110.3
4972,17.1,193.7,43.11,117.6
4973,30.2,194.8,55.71,124.5
4974,2.7,172.6,59.63,119.8
4975,6.2,152,50.72,117.7
4976,15.5,183.7,54.09,135.1
4977,2.3,178.9,61.76,132.8
4978,11.7,119.1,30.74,68.4
4979,46.7,178.6,55.21,127.4
4980,6.8,160.1,47.73,93.3
4981,1.9,168.2,46.71,111.5
4982,1.8,174.4,48.9,105.3
4983,51.3,187.7,53.89,126
4984,45.8,168.2,53.49,103.5
4985,44.4,172,51.09,117.1
4986,2.9,168.8,50.71,117.6
4987,63.8,168.2,48.07,113.1
4988,41.8,174.7,44.51,96.2
4989,4.3,199.8,57.1,124.4
4990,5.3,193.3,54.42,128.9
4991,11.4,170.8,41.75,115.2
4992,66.6,212.1,64.09,144.7
4993,25.7,221.7,61.83,122.1
4994,20,185.2,50.67,122.2
4995,11.1,138.4,45.98,98.4
4996,33,176.1,43.05,107
4997,14.8,209,38.58,105.5
4998,14.8,196.8,64.35,131.4
4999,7.1,199.5,43.72,105.1
5000,6.8,161.1,49.08,117.9
5001,0.3,182.7,57.41,117.5
5002,1.1,191.7,51.94,124.2
5003,1.8,147.8,51.35,103.6
5004,40.8,144.3,50.5,108.9
5005,6.9,182.2,40.32,116.2
5006,16.5,203.2,41.23,110.6
5007,2.9,154.1,57.38,117.8
5008,10.8,216.2,57.2,130.6
5009,52.2,148,39.72,88.9
5010,12.5,171.2,48.37,105.4
5011,49.9,184.2,67.7,143.6
5012,33.1,192.8,60.05,137.5
5013,51.7,196.8,40.84,98.5
5014,10.5,173.3,58.3,119.2
5015,14.6,188.6,48.47,135.4
5016,23.1,146.5,54.15,129.7
5017,41.1,193.1,46.17,112.3
5018,26.6,157.2,48.19,106.4
5019,7,167.5,36.3,98.5
5020,12,156.8,57.6,98.2
5021,3.7,176.5,54.08,113.9
5022,16,200.6,65.96,151.8
5023,11.8,172.4,51.58,112.9
5024,0,193.7,62.15,144.1
5025,4.4,144.6,40.77,84.1
5026,23.7,209.4,41.73,107.6
5027,32.8,206.7,47.18,133.5
5028,43.9,170.2,44.69,95.7
5029,105.1,197.9,37.04,108.8
5030,37.7,178.4,43.62,101.9
5031,2.6,230.1,55.98,135.5
5032,15,133.8,47.31,102.6
5033,10,193.2,52.04,129
5034,10.2,154.8,45.98,106.7
5035,63.6,190,50.5,113.2
5036,4.4,176.6,44.91,122.2
5037,92,190,56.32,136.2
5038,1.9,202.2,56.39,115
5039,18.3,167.1,45.3,107.1
5040,62,168.9,57.92,123.3
5041,2.4,203.1,60.69,133.4
5042,25.3,181.1,51.91,121
5043,15.9,212.5,41.85,94.6
5044,8.8,182.3,57.62,132.4
5045,16.4,190.8,45.88,94.8
5046,39.4,186.2,52.16,124.9
5047,63.4,135.5,52.83,95.7
5048,43.3,197.8,47.21,117.1
5049,26.1,195.5,44.64,121.1
5050,6,142.7,55.4,122.1
5051,67.5,169.1,53.58,119.2
5052,0.1,168.8,46.59,121.1
5053,13.3,161.6,62.82,112.4
5054,16.7,206,46.45,97.4
5055,40.3,167.9,50.28,104.5
5056,14.1,186.7,55.55,117
5057,0.4,153.8,47.79,112.3
5058,10.4,185,54.05,120.2
5059,12.9,176,47.59,114.9
5060,10.3,181,49.11,110.8
5061,1.2,198.2,42.93,116.2
5062,50.3,159,45.14,110.7
5063,10.9,191.8,50.29,112.5
5064,19.4,202.7,45.86,115.8
5065,22.5,187.7,49.73,124.6
5066,0.6,201.2,42.19,110.3
5067,36.7,209.4,53.56,140.9
5068,59.8,167.6,49.33,95.8
5069,1.3,192,57.13,105.8
5070,10.7,191,50.74,124.8
5071,15.7,154.9,53.44,100.7
5072,11.7,147.9,46.4,104.9
5073,17.3,196.2,54.12,107.5
5074,14.6,156.6,50.46,99.9
5075,16.3,163.8,56.21,123.8
5076,16.4,161.9,56.51,120.4
5077,12.8,207.3,39.97,99.2
5078,20,166.8,46.43,105.4
5079,18.9,159.6,52.32,115.2
5080,5.4,175.8,47.87,116.3
5081,6.2,173.1,48.89,104.1
5082,53.9,176.6,46.44,113.3
5083,28.5,158,64.83,126.6
5084,49.1,183.6,48.55,112.9
5085,0.8,175,61.4,130.4
5086,2.8,192.2,49.14,110.6
5087,20.6,197.7,48.88,123.2
5088,0.7,156.9,50.05,106.1
5089,50.7,176.1,39.91,115.9
5090,47.6,177.3,50.46,99.9
5091,12.5,153.5,50.73,114.7
5092,7.3,211.4,59.14,132.8
5093,8.1,150.2,45.33,93.9
5094,24.5,212.4,51.25,128.6
5095,5.7,166.6,46.5,109.2
5096,8.1,215.7,55.95,135.1
5097,30.3,191.5,46.18,112.6
5098,51.9,188.6,51.11,122.7
5099,14,191.5,54.79,133
5100,16.7,203.1,50.62,115.7
5101,5,192.2,50.4,112.6
5102,23.7,198.6,47.58,106.6
5103,18.2,183.9,55.58,122.4
5104,7.3,183.6,53.76,129
5105,13.2,172.1,45.82,102
5106,34.1,181.8,56.8,136.9
5107,87.7,203.7,46.24,120.1
5108,11.7,132.7,52,111.8
5109,18.4,196,52.69,122.2
5110,28,166.9,56.28,134.9
5111,8.5,178.2,49.99,125.7
5112,0.6,213.6,48.41,106.3
5113,13,138.2,57.62,102.8
5114,0.2,133.3,51.96,118
5115,24.1,196.2,45.67,106.7
5116,23.1,169.3,55.65,106.7
5117,9.1,179.1,41.79,111.8
5118,34.7,191.4,59.8,132.6
5119,13.3,191.5,57.34,128.4
5120,33.6,182.5,44.74,90.8
5121,15.4,175.1,41.01,89.6
5122,1.1,189.7,44.68,118.4
5123,6.7,152.7,55.42,101.4
5124,14.4,214.6,60.73,146.8
5125,13.6,198.5,50.95,108.3
5126,18.7,197.3,59.73,144.1
5127,6.3,149.8,59.79,112.8
5128,13.9,198.5,59.39,138.3
5129,0,189.1,54.85,132.3
5130,6,163.5,54.97,123.4
5131,13.4,169.9,55.89,106.7
5132,22.7,209.3,47.45,125.5
5133,53,172,40.58,99.8
5134,23.8,189.8,52.47,118.6
5135,1.1,139.8,53.1,115.2
5136,74.7,172.2,48.03,110.9
5137,10,170,52.69,118.5
5138,17.2,156.7,45.15,101
5139,21.1,174.8,42.42,116.9
5140,57,199.7,44.55,113.5
5141,65.9,213.2,48.24,126.1
5142,12.7,148.3,51.06,116
5143,29.4,148.2,43.95,111.8
5144,3.7,161.7,36.37,106.1
5145,48.5,186,47.39,118.9
5146,25.8,193,47.16,111.3
5147,6.8,173.2,46.18,121.1
5148,7.4,203.5,54.3,109.9
5149,1.2,166.4,46.36,113.1
5150,6.7,210.1,42.32,125.1
5151,14.2,165.5,46.16,87.4
5152,19.9,167.4,37.29,85.9
5153,44.7,203,50.43,114.3
5154,19.2,183.4,50.29,90.7
5155,44,204.4,47.77,115.7
5156,48.5,184.5,51.97,95.1
5157,22.5,134.7,63.98,123.8
5158,24.3,194,63.53,134.3
5159,1.1,190.5,43.41,108.7
5160,4.5,154.6,53.47,115.4
5161,30.1,182.4,58.73,124.4
5162,19.4,176.3,50.08,122.7
5163,73.5,177.7,50.11,119.8
5164,30.8,165.3,46.55,101.4
5165,42.1,185.7,55.61,127.1
5166,12.2,159.9,58.39,110.4
5167,12.7,186.3,48.4,125.2
5168,9.7,179.3,49.79,116
5169,139.2,168.4,56,110.8
5170,10.6,184.8,50.43,116.4
5171,69.7,192,42.41,122.8
5172,28.7,177,47.77,128.7
5173,1.8,182.9,51.25,112.5
5174,8.1,175.7,59.5,107.7
5175,4.3,141.6,43.88,121.8
5176,26.7,164,43.63,112.7
5177,3.3,195.5,50.31,110.6
5178,82.8,210.9,53.85,129.3
5179,25,142.1,54.71,104.9
5180,2.8,208,56.63,122.2
5181,18.4,178.3,39.71,106.1
5182,25.1,186.6,67.3,126.4
5183,1.1,197,55.99,110.7
5184,28,203.7,48.07,128
5185,17.5,190.9,51.17,115.2
5186,47.2,192.7,44.14,109.6
5187,18.7,162.9,50.44,118.5
5188,18.9,189.9,46.11,115.6
5189,25.3,176.8,59.72,124.7
5190,45.6,171.2,45.55,104.5
5191,12.2,182.8,35.3,99.3
5192,30,169.1,45.89,107.9
5193,13.9,196.1,54.27,121.1
5194,25.5,150.7,51.58,110.9
5195,16.9,193.5,48.82,122.9
5196,43.4,166.8,64.63,111.8
5197,74.1,205.6,49.32,124.6
5198,7.3,169.7,52.2,110.9
5199,14.7,197.2,46.34,107.3
5200,55.5,215.6,46.1,117.2
5201,6.3,203.5,50.5,138.1
5202,10.5,146,50.53,102.5
5203,9,158.4,49.09,114.3
5204,55.8,193.9,48.96,108.7
5205,29,217.8,41.7,117.2
5206,10.1,172.6,54.07,106.1
5207,16.1,162.9,42.36,87.2
5208,18.2,187.3,45.44,106
5209,12.9,200,53.3,139
5210,2.5,159.8,51.7,122.1
5211,1.3,176.5,39.69,109.8
5212,0.5,141.8,51.67,103.9
5213,6.4,174.1,45.68,115
5214,13.1,130.2,50.6,93.3
5215,0.2,187.4,50.69,130.2
5216,19.7,172.9,48.82,100.3
5217,7.1,170.8,50.6,108.2
5218,24.3,177,41.13,95
5219,3.2,202.1,43.72,107.4
5220,32.5,181.5,59.01,134.9
5221,4.6,186,42.73,112.7
5222,4.9,158.3,56.33,125.4
5223,70.7,160.3,49.83,108.4
5224,31.9,197.3,51.84,111.1
5225,16.2,174.6,45.91,113
5226,40.3,191.4,51.77,130.5
5227,13,166.9,56.53,128.8
5228,30,186.9,49.43,106.2
5229,36.3,185.8,45.93,127.9
5230,40.6,159.5,59.77,118.9
5231,31.6,203.5,36.99,100.2
5232,7.1,193.9,52.74,120.1
5233,13.5,182.7,49.19,125.7
5234,11.1,182.8,55.57,116.2
5235,11.5,189.2,57.72,120.6
5236,96,144.5,47.17,93.4
5237,3,190.1,59.56,139
5238,25.3,194.9,43.24,102.1
5239,47.9,204.5,53.83,134.1
5240,38.5,169.9,45.27,107.2
5241,19.7,156.1,58.58,121.6
5242,19,153.2,54.51,96
5243,10,192.8,54.96,117.5
5244,20.8,169,45.09,126
5245,37.4,185.7,45.85,120.4
5246,54,169.4,59.72,117.5
5247,47.9,194.4,47.41,114.2
5248,14.5,208.9,46.9,111.8
5249,4.8,152.5,46.78,98.1
5250,19.6,205.2,58.54,126.8
5251,9.4,209.8,58.05,131.5
5252,42.3,132.4,54.52,111
5253,2.4,165.8,61.36,96.1
5254,5.4,175.2,49.85,119
5255,11,173.9,48.65,96.4
5256,22.9,173.7,56.63,96.5
5257,5.3,166.9,57.41,125.5
5258,4.9,192.7,66.04,124.6
5259,17.8,198.4,45.74,108.5
5260,72.6,168.9,51.9,129.3
5261,39.9,189.6,46.48,117.3
5262,7.2,186.2,49.46,112.5
5263,7.4,180.8,44.17,103.3
5264,10.4,186,46.94,121.7
5265,25,166.9,43.18,91.3
5266,8.9,169.2,47.72,92.3
5267,1.3,190,48,128.3
5268,51.4,160.7,41.3,93
5269,18.8,213.9,50.67,127.8
5270,30.2,185.7,49.79,113.7
5271,23.7,165.4,51.75,104.8
5272,21.9,177.3,50.38,122.1
5273,29.5,212.3,43.77,127.7
5274,12.6,190.9,55.34,130
5275,26.3,178.8,50.27,105
5276,9.9,155.6,56.25,108.5
5277,2.9,168,52.72,119.7
5278,17.3,169.5,48.87,119.2
5279,11.9,150.1,53.54,101.4
5280,16.6,152.2,41.05,91.2
5281,10.5,198.8,59.28,135.5
5282,21.8,196,36.51,111.1
5283,11.3,212.3,51.87,123.5
5284,15.7,191.1,43.56,119.9
5285,97.3,156.5,52.8,118.4
5286,8.5,176.5,41.1,91.4
5287,49.1,180.6,36.76,97.5
5288,41.4,154.6,49.83,92.3
5289,5,186.3,43.6,118.8
5290,27.8,183,39.58,96.8
5291,2.1,232.2,40.42,116.1
5292,18.7,170,46.34,103.9
5293,18.9,165,45.49,87.7
5294,7,185.7,44.42,106.1
5295,45.2,192,53.05,122.9
5296,30.2,162.5,44.46,99.3
5297,7.3,185,55.32,111.5
5298,41.5,179.1,46.45,113.6
5299,26.6,159.9,55.21,109.1
5300,1.9,196.8,46.2,141.1
5301,3.3,130.3,63.7,113.4
5302,4.4,196.8,62.13,138.5
5303,90.8,164.3,49.71,114.6
5304,5.8,202.6,53.85,104.5
5305,40.9,222.9,59.1,132.7
5306,1,170,48.95,122.5
5307,49.4,192.5,50.24,108.5
5308,18.9,183.3,63.37,135.3
5309,1.4,199.5,42.71,122.8
5310,23.2,153.8,52.82,105.5
5311,15,183.4,52.96,118.9
5312,11.5,165.6,41.66,104.9
5313,15.4,159.8,57.94,115.8
5314,36.7,197.5,55.29,132.6
5315,78.9,217.4,42.74,109.9
5316,25.7,175.6,50.83,127.8
5317,9.9,174.2,51.55,114.7
5318,14,197.4,51.81,126.2
5319,42,182.2,47.58,121.8
5320,26.1,185.2,59.22,132.2
5321,22.4,180.9,54.55,115.6
5322,2,180.1,55.74,123.8
5323,88.5,199.7,56.8,127.1
5324,0.4,218.6,47.83,115.2
5325,12.2,191.8,44.49,113.7
5326,17.8,169,48.92,112.3
5327,3.7,173.3,39.79,88.6
5328,62.4,162,47.5,114.1
5329,17.3,192.8,45.72,111.8
5330,14.8,171.4,59.95,115.9
5331,12.5,179.2,44.38,112
5332,15,171,43.03,108.3
5333,18.8,197,54,127.5
5334,58.2,164.9,51.72,117.5
5335,1.7,147.6,43.87,97.5
5336,47.6,192.3,53.22,96
5337,4.3,144.3,40.34,99.6
5338,71.7,162.5,64.77,122.8
5339,32.1,161.6,60.98,121.9
5340,7.1,169.4,43.81,107.6
5341,20,201.1,48.26,119.3
5342,17,177,53.67,148.8
5343,24.2,174.2,63.37,126.4
5344,52.2,170.9,53.24,110.5
5345,1.5,161.1,57.81,112
5346,63.1,214.4,52.16,122.6
5347,13.8,184.4,55.03,126.7
5348,5,182.9,47.1,120.6
5349,21.9,173.6,38.91,109.3
5350,8.3,191.8,47.35,121.2
5351,31.9,206.2,64.08,131.2
5352,12.2,159,50.99,112.5
5353,29.6,224,49.91,135.8
5354,3.2,175.8,35.15,82.4
5355,19.4,212.7,56.2,140.3
5356,16.8,169.8,49.09,104.4
5357,7.9,131.6,38.27,88.1
5358,5.1,193.5,43.34,97.9
5359,24,129.2,41.21,110.3
5360,6.4,179.2,47.15,110
5361,52.4,167.3,61,110.7
5362,19.6,147.4,52.08,110.7
5363,32.3,171.2,48.79,141.8
5364,18.8,208.9,53.78,140.5
5365,1,181.6,48.19,110.2
5366,67.7,193,50.26,112.5
5367,8.3,162,54.22,110.4
5368,50.6,198.7,58.16,123.3
5369,32.5,199,57.68,137.9
5370,12,209.3,34.86,102.8
5371,40,157.4,39.92,79.5
5372,34.9,201.1,43.02,114.9
5373,0.7,175.5,51.27,112.2
5374,0.7,157.8,53.02,116.9
5375,5.1,180.2,44.07,105.7
5376,71,181.6,45.88,108.2
5377,21.2,163.2,45.08,90.9
5378,22.9,175.9,59.46,116.5
5379,54.6,174.9,62.57,123.8
5380,10.4,198.7,53.53,141.2
5381,11.9,163.4,52.25,105.4
5382,1.3,152.2,52.65,113.9
5383,15,209.8,48.11,135.9
5384,23.2,180.7,54.13,140.8
5385,26.9,180.8,58.74,122.6
5386,27.9,181.7,53.56,123
5387,20.3,166.8,49.93,116.9
5388,8.7,176.8,47.97,117.3
5389,19.2,187.5,53.72,115.3
5390,27.4,139.6,48.91,76.9
5391,16.6,194.9,55.77,116.7
5392,9.3,205.1,42.12,109.1
5393,12.8,169.4,57.77,125.5
5394,9.4,170.7,43.01,106.7
5395,31,173.7,55.47,117.6
5396,12.6,184.5,56.12,129.8
5397,15.7,175.8,50.46,124.1
5398,1.2,183.2,46.63,98
5399,10.7,200.6,45.76,115.4
5400,49.7,168.5,39.41,87.9
5401,24.2,153.4,58.42,119.1
5402,1.5,208.2,44.46,123.8
5403,4.2,184,48.38,113.6
5404,5.9,182.2,53.75,114.8
5405,26.1,172.7,66.19,131.9
5406,13.1,184.5,48.37,100.8
5407,37.5,161.2,60.33,111.9
5408,5.1,175.2,64.11,144.3
5409,26.6,211.8,46.92,112.6
5410,6.8,155,52.17,104.9
5411,11.5,180.2,43.47,94.3
5412,8.8,161.6,45.46,112.5
5413,11.8,182.7,51.73,117.3
5414,62.1,170.4,53,111.8
5415,22.8,193.9,51.75,114.5
5416,10.2,165,60.7,122.2
5417,19.8,163,41.01,103.2
5418,0.6,176.7,42.52,123.1
5419,25.2,158.5,51.72,103
5420,5.4,155.9,53.96,125.6
5421,7.4,187.9,59.76,129.5
5422,9.4,171.2,48.21,107.3
5423,31.2,151.4,51.92,117.1
5424,85.4,146.8,47.35,96.8
5425,112.1,173.6,48.42,98.8
5426,51,139.9,38.4,69.9
5427,6.5,209.5,48.62,122.4
5428,15.1,157.8,51.88,119.7
5429,18.8,155.1,42.06,110.9
5430,30.9,166.6,52.31,120.3
5431,13.4,218.9,48.61,122.8
5432,0.6,168.3,54.3,109.9
5433,9.8,185.3,47.63,98.3
5434,55,160.6,43.14,107.6
5435,23.7,185.7,48.48,104.6
5436,24.7,194.3,57.78,125.8
5437,2.5,152.9,41.54,86.5
5438,4.3,185.5,58.57,120.3
5439,53.1,207.7,48.97,134.5
5440,4.4,161.2,51.44,114.3
5441,33,176.5,61.08,123.9
5442,1.7,189,53.42,130.9
5443,6.9,168.9,44.08,106.8
5444,41.6,183,59.1,129.7
5445,22.7,154.4,52.68,104.2
5446,34.9,168.4,41.85,99.5
5447,3.8,210.3,54.31,130.7
5448,14.1,141.6,43.23,91.5
5449,94.2,159.5,40.79,87.7
5450,48.2,219.8,52.32,119.2
5451,18.2,190.3,63.06,128.6
5452,23.1,187.2,47.79,121.8
5453,4.2,187.9,63.25,131.2
5454,23.5,207,50.31,122.8
5455,17.1,185.4,51.41,125.5
5456,12,168.1,49.79,116.8
5457,108.3,176.2,46.34,108.3
5458,17.8,160.7,48.12,119.1
5459,53.5,171.7,45.81,112
5460,43.3,158.9,57.19,103.3
5461,7.4,190.6,33.94,101
5462,4.6,191.4,46.61,99.4
5463,42.6,189.4,49.69,119.4
5464,7.1,170,51.49,124.9
5465,88.8,189.9,47.72,121.9
5466,14.7,166.6,53.82,125.8
5467,10.9,180.3,51.63,115.7
5468,23.6,172.2,52.73,115.9
5469,7,184.3,38.85,102.9
5470,7.6,173.4,58.48,115.5
5471,19.7,168,45.43,101.8
5472,18.2,216.7,58.2,130.2
5473,6.5,191.1,45.16,115.3
5474,1.6,174.4,38.27,92.2
5475,12.4,200.2,48.82,118.7
5476,7.5,209.6,44.08,104.1
5477,19.9,118.1,39.03,74.5
5478,56.7,143.8,52.26,80.9
5479,15.8,202.1,53.67,115.3
5480,31,215.5,36.27,87.6
5481,47.4,194.2,54.91,125.1
5482,14.8,174.6,44.11,109.7
5483,31.5,195.1,60.89,150.8
5484,36.7,201,51.97,113.2
5485,52.6,191.5,51.14,125
5486,19.4,158.3,44.92,87.2
5487,10.1,188,49.52,113.7
5488,4.4,179,47.89,135.1
5489,11,170.6,44.74,107
5490,69.7,203.9,46.95,120.7
5491,44.9,188.3,54.79,125.2
5492,5.6,178.3,35.2,91.3
5493,8.4,173,63.19,134
5494,21.3,171.4,58.87,124.4
5495,18.2,170.7,51.7,120.9
5496,0.3,175.4,40.09,94.5
5497,84.8,213.6,45.96,113.8
5498,30.8,211.2,53.52,117.9
5499,26.5,146,45.46,84.7
5500,0.2,200.3,44.37,117.5
5501,6.2,156.8,47.9,98.2
5502,16.9,189,42.8,109.3
5503,69.7,155.7,50.51,97.6
5504,18.9,138,51.89,108.8
5505,29.1,199.1,43.54,115.4
5506,30,169.2,43.39,99.2
5507,6.1,168.3,46.14,119.7
5508,30.2,182.9,47.87,119.6
5509,45.4,133,51.38,107.6
5510,1.7,215.7,39.77,113.1
5511,32.2,182,49.33,99.9
5512,9.8,171.9,49.17,102.5
5513,4.1,144.8,47.53,83.7
5514,4.9,175.8,56.91,118.5
5515,10.3,190.1,42.19,112.9
5516,5.5,143.6,51.61,112
5517,30.4,202.4,37.82,119.3
5518,22.6,176.5,46.75,118.6
5519,11.3,194.9,55.8,128.4
5520,45.2,199.8,49.88,112.9
5521,45.4,189.2,52.15,113.6
5522,13.5,175.8,51.04,91.8
5523,10,148.5,43.96,94.3
5524,1.5,192,59.63,139.7
5525,0.5,159.4,51.61,130.8
5526,5.5,163.9,43.72,101.7
5527,13.8,187.6,50.03,116.2
5528,15.2,171.8,43.02,104.3
5529,1.2,234.2,42.67,122.9
5530,27.4,144.7,41.87,95.1
5531,8.2,190.6,58.9,137.3
5532,2.1,156.5,54.85,114.5
5533,13.8,207.8,50.9,128.8
5534,5.2,201.5,46.49,108.8
5535,28.1,169.5,53.59,111.8
5536,18.4,199.3,53.44,125.3
5537,2.4,185.3,53.97,124.6
5538,59.4,204.6,53.98,107.5
5539,32.2,215.2,41.58,121.7
5540,8.1,174,40.98,91.4
5541,14.1,181.1,57.44,140.3
5542,24.6,171.5,50.4,102
5543,9.5,159.1,53.94,101
5544,40.4,162.5,41.31,118.1
5545,37.1,193.7,48.4,109
5546,54.9,190.9,53.59,120.6
5547,173.9,162.5,54.73,133.8
5548,72.3,189.8,47.37,118
5549,30.1,186.9,56.38,128.5
5550,21.4,205.1,50.41,129.4
5551,6.4,171.6,40.1,95.1
5552,94.7,175.4,55.54,134.4
5553,31.8,179.5,41.16,92.1
5554,61.4,145.3,55.09,101
5555,4.9,199.3,51.63,125.6
5556,7.9,210.6,53.55,127.4
5557,18.6,179.3,50.4,115.6
5558,1.9,168.8,63.16,125.1
5559,12.5,246.8,48.81,145.9
5560,10.4,189.8,35.15,100.4
5561,17,202.5,50.55,121.8
5562,1,205.6,43.55,120.2
5563,14,185.4,42.4,117.1
5564,11.1,174.7,53.12,98.5
5565,21.8,178.9,52.27,112.1
5566,2.8,196.6,36.37,98.7
5567,14.5,155.1,57.69,112.6
5568,2.9,208.1,42.18,120.3
5569,0.3,163.6,44.73,105.8
5570,6.1,159.6,54.14,124
5571,7.4,174.6,50.46,124.5
5572,10.9,187.3,51.69,106.2
5573,20.6,194.9,48.22,101.7
5574,8.1,183.4,47.16,108.1
5575,89.7,225.6,47.33,122.9
5576,6.5,181.3,51.8,120.4
5577,9.5,187.8,45.39,113.5
5578,9.2,193.2,50.4,138.6
5579,48.6,162.6,50.59,116.2
5580,8.9,171.1,43.79,103.4
5581,11.7,154.9,41.36,98.1
5582,18.4,195.2,45.64,130
5583,3.5,170.8,47.5,122.1
5584,52.3,227.7,57.21,127.3
5585,1.8,187.7,57.54,123.9
5586,23,190.1,49.1,116.9
5587,57.1,207.4,48.89,119.6
5588,12.1,168.7,51.46,122.3
5589,34.4,210.4,49.66,142.4
5590,34.2,172.7,58.54,120.3
5591,36.4,156.6,47.74,110.5
5592,6.2,187.8,46.75,111.9
5593,11.2,165.8,43.52,76.1
5594,18.6,191.4,49.31,133
5595,24.1,143.8,54.08,109.8
5596,11.6,158.4,57.14,117.6
5597,13,186.3,45.7,107
5598,0.6,155.7,49.88,79.4
5599,27.2,228,42.87,118.1
5600,21,146.7,51.2,96.9
5601,11.1,204.7,48.77,108.9
5602,32.9,153.7,48.08,97.4
5603,24.4,236.9,46.8,129.4
5604,16,140.7,53.09,125.8
5605,26.5,166.9,53.5,137.5
5606,63.9,211.5,38.71,113.3
5607,9.6,160.3,55.48,119.7
5608,56.2,165.9,53.01,109.3
5609,11.9,161.1,59.29,134.8
5610,35,187,55.55,126.4
5611,2.4,182.4,57.43,110.1
5612,19.9,175.7,45.27,101.6
5613,18.1,209.2,45.2,117
5614,4.2,187.3,54.5,115.1
5615,23,161.9,43.98,113.7
5616,12.4,171.1,46.62,111
5617,24.7,188.5,46.48,99.9
5618,11.5,159.4,69.23,126
5619,5.9,209,57.81,142.9
5620,4.5,203.7,51.24,117.6
5621,9.6,210.3,53.67,127
5622,58.2,183.3,48.67,113.9
5623,22,176.7,40.29,99.1
5624,4.4,201.9,56.18,123.1
5625,7.3,160.7,49.65,112.6
5626,76.3,182.8,34.4,89.6
5627,3.5,185.5,61.2,129.5
5628,16.7,188.8,49.63,121.2
5629,1.2,209,51.19,117.4
5630,16.5,168.7,45.6,104.8
5631,14.3,178.5,59.19,120.8
5632,26.5,184.4,55.54,114.8
5633,20.5,183.4,63.22,126
5634,2.9,199.5,53.98,138.8
5635,14.5,172.9,48.56,104
5636,7.2,202.5,56.31,124.9
5637,6.6,207.2,56.17,117.7
5638,19.3,153.6,58.64,117.8
5639,12.3,167.2,57.65,131.7
5640,38.8,237.4,48.46,122.2
5641,14.9,183,56.79,116.7
5642,13.2,172.1,52.15,105.5
5643,12.4,232.5,46.55,131.9
5644,36,180.4,64.24,134.6
5645,3.1,171.8,48.22,113.7
5646,23.5,160.1,56.14,128.6
5647,2.7,193.7,49.18,119.5
5648,27.2,165.1,53.93,127.6
5649,4.5,183.2,44.03,103.7
5650,12.2,170.2,58.36,117.6
5651,15.1,156.2,54.45,109.9
5652,39.9,185,56.74,113.8
5653,3.2,158.4,41.77,103.8
5654,9.4,188.1,43.23,122.5
5655,9.1,196,44.48,118.9
5656,27.3,194.5,46.61,121.4
5657,29.6,153.4,56.9,118
5658,2.5,182,45.14,90.4
5659,44.9,187.1,43.33,100.1
5660,2.3,194.9,44.75,89.2
5661,6.2,193,59.22,142.7
5662,17.4,226,51.19,118.4
5663,25.7,178.1,40.56,101.2
5664,20.3,193.1,59.23,138
5665,18.5,173.3,39.56,89.2
5666,17.8,155.3,48.04,96.2
5667,3.1,140.8,54.21,105.9
5668,22.2,198.1,56.04,110.6
5669,20,207.2,63.11,159.6
5670,19.2,164.7,44.25,105.4
5671,0.4,193.6,59.51,134.7
5672,3.5,186.5,44,103.9
5673,3.8,170.2,54,127.1
5674,1.4,201.7,53.04,130.9
5675,8,177.4,54.32,115.8
5676,19.2,161.1,51.59,88.5
5677,24.6,217,48.35,148.8
5678,7.6,156.9,53.95,132.2
5679,3.4,220.4,50.26,132.4
5680,20.4,203.7,51.44,146.2
5681,7.9,225.2,64.54,129.4
5682,112.5,157.9,47.11,99.8
5683,0.9,187.9,38.72,98.2
5684,52.8,160.4,58.06,125.4
5685,7,170.3,50.2,118.3
5686,6.7,175.3,48.66,108.5
5687,7,161.1,47.17,116
5688,26.3,196.5,41.21,99.3
5689,4.5,201.1,45.39,126
5690,16.2,177.3,48.3,109.6
5691,8.6,181.3,52.24,113.7
5692,3.3,178.6,46.91,114.7
5693,4.9,201.9,54.68,113.8
5694,15.8,191.7,55.95,122.9
5695,5.7,165.8,54.99,129
5696,4.5,173.8,52.31,117
5697,5.4,186.2,50.66,113
5698,25.6,177.8,58.26,135
5699,4.2,171.6,52.51,122.7
5700,55.8,195.3,50.24,123.5
5701,40,176.9,53.99,115.9
5702,35.5,202.7,54.01,123.4
5703,0.2,173.1,55.14,109.9
5704,14.5,192.1,56.38,120.3
5705,9.4,192.4,54.79,120.2
5706,1.3,172.4,47.09,120.6
5707,18.2,155.8,50.58,102.9
5708,54.4,187.2,54.96,130.6
5709,63.3,167.4,28.56,79.6
5710,68.2,175.8,54.06,119.5
5711,10.3,149.9,42.26,94.6
5712,32.3,178.9,43.73,109.6
5713,9.5,157.4,52.55,88.5
5714,10.9,190.8,49.49,134.7
5715,26.5,186.8,53.12,120.7
5716,13.9,180.5,54.14,105
5717,1.1,198.5,51.39,127.1
5718,5.3,164.4,37.49,91.3
5719,27,168.2,47.92,106
5720,71.2,181.5,50.9,109
5721,16.4,167.7,46.65,106.6
5722,7.4,150.3,59.26,106.9
5723,17.3,193.4,45.65,107.9
5724,22,186.5,40.3,102.4
5725,1.8,179.9,42.32,114.6
5726,14.9,201.2,43.55,110.4
5727,18.5,171.7,57.22,130.5
5728,5.9,205.5,41.05,123.9
5729,8,166.7,52.32,114.7
5730,50.9,168.7,60.36,124.4
5731,25.5,202.7,55.69,138.8
5732,23.7,172.9,60.95,107.7
5733,19.2,166.7,43.51,100.4
5734,47.1,210.6,54.43,118.9
5735,44.1,197.2,39.73,114.7
5736,14.8,180.3,55.27,123.3
5737,9.1,153.9,61.22,131.6
5738,3.1,204.8,55.72,126.9
5739,42.3,166.6,47.67,98.5
5740,3.2,192.3,52.5,110.7
5741,1.2,192.5,43.78,119.7
5742,27.8,223.8,48.31,132.9
5743,23.9,200.9,38.77,120.6
5744,30.8,170.9,52.35,106.3
5745,46.7,152.6,62.66,105.9
5746,1.7,182.6,49.29,111
5747,33.9,176.4,45.59,112
5748,22.2,159.7,42.66,99.3
5749,13.2,192.8,45.17,113.2
5750,4,183.9,47.68,101.1
5751,21,158.7,58.25,137.8
5752,49.8,221.1,50.11,124.3
5753,21.1,208.1,62.98,149.2
5754,31.7,155.6,44.05,93.6
5755,7.3,198.7,42.28,105.2
5756,5.8,153.3,44.58,107.8
5757,21.9,175.5,62.85,121.3
5758,12.3,199.5,51.57,124.6
5759,14.1,183.3,56.02,140.3
5760,6.2,175,43.46,117.4
5761,3.1,189.9,40.45,113
5762,32.1,183.4,40.87,111.6
5763,3.3,170,45.71,101.7
5764,1.7,160.7,52.38,103
5765,4.6,206.3,50.99,115.4
5766,38.6,153.7,48.54,117.4
5767,39.6,184.4,57.88,148.8
5768,18.5,185.9,40.88,101.6
5769,5.2,181,39.79,117.2
5770,19.6,191.4,53.1,118.4
5771,34.2,179.4,49.86,135.8
5772,2.8,174.2,56.66,121.4
5773,21,209.5,47.32,108.3
5774,13.2,182.4,56,127.1
5775,22.2,148.3,51.26,112
5776,2.8,189.9,51.23,119.3
5777,0,179.2,47.75,106.5
5778,70.3,184.2,50.49,100.1
5779,0.1,160.3,57.32,108.5
5780,5.5,195.6,58.1,115
5781,4.7,162.1,53.4,103
5782,2.1,178.3,46.05,99.6
5783,21.6,178.7,48.53,117.5
5784,25.7,162.5,47.68,115.1
5785,4.4,195.1,40.08,99.1
5786,6.3,187.7,51.41,103.5
5787,48.9,227.2,56.47,122.7
5788,16.9,168.3,51.27,108.5
5789,9.1,150.3,58.83,125
5790,19.3,185.3,58.56,116.9
5791,15.2,169.2,47.07,104.9
5792,7.5,194.1,40.25,98.2
5793,2.5,174.5,43.02,119
5794,38.3,198.7,51.53,125.8
5795,24.1,185,49.46,117.5
5796,74.2,186,43.72,115.7
5797,8.7,166,46.34,87.7
5798,0.2,155,55.16,115.2
5799,36.4,175.5,35.67,84.2
5800,18.6,167.9,53.47,113.3
5801,19.8,163.3,42.27,103.4
5802,44.2,199.5,54.24,135.5
5803,2.2,179,40.96,100
5804,21.9,175.4,66.45,129.9
5805,3.1,189,43.19,119
5806,20.8,169.8,50.02,110.2
5807,7.7,171.6,41.1,116
5808,24.5,195.1,54.62,126.9
5809,0.1,180.4,61.14,129.7
5810,25,189.8,62.38,112.7
5811,53.3,187,44.52,103.4
5812,12.1,150.6,41.21,95.3
5813,11.6,192.3,43.84,118.9
5814,54.1,169,63.22,109.1
5815,19.7,161.1,50.26,121.5
5816,8.9,168.8,49.72,119.7
5817,27.4,174.9,59.79,129.4
5818,4.5,144.9,62.68,116.5
5819,23.4,170.8,50.77,114.3
5820,24.6,169.5,49.77,123.8
5821,8.8,162,42.11,86.5
5822,13,179.4,46.18,105.1
5823,1.5,166.8,50.83,103.9
5824,31.8,200.1,50.77,128.9
5825,17.7,202,43.99,104.2
5826,26.2,184,48.12,121.3
5827,39.5,178.7,49.33,106
5828,15.4,181.3,51.43,105
5829,14.9,175.5,32.25,95.6
5830,5.9,170.8,55.58,112.8
5831,19.7,158.1,47.41,101.5
5832,53.4,170.1,44.86,108
5833,12.4,145.8,52.61,127.5
5834,35.6,199.2,54.59,132.9
5835,36.7,197.8,49.07,121.9
5836,10.7,184,48.18,129.9
5837,96.8,221.7,40.38,124.1
5838,25,210.5,48.98,125.5
5839,0.6,166.9,54.1,124.7
5840,21.1,149.9,65.47,130
5841,13.1,159.5,37.93,87.1
5842,2.8,210.3,46.4,121.4
5843,0.5,143,43.09,106.3
5844,10.7,197.2,51.38,134.2
5845,7.2,158.6,50.93,102.8
5846,8.1,186.7,54.39,132.5
5847,21,189.5,51.64,108.6
5848,15.4,194.7,48.18,112
5849,85.5,163.6,52.31,122
5850,36,190.5,53.79,127.2
5851,3.9,177,64.03,132.6
5852,18.8,160.2,47.2,118.9
5853,71.3,183.3,50.27,138
5854,7.8,182.7,46.26,117.6
5855,21.4,160.4,51.78,120.2
5856,6.9,166.3,50.41,117.9
5857,8.2,153.7,56,105.5
5858,9.3,147.2,49.93,131.4
5859,73.7,171.1,52.61,128.9
5860,7.9,119.3,56.01,77.6
5861,3,168.9,48.68,105.5
5862,79.2,167.1,54.55,118
5863,74.5,162.6,51.83,100.9
5864,47,160.7,58.12,113.9
5865,6.9,162.9,59.87,127.9
5866,4.3,175.3,45.8,102.7
5867,13.5,155.5,48.43,99.9
5868,49.8,178.6,51.71,126.6
5869,51.7,199.2,49.91,107.6
5870,14.2,203.5,48.17,96.8
5871,11.1,177.4,54.99,108.5
5872,6,176.8,47.87,118.8
5873,4.3,158.5,42.15,89.6
5874,41.6,204.7,46.2,124.4
5875,6.4,198.2,45.93,100.6
5876,8.2,178.2,57.18,114.4
5877,15.2,190.5,41,120.6
5878,5.8,176.3,49.15,103.8
5879,8.6,204,57.2,145.5
5880,9.5,144.3,47.83,82.2
5881,0.8,201.7,61.82,133.5
5882,12.3,151.6,47.52,123.6
5883,15,203.6,48.43,100.2
5884,5,176.3,41.97,89.4
5885,3.5,185.9,42.91,114.3
5886,10.6,188.3,52.19,105.9
5887,0.6,177.4,56.24,127
5888,16.2,193.7,48.06,125.6
5889,17.2,184.7,48.59,117.9
5890,7.1,171.7,49.3,98.9
5891,56.3,208,50.7,135.6
5892,25,184.9,48.95,109.5
5893,33,193.6,46.82,123.9
5894,14,187.7,62.95,140.9
5895,51.2,161.5,44.8,93.1
5896,23.9,155.3,55.96,139.5
5897,22.2,194.2,46.61,107.8
5898,32,186.6,48.49,146
5899,15.5,157.3,54.07,107.9
5900,2.2,197.6,52.19,104.1
5901,14.3,173.4,54.88,119.9
5902,22.7,180.9,46.33,128.4
5903,25.2,169,55.44,112.8
5904,45.4,194.2,38.84,96.6
5905,4.9,154.2,51.13,91.6
5906,16.7,205.7,66.57,150
5907,60.6,176.5,74.18,165.2
5908,7.1,173.5,49.98,116
5909,13.1,198.6,53.83,135.9
5910,8.7,172.3,54.51,135.5
5911,28.3,190.3,48.69,109.4
5912,10.3,171,48.97,99.2
5913,12.4,185.4,49.31,115.9
5914,38.9,172.8,52.54,110.3
5915,9.2,217,46.82,115.4
5916,18.9,164.2,48.14,109.7
5917,11.3,194.1,42.11,105.7
5918,26,190.5,46.23,111.2
5919,18.5,163.3,51.17,113.4
5920,3.3,166.1,38.37,90.1
5921,60.3,163.8,52.03,108.9
5922,28.4,183.5,62.67,134.2
5923,18.5,166,42.75,105.8
5924,36.5,203.7,50.77,125.8
5925,3.4,203.8,36.34,117.4
5926,50.8,191,57.3,121.4
5927,1.3,174.4,40.59,104.4
5928,3.1,147.8,46.92,102.5
5929,17.7,163.5,52.9,108.7
5930,3.1,178.7,43.14,100.7
5931,36.4,154.4,51.4,97.6
5932,6.4,215.1,56.6,124.4
5933,7.3,187.3,48.94,125.8
5934,1.6,168.9,55.2,111
5935,83,211.2,64.3,125.7
5936,5.1,166.9,47.64,104.5
5937,33,164.9,49.04,105.6
5938,4.6,223.8,49.78,121.8
5939,6,188.3,63.81,119.3
5940,11.3,164,35.27,100.8
5941,22.9,185.5,36.3,94.3
5942,12.7,190,60.73,128
5943,30.7,216.9,43.15,111.5
5944,57.9,166.6,41.4,102.5
5945,7.6,199.9,50.47,125.4
5946,2.3,191.5,56.7,119.2
5947,35.4,158.4,50.34,105.9
5948,92.5,189.4,52.67,101.3
5949,24.5,182.5,52.69,116.7
5950,62.4,145.9,44.58,91.3
5951,40.5,191.1,44.43,98.6
5952,1.2,180.4,44.14,111
5953,18,178.8,47.3,94
5954,18.7,159.5,59.62,122.3
5955,4.6,194.6,56.12,139.3
5956,34.5,177.2,37.06,93.3
5957,9.8,189,56.58,138
5958,7.6,189.8,53.04,130.3
5959,16,196.9,47.31,101.9
5960,21.9,182.1,45.23,114
5961,69.4,169.7,50.7,114.3
5962,62,208.5,52.42,119.4
5963,47.1,175.7,54.7,97.2
5964,21.9,188.4,54.81,142.9
5965,36.9,206.6,51.58,128.7
5966,7.5,154.5,42.27,96.7
5967,5.7,175.2,52.97,113.9
5968,1,195.9,43.93,128.5
5969,3.6,193.2,47.03,111.6
5970,7,204.5,49.25,132.6
5971,15.4,169.1,56.85,119.3
5972,46,203.5,53.19,128.9
5973,5.9,146.4,47.06,92.4
5974,0.8,162.5,55.6,134
5975,29.8,187.7,45.25,106.4
5976,14.8,175.2,38.79,114.1
5977,4.1,174.3,54.88,119.1
5978,23.8,167.2,40.42,92.4
5979,2,174.7,66.13,156
5980,3.1,193.3,47.02,118.2
5981,43.8,178.9,43.06,110.4
5982,39.5,190.3,47,105.9
5983,53.5,182.5,50.41,125.3
5984,61,189.8,52.8,104.2
5985,13.8,202.5,36.71,88.1
5986,66,205.7,44.51,115.2
5987,2.2,142.6,59.86,117.7
5988,35.4,189.1,52.61,153.3
5989,13.9,154.2,53.5,117.5
5990,31.4,173,49.52,110.1
5991,8.3,180.1,43.02,113.1
5992,19.2,209.6,49.4,112
5993,27.2,198.1,51.02,104.1
5994,20.8,174.4,55.67,125
5995,88.5,169.5,60.55,133.3
5996,16,177.9,41.19,89.6
5997,4.3,162.3,48.99,91.4
5998,23.4,194.9,52.86,110.4
5999,74.5,193.9,57.06,136.8
6000,53.6,191.5,52.53,129.1
6001,43.6,202,53.59,105
6002,0.8,177.2,45.24,88.3
6003,22.4,157.2,55.37,127.8
6004,0.5,177.6,52.79,115.8
6005,15.6,195.4,39.2,97.6
6006,34.8,167.4,52.45,121.8
6007,27.4,178.8,50.16,123.9
6008,6.2,188.1,53.74,112.7
6009,1.6,164.9,46.65,107.6
6010,14.8,168.2,56.83,126.8
6011,5,196.1,52.91,110.5
6012,9,169.8,39.5,102.1
6013,11.3,174.7,44.65,106.5
6014,8.1,203,54.62,128.2
6015,16.5,160.2,57.29,117
6016,34.6,182.3,47.03,108.9
6017,9.7,154.6,41.51,112.1
6018,17.5,209.2,41.87,100.5
6019,24.5,198.5,52.83,122.1
6020,69.8,170.6,42.42,94.6
6021,25.7,141.6,46.08,94.5
6022,0.6,182.9,58.57,125.8
6023,11.7,162,51.42,115.6
6024,10.8,186.6,57.52,112
6025,13.9,149.5,45.3,120.8
6026,38.9,205,52.02,121.1
6027,45.7,172.2,47.47,99.1
6028,28.1,182.4,52.22,128.1
6029,110.6,156.7,45.19,122.6
6030,56.9,166.3,59.77,112.7
6031,1.2,183,33.52,94.7
6032,7.6,190.4,54.31,123.7
6033,13,173.1,57.65,129.3
6034,41.8,149.5,39.55,97
6035,25.2,175.6,51.82,108.1
6036,35.3,179.9,46.39,98.9
6037,2.1,200.6,54.85,144.3
6038,1.3,178.9,48.34,120.1
6039,0.6,182.7,53.76,120.2
6040,3.2,158.7,58.12,141.7
6041,1.9,163.6,45.88,93.7
6042,24.5,127.5,45.84,82.9
6043,21.8,160.2,42.05,102.7
6044,7.5,179,36.99,94.8
6045,6.7,201.5,58.61,140.6
6046,20.9,179.1,49.53,102.6
6047,10.9,145.3,61.91,139.8
6048,11.4,190.2,49.02,126
6049,33.3,172.5,50.25,122
6050,19.9,209.5,46.83,123.7
6051,28.8,203.7,43.88,103.5
6052,9.2,204,45.65,129.2
6053,8.8,156.9,58.63,127.8
6054,10,210.6,49.83,127.5
6055,4.1,176.9,46.77,110.2
6056,12.5,164.8,60.53,119.2
6057,0.4,191.4,57.75,100.8
6058,7.1,148.7,41.98,96
6059,1.6,154.9,44.86,82.9
6060,34.2,152.6,48.61,105.5
6061,15.3,216.8,44.53,115.3
6062,14.3,162.1,46.86,121.3
6063,18.6,156.8,57.51,118.2
6064,47.5,209.4,35.82,101.9
6065,16.2,203.1,38.14,111.3
6066,38.8,190.4,58.7,130.3
6067,1.8,168.3,57.35,113.9
6068,3.4,184.8,44.33,99
6069,92.8,149,52.18,106.1
6070,8.2,213.2,47.03,98.7
6071,90.6,182.2,45.53,113
6072,0.8,208.5,43.67,113.3
6073,2,190.1,59.08,131.1
6074,10.6,159.4,65.8,133.3
6075,20.5,201.6,48.3,98.6
6076,2.2,187,55.84,125.6
6077,18.1,183.2,67.41,154.1
6078,26.1,191.7,47.43,110.1
6079,39.6,191.9,52.69,129.4
6080,6.7,188.3,45.2,115.4
6081,37.4,214,52.13,121.6
6082,1.1,191.9,55.04,124.7
6083,52.6,203.6,55.64,128.6
6084,19,191.1,54.72,128.4
6085,1.2,140,52.52,101
6086,21.3,163.5,41.87,89.1
6087,0.9,188.2,52.73,111
6088,60.7,229.9,55.31,153.2
6089,2.6,180.4,59.82,143.3
6090,28.3,156.1,46.3,109.1
6091,16.3,149.4,58.92,113.6
6092,2.8,192.4,52.04,116
6093,19.1,190.3,51.25,111.6
6094,5.6,180.4,44.6,104.5
6095,22.2,200.4,48.83,100.3
6096,16.7,150.3,58.9,112.5
6097,0.3,190.2,41.68,109.9
6098,13.1,210.3,57.32,126.8
6099,39.6,129.8,49.74,98.6
6100,16.9,159.6,53.99,121.1
6101,28.9,161.3,57.97,111.7
6102,8.5,166.1,43.95,87.1
6103,50.2,194.6,46.47,119.8
6104,0,197.9,44.49,117.3
6105,35.9,151,40.99,85.9
6106,3.6,221.9,49.39,130.6
6107,9.5,198.3,56.99,138.7
6108,12.3,172,52.77,116.7
6109,35.2,172,43.89,103.3
6110,17.3,190,42.97,97.2
6111,1.7,190,51.47,112.7
6112,3,192.5,63.31,146.4
6113,0.1,196,52.19,118
6114,73,172.4,46.61,114.3
6115,26.9,175.7,49.28,113.4
6116,14.8,204.1,52.95,140.8
6117,32,158,51.98,122.5
6118,24.8,179.8,46.76,117.8
6119,17.6,181.9,42.48,111.7
6120,12.6,191.9,52.05,137.8
6121,4.3,149.4,49.56,103.6
6122,46.5,177.3,45.67,103.5
6123,15.2,207.1,49.64,119.4
6124,15.7,164.5,44.34,93.7
6125,58,166.5,44.38,94.1
6126,1,193,54.22,123.3
6127,31.7,184.5,45.97,106.9
6128,7.3,199.4,55.13,132.6
6129,20.8,160.8,47.91,88
6130,6.9,153.2,52.18,88.3
6131,30.3,145.5,52.21,110.2
6132,4.7,186.2,48.21,115.7
6133,5.9,167.2,53.16,130.9
6134,8.8,173.9,43.85,117.9
6135,14.6,171.3,54.16,106.6
6136,16,218.5,57.11,116.5
6137,18.6,168.9,47.29,117.1
6138,66.2,147.8,53.39,108.5
6139,11,160.6,43.08,112.7
6140,13.9,199.7,59.72,126.5
6141,71.3,207.1,46.77,128.2
6142,36.6,176.9,59.63,124.9
6143,43.8,175.4,46.68,91
6144,49.4,178,53.88,110.1
6145,9.2,156.5,49.69,97
6146,33.2,190.4,52.56,128.1
6147,26.6,208.1,52.32,130.6
6148,39.9,177.8,42.42,87
6149,20.5,190.6,60.13,117.6
6150,4.4,207.9,48.17,109.5
6151,5.4,141.7,42.43,80
6152,0.4,202.6,45.91,112.4
6153,46.2,180.1,41.13,98.4
6154,0.8,215.4,57.9,137.5
6155,1.9,199.2,51.01,117.2
6156,38.1,178.2,55.86,105.8
6157,23.6,155.9,55.7,118.7
6158,13,211.8,45.04,121.5
6159,8.9,146,40.98,100.6
6160,2,163.8,51.37,116.7
6161,75.6,187.6,54.48,107.4
6162,14.6,169,49.87,114.8
6163,44.5,167.1,45.11,113.6
6164,26.9,166.4,52.63,113.5
6165,20,181.3,52.45,99.4
6166,17,184.7,48.16,107.3
6167,34.4,165.2,42.66,94.3
6168,34.7,198.8,57.02,132
6169,24.6,172.9,63.13,136.8
6170,12.8,159.5,47.39,118.2
6171,14.4,198.7,52.58,126.3
6172,19.1,183.7,46.97,106.7
6173,10.5,170.5,60.43,122.4
6174,11.4,165.4,56.94,105.6
6175,66.2,144.7,41.11,89.6
6176,25,166.5,51.39,101.4
6177,13.3,170.9,58.88,136.9
6178,9.8,175.2,48.35,128
6179,29.3,184,52.47,116.6
6180,1.8,174.4,39.23,112.2
6181,16,170.1,54.06,111
6182,29,194.5,50.7,114.3
6183,11.6,173.3,53.59,123.3
6184,2,157,43.95,80.2
6185,30.3,209.4,56.42,127.1
6186,11.2,195,55.44,118.5
6187,78.4,209.7,43.29,102.2
6188,26.5,176.7,54.9,102.9
6189,47.2,169.7,42.96,100.1
6190,2.7,190.9,45.45,115.3
6191,12.3,212.7,47.89,110
6192,6.1,170.4,32.57,66.4
6193,6.6,200.3,43.29,108.8
6194,23.7,180.4,50.26,99.2
6195,2.9,143.4,55.92,92.8
6196,24.7,183.6,49.88,96.3
6197,12.7,155.8,49.64,109.2
6198,34.2,224.4,58.75,127.2
6199,34.4,160.7,54.19,97
6200,4.6,154.4,49.02,104.3
6201,12,177.7,52.42,109.9
6202,24.9,187.5,59.62,141.7
6203,17.7,187.4,48.58,109.9
6204,16.1,174.7,60.68,111.5
6205,26.7,205.3,63.55,138.7
6206,8.3,187,50.13,114.4
6207,0.7,210.4,42.18,102.2
6208,23.6,184.5,47.21,119.8
6209,7.5,186.6,47.2,98
6210,48.2,151,56.58,100.4
6211,86.8,174,55.82,115.9
6212,141.9,176.1,33.08,66.4
6213,10.8,193.9,49.36,112.5
6214,30,194.6,50.79,130.8
6215,107.3,169.2,50.58,96.6
6216,13.1,184,49.32,113.3
6217,4.4,160.9,48.64,103.8
6218,6.2,173.8,42.95,97.4
6219,83.8,206.3,46.43,121.9
6220,6.8,147.2,32.05,75.7
6221,7.6,170.7,39.67,114.4
6222,12.3,185.3,46.59,95.9
6223,8.7,167,47.3,119.9
6224,4.2,191.5,52.39,121.4
6225,8.9,208.9,48.03,113.4
6226,15.2,220.2,40.03,102
6227,44.7,200.9,48.07,125.7
6228,0.6,186.3,58.95,126.1
6229,3.1,205.8,52.23,106.4
6230,87.5,170.6,43.28,87.6
6231,16,208.4,56.28,133.3
6232,31.1,196.5,40.64,106.7
6233,71.2,173.3,42.33,113.9
6234,16.2,218.6,55.61,133.1
6235,0.4,159.2,53.76,117.1
6236,25,170.4,44.76,125.1
6237,26.2,175.4,49.63,120.9
6238,21.8,165.7,58.08,118.9
6239,25,177.7,57.91,127
6240,51,182.2,53.26,118.4
6241,4.7,209.7,49.82,104.5
6242,0.3,204.3,51.04,119.1
6243,13.4,168.8,45.63,114.5
6244,7.6,200,40.56,119.3
6245,27.1,171.9,48.46,120.2
6246,3.7,187.4,33.21,109.3
6247,17.7,165.1,39.45,94.3
6248,10.4,161.6,63.27,114.7
6249,55.4,186.5,55.95,121.6
6250,3.3,175.5,43.65,124.2
6251,4,189.4,52.32,131.6
6252,9.2,134.3,54.45,88.1
6253,8.2,193.4,46.18,101.8
6254,50.8,204.7,48.36,111.4
6255,44.5,181.5,47.15,119.5
6256,52.4,184.1,56.49,127.7
6257,8.5,175.6,49.78,109.8
6258,11.7,191.8,50.8,128.8
6259,10.1,168.9,46.47,85.7
6260,42.3,172.8,49.1,99.6
6261,2.3,187.1,43.3,113.4
6262,46.5,182.9,54.25,130.4
6263,16.4,173.1,62.46,121.5
6264,31.8,179.2,56.4,121.9
6265,4.9,133.1,49.05,99
6266,70,179.9,37.56,81.4
6267,4.9,196.6,47.34,118.9
6268,54,189.1,53.41,119.9
6269,3.8,195.3,39.11,99.3
6270,6.7,170.6,46.18,129.8
6271,6.7,174.4,57.05,127.5
6272,28.7,187.5,54.97,108.6
6273,19.8,175.2,67.2,141.1
6274,19,178.2,41.81,97.6
6275,6.4,185.8,49.02,134.1
6276,4.1,159.1,42.57,96.4
6277,2.8,180.6,40.44,107.4
6278,6.8,157.9,49.01,105.3
6279,14.3,160.3,61.47,119.2
6280,4,175.2,45.54,108.9
6281,78,173.7,40.27,117.8
6282,30.3,187.8,40.29,117.5
6283,20.9,150.9,50.13,106
6284,52.9,222.1,63.69,151.9
6285,25.7,196.3,58.12,141.6
6286,28.1,182.6,38.1,102.3
6287,42.3,171.4,34.16,86.9
6288,35.7,134.7,55.11,113
6289,86.2,174.7,40.77,107.1
6290,26,221.3,63.06,143.9
6291,31.5,161,45.19,98.1
6292,11.2,198.2,45.4,100.4
6293,62.4,140.5,50.58,84
6294,28,179.2,57.29,136.2
6295,16.8,195.7,60.73,120.2
6296,32.1,199.6,43.67,110.2
6297,27.7,142.8,40.03,95.7
6298,42.6,169.8,42.02,106.3
6299,0.3,204.3,52.31,127.5
6300,69,169.1,53.73,129.9
6301,11.3,215.2,53.79,123.1
6302,2,179.2,50.44,127.3
6303,4.9,171.9,42.13,85.9
6304,53.1,184.2,43.7,107.7
6305,37.1,203.9,49.36,121.1
6306,0.6,174.5,45.71,107.2
6307,45.3,184.6,52,114.8
6308,39.6,176.1,49.02,112.6
6309,19.4,176.2,47.25,124
6310,24.3,190.6,44.81,108.8
6311,19.9,183.4,70.85,148.2
6312,0.6,185.3,51.41,114.3
6313,8.4,174,59.29,122.4
6314,18.9,169.8,41.56,96.5
6315,0,210.2,45.18,113.3
6316,46.6,170.1,49.24,108.2
6317,23.3,180,44.64,117.3
6318,48.4,184.6,42.92,114.9
6319,0.4,157.3,52.67,115.8
6320,69.2,173.9,50.88,112.4
6321,9.8,171.5,54.31,124.8
6322,15.1,170.8,50.22,103
6323,63.7,179.5,46.22,118.6
6324,1.7,150.8,46.16,85.7
6325,3.6,141.7,36.55,85.3
6326,35.5,148,41.74,98.6
6327,79.5,198.4,46.47,131
6328,3.7,188,58.8,124.3
6329,2.5,192.2,60.96,136.9
6330,15.8,171.2,50.61,124.9
6331,24.5,158.2,51.51,110.6
6332,2.1,194.4,43.43,103.1
6333,14.3,160,46.54,113.9
6334,26,181.3,49.95,126.5
6335,23.4,233.8,61.6,140.5
6336,9.9,178.1,38.92,100.3
6337,49.3,181.7,50.47,119.7
6338,8.5,177.8,47.83,124.9
6339,24.7,179.3,50.68,112.3
6340,5.9,194.7,41,107.9
6341,38,215.6,58.61,144.3
6342,11.9,164,52.78,104.5
6343,22.4,177.3,50.14,131.1
6344,40,170.5,46.21,93.8
6345,8,167.1,65.82,131.7
6346,10.1,197.3,36.98,104.4
6347,37.4,207.9,57.86,135.9
6348,43.6,178,62.49,139.7
6349,66,183.4,55.06,129.2
6350,13.9,158.6,45.78,89.3
6351,5.8,161.8,48.6,109.8
6352,12.9,191.2,61.35,127
6353,1.4,178.1,53.73,133.2
6354,14.1,171.1,59.89,113.9
6355,4.4,185.4,45.5,94
6356,26.2,172.6,65.99,126.4
6357,17.1,166.2,60.88,133.3
6358,32.1,182.6,55.67,123.2
6359,52.6,187.4,57.87,124.9
6360,13.4,211.8,56.62,126.2
6361,0.2,202.6,47.46,122.5
6362,8.1,167.1,51.67,111.4
6363,34.7,176.9,58.84,107.1
6364,60.7,193.6,43.65,111.6
6365,96.2,154.2,44.37,101.8
6366,14,178.2,65.66,137.1
6367,5.1,159.1,46.16,112.8
6368,24.9,220.2,44.26,117.4
6369,34,184,60.67,110.5
6370,1.6,146.4,36.81,86.3
6371,6.5,186.5,48.16,117.3
6372,37.5,146.1,55.87,101.4
6373,7,151.4,45.15,85.1
6374,35.4,164.4,47.19,114.3
6375,30,196,56.26,124.3
6376,18.7,167.9,51.91,114.8
6377,24.9,156.2,46.91,101.3
6378,18.2,175.7,52.74,104.1
6379,32.3,197.3,50.2,133.6
6380,47,168,63.77,121.4
6381,25.2,156.6,48.84,100.6
6382,2.7,196.2,57.83,114.9
6383,5,165.6,44.86,104
6384,8.4,177.8,45.61,109.8
6385,59.6,180.5,46.82,102.9
6386,33.2,181.5,61.57,118.7
6387,1.5,172.3,45.65,102.1
6388,17.5,176.4,37.15,90.8
6389,7.1,134.7,45.77,92
6390,34,172.4,58.03,115.8
6391,24.9,210.4,51.25,111.5
6392,43.6,169.4,38.37,90.2
6393,1.9,208.2,54.41,105.6
6394,38,162.8,53.58,106
6395,27.1,182.5,49.01,106.6
6396,19.9,179.4,51.99,121
6397,6.5,158.2,48.02,111.3
6398,8.1,154.8,39.82,100.2
6399,41.2,159.5,46.63,95
6400,20.9,201.9,52.14,115.4
6401,27.1,179.6,52.09,125.6
6402,0.4,172,49.18,98
6403,14,191.5,48.78,130.1
6404,8.7,158.6,40.88,83.1
6405,19.3,138.3,67.07,120.9
6406,6.7,157.3,65.32,130.1
6407,13.3,176,49.9,116.4
6408,10.5,211.6,50.72,133.2
6409,0.7,143.7,50.61,102.7
6410,24.7,183.5,43.06,102.5
6411,18.2,184.3,46.76,105.1
6412,12.8,187,44.95,111.4
6413,18.6,180.9,54.65,125
6414,34.5,164.5,46.63,102.8
6415,38.5,172.1,52.1,102.8
6416,7.8,184.4,57.05,119.2
6417,21.7,196.3,45.76,114.1
6418,10.5,175.3,47.14,112.4
6419,8,177.2,48.64,107.3
6420,23.4,170.3,61.69,114.5
6421,18.5,151.7,55.45,102.6
6422,9.2,192.5,60.81,128.5
6423,5.5,179.4,44.16,105
6424,7.3,202.6,60.11,130
6425,36.3,146.6,46.37,107.5
6426,5.5,185.2,50.36,99
6427,36.9,181.3,48.35,101.6
6428,1.4,182.9,54.58,134.1
6429,1.5,177.6,53.52,116.3
6430,38.8,182.9,49.04,116.9
6431,15.3,156.2,40.35,97.6
6432,1.7,167.7,46.4,103.9
6433,10.8,175.5,46.86,117.1
6434,4.7,207,52.03,123.2
6435,39.9,185.4,36.59,107.2
6436,27.3,160.1,46,103.5
6437,16.9,229.3,39.07,107.2
6438,14.6,202.7,62.45,128.8
6439,11.6,184.6,45.79,107.3
6440,21.3,155,38.87,99.5
6441,10.4,151.6,54.64,115.9
6442,7.3,170.2,55.83,122
6443,44.4,182.3,64.95,144.5
6444,3.5,176.4,48.05,103.8
6445,17.7,158.1,40.56,99.6
6446,28.6,194.1,57.94,151.1
6447,0.7,156.8,56.55,111.2
6448,23.3,161.3,57.64,129.9
6449,70.9,166.5,33.86,119.2
6450,23.7,158,48.59,110.2
6451,8.2,162,41.78,102.1
6452,17.4,206.2,62.41,123.7
6453,19,162.9,43.62,99.5
6454,48.5,166.2,45.35,95.4
6455,7.8,167.2,56.15,110.9
6456,15.5,174.2,59.72,131.5
6457,6.8,207.1,45.91,114.4
6458,5.1,187,50.9,136.6
6459,23.5,167.5,36.37,79.2
6460,12.1,197.7,60.22,123.9
6461,29.8,208.6,44.73,115.9
6462,1.1,173.9,43,92.6
6463,17,167.5,52.62,116.8
6464,35,149,45.01,115.6
6465,8,201.7,49.38,144.6
6466,64.1,176.4,55.86,117
6467,25.7,201.3,47.26,103.2
6468,18.2,161.4,49.29,83.6
6469,37.1,171.5,44.78,119.4
6470,22.9,169.7,47.64,113.1
6471,5.2,168.4,53.09,107.6
6472,36.5,184.3,67.96,130.7
6473,19.5,176.3,49.24,130.6
6474,25.1,183.2,43.79,97.6
6475,6.5,196.9,50.54,119.8
6476,2.7,137.4,45.96,100.2
6477,39.4,194.1,57.81,132.4
6478,22.9,184,41.66,128.3
6479,7.1,172.8,46.36,109.9
6480,43.1,166.7,43.76,116.5
6481,23.5,173.9,51.87,113.6
6482,26.1,190.6,56.25,112.8
6483,1.9,198.9,42.55,108.4
6484,22.8,185.5,42.12,115.7
6485,13.7,150.4,38.79,89.3
6486,9.1,198.8,52.89,120.7
6487,13.5,227.6,51.72,138.6
6488,66,181.2,50.35,112.7
6489,2.1,194.2,47.32,127.5
6490,5.3,179.7,47.18,93.3
6491,6.9,193.5,44.81,118
6492,45.5,216.2,50.56,137.4
6493,6.6,202.5,37.67,108.9
6494,8.7,174.4,40.66,111
6495,18.9,196.7,49.44,113.7
6496,9.3,208.1,51.63,115.6
6497,45.5,171.6,48,110.6
6498,17.2,205.5,47.83,105.6
6499,12.7,186.6,53.96,126.2
6500,54.6,158.8,36.78,86.5
6501,48.7,185.9,56.19,122.4
6502,67.7,195.4,48.61,112.4
6503,7.2,196,40.39,101.6
6504,3.4,185.6,63.03,128.6
6505,7.7,173,55.81,106.4
6506,1,178.4,47.21,111.9
6507,3.2,187.4,62.28,133.4
6508,8.7,207.5,46.81,119.4
6509,30.7,200.2,52.17,116.2
6510,33.3,157.8,46.84,94.9
6511,23.7,177.5,46.41,102.7
6512,6.9,189.6,47.45,97
6513,10.7,188.2,44.42,107.8
6514,15.8,170.4,43.66,113.4
6515,1.2,185.2,49.56,123.4
6516,1.9,168.5,43.95,92.6
6517,15.9,179.9,52.93,117.8
6518,16.2,181.1,52.09,138.8
6519,11.3,169.9,46.21,113.3
6520,20,214.5,48.13,125.6
6521,17.9,188.1,45.95,107.4
6522,4.6,163.4,53.42,110.4
6523,23.7,148.9,36.52,97.7
6524,4,194.8,63.32,129.4
6525,17.2,167.7,45.43,120.8
6526,30.7,179.5,61.28,131.1
6527,36,208.3,54.3,131.1
6528,18.2,172.2,48.9,121.2
6529,18.1,188.4,51.82,127.5
6530,0.1,190.1,51.85,107.3
6531,7.9,216.2,48.28,126
6532,21.7,192.9,60.25,145.1
6533,5.7,179.4,45.33,91.6
6534,50.9,170.4,44.29,99.2
6535,131.8,194.7,49.32,100.1
6536,20,196.9,46.2,114
6537,11.9,143.7,53.84,109.4
6538,6,188,45.75,116.1
6539,15.1,171.5,53.15,112.7
6540,29.9,179.3,48.17,104.2
6541,40.5,185.7,40.76,90.1
6542,22.5,170.2,42.66,88.2
6543,1.9,178.8,40.92,107.5
6544,24.7,177.6,58.66,128.4
6545,8.6,175.9,53.05,108.6
6546,0.7,175.5,58.86,115.7
6547,20.2,176.6,68.37,125.7
6548,9.8,173.5,57.42,135.3
6549,12,132.9,63.4,109.2
6550,8.4,164.8,60.75,104.3
6551,28.4,193,46.81,107.6
6552,9.3,198.3,38.31,91.5
6553,44.2,164.4,47.45,112.1
6554,11.2,196,48.84,112.2
6555,0.8,163.7,47.2,122.7
6556,42.8,155.4,45.28,92.5
6557,34.7,188.8,49.32,104.4
6558,5.8,186.4,49.75,105.8
6559,17.2,175.9,42.82,97.7
6560,9.8,230,53.12,134.1
6561,1.3,191.4,54.88,120.6
6562,5.4,185.2,55.99,119.8
6563,16.7,179.6,46.7,129.4
6564,6.3,172.1,58.81,105.8
6565,56.9,209.8,53.3,112.4
6566,2.8,201.9,42.33,117.3
6567,18.3,150.8,54.04,101.6
6568,16.2,166,37.38,97.7
6569,9.5,212.3,44.45,118.4
6570,3.2,196.6,63.37,144.4
6571,24.4,160.4,51.94,119.3
6572,29.6,194.1,50.58,110.9
6573,3.5,180.4,56.01,121.4
6574,7.7,137.1,47,98.6
6575,0,174.3,63.95,138.5
6576,5,185.5,41.08,129.6
6577,46.5,209.3,48.29,114.7
6578,10.1,179.5,48.58,106.4
6579,29.9,208.5,50.29,130.5
6580,1.7,162.8,48.01,93.5
6581,113.8,166.3,40.1,107.2
6582,4.7,167.2,45.45,102.9
6583,12.5,162.5,71.22,132.6
6584,15.5,211.1,46.72,130.2
6585,1.1,218.1,48.05,127.1
6586,60.3,157,41.34,94.7
6587,59.4,173,52.34,99.1
6588,8.1,164.3,58.31,110.1
6589,8,178.7,45.24,106
6590,6.5,185.3,62.49,139.4
6591,2.1,163.7,57.46,110.5
6592,13.1,204,32.41,92.2
6593,8.3,159.6,50.18,105.2
6594,49.6,219.4,54.07,127.4
6595,29.6,178.9,45.49,99.4
6596,1.8,161.7,53.21,118
6597,25.7,153,44.61,99.3
6598,23.7,147.8,53.12,104.3
6599,2.6,185.3,45.26,101.9
6600,24.5,192.7,58.19,129.2
6601,13.1,160.3,45.25,103.9
6602,13.5,197.9,50.36,149.6
6603,13.5,164.6,47.8,88.1
6604,10.3,194,38.45,118.8
6605,27.3,165.2,51.11,101.7
6606,20.9,161.3,41.36,95.6
6607,20.3,212.3,60.04,134.4
6608,11.7,197.5,37.2,113.1
6609,10.6,176.8,30.95,79.4
6610,94.6,163.2,46.17,88.1
6611,1.5,170.9,47.76,124.9
6612,5.5,180.9,54.63,112.8
6613,17.9,176.1,55.27,113.1
6614,3.5,182.5,62.91,127.2
6615,1.9,209.9,48.5,112.6
6616,34.1,190.6,60.47,131.1
6617,28,194.9,39.66,117.4
6618,22.9,147.4,54.55,108.6
6619,11.4,180.1,42.16,107
6620,56.1,163,59.79,111.1
6621,10.1,224.5,64.93,156.6
6622,9.9,197.1,55.41,119.6
6623,12.8,162.2,58.64,116.3
6624,13.3,197.6,48.57,108
6625,27.8,176.6,48.65,107.7
6626,56.9,184.7,44.48,97.6
6627,0.4,167,47.23,116.2
6628,15.3,190.4,50.43,112.7
6629,26,176.2,44.26,103.2
6630,59.1,183.5,43.38,109.8
6631,0.4,182,47.49,94.9
6632,8.5,188.6,64.7,143.8
6633,7.9,183.4,43.68,109.8
6634,5.7,157.6,49.37,101.5
6635,23.9,139.8,61.66,113.6
6636,19.3,159,57.17,132.9
6637,31.6,130.5,39.75,108.3
6638,13.9,195.6,58.24,136.9
6639,14.5,188.8,44.21,138.2
6640,7.5,175.5,52.01,128.2
6641,7.9,183.6,46.8,110.8
6642,4.3,220.2,53.81,135.3
6643,9.7,203.5,52.88,91.4
6644,29.6,204.4,52.21,121.5
6645,15.8,134.1,47.78,83.2
6646,1.1,175.3,60.78,129.4
6647,16.1,214.3,45.89,114.2
6648,66.8,180,51.98,113.4
6649,1.3,162.5,57.79,104.4
6650,75.4,173.7,58.85,117.4
6651,44.4,189.2,48.94,100.1
6652,11.3,159.5,49.27,112.3
6653,9.3,184.4,55.21,130
6654,13.2,207.8,51.75,111.5
6655,1.2,196.1,61.23,143.3
6656,0.1,198.1,38.95,88.7
6657,21.2,148.5,54.72,103.1
6658,10.6,188.7,50.51,111.7
6659,27.4,205.7,59.22,135
6660,44.3,162.4,39.26,82.4
6661,9,192.6,43.19,113.8
6662,37.8,188.8,48.5,114.5
6663,26.2,167.8,54.1,106.5
6664,53.8,212.2,51.98,115.2
6665,93.2,170.5,60.2,114.9
6666,15.3,163.6,57.17,132.3
6667,10.4,145.4,40.95,84.8
6668,0,217.5,43.85,108
6669,42.7,152.9,45.61,110.9
6670,45.8,183.9,71.61,139.5
6671,13.7,165.6,44.32,94.1
6672,10.4,133.9,49.97,105.6
6673,19.3,177.5,56.05,109.3
6674,42.4,137,57.4,118.3
6675,4,185.7,57.16,115.2
6676,1.3,174.5,46.95,105.7
6677,24.6,129.3,50.82,92
6678,1.9,193.2,56.28,112.1
6679,20.8,206.2,50.88,113.1
6680,28.8,134.2,36.71,90.8
6681,18.5,168.7,39.06,107.4
6682,16.2,190.3,59.56,143.3
6683,4.8,184.7,45.78,108.9
6684,4,193,44.44,111.3
6685,7.8,183.9,58.6,118.4
6686,29.3,188.6,58.97,134.1
6687,20.4,182.5,49.97,108.1
6688,30.6,187.6,46.06,116.3
6689,29.2,190.7,59.61,149
6690,1.8,161.1,43.79,88.2
6691,1.4,178.7,53.94,125.1
6692,32.9,168.3,49.83,109.5
6693,0.1,175,47.46,106.2
6694,6.8,182.3,47.06,94.4
6695,2.6,209.1,49.52,125
6696,105.8,153.1,52.21,99.2
6697,13.8,216.8,64.11,126.3
6698,5.5,166.4,46.68,118.1
6699,13.6,174.5,61.43,125.8
6700,1,170.5,57.81,146.7
6701,26.8,187.4,46.12,111.1
6702,38.7,145,45.28,93.3
6703,25,208.7,62.1,132.1
6704,11.4,168.1,48.48,112.6
6705,24.4,198.4,39.84,95.6
6706,57.6,184.3,40.18,98.1
6707,7,199.8,46.21,131.1
6708,24.3,175.6,40.38,66.7
6709,33.6,184.3,45.63,105.7
6710,6,201.8,56.51,136.1
6711,6.7,179.3,52.61,123.7
6712,3.8,179.7,47.21,102.5
6713,4.6,164.5,44.61,101.7
6714,30.8,156.5,45.41,98
6715,37.3,216.7,55.69,111.2
6716,11.9,223.8,48.83,117.3
6717,8,202.6,52.48,122.4
6718,18.1,177.4,48.28,106.1
6719,4.5,172.7,47.78,115.7
6720,64,174.2,46.04,102.6
6721,1.3,174.1,53.51,119.2
6722,47.5,175.9,54.9,131.6
6723,35.8,173.6,48.59,111.1
6724,22.8,189.5,46.65,99.9
6725,31.1,150.8,46.19,99
6726,63.5,233.7,58.12,131.8
6727,7.3,192.4,66.71,134.6
6728,9.2,167.5,52.64,129.7
6729,20.4,181.2,49.78,107.4
6730,27.4,167.9,39.69,105.9
6731,33.4,193,60.96,126.7
6732,10.2,208.8,56.83,126.4
6733,16.6,220.1,50.67,120.1
6734,24.1,175.3,54.87,115.2
6735,6.4,182.3,44.8,116
6736,5.6,186.9,63.42,120.2
6737,9.3,179.7,50.66,110.4
6738,29.7,172.8,48.45,129
6739,24.6,164,40.29,101
6740,32,193.9,53.84,124.7
6741,96.4,190.8,51.2,134.7
6742,14.3,201.2,43.23,96.8
6743,39.1,205.4,42.95,107.6
6744,1.3,165.9,50.18,117.4
6745,15.2,153.6,51.67,119.8
6746,2.3,164.2,41.81,108.5
6747,11.5,182.4,47.38,106.1
6748,41.9,179.4,55.87,128.5
6749,41.8,160.7,60.45,102.3
6750,4.5,177.1,41.82,97.4
6751,0.7,193.5,51.94,110.4
6752,25.8,180.2,59.93,129.9
6753,31.2,205.7,39.21,99.4
6754,4.8,174.8,55.95,140.4
6755,8.2,210.7,45.73,130
6756,3.5,174,52.07,110.4
6757,21.6,187.7,50.18,111.5
6758,39.3,194.1,53.27,124.4
6759,26.2,197,49.69,118.4
6760,11.2,186.5,44.8,104.4
6761,33,180.2,48.27,106.7
6762,20.6,215,50.38,126
6763,42.4,211.8,43.63,121.6
6764,9.8,185.4,47.84,111.4
6765,15.8,182.1,52.25,106.3
6766,6,199.7,40.79,123.3
6767,21.9,178.8,42.02,105.4
6768,56,175.2,52.94,118.6
6769,8,175.6,48.1,105.4
6770,29.6,169.7,60.02,128.9
6771,36.9,200.5,48.99,98.4
6772,1.5,187.5,47.59,110.3
6773,76.5,196.8,52.74,119.6
6774,34.8,162.7,51.53,101.1
6775,2.9,163.8,44.98,70.8
6776,64.2,172.5,55.4,102.1
6777,43.3,198.7,42.49,113.7
6778,11.7,171.1,47.49,95.6
6779,8.5,198.3,54.42,122.8
6780,41.3,182.1,48.52,115.7
6781,10.5,185.8,48.41,122
6782,89.7,168.5,62.75,122.4
6783,64.4,205.9,47.84,105.7
6784,18.8,204,43.58,119.1
6785,44.3,193.2,59.72,127.6
6786,10.7,163.8,38.32,81.8
6787,2,157.6,38.94,121.7
6788,9.7,152.2,46.12,118.3
6789,5.9,141.1,43.49,94
6790,0.2,220,49.21,122
6791,85.6,158.7,54.91,109.3
6792,59.3,168.9,54.29,109.2
6793,47.2,148.9,46.07,100.4
6794,2.8,153.4,39.88,95.2
6795,39.1,182.1,53.78,108.4
6796,19.1,177.1,68.44,134.1
6797,38.4,158.6,56.84,122.4
6798,28.1,161.8,44.38,88.3
6799,11.2,164.2,56.26,118.6
6800,36.2,176.6,40.41,102.2
6801,7.5,162.6,47.22,117.7
6802,12.2,208.7,46.89,118.5
6803,8.8,180.1,45.07,112.6
6804,38.7,167.2,41.79,86.5
6805,5.1,219.2,59.05,139.7
6806,6.7,175,52.13,115.2
6807,0.4,184.4,46.5,118.7
6808,28.9,218.5,45.62,113.7
6809,2.7,176,53.01,139.9
6810,7.9,170.8,49.21,98.5
6811,1.7,165.2,42.29,116.1
6812,52.5,208,48.28,93.4
6813,21,163.9,50.56,118.3
6814,24.1,185.6,41.49,112.4
6815,10.4,170.1,51.06,116.4
6816,1.5,176.7,54.18,103.5
6817,4.4,194.7,50.65,123.3
6818,6.4,146.9,52.31,101.2
6819,35.5,162,42.53,116.3
6820,3.8,191.4,53.32,116.9
6821,4.8,196.8,43.53,133.3
6822,46.1,187.5,41.75,103.7
6823,5.1,179.5,48.83,108.5
6824,0.9,174,64.95,116.6
6825,19.2,173.3,49.52,113.5
6826,28.2,188.8,50.54,131.5
6827,4.5,191.2,56.35,144.3
6828,49.1,176.4,40.1,110.5
6829,4.3,195.7,48.57,112.9
6830,52.7,165.9,37.48,93.7
6831,4.2,176.4,58.2,130.4
6832,30.7,195.7,47.04,112.2
6833,20.1,178.5,53.36,98.6
6834,49.1,200.9,45.2,125.2
6835,29.8,169.6,55.04,126.5
6836,2.3,166.9,43.53,110.7
6837,18.6,174,48.36,115.5
6838,17.4,164.4,57.01,116.1
6839,1.9,173.1,52.12,126
6840,0.7,198.4,47.17,119
6841,37.3,188.5,54.56,125.7
6842,7.9,173.2,59.42,136.5
6843,42.6,201.2,44.83,102.6
6844,28.3,192.3,54.46,109.2
6845,0.9,161.6,46.55,101.9
6846,8.3,208.8,60.8,139.5
6847,1.3,187.5,51.57,125.1
6848,7,178.3,37.64,89.5
6849,20.4,156.5,42.08,109.8
6850,28.9,183.3,62.91,120
6851,10,132.2,46.92,103.5
6852,8.8,165.6,51.15,120.5
6853,30.3,154,48.73,111.1
6854,19,130.3,52.22,102.8
6855,14.2,166.1,48.06,114.7
6856,93,198.3,47.64,111
6857,60.6,200.8,43.95,122.4
6858,43.2,184.1,43.65,108.9
6859,55.6,183.4,53.83,129.7
6860,102.3,128.7,58.27,108.3
6861,0.5,158.9,53.74,115.1
6862,21.9,165.1,55.9,98.2
6863,1.3,165.2,68.03,119.9
6864,25.2,191.6,44.94,121.9
6865,52.9,183.5,59.63,131.3
6866,98.8,169.6,52.68,143.9
6867,1.7,196.1,54.82,126.3
6868,48.4,185.5,54.8,106
6869,3.8,196.1,59.5,130.3
6870,15.1,209.6,51.03,122.9
6871,20.4,174.1,64.17,122.1
6872,16.9,176.5,45.96,120.2
6873,23.3,165.6,40.73,107.6
6874,46.2,191.5,55.99,134.5
6875,1,175.6,61.34,127.5
6876,15.4,194.5,61.13,138.4
6877,24.7,179.2,57.14,121.6
6878,25.8,187.9,61.37,113.9
6879,0.3,152.8,50.78,100.2
6880,1.7,199.8,46.45,105.6
6881,34.2,164.7,44,97.8
6882,0.9,192,48.56,119
6883,15.6,216.8,56.92,114.3
6884,0.9,155.6,54,122.2
6885,8.5,162.9,59.69,126.1
6886,3,146.1,59.83,126.1
6887,3.2,214.1,46.61,124.1
6888,66.7,181.3,54.42,115.1
6889,19.7,197.6,42.14,104.3
6890,15.1,206.1,47.76,126.4
6891,9.6,173.6,58.04,121.8
6892,17.3,198.9,44.57,132.3
6893,12.9,168.2,46.43,112.3
6894,35.2,188.1,32.06,86.5
6895,7,174.2,62.02,130.2
6896,2.3,189.2,52.84,111.9
6897,46.7,176.2,42.29,94.1
6898,8.2,186.5,47.62,105.8
6899,42.7,213.7,49.25,135.6
6900,49.2,157.2,49.65,108.6
6901,2.5,215.1,49.18,138.7
6902,68.5,169,52.28,122
6903,146.5,164.6,48.78,107.4
6904,0.1,203.2,50.48,130.9
6905,17.9,190.4,49.65,135.7
6906,48.8,163.4,37.22,93.2
6907,60.7,170.1,65.41,131.2
6908,11.9,166.2,55.53,107.9
6909,5.9,173.2,43.83,96.1
6910,18.1,158.9,54.83,127.4
6911,35.2,190.1,50.19,111.1
6912,2.1,144.7,42.06,91.4
6913,23.7,204.7,53.7,110.8
6914,5.8,173.1,60.3,119
6915,32,201.6,43.62,120.1
6916,14.1,166.4,44.16,91.2
6917,34.9,162.4,54.06,103.9
6918,4,177,39.3,97.9
6919,5.4,202.5,56.65,119
6920,1.8,205.6,44.19,119.5
6921,2,189.1,72.91,137.3
6922,12,199.7,39.91,96.2
6923,24,167.3,52.24,100.1
6924,52.1,199.8,57.96,136.2
6925,18.4,161.5,50.07,109.3
6926,39.7,143.9,46.64,113.1
6927,19.5,156.5,55.52,109.4
6928,142.4,176.6,40.03,95.6
6929,5.9,178.4,49.75,115.3
6930,47.8,176,51.53,116.5
6931,19.5,173.4,31.52,87.6
6932,19.7,160,48.88,101.7
6933,34.9,210.8,42.21,126.3
6934,50.1,150,54.43,106.2
6935,14,204.2,39.13,111.4
6936,4.1,192.1,47.42,107.5
6937,0.6,195.8,63.99,139.3
6938,5.3,189,57.93,129.7
6939,9.6,150.8,47.51,86.5
6940,2.4,206.4,58.49,141.6
6941,15.5,158.5,51.37,114.2
6942,18.3,188.2,56.59,118.3
6943,95.4,172.6,42.24,100.1
6944,2.7,138.6,60.39,125.5
6945,3.4,172.4,56.74,110.5
6946,13.7,205.4,35.04,110.3
6947,64.7,211.1,50.88,116.7
6948,14.4,156.8,49.63,93.2
6949,33.2,208.8,61.49,144.1
6950,7.5,200,52.95,122.4
6951,15.9,179.4,57.87,125.3
6952,6.4,181.6,41.39,92.9
6953,4.6,181.5,48.03,118.6
6954,31.8,190.5,46.3,114.8
6955,3.4,165.2,60.59,119.2
6956,1.9,192.6,67.62,147
6957,26,178.1,65.06,133.6
6958,30.3,171.5,46.45,105.2
6959,12.1,190.9,47.98,91.7
6960,22.9,206.1,55.91,158.3
6961,24.6,177.1,50.32,108.2
6962,43.6,156.9,48.22,89.4
6963,10.5,201,57.34,148.5
6964,14.3,168.8,45.96,115.4
6965,26.6,188.1,56.3,133.3
6966,6.6,210.1,47.53,111.1
6967,14.9,175,51.89,122.2
6968,16.4,189.5,59.97,125.4
6969,4.6,202.3,50.87,100.5
6970,12.3,168.7,43.4,103.8
6971,0.8,194.3,51.02,119.4
6972,49.3,176.3,59.12,128.7
6973,7.1,203.8,48.68,119.6
6974,24.2,198.6,59.34,162.6
6975,0.2,194.5,64.36,134.3
6976,3.3,194.5,53.45,137.9
6977,11.4,183.5,54.34,110.6
6978,23.8,214.8,53.42,128.5
6979,18.3,195,40.7,118.8
6980,12.6,153.4,43.4,75.4
6981,21.8,168.9,56.18,126.3
6982,3.2,178.2,51.35,105.6
6983,15.7,183,56.27,113.2
6984,10.8,178.4,30.83,88.5
6985,46.4,188.5,57.03,142.7
6986,1.4,166.9,57.15,122.8
6987,0.3,177,45.1,92.8
6988,36.5,173.3,38.33,80.6
6989,42.9,162.2,47.58,95.2
6990,76.6,176.4,45.22,106.9
6991,29.9,176.5,44.81,96.2
6992,0.5,168.1,57.92,95.2
6993,27.2,143.1,43.05,88.4
6994,11,143,44.09,98.6
6995,10.8,200.7,43.16,119.2
6996,48.8,193.6,57.16,138.4
6997,57.2,155.7,56.87,122.5
6998,38.7,170.8,51.31,101
6999,62.8,212.7,50.99,128
7000,25.2,181.9,60.55,121.3
7001,22.6,224.8,47.02,123.2
7002,39.3,133,54.54,116.7
7003,0.2,174.7,48.26,117.6
7004,12.2,173.7,52.38,115.8
7005,50.1,190.5,50.57,130.7
7006,2.9,162.8,61.58,124.9
7007,34.4,182.9,47.81,115.6
7008,77.1,189.9,35.97,90
7009,8.7,194,49.31,110.5
7010,38,183,55.41,126.7
7011,11.3,176,52.86,98.2
7012,37.7,151.6,56.73,117.5
7013,17,145.6,52.44,82.3
7014,10.8,200.9,44.8,98.8
7015,25.8,181.8,65.35,120.4
7016,8,187.7,51.69,121
7017,0.6,178,53.34,101.1
7018,1.8,168.2,48.68,118.9
7019,1.5,175.7,47.81,108.9
7020,13.8,180.9,49.5,117.1
7021,8.6,201.5,55.25,143.7
7022,3.6,175.1,45.19,113.5
7023,28.9,161,48.66,97.8
7024,26.1,158,35.02,72.2
7025,33.6,141.9,41.06,92.8
7026,12.4,214.1,63.62,139
7027,40.6,169.4,51.89,99.1
7028,14.7,171.4,49.22,104.4
7029,54.4,170.6,52.87,123.4
7030,4.4,201.6,63.87,151
7031,1.5,197.2,58.43,115.9
7032,1,196.5,57.62,117.7
7033,7.4,175,58.99,122.5
7034,12.2,179.1,44.45,119.8
7035,2.9,174.9,54.94,118.1
7036,21.6,219.7,44.72,109
7037,4.5,188,38.46,120.9
7038,28.4,193.3,50.1,118.6
7039,17.6,215.2,43.3,130
7040,4.7,176.4,46.93,110.7
7041,36.1,217.3,46.04,130.8
7042,125.6,163.6,33.04,82.1
7043,9.1,191.3,39.09,98.6
7044,44.6,181.9,48.31,122.4
7045,10.8,211.2,54.01,119.2
7046,11.7,169.9,49.73,100.1
7047,0.2,185.6,46.01,110.5
7048,23.8,191.7,60.35,117.4
7049,0.8,192.1,49.37,103.2
7050,49.6,181.1,53.11,110.7
7051,14.4,201.8,53,132.2
7052,4.3,210.6,54.54,117.1
7053,3.1,172,51.3,119.1
7054,18.6,228.2,63.19,126.8
7055,33.9,190.2,39.19,110.4
7056,48.3,188.9,59.84,120.9
7057,4,157.9,50.73,100.4
7058,31.7,153.6,48.82,93.3
7059,5.2,161.3,47.08,99.9
7060,15.5,140,44.59,73.6
7061,7.8,201.6,58.61,142.8
7062,2.9,146.8,38.43,102.9
7063,34.3,178.7,57.25,130.1
7064,10.2,171.3,43.91,118.3
7065,14,171.8,46.7,106.3
7066,80.1,173.8,43.78,94.5
7067,5.3,167.4,55.53,108.7
7068,22.2,184,39.2,95.9
7069,20.1,192.2,49.45,123.7
7070,2.4,153.5,61.04,111
7071,56,185.6,48.86,113.1
7072,45.2,202.5,52.37,135.1
7073,16.1,196.9,46.68,95.7
7074,10.9,181.9,50.75,113.2
7075,2,186.5,43.56,98.6
7076,20.7,194.8,53.71,107.2
7077,8,198.1,50.67,107
7078,16.9,195.9,60.11,132.6
7079,5.1,176.7,43.97,86.4
7080,60,179.6,48.23,116
7081,37.9,171.2,50.79,106.1
7082,83.6,175.8,41.97,105
7083,6.4,176.5,35.59,97.3
7084,43,178.6,62.14,123.9
7085,4.8,176.3,51.66,110.6
7086,7.5,154.3,43.35,88.4
7087,66,220.4,46.75,108.6
7088,70.3,196.2,51.64,107
7089,7.6,187.3,53.15,143.9
7090,12.8,181.1,46.92,109.9
7091,0.5,197,58.43,140.3
7092,48.9,152.9,52.65,115.2
7093,51.8,162.3,39.63,93.2
7094,27,156.7,44.17,107.2
7095,1.4,148.5,54.18,113.7
7096,44.6,186.8,34.61,89.7
7097,15.7,197.1,40.74,105
7098,5.6,149.5,48.28,91.9
7099,26.2,227.7,49.4,130.2
7100,85.5,191.6,54.4,129.6
7101,47.6,187.3,44.21,100.1
7102,48.9,175.8,53.06,105.4
7103,1.2,191.5,58.14,105.8
7104,54.5,156.9,50.93,112.3
7105,10.8,191.5,54.01,114.7
7106,6.7,191.6,43.5,111.8
7107,55,175.2,43.74,94.7
7108,40.9,201.3,49.15,127.8
7109,28.9,178.8,51.19,109.6
7110,76.6,168.5,48.75,120
7111,0.1,173.1,36.98,89.5
7112,14.1,177.6,35.58,98.3
7113,10.4,185.2,56.73,126.7
7114,51.2,204.1,48.6,105.3
7115,4.8,179.9,47.14,126.5
7116,63.8,189.4,65.14,138.2
7117,20.6,171.1,44.17,86
7118,17.6,168.5,57.96,113.4
7119,44.5,192.4,59.51,134.4
7120,23.8,203.5,52.85,122.4
7121,11.6,149.4,55.42,106.1
7122,7.6,183.5,57.74,120.9
7123,33.7,160.2,51.7,101
7124,3,192.9,46.03,120.2
7125,53.1,179.9,39.35,109.8
7126,3.7,187.7,52.42,114.1
7127,1.4,161.1,37.15,103.3
7128,8.7,174.3,51.35,119.9
7129,10.3,211.2,49.44,144
7130,3.5,177.4,45.32,110.2
7131,4.8,164.6,51.29,131.1
7132,19.8,214.6,57.57,130
7133,0.3,169.4,42.61,90.9
7134,8.5,170.3,61.89,107.9
7135,5.2,186.9,48.81,119
7136,20.3,172.2,42.16,98.6
7137,0.8,169.7,50.39,116.5
7138,3,179.5,54.65,125.6
7139,10.4,215.2,44.07,110.1
7140,71.1,190.4,57.97,127.1
7141,31.8,181.7,40.27,106.5
7142,7.3,176.2,60.79,126.1
7143,28,179.5,55.36,130.2
7144,30.2,136.6,40.03,80.1
7145,30.4,146.8,40.1,109
7146,9.9,153.4,44.05,91.9
7147,10.4,176.1,57.04,131.7
7148,3.9,168.7,50.68,116.7
7149,6.4,197.2,41.59,110.5
7150,68.9,181.3,33.8,73.7
7151,10,215.2,52.76,133.2
7152,1.3,167.2,54.84,146.2
7153,6.8,140.6,50.74,97.2
7154,0.2,192.4,49.81,118.5
7155,9.8,157.2,52.86,102.9
7156,6.9,210.6,58.27,122
7157,11.6,216.8,49.85,132
7158,8.8,186.1,60.42,132.2
7159,46.4,214.4,53.73,111.9
7160,4.2,177.5,54.56,132.5
7161,8.2,198.3,45.56,111.3
7162,5.4,235.3,57.99,137.2
7163,1.3,186.3,49.03,117.3
7164,22.1,181.5,51.27,107.5
7165,39.8,183.3,57.56,124
7166,19.8,218,45.57,114.6
7167,18.5,178.2,44.44,107.3
7168,11.3,210.1,57.47,138.7
7169,1.8,184,56.49,117.8
7170,28.8,168.6,38.86,103
7171,103.5,132.9,45.46,99.9
7172,5,191,47.14,118.9
7173,18.2,202.1,38.41,101.6
7174,2,151.4,46.88,107.4
7175,21.3,187.9,45.71,116.1
7176,23.3,144.1,47.59,113.7
7177,29.4,145.4,48.55,110
7178,10.8,146.7,50.84,98.9
7179,18.7,138.8,41.62,79.1
7180,9.6,214.2,46.07,124.2
7181,39.4,216.2,36.75,112.4
7182,3,177.3,46.82,99.6
7183,49.3,147.5,45.63,88.1
7184,38,190.9,50.27,128.6
7185,3.9,171.2,45.66,102.6
7186,21.2,176.4,51.82,111
7187,20.5,163.2,51.36,115.1
7188,9.7,194.5,45.82,110.7
7189,7.1,192.4,55.41,113.8
7190,45.8,177.9,51.27,117.9
7191,6.9,167.7,54.49,113
7192,5.8,181.6,60.44,123.5
7193,29.2,177,54.54,105.6
7194,46.1,210.5,52.26,113.4
7195,78.4,200.9,48.12,96.3
7196,32.6,165.9,51.18,118.6
7197,63.9,156.6,60.49,115.1
7198,12.8,187.7,47.31,117.3
7199,14.5,169.6,56.37,110.6
7200,3.3,193.8,37.37,84.6
7201,9.2,198,50.98,114.3
7202,4.2,175.9,38.08,83.7
7203,1,177.9,47.28,112.3
7204,7.4,170.9,49.2,103
7205,25.7,159.9,53.8,116.1
7206,26.7,204.2,46.52,132.7
7207,2.7,188.7,55.65,128.9
7208,9.7,166.2,50.99,133.7
7209,3.7,177.5,37.6,111.5
7210,6.2,196,43.52,111
7211,25.8,218.1,36.96,110.2
7212,9.6,183.7,46.5,102.2
7213,23.5,167,53.99,124.5
7214,19.6,170,51.25,139.3
7215,16.4,207.7,44,104.5
7216,79.2,169.7,33.49,95.4
7217,37.9,198.5,48.17,130.1
7218,30,210.5,58.22,121.5
7219,10.5,167.4,61.56,111.8
7220,5.3,188,51.62,98.7
7221,10.7,195.7,57.34,124.5
7222,0.1,197.1,58.68,136.9
7223,0.3,175.3,60.74,143.2
7224,5.3,145.7,47.43,131.2
7225,16.2,172.3,51.53,104.4
7226,2.6,184,46.18,102
7227,37.8,183.2,50.8,97.7
7228,1.6,151.9,60.15,120.7
7229,33.7,186.8,46.8,119.1
7230,15.1,160,48.18,108.7
7231,17,160.2,61.34,109.1
7232,1.4,182.7,38.97,90.5
7233,21.8,198.2,55.06,143
7234,18,189.9,40.25,107.4
7235,18.3,163.6,35.22,79.8
7236,46.9,203.6,41.07,91
7237,20.7,196.6,52.74,108.8
7238,8.2,152.7,43.12,106.1
7239,1.3,166.2,43.63,94
7240,10.6,188,49.98,113.8
7241,13.2,186.4,42.02,98.2
7242,45.3,164.6,44.93,101.3
7243,20,193.6,48.89,100.6
7244,23.7,173.5,52.22,110.7
7245,21.1,174.7,46.92,100.1
7246,11.5,173.4,52.6,116.4
7247,20.3,182.5,48.38,112.9
7248,21.2,168.6,48.88,104.1
7249,15.3,204,51.11,112.9
7250,84.5,196.6,40.35,103.3
7251,42.2,198.7,42.55,109.4
7252,0.3,211,44.57,106.9
7253,29.5,157.4,44.1,109.1
7254,11.9,161,44.47,96.5
7255,0.9,162.4,46.04,98.4
7256,20.1,177.7,44.81,109.6
7257,4.7,200.1,49.14,124.7
7258,26.5,125.7,45.57,90.4
7259,0.7,164.8,54.39,119.5
7260,19.2,190.3,40.84,85.2
7261,3,178,49.71,121.2
7262,24.8,171.2,51.98,115.7
7263,18.6,171.9,40.99,89.3
7264,35.8,193.4,41.8,111.1
7265,21.9,157.6,39.01,112.3
7266,23.4,127.9,52.07,95.5
7267,13.3,172.8,50.93,110.9
7268,25.5,180.2,63.66,111.4
7269,39.1,177.1,51.88,132.4
7270,2.3,186.3,62.47,131
7271,40.9,152.6,47.02,95.8
7272,6.2,177.9,56.82,114.8
7273,60.9,173.4,50.54,125.1
7274,12,194.9,49.96,114.1
7275,7.8,165.5,51.15,114.3
7276,44.7,197.1,44.23,113.3
7277,36.8,187.4,50.83,106.2
7278,6.1,180.1,47.27,94.9
7279,32.5,198.4,54.25,122.5
7280,46.5,174.2,48.36,113.7
7281,2.2,226.3,53.79,124.7
7282,51.7,153.4,49.37,105.9
7283,8.3,181.2,56.44,119.4
7284,37.4,193.5,41.57,104.4
7285,5.2,201.1,48.72,106.1
7286,41.5,156.1,44.59,89.6
7287,11.3,174.7,61.96,113.6
7288,2.4,178,52.47,117.8
7289,84.1,198.2,48.99,117.8
7290,31.7,192.5,54.53,145.7
7291,11.3,197.6,55.94,120.1
7292,1.2,200.3,48.74,123.7
7293,59.1,204,48.79,105
7294,12.6,150.6,42.26,89.6
7295,18.4,168.2,43.82,118.9
7296,48.1,187.2,43.55,95.6
7297,19,167.3,47.22,123.6
7298,13.6,149.1,53.59,116.3
7299,0.5,157,45.13,110.1
7300,10.8,223.1,50.66,136.8
7301,28.8,223,46.65,118.1
7302,4.5,202.2,42.19,95.3
7303,51.6,180.7,53.13,112.3
7304,0.9,181.6,46.59,133.6
7305,21.7,182.7,49.81,103.7
7306,6.6,174.1,45.68,98.4
7307,2.1,175.1,36.23,84.5
7308,16.5,168.4,42.42,103.3
7309,32.9,146.2,63.03,128.6
7310,75.9,187.2,52.22,104.2
7311,10.2,190.6,47.31,110.3
7312,42.9,156.9,47.66,99
7313,21.8,169.8,44.79,112.1
7314,8.9,193.6,57.7,125.3
7315,38.7,190.2,42.18,95.4
7316,8.6,180.8,45.89,113.2
7317,4.9,197.3,45.03,115.9
7318,52.9,178,42.07,98.7
7319,4.7,202.2,54.27,116.8
7320,41.4,209,66.18,146.9
7321,28.7,176,49.12,110.8
7322,25.8,209.2,44.21,131.3
7323,1,175.1,53.96,114.3
7324,3.3,195.1,55.66,120.2
7325,17.1,186.7,49.7,93.7
7326,33.7,136.5,52.42,99.3
7327,18.3,202.5,42.32,108.9
7328,11.8,156.4,41.4,82.3
7329,26.2,203.9,47.7,117.8
7330,7.4,178,39.12,91.6
7331,23.5,169,49.73,114.5
7332,18,166.9,51.89,118.5
7333,6.7,164.8,38.31,98.9
7334,9.5,165.6,57.07,100.4
7335,1.6,172.9,54.66,108.8
7336,13.4,154,42.85,99
7337,1.5,165.7,55.87,120.6
7338,17.2,172.8,61.57,135.7
7339,1.6,183.5,57.94,109.2
7340,1.6,182,41.18,110.1
7341,6.6,196.7,49.14,135.7
7342,33.6,196.7,52.51,129.3
7343,4.2,182.7,58.38,130.1
7344,23.5,192.2,50.79,129.7
7345,21.3,165.5,55.41,119.2
7346,7.6,206,49.51,115.2
7347,3.5,172.9,48.1,110.8
7348,0.3,181.2,52.76,111.3
7349,4,200.6,39.39,111
7350,41,166.3,53.35,113.9
7351,13.4,177.4,55.97,114.1
7352,35.3,186.9,36.79,92.5
7353,10,203.5,50.97,132.4
7354,41.9,144,46.31,66.7
7355,65.2,193.5,44.52,112.8
7356,0.7,182.5,50,96.3
7357,26.3,200.2,48.73,134
7358,18.1,170.3,47.33,85.1
7359,7.6,178.4,56.38,121.1
7360,60.3,178.6,60.74,109.4
7361,6.9,178.8,51.92,117.7
7362,9.2,155.3,44.58,97.3
7363,32.3,183.8,46.78,119.2
7364,23.1,188.4,57.45,120.2
7365,27.2,158,42,91.6
7366,38,184.2,34.85,95.9
7367,8.4,142.7,44.14,87.6
7368,19,163.7,32.42,91.2
7369,7,161.6,50.49,88.7
7370,3.9,185.1,45.44,113.1
7371,6.4,163.7,52.39,103.2
7372,12.1,141.7,53.95,94
7373,6.1,178.6,61.67,115.7
7374,2.6,147.7,41.23,89.4
7375,47.5,174.5,43.52,108.9
7376,45.6,154.8,58.29,108.1
7377,43.1,212.8,57.8,132.5
7378,3.1,208.4,48.95,113.5
7379,4.8,202.4,42.55,111.2
7380,41,194.1,47.03,116.2
7381,0,173.4,47.61,111
7382,20.5,194.5,42.45,116
7383,7.6,155.9,47.34,98.4
7384,73.9,182.8,46.07,120.4
7385,2.1,161.1,40.66,76.8
7386,60,165.4,52.59,113.1
7387,24.2,160.7,59.19,118.5
7388,9,179,39.31,101.5
7389,17.6,157.8,47.19,99.9
7390,25.7,229.5,45.07,132.9
7391,41.6,187.7,56.75,119
7392,7.3,192.5,46.33,115.8
7393,42,168.4,50.85,127.1
7394,6.5,176.1,45.3,114.8
7395,3.6,144.7,58.17,112.5
7396,2.4,155,61.73,121.2
7397,8.7,163.1,43.07,85.7
7398,18,180.1,50.47,102.4
7399,4.4,184.2,54.83,104.2
7400,23.7,179.4,44.94,119
7401,8.2,159.7,48.05,95.3
7402,35.6,199.6,43.11,114.7
7403,6.7,189.6,39.99,99.4
7404,23,176,58.74,120.3
7405,14.6,159.7,36.75,91.9
7406,24.1,171.5,53.73,113.9
7407,21.6,172.9,40.61,87.6
7408,3.4,147.5,48.77,92.4
7409,8.7,171.6,48.78,111.6
7410,40.9,203,43.45,110.2
7411,10.2,206.1,46.79,130.3
7412,15.1,182,46.83,92.3
7413,3.6,170.5,43.28,104.1
7414,25.9,163.1,60.16,131.4
7415,17.9,148.2,42.17,108.5
7416,3.7,187.4,48.34,125.3
7417,0.1,185.5,57.19,138.4
7418,63.3,150.3,48.4,105.4
7419,17.7,197.9,47.13,105
7420,31.2,141.8,55.1,107.3
7421,18.6,193,50.43,99.7
7422,25.3,186.6,58,126.2
7423,26.1,166.6,53.12,114.8
7424,21.3,208.4,46.28,110.9
7425,16.4,163.9,55.17,106.4
7426,48.9,187.1,47.12,119.1
7427,1.1,189.9,52.16,122.8
7428,13.6,190.6,45.57,106.5
7429,52.8,156.8,56.32,104.4
7430,3,192.6,54.56,129.3
7431,5.1,154.5,55.27,122.2
7432,42.5,151.9,55.19,122.4
7433,3.5,170.6,61.1,111.1
7434,35.4,208.6,53.75,126.4
7435,35.6,169.1,50.69,107.4
7436,27.4,191.6,53.09,120.9
7437,28.9,195.6,46.63,107.8
7438,2.8,210.5,48.55,138
7439,10.9,211.3,32.67,101
7440,16.1,156.2,41.16,105
7441,25.9,160.2,53.92,106.2
7442,19.8,189.6,45.3,109
7443,74.4,215.6,50.48,139.6
7444,58.3,169.7,39.03,81.2
7445,78.5,196.2,57.2,136.2
7446,14.8,204.5,57.45,144.4
7447,9.1,166.4,45.99,100
7448,8,158.5,52.97,103.9
7449,22.6,196.2,49.52,92.2
7450,19.2,118.6,44.48,95.4
7451,1.8,181.7,37.4,82.9
7452,28,192,54.31,122.9
7453,74.3,144.2,51.04,113
7454,4.9,159.1,54.55,106.4
7455,24.2,223,61.52,139
7456,32.2,175.3,47.35,101.8
7457,20.1,184.9,43.64,104.5
7458,0.1,164.1,49.98,101.1
7459,0.9,193.2,50.66,121.5
7460,112.8,163.5,55.56,123.6
7461,2.9,196.3,56.45,123.8
7462,21.7,159.2,43.89,106
7463,67.8,182.4,52.33,116.7
7464,33.7,171.6,49.21,103.2
7465,20.9,174.4,47.33,117.5
7466,12.2,162.2,42.92,100.2
7467,58.6,191.2,58.95,120.1
7468,76.5,151.9,46.2,108
7469,7.9,209.3,50.04,129
7470,22.2,177.7,36.91,88.4
7471,10.7,204.4,36.91,91.6
7472,33.1,195.8,56.74,109.4
7473,13.3,160.2,61.83,138.8
7474,0.4,219.6,59.71,141.5
7475,7,182.9,46.41,121.4
7476,15.4,164.3,48.27,112.5
7477,8.2,159.6,39.81,108.9
7478,28.6,149.5,48.37,112.1
7479,26.3,153.2,49.18,88.7
7480,4.6,196.4,39.72,90.4
7481,11.7,169.5,43.84,95.4
7482,31.2,168.5,44.51,95.4
7483,14.8,152.4,53.23,108
7484,18.3,127.5,59.04,127
7485,16.8,175.9,36.35,115
7486,65.7,141.1,42.16,90.7
7487,37.3,185.4,49.75,121.4
7488,10.2,171,38.06,93.6
7489,2.7,194,44.81,122.8
7490,63.5,218.7,36.77,102.9
7491,40.4,170.5,44.6,105.7
7492,29.7,191.6,53.44,118.2
7493,43.2,177.4,44.55,126.4
7494,10.9,184.2,55.5,139.8
7495,4,197.6,42.23,121.7
7496,2.9,206.9,38.02,93.9
7497,31.3,193,46.79,113
7498,22.8,180.1,43.97,110.5
7499,53.8,194.8,51.29,115.9
7500,12.7,195.2,37.32,92.8
7501,67.3,183.2,56.12,143.7
7502,1.3,189,47.16,108.2
7503,1.7,158.5,42.77,102.1
7504,7.5,188.3,42.37,111.7
7505,2.9,187.2,49.69,108.9
7506,9.6,194.8,56.16,117.4
7507,14.8,194.6,62.71,152.6
7508,21.2,192.4,56.58,122.3
7509,0.1,155.5,48.2,88.1
7510,51.9,184.5,55.59,108
7511,22.1,186.3,61.63,130.7
7512,11.7,158.6,44.27,95.7
7513,3.3,194.4,61.2,131.2
7514,7.1,165.3,43.11,77.8
7515,24.2,143.9,44.06,115.1
7516,24.4,165.4,59.02,142.9
7517,2.2,200.4,49.8,110.7
7518,20.8,156,46.44,115.4
7519,9.4,159.9,39.43,97.3
7520,6,182.5,49.36,105.5
7521,39.3,209.3,41.4,115.3
7522,1.5,170.3,56.97,125.7
7523,5.2,171.5,47.31,118
7524,24.5,202.7,50.67,111.9
7525,15.9,176.2,42.16,104.7
7526,54.9,185.6,50.82,134.1
7527,11.4,205.6,57.02,120.7
7528,4.5,189,49.1,120
7529,22.8,167.8,52.61,118.4
7530,70.5,177.5,54.84,135.2
7531,15.8,169.9,52.19,114.1
7532,12.5,183.5,50.04,110.8
7533,10.5,175.3,52.25,124.3
7534,15.6,168.6,32.15,62.7
7535,10,210.8,55.69,135.8
7536,37.9,156.3,50.39,108.2
7537,3.6,176.7,43.08,98.5
7538,36.4,174,56.32,123.4
7539,23.5,169.7,58.35,135.2
7540,16.9,209.9,69.18,153.2
7541,3.1,133.6,57.12,116.3
7542,65.9,144.7,45.24,102.7
7543,4.2,153.7,54.29,120.1
7544,56.5,165.4,41.52,124.1
7545,74.4,187.5,51.53,124.7
7546,56,192.1,54.58,117.1
7547,43.7,169.5,56.87,103.1
7548,15.8,181.1,49.06,122.1
7549,1.3,172.4,49.89,121.6
7550,68.1,185.2,54.4,121.7
7551,21,191.4,39.84,104.8
7552,10.4,176.6,49.96,105.5
7553,36,206.5,57.22,122.2
7554,25.3,183.3,64.43,125.6
7555,7.5,139.1,50.78,80.8
7556,1.5,160.1,45.94,99.2
7557,2.6,213,54.48,142.1
7558,60.7,198.5,50.65,128.6
7559,2.5,163.4,49.24,114
7560,29.5,170.1,40.26,87.7
7561,14.5,189,56.36,128.6
7562,30.8,127.4,53.1,85.1
7563,0.6,163.3,60.69,121.1
7564,0.8,198.7,55.13,133
7565,10.9,176.6,55.31,117
7566,34.8,205.6,49.96,115.9
7567,21.1,170.7,47.33,101.3
7568,4.4,157.1,58.56,118
7569,8.4,200.8,58.67,172
7570,46.3,153,53.14,102.3
7571,39.1,189.1,54.43,127.3
7572,12.3,158.6,54.94,104.9
7573,23.7,159.4,50.11,103.8
7574,27.9,181.6,59.23,111.8
7575,87.3,153,51.63,93.9
7576,6.8,182.4,59.66,136.3
7577,83.7,176.3,55.6,107.8
7578,28.2,202.4,51.78,129.8
7579,6.8,181.1,58.59,129.5
7580,30.2,173.7,51.24,95.7
7581,1.8,165.4,44.98,116
7582,4,192.6,53.3,116
7583,34.8,196.4,44.78,118.3
7584,6.7,170.6,51.38,102.4
7585,0.7,141.2,49.23,103.4
7586,25.9,178.6,43.1,88.8
7587,2.3,162.5,50.05,106.1
7588,17.3,188.8,41,125
7589,23.7,189.2,40.77,103.7
7590,48.4,200.9,43.81,111
7591,22.3,157.8,50.24,92.9
7592,22.1,147.1,59.82,118.9
7593,16.6,156.9,40.85,93.7
7594,16.8,164.8,56.08,121.1
7595,24.2,139.3,44.08,95.9
7596,8.1,188.9,47.76,116.2
7597,14.2,152.9,51.04,106.3
7598,30.6,205.9,42.49,119.8
7599,4.4,184.6,50.71,114.3
7600,8.8,211.9,36.42,109.9
7601,18.6,135.9,32.5,84.9
7602,63.5,161.9,48.58,126.2
7603,9.3,169.5,51.69,100.3
7604,4.1,195.8,51.55,122.1
7605,15.8,174,42.95,96.2
7606,50.1,214.1,46.25,135.2
7607,27.7,205.9,43.62,122.2
7608,29.9,194.1,50.14,129.8
7609,7.5,161.3,64.74,140.9
7610,41.3,143.7,51.03,116.9
7611,10.2,154.6,48.44,103.3
7612,8,150.9,37.29,79.6
7613,19.1,184.9,47.91,114.4
7614,19.5,180.5,65.45,136.6
7615,24.1,198.9,40.13,120.2
7616,6.3,227.7,43.66,131.1
7617,1.4,127.2,47.74,110.6
7618,26.9,182,46.85,100.8
7619,18.5,176.3,50.29,116.7
7620,19,177,47.34,118.8
7621,4.8,189.1,44.5,108
7622,77.3,165.3,45.42,106.6
7623,25.6,179.2,53.94,118.7
7624,5.3,167.5,55.55,90.7
7625,4.8,189.2,50.7,125.7
7626,10.6,173.5,46.29,101.4
7627,56.8,193.7,57.44,141.8
7628,7.8,185,63.77,140.4
7629,11.6,189.7,59.94,139.1
7630,8.7,169.5,55.16,107.1
7631,9.7,183.6,53.37,112.9
7632,38.3,192,50.15,109.3
7633,11.4,187.1,50.06,117.7
7634,21.3,160.5,50.89,102.4
7635,2.3,157.9,50.95,104.5
7636,55.4,170.6,56.16,117.7
7637,5.4,168.1,45.25,101.8
7638,69,192,44.92,115.9
7639,6,205.9,54.29,118.7
7640,9.6,145.3,47.93,102
7641,116.1,182.2,53.19,136
7642,0.1,175.3,32.75,93.8
7643,70.9,184.8,47.15,113.5
7644,92.6,154.2,45.96,104.7
7645,11.8,177.2,42.45,103.5
7646,76,204,42.82,115
7647,18.4,189.2,49.97,128.8
7648,26.5,203.7,42.13,100.2
7649,5.7,175.2,43.9,110.4
7650,18.1,176,47.49,101.1
7651,16,206.3,47.87,138
7652,87,155.3,59.28,128.9
7653,0.7,166.3,56.38,124.3
7654,0.7,182.7,54.74,104.8
7655,21.6,196.3,48.58,121.9
7656,37.2,165.5,51.09,111.7
7657,16.4,173.5,47.95,110.3
7658,5.3,194.5,56.62,136.9
7659,21.4,180.1,42.16,119.9
7660,1.4,128.6,50.18,96.2
7661,2,185.8,52.32,109.2
7662,4.6,194.2,57.8,130.9
7663,15.9,147.9,55.83,121.5
7664,3.7,163.5,63.97,128.2
7665,10.6,147.5,48.28,98.8
7666,0.5,158.2,47.06,101.1
7667,8,188.7,47.84,115.6
7668,17.1,190.8,47.05,119.1
7669,3,159.7,56.42,117.3
7670,0,195.3,44.03,99.2
7671,3.9,186.4,54.93,127.4
7672,4.2,165.4,57.81,124.2
7673,20.9,183.4,62.15,148.1
7674,64.7,178,50.33,112
7675,18,176.1,42.58,91.7
7676,12.2,179.3,60.44,142.2
7677,11.7,195,51.08,127.2
7678,7.4,216.9,47.43,107.7
7679,9.4,191.2,41.88,92.9
7680,22.6,193.2,58.3,128.5
7681,4,202.8,54.1,127.5
7682,7.4,122.5,54.1,96.7
7683,22.6,207.6,46.58,119.9
7684,17.5,186.7,50.87,118.9
7685,10.2,169.1,47.39,116.8
7686,3,170.5,36.95,98
7687,18.7,191.1,46.32,104.5
7688,69.3,186.8,53.21,107.5
7689,5.1,179.8,47.54,120.9
7690,3.8,164.2,57.54,117.6
7691,13.3,185.2,49.92,99
7692,42.3,179.4,52.72,116.5
7693,30.1,185.5,46.57,93.9
7694,43.7,152,42.98,99.5
7695,12.7,187.5,33.46,90.1
7696,47.9,172.6,42.89,89.8
7697,0.5,179,49.75,105.1
7698,29.2,164.8,46.64,93.6
7699,39.7,179.7,39.12,102.9
7700,17.8,170.7,48.61,117.6
7701,1.8,182.6,43.11,108.9
7702,20.8,195.3,50.22,113.3
7703,12.1,193,57.77,130.4
7704,11.1,218.3,46.84,134.5
7705,17,210.8,57.53,126.6
7706,2.5,179.5,45.2,101.5
7707,1,167.8,53.77,113.5
7708,1.9,151.2,41.11,88.9
7709,59.9,195.1,58.73,122.9
7710,23.3,161.1,53,104.1
7711,37.3,192.5,50.79,116.3
7712,7.2,140.1,56.01,107.6
7713,17,220,62.27,149.4
7714,3.8,174.3,39.82,103
7715,10.7,194.7,41.76,111.7
7716,13.6,153.7,38.02,95.9
7717,1.2,191.6,50.16,107.4
7718,5.2,157.1,49.48,119.1
7719,20.6,172.2,55.2,126.6
7720,4,168,47.01,99.4
7721,44.9,186.5,38.08,112.1
7722,10.2,158.9,51.92,111.6
7723,15.1,221.7,63.8,137.5
7724,41.8,175.7,40.34,113.2
7725,11.7,196.3,55.51,121.6
7726,0.9,178.2,46.51,98.7
7727,5.9,204.2,54.67,141.6
7728,0.4,187.3,52.29,128.5
7729,35.6,153.5,53,113.1
7730,0.9,132.4,54.19,90.2
7731,21.2,169.8,53.68,119.1
7732,8.3,192.3,50.22,106.1
7733,51.4,203.4,53.87,124.6
7734,22.5,131.6,40.55,90.8
7735,7,181.7,42.7,111.2
7736,7.3,158.4,51.46,101.1
7737,28.7,187.8,45.39,105
7738,6.4,183.6,54.86,106.3
7739,21.3,173.5,46.62,109.7
7740,56.3,186.1,41.09,104.3
7741,4.4,201.3,47.6,110.1
7742,7.5,197.6,48.93,121.5
7743,0.3,155.7,42.3,119.6
7744,10,191.3,51.3,118
7745,4.9,186.2,53.5,116.3
7746,15,167.1,45.25,118.1
7747,2.3,159,54.07,103.8
7748,24.8,163.4,48.15,125.7
7749,21.8,191.4,45.1,102.2
7750,12.2,169.1,65.18,108.5
7751,42,173.9,53.62,124.4
7752,0.5,173,58.46,115.2
7753,16.4,192.2,51.32,116.2
7754,12.4,202.6,59.18,133.6
7755,0.4,163.8,53.76,112.3
7756,36.9,189.3,56.49,127.4
7757,20,190.4,46.14,107.8
7758,18.2,200.2,59.63,136.2
7759,18.9,177.9,44.32,113.6
7760,9.8,151.2,46.18,103.7
7761,16,175.7,45.55,101.1
7762,42.1,188.4,42.45,98
7763,21.8,169.5,53.28,116.1
7764,30,193.2,56.95,122
7765,68,189.7,47.74,117.5
7766,4.2,185.7,43.08,103.6
7767,40,176.8,47.83,122.1
7768,64,188.1,51.27,125.5
7769,18.8,230.9,59.79,149.8
7770,39.1,226.8,54.98,140.6
7771,48.6,177.1,39.93,98
7772,0.3,145.3,48.38,111.2
7773,0.9,176.8,46.76,140.6
7774,25.7,173,50.63,134.7
7775,13.8,200.5,51.41,129.5
7776,5.2,154,53.7,98.4
7777,21,213.4,43.35,123.6
7778,8.3,204,43.94,125.6
7779,49.7,183.4,49.3,124.4
7780,9.2,187.5,50,117.3
7781,2.7,178.6,34.28,100.4
7782,0.7,175.9,53.36,104
7783,1.6,164.1,44.32,84.8
7784,21.1,191.9,56.8,133.7
7785,5.4,145.7,52.16,101
7786,46.1,166.4,55.5,121.7
7787,0.4,196.3,47.5,117.1
7788,92.1,179.5,50.2,93.6
7789,114,168.2,51.99,133.7
7790,1,150.3,42.26,96.5
7791,9.5,195.1,44.57,124.5
7792,32.7,184.5,56.39,129.4
7793,28,201.1,67.93,147.7
7794,13.6,193.9,58.83,130.2
7795,59.2,179.2,63.38,126.1
7796,28.7,151.8,50.18,103.3
7797,25.6,166.2,41.3,106.4
7798,15.1,177,67.7,139
7799,26.7,156.2,51.62,97.2
7800,0,184.5,52.43,115.3
7801,2.1,203.8,53.8,119.4
7802,15.2,164.1,50.69,120.5
7803,2,220.3,42.47,133.5
7804,25.5,173.1,49.85,113.4
7805,66.1,206.7,35.09,105.1
7806,52.9,201.7,57.75,121.8
7807,29.7,171,42.86,114.3
7808,6.7,156.2,44.17,102.5
7809,15.3,178.3,46.88,102.8
7810,13.5,171.6,41.79,72.8
7811,12.1,170,56.79,112.7
7812,1.2,140.6,61.55,110.6
7813,48.2,185.2,42.96,114.4
7814,8.1,157.8,60.21,123.4
7815,19.3,185,56.59,110.7
7816,13.8,198.2,44.43,122.9
7817,2.9,182.5,59.91,140.6
7818,12,174.6,51.42,86.1
7819,29.7,210.1,42.54,121.4
7820,0.8,178.1,46.53,124
7821,2.5,178.9,55.57,116
7822,21,212,56.03,125.4
7823,2.3,181.2,40.76,96.2
7824,5.3,171.1,51.71,104.4
7825,7.1,202.6,57.64,138.5
7826,45.9,175.2,46.51,114.7
7827,36.3,182.4,55.71,118.3
7828,55.9,221,42.08,104.5
7829,15.2,189.6,43.23,99.2
7830,90.8,188.4,53.04,136.5
7831,5.7,170.7,54.52,130.8
7832,1.6,193.6,38.66,109.1
7833,15.1,136.9,35.28,90
7834,46.7,182,57.63,128.3
7835,37.1,159.2,57.6,109
7836,1.1,177.7,51.3,116
7837,141.6,165.1,47.71,112.6
7838,10.7,181.9,46.69,105.6
7839,86,194.4,47.49,106.8
7840,8.8,257.4,44.21,120.1
7841,29.4,158.9,44.46,98.2
7842,42.2,210.3,47.17,136.2
7843,32.6,193.1,62.06,121.3
7844,10.9,158.6,46.83,87
7845,6.5,159.3,46.54,84.6
7846,27.8,202.5,68.18,144.5
7847,26.6,187.8,56.54,120
7848,42.1,207.9,48.88,147
7849,7.9,178.9,51.68,130.1
7850,26.4,191.5,59.02,125
7851,12.4,183.4,54.58,118.3
7852,2.4,184.8,51.73,119.7
7853,22.1,195,50.39,116
7854,12.8,187.3,51.71,113.4
7855,30.5,165.6,47.32,120.8
7856,2.9,183.9,51.23,127.2
7857,47.4,166.8,55.36,118.4
7858,19.3,224,55,144.8
7859,44.4,194.8,48.42,97.7
7860,3,182,45.1,129
7861,85.1,169.6,44.59,109.1
7862,11.9,180.3,39.95,103.3
7863,41.9,198.5,52.38,135.8
7864,127.8,171.5,58.21,114.2
7865,40.4,147.5,45.07,95.1
7866,9.4,164.4,44.42,115.6
7867,28.5,187.7,33.75,94
7868,8.6,174.4,44.36,94.8
7869,70.1,198.6,59.73,138.3
7870,27.7,188.9,51.84,117.4
7871,8.9,185.1,45.29,118.6
7872,74.1,198.3,53.46,110.1
7873,56.8,171.7,58.09,106.4
7874,6.5,200.2,37.1,118.3
7875,1.6,181.4,50.27,113.3
7876,25.4,157.5,52.94,84.1
7877,22.2,150.7,60.76,117.7
7878,5.8,167.5,44.2,114.9
7879,3.8,207.9,51.91,118.5
7880,8.9,171,46.22,112.2
7881,7.3,186.8,48.2,109
7882,2.5,174.3,47.07,122.1
7883,110.8,190.7,55.32,135.3
7884,4.6,123.4,55.98,114.2
7885,22.7,161.8,53.46,104.4
7886,29,193.4,40.24,113.2
7887,44.8,159.3,34.89,76.6
7888,66.5,192.2,52.63,113.7
7889,4.9,175.3,49.78,114.3
7890,31.4,156.7,41.32,97.5
7891,1,151.5,48.29,92
7892,4.3,193.9,52.17,138
7893,9.8,153.4,52.44,96.7
7894,101.2,188.3,45.76,103.8
7895,42.9,175.8,41.55,104.6
7896,22.3,221,47.07,122.2
7897,2,196,48.6,118.3
7898,35.2,173.8,54.1,84.7
7899,43.1,183.4,49,105
7900,1.2,181.2,46.72,105.9
7901,66.4,202.3,58.67,132.1
7902,16.2,179,52.13,129.7
7903,11.5,146.4,59.16,97.8
7904,3.4,198.2,45.18,144.5
7905,39.4,192.2,49.12,112.8
7906,1.6,167.3,48,100.9
7907,4.2,173,64.63,141.9
7908,8.6,168.7,47.93,103.5
7909,3.4,184.3,44.69,118.2
7910,55.3,180.6,62.2,128.1
7911,9.3,213.3,39.87,99.4
7912,8.9,181.9,47.55,128
7913,22.5,170.8,48.3,109.8
7914,10.1,189.5,49.64,127.5
7915,5.1,147.9,44.53,92
7916,7.1,166.3,57.83,107.3
7917,11.5,192.5,41.32,123.1
7918,29.1,199.2,42.72,102.1
7919,20.9,187.7,33.72,81.2
7920,0.8,179,55.65,119.2
7921,17.4,192.5,63.96,122.8
7922,3.6,161.6,62.13,135.8
7923,118.1,188.1,47.21,99.3
7924,19.9,212.8,45.76,112.9
7925,12,173.5,41.12,99.4
7926,22.2,181.1,53.05,120.4
7927,5.6,157.2,49.9,86.8
7928,19.7,197.9,36.42,111.6
7929,25.5,180,31.22,73.3
7930,37.6,193.3,58.39,131.1
7931,1,180.4,55.69,136.6
7932,20.5,253.3,52.51,124.1
7933,31.5,178,44.94,99.8
7934,16.2,189.6,47.94,116.5
7935,8.3,181.3,44.88,104.7
7936,36.2,184.8,46.76,97.9
7937,22.5,197.2,55.93,122.3
7938,28.7,158.6,47.53,114.6
7939,18.8,162.3,37.9,78.9
7940,8.7,185.9,47.38,120
7941,69.4,178.9,47.62,99.2
7942,48.7,163.9,47.75,125.5
7943,26.5,134.8,41.84,94.2
7944,83.2,169,56.19,101.4
7945,21.6,196.3,44.27,117.8
7946,9.9,213.4,48.64,125.4
7947,38.4,225.2,48.44,124.4
7948,16.5,198.9,45.74,119.4
7949,34.3,194.2,62.54,128.6
7950,28.6,147.9,60.63,128.1
7951,2.1,179.1,35.37,99.5
7952,6.5,174.5,53.33,131.2
7953,0.2,143.7,47.72,90.5
7954,7.7,196.4,50.65,112.6
7955,6.3,187.5,50.68,111.3
7956,6.5,175.6,48.08,112.4
7957,61,176.4,46.32,118.9
7958,39.6,191.6,53.59,136.3
7959,11.4,196.4,39.65,96.1
7960,8.2,192.9,34.28,117.8
7961,2.5,181.1,46.7,114.2
7962,24.6,213,55.41,132.4
7963,4.4,162.4,33.39,85
7964,6.4,196.4,54.06,129
7965,69.4,167.2,30.61,99.3
7966,34.3,148,55.92,104.6
7967,37.2,171.6,56.82,107.7
7968,52.8,161.3,43.3,113
7969,7.7,186.2,45.73,116
7970,0.2,224,57.39,147.1
7971,8.8,164.2,59.34,112.5
7972,36,158.3,42.3,93.3
7973,13.9,166.2,48.37,82.3
7974,80.1,202.8,37.26,119.6
7975,21.6,173.2,47.72,95.7
7976,79.1,212.2,55.15,141.3
7977,5.4,133.1,57.87,107.5
7978,3.6,147.5,48.5,105.4
7979,10.4,183.2,42.91,88
7980,12.1,188.3,52.22,124.7
7981,51.1,165.3,40.73,113.4
7982,20.9,194.4,49.62,132.7
7983,6.4,179.3,46.73,112.4
7984,55.2,170.7,38.42,97.6
7985,23.8,163.1,59.8,130.6
7986,54,176.8,50.03,119
7987,16,160.8,52.98,115.7
7988,0.6,168.2,54.76,122.4
7989,37.2,197.5,50.79,118.4
7990,5,186.5,49.93,116.4
7991,3.7,216.1,55.24,129.5
7992,41.8,166.1,49.5,123.9
7993,16.2,189.9,57.22,127.8
7994,7.1,177.8,39.93,105
7995,9.4,181,45.05,101.1
7996,3.8,154,46.13,90.8
7997,44.6,203.8,55.8,153.4
7998,12.2,173.3,54.09,106.4
7999,24.9,179.7,45.39,107.8
8000,22.9,184.9,37.44,96.3
8001,4.5,155.2,49.99,104.2
8002,4.8,197.2,43.55,118.5
8003,8.8,176.7,49.59,100.7
8004,4.7,176.3,32.71,75.3
8005,4.4,178.1,56.97,117.7
8006,29.8,194.4,40.59,100.5
8007,2.3,186.9,44.92,130.6
8008,35.2,192,44.11,112.1
8009,35.1,165.5,61.3,122.7
8010,2.4,152.8,51.59,106.8
8011,13.5,183,57.52,112.2
8012,35.7,217.7,43.68,120.3
8013,20,218.2,51.26,118.9
8014,8.8,166.8,52.39,103.7
8015,6.8,160.8,47.31,109.2
8016,3.4,193.1,40.76,113.2
8017,16.8,170.1,59.05,122.6
8018,2.4,204.8,53.42,122.5
8019,10,180.5,42.7,100.5
8020,55.8,152.5,55.81,119.8
8021,19,180,49.11,123.6
8022,35.5,202,52.72,129.1
8023,6.7,200,43.08,122.5
8024,10.3,174.3,50.1,119.7
8025,7.2,181.7,52.27,111.3
8026,2.5,156,50.22,111
8027,12.9,181.2,43.34,106.9
8028,1.7,164.5,60.42,115.3
8029,15.7,215.3,49.6,118.9
8030,13.2,182.6,46.03,113.8
8031,12.8,178.9,56.24,119
8032,33.1,162.2,54.1,107.1
8033,10.7,212.6,49.85,132.6
8034,71.6,131.4,50.54,89.7
8035,12.8,201,47.56,124.5
8036,6.6,192.2,43.48,112.9
8037,2.7,185.5,52.19,109.4
8038,0.6,179.8,46.78,90.1
8039,33.5,157.3,55.75,98.6
8040,87.2,159.8,46.35,115.7
8041,19.5,194.9,51.77,125.5
8042,2.9,180.3,50.46,110.1
8043,17.6,172.6,48.45,102.9
8044,39.2,195.8,54.74,123.1
8045,36.2,167.8,40.84,91.6
8046,24.2,204.2,44.98,95.2
8047,33.3,161.4,52.12,106.6
8048,10.6,177.5,64.19,133.1
8049,8.3,204.1,54.1,102.4
8050,14.5,194.8,67.46,124.3
8051,22.1,149.9,57.81,114.2
8052,37.4,157.2,59.21,128.2
8053,14.1,185.4,44.58,94.3
8054,5,156.1,47.21,92.8
8055,53.3,196.7,49.36,112.6
8056,35.4,174.7,72.7,151.8
8057,12.3,195.6,45.29,103.8
8058,8.5,173.6,39.7,96.9
8059,26.3,191.2,55.07,122.9
8060,76.6,191.3,50.01,103.9
8061,47.2,187.3,53.57,124
8062,8,148.4,39.1,91.2
8063,67.2,171.4,65.22,127.6
8064,47.2,182.5,46.62,120.1
8065,118.1,162.7,50.5,112
8066,7.2,192.8,50.42,111.7
8067,7.2,180.8,52.23,95.9
8068,1.3,168.4,51.39,113.8
8069,20,174.5,63.19,136
8070,3.6,164.6,51.31,110.4
8071,12.6,180.9,42.55,106.3
8072,21.5,162.2,51.52,105
8073,19.1,154.6,48.24,103.9
8074,1.3,201.5,53.62,134.4
8075,2.5,205.6,53.09,132.6
8076,27.8,199.5,59.11,127.6
8077,13.1,176.9,53.93,123.4
8078,82.6,164.5,49.55,126.4
8079,58.4,176.9,43.54,107.1
8080,12.9,159.1,50.66,105.6
8081,6.1,196.6,56.06,140.7
8082,9.3,121.9,51.47,104.5
8083,28.9,187.8,51.38,118.2
8084,4.3,190.5,46.03,104.3
8085,30,208.4,53.39,132
8086,14.6,193.8,55.02,138.3
8087,12.5,173.8,52.35,107.3
8088,10.2,173.1,45.4,105.7
8089,4,173.7,42.95,107.4
8090,59.5,177,53.48,101
8091,0.3,160,47.72,99.6
8092,52.6,184.8,52.12,122
8093,18.9,173.5,49.29,112.7
8094,85.6,188.2,55.78,115.4
8095,22.1,166.4,57.94,111.8
8096,26.9,198.4,42.77,108.7
8097,0.9,187.9,45.25,119.4
8098,39.8,167,39.17,111
8099,11.2,189,52.2,114.3
8100,3.5,211.2,53.93,123.1
8101,69.8,191.9,58.02,117.5
8102,31.2,179.1,56.39,125.1
8103,4.4,152.1,48.9,119.5
8104,4.6,204.8,52.19,109.5
8105,50.6,185.4,39.19,86.2
8106,4.6,166.4,38.89,116.5
8107,13,184.4,56.97,126.7
8108,7.4,178.7,60.66,115.6
8109,28.1,159.6,56,109.9
8110,36.7,156.2,28.47,80.4
8111,47,156.6,55.16,105
8112,12.3,144.1,59.74,116.1
8113,15.7,200.8,41.66,117.6
8114,1.1,167.4,50.09,113.8
8115,8.9,186.5,46.85,115.2
8116,32,140.4,48.63,93.5
8117,13.7,166.8,40.53,111.1
8118,81.6,189.2,57.3,145.5
8119,10,207.7,40.95,108.9
8120,9.2,186.2,47.6,118
8121,6.1,187.4,56.91,115
8122,15.2,174.3,45.81,112.6
8123,45.5,176.7,33.58,92.3
8124,22.1,181.4,47.08,100.4
8125,36.4,164.6,61.14,125.7
8126,78.7,160.7,55.35,109.9
8127,0.1,181,46.53,117.5
8128,61.4,169.3,47.46,113.3
8129,21.5,180.5,42.7,110
8130,17.1,224.5,56.54,145.7
8131,29.8,155.5,52.42,104.6
8132,17.5,163.4,47.77,100.5
8133,7.3,207.9,55.37,109.7
8134,13.2,152.8,58.85,129.9
8135,37.2,186.1,48.48,112.7
8136,58.8,219.5,43.98,105.7
8137,1.1,206.5,56.68,125
8138,0.9,157.3,54.34,117
8139,20,192.9,47.16,121.9
8140,7.3,159.5,45.85,98.4
8141,16.8,225.5,35.42,111
8142,45.3,156,45.85,98.3
8143,2.1,178,59.02,129.4
8144,1.1,163,49.28,109.6
8145,81.8,173,63.5,111.2
8146,11.4,183.9,56.94,132.3
8147,65.4,161.8,49.34,110.2
8148,6.4,195,50.48,128.3
8149,14.3,143.9,44.46,94.5
8150,40,167.3,45.67,106.6
8151,65.6,194.8,51.57,128.2
8152,2.4,161.1,51.67,101.1
8153,1.3,165.8,47.72,108.2
8154,91.2,192.5,53.39,105.3
8155,9.4,177.1,48.99,112.9
8156,8.6,186.3,50.43,118.4
8157,9,203.5,52.88,111
8158,35.1,233.9,46.27,135.8
8159,22,166.9,49.44,85.8
8160,15.5,187.9,47.3,89.7
8161,11.4,202.8,63.27,146.4
8162,8,175,53.35,108.9
8163,48.4,157.9,61.56,136.2
8164,49.1,165.9,49.51,112.1
8165,10.2,219.8,46.93,113.6
8166,13.3,188.3,56.77,102.4
8167,49.1,183.7,59.77,116.8
8168,8.4,179.5,49.73,119.3
8169,8.5,159.5,39.84,107
8170,41.6,175.4,51.69,133.2
8171,6,172.8,47.33,112
8172,14.1,190.7,54.17,116.7
8173,3.4,211.4,39.49,107.7
8174,48.7,209.9,54.41,137.9
8175,5,155.9,54.18,101.4
8176,23.5,182.6,55.19,103.7
8177,24.1,151.5,50,106.8
8178,3.1,191.4,46.33,116.5
8179,5.7,150.8,53.55,103.5
8180,11.1,183.8,58.87,120.7
8181,29.6,186.9,59.82,131.9
8182,60.5,172.2,52.16,111.8
8183,1.9,174.1,47.32,100.3
8184,65.4,169.4,51.03,92.9
8185,5,170,51.57,116.3
8186,10.7,191.3,49.84,104.5
8187,70.8,138.5,51.03,81.3
8188,3.8,184.7,51.9,114.2
8189,119,194.9,41.85,115.7
8190,6.7,162.3,42.9,95.9
8191,9.5,181.7,48.14,109.2
8192,4.2,192.8,46.69,129.8
8193,8.7,172.5,49.48,97.1
8194,0.9,187.7,44.81,118.6
8195,15.6,171.3,46.29,96.2
8196,22.2,158.7,44.54,97.1
8197,8.6,172,46.75,96.7
8198,30.6,188.6,45.68,98.3
8199,1.4,176.2,53.31,130.4
8200,1.5,202.7,55.96,142.1
8201,6.8,189.3,51.69,124
8202,5.6,197.2,47.6,110
8203,0.2,182.5,50.93,121.7
8204,67.5,150.5,44.15,90.2
8205,14.1,184.3,53.11,120.1
8206,42.3,163.5,58.01,111
8207,15,198.4,54.81,124.3
8208,23,165.8,47.85,101.2
8209,15,192.8,58.1,136.3
8210,2.6,152.3,44.21,113.1
8211,28.4,167.5,44.62,99
8212,86.3,169.2,38.14,95.7
8213,1.2,186,43.49,98.6
8214,5.8,184.4,43.85,127.2
8215,25.6,202.5,45.92,121.1
8216,1.2,211.9,43.55,83.4
8217,1.2,195.3,45.34,113.5
8218,35.1,160.2,46.46,104.2
8219,5.9,145.2,49.02,98.5
8220,4,185.5,50.48,108.6
8221,5.1,193.3,39.27,117.6
8222,37.7,199.3,57.73,135.4
8223,4.2,150.9,48.82,109.9
8224,38.3,184.1,49.17,119.9
8225,46.6,172.9,57.65,113.2
8226,31.5,204.6,38.43,85.5
8227,0,167.6,52.72,119.2
8228,22,199.6,54.25,124.8
8229,2.1,178.2,43.54,117.4
8230,0.9,178.8,55.03,133.8
8231,1.4,184.5,61.52,127.6
8232,33,189.9,56.99,133.2
8233,3.6,206.3,61.47,133.9
8234,1.2,167.5,48.64,113.6
8235,38.1,153.2,49.59,115.8
8236,20.2,183,47.84,106.2
8237,7.1,182.5,51.02,124.9
8238,70.8,184.4,55.16,121.2
8239,75.6,204.2,48.55,118.9
8240,20.2,179.7,54.11,116.6
8241,38.2,177.6,49.43,121.7
8242,3.7,189.7,63,137.4
8243,3.2,142.6,54.68,108.4
8244,50.7,196.1,58.27,131.3
8245,15.3,147.9,46.37,97
8246,5.5,184.2,62.45,140.5
8247,16.6,164.2,48.39,106.8
8248,4.2,163.9,61.86,129.4
8249,1.3,194.3,51.8,125.8
8250,8.5,200.2,52.82,126.2
8251,77.8,173.5,50.73,113.8
8252,38.9,155,57.25,132.6
8253,25,179.3,47.84,111.9
8254,10.9,178.2,54.3,130.4
8255,65.9,172.9,58.23,118.9
8256,17.4,184.8,51.31,110.8
8257,35.7,198,44.87,112.7
8258,19.1,202.3,46.89,118.7
8259,21.2,177.7,59.92,135.3
8260,48.1,174.2,39.81,103.7
8261,1.7,183.9,54.63,128.9
8262,1.2,147.9,48.67,94.7
8263,35.2,190.9,53.2,105.4
8264,37.3,148.2,56.82,121.4
8265,34.6,207.6,46.36,130.9
8266,107.4,168.9,47.52,107.4
8267,86.4,130.2,47.56,64.2
8268,50.9,170.2,56.17,97.4
8269,0.5,221.9,42.33,112.6
8270,44.1,198.5,37.58,97
8271,8.5,198.7,36.42,97.2
8272,2.9,204.3,42.35,94
8273,13.7,163.4,53.34,94.6
8274,88.2,166.4,49.81,127.4
8275,4.9,159.9,55.7,122.8
8276,26.8,187.5,45.3,113.2
8277,14.3,184.4,53.82,105.7
8278,0.3,162.1,43.77,94
8279,57.5,194.4,44.2,112.7
8280,43.8,199.8,49.89,126.9
8281,46.9,190.2,46.82,110.6
8282,3.7,186.2,49.57,113.9
8283,66.5,199.8,52.94,118.7
8284,26.5,165.8,47.33,101.5
8285,98.6,171.1,33.57,98.9
8286,6.6,194.8,41.08,100.7
8287,20.5,159.2,36.96,100.8
8288,0.9,180.5,44.51,113.1
8289,34.1,190.9,55.31,109.9
8290,59,202.6,42.32,89.7
8291,44.8,181.2,53.5,125.6
8292,35.7,210.2,53.11,122.6
8293,3.8,188,49.78,110.2
8294,7.7,182.8,48.04,113.5
8295,4.8,176.8,41.07,104.3
8296,10.4,178.4,40.77,98.8
8297,17.5,168.9,52.25,102.9
8298,9.7,194.7,40.55,102.6
8299,23.3,184.6,55.55,108.3
8300,20.4,159.3,42.37,89.7
8301,1.2,186.4,50.7,116.2
8302,19.9,189.6,60.79,126.2
8303,22.4,176.9,51.54,115.7
8304,25.2,177.2,45.86,102.6
8305,123.8,170.6,41.98,82.7
8306,12.7,155.7,50.13,123.3
8307,5.2,193.4,45.68,108.1
8308,7.3,201.6,54.6,125
8309,13,181.5,57.75,126.6
8310,11,197.7,47.45,126.3
8311,11.7,160.4,48.9,110.6
8312,27.7,201.2,59.39,143.5
8313,24.9,193.1,56.72,124.7
8314,14,187,41,112.9
8315,13.1,180.7,56.23,114.3
8316,7.2,176.4,49.25,117
8317,39.2,162.7,48,82.5
8318,5.8,193,52.37,127.8
8319,24.6,172.5,51.99,118.7
8320,30.8,172.9,53.64,121.1
8321,21.4,167.7,53.72,118.1
8322,19.7,181.9,53.98,135.5
8323,43.6,197,55.12,133.3
8324,13.5,177.9,56.15,121.2
8325,0.8,170.8,50.08,127
8326,8.7,148.7,54.82,111.3
8327,28.3,175.8,55.66,102.7
8328,32.5,180.3,50.48,109.1
8329,15.4,155.8,40.54,108
8330,62.1,230,44.18,116.8
8331,42,181,44.69,106.5
8332,15.9,197.8,54.57,118.3
8333,36.4,205.9,56.37,123.4
8334,5.7,183.5,45.33,97.3
8335,25.5,184,44.93,119.5
8336,5.1,157.1,44.11,112
8337,2.9,164.5,41.98,103.1
8338,26.6,173.4,45.04,123.6
8339,11.9,152.9,44.68,106.8
8340,3.4,188.8,49.45,110.8
8341,0.4,203.6,46.51,128
8342,99.4,187.9,48.03,103.1
8343,14.2,180.7,54.04,126.3
8344,17.1,171.5,54.06,110.3
8345,11.7,175.2,52.06,114.2
8346,52.6,178.7,63.76,124.4
8347,0.3,199.3,58.58,137.7
8348,59.5,154,32.82,88.5
8349,18,201.5,48.13,109
8350,39.8,190.8,37.31,116.6
8351,46.4,161.2,48.95,108.7
8352,34.5,206.1,49.4,123.2
8353,5.5,191.6,49.26,126
8354,28.4,121.8,59.19,93.6
8355,91.8,165.3,50.62,124.4
8356,9.7,173.7,50.42,114.6
8357,12.4,151.2,50.74,106.2
8358,80.3,165.3,52.99,128.4
8359,24.4,176.3,52.22,122
8360,37.2,136.2,44.71,98.4
8361,29.4,213.2,60.53,148.7
8362,20.6,173.1,45.85,96
8363,0.7,170.5,54.91,114.1
8364,2,164.5,49.71,111.6
8365,90.4,186,45.25,115.9
8366,7.2,174.9,38.01,108.1
8367,51.1,156.9,44.52,96.5
8368,2.8,178.6,57.3,129.3
8369,60.9,173.9,39.93,88.7
8370,23.7,169.6,53.74,120.9
8371,13,164.5,45.91,97.5
8372,68.2,166.8,32.46,85
8373,67.8,200,54.92,126.7
8374,33.8,167.6,57.62,127.8
8375,20.6,228.8,49.36,143.1
8376,21.8,161.1,45.1,112
8377,9.9,191.7,55.72,124.7
8378,44.7,179,39.66,101.7
8379,1.2,152.7,52.62,116.7
8380,21.2,158.1,59.93,125.6
8381,29.2,153.6,48.87,106.9
8382,14.8,196.1,50.84,122.1
8383,21.8,190.9,52.87,121
8384,46.4,163,44.13,103.1
8385,7,173.8,54.61,107.4
8386,19.7,204.3,45.49,133.1
8387,8,186.1,46.72,93.2
8388,2.6,201.5,54.34,109.8
8389,10.9,188,48.18,114.2
8390,3.1,184.2,54.63,128.5
8391,38.4,186.3,53.48,119
8392,2.7,196.2,50.41,125.6
8393,9.2,186,56.41,120
8394,13.8,179,56.35,127.2
8395,4.7,159.6,58.54,93.1
8396,26.9,207.4,51.56,111.6
8397,29.1,196.2,48.02,124.2
8398,87.6,184.6,61.34,140.4
8399,2.8,170.2,46.55,88.5
8400,16.4,191.6,30.4,96
8401,7.5,176,57.71,107.3
8402,16.7,184.8,31.23,75.3
8403,57.5,167.4,46.4,104
8404,1.1,165.1,43.14,109.3
8405,8,147.7,43.38,96.3
8406,1.8,203.3,47.02,118.1
8407,22.5,196.3,43.75,134.9
8408,46.9,177.3,59.07,131.2
8409,22.7,181.5,39.2,92.7
8410,0.9,228.3,48.38,127.9
8411,1.3,196,51.67,117.2
8412,23.9,164.8,60.02,125.3
8413,4,193.7,38.81,88.7
8414,2.4,192.9,43.73,127.6
8415,8.1,164.5,44.79,84.8
8416,0.2,205,48.22,104.5
8417,100.4,161.4,51.38,103
8418,12.3,170.3,46.77,110.2
8419,48.1,201.5,48.13,115.5
8420,9.1,160,49.61,121.1
8421,2.3,139,49.52,111.8
8422,13.7,164,50.35,116.7
8423,1.5,155,57.82,102.8
8424,10.1,174.3,59.5,115.5
8425,77.8,228.1,51.39,123.3
8426,2.2,204,54.9,142
8427,28,193.5,43.84,99.7
8428,27.1,173.4,47.67,112.4
8429,35.5,159.9,48.68,108.1
8430,15.9,149.7,52.52,125.3
8431,8,175.4,50.74,131
8432,14.1,188.7,46.27,122.3
8433,1,186.9,65.08,125.2
8434,37.4,180.3,44.75,105.7
8435,36.2,192.5,42.34,94.3
8436,31.6,192.7,53,114.9
8437,55.2,163,60.02,134.4
8438,25.1,182.8,50.47,127.9
8439,13,165.4,38.94,107.9
8440,3.2,152.7,57.11,108.1
8441,11.3,162.3,43.87,98.7
8442,0.7,161.4,55.14,105.7
8443,56.8,187.6,48.09,116.5
8444,4.2,162.7,54.25,120.2
8445,71.6,199.5,40.26,112
8446,17.9,190.4,71.87,141.3
8447,7.6,178.7,53.43,118.3
8448,19.7,184.6,63.34,140.7
8449,3,177.4,31.54,93.1
8450,42.8,158.4,43.62,98.4
8451,17.2,220.1,58.16,153.1
8452,13.1,165.1,54.85,135.6
8453,44.8,174.8,58.58,111.8
8454,10.7,214.7,51.76,122
8455,9.7,165.4,54.83,110.7
8456,15.7,188.6,43.29,125.6
8457,31.3,176.2,49.58,134.4
8458,9.9,161.4,51.85,120.4
8459,23,189.7,45.13,125.9
8460,44.2,142,50.64,111.3
8461,70.6,166.5,62.36,141.8
8462,10.1,199.3,56.68,148.2
8463,8.5,178.7,47.96,94.6
8464,20.4,185.7,52.6,113.4
8465,17.3,178.5,47.37,111.4
8466,60,204.6,49.18,121.2
8467,3.1,177.3,46.89,110.9
8468,5.1,191.7,53.29,123
8469,12.8,163,46.27,103.6
8470,57,198,41.94,97.4
8471,6.6,204.4,52.22,136.7
8472,50.7,175.2,50.09,100.3
8473,7.5,194.2,48.9,110.5
8474,13.5,177.8,48.91,87
8475,12.9,160.1,31.9,91.2
8476,14.8,175.4,37.03,95.3
8477,2.4,177.4,42.41,113.8
8478,4,168.6,62.6,110.8
8479,6.1,197.7,39.37,113.9
8480,26.7,221,46.09,128.9
8481,6.3,174.8,49.38,116.8
8482,8.1,182.7,38.77,104.1
8483,22.7,172.1,58.17,124
8484,6,203.1,60.03,135.2
8485,153.4,151.3,54.71,87.8
8486,77.6,184.6,47.12,116.5
8487,38.8,222.3,40.52,121.2
8488,10.9,179.8,42.98,104.4
8489,42.9,197.9,58.95,132.6
8490,28.4,173.8,43.38,106
8491,15.3,147.9,43.59,111.7
8492,38.9,190.8,60.39,149.3
8493,8.3,186.9,46.24,115
8494,23.2,188.5,50.39,110.8
8495,10.8,189.4,40.77,99.3
8496,22,215.1,40.07,110.3
8497,22.4,134.5,43.39,101.2
8498,43.9,178.7,46.82,102.3
8499,0.1,149.9,48.94,74.8
8500,1.4,170.5,54.44,109.7
8501,2.5,196.1,53.51,117.7
8502,11.3,193.6,56.89,112.1
8503,23.2,205.4,41.34,98.4
8504,13.4,136.4,44.48,96.7
8505,11,203.5,62.76,154.9
8506,31.2,187.5,48.35,112.6
8507,37.6,177.7,39.92,92.5
8508,7.3,194,58.72,118.1
8509,17.3,173.8,51,118.9
8510,13.7,209.8,50.05,127.6
8511,16,167.9,41.81,119.7
8512,2.3,180.1,49.22,114.5
8513,2.1,173.7,49.84,110.5
8514,1.1,216.8,54.65,138.1
8515,5.4,195,54.42,126.3
8516,6.3,171.1,46.49,97.7
8517,1.8,225.8,50.73,121.6
8518,3.1,202.8,38.5,111.3
8519,8.3,185.7,48.81,106.3
8520,23.4,200.7,46.77,114.8
8521,5.6,191.8,49.62,117.9
8522,8.6,186,59.45,121.4
8523,26.5,197.9,51.33,129.5
8524,47.6,183,54.94,112.6
8525,18,164.2,46.57,110.7
8526,21.4,171.8,52.21,103.7
8527,10.7,198.1,44.86,109.8
8528,15.1,214.3,42.24,109.8
8529,12.2,183.7,47.91,114
8530,25.7,179.8,50.92,125.4
8531,8.2,168.9,53.92,117.5
8532,14.5,169.3,53.81,115.8
8533,1,142.2,45.67,98.1
8534,16.2,144.1,57.5,116.3
8535,4,169.9,29.06,76.2
8536,2.8,182.4,40.26,103.8
8537,32,169.3,54.8,116.5
8538,3.5,149.6,54.72,99.5
8539,1.1,146.8,38.3,94.1
8540,29,183.8,29.91,79.4
8541,13.8,174.8,45.79,114.8
8542,53.1,189.4,50.94,116.2
8543,14.6,170.6,48.81,110.1
8544,21.8,226.4,45.67,122.6
8545,44.2,160.3,59.17,121.9
8546,12.2,180.4,38.58,103.8
8547,23.7,146.5,56.57,112.4
8548,0.5,182.6,57.68,116.2
8549,35.2,201.3,48.71,134.8
8550,28.9,166.4,56.35,107.5
8551,32.7,166.6,54.99,128.7
8552,41.3,159.7,49.27,101.3
8553,55.3,154.9,44.78,95
8554,54.7,204.2,53.15,132.8
8555,21,176,44.09,115.4
8556,28.4,180.8,49.9,104.5
8557,35.8,191.8,51.85,114.2
8558,18.8,173,58.51,123
8559,12.6,172.9,49.43,139.7
8560,4.5,212.9,41.32,103.9
8561,14.8,216.6,36.99,129.5
8562,20.2,173.2,52.6,107.6
8563,1,211.3,46.39,111.2
8564,25.2,179.7,60.66,110.6
8565,52.8,165.3,51.56,109.5
8566,24.2,179.8,49.78,114.1
8567,27.6,194.8,47.74,112.9
8568,23.7,200.7,42.62,121
8569,8.6,182.3,49.62,107.6
8570,16.9,154.8,56.6,113.6
8571,32.5,173.8,39.4,92.2
8572,27.5,196.7,49.86,106.6
8573,7.1,180.2,54.84,134.1
8574,11.7,179.2,52.18,133.5
8575,24.8,166.3,45.6,105.6
8576,14.9,186.9,49.02,106.1
8577,1.2,196.4,49.11,104.6
8578,45.7,190,44.95,108.5
8579,17.4,150.1,63.4,133.1
8580,31.5,175.9,48.55,122.7
8581,10.8,147.9,45.96,89.2
8582,20,174.6,49,119.6
8583,24,180.3,51.31,124.3
8584,16.3,178.1,52.9,129.7
8585,2.6,221.8,44.52,112.6
8586,4.2,178.4,58.06,125.4
8587,10.8,168.2,54.89,130.8
8588,39.7,202.7,50.61,128.7
8589,55.8,154.2,44.97,99.5
8590,0.6,187.5,54.35,117.9
8591,12.8,187,56.05,104.4
8592,15.6,150.7,59.32,117.4
8593,52.7,146,45.66,92.5
8594,24.1,160.9,40.66,86.6
8595,8,166,45.27,93.9
8596,11.7,188.1,53.34,123.9
8597,1.8,172.6,46.92,109.2
8598,50.6,160,52.22,119.1
8599,13.6,157.5,37.03,86
8600,7.6,153.5,42.98,87.9
8601,6.3,219.6,56.34,123.6
8602,39.4,201,33.08,95.7
8603,26.3,192.4,60.56,123.1
8604,17.9,137.5,56.66,121
8605,46.1,200.6,45.51,109.7
8606,74.2,189.5,55.37,136.4
8607,31.9,217.9,56.78,136.9
8608,16.7,146.3,43.47,95.9
8609,31.8,181.9,46.88,113.8
8610,23.3,223.7,58.85,151.5
8611,29.3,194.4,37.91,82.8
8612,27,154.2,49.6,103.4
8613,23.1,179.5,38.77,77.5
8614,6.2,179,51.37,110.5
8615,14.2,169.1,50.55,91.3
8616,31.4,185,48.75,131.6
8617,55.3,193.4,45.71,102.2
8618,32.2,177.8,49.26,114.9
8619,47.1,187.6,45.45,123.5
8620,44,163.3,35.1,79
8621,2.9,189,42.17,112.7
8622,25.6,192.3,42.97,118.4
8623,0.2,178.7,37.99,94.6
8624,3.3,182.3,51.75,135.5
8625,6.5,217.1,50.57,117.3
8626,1.7,194.8,61.53,140.7
8627,5.5,191.7,50.39,124.1
8628,14.5,198.5,45.24,129
8629,72.3,174.7,48.71,88.8
8630,18.6,193.9,52.74,119.1
8631,48.9,174.5,46.31,107.9
8632,93.1,174.2,43.64,112
8633,13.2,202.5,55.11,131.8
8634,77.5,185.4,52.57,127.8
8635,6.1,182.8,43.7,115.2
8636,1.9,203.4,37.53,99.2
8637,116,149.4,54.35,103.9
8638,2.6,199.9,46.63,118.4
8639,14.7,211.7,56.83,133.9
8640,9.3,196.4,48.83,111.6
8641,21.1,210.5,48.25,116.1
8642,2.2,166.8,47.56,113.1
8643,25,166.3,56.69,121.5
8644,2.2,164.2,53.98,115.4
8645,60.8,208.1,57.7,136
8646,11.8,160.5,63.57,145.4
8647,60.1,200.5,40.83,122.4
8648,20.9,149.7,43.91,86.3
8649,77.4,149.9,59.67,109.8
8650,17.4,153.7,51.69,112.6
8651,36.9,184.7,55.01,119.5
8652,0.9,174.4,60.52,115.5
8653,2.9,161.2,51.96,124
8654,6,208.6,41.59,103.1
8655,29.3,211.1,43.32,108.3
8656,5.6,157.9,44.98,87.8
8657,5.9,151.6,35.85,93.9
8658,25.5,168.5,63.06,123.2
8659,13.2,164.7,57.2,128
8660,33.3,159.4,52.98,99.4
8661,36.6,177.7,51.6,99
8662,43.4,192.9,41.52,101
8663,3.7,150.8,61.36,113.1
8664,46.1,189.4,50.64,123.8
8665,35.2,198.9,61.01,128.9
8666,1.9,209.9,42.88,125.7
8667,25.5,165.5,50.96,107.7
8668,10.8,171.4,37.34,87.1
8669,36.4,204,54.5,143.5
8670,9.7,198.8,53.13,137.9
8671,23.7,144.4,38.35,76.2
8672,17.3,205.6,45.06,100.8
8673,9.1,130.5,53.26,110.2
8674,13.9,171.8,50.42,105.5
8675,15.7,167.9,46.14,109.2
8676,31.2,214.3,50.91,112.2
8677,9.5,197,44.7,99
8678,17.1,196.2,72.72,149.8
8679,17.7,180.8,52.68,121.7
8680,11.4,191.3,50.1,118.1
8681,28,174.4,49.79,128.1
8682,2.4,198.1,51.87,120.8
8683,4.7,181.2,60.36,139.4
8684,8.1,174.9,48.75,117.9
8685,23.3,209,50.79,128.9
8686,2,174.8,47.82,93.1
8687,10.7,182.8,56.8,109.2
8688,69.7,182.9,56.32,121.1
8689,22.7,164.5,47.06,91.7
8690,8,211,39.51,104.9
8691,8.5,142.5,48.47,112
8692,20,149.5,45.02,101.1
8693,25.8,176.2,56,122.4
8694,8.5,169.6,43.27,100.6
8695,26.9,147.8,46.47,96
8696,44,173.5,43.93,91
8697,5.3,183.7,36.8,99.2
8698,5.2,171.6,51.14,115.2
8699,1.4,199.9,44.73,100.6
8700,0.2,203.3,35.07,99.2
8701,35.1,197.7,46.5,123.6
8702,5.2,182.7,39.82,105.3
8703,6.4,168,45.68,110.1
8704,9,206.2,52.24,105.4
8705,5.1,187.7,47.68,98.3
8706,24.9,169.9,59.43,128.9
8707,34.7,161.1,55.9,134
8708,2.1,171.4,48.4,108.4
8709,32.5,141,54.5,94.1
8710,14.7,178.9,44.67,109.8
8711,57.3,178.4,49.6,118.7
8712,71.7,182.1,45.4,111
8713,4.4,173.4,46.04,103.5
8714,14.4,174.8,46.5,106.8
8715,14,181.3,45.14,101.8
8716,97.2,149,49.98,102.1
8717,0.4,173,46.23,123.4
8718,3.8,172.8,45.5,95.3
8719,12.6,170.2,44.22,100.5
8720,5,200.5,50.51,136.6
8721,12.9,180.2,38.18,91.2
8722,3.7,188.6,48.4,94.4
8723,18.4,171.3,59.05,129.2
8724,16.1,196.8,40.16,94.9
8725,21.4,177.1,49.69,101.2
8726,1,189.5,38.8,76
8727,7.8,166.9,38.37,76.6
8728,7.9,200.7,35.68,79.7
8729,2.5,181.3,41.84,88.8
8730,6.4,175.4,58.96,128.2
8731,77.2,181.1,52.69,128.8
8732,16.9,166.9,55.32,118.7
8733,15.5,164.2,55.66,117.2
8734,0.5,184.9,49.35,111.6
8735,70.3,174.7,55.02,123
8736,14.8,178,52.47,93.5
8737,91.9,184,61.01,132.1
8738,15.3,207.3,55.03,113.1
8739,1.4,191.5,45.75,118.2
8740,36.6,176.8,50.54,115.1
8741,24.7,174.1,64.38,116.6
8742,2.3,167.9,57.5,107.3
8743,35.7,202.5,43.52,112.1
8744,17.3,178.9,54.6,114.6
8745,65,211.4,49.66,101.2
8746,6.5,193.7,49.4,133.4
8747,63.3,180.1,44.75,120.4
8748,66.2,199.3,44.66,124.8
8749,1.1,163.9,59.76,108.9
8750,41.8,185.6,57.92,109.5
8751,21.4,180.2,46.94,107.7
8752,20.7,191.1,55.2,140.1
8753,8.5,207,57.24,131.9
8754,16.2,182.8,46.38,110.3
8755,53.6,202.7,45.42,104.4
8756,33.8,167.7,44.54,107.4
8757,53.1,168.5,52.13,109.4
8758,21.4,157.1,64.46,119.9
8759,24,175.6,49.5,129.4
8760,3.2,166.5,26.89,89.9
8761,13.1,180.3,38.77,110.5
8762,33.3,191.7,46.73,136.2
8763,7.9,166.9,53.32,94.9
8764,45.2,162.4,52.34,109.8
8765,41.8,193.9,53.07,124.5
8766,13.1,173.1,53.19,117.2
8767,32.7,187.2,46.63,120.6
8768,3.2,175.6,42.57,105.4
8769,3.1,206.9,45.85,119.3
8770,23.9,221.9,42.74,126.6
8771,22.9,191.9,41.5,86.6
8772,36.1,197.8,52.73,119.6
8773,13.5,167.4,34.98,91.3
8774,60.4,205.4,62.5,148.9
8775,30,179.7,43.39,95.1
8776,22,184.6,54.49,136.9
8777,8.1,177.6,56.01,111.2
8778,5.5,189.5,43.6,101.7
8779,1.1,159.7,42.3,94.2
8780,79.1,168.5,42.28,110.3
8781,14.7,180.3,46.73,119.2
8782,71.6,161.4,41.43,96.7
8783,20.1,150.1,50.17,88.8
8784,16.8,239.3,53.34,130.1
8785,71.5,172.8,52.71,128.8
8786,3.1,179.2,54.78,114.1
8787,0.6,197.4,40.28,109.6
8788,21.4,240.2,56.11,139.6
8789,74.3,170.7,40.35,96.1
8790,8.9,190.6,60.06,133.9
8791,2.4,178.9,56.38,122.1
8792,73.9,192.3,53.87,125
8793,17.2,188.3,51.33,130.3
8794,1,167,51.65,121.1
8795,18.3,189.2,56.55,121.5
8796,76.1,172.3,49.66,113.3
8797,1.2,156.4,55.74,109.5
8798,16.4,190.4,50.63,125
8799,22.4,187.4,54.63,129.8
8800,22.7,188.6,51.89,108.7
8801,14.8,203.7,38.17,133.3
8802,8,203.5,44.77,115.7
8803,8.2,181.6,48.96,120.9
8804,39.6,207.8,47.27,113.9
8805,1.1,138.1,58.18,104.2
8806,27,188.6,55.95,122.1
8807,20.2,161,47.4,92.1
8808,3.6,166.9,53.08,120.1
8809,21.5,208,58.24,133.4
8810,1,154.8,53.2,112.4
8811,9,209.3,43.68,117
8812,65.9,214.1,45.88,118.6
8813,23.1,182,37.26,113.9
8814,5.6,216.8,49.66,115.6
8815,13.7,180.5,60.6,118.1
8816,4.3,190.6,39.56,105.1
8817,19.3,196.4,55.11,128.7
8818,47.8,183.3,56.01,107.8
8819,13.4,164.9,50.43,110.1
8820,11.3,165.9,51.61,100
8821,8,186.4,49.24,118.6
8822,4.9,170.3,50.17,117.9
8823,11.6,178.8,54.7,135.6
8824,8.7,230.6,57.98,131.9
8825,9.4,173.4,50.78,116.6
8826,41.5,213.2,49.37,114.4
8827,10,189,52.83,123.9
8828,6.3,177,62.91,142.4
8829,1.9,155.1,55.33,105.6
8830,42.4,153.3,49.48,117.2
8831,37.7,144.8,50.48,104.4
8832,25.2,180.6,55.75,130.5
8833,52.7,201.2,54.11,113.9
8834,10.3,182.1,56.81,117.9
8835,4,173.6,42.32,105.1
8836,2,190.5,50.4,133.7
8837,14.2,154.8,53.41,105.6
8838,1.8,176.5,45.88,98.8
8839,55.2,152.9,46.11,95.6
8840,8.7,168.3,39.09,92.5
8841,35.5,174.1,45.65,104.7
8842,17.5,214.6,57.23,178.5
8843,62.9,204.3,46.8,118.2
8844,4.1,178.2,42.45,87.3
8845,6.7,210,48.93,115.3
8846,7,193,61.76,132.1
8847,35.6,137.3,48.47,90.3
8848,29.1,182.6,56.55,127.3
8849,2.9,164.7,49.15,112.8
8850,31.7,165.3,55.43,108.7
8851,31.2,172.3,48.58,111.2
8852,32.2,179.7,59.06,129.1
8853,11.1,211.4,46.38,117.7
8854,8.5,192,64.54,131.6
8855,22.3,169.2,54.42,107.8
8856,50.2,194.7,48.38,115
8857,7.5,178.4,43.96,100.3
8858,3.2,213.3,56.53,132.7
8859,14.3,187.9,46.49,114.6
8860,50.7,146.4,53.08,116.6
8861,14.1,180.5,46.6,109.5
8862,16.7,178,54.59,114.3
8863,7.4,217.6,45.72,116.1
8864,8.1,202,51.64,115.5
8865,15.8,171.4,59.39,121.9
8866,2.9,210.5,49.81,125.5
8867,37.7,166.1,52.73,116.4
8868,33.9,186.3,44.45,110.4
8869,10.3,188,59.72,125.5
8870,20.2,179.5,50.96,120.8
8871,5.1,185.1,56.74,124.6
8872,13.2,193.3,56.51,144.7
8873,28.7,188.5,58.89,139.5
8874,2.4,176.5,48.25,113.2
8875,23.5,183.9,55.48,105.8
8876,40.8,176.8,44.68,126.2
8877,25.7,219,57.88,133.9
8878,30.2,211,44.85,100.6
8879,21.3,173.4,58.19,120.7
8880,2.3,188.7,59.35,115.9
8881,3,144.4,52.36,111.7
8882,34.1,190.1,38.52,101.4
8883,16.7,175.7,51.9,118.3
8884,0.6,205.6,48.62,120
8885,4,183.8,48.33,116.5
8886,40.5,127.4,49.12,93.6
8887,15.2,169.9,59.95,125
8888,1.4,182.9,58.47,111.6
8889,29.4,224.9,49.96,145.2
8890,21.4,180.4,49.47,99.2
8891,34.3,190.9,48.84,103.9
8892,1.4,188.5,53.59,113.6
8893,48,215,46.49,108.5
8894,27.4,189.5,33.67,90.5
8895,5.2,208,55.8,120.6
8896,95.2,182.9,44.71,96.3
8897,4,196,46.59,96
8898,31.6,146.2,62.69,111.7
8899,4.4,169.9,59.84,108.6
8900,5.7,207.7,50.99,114.4
8901,32.5,223.7,42.28,112
8902,20.7,185.6,44.35,112.2
8903,23.3,191.4,47.3,106.9
8904,23,157.1,58.54,121.5
8905,10.7,200,46,117.2
8906,9.2,180.6,55.96,111.7
8907,7.1,179.1,46.87,116.5
8908,0.7,210.1,47.01,111.2
8909,76.9,162.7,56.34,113.9
8910,19,158.9,46.21,113.2
8911,57.1,185.8,48.86,107.5
8912,86.2,178.3,41.75,91.8
8913,46.5,195.6,48.56,109.5
8914,2.8,173.4,52.28,86.6
8915,3.6,155.5,60.33,121.2
8916,22.4,151.7,59.68,119
8917,28.3,220.9,57.45,133.1
8918,3.3,189.9,55.74,134.3
8919,2.7,177.8,50.44,107.6
8920,36.2,172.4,56.39,119.2
8921,11.5,192.2,57.23,107.8
8922,4.9,201.4,49.21,115.9
8923,38.5,185.5,45.31,120.9
8924,25.2,151.8,45.85,110.5
8925,48.9,164.3,51.12,115.7
8926,2.4,178,48.92,111.3
8927,14,131.3,59.8,102.4
8928,10.5,193.1,56.6,119.1
8929,20.2,178.8,57.91,138.6
8930,15.2,172.5,55.71,106
8931,33.3,152.3,53.47,93.1
8932,14.5,179,49.17,114.2
8933,21.3,221.2,45.47,125.2
8934,57,140.2,49.16,95.3
8935,5.3,178.2,48.28,111.8
8936,5,195.4,52.66,118.8
8937,8.4,176.6,43.79,86.5
8938,9.5,162.9,57.7,121
8939,4.2,167.9,46.61,99.8
8940,23.7,225,53.65,136.2
8941,1.9,161.1,56.33,125.6
8942,1.2,184.6,52.82,121.3
8943,8.6,158.6,42.65,84
8944,26,193.1,54.68,127.5
8945,28.3,155,46.1,107.3
8946,101.1,158,47.78,109.6
8947,1.9,197.1,59.96,135.4
8948,1.1,159.5,36.33,87.3
8949,15.1,179.5,52.24,127.1
8950,9.8,189.1,42.24,111.4
8951,7.3,188.2,52.06,114.5
8952,24.8,236.4,44.3,135
8953,35.7,168.7,42.3,96.5
8954,53.9,206,40.89,130
8955,18.3,190.9,50.75,122.4
8956,6.2,184.1,59.02,112.9
8957,14.7,188.4,46.47,108.3
8958,15.6,148.4,53.45,114.4
8959,37.6,143.7,58.9,113.4
8960,17.8,183.7,49.22,121
8961,5.5,208.7,55.47,133.2
8962,3.8,179.9,48.67,105.7
8963,2.8,169.2,48.99,103.4
8964,1.4,161.2,38.31,77.2
8965,25.4,149.7,38.44,95.9
8966,1.4,212.2,46.56,102.4
8967,10.8,177.3,47.89,95.4
8968,11.2,175.6,49.28,112.7
8969,68.3,200.1,62.11,129
8970,23.8,187.4,45.09,118.6
8971,0.7,196.7,48.3,115.9
8972,21.7,175.7,47.96,107.8
8973,36.8,189.6,46.56,117.3
8974,8.1,143.7,53.43,121.9
8975,0.6,184.7,55.07,128.2
8976,5.8,167.7,40.8,97.5
8977,114.2,155.1,44.36,100.5
8978,55.3,180.9,42.02,96
8979,1.8,198.7,60.41,129.9
8980,0.7,191.5,58.79,131.1
8981,23.8,142.8,58.64,102
8982,19.5,188.4,49.7,117.3
8983,23.5,168.9,47.55,108.6
8984,19.8,189.7,57.41,129.9
8985,42.9,207.2,52.42,135.2
8986,40.9,191.4,39.31,105
8987,7.4,185.2,47.43,96.1
8988,0.4,228.2,38.57,86.2
8989,4.9,177.6,69.49,128.3
8990,0.9,232.7,42.32,124.1
8991,3.4,167.1,56.83,111.9
8992,72.6,184.5,53.77,124.7
8993,6.4,164.6,60.38,124.6
8994,19.4,170.9,53.5,98.9
8995,1.7,201,34.29,113.9
8996,0.3,153.8,35.34,79.7
8997,14.3,193.6,55.24,97.8
8998,22.4,183.6,60.87,131.7
8999,15.6,184.6,55.96,123.9
9000,6.9,187.1,40.79,100.4
9001,4,227.3,49.63,137.7
9002,32.2,176.8,57.47,115.7
9003,87.6,205.7,35.77,102.4
9004,0.7,215.1,59.92,132
9005,9.1,212.7,50.87,112.2
9006,13.5,206.1,60.4,152.2
9007,4.7,136.5,45.92,100.5
9008,25.2,201.4,48.96,125.1
9009,18.8,210.3,55.5,110.1
9010,27.6,192.9,50.8,121.5
9011,46.5,206.2,61.57,133.8
9012,1.8,174,46.9,110
9013,57.1,189,44.44,131.1
9014,45.8,196.2,50.84,98.8
9015,1.5,156.1,56.68,112.3
9016,8.5,192,49.54,114.3
9017,65.4,135.2,57.77,90.1
9018,10.1,187.9,42.08,109.8
9019,8.5,223,53.64,132.5
9020,15.4,200.7,63.53,135.6
9021,2.8,156,44.09,99.4
9022,0.8,175.4,41.99,95.3
9023,0.8,211.2,49.55,126.3
9024,1.9,186.1,62.19,122.2
9025,3.1,174.3,66.54,154.9
9026,6.7,189,54.17,130.4
9027,63.5,181.2,48.04,106.8
9028,13.2,155.6,54.89,112
9029,63.7,131,52.67,118.2
9030,11.7,163,48.62,105.6
9031,23.3,216.5,44.7,123.5
9032,156,130.5,52.66,111.2
9033,5.2,200.1,49.75,123.8
9034,70.6,176.6,52.97,116.4
9035,77,216.2,46.32,116.6
9036,13.4,179.3,39.21,105
9037,5.5,194.6,49.74,109
9038,41.4,191.2,49.45,118.7
9039,6,147.8,54.03,114.9
9040,43.3,164.8,51.48,95
9041,32.8,185.3,47.13,104.9
9042,25.5,190.2,54.3,123.4
9043,25.3,188.9,47.49,122.6
9044,30.7,221.4,36.34,103.7
9045,2.4,185.6,48.96,134.8
9046,18.9,153,41.82,89.2
9047,21,183.7,59.79,123.2
9048,6,189.8,48.16,122.3
9049,91.4,199.7,65.52,134.8
9050,20.2,188,50.15,101.9
9051,33.9,172,46.09,111.3
9052,61.7,158.6,46.04,110.5
9053,16.5,142,60.7,106.8
9054,31.5,189.4,54.18,124.8
9055,3.3,177.7,36.79,102.6
9056,7.8,172.8,54.15,113.1
9057,26.5,196.9,53.14,117.8
9058,89.5,175.2,55.07,123.3
9059,18.5,196.6,74.75,146.1
9060,0.2,134.3,43.17,95.8
9061,11.5,161.3,52.9,112.1
9062,18.3,177.7,41.06,99.6
9063,34.6,155,60.89,126.1
9064,10,160.2,46.96,111.7
9065,2.7,169.8,61.25,140.6
9066,17.3,192.2,49.82,117.7
9067,11.5,179.6,47.23,99.4
9068,21,209.5,64.26,125.1
9069,50.5,214.6,43.83,126
9070,6.3,202.3,51.29,111.2
9071,40.6,199.2,49.26,110.3
9072,7,160.1,42.13,100.1
9073,6.6,167.1,52.03,131.9
9074,18.7,173.5,45.98,110.7
9075,12.7,202.1,65.29,139.2
9076,23.6,174.4,51.45,122.3
9077,2.8,166.6,54.83,109.8
9078,37.1,137.2,50.14,98.9
9079,7.3,163.9,53.96,115.4
9080,0,215,50.69,131.8
9081,1.8,207.8,51.29,116.8
9082,5.1,144.2,46.78,98.7
9083,57.1,210.2,44.91,132.8
9084,18.1,174.9,49.6,107.7
9085,33.1,219.1,53.92,136.1
9086,7,179.3,55.03,123.4
9087,2.9,202.7,52.99,118.3
9088,13.8,192.5,42.42,124
9089,32.6,167,53.52,109.3
9090,32.5,213.6,42.56,117.2
9091,14.7,199.5,44.33,127.4
9092,2.7,168.1,54.54,125.6
9093,49.4,161,54.13,127.4
9094,30.9,204.2,43,93.9
9095,8.3,179.8,58.82,135.7
9096,31.8,179.7,47.5,95.7
9097,6.7,162.8,51.82,110.3
9098,13.5,180.1,41.21,108.9
9099,3.4,200.2,37.33,111.6
9100,35.8,186.6,61.25,137.2
9101,43,174.4,48.73,113.8
9102,4.3,148.3,55.87,116.2
9103,28.7,172.3,52.77,116.2
9104,48.5,207,48.56,106.6
9105,17.3,152.7,53.09,103.4
9106,24.6,178.2,44.58,102.5
9107,57.1,211.1,53.8,134.5
9108,22.2,189.9,40.9,103.4
9109,10.9,147.2,56.01,119.4
9110,15.7,199.2,39.65,95.9
9111,8.1,207.7,62.58,149
9112,2.2,198.4,43.54,101.9
9113,34.9,168.2,69.39,142.5
9114,4.7,182.5,46.99,117.2
9115,1.4,212.7,47.79,105.1
9116,18.2,192.9,61.37,138.6
9117,62.7,220.4,42.59,138.9
9118,17,165.4,43.26,100.3
9119,5.1,169.7,43.71,107.5
9120,1.5,169.5,57.84,125.4
9121,11.4,178.4,50.97,115.2
9122,15.3,160.3,38.79,101.3
9123,1.4,195.8,53.26,116.9
9124,9.3,148.7,44.03,78.5
9125,49.8,166.6,45.17,98.5
9126,11.6,162.6,49.22,90.9
9127,7.2,166.2,45.63,95.8
9128,24.9,226.7,52.93,133.1
9129,23,179.8,54.87,143
9130,5.2,215.3,51.95,133.8
9131,13,174.8,41.8,106.6
9132,16.8,165.4,48.96,97.3
9133,20.1,186.3,64.64,123.8
9134,28.6,195.8,35.88,102.1
9135,20.8,224.6,54.52,129.8
9136,14.1,201.9,55.32,126.8
9137,4.5,224.3,41.12,111.3
9138,32.2,202.2,57.87,131.6
9139,4.5,212.3,61.26,136
9140,11.8,205,52.69,113.5
9141,5.8,182.1,54.24,124.7
9142,17.7,192.5,53.69,107.7
9143,4.4,123,55.93,118.3
9144,1.2,205,48.68,127.2
9145,0,186.3,46.41,98.7
9146,2,180.1,52.89,117.9
9147,41.8,150.1,50.5,105.7
9148,15,167.7,57.51,93.2
9149,38.1,165.8,38.86,102.2
9150,11.3,178,49.12,113.6
9151,3.7,185.8,50.19,115.5
9152,4.3,176.2,56.43,120.4
9153,13.5,201.8,47.39,137.6
9154,32.7,189.3,55.71,138.3
9155,0.2,213.2,45.49,122.7
9156,19.6,177.2,41.62,118.9
9157,21.5,148.6,52.3,110.4
9158,23,199.9,53.06,120.6
9159,13,169.8,47.81,96.8
9160,3.7,188.6,54.57,105
9161,37.1,187.1,35.31,122
9162,22.4,183.6,44.3,110.3
9163,1.3,167.9,61.37,118
9164,45.7,132,45.68,89.6
9165,152.6,166.2,49.99,105.6
9166,41.4,204.6,59.07,141.6
9167,23.7,184.2,41.63,102.9
9168,40.7,196.6,45.03,138.5
9169,16.9,190,44.21,89.5
9170,17.5,154.4,59.09,111.7
9171,0.3,172.7,59.67,129
9172,9.4,167.4,64.1,130.1
9173,11.4,181.2,50.57,115.1
9174,11.8,188.1,54.75,120.1
9175,3.3,192.9,50.59,132.8
9176,60.8,190.6,43.07,119.5
9177,82.6,137.6,54.54,106.2
9178,47.8,177.9,51.54,112.1
9179,0.4,168.1,57.55,130.5
9180,26.8,172.3,45.37,109.2
9181,37.6,186.6,43.67,106.8
9182,59,162.4,45.16,96.7
9183,13.5,177.1,48.05,110.7
9184,10.1,161.8,52.71,116.4
9185,22.8,195.4,50.45,130.6
9186,8.1,186.2,38.18,107.1
9187,1.1,186.6,42.99,114.4
9188,3.4,174.6,36,94.4
9189,8.9,185.2,54.2,127.7
9190,67,194.6,50.97,130.7
9191,3.3,186.3,50.88,111.6
9192,38.5,144.5,46.41,89.9
9193,18.2,143.6,54.89,97.9
9194,4.2,154.8,44.93,96.3
9195,9.3,160.2,49.12,98.4
9196,12.3,213.2,48.96,120.1
9197,3.1,158.4,54.64,103.9
9198,70.8,152.8,52.09,110.4
9199,51.5,180.2,34.73,97.3
9200,2.7,195.5,43.19,112.1
9201,20.7,160.3,51.37,130.7
9202,0.4,214.9,53.15,108.2
9203,39.5,166.4,41.03,105.8
9204,7.2,147.9,36.34,83.3
9205,12.7,197.9,56.83,136.9
9206,7.2,168.6,50.27,118.6
9207,47.6,197.7,49.05,119
9208,1.8,212,49.43,132.4
9209,5.5,187.2,45.81,105.7
9210,18.3,175,42.3,106.1
9211,40.4,182.9,44.64,121.9
9212,19.2,152.7,42.25,83.3
9213,14.2,199.2,45.57,85.9
9214,38.3,130.1,49.5,94.5
9215,29.5,195.7,55.64,134.3
9216,13.4,178.2,47.28,90.3
9217,1.6,174.8,51.24,121.8
9218,39.6,196,45.85,100.7
9219,7.5,167.6,46.84,118.3
9220,0.3,176,49.23,104.9
9221,16.3,180.9,37.95,105.5
9222,24.9,175.7,48.72,113
9223,96.3,195.6,60.22,133.2
9224,7.4,196.2,40.56,116
9225,2.2,117.4,49.03,102
9226,7.1,177,55.79,119.9
9227,26.4,174.3,43.7,110.3
9228,47.9,171.8,55.3,114.6
9229,25.8,159.7,55.28,99.6
9230,41.9,187.3,46.63,113.2
9231,2.8,173.3,56.85,120.3
9232,2.5,181.1,50.6,114.7
9233,0.6,190.1,52.71,134.5
9234,63.1,167.1,55.86,110.6
9235,8.2,204.4,49.76,109.6
9236,2.1,187.1,39.97,104.1
9237,12.6,168.8,58.01,125.9
9238,66.6,165,50.84,95.1
9239,12.7,176.1,56.26,111.7
9240,0.2,181.5,52.31,137.3
9241,12.4,195.5,41.67,104.8
9242,10.4,212.7,67.85,149.3
9243,16.9,168.5,41.69,111.3
9244,6.4,170.1,48.83,86
9245,13.9,180.6,47.11,108.7
9246,17.4,158.4,48.55,103
9247,8.4,209.8,46.52,133.6
9248,7.3,203.9,57.05,116.3
9249,16,148.4,49.8,109.8
9250,85.6,174.2,24.35,65.5
9251,33.2,167,60.12,123.4
9252,8.5,161.4,58.94,121.3
9253,24.4,171.6,44.69,117.1
9254,9.5,222.7,45.68,115.5
9255,87.7,194.1,60.89,121.3
9256,0.1,225.8,54.42,126.4
9257,5.1,152.9,56.85,106.5
9258,21.5,185,43.02,110.2
9259,91,154.1,41.43,98.5
9260,13.5,170.7,52.08,99.3
9261,42.5,169.1,50.38,109.7
9262,13.3,154.3,43.14,104.7
9263,1.5,196.8,71.12,145
9264,25.2,193.7,59.3,130.1
9265,5.1,159.7,53.7,112.3
9266,32.2,188,33.56,99.4
9267,14.9,164.9,35.28,89.5
9268,0.3,173,45.98,133.3
9269,13.7,174.9,47.94,113.3
9270,61.1,134.8,56.35,111.7
9271,38,205.1,53.21,136.7
9272,2.2,205.7,34.39,107.4
9273,14.8,186.1,34.59,106.4
9274,49.3,154.2,49.7,122
9275,44.9,162.2,53.12,98.5
9276,26.8,159.5,56.17,121.6
9277,26.1,156.4,56.54,130.3
9278,48.5,219,44.88,111.8
9279,3.4,195.5,39.14,99
9280,63.5,169,51.54,96.8
9281,50,191.1,49.28,118.9
9282,6.4,209.8,51.85,123.6
9283,0.1,168.6,36.68,97.8
9284,8.8,158.9,53.49,112.5
9285,56.1,189.2,47.94,123.8
9286,6.6,175.7,43.18,106.3
9287,1.9,194,39.99,107
9288,2.3,220.3,50.61,132.2
9289,27.9,150.5,51.05,117.2
9290,12,188,67.68,139.1
9291,28.4,168.2,62.79,123.8
9292,56,186.3,47.3,88.8
9293,24.5,192.9,51.24,125
9294,1.6,166.7,63.24,127.4
9295,108.1,200.7,38.94,107
9296,58.4,171.6,50.21,113.8
9297,11.3,200.5,42.45,93.4
9298,0.8,163.5,42.18,98.2
9299,2.9,158.4,55.72,114.7
9300,9.3,192.3,64.77,156.9
9301,58,208.4,48.31,106.3
9302,28.6,164.8,56.19,131.3
9303,5.5,216,43.45,109.6
9304,20.4,146.5,47.53,99.1
9305,1.3,183.3,53.7,125.1
9306,1.3,203.2,44.08,117.1
9307,12.6,193.2,44.8,109.9
9308,64.6,214.6,51.65,113.2
9309,4.6,164.6,51.51,105.7
9310,15.3,185.2,57.29,119.6
9311,69.3,200.4,38.62,113.1
9312,25,174.2,51.32,106.2
9313,46.5,202.1,55.08,107.6
9314,40,176.2,47.59,105.9
9315,54.8,160.4,62.12,124.5
9316,9.4,196.2,54.6,119.9
9317,29.2,202.9,53.27,139
9318,2.6,186.7,58.52,125.2
9319,19.9,200.5,30.65,108.2
9320,6,162.1,47.02,113.4
9321,27.6,179.6,61.33,115.8
9322,4.2,145.3,53.32,119.6
9323,1.5,183.4,47.47,107.4
9324,2.7,229.9,39.76,128.6
9325,11.9,172.4,62.58,124.6
9326,10.2,199,37.86,102.4
9327,14,198.6,45.24,115
9328,3.8,195.1,63.47,140.9
9329,4.5,190.9,45.02,109.3
9330,27.4,174,47.08,103.8
9331,1.3,172,42.44,103.8
9332,9,210.7,49.1,126.1
9333,10.3,189.3,51.39,100.2
9334,61.7,211.7,38.43,108.6
9335,10,206.9,50.74,126.1
9336,14.2,207.8,53.64,133.4
9337,55.5,160.9,40.32,98.8
9338,0.3,172.9,46.61,93.3
9339,9,155.3,39.73,92
9340,5.7,166.7,60.6,147.1
9341,21.4,209.2,54.22,125.6
9342,52.9,195.1,47.18,98.5
9343,6,177.5,47.31,112.8
9344,5.7,207.8,41.2,124.1
9345,36.7,175.8,53.95,125.4
9346,25,194.2,53.43,135
9347,12.3,180.2,52.76,119.3
9348,20.6,155.4,50.28,113
9349,8.8,149.8,42.17,105.5
9350,16.3,146.9,56.51,124.7
9351,20.4,174.6,55.05,119
9352,9.3,187,50.18,111.6
9353,29.8,194.9,45.4,120.9
9354,42.9,185.4,35.53,91.8
9355,24.7,187.8,56.74,144
9356,12.2,163,63.89,137.5
9357,1.2,191.4,52.68,137.4
9358,0.8,157.6,51.12,110.3
9359,22,132.3,50.47,84.6
9360,28.5,186.8,50.81,114.5
9361,74,151.9,46.41,116.1
9362,17.4,160.4,50.75,107.1
9363,1.1,155.2,45.27,73.1
9364,1.1,183.2,54.23,115.9
9365,0.7,168.2,40.1,85.8
9366,27.5,178.7,51.25,108.1
9367,15,188.7,44.68,109.4
9368,11.8,188.9,46.56,124.2
9369,2.7,191.5,40.49,100.6
9370,0.6,184,45.95,114.5
9371,13.6,172.7,46.93,130.1
9372,2.4,151.3,53.32,93.5
9373,21,189.2,53.28,126.3
9374,35.6,174.7,46.92,117.5
9375,41.2,159,47.5,100.3
9376,11.7,145.5,55.04,105
9377,12.3,194.3,33.02,78.2
9378,10,167.5,57.66,127.3
9379,13.5,204.5,60.3,141
9380,2.8,182.6,55.4,118.2
9381,48.6,194.6,58.46,133.6
9382,33,180.8,58.81,137.3
9383,7.3,187.3,60.5,115.5
9384,40.3,194.9,44.52,124.6
9385,7.4,194.9,63.56,129.2
9386,47.1,167.3,55.03,111.1
9387,25.5,221.2,54.51,132
9388,17.1,209.8,44.38,116.1
9389,24.9,178.6,50.94,99.4
9390,101.8,147.7,46.87,100.7
9391,13.3,194.7,64.23,128.3
9392,46.1,187.4,53.63,133.1
9393,20.9,179.1,57.03,123.6
9394,15.7,156.9,49.72,105.3
9395,36.5,195.4,49.3,118.6
9396,18.3,175.4,49.72,108.8
9397,1.8,196.7,47.93,121.1
9398,43,177,49.81,130.7
9399,10.7,220.7,41.26,132.9
9400,63,159,53.14,137.5
9401,23,182.5,48.97,119.2
9402,38.8,194.6,41.61,105.2
9403,27.5,206.6,47.62,121.3
9404,48,170.9,47.17,90
9405,27.3,210.7,51.75,111.4
9406,14.2,162.8,54.04,109.9
9407,3.5,192.8,50.41,121.1
9408,53.8,208.8,58.59,138.9
9409,31,160.5,52.9,121.6
9410,62.3,131.6,44.37,88.1
9411,0.9,158.8,52.91,104.4
9412,11.7,167.2,55.12,118.8
9413,57.1,191.1,53.19,119.6
9414,0.4,192,49.75,110.6
9415,8.6,178.9,48.7,102.8
9416,72,175.8,54.16,120.6
9417,0.3,173.9,52.89,129.1
9418,15.7,186.5,45.79,107
9419,31.3,174.5,51.94,131.9
9420,15.8,215.4,40.01,129.6
9421,33.4,159.7,45.85,104.7
9422,16.7,202.6,44.56,119.2
9423,6.4,181.6,58.95,128.3
9424,6.6,173.8,48.17,96.6
9425,15.9,174.2,49.52,111.3
9426,49.5,224.9,51.72,144.3
9427,13.6,188,52.85,122.3
9428,8.1,145.5,52.41,108.9
9429,9.2,150.3,57.43,108.1
9430,5.5,164.5,41.54,88.9
9431,1.1,158.5,48.63,113.3
9432,76.3,191.7,58.57,123.6
9433,9.4,200.3,47.32,125.7
9434,19.8,182.1,46.6,111.5
9435,2.5,197.9,45.81,117.8
9436,18.1,185,50.56,119.3
9437,48.1,183.9,50.99,110.5
9438,13.6,189.7,48.41,110.6
9439,3.9,187.8,61.02,118.3
9440,23.2,159,42.41,84
9441,2.5,180.1,42.55,99.5
9442,2.5,206.9,49.85,106.3
9443,18.3,169.4,63.64,121.3
9444,4.7,201.4,41.6,120.1
9445,19.8,185,48.39,101.1
9446,20.4,183.6,53.52,133.1
9447,54.4,178.4,48.51,131.9
9448,8.4,201.3,46.2,115.5
9449,13.8,174.1,59.92,121.9
9450,57.3,180.7,46.12,120.8
9451,16.1,192,43.72,116.6
9452,5.4,192,37.56,111.2
9453,5.9,185.7,40,106.6
9454,46.5,193.2,50.14,114
9455,39.1,189.8,63.88,146.4
9456,68.4,164.9,46.09,114.8
9457,16.1,180.4,39.48,105.4
9458,23.9,179.2,41.21,97.4
9459,1.4,178.8,57.16,105
9460,29.1,172.9,41.69,101.4
9461,21.3,179.7,49.52,107.2
9462,3,159,43.93,114
9463,6.7,161.1,49.72,105
9464,35.6,209.6,48.54,110.5
9465,2.8,162.4,62.68,121.3
9466,2.7,187.4,69.94,145.4
9467,10.1,169.2,44.68,93.6
9468,1.1,199.4,50.61,115.1
9469,69,168.5,50.57,107.1
9470,55.8,178.2,38.39,91
9471,27.4,184.9,48.51,106.3
9472,4.2,150.9,56.07,106.9
9473,15.1,141.1,53.59,112.5
9474,85.4,187.2,56.28,99.5
9475,16.8,155.6,42.73,89.8
9476,12.8,175.3,53.9,114.5
9477,46.1,167.9,53.45,93.3
9478,24,195.7,53.85,139.8
9479,25.2,169.3,50.52,121.9
9480,2.6,195.5,68.95,156.3
9481,5.2,157.3,50.45,114.2
9482,20.9,188,44.87,94.8
9483,41.6,168.9,55.19,127.1
9484,19.9,185.9,37.92,96.8
9485,10.6,171.8,56.14,121.2
9486,1.2,158.3,54.18,114.1
9487,12.5,188.3,44.71,116.9
9488,22.8,159.7,55.77,115
9489,7.3,201,54.8,126.9
9490,12.6,205.6,45.7,114.2
9491,16.9,162.2,57.88,122.4
9492,35.7,147.3,48.12,92.1
9493,12.5,216.7,50.97,124.3
9494,0.1,134.4,32.06,80.9
9495,9.7,198.2,39.72,116.2
9496,52,158.5,52.09,119.1
9497,69.5,208.1,49.26,129.2
9498,43.8,172.3,42.13,100.3
9499,15.3,148.8,51.04,107.2
9500,7.2,185.8,52.67,124.7
9501,39.7,159.4,50.86,124.9
9502,18.4,157.4,49.07,98.6
9503,25.8,180.2,43.21,111.8
9504,44.8,186.1,40.79,104.8
9505,14.4,155.3,39.28,80.4
9506,98.2,171.5,41.93,95.4
9507,2,194.4,47.01,114.5
9508,9,169.1,44.28,115.2
9509,26.1,170.2,41.81,90.5
9510,19.1,169.5,47.62,107.9
9511,3.8,190.4,44.76,106.2
9512,22.8,187,50.98,118.7
9513,24,184.5,56.65,136.8
9514,18.9,159.7,58.45,135.9
9515,5.1,162.5,53.99,118.1
9516,7.1,156.3,57.38,122.9
9517,8.9,175,43.12,118
9518,21.3,175.1,43.07,107.1
9519,33.2,194.3,56.43,118.7
9520,17.7,189,60.79,126.4
9521,16,194.3,40.57,112.8
9522,29.2,211.3,53.14,144.7
9523,74.6,194.7,49.53,106.3
9524,11.4,165.3,45.85,109.5
9525,2.2,174,57.11,105.9
9526,16.1,180.7,61.2,119.2
9527,23.2,152.4,47.92,104.2
9528,49.4,171.5,45.95,98.4
9529,8.6,193.7,50.02,126.6
9530,17.6,212.1,53.9,121.8
9531,27.8,173.9,46.29,90.5
9532,23.3,146.5,43.27,89.5
9533,27.9,182.9,45.33,113.7
9534,18.3,184.2,43.42,105.8
9535,3.2,165.5,45.07,99
9536,99,187.2,47.22,110
9537,6.3,177.5,44.08,90.1
9538,38.3,170.7,40.74,89.2
9539,82.9,190,56.07,127.3
9540,9.8,190.4,36.76,110.5
9541,4.3,173.9,47.53,109.3
9542,56.4,133.9,54.17,88.4
9543,13.9,197.1,49.6,118
9544,6.6,210.4,39.86,112.9
9545,2,145.5,54.25,115.8
9546,38.7,201.8,58.63,143.7
9547,1.1,173.5,54.29,116.6
9548,13.5,183.5,46.1,111.9
9549,30,177.3,50.17,124.8
9550,16.1,185.4,59.39,125.1
9551,7.9,172.6,58.86,134.1
9552,0.1,166.3,55.23,126.5
9553,86.6,180.6,53.65,122.9
9554,11.5,187.2,43.97,93.8
9555,29.7,155.6,52.09,118.7
9556,33.5,184.9,55.5,119.7
9557,9.4,182.6,59.28,119.4
9558,14.2,211.3,37.76,102
9559,42.7,148.2,50.25,100.4
9560,48.8,177,52.68,128.1
9561,13.6,193.2,43.31,106.7
9562,23.2,193.7,67.6,145.7
9563,70.2,196.1,66.51,143.1
9564,11,169.5,41.02,99
9565,7.2,183.5,46.83,113
9566,20.4,176,31.33,91.8
9567,13.7,193.6,61.68,116.2
9568,1.1,176.4,34.37,99.7
9569,2.7,174,41.08,96.4
9570,32.1,225,47.29,119.2
9571,1.2,177,47.96,95.4
9572,31.1,198.2,59.63,125.2
9573,8.6,192.5,54.08,124.7
9574,0.2,154.9,60.57,115.1
9575,53.3,184.4,50.87,111.5
9576,5.6,206.4,53.89,124.9
9577,34.8,143.9,49.66,126.8
9578,9,202.3,62.65,135.3
9579,13.8,156.3,38.27,102.1
9580,74.3,187.8,55.18,105.4
9581,137.6,174.1,49.74,129.5
9582,0.2,165.1,47.57,106.6
9583,6.6,182.7,39.14,113
9584,18.9,206.3,46.85,114.1
9585,17.3,188.2,48.6,106.7
9586,7.3,160.7,48.95,93.3
9587,11.8,170.5,36.66,91.9
9588,36.6,200.7,59.27,138.9
9589,3.1,176.3,48.97,98
9590,10.9,170.3,53.74,115.5
9591,3.6,217.3,48.62,128.7
9592,2.9,200.3,51.77,131.4
9593,28.1,181.7,54.83,115.1
9594,20.9,183.3,57.44,127.6
9595,5,208.1,35.18,87.9
9596,9.3,179.9,56.18,110.9
9597,26.1,200.2,50.87,126.5
9598,9.5,186,43.26,105.1
9599,24.9,183.1,38.82,102.5
9600,13,165.5,33.45,87.1
9601,6.6,196.5,48.09,121.6
9602,6.8,154.1,48.14,111.1
9603,0.8,133.9,46.08,85
9604,12.7,202.4,46.25,120.7
9605,6.5,185.5,41.53,90
9606,8.6,160.6,55.6,108.9
9607,9,163.8,52.62,131.2
9608,6.6,176.4,45.75,104.5
9609,29.6,189.7,45.2,108.2
9610,62.4,182.9,55.84,137.5
9611,3.7,201,42.83,116.8
9612,15.2,156.7,55.06,121
9613,23.8,179.7,57.13,101.3
9614,11.9,156.6,47.15,107.7
9615,27,163.6,55.94,122.5
9616,19.3,188.7,52.13,107.2
9617,16.3,183.9,53.74,110.1
9618,3.5,175.3,50.8,115.4
9619,11.9,200,58.01,134.3
9620,6.3,192.3,55.84,142.4
9621,38.8,144,52.47,115.9
9622,2.7,223.1,44.84,106.7
9623,53,178.6,51.98,136.5
9624,82.6,157.4,36.07,78
9625,17.2,217.5,53.07,116.4
9626,34.7,194.1,56.43,142
9627,53.7,182.5,40.45,103.6
9628,4.7,187.6,48.97,109.2
9629,50.2,164,53.77,108.3
9630,27.6,202,46.31,127.1
9631,16.5,176.3,45.62,99.8
9632,19.1,189.5,41.64,112.8
9633,1.1,118.4,35.04,80.6
9634,14.5,193.8,26.23,83.1
9635,35.5,175.4,48.29,114.3
9636,16.6,198,53.12,113.7
9637,14.2,207.2,47.17,118.8
9638,3.3,181.9,51.38,115.9
9639,7.4,180.6,52.5,101.1
9640,4.9,197.3,49.68,107
9641,9.4,186.9,49.43,112.2
9642,5.7,151.5,62.08,123.5
9643,29.2,171.1,47.03,107
9644,19.1,189.1,54.24,116
9645,44.2,231.8,45.86,134.3
9646,38.2,143.7,41.84,79.4
9647,3.7,185.8,37.92,104
9648,6.7,148.2,57.88,129.2
9649,0.1,166.4,53.22,90
9650,46.3,153.1,54.01,95.8
9651,5.9,174.6,54.47,101.3
9652,33.2,169.7,45.69,104.3
9653,2.5,175.2,48.3,109.9
9654,27.3,163.7,55.68,121.7
9655,36.1,182.1,66.04,137
9656,3,195.4,54.14,119.4
9657,0.8,202.4,59.13,135.1
9658,0.6,191,42.5,97
9659,6.5,184.3,53.33,114.2
9660,7.9,199.8,57.05,120.5
9661,23.4,188.9,45.67,110.9
9662,2.3,186.8,53.55,116.8
9663,8.3,204.2,40.19,128.4
9664,18.7,175.5,46.39,111.4
9665,4.3,171.4,41.25,111.2
9666,1.8,189.7,48.47,122.9
9667,4.4,197.8,54.86,143.5
9668,1.5,216.7,61.13,141.5
9669,16.3,181.8,46.32,104.5
9670,32.4,177.3,46.55,107.1
9671,4.7,167.1,63.75,125.8
9672,15.5,186.8,52.41,108.4
9673,5.2,187.8,42.43,121
9674,31.1,166.3,49.9,128.5
9675,13.1,179.1,50.92,103.7
9676,69.9,172.7,45.93,101.4
9677,6.4,203.6,50.77,109.3
9678,23.3,160.3,50.62,131.4
9679,10.6,151.7,45.19,84.2
9680,5.4,178.9,48.68,115.6
9681,14.2,160,57.36,109.8
9682,83.2,188,49.1,108.6
9683,4.2,173.6,48.5,108.2
9684,29.2,148.1,51.41,113.3
9685,13.4,185.5,48.23,109.7
9686,1.5,181.2,31.86,87.6
9687,23.9,164.2,46.52,113.9
9688,6.7,172.5,51.94,105.7
9689,12.6,171.7,46.26,103.3
9690,7.1,190.5,48.32,134.7
9691,0.3,207.8,40.69,120.8
9692,29.2,187.1,52.89,119.7
9693,43.9,164.1,42.37,112.9
9694,11.9,173.9,49.33,105.6
9695,9.2,192.4,55.37,127
9696,9.9,167.7,47.02,111.3
9697,9.5,184.4,50.67,108.8
9698,4.5,154.7,43.61,121
9699,46.3,184.3,54.26,135
9700,17.2,186.5,58.71,131
9701,22.2,203,48.92,111
9702,21,195.2,55.85,140.6
9703,20.7,201.2,57.06,126.1
9704,4.5,163.9,57.29,123.5
9705,7.5,180.9,48.24,115.3
9706,16.5,197.1,51.79,117.4
9707,13.1,229.6,45.92,127.5
9708,35,191.7,47.02,98.6
9709,17.4,165.7,59.05,127.3
9710,10.7,185.8,39.71,97.6
9711,68.3,153.5,54.99,104.4
9712,30.1,252.8,44.67,121.1
9713,28.6,186.8,56.46,125.7
9714,37.4,183.5,49.45,123.5
9715,1,194.1,49.61,127.9
9716,75.6,196.8,39.52,104.7
9717,2.2,169.9,47.78,116.8
9718,14,165.5,48.48,94
9719,17.9,189.3,39.25,99.5
9720,113.1,149,49.47,99.6
9721,16,134.9,57.4,105.8
9722,60.9,176.3,44.73,111.5
9723,11.7,200.2,43.32,128.6
9724,0.3,165.9,43.79,115.8
9725,9.6,182.9,35.47,81.2
9726,32.3,200.1,47.7,121.8
9727,7.2,166.5,57.38,126.9
9728,14.5,214.6,55.19,141.3
9729,56.3,174.4,48.52,103.1
9730,13,178.9,59.52,130.9
9731,32.4,205.5,51.51,113.8
9732,19.7,223.7,53.8,130.2
9733,26.9,178.3,49.41,104.4
9734,24.1,159.3,48.12,95.9
9735,17.1,161.7,42.81,122.8
9736,38.1,166,52.51,110.5
9737,5.8,160.6,52.31,107.2
9738,1.3,178.9,64.34,136.8
9739,71.4,190.7,47.12,115.4
9740,61.6,160.1,55.12,119.7
9741,19.6,167.8,55.56,102.6
9742,21.7,165.3,68.02,136.3
9743,8,176.1,54.46,123.4
9744,11.8,189.3,53.15,141.5
9745,7,163.8,45.28,117.6
9746,23.9,143,41.55,87
9747,26.7,175.8,56.63,117.5
9748,10.7,174.4,51.11,114.2
9749,19.2,188.7,63.96,139.1
9750,1.9,187,43.69,94.5
9751,25.4,180.4,52.8,94.2
9752,3.6,160.5,43.76,89
9753,113.2,170.9,51.74,126.5
9754,13.4,187.8,55.53,117.2
9755,3.2,161.1,50.21,117
9756,11.2,168.3,56.37,135.8
9757,18,202.5,39.59,106.3
9758,20.9,157.9,55.54,120.9
9759,2.4,190,58.27,118.3
9760,2.3,180.9,40.9,80.5
9761,14.1,188.5,60.55,126.8
9762,3.2,181.5,52.98,106.3
9763,28.3,193.7,46.51,106.8
9764,0.4,161.7,52.63,114.8
9765,23.9,211.6,54.49,117.6
9766,18.9,176.7,43.8,116.6
9767,0.5,189.7,45.74,120.3
9768,22.2,136.9,49.88,111.6
9769,56.5,170.8,47.35,124.4
9770,23.8,202,41.39,124.9
9771,20.3,179.5,52.57,107.1
9772,22.6,158.6,43.56,92.1
9773,0.9,189,50.12,126.8
9774,13.1,191.4,57.22,119.7
9775,1.9,187.8,72.15,125.7
9776,22.1,181.5,33.17,99.2
9777,69.8,188.1,40.26,105.2
9778,15.9,152.7,59.48,118.5
9779,3.9,176.1,50.34,113.1
9780,3.8,157.6,56.42,109.2
9781,23.6,177.4,54.59,123.8
9782,31.2,199.8,51.7,123.6
9783,2.5,181,46.87,115.5
9784,5.5,188.5,53.87,108.7
9785,36.9,215.5,67.96,140.7
9786,12.9,197.6,53.62,112.8
9787,97.2,163.5,57.58,111.9
9788,40,152,52.03,122.6
9789,20.7,195.7,53.37,137.8
9790,53.2,170.7,57.45,123.2
9791,36.9,147.5,45.84,92.9
9792,44,189.1,44.62,98.7
9793,14.9,159.8,43.5,91.7
9794,38.8,194.4,54.21,110.9
9795,18.9,186.2,53.69,118.9
9796,34.6,207,47.3,101.8
9797,8.8,122.8,50.33,104.9
9798,7.1,184.8,51.6,111.2
9799,5.2,159,45.6,86.8
9800,8.6,209.2,54.07,119.6
9801,21.5,160.1,60.16,115.5
9802,9.7,177.5,56.92,112.2
9803,16.6,181.5,55.6,134.1
9804,17.8,173.8,55.16,121.5
9805,31.6,179.9,40.75,83.3
9806,6.5,207.6,47.5,128.4
9807,19.7,160.4,55.47,131.7
9808,4.9,210.5,43.8,122.3
9809,23,162.2,49.32,114.2
9810,6.7,179.2,45.68,116.3
9811,4.7,205.2,50.86,138.4
9812,13.4,184.5,31.08,91.3
9813,25.4,135.4,38.9,100.3
9814,21,147.3,46.32,102.6
9815,17.1,170.4,72.94,151
9816,42,179,61.23,120.1
9817,6.7,184.4,57.7,132.2
9818,5,142,48.77,95.2
9819,1.2,176.8,46.24,120
9820,86.8,196.3,53.13,123.7
9821,9.4,170.1,41.95,101.7
9822,35.9,231.8,47.62,126.5
9823,19.2,181.2,58.54,131
9824,16.3,154,52.51,110.8
9825,26.5,159.1,54,111.1
9826,22.8,172.5,58.45,115.9
9827,6,167.4,52.31,140.4
9828,1.7,183.2,55.91,125.3
9829,13.5,176.9,48.48,122
9830,7.4,210.8,41.48,120.1
9831,19.8,174.5,51.17,130.3
9832,14.6,197.8,54.78,112.6
9833,105.9,158,43.69,95
9834,25.2,194.6,35.18,86.4
9835,12.2,188,61.87,124.8
9836,35.9,200.5,53.02,130.3
9837,5.9,145.8,47.8,95.3
9838,6.5,203.2,57.52,149.6
9839,6.2,161.1,53.68,144.1
9840,21,177.7,33.07,103.1
9841,66.4,210.3,57.07,110.6
9842,12.5,130.4,42.87,68.1
9843,9.4,188.5,58.48,118.2
9844,28.9,190.2,58.54,149.7
9845,32.7,186.8,38.64,102.6
9846,6.7,200.8,56.2,124.6
9847,41.7,175.8,38.25,101.5
9848,24.2,189.4,46.3,109
9849,12.1,182.7,35.94,108.3
9850,33.5,196.2,55.93,123.9
9851,20.1,182.1,52.71,117.5
9852,38.5,174.4,59.44,123.9
9853,20.8,220.9,45.82,127.6
9854,2,200.4,52.07,120.2
9855,23.4,167.7,54.2,113.5
9856,17.8,208,46.75,114.1
9857,19.1,200.3,56.54,145
9858,2.1,197,43.95,107.4
9859,73.7,212.1,53.29,103.2
9860,43.6,181.6,49.22,115.7
9861,15.1,157.8,50.09,105.5
9862,7.1,161.1,47.82,108.4
9863,3.2,209.8,49.04,120.3
9864,33.6,181.9,51.27,111.1
9865,2.4,181.8,46.85,115.4
9866,25.1,195.3,54.42,124.9
9867,8.7,181.8,52.97,120.4
9868,2.8,180.5,46.66,108.1
9869,1.6,181.8,48.15,103.4
9870,19.8,165.6,59.05,101
9871,7.7,196.4,49.68,114.7
9872,22.2,208.2,57.62,130.3
9873,23.3,179.5,44.04,112.2
9874,38.3,194.2,47,133.8
9875,48.2,199.4,52.21,113.7
9876,24.1,204.2,40.49,90.9
9877,6.8,181,39.55,95
9878,17.4,149,50.88,112.4
9879,7.1,168.1,50.8,130.7
9880,3,223.5,64.71,136.8
9881,94.6,151.7,53.17,104.1
9882,90.1,191,40.51,101.4
9883,1,209.9,51.43,118.1
9884,42,141.7,58.64,101.3
9885,19.5,173.2,47.62,106.9
9886,6.8,180.6,46.28,111.8
9887,9.8,164.5,57.13,107.8
9888,75.1,196,48.74,110
9889,14.1,214.6,46.21,119
9890,5.3,178.4,53.4,110.6
9891,23.2,207,51.57,113.9
9892,23,207.5,46.87,106.4
9893,40.1,198.5,48.69,131.5
9894,78.7,145.9,42.9,87.2
9895,58.5,193.3,61.92,135.6
9896,23.7,184.2,49.39,131.2
9897,47.2,169.7,42.86,94.1
9898,24.2,180.3,41.74,96.2
9899,6.6,169.4,58.36,127.9
9900,1.3,201.2,51.49,126.7
9901,7.9,205.5,56.43,129.1
9902,43,151.5,59.98,106.5
9903,4.8,129.4,38.49,94.7
9904,24.4,205.3,41.99,110.1
9905,22.3,154.5,51.78,98.3
9906,0.1,158,62.39,125.4
9907,16.9,195.5,50.22,120.9
9908,133.4,195.7,43.99,143.8
9909,19.9,149.3,42.93,95.9
9910,16.6,193.4,44.71,109.1
9911,11.4,174.2,52.14,119.4
9912,30.1,173,29.21,88.3
9913,45.2,155,50.08,109.1
9914,45.8,180.3,46.28,104.1
9915,48.2,148.2,32.13,86.4
9916,19.3,166.1,47.62,101.6
9917,3.6,188.9,43.68,110.5
9918,75.1,195.5,50.1,108.7
9919,29.2,198.4,58.29,134.4
9920,10.6,163.4,51.31,103
9921,26,182.3,55.58,118.7
9922,56.3,193.7,48.84,122.4
9923,23.3,193.6,52.55,103.2
9924,51.2,165.9,53.07,108.9
9925,12.8,227.3,58.94,140.7
9926,58.5,200.3,46.01,110.8
9927,27.9,161.8,49.43,102.2
9928,10.9,184.9,45.38,155.1
9929,16.5,170.8,58.3,114.8
9930,14.1,216.2,57.66,124.4
9931,25.4,175.6,47.85,102.5
9932,64.7,176.7,49.12,106.5
9933,54.5,162.6,49.35,116.2
9934,14.8,178.4,47.3,111.3
9935,7.6,181.2,40.75,116.3
9936,19.8,136.9,45.59,112.1
9937,6.9,179.1,55.1,113.9
9938,3.2,157.4,43.54,115.7
9939,2.5,198.2,45.33,116
9940,45.2,210.1,47.08,123
9941,32.7,173.8,44.44,96.7
9942,10.1,196.1,53.88,130.9
9943,4.5,186.6,50.08,112
9944,9.5,154.8,39.84,99.2
9945,0.3,146.5,50.45,109.2
9946,44,175,39.26,100.6
9947,72.9,152.9,54.06,92.3
9948,29.4,216.8,32.96,120.7
9949,38.5,154.1,52.87,119
9950,53.2,159.7,43.27,113.5
9951,25,163.4,40.92,91.3
9952,8.5,207.2,44.84,114.2
9953,17.9,160.3,59.29,126.1
9954,3.7,185.2,50.99,103.9
9955,20.8,193.8,35.26,103.3
9956,1.3,162.8,47.38,117.4
9957,47.7,161.4,45.64,107
9958,64.2,174,39.16,119.5
9959,29,192.1,43.33,105.5
9960,10.1,154.4,53.35,105.3
9961,25.7,204.5,40.72,89.6
9962,3,170.9,58.2,134.3
9963,21.9,164.5,51.34,94.4
9964,39.5,184.4,40.96,98.6
9965,14.3,187.5,55.42,117
9966,41.8,160.2,52.75,112.8
9967,13.9,176.8,47.67,105.3
9968,41.2,155.3,60.16,130.2
9969,4.6,194.7,47.58,110.2
9970,18.6,173,53.49,136.1
9971,37,165.9,54.43,117.4
9972,8.5,200.7,55.11,121
9973,11.1,148.7,49.39,95.6
9974,35.2,171.7,48.72,107.4
9975,39.8,172.1,39.45,103.2
9976,4.8,185.4,53.58,136.2
9977,15,179.6,54.04,128.4
9978,35.8,198.1,65.05,131.4
9979,41.9,170.2,58.48,129.4
9980,0.2,195.3,57.66,126.7
9981,145.6,175.2,38.08,93.3
9982,38.8,156.6,43.11,103.8
9983,11.1,149.6,60.85,125.3
9984,76.7,172.2,51.42,106.9
9985,33.9,160.7,55.04,108.5
9986,8.1,185.9,65.92,126.8
9987,5.6,186.3,64.41,124.8
9988,8.4,195.5,51.29,113.5
9989,3,190.9,56.18,125.6
9990,15.1,189.9,52.91,116
9991,0.6,168,57.39,102.6
9992,50.5,187.5,47.62,127.6
9993,12.2,181.1,53.85,116.2
9994,38.1,190.7,57.86,124.3
9995,8.7,152.1,50,87.3
9996,16.9,184.8,60.25,123
9997,15.6,197.7,45.1,103.6
9998,37,192.3,56.47,128.4
9999,9.4,167.4,54.84,128.5
10000,26.1,172.2,35.85,108.8
