weight,temp
46.2,171.1
60.4,169.4
47.2,171.2
65.1,162.5
51,171.8
47.6,169.9
56.4,171.1
46.8,169.5
47.7,164.9
41.3,174.8
50.7,169.9
46.7,170.5
52.5,173
43.6,173.2
40.8,181.5
42.2,169.4
42.4,174
56.5,166.3
38,176.9
42.8,172.6
55.2,165
50.8,161.3
45.1,171.5
57.8,172.3
50.7,171.8
51.2,163.4
47.7,176.2
49.2,172.2
62,165
38.1,176.2
29.6,191.9
42.5,176
37,181.3
49.3,172.6
54.1,165.6
43.9,180.6
39.3,180
33.3,178.8
51.7,171.1
42.7,169.8
51,175.3
35.9,179.5
40.1,177
58.3,164.4
42.7,172.5
45.4,167.4
38.5,180.4
42.4,176.6
45.6,171.7
40.8,174.5
49.4,172.8
45.1,168.1
51.6,179.3
39.6,182.3
56.7,171.9
39.5,176.3
58.1,163.5
43.3,181.6
45.4,169.6
37.2,175.4
46.7,167.6
57.4,171.9
49.4,173.9
40.5,174.2
39.5,175.3
44.5,169.7
50.8,171.8
41.7,180.6
59.7,166
56.7,164.2
47.1,174.9
51.2,167.6
44.6,172.9
53.8,176.3
32.2,177.3
36.1,181.1
49.7,171.5
42.4,177.3
54.4,163.4
56.4,162.4
47.6,168.9
45.7,171.6
46,172.9
50.5,169.9
46.3,164.1
41.9,180
52.2,167.9
45.9,180
59.2,169.4
46.7,177.5
43,176.3
48.3,174.3
50.7,175.3
40.6,175.6
50.2,169.2
46.1,174.8
59.6,173
33.2,180.1
29.6,179.1
50.9,178.5
44.2,169.7
47.2,180.7
41.1,175.1
39.3,171.6
46.7,171.1
37.1,182.5
35.8,180.3
35.4,178
49.2,169.3
38.3,179.3
51.9,172.7
46.2,175.7
33.5,183
33.2,185.9
47.4,176.2
44.9,175.3
51.6,173.6
58,156.6
40.4,176
35.9,180.2
50.3,171.7
55.6,169.3
56.9,168.8
51.7,174.7
38.2,173
49.9,169.3
51.4,171.9
35.7,179.7
41.3,167.1
50.4,178.9
44.6,167.8
52.4,174.1
46.4,182.5
29.3,182.4
43.4,174.5
32.2,189
44.4,177.2
50.2,166.5
43.9,180.3
49.2,165.4
48.3,166.4
54.2,167.9
54.7,167.7
36.3,179.4
41.5,179
64.3,163.9
37.6,176.3
42.7,175.5
41.8,178.7
50,167.4
29.1,188.5
43.4,174.8
50.6,167.8
59,168.7
49.8,175.7
32.1,185.6
42.5,173.3
56.4,173.6
36.8,173.1
42,173.6
49.4,170.2
60.4,165.9
50.8,176
45.5,178.8
37.4,181.9
38.7,177.2
50.7,165.8
40.8,178.6
31.6,182.6
45.9,177.1
60.3,162.6
49.8,169.2
43.1,172.6
54,165.2
44.8,175.3
64.2,160.1
63.4,164
44.4,179.8
47.7,174.2
49.9,177
50.6,172.1
58.3,164.6
38,179.1
45.3,180.3
40.6,174.8
41,175.4
37.3,184.2
43.1,173.7
41.1,180.2
55.8,167.5
62.9,164.2
39.4,173.9
44.7,174.4
38.6,186.4
36.2,177.2
49.4,171.6
69.8,169.2
36.8,174.6
29.1,187.8
71,159.7
34.7,183.7
45.7,168.5
40.4,177.8
46.8,169
53,169.8
39.6,176.3
43,176.7
41.7,184.4
30.5,186
32.7,190.8
43.3,182
31.8,185.3
56.2,171.9
43.9,176.7
45.3,174.6
49.3,175.6
37.3,171.5
56,171
32.7,186.5
46.4,171.1
48,171.6
50.7,168.2
51.2,174.8
46.6,165.8
37.1,185.1
46.1,167.6
45.7,182
41.9,177.5
33.8,179.9
42.2,171.3
41.3,189
52.7,171.9
50.6,173.4
70,164
62.1,155
41.5,178.6
45.5,176.2
50.3,172.8
50.3,171.8
45.2,175.3
50.1,165.8
31.5,182
55.3,166.3
41.8,179.4
31.3,189.9
49,171.5
46.6,170.8
43,176.5
43,171.4
37.6,175.5
42.9,183.5
40.2,179.5
60.2,168.7
45.3,175.5
24.5,183.7
49.2,170.5
45.9,173.4
50.4,174.4
37.8,175.8
59.3,158
39.1,174.3
54.3,173.1
61.7,169.2
28.7,184.6
41.8,178
43.3,173.6
35.6,178.3
36,174.8
40.3,178.2
51.5,169.9
44.6,174.2
46.5,172.2
55.3,167.7
63.1,163.8
50.1,169.5
53.6,178.3
39.8,179.7
49.5,170
44.5,168.2
40.6,175
29.5,184.7
47.6,181
32.3,186.4
42.6,173.7
42.7,177.3
48,173.8
46,171.3
30.3,184.9
51,165.4
36.3,182.2
46.5,173.4
51.5,170.3
57,178.2
55,171.8
53.5,170.5
51.8,170.1
49.9,169.3
37.1,176
56.8,163.8
49.6,172.1
38.7,182.7
44.8,178.7
59.8,164.2
48.7,173.2
47.5,174.9
54.5,164.4
45.9,176.9
47.6,167.2
63.4,168.1
43.3,176.1
47.9,174.4
48.6,164.9
43.8,182.2
52,170.4
58,164.9
48.3,171.7
19.5,189
46.5,181.2
35.9,180
35.5,182.9
50.7,168.2
42.2,182.8
39.9,175.9
43.3,175
37.3,183.2
39.8,181.4
51.9,172
48.9,177.8
42.2,176.6
41.7,175.8
39.3,174.1
32.2,173.9
48.3,172.6
40.1,175.4
52.8,174.4
45.7,181.2
47.2,176.5
34.3,177.6
50.4,174.5
50.8,170.4
40.4,177.8
55.2,165.3
55.7,166.8
58.2,167.3
36.9,176.7
50,167.2
17.8,191.9
38.7,174.7
50.4,170.1
33.9,173.6
47.1,174.5
51.4,168.8
31.3,175.6
58.8,170.4
55.5,170.9
47.2,173
53.7,168.7
27.2,180.9
51.1,166.3
46.7,171
54.2,168.2
50.3,171.4
47.7,170.9
46.2,172.6
53.9,178.5
54.4,169.4
47.1,173.8
42.1,174.4
49.9,172.6
46.1,172.7
38.9,178.1
49.8,171.2
48,174.7
45,172.8
60.1,173.2
46.6,174.2
65.4,159.4
41.5,183.9
56,165.7
53.2,170.6
49.9,170.8
41.2,177.4
30.9,177.9
40.7,170.7
48.3,163.1
46,172.6
44.9,175.9
34,181.3
49.9,164.5
47.3,169.1
41.8,176.5
37.9,182.7
42.4,177
54.6,181.9
28.2,179
41.1,181
47.3,166.8
52.5,161.9
43.6,177.7
37.5,174
48,173.8
46.3,176.9
49.6,174.5
40.6,178.7
37.4,175.1
49.6,171.9
60,166.4
43.2,176.6
42,186.4
57.9,179.9
45.9,178.2
31.3,182.7
37.7,182.9
44.4,183
41.6,179.2
25,189.9
35,171.3
37,178.7
38.6,176.9
59.3,166
52.4,163.4
42.7,172.6
39.5,175.2
51.4,169.5
51.3,169.8
51.5,173.5
39.1,180.3
37.2,175.3
41.4,178.6
40.5,175.9
27.3,182.9
43.8,176.5
44.2,169.5
44,183.9
46.6,172.6
43.2,179.5
36.9,177.7
41.3,173.7
41.9,177.2
44.1,173
40,179.1
31.3,184.8
54.3,163.6
42.8,179
40.2,178
45.3,174.5
50.5,175.7
41.2,174.6
24,183.2
47.9,170.3
51.4,172.6
32.1,179.7
44.5,174.5
44.2,178.9
55.7,160.8
27.4,181
38.8,175.9
42.9,170.4
42.6,181.8
52,168.6
54.1,160.7
42.8,168.6
36.7,183.8
49.7,165.5
47.1,166.1
51.5,165.7
37.3,175.2
20.8,189.3
41.2,173.5
55.2,162.3
44.8,174.6
50.1,166.2
38.9,177.3
45,171.3
43.6,172.1
40.5,177.6
55,165.3
32.8,175.7
29.6,184.7
44.1,178
34,186.1
50.5,168.4
40.1,172.8
45.4,170.2
51,165.6
41.6,173.3
42.2,174
51.5,177.1
52.1,177.1
47.2,170.4
41.8,173.4
34.8,176.7
37.6,181.1
45.6,170.8
36.5,174.6
48.5,172.1
46.2,174.8
37,177.8
44.2,174
37.4,171.7
54.8,163.9
32.8,178.7
46.1,164
49.4,172.3
35,177.7
63.5,163.9
33.6,178.7
42.9,169.9
47.4,181.6
34.7,192.2
38.3,188.1
52.8,174.4
42.6,171.3
46.1,174.8
29,186.4
49.5,170.8
50,176.1
37.1,181.6
41.6,172
59.7,161.7
39.3,175.5
37,175.8
43.9,174.6
38.8,183.1
27.7,183.4
47.5,169.6
47.4,173.8
42.9,172.3
55.3,167
52.7,175.9
40.6,177.4
56.5,167
31,191
47.4,174.2
39.9,171.2
47.1,175
51.9,170.2
58.8,165.3
58.7,166.5
39.9,172.9
50.4,162.7
37.8,177.2
53.7,168.1
61,166.2
41,175
43.8,177.7
59.1,167.7
58.9,176.3
52.2,170.3
53.4,170.1
48.7,162.8
40.3,171.6
46.2,169.5
29.2,190.1
47.2,174.7
41.7,180.8
52.5,170.3
47.9,174.7
35.8,181
42,178.9
51,164.8
33,168.8
44.1,176.8
43.9,170.4
44.6,173.7
33,182.3
50.3,171.8
39.8,180.2
41.4,183.6
31.5,186.4
33.5,175.8
54.8,168.3
42.2,175.9
58.2,174.4
41.7,179.3
54.8,168
24.8,185.1
45.5,170.9
55.9,170.9
42.8,176.5
54.9,174
45,173.4
38.8,174.4
48.4,172.6
51.8,173
48.4,171.6
46.5,179.7
64.8,163.8
42.8,179
42.1,176
45.2,176
41.2,182.3
43.5,181.4
44.9,181
38.6,176.2
46.2,175.2
42.7,177.4
43.4,174.5
31.9,181.6
43,168.3
44.7,165.1
38.6,180.6
57.9,167.3
45.9,175.3
32.8,179.5
60.7,159
50.4,170.2
60.4,167.6
30.5,179.4
36,179.5
37.3,182.8
55.2,162.1
48.4,169.4
41.2,177.3
47.7,174.7
43.7,182.4
43.7,176.3
46.5,168.8
31.6,174.5
40.8,174.4
40.8,173.2
41.5,178.9
56.8,168.1
45.8,167.5
50.5,170.2
49.4,164.4
53.4,169.7
50.4,174.7
43,178.1
44.5,169.2
39.7,179.3
31.6,182.5
47.4,164.8
36.1,171.7
40.2,168.8
41.4,175.1
48.6,179.2
43.2,176.9
45.9,178.3
42.1,173.4
41.6,185.5
37.7,183.9
36.4,184.8
55,164.3
37.6,184
46,169.1
43.9,169.6
38.5,183
40.2,175.3
46.5,173.5
28.4,182.3
47.8,175
41.2,175.5
41.6,170.6
48.7,172
40.5,183.6
48.2,173.6
50.1,168.7
34.3,176.2
59.9,163.1
44.6,172.2
38.3,174.4
49.5,175.5
65.6,161.5
47.3,170.4
44.2,174.5
42.4,183.7
41.9,174.7
27.6,184.3
29.3,183.6
50.1,173.4
44.6,178.5
38.9,185.9
45.6,173.1
48.8,173.5
45.5,183.3
37.6,173.5
64.3,170.8
43.3,171.8
56.3,168.3
52.8,175.4
39.4,176.4
41.9,169.8
50.8,165.4
38.5,179.9
45.4,170.2
49.8,171.6
45.1,173.2
55,168.8
41.2,170.6
49.6,165.2
36.9,181.5
37.5,183.5
60.1,163.8
53.7,172.3
43.7,169.4
38.1,170.1
47.4,168.7
43.5,174.1
66.7,154.2
51.8,168.1
51.7,161.9
47.7,182.7
30.9,177.3
44.4,183.9
45.3,167.7
53,170.8
50,166.6
49,168
48.4,177.3
50.1,167.7
38.4,174.6
54.1,171
33.3,178.8
38.4,179.3
48.3,181
27.8,179.6
49.4,178.5
45.4,173.7
46.7,173.7
41.4,180
44.4,180.6
49.9,167.1
43.4,174.8
36.9,172.9
54.8,169.1
46,174.8
38.4,182.7
50.9,176.6
44.7,173.2
43,178.5
44,178
49.7,173.3
42.4,175.4
57.4,169.9
43.4,177.8
57.1,164
44.8,165.4
51.5,171.2
49.8,167.1
45.6,173.9
59.3,163.5
43.6,176.3
34.9,187.8
41,176.7
45,173.3
40.3,174.5
44.9,171.9
38.7,178.3
43.5,174.5
45.4,168.3
39.6,175.5
51.2,167
47,175.6
47.4,174.1
25.7,185.1
45.7,172.1
46.1,172.1
41.7,173.2
44.3,173.9
53.8,166.6
36.1,180.3
39.8,173
44.4,178.4
45.3,178.6
30.1,185.3
53.7,174.8
49.1,180.2
55.3,175.5
36.7,183
52.1,166.1
48.5,171.4
54.4,167.6
51.2,171.3
53.8,170
36.1,179.1
33.9,179.9
44.8,171.1
26.5,191.5
48.6,161.8
33.5,175.4
34.6,184.4
53.9,169.5
43,172.5
40.7,173.6
52.7,173.9
49.7,176.4
44.4,175.1
30.9,186.8
43.9,173.3
36.4,172.4
46.3,175.2
29.4,188.9
42.8,175.5
49.1,172.5
48.4,176.6
50.2,173.6
54.8,164.3
56,165.9
74.3,158
53.7,161.1
50.2,168.8
52.3,167.9
55.1,163.5
31,184.5
38.5,181.1
49.5,173.7
53.9,168.4
50.8,177.2
47,177
45.8,173.7
41.1,175.4
30.6,183.1
37,174
49.5,170.1
45.4,180.2
39.7,169.8
28.6,187.9
52.5,168.4
52.3,164.3
50.3,178.7
32.4,175.9
47.6,174
47.6,174.6
49.8,183.2
44.4,171.2
33.2,179.4
36.4,175.8
47.3,175.4
31.6,182.6
44.9,170.9
49.9,172.9
45.7,169.8
18.6,191.2
28.4,187
49.7,173
45,174.6
42.2,176.9
34.8,181.5
50.6,171.6
43,172.7
48.8,172.8
47.6,173.9
51.2,174.3
47.7,168.4
59.1,162.7
40.9,183.2
56.5,169.1
59.9,162.2
49.4,172.5
46.6,176.4
43.2,174.6
47.6,172.3
50.3,172.1
35.5,178.2
42.7,176.6
47,176.4
37.6,177.5
37.8,176.7
47.2,175
42.6,171.8
44.3,165
33.5,180.6
52.2,173.3
45.3,183.6
44.9,178
52.6,171.3
40.3,172
49.8,167.7
32.7,183.3
44.4,174.7
42.5,174.5
49.4,178.9
54.4,168.4
44.9,168.1
48,172.2
40,174.9
44.3,165.3
46.3,169.9
33.5,178.8
48,172.4
36.9,175
38.1,178.9
49.4,171.9
51.7,175.7
51.7,166.9
53.9,166.2
48,168.8
40.8,176.1
42.9,176.1
51.2,162.9
37.8,173.4
56.4,164.9
35.8,177.3
52.5,166.9
44.2,183.8
41.7,175
32.6,176.5
46.2,169
42,175.7
46.9,177.4
33.8,176.5
46.2,174.8
37.5,178.9
54.6,166.7
47.3,173
58.7,162
40.1,176.4
49.1,168.5
54.8,171.4
62,164.7
43.1,171.1
43.2,171.6
39.4,170.8
49.4,170
43.4,174.8
53.1,172.9
47.3,166.7
32.5,181
51.3,170.4
45.8,175.1
50.3,171.6
47,180
53.5,165.6
55.9,164.4
52.9,173.3
58.2,169.7
57,165.9
53.1,167.1
44.5,170
48.5,166.9
38.1,187.9
42.8,176
30.5,181.7
47.2,177.3
44.1,177.6
46.5,169.8
55.3,168.5
35.7,185.4
37.3,174.3
45.1,174.7
46.6,178.9
41.7,184.2
33.7,179.9
42.3,176
39.2,178.8
48.5,173.3
49.8,168.1
42.9,171.9
44.3,172.6
52.1,171.6
47.1,178.4
50.9,170.2
49.9,167.1
40,181.1
37.6,185.1
59.1,163.9
40.3,180.5
40.5,175.1
59,163.4
44.3,172.2
46.2,173.5
47.9,172.5
40.7,175.8
68.3,161.4
46.9,165.2
27.1,184.8
58.1,170.6
48.7,173.8
45,172.2
44.3,176.1
56.1,173.8
52.6,169.3
46.8,170.3
45.9,173.4
37.3,178.4
38.6,182.5
53.8,166.2
44.6,170.4
44.9,170.1
37.1,177.7
44.1,180.2
47.2,164
40.1,175.5
25.8,181.7
44.6,171.5
42.9,172.8
44.5,173.6
26.2,187.5
43.9,177.7
52.9,171.9
31.2,184.2
44.4,169.2
55.6,167.4
50.8,163.6
42.5,173
40.5,170.6
51.7,165.2
46.1,168.7
46.4,170.2
49.7,169.4
36.6,178.4
40.6,176.9
49.2,176.3
33.4,185.9
53.4,168.1
47.7,174.2
40.3,177.2
38.9,179.9
42.5,170.6
49.6,168.9
36.4,181
62.5,167.4
44.9,176.1
44.6,180.1
49.3,174.8
38.8,176.5
46.5,169.1
46.2,172.1
34.1,177.7
44.8,175.3
43,180.6
36.2,182
48.6,162.2
48.9,172.8
49.8,166
38.9,176.9
38.2,170.1
43.7,170.7
60,166.1
34,179.8
48.4,182.8
31,177.7
53.4,174.4
48.6,172.2
45.1,167.7
42.3,171.1
37.3,177.3
49.7,177.5
49,172.6
52.5,172
37.7,181.7
49.5,167.4
38,180.4
47.3,174.7
30.9,181.9
41.7,175.5
52.6,171.6
42,186.3
51.7,168.1
52.7,170.6
45.9,172.1
47.9,172.4
52.9,172.1
51.9,168.1
46.9,181.5
33.3,182.4
41,170.6
54.3,168.8
48,170.6
41.5,182.9
51.3,170.5
41.5,172.8
41.4,174.3
41.8,175.2
47.2,176.5
51.4,166.8
52.2,167.3
30.3,187.4
24.2,186.5
47.2,173
41,175.9
54.9,167.5
38,179
45.1,170.7
41.5,170
37.6,178.6
39.3,181.7
37.5,177.4
50,169.7
39.2,179.4
43.7,182.9
45.7,171.6
71.1,155.6
33.6,181.2
44.1,180.3
53.8,168.4
38.9,177.4
45.9,172.3
49.3,169.8
51.5,175.3
53.9,171.9
44.4,175.8
39.6,181.6
45,172.1
51.2,164.8
48.2,171
49.1,177.4
36.2,184.5
53.8,170
44.1,169.4
46.8,174.1
35.6,174.4
48.4,167.5
40.3,180.2
32.5,185.2
40,186
37.2,175.6
59.4,171
46.4,178.8
52,163.4
42.9,171.1
40.7,166.9
62,169.1
45.5,181.2
40.6,176.9
37.7,174.3
35.5,179.5
37.1,174.4
54.2,168.1
43.1,181.9
52.6,167.8
50.1,167.8
30.7,187.1
56,169
45.8,173.3
57.2,164.8
53.1,168.2
44.9,173.6
48.6,174
46.2,171.7
45.6,177.1
44.5,165.6
38.6,181.9
51.8,170
44.7,172.3
47.4,177
45.5,171.3
60,174
50.1,175
49.8,173.4
35.5,180.1
34.5,180.1
57.1,172.5
55.8,165.4
43,182.1
34.6,179.1
51.9,168.5
43.1,173.8
37.6,172.5
43.5,172.8
36.4,178.3
36.7,181.1
31.3,179.8
56.1,171.2
53.6,168
33.1,173.2
48.9,168.8
41.3,179.8
41.9,181.1
56.3,167
44.1,175.7
48.5,173.7
57.2,163.8
47.4,168.6
40.2,177.6
40,178.2
36.6,177.4
32.2,182.3
54.4,168.5
44.6,173.6
45.1,175.6
43.5,177.9
47.3,171.6
41.3,172.4
37.7,177.4
50.8,164.7
43.8,173.3
45.9,167.9
41.3,172.1
47.3,169.6
51,170.5
41.8,172.9
43.9,177.2
50.3,175.9
38.8,179.6
51.1,178
40.3,174
44.5,169.9
35.1,184.1
55.5,166.9
52.4,164
61.2,160.4
39.8,177.3
41.8,170.5
41.3,180.8
35.9,179.6
38.2,178
41.2,175.1
37.2,183.1
42.6,173.4
53.4,170.9
53.6,170.2
37.3,180.1
53.5,171.8
59.9,167
48.1,167.4
54.7,166.7
44.8,176.1
51.9,171
44.8,176
36.1,181.4
45.8,176.6
47.1,182.2
57.5,168.1
51.3,174.2
42.2,181.5
42.5,183.6
56.1,161.4
39.5,179.3
29,189.4
41.6,170.4
49.5,175.9
45.8,176.3
50.3,172.6
55.8,170.8
46.2,176.8
44,170.6
36.4,184
43.5,171
51.8,173.5
40.7,174.7
47.8,174.1
53.1,168.9
40.1,179.3
45.9,180.9
62.2,164.1
32.9,182
43.4,172.4
56.9,171.1
32.5,189.8
40.6,176.6
49.3,170.4
40.5,178.9
43.8,171.3
34.1,181
53,176.7
55.8,159.8
43.2,172.9
34.2,185.6
59,165.6
43,173.9
37.3,176.1
45.6,171.6
51,171.2
43.9,179
47.9,175.4
44.8,172.8
46.7,165.9
52.6,166.7
47.2,177
45.4,180.6
51.3,168.1
42.8,179.1
50.2,167.4
31.1,180.6
33.7,178.5
40.6,179.4
59.3,171.4
27.1,185.5
54.6,173.6
52.8,171.1
29.8,179.7
40.9,184.9
46.1,178.8
49.9,177.1
46.3,170.9
32.8,182.4
51.2,172.4
39.3,179.8
31.7,188.4
39.4,174.7
44.2,168.1
39.4,174.9
45.2,178.1
39.5,181.3
51.3,162
45.4,174.9
34.8,186.2
45.5,174.8
31.7,182
39.6,176.6
34.2,178
41.7,173.7
52.5,176.8
48.9,172.6
33.6,179.4
52.9,166.4
32.7,178.8
44.5,170.6
32,181.6
39.6,185.3
38.6,180.2
36.6,182.1
47.7,173.5
40.9,180.9
41.7,179.8
33.6,176.4
50.4,177.4
47.8,175.6
55,168.7
30.5,178.9
55.7,166.1
42.4,179.6
50.2,169.8
54.7,168.1
58,173
41.1,173.7
52.9,172.7
33.5,183.4
56.4,168.4
35.8,181.2
36.2,170.2
50.4,167
40.7,179.5
40.4,178
42.9,172.2
51,172.6
31.7,179.7
44.7,169.3
57.1,168.1
57.8,167.5
41.6,173
30.7,178.8
48.7,173.4
35.7,179.1
41.7,177.2
75.4,154.5
42.9,177.1
49.7,167.7
51.2,177.7
53.4,167.5
54,162.3
46.4,166.8
56.6,166.9
37.2,174.7
50.1,163.2
47.1,172.4
50.2,173.7
45.4,165.8
47,175
44.1,179.4
33.5,178.8
44.5,170.2
46.9,176.5
48.1,172.2
44.9,173.3
43.5,177.3
47,170.9
29.3,177.1
42.9,179.2
48.5,172.7
51,173.8
51.2,174.6
52.6,172.6
47.3,171.1
45.8,174
43.6,173.1
49.8,170.3
54.1,170.8
57.7,171.5
49.2,166.9
46.6,171.1
41.9,174.5
48.8,178.7
43.8,176.1
24.8,183.5
42.8,172.2
48.2,168
38.3,180.7
54,172.2
29.4,181.9
46.7,167.3
54,168.8
41.8,177.8
53.5,176.3
50.5,173.8
51.1,171.6
52.9,163.6
45.9,173.6
48.3,168.6
40.5,182.4
42,173.1
40,169.2
47.1,169.5
41.3,171.4
54.3,173.1
35.2,175.7
52.3,173.4
42.6,179.5
43.6,174.2
44.3,181.2
48.3,171.3
44.5,178.4
49.3,168.8
50.2,174.3
42.3,178.6
58.8,162.9
44,177.7
45.6,183.1
41.1,179.9
43,178.3
38.8,175.9
48.2,172.1
34.2,183.5
40.8,174.7
43.9,175.5
41,178
40.7,177.6
57.3,161.7
33.8,184.2
59.5,166
43.5,175.5
59.5,171.2
58.1,162.7
59.6,172
45.1,179
42.9,180.1
32.1,184
43.3,168
49.2,178.5
46.7,175.4
32.4,179.1
47.2,168.3
47.5,168
53.7,168.8
58.6,166.8
40.6,179.9
51.1,167.7
60.5,164
64.1,165.3
49,176.1
43.5,171.8
52,168.8
45.4,175.4
45.8,176.4
39.6,168.8
38.1,176.1
41,171.7
40.8,174.8
37.2,182.6
40.3,173.6
33.7,178.7
50.5,172.7
41.1,173.5
39.6,172.6
51.1,169.6
61.4,165.7
38,181.4
45.6,175.3
51.5,176.9
32.5,183.8
40.9,187.2
50.6,167.9
51.7,173.6
44.9,169.2
25.3,188.9
49.9,175
34.3,172.6
38.1,179.8
35,183.5
42.2,178.1
59.4,165.5
46.8,173.4
34.2,179.6
44.8,174.7
41.5,168.9
47.3,169.2
59,163.8
58.8,164
48.9,169.7
37.2,183.6
42.1,171.9
32.3,171.6
46.2,184.2
53.3,169.3
52.4,170
35.2,179.3
34.6,179.3
40.3,180.5
60,164.3
42.6,179
51.5,170.3
46.1,173.4
29.9,184
38.4,174.8
58,164.5
48,177.3
43.1,168.8
37.9,175.9
52.7,169
36.3,177.9
45.9,171.3
36.3,181.7
53.2,175
56.3,166.2
46.8,176.9
38.4,178.8
40.6,175.2
49.1,175.3
40.8,178.3
47.3,172.2
49.2,169.9
44.6,173.7
48.6,166.4
30.7,184.3
54.2,169.6
39.2,178.1
53.9,172.9
44,169.7
61.7,170.1
58.8,173.6
46.8,166.6
48.4,174.9
57.8,168.1
58.8,164.2
45.1,170.7
47.6,170.1
36.9,181.1
53.4,166.8
42.5,174.2
40.9,181.3
51.4,170.5
45.5,175.7
25.4,183.2
38.5,182
61.6,160.8
46.9,170.7
44.2,172.7
28.2,181.3
36.9,181.3
54.5,174
52.5,167.9
38.4,172
28.2,176.2
41.9,177.2
52.2,171.3
51.5,174.9
30.3,183.6
34.1,180.8
39.3,173.8
66.1,158.4
53.7,172.7
52.8,164.3
48.8,173.3
34.8,187.3
58,161.6
42.6,171.2
41.8,175.2
47.3,176.8
53.3,168
42.4,181.5
43.5,171.1
52.6,173.3
40.1,176.9
62.1,161.8
37.9,182.1
41.2,180.4
37,184.8
46.9,171.2
42.8,177
51,178.2
47.5,178.9
50.9,172
45.6,172.8
54.9,167.9
37.3,179
51.8,171.2
49.1,167.8
34.6,186
48.3,167.9
41.8,175.2
42.2,168.7
30.1,178.9
58,159.5
45.9,174.4
47.3,171
43.8,172.9
44.2,167.2
43.2,174
53.6,168.9
43.1,168.4
41.5,183.5
46.1,170.9
38.8,179.3
44.2,169.2
42.3,177
55.3,170.7
49.6,176.2
47,169.1
50.3,174.4
45.1,173.9
19.7,186
41.7,176.9
50.4,175.6
46.4,178.7
45.2,180.2
46.6,172.7
49.8,172.2
36.9,177.3
43,179.8
50.7,172.8
40.6,182.5
56.9,166.3
37,180.5
36.3,178.3
50.5,171.9
50.5,174.8
47.2,177
37.5,178.2
39.8,177.1
39.3,176.3
39.5,178.3
51,171.2
54.5,170
43.8,175.4
53.4,171
32.5,194.6
52.6,166.3
43,178.2
50.2,170.6
41.5,172.6
48.7,173.2
37.8,182.5
41.1,175.8
33.9,177.4
37.3,184.5
37.4,177
32.9,182.2
45.6,173.4
55,164.5
48.9,171.2
53,163.1
31.9,184.4
46.2,177.8
45.4,170.7
39.3,176.1
56.8,170.6
36.3,188.9
46.9,171.1
46.4,178.5
37.4,181.7
57.3,169.3
49,172.7
51.6,168.1
44.4,179.3
47.7,169.4
39.8,177.3
20.3,190.1
46.5,166.2
44.6,181.8
45.8,176.5
42.9,170.6
47.8,170.5
53,171.1
39.8,172.4
45.3,171.9
49.9,171.8
45.9,168
35.1,184.7
34.6,182.7
49.4,176.1
44,174.2
50.3,170.3
45.5,170.7
40.7,178.9
32.1,177.8
53.4,172.2
45.5,174.4
53.4,168
37.8,179
48.4,170.5
54.4,167.9
44.1,172.8
41.2,177
31.1,175.2
51.4,170.7
43.4,178.7
60.5,174.9
46.4,168.9
51.7,171.8
54.3,172.6
45.9,177.5
37.9,175.7
40.6,179.3
48.5,168.9
44.1,177
47.2,179.2
49.1,179.8
45.4,169.5
58.6,167.6
45.6,178.1
56,173.2
54.9,164.6
38.7,182.7
50.5,172.9
51.2,166.7
36.4,176.4
49.6,173.9
41.2,178.1
46.7,168.8
37.5,175.1
53.2,169.1
44.2,168.8
38.1,170.9
39.9,171
32.9,179.7
36,180.5
57.9,167.4
47.3,166.4
43.8,179.9
46.1,174
42.4,175.8
58.7,168
46.7,169.8
29.4,182.1
49.6,164.9
45.8,169.3
39.2,178.1
44.5,175
46.5,178.6
32.4,177.9
53.6,171.5
40.8,181.7
37.8,180.4
41.2,175.2
48.8,170.3
49.6,171.8
44.3,179.8
49.6,173.3
52.4,174.2
40,173.4
32.6,183.4
42.5,175
42.1,173.5
43.8,175
49.7,167
46,173.3
38.2,180.2
55.3,168
45,175.2
37.6,180
45.9,178.1
28.5,188
53.9,171.8
52,170
40.8,181.3
44.6,176.2
34.7,179.2
54.1,173.7
42.6,177.4
40.6,176.1
47.9,176.3
54.6,165.9
47.2,171.8
26.1,182.8
44.3,175.4
59.8,164.3
41.1,174.8
45.6,174.4
48.7,173.1
59.9,168.7
40,178.3
69.5,161.6
40.5,178
60.2,154.2
43.6,171.1
45.5,169
49.3,168.8
54.4,177.4
48.7,172.8
34.8,183.9
50.6,167.3
61.5,160.1
40.4,174.7
49.3,167.9
49.2,171.9
49.9,173.7
53.4,168.2
46.7,179.4
56.4,166.8
30.8,185.2
42.4,176.8
40.3,171.2
33.5,181.9
47.2,171.5
35.2,181.7
56.4,171.1
50.7,172.7
27.1,182.6
45.4,172.9
54.1,170.6
58.4,163.2
38.2,181.1
51.4,168.7
24.5,180.7
47.1,173.1
54.3,165.4
57.1,163.9
33.9,182.3
40.8,172.5
45.8,174.3
29.6,186.8
25.2,186.4
41.3,182.1
53,177
42.7,176.5
44.2,173.1
40.4,179.8
41.6,174.9
59.8,171.6
41,173.6
37.5,183.2
44.1,172.3
52.9,167.8
43.7,175.1
53.5,169.2
38.4,181
56.5,169.2
41,178.3
57.4,167
53.2,167.2
34.8,186.3
53,166.7
44.2,174.2
46.8,170.2
46.4,173.3
33.2,179.2
39.2,174
39.9,172.1
42.2,182.1
39,172.5
52.4,164.7
41.2,174.8
43.9,172.8
38.6,172.8
50.7,168.2
53.5,174.2
50,165.6
31.5,185.2
52.3,162.4
32.4,182.9
48.9,172
60.2,161.7
43,173.7
38.9,177.4
58.9,166.3
34.9,179.8
41.9,176.1
45.7,171.4
54,173.8
46.4,173.8
44,175.1
41.6,174.8
42.1,178.4
53.7,176.4
43.3,173.3
51.3,172.5
57.8,166.1
45.8,175.8
48.4,167.8
35.6,181.6
55.4,169.2
49.7,169.5
56.7,165.2
35.8,181.5
54.6,166
47.7,174.1
39.4,172.2
35.5,181.7
57.9,165.9
39.8,180.1
33.2,180.9
47.2,178.1
38.4,182.4
35.4,178.4
49.4,170.9
48.9,171.2
46.1,170.3
36.3,186.4
41.1,178
43.1,176.5
54.4,170.6
47.1,172.4
51.7,170.7
34.1,172.7
41.2,181.4
54.3,161
52.9,165.3
47.5,174.3
43,177.1
45.3,168.2
33.4,184
26.9,184.3
35,182.2
45.1,172.4
50.8,176.8
55.6,173.3
57.5,161.7
46.9,170.4
38.9,181.3
53,168.9
50.4,176.4
62,162
44.9,169.7
32.1,187.9
52.5,171.6
43.3,170.2
44.3,180.1
37.2,178.6
32.5,183.2
35.9,182.1
49.8,168.8
25,182.7
41.1,175.8
33.4,179.4
60.9,152.9
32.4,188.8
43.2,167.1
47.5,172.8
33.5,186.4
31.2,180.4
46,180.5
43,171.4
55.9,167.9
56.5,166.4
45.9,174.9
41.4,175.2
48.8,163.6
23.4,181.9
32.9,181.1
48.6,166.2
45.5,169.4
43.3,178.1
40.3,176.6
38.2,174.8
44.1,180.8
44.4,175.4
41.5,169.5
54.3,172.4
48.8,169.6
37.5,178.5
49.5,170.1
43.9,173.1
49.8,178.1
41.7,182.9
34.4,180.4
46.2,168.5
37.9,178.1
36,173.6
42,179.2
37.7,183.8
39,168.6
56.2,165.4
22.2,190.4
59.8,173.2
40.3,177.3
45.9,167.1
38.2,183.1
47.6,172.4
44.5,174.9
44.2,173.3
56.2,167.3
39.7,172.9
54.5,168.8
60.2,164.8
36.5,178.8
36.8,181.7
48.1,172.6
37.8,180.9
46,170.4
53.7,172.3
26.7,180.8
54.3,175.3
54.3,168.7
54.7,169.8
23.8,187.6
60,165.6
49.6,177.4
50.9,169.6
39.3,176.6
40.6,180.2
30.6,186.6
39.2,180.1
49.7,170.3
54.5,173.2
42,175.7
39,175
45.8,182.5
48.1,172.6
29.7,185.4
47.1,178.4
35.2,178
54.6,164.4
30.4,181.7
36.1,180.9
45.3,173
39.1,180.9
57.3,165.5
46.5,171.6
43.6,180.1
47.6,182.9
57.8,166.4
41.6,171.5
41.4,181.6
39.6,173.9
34.2,176.6
28.2,186.5
37.8,178.9
35.1,187
50.3,167.9
39.1,170.8
49.5,166.3
49.3,173.7
53.4,177.4
47.8,163.5
33.1,179.7
38.4,179.9
54.8,172.7
39.1,176.9
47.6,175.6
44.4,177
31.8,174.6
38.5,177.2
30.4,178.6
37.1,177.8
53.2,157.7
34.6,181.8
53.6,170
50,173.8
46.3,182.3
50.8,170.1
35.2,178.1
51,172.5
46.1,182.6
34.8,182.2
41.7,181.5
35.9,173.2
47.6,171
34,182.5
42.3,172.9
33.5,182
50.8,183
52.6,172.9
58.9,160.1
51.4,171.9
51.5,164.6
52.6,166.3
47.2,174.7
53,170.5
33.2,179.7
49.6,180.4
46.4,170.4
42.7,175
53.1,172.7
38.1,179
40.8,180.8
29.8,186.5
34.1,182.3
33.5,184.9
48.8,173.9
48.1,166.7
48.4,163.6
41.9,175.4
52.3,169.2
38.4,178.6
49.1,174.8
52.8,164.8
30.6,180.9
48.8,173
24.3,181.9
34.7,184.3
49.5,169.8
50.2,174.7
48.1,168.8
41.6,179.7
33.7,177.6
47.9,168.8
47.5,173.4
41.3,172.6
59.9,167.7
43.4,177.4
47.1,172.6
29.8,181.9
47,171.3
31.8,185.7
45.4,171
50.3,174.2
38.4,178.1
40.2,181.8
39.1,182.2
39.1,166.5
46.2,170.2
45.7,178.7
33,174.4
34.2,183.2
40.1,178.2
53.3,169.4
39.8,182
52.7,165.2
53,167.1
54,169
46.9,177.6
36.6,178
52.1,170.4
24.7,186.4
40.7,182.4
52.2,174.4
51.8,167.8
31.4,192.1
42.8,172
49.4,170.3
59.9,163.8
48.4,167.2
39.2,178.5
47.8,166.7
41,172.8
57.1,169.1
39.7,178.7
29.2,180.8
35.8,177.1
43.4,174
44.7,172
41.6,170.1
46.8,172.1
56.6,171.2
40.5,172.4
47,178.1
38.8,173.7
46.6,172.3
41.5,174.9
44.7,175.8
26.3,190.3
43.7,177.4
45.9,186
47.1,172.1
41.6,176.4
39.6,176.1
41.6,174.2
35.8,180.1
44.9,176.8
47,170.5
47.7,170.2
46.8,173.4
42.9,177.8
37.7,177
49.3,177.8
46.4,169.5
33.7,175.3
52.7,172.5
52.4,169.8
59.7,160.8
42.8,173.5
44.9,170.2
35.4,176.6
51.9,174
27.1,189.6
35.9,176.1
58.6,168.8
42.9,175.7
40,178.9
54,165.4
40.4,178.4
44.1,175.6
36.4,172.6
51.8,170.2
46.2,175.9
51,177.4
43,177.5
45.1,172.8
57.4,169.3
33.3,184.7
31.6,189.8
37.3,171
71.4,156.7
48.8,167.9
42.1,179.1
39.7,178.3
42.7,174.6
50.8,172.5
36.6,182.5
41.7,171.1
42.2,173.6
40.5,176.6
36.9,182.7
29.8,181.5
39.4,177.3
51.7,166.7
37.4,178.9
36.8,179
42,176.7
52.6,164.8
37.1,183
57.7,172.3
51.4,171
39.6,175.7
43.1,177.2
42.7,178.1
39.8,178
40.9,176.7
47.6,169.3
60.3,160.2
32.4,177.8
45.7,174.5
63.9,166.9
45.3,165.8
40.8,173.3
43.9,175.1
42.5,178.4
44.3,173.2
27.8,183.9
57.2,169.6
45.6,170.7
54.3,170.3
36.5,184.9
54.1,164
40.4,180.4
57.1,168.4
38.1,183.1
42.3,177.7
56,172
38.4,179.6
39.3,179.4
44.8,172.1
54,174.4
37,185.3
49.1,173
49.2,173.3
52.1,171
41.5,176.2
51.6,172.8
30.9,181.3
38.4,174.5
44.4,176.1
44.7,172.8
34.7,186.5
39.8,176.4
60.1,160.5
41.4,172.1
57.9,169.7
45.4,175.2
50.9,172.1
43.8,181.6
41.4,170.7
48.9,167.8
56.1,167.3
54.9,168.3
45.1,175.5
48,167.7
44.5,178.8
50,166
53.6,174.8
44.5,174.3
47,170.8
40.6,174.2
47.5,170.8
43.8,170.4
60.3,168.8
48.4,176.4
49,171.6
52,161.9
61.7,166.1
43.9,173
43.1,177.4
46.1,172.9
32,177.6
32.6,181
46.5,177.6
45.2,176.1
50.3,173
54.6,168.2
43.4,184
45,175.8
44.2,176.5
42.9,178.4
53,166.4
47.5,169.3
43.4,172.7
45.9,180
41.6,185.2
35.4,179.6
28.8,187.6
42.9,175.1
37.3,181.3
30.7,175.6
39.6,174.3
41.2,172.7
40.1,176.3
45.5,174.5
50.5,174.4
42.2,175.8
46.5,172.5
50.3,168.7
39.4,180.3
47,166.7
49,169.4
45.3,177
54.4,165.9
54,174.5
41.3,175.3
36.5,172.3
48.3,176.1
44,172.1
49,171.1
44.1,166.3
56.5,172.2
56,171.3
41.8,170.8
48.7,178.8
54,168.7
52.2,167
34.1,176.3
40.3,177.4
43.7,169.5
59.8,167.6
53.2,170.3
47.9,166.1
38.9,180.5
38.9,179.3
33.4,176.8
43.2,175.9
42.6,179.2
48.1,173.8
45.8,178.6
53.2,161
50.5,171.6
38.2,179.7
36.1,180.6
48.1,162.8
52.2,170.4
31.3,176.9
45.4,177.3
45.6,173
42.6,180.3
52.3,156.9
47.5,174.4
43.6,171.5
51.1,172.8
54.9,166.4
48.5,171.9
53.4,168.3
54.8,165.5
53.5,171.6
45.9,174.2
35.2,180.1
46.4,174.6
32.1,187.1
42.3,174.6
33.3,186.6
38.9,177.7
34,186.7
52.9,172.5
44.7,174.6
47.8,169.4
32.8,179.9
21,200
41.9,176.4
57.5,165.1
43.7,174.2
49.2,170.6
23.8,184.7
49.1,172.4
51.5,162
57.5,169.4
35.7,180.3
45.5,178.7
50.4,177.1
49.2,166.9
34.7,177.2
56.3,164.9
64.1,170.6
51.3,171
45,170.5
39,177.5
30.2,185.5
38.4,177.1
28,181.5
47.3,168.9
40.8,177.2
54.9,171
54.1,164.8
34.6,174
37.6,188.9
25.8,184
58.1,165.7
41.2,182.5
57.2,172.7
32.7,175.7
46.5,174.3
32.4,188.2
50.7,173.4
45.1,169.3
44.4,175.1
62.1,163.9
49.6,174.7
41.3,175.1
41,175.1
30.8,187.9
44.4,172.6
51,178
55.3,166.1
44.5,181
43.5,173.4
41,176.4
47,174.3
35.7,186.9
34.1,182.1
40.9,177.7
46,173.9
40.9,175.3
47.9,178.5
25.6,189.2
35.4,185
49.7,169.9
56.4,166.8
48.6,173.1
36.5,176.8
49,171.2
50.5,170.8
57.2,165
50.6,166.6
48.3,165.4
37.2,180.3
61,164.5
54.4,168.3
53.8,178.6
54,169.7
45.4,175.5
46.5,175.2
47.5,164.2
48,166.9
39.7,176.2
31.6,171.6
42.6,175.7
38.6,184.5
51,169.9
64.7,164
36.5,179.1
47.1,172.3
42.8,170.9
31.4,179
50,175.6
55.2,161.3
46.1,172.3
48.2,169.5
40.5,180
42.9,177.7
42.9,180
28.3,184.4
34.2,177.2
47.6,167.5
47,173.1
47.9,168.8
43.5,179
49.4,170.6
43.3,168.2
41.3,174.3
43.3,174.3
41.7,172.1
63.4,157.1
52.7,173.3
45.5,168.3
36.4,176.5
45.5,173.1
47.8,171.4
45.4,168.8
39.3,174
27.2,187.8
37,179.7
33.2,175.4
47,169.7
35.3,183.9
38.1,180.9
29.2,190.8
42.8,170.4
44.3,176.2
47,180.2
56.2,173
40.7,178.5
43.4,179.5
49.7,164.9
39.5,175.2
39.9,173.7
37.3,186
30.1,184.4
40.6,177.3
39.3,179.4
41.1,173.6
52.8,170.6
34.5,178.2
39.5,173.2
47.2,166.4
41.3,181.9
60.1,170.4
42.6,176
33.6,177.1
42.8,176.4
28.3,179.5
61.3,157.2
50,169.1
48.2,168.5
46.8,169.9
45.2,173.9
53.5,177.7
42.3,171.7
41.8,177.6
53.9,166.8
42,176.4
44.1,173.4
46.3,180.4
41.2,177.1
60.8,169.4
47.4,173.8
25.1,184.4
51,168.4
47,176.3
48,168.5
52.3,171.3
41.6,185.5
27.8,186.9
41.1,185.3
46.6,176
36.6,183.8
48.2,179.4
41,175.8
71.4,165.5
39.8,173.8
51.8,173.4
48,168.5
37.4,179.8
46.9,172.6
42.5,178.3
53.7,168.7
50.3,170.5
46.1,175.3
37.9,169.5
33.4,184.4
53.7,166.2
54.4,170.6
54.2,175.1
45.7,176.2
45.5,172
42.7,172.7
42.6,177.3
48.1,178.5
46.7,183.6
50.3,168.1
46.9,174.3
43.4,177.6
42.2,173.6
36.5,178.9
41.7,175.7
41.5,177.7
47.5,178.4
53.5,173.3
46.5,178.9
61.8,166
51.6,168.4
38.1,176.4
39.6,186
46.7,181.6
43.5,181.2
40.6,181.7
56.5,166.8
42,173.9
34.2,180.1
51.6,175.6
47,165.9
43.7,171.2
42.5,170.6
56,169.8
44.6,170
41.3,178.3
43.9,171.2
37.4,179.9
44.2,177.5
40.4,176.6
44.2,175.4
39,182.9
47.8,174.8
35.6,178.9
38.5,173.5
41.1,170.1
51.8,171.4
30.7,186.1
37,181.8
28.3,180.8
36.5,179.3
35.9,178.7
54.3,161.1
38.9,180.1
42.8,174.4
43.3,173.4
43.1,173.5
48.1,172.7
45.9,173.5
49.3,173.8
39.3,188.8
40.3,173.1
55.7,173.3
52.3,166.8
48.3,171.7
50.4,164.6
35.4,172.8
69.2,159.1
39.7,176.8
42.2,176.8
36.9,182.1
53.6,168.6
43.4,174.5
34.5,175.1
52.5,169.3
60.2,174.1
47.2,163.5
39.6,180.7
55.5,167.6
49.5,174.3
47.6,173.5
44.4,169.5
49.8,173.9
34.9,176.5
34,182.4
44.3,174.4
54.1,169.5
36.3,181.2
51.1,169.5
37.4,180.9
37.2,179.6
43.3,170.4
40,174
41.8,175.2
52.8,169
39.3,179.1
26.3,183.9
47,172.8
31.5,189.4
49.4,170.2
49.6,169.5
49.4,174.8
43.7,173
50.1,168.4
44.4,174.9
35.7,177.1
48.9,166.1
38.4,179.3
38.6,170.8
48.5,183.7
46.7,168.3
67,159.4
50.5,172.9
37.1,171.8
35.8,183.1
41.1,183.7
31.5,180.3
38.7,182.6
37,183.4
44.5,174.5
39.6,172.4
47.8,173.2
36.2,181.6
50.8,172.3
51.2,175.7
50.2,172.7
49.7,177
39.1,183
38.9,175.7
47.1,175.7
47.9,174
47.7,184
38.1,178.7
33.4,181
42.6,179.2
31.7,182.8
44.4,174.1
46.4,174
47.8,173.7
45.7,169.5
51,177.6
51.8,164.4
28.1,180.6
52.7,170.6
34.5,172.4
43,177
24.9,187.4
49.6,166
41.8,168
66.5,163.4
30.3,181
46.2,174.7
41.9,176.2
51.9,168.4
30.7,178.7
52.6,170.6
48.5,170
31.7,188.4
40.5,173.9
25.4,188.4
36.5,175.2
55.1,170.9
54,163.2
39.4,174.6
43.4,172.8
31,189.3
37.5,181.9
57.7,160.3
47.3,177.3
47.5,170.8
49.6,174.5
45.7,164.8
43.4,172.1
51.7,167.1
57.4,158.5
38.6,176.4
44.3,169.4
48.6,168.1
43.2,175.2
44.8,177.4
43.2,171.6
40.1,171.4
45,172.2
42.2,169.5
40.2,181
61.5,163.1
31.7,185
35.7,177
36.8,184.1
47.1,166.8
42.9,177.2
48.5,171.3
40.2,173
35.7,178.5
54.3,170.8
41.9,176.1
31.9,177.6
30.9,179.3
37.8,179.4
37.9,180
43.6,176.6
39.3,175.3
41.5,178.6
43.9,172.2
41.8,175
49.9,168.6
44.2,183
44.6,167.2
31.5,184.5
43.9,173.9
41.8,184.6
56.5,168.7
37.6,181.2
40,184.4
40.9,182.7
58.7,166.8
41,176.8
45.4,173.1
48.2,167.6
56.3,169
48.4,177.3
37,186
52.1,170.3
52.9,162.4
43.3,169.8
52.2,166.7
41.5,176.6
41.6,180
47.6,175.3
49.9,171.6
44.4,171.8
40,174.1
49.4,169.1
42.8,173.7
55.3,179.9
46,175.2
37.7,180.7
46.3,174.5
53.7,171.8
60.2,162.8
45.5,180
50.5,172.8
44.7,174.3
53.3,176
31.3,179.9
54.6,165.1
44.2,175.2
55.4,165.1
42.2,178.3
52.4,168.1
35.9,174.8
44.3,176.8
47.6,170.2
57.7,175.2
48.1,170.4
37.9,181.4
63.6,169.2
66.9,165.3
64.6,165
46.7,170.6
57,168.6
41.6,180.1
47.2,174.8
44.6,175.3
56.4,170.5
44.7,178.2
37.5,183.3
46.3,168.8
50.4,172.7
49.6,175
40.9,176
42.2,179.3
38.5,178.1
56.9,160.4
42.5,179.4
40.3,171
44.1,173.1
53,172.2
56.5,162.3
52.8,173.4
38.9,177
54.4,169.4
37,177.8
45,175
54.6,171.3
52.8,165
53.1,169.7
58.5,156.7
51.7,171.3
50.2,171.6
43.5,179.9
38.5,187.7
60.4,161.2
46.5,178.5
38.9,175.2
40.9,177.8
45.8,169.5
45.9,174.7
35.9,181.5
53.9,168.4
43.1,179.3
48.5,177.1
61.4,166.5
49.1,174
51.1,170.2
52.8,170.3
47.9,172.5
39.9,177.6
26.8,184.3
50,167.9
42.9,179.3
51.3,175.5
47.2,173.4
44.4,170.6
38,175.6
57.3,168.4
34.4,185.6
48.3,176
43.1,171.3
48,169.4
60.4,168.2
57.9,170
40.8,176.5
39,168.7
47.5,165.8
53.2,170.4
36.2,180.7
42.4,176.5
48.8,171.3
44.3,178.8
48.1,181.9
47.8,167.6
51.7,173.2
56.1,174.1
55.9,168.3
46.1,173.4
45.4,167.7
63.8,157.2
38.1,176.5
51.5,165.4
40.4,172.2
52,166.9
49.9,172.8
48,164.5
37.1,181.6
57.6,164.5
45.4,169.6
50.6,174.1
48.2,173.3
50.4,172.7
44.6,167.8
46.6,174.9
38.7,185.5
44.2,175.1
42.2,180.5
46.8,171.6
35.6,185.1
33.3,182.6
42.8,175.6
66.4,166
41,167.1
53.3,176
41,181.8
46.7,173.3
38.3,185.7
37.5,180.8
44,174.8
58.1,164.9
46.1,168.1
45.1,176.6
42.4,176
50.7,176.1
54.3,166.4
41.5,179.5
38.3,181.3
30.4,185.2
43.9,179.3
42.5,176.1
47.7,170.4
43.1,172.2
31.7,179.8
37.1,181.9
42.1,178.7
53.9,167.8
47.5,175.6
45.1,172.7
48.9,174.1
45.4,168.6
37.4,180.8
49,169.1
50.8,164.7
41.8,178.5
37.5,181.3
49.1,171.5
46.7,171
38.6,172.3
41.7,174.4
46.2,169.8
40.4,176.6
40.9,172.3
46.6,171.5
34.5,186.9
52.1,174.7
52.4,174.6
46,176.6
48.3,172.1
49.6,173.7
46,170.5
53.6,171.3
53.2,172.1
61.2,164.6
58.1,169.1
49.8,174.8
49.9,164.7
45,177.4
47.5,180.1
30.8,181.7
29.8,180.5
36.9,176.2
41.2,174.3
53.4,168.6
43.5,172.4
56.8,163.4
33.2,184.5
40.8,172.4
38.1,181.7
47.7,177
44.8,179.4
47.8,170.9
52.5,175.3
51.4,168.5
36.4,180
42.8,175.2
53.8,175.5
45.6,177.2
36.6,182.7
40,173.3
39.3,177.9
39.4,169.4
54.4,169.7
49.6,174.7
39,175.5
52.1,170.7
53.1,164.2
33,178.2
58.2,172.3
49.7,164.8
45.2,181.9
48,176.5
45.3,173.7
37.3,179.1
60.1,169.7
50.3,170.3
38.4,184
51,178.1
56.4,169.2
50.1,172.2
41.8,177.6
60.2,157.9
55.4,173.1
40.6,183.4
53.8,167.8
54.3,173.3
48.3,174
42.4,173.7
47.7,169.9
40.7,178.4
33.4,182.4
39.6,175.8
27.3,190.8
41.2,177.7
42.8,177.9
49.6,169.4
55.2,169.8
35,189.5
28.3,187.8
42.9,171.2
41,170.3
35.4,178.9
38.5,177.7
50.4,168.4
56.5,163
56.6,167.6
47.5,175.3
39.6,174.5
58.2,164.1
33.6,184.2
50.1,169.9
35.9,177.8
35.1,175.9
46.4,171.4
51.1,172.5
44.4,183.7
54.6,171.9
40.9,177.1
55.9,174.6
41.4,174.1
52.4,166.4
36.8,179.2
39.9,179.4
46.8,172.7
37.4,179.5
42,172.7
31.2,184.7
48.2,181.9
39.3,169.5
44.9,173.6
57.4,170.2
44.2,175.1
36.4,176.6
45.9,166.8
36.9,180.6
34.1,182.5
36,186.7
40.1,174.9
37.7,175
35,181.9
49.9,178.2
41.5,180.6
39.8,174.3
54.2,169.1
41.8,166.5
46.4,176.6
36,177.9
44.2,170.7
41.2,170
43.6,173.5
31.7,173.9
43.2,174.2
44.7,172.3
56.9,165.8
41.8,176.6
37.5,179.4
38.4,178
46.1,181.5
50.2,173.1
36,185.9
59.8,167.9
51.7,169.4
51.1,169.7
34.2,181.7
31.6,182.8
47.5,173.8
34.8,180.6
38.7,179.1
38,178.3
44,174.8
54.7,170
49.7,165.3
34.9,182.4
42.1,173.1
61.9,168.7
36.4,176
44.1,175.7
50.6,176.3
45.7,172.3
47.3,171.8
47.2,169.3
56.3,166.2
29.3,181.7
36.1,183.1
59.3,170.5
54.8,165.9
46.8,169.9
47.6,173.8
41.1,178.3
38.7,183.1
42.2,179.9
46.4,170.1
40.2,169.7
59.7,162.2
51.8,166.2
53.4,169.7
48,173.4
61.5,158.2
44.4,169.5
54.7,172
33.4,180.6
41.2,185
46.5,175.3
46.5,170.8
45.8,169.6
51.1,166.5
35.8,177.7
33.9,174.6
39.2,177.2
48,176.4
56.1,161.5
41.1,177.6
42.4,174.3
41.1,180.6
30.9,178.4
48.1,177.6
42.3,176
37.1,179
48.4,169.3
47.9,170
48.2,171
37.7,185.9
33.8,184.7
48.1,173.8
35.9,178.1
26.7,186.9
38.7,179.1
37.5,182.3
49.4,172.5
43.5,174.9
51.1,166.6
32.2,181
35.3,179
47.9,167.4
50,166.2
33.6,179.2
43.5,172.4
47.3,173.6
42.2,179.6
49.5,175.2
43.6,174.4
45.9,174
41.6,179.4
33.9,173
54.2,165
27.4,180.5
47,168.9
45.3,172.5
48.9,166.8
47.9,166.4
49.1,171.1
52.8,172.3
48.8,174.9
45.6,170.6
39.1,184.7
53.6,166.9
50,168.1
47.2,171.5
32.7,180.3
46.2,174.6
68.3,158.1
47.2,172.7
41.9,181.8
47.8,160.7
35.8,177.6
48.9,178.7
45.3,167.7
39.2,176.4
41.1,177.4
29.8,185.1
49.1,174.2
51.7,162.2
50.9,162.7
51.3,166.3
43.6,174.8
52.3,175.7
56.6,171.5
54.7,168.7
44.7,170.9
39.9,179.3
40.5,174.7
43.3,177
43.5,172.2
46,175.9
47.7,170.8
55.5,164.1
49,168.7
38.8,178.2
41.9,172.9
46,168.4
67.6,171.6
34.2,176
52.9,171.6
50.7,174.1
55,171.4
56.8,165.2
37.1,180.7
45.6,178.8
44.5,173.6
36,182.3
58.3,165.8
48.5,167.9
42.3,176.8
52.6,168.8
38,176.5
47.1,166.2
40.4,179.5
40.4,174.2
44.9,175.1
41.6,177.8
43,176.9
35,176.1
53.8,169.2
47.6,175.7
40.6,177.1
60.2,162.6
49.1,171.5
48.1,174.5
40.4,172.8
53.4,164.6
40.2,177.9
41.5,172.3
34.6,178.9
39.6,178.4
37.6,181
47.6,174.7
46.7,179.8
41.4,181.2
45.7,173.7
37.3,174.5
36.5,184.6
50.4,168
57.5,168.3
52,169.1
43.2,183.2
46.5,171.2
36.6,184
57.3,166.1
49,166.5
44.9,178.6
42.1,174.7
41.5,174.2
43.1,176
54,167.4
51.2,169.5
45.2,171.8
48.3,162
49,166
36.1,174.6
40.7,176.2
48,170.4
46.6,175.2
48.7,165.9
51.7,163.2
50.1,169.9
40.3,174.4
51,168.6
47.1,174.1
51.4,171.3
44.5,170.8
36.9,175.7
27.3,181.5
46,172.8
39,175.4
47.8,171.9
55.5,166.6
42.1,174.4
49.1,170.9
46.6,173.3
41.6,176.7
51.2,178.8
40.2,169.5
52,168.6
56,172.6
41.5,169.2
42.6,179.9
40.9,176.1
47.8,173.5
42.9,181.5
44.4,166.7
51.7,170.5
53.2,177.6
45.3,174
53,170.8
40.1,181
44.1,174.2
27.6,180.6
35.2,173.8
32.8,178
54.8,168.1
35,182.2
39.7,176.5
40.4,175.8
42.4,172.8
40.4,177.3
48.1,176.4
49.1,174.4
49.4,170
36.3,175.5
42.4,171.3
38.5,176.2
51.7,169.1
56.7,168.5
36.7,179.6
27.5,183.2
61.7,168
42.6,169.9
51.8,169.2
53.3,165.6
53,171
32.3,189.4
58.6,166.1
30.1,182.3
46.9,179.3
42.1,177.5
36.7,175.9
41.2,173.2
35.2,177.3
40.5,174.3
49,169.5
44,172.6
51.4,162.3
41.9,172.7
38,181.8
61.8,171.5
44.1,174.4
56.8,163.4
40.3,177.1
52,172.7
49,178.8
39.5,181.1
40.1,175.1
54.9,171.2
36.5,174
46,176.9
41.1,172.7
58.2,163.8
56.4,164
64.4,169.5
52.3,165
36.1,177.4
47.7,170.9
37.9,182.6
34.1,180.9
41.1,171.1
40.6,176.8
41.3,174.8
49.9,172.5
33.2,182.4
35.2,182.1
45.1,175
54.9,172.3
53.1,181.3
44.7,175.6
43.3,173.6
36.7,176.2
56.4,162.3
35.4,177.6
54.2,167.6
44.2,174.7
30.9,179.9
36.9,175.6
45.8,168.9
33.8,185.1
61,160.3
44.5,173.3
38.2,172.5
47,165.7
45.8,174.7
40.3,174.8
32.4,172.2
47.7,180.1
43.3,177.6
63.4,166.5
41.6,183.7
47.6,171.8
30.3,186.8
37.4,174.9
31.8,186.9
27.9,188.4
36.9,178.3
55.4,173.7
44.4,180
43.9,169.7
49.3,176.4
49.1,165.5
47.1,177.3
48.4,174.3
38.2,185.3
39.4,182.1
43.9,187.4
38.1,179.4
46.8,168.6
49.3,164.2
43.7,178.9
36,179.4
40.4,175.7
40.9,181.7
38.2,177.8
48.3,170.4
53.5,172.4
47.9,169.2
43.2,173.6
37.2,179.1
42.4,172.8
48.4,177
32,175.3
49.7,166.9
42.2,178.9
40,170.5
42.3,173.4
44.6,180.1
53.6,168.9
38.1,180.5
57.8,167.8
34.6,181.7
56.1,170.5
44.1,171.2
50.8,171.4
43.9,176.4
44.4,170.9
52.1,164.7
43.5,172.9
43.6,180
39.5,174.7
44.9,170.4
36.7,178.1
59.6,164.5
41.6,178
36.3,181.1
41.7,177.5
39.3,181.3
40.8,175.9
44.4,174.1
47,172.1
40,175.5
44.7,170.4
38.9,177.8
51.4,174.3
36.3,181.1
41.5,167.4
56.9,169.5
39.9,174.3
43.7,174.3
48.4,175.6
42.4,182.1
47.8,181.4
53.9,165.6
44,175
56.9,167.1
40.7,180
51.2,164.2
39.3,173
49.3,175.3
33.7,183.9
26.8,182.7
51.1,166.7
41.2,176.3
37.6,179.1
61.7,163.9
50.1,172.1
44.5,180.1
53.7,167.9
41.8,170.8
56.4,174.9
54.2,160.4
45.1,177.1
50.9,167.9
35.5,183.8
50,168.8
25.6,183.6
40.9,176.8
41.6,177.1
42.1,170.9
57.5,162.8
40.6,182
48.2,170.3
43.7,176.8
27.7,179
29.8,189.4
48.6,172.1
55.2,174.9
50.3,167.1
60.3,162.9
37.3,179.3
37.1,180.3
55.2,164.9
45.2,173
47.1,174.7
38.2,179.9
42.6,172.5
51.7,172.3
38.8,181
39.4,181.9
61.3,165.2
42.5,174.4
52.1,168.2
49.2,171.4
43.5,168.4
46.9,173.8
61,168.9
36,180.4
34.1,176.1
34.4,177.6
42.3,173.1
62.6,165.8
47.8,170
57.5,172.5
37.7,172.9
55.4,178.8
49.7,174.6
48.2,170.7
39.3,182.9
43.9,177
49.4,173.6
43.4,176.1
42.1,178.6
51.1,160.6
45.9,172.2
39.9,179.8
53.2,165.7
56.8,169.7
51.6,167.5
37.3,190.7
53,168.5
48.8,170.5
44,169.7
51,169.5
60.4,162.6
61.7,160.7
32.5,179.7
52.9,171.7
46.2,168.2
45.1,171.6
47.7,169.7
51.7,169
50.9,174.1
48.4,173.6
32.4,183.7
52.5,170.6
49.7,168.9
47.3,174.2
51.2,173
53.9,163.4
44.3,172.8
34.9,178.6
43.3,180.5
47.3,165.7
48.6,168.8
28.4,189.6
46,172.8
46.5,177.9
52.8,173.5
61.7,159.2
48.1,173.8
40.4,177.1
60.5,166.1
48.6,176
43.2,173.1
44.4,179.7
35.1,182.9
49.9,172.6
39.3,171.7
38.5,178
43.3,176
47.4,179.2
50.2,171.1
54.6,169.6
49.6,171
59.7,165.5
53.4,175.1
40.7,178.2
41.5,177.6
44.7,174.7
48.2,177.9
52.7,166.1
54.4,169.5
35.5,183.1
37.1,181.7
29.7,183.2
45.6,172.6
44.1,170.9
41,174.7
47.8,170.4
47.3,177.2
52.5,168.7
37.8,178.2
39.9,173.8
27.9,189.2
47.4,172.9
39.4,174
44.5,177.6
52.1,175
48.3,169.6
45,181.3
45.2,165.6
33.2,187.3
35.5,189
45.1,181.9
46.2,173.9
36.1,187.9
42.6,178.4
38,184.3
33.9,182.1
39.1,170.7
49.2,168.5
55.8,175.6
56.9,168.2
48.6,169.2
51.4,177.8
52.7,167
40.5,179.6
52.2,169
39.3,175.8
51,170.3
47.2,171.9
42.1,174.5
39.3,173.6
44,173
42.8,172.2
47.7,166.3
44.3,176.4
47.6,172.8
48.8,170.3
57.5,175.8
45.6,173.8
54,167.5
35.7,184.3
37.4,178.1
40.6,184.4
37.7,179.7
44.2,173.9
51.1,174.1
38.1,183.8
42.2,175.4
46.6,174.6
36.6,172
49.9,172.1
33.4,177.9
47.4,171.7
50.4,173.2
42.7,175.9
53.7,166
35.3,177.1
51.9,175.5
50.3,169.7
46.3,169.1
41.5,179.5
64.2,164.7
40.9,171.3
41,169.3
58.1,168.1
54.5,164.9
42.9,178.1
48.2,173.9
44.3,176.4
42.9,175
54.3,170.9
31.6,182.7
53.6,164.6
52.4,172.9
59.1,167.2
41.9,179.7
48.1,165.7
41.9,172.6
34,184
43.7,171.8
38.3,174.5
53,168.7
48.7,173.5
42.8,167
41.9,170.9
34.6,185.2
33.2,183.6
36.3,178.1
49.7,174.4
30.7,181.7
48.7,170.1
49.9,162.5
39.3,178.1
59.4,162.8
35.7,177.7
50.7,169.1
48.8,172.6
45.7,173.8
40.2,180.5
47,172.5
35.6,181.9
50.8,169.2
54,174
36.2,187.6
38.6,175.6
31.8,182.3
48.8,166.9
34.3,184.3
53,167.7
55.7,165
42.4,178.3
50,168.5
42.3,173.6
42.9,176.5
46.1,174.2
53.9,169.5
32.1,177.7
35.1,183.2
51.2,175.4
36.7,177.9
42.2,174.6
42.2,175.5
40.7,172.2
59.6,164.1
40.4,173.2
39.8,175.2
49.2,171.1
41.7,175.7
61.4,166.6
39.9,179.5
42.3,174.3
31.6,175.2
41.7,175
43.4,178.7
41,174.4
38.4,176
41.1,171.8
39.4,173.7
43.8,176
43.2,181.4
31.3,187.4
43.7,169.1
49.4,168.5
49.4,167.4
33.9,177.7
60.7,161.8
26.2,192.6
57.2,165.9
46.7,167
44.7,177.9
46.5,173.2
46.9,171.3
59.4,170.1
63.9,163
47,177.1
39.1,177.4
44,174.1
45.3,171.5
56.3,162.3
50.4,166.4
36.9,174.3
51.9,171.8
34.5,182.7
48.7,174.6
57.6,173.3
48.2,180.2
52.6,167.8
50.4,168.2
51.5,176.7
61.7,162.7
44.1,174.1
45.4,169
40.9,179.2
49.3,174.8
42.6,170.6
51,164.2
43.9,167.4
41.5,185.3
39,185.9
60.5,165.1
64.1,159.1
32.8,181.1
23.5,184.4
43.8,172.9
41.8,174.3
51.8,174.3
50.2,167.4
43.9,179.5
40.6,177
51.1,176.6
37.8,178.4
54.4,167.5
42.1,171.6
46.6,175.2
46.7,180.9
43.3,173.7
33.9,176.5
39.4,178.1
41.2,179.1
38.3,183.9
46.8,168.4
39.9,175.5
61,163.1
44.6,179.1
53.3,167.1
34.7,179.8
56.7,167.7
45.3,173.5
62.1,160.2
42.3,173
38.3,178.2
43.9,177.2
44.1,178.2
36.1,178.9
63.9,172.9
41.8,186.8
48.4,168.7
34.9,183.2
49.4,163.9
48.9,172.3
36.1,183.7
41.5,170.7
39.1,176.3
58.6,165.7
60,166.7
47.7,180.5
44.7,176.3
37.2,174.3
55.7,168.9
44.8,174.8
59.4,174.4
44.1,172.4
53.4,172.5
55.3,171.8
41.1,179.1
34.5,181.8
39.2,178.2
32.1,183.7
42.5,166.2
45.1,179.1
39.9,181.9
47.8,171.8
49.5,169.2
40.2,177.5
56,170
52.5,162
54,169.2
33.3,180.2
42.8,189.1
36.5,177.8
44.6,177.8
38.1,176.4
45.1,174.5
28.2,188.8
38,174.1
56.8,168.7
45.1,171.3
42.1,181.4
52.7,171.8
48.7,172.5
57.2,169.3
48.2,177.1
41.3,176.6
33.7,176.3
27.5,182.1
35.5,177.4
39.5,179.2
46.5,172.8
47.9,177.2
42,174.9
43.3,175
35.8,184.6
39,177.2
58.1,162
39,178.1
43.5,172.8
41.5,184.1
58.9,165.2
58.1,167.3
27,181.8
41.7,179.1
55.9,169.1
22.8,188.1
42.5,180.1
37.6,183.4
41.5,182.1
46.2,169.7
36.8,180.3
38.1,170.1
55.5,165.2
55.7,168.1
46,178.9
51.9,168.2
53.5,175
36.2,179.4
34.1,185.5
50.3,176.7
54.9,172
38.5,175.8
34.9,178.3
49.8,166.5
42.8,176.9
54.4,169.5
58.3,162.4
34,183.8
51.6,172.7
47.1,174.5
44.8,179.9
49.9,170.6
42.4,172.8
44.3,182.4
31.6,183.9
42.6,167.5
33.1,180.6
51.6,169.9
48.2,181.1
44.3,168.2
41.2,177.1
42.7,171.8
55.2,163.8
42.2,176.5
56,166.2
53.8,167.7
44,178.8
31.3,180.9
39.2,175.2
40.3,179.6
42.9,181.7
41.8,183.5
42.8,175.1
46.5,176.3
57.8,167.7
48.8,172.4
49.6,173.6
53,165.5
54.3,158.7
43.7,171.7
44.3,171.9
50,177.9
38.7,183
35.2,181.6
53.6,171.1
52.5,163.1
38.4,178.3
47.3,169.6
49.9,174.1
42.6,184.2
48.4,172.5
59.8,167
35.2,181.6
39,175.9
47.5,171.1
42.8,181.2
49.9,178.3
62.2,160.5
34,180.5
55.4,163.7
40.7,182
35.7,174.7
47.5,173.7
51.3,169.4
45,175.2
48.6,170.9
47.7,169.4
50.1,169
59.8,167.1
46.4,171
48.2,166.5
36.3,183.9
59.7,162.4
31.5,186.3
38.1,178.6
59.4,163.5
49.2,175
44.6,177.2
31.3,180.7
46.1,173.2
54.7,171
39.3,176.1
49.8,174.1
55.1,162.8
48.8,181
35.2,178.4
44.8,177.9
48.6,167.8
42.4,169.6
32.5,184.4
43.4,180.7
44.9,174.9
41.8,177.9
42,180.5
48.4,159.8
45.1,174.4
38.6,183.9
51.8,174.1
45.3,175.3
54.4,162
34.8,176.5
45.7,174.7
47.1,175.1
37.5,184.1
46.3,181
41.2,183.2
46.3,171.6
41.7,171.2
14.2,193.4
39.3,175.8
42.6,171.6
50.8,163.9
48.1,170.7
39.2,178.6
49.3,171.2
48.3,171.2
47.8,179.1
40.5,176.1
25.1,181.4
47.6,166
57.5,168.5
50,166.2
33.1,184
37.5,172.3
50.8,173
45.1,174
56.5,164
60.3,164.4
40.5,180.1
34.8,178.4
56.9,165.3
60.6,165.8
55,169.9
49.4,173.2
48.9,168.2
32.2,183.2
47.3,182.3
37.1,185.7
46,165.5
57,163.4
37.6,171
37.9,179
47.4,175.4
47,175
43,169.6
44.1,171.9
33.6,179.3
51.1,168.4
37.3,178.6
40.1,178.6
48.8,177.4
39.3,175.2
46.4,168.7
49.5,172.9
41.9,176.9
45,173.2
35.2,181.9
35.2,181.7
46.6,170
50.2,171
56,165
38.2,177.4
35,179.3
48,170.9
43.5,177.1
43.5,180.3
47.8,169.3
47.2,176.3
37.8,181.1
30.1,182.2
50.4,171
49.3,171
53.6,165.1
36.1,182.6
40.6,182
40.1,173.8
43.3,174.2
59.2,165.1
44.1,173.4
38.1,179.6
59.2,164.1
41.2,171.7
31.2,178.1
49.9,166.4
36.9,180.5
49.1,176.9
52.3,165
42,175.8
49.3,173.8
40.8,170.6
46.4,174.3
53,172
45.2,170.4
39.9,179
43.8,172.7
43.6,181.4
44.7,182.7
29.3,180.7
37.9,181.3
45.2,175.7
51.9,168.7
47.4,170.2
37.8,170
48.3,175.5
48.3,168.5
51.7,170
41.2,179.9
35.7,182.9
53.1,171.6
41.5,174
57.4,169.2
56.4,157.4
42.4,173.8
40,174.8
40,183.9
49.6,170.3
43,171.6
47,175.4
49.9,166.4
57.3,170.6
51.3,167.9
57.6,171.7
46.8,168.8
62.1,170.4
37.7,176.8
44,179.1
43.5,175.5
44.2,183.2
37.9,186.9
43.4,175.4
55.1,160.9
46.1,170
47.7,171.6
42.6,174.4
44.4,168.7
39.9,178.2
52.4,165.4
30,196.1
38.6,179.2
50,174.8
27.8,192.9
39.5,181.7
46.1,173.5
41.6,175.5
33,178
43.3,175
30.9,184
52.1,169.1
58.1,171.3
35.4,182.1
49.6,167.7
41.3,177
31.2,175.8
40,175.7
39.4,178.9
44.3,175.2
47.6,177.8
49,170.2
41.3,176.8
43.7,177.5
51.1,172.3
30.8,183.1
43.7,174.4
38.3,179.1
33.5,179.8
26.3,189.3
47.4,174.7
42.7,177.4
47,176.2
49.2,172.1
31.2,176.5
41.1,175.5
49.8,166.6
32.4,175.1
42.1,180.2
49.2,169.3
45.1,172.3
45.8,175.9
45,180.6
31.9,185.4
44.9,171.4
37.2,172.5
40.5,174.4
39.1,176.1
35.6,179.6
38.8,175.7
49.5,171.7
41.9,176
47.7,163.5
49.7,179.3
52.1,167.7
52.8,161
41.3,177.1
32.7,183.8
38.4,178.7
45.9,173
34.2,177.8
52.6,170.5
57.5,170.5
50,165.7
33.8,185
36.8,172.2
35.6,181.7
38.8,176.5
44.4,180.1
36.5,179.7
32.5,176.5
51.2,167.3
46.1,172.4
31.8,177
32.1,182.6
37.9,179.9
34.1,177.6
54.2,158.8
59.2,169.2
43.8,174.7
47.4,172.4
47.1,170.8
50.7,169.6
47.1,175.4
40.9,171.6
46.2,168
54.6,172.4
47.7,169.5
57.5,166.5
42.2,179.2
41.4,177
61.5,163.5
34.7,182
33,181.4
42.4,180.9
50.9,167.6
49.5,177
44,178.5
43.3,175.1
54.1,163.7
41.7,179
59,168.7
48,169.7
38.7,176.5
38.7,187.1
42.2,174.8
54.7,167.4
36.9,176.2
40.3,179.7
53.9,173.7
45.3,178.2
40.1,185.6
50.4,178.8
51.6,164.3
37.7,179.1
45.4,169.6
43.1,176.6
27.7,183.2
33.9,187.2
56.6,166.8
59.2,170.4
66,167.1
38.3,181.6
46.1,169.2
41.5,179.4
64.3,165
29.8,191.6
42.5,172.9
44.9,173.9
38.2,178.3
66.6,164.8
53.1,175
46.2,171.1
36.6,183.2
48.6,169.3
60.8,157.1
47.5,167.2
34.9,179.9
37.2,178.3
56.9,165.2
42.3,173.6
43.2,182.2
53.3,168.9
45.1,176.2
51.1,169.1
41.9,175.9
40.7,174.3
39.6,183.8
54.9,165.3
33.7,172.5
42.6,173.8
43.6,175
48.8,170
51.9,169.2
56.4,171.7
31.8,185.1
51,166.9
52.3,170.8
40.9,182.3
43.8,178.5
36.1,182.8
51.6,168.3
52.2,176.5
68.4,153.9
36.9,172.5
51.9,173.5
40.4,176.3
38.7,173.1
51.8,170
54.4,171.2
57.2,162.3
55.4,167.9
49.5,175.8
54,177.4
56.5,169.5
54.1,169.4
42.4,171.6
45.5,176.7
26.4,184.5
40.4,178
39.7,172.9
40,172.9
55.3,168.9
54.4,171.7
29.2,177.9
56,170.8
60.2,165.4
53.1,171.4
46.1,175.6
47.8,169.5
46.7,181.8
43.9,179.4
46.3,174.4
50.9,172.1
42.4,173
46.3,174.6
48.7,175.4
48.2,170.5
40.9,176.9
40.6,186.2
49.1,168.6
38,181.1
42.7,184
42.4,186
39.5,180.3
36.1,178.9
45.4,175.8
56.2,167.8
42,182
53.8,169.1
42.5,171.3
44.1,176.4
35.2,178.8
53.3,173.5
49.7,170
36.4,177.8
39,182.2
53.8,169.2
35.1,178.5
31.9,190.1
42.3,179.3
37.2,179.1
42.9,177.1
44.5,169.4
43.1,176.9
40.2,175.3
45.1,169.3
52.9,169.4
41,180.8
50.2,171.2
38.5,178.7
50.2,171.6
49.3,177.3
37,175
48.9,176.1
48.2,184.8
42.3,176.6
38.2,175.2
50.8,171.5
49.9,169.5
36.9,180.9
50.6,167.5
56.4,166.9
53.4,164.3
42.4,177
44.1,181.7
46,172.1
37.4,180.5
54.9,163.2
50.2,166.5
44.9,173.6
49,174.8
45.2,178.1
48.6,177.6
52,169.7
43.1,165.3
49.3,176
35.5,178.3
39.5,175.6
38.2,175.9
36.7,177.3
40.6,178
49.5,166.8
40.8,179.8
40.6,178.5
41.2,170.9
40.1,177.2
37,175
47.4,169.6
37.6,177.2
47.8,176.9
51.9,169.8
44.5,177.2
43.7,181.9
40.4,177.1
65.3,160.1
55,161.1
48.5,173.2
40.6,173.3
50.3,167.7
54.4,158.8
42.5,169.4
45.5,176.8
53.3,165.5
54.3,168.3
46.5,172.9
38.5,173.5
41.4,176.2
54.7,171.3
43.2,183
44.4,175.9
48,172.3
57.7,171.9
47,171.6
39.1,171.9
61,168.4
54,169.3
38.9,175.3
48,177.8
37.6,174.2
40.1,175.3
46.7,175.2
38.2,176.7
39.1,175.3
27.4,177.6
43.6,176.6
39.1,180.7
38.5,178
50.3,173.4
35.9,184
55.8,170.1
57.2,161.4
54.2,165.1
33,182.6
50.9,176.8
43.9,169.9
36.6,182.5
38.3,184
59.6,170.1
48.9,172.6
53,171.7
37.1,178.4
53.6,173.1
41.2,174.9
50.8,175
56.4,170.5
40.9,177.8
50.6,171.6
43,177.2
32,177.7
40,174
39.6,171.5
41.5,176.5
42.3,172.4
57.1,165.1
36.9,178.4
56.7,171.4
36.5,182.9
39.9,181.4
45.7,175.6
33.4,179.6
46.3,165.9
41.5,177.9
40.7,181.8
43,178.3
54.4,176
31.7,180
42.4,178.1
38.4,175.7
55,159.4
44.9,175.2
53,172
35.5,179.6
42.5,180.9
53.2,171.4
31.8,177.8
49.7,169.4
35.1,180.6
53.7,164.5
47.7,168.9
37.4,179.8
54.5,171.9
35.6,182.8
49.9,171.1
45.8,168.3
55.7,169.3
39,181.8
48.3,181.1
43,180
43.8,169.6
51.5,169.1
57.8,172.4
40.7,185.5
44.9,169.5
50.5,176.3
29.7,183.9
60.5,164.6
54.5,168.8
60.7,165.3
48.1,175.3
48.1,176.9
45.4,172.7
49.7,169.2
35.6,179.2
38,172.9
47.8,161.5
31.7,175.5
34.7,174.1
47.7,171.7
36.7,183.2
36.7,182.7
41.2,176.5
47.6,173.9
33.6,183.4
45.8,171.1
45.9,172
47,177
34.3,184.6
39,179.2
50.3,175
47.2,178.6
36.3,179.8
47.6,172.8
51.1,172
55.7,172.1
41.4,177.5
33.7,186.8
59.5,168
38.7,182.4
31.1,184.9
46.1,180.1
57.3,173.1
31.2,184.1
36.8,182.9
65.1,163.1
44.3,175.2
39,180.3
41.8,180.4
56.5,174.8
38.4,174.9
59.6,171.6
41.9,174.4
53,170.5
49,176
43.3,176.4
45.6,172
46.4,168.7
29.4,182.5
46,177
40.1,172.3
44.6,184.8
40,175.4
39.7,177.7
49.4,169.4
58.2,165.7
34.7,185.2
46,177.7
39.4,166.4
59.4,170.1
51.6,170.7
31.1,182.9
50.1,169.9
53.4,160.2
43,173
41.7,169.6
55.4,171.9
50.2,166.3
53.1,166.1
56.1,161.5
36.9,176
43.3,178.1
37.2,180.6
56.6,172.4
43.8,172.6
54.4,165.9
48.6,173.8
50.6,174.6
32.1,179.7
31,176.5
38.7,185.3
36.4,182.3
56.6,164.6
55.3,169
32.2,181.2
46.3,176.7
54.1,163.9
36.5,170.6
52.7,174.1
62.3,158.2
45.1,174.2
36.6,172.3
48.5,173.8
35.1,184.1
43.9,169.3
61.6,162.3
40.6,172.8
44.6,173
50.6,169.9
39.4,182.9
33.5,181.1
50.7,172.2
33.6,181.8
40.1,175.8
50.5,168.5
39.7,175.9
40.6,174.3
42,176.6
49.4,167.1
29.8,177.7
51.7,165.3
35,180.1
48,166.9
36.2,178.5
30.1,181.3
48.2,172.8
35.8,178.2
37.2,189.4
24.7,188.7
54.7,171.6
59.1,164.2
45.3,169.7
47,173.1
45.3,175.7
42.8,169.4
44.9,170.5
48.8,173.1
51,160.1
43.9,175.1
49.2,179.4
45.8,171.5
46.9,168.4
46.9,165.2
31.5,178.1
35.6,181.1
40.3,175.7
40.7,182.4
44.2,173.8
42.2,175.7
51.4,175.9
45.4,169
41.5,175.9
41.4,175.4
51.3,168.3
44.6,174.5
49.1,173.2
38.8,184.2
51.2,165.4
43.2,178.8
54,165.9
39.9,176.4
36.4,181.1
41.6,173.9
41.3,175.5
57.4,163.1
38.3,178.8
62.4,161.2
41.5,178.5
48.3,171.3
41.6,176.5
39.9,176.4
48.2,182.4
54.8,170.9
50.6,167.6
41.7,184.4
40.7,170.3
54.3,171.8
45.2,173.9
58.5,166.4
46.8,165.1
44.9,177.6
35.9,181
36.1,180.8
48.1,175.5
52.1,170.7
37.4,177.4
47.8,174.6
31.9,182.9
48.4,164.8
53.8,168.9
29,181.7
40,171.9
56.7,161.6
42.8,168
42.5,178.6
44.5,179.1
44.5,177.5
42.1,175.9
33.7,172.1
40.5,180
44.4,174.2
58.4,162
53.6,163
41.7,183.9
30.9,179.5
47.2,175.6
41.8,172.7
49.5,165.4
44.3,168.3
42.1,181
45.8,174
36.4,175.1
57.6,168.1
28.3,181.5
41.4,176.4
59.9,168.5
55.6,165
39.2,179.4
40.9,176.4
45.3,175.8
47.8,167.9
51.7,170
40,178.9
36.1,181.3
25.3,189.3
25.6,182.2
45.8,170.5
39.9,172.5
48.2,172.3
40.4,183
53.7,166.3
49.5,171.1
40.6,171.2
44.8,174.3
45.3,172.6
27.6,180.9
55.4,163.1
52,177.9
34,181.6
63.8,165.7
62.3,160.4
46.6,176.4
40.3,170.7
35,181.4
45.2,179.5
45.3,182.6
45,172.4
46.4,169.7
40.3,178
44.3,168.3
41.4,173.7
51.8,171
38.3,177.9
46.3,172.6
45.8,170.7
47.5,174.6
35.9,176.7
48.4,172
43.8,176.1
40.5,177.6
51.6,164.4
37.8,175.4
37.2,173.6
35.4,177.7
36.2,180.8
46,175.6
44.7,174.1
54.7,166.3
44.9,175.1
37.6,172.9
50,172.9
50.5,170.2
52.5,171.9
53.6,170.9
31.5,179.9
29.3,179.7
42.3,169.6
41.1,177.7
43.6,173.6
38.1,173.5
49.2,169.1
37.5,182.3
55,171.1
37.9,176.8
57.2,172.1
37.5,179.9
51,161.1
41.3,175
56.7,173.1
38.4,184.7
42.6,173.9
51.5,176.1
56.5,165
29.6,186.1
45.7,168.4
40.7,179.5
46.6,183.7
38.3,181.1
33.9,188
54.1,170.7
42.4,177.6
31.4,188.4
42.7,175.2
44.3,180.1
40.2,181.1
45.7,174.5
48.3,173.6
44.2,176.1
57.6,164.3
34.2,183
52.3,164.2
58.2,170.1
41.7,184.2
54.4,165
55.1,178.3
36.3,179.2
38.2,176.3
54.6,169.3
41,176.6
55.6,170.1
51.4,170.4
44,172.8
42.4,175.9
34.8,180.6
36.2,169.4
44.6,172
58.3,164.8
58.3,166.5
32.1,184.8
32.1,185.2
40.5,175
44.9,177.4
45.3,171.2
32.1,175.7
41.1,185.2
48,169.9
37.6,177
48.9,166.5
50.1,166.7
45.7,174.5
44.1,174.5
29.1,181.3
47.9,180.9
43.3,172.9
44,179.4
35.2,171.4
43.6,174
40.2,175.4
50.5,177.5
43.2,173
50.6,170.5
40.5,172.1
42.5,177.4
35.5,188.6
39.8,177.1
58.9,170.6
49.8,179.4
44.9,175.4
44.1,173.1
42,177.4
36.6,182.3
22.5,200.6
39.2,170.8
45.9,170.1
73.5,158.1
45.1,179.1
31.9,181.6
34.6,180.1
38.2,181.8
55,165.5
36.4,175.7
41.3,181
47.4,181.8
51.7,164.6
56.8,166.2
47.7,169.1
41.4,174.8
47.3,170
42.8,168
37.1,181.1
43.3,180.2
39.8,175
54.6,169.9
28,187.8
55,167.4
49.2,167.9
35.6,175.9
53.8,163.7
27.5,183.5
40.7,178.7
56.6,169.3
34.2,174.6
50.7,165.2
42.9,178.5
44,176.2
39.4,176.8
37.3,178.2
44.6,174.7
40.1,168.5
31.2,178.5
52.2,168.2
53.7,177.3
39.1,178.1
64.8,159.6
55.4,176.5
34.2,184.9
42.9,177.2
57.1,167.2
37.7,175.9
37.4,177.6
41.4,175.3
31.7,179.9
34.6,182.2
48.9,166.5
51.3,177
44,179.9
52.9,168.5
38.1,185.3
40.9,179.7
27.9,184.3
39.5,187.2
40.2,175.5
51,165
35,173.6
36.2,181.8
34.8,177.9
39.2,175.4
25.5,186.1
59.2,163.3
43.6,180
45.2,173.7
46.3,172.4
57.9,173.5
44.7,176.2
47.8,170.3
37.7,181.3
46.5,171.7
29.6,189.7
55.2,170.3
48,175.5
56.9,170.3
46.2,176
44,175.9
45.3,175.1
47.5,169.1
60.4,162.8
54.3,170.6
52.4,178.7
42.8,174.3
47.4,173.5
56.7,170.8
35,175
26,172.8
50.3,168.9
40.9,177.1
46.3,171.5
51.3,174.7
44.7,175
39.6,178.2
37.3,178.9
40,179.2
48.9,169.2
50,170.2
55.9,169.6
51.6,156
35.2,176.4
45.8,174.5
40.9,179.3
46.5,170.9
41.1,175.5
37.1,175.6
50.7,174.3
58.1,162.4
49.5,172
43.3,175.8
39.7,180
42.1,179.6
57.1,166
43.8,175.8
48.3,174.3
52.1,169.6
31.3,183.2
40.7,172.6
56,170.3
48.8,175.1
38.5,176
49.7,167.8
58.4,166.9
50.6,172.2
44.8,175.5
26.5,185.3
51,174.9
46.8,176.1
40.3,171.8
42,189.4
62.2,162.7
43.7,168.3
35.8,183.4
48.8,171.3
50.8,174
50.9,165.8
39,184.3
48,181.8
41.1,185.2
45.2,179
52,168.7
52.4,166
47.9,166.4
44.4,181.8
53.5,172.5
35.3,178.5
41.3,178.1
50.5,166.2
43.1,180
44.5,171.4
48.6,173.3
46.5,170.1
29.6,182.6
58.5,165.7
33.6,182.2
53.3,163.2
58.3,169.9
44.4,182.1
52.3,171.5
39.6,178.3
51.4,166.3
50.4,166.4
46.9,179
48.6,175.1
53.3,169.7
24.3,185.8
43.7,173.8
47.7,173.9
58.7,169.9
48.8,172.5
48.1,170
46.7,167.9
39.9,177.3
48.2,171
43.3,179.6
35.9,176.5
36.2,171.5
46.4,186.8
50.2,170.9
27.6,187.7
51.2,168.8
39.8,172.5
50.8,175.5
47.2,171.3
53.5,169.6
42.7,185.5
38.7,183.3
37.4,175.6
38.6,172.3
68.6,160.6
39.5,174.9
54.2,169.2
46.1,170.3
50.7,170.8
50.3,174.5
39.9,177.3
37.8,175.9
33.7,173.4
49.2,170.9
48.7,166.7
43.2,181
46,172.6
51.8,172.6
42.1,170
60.2,164.1
50.5,166.5
44.4,171.7
44.4,174
50.7,172.5
49.1,163.7
35.6,185.3
50.9,174.4
42.2,174.6
49.3,176.9
44.4,175
55.3,174.2
44.2,174.2
50.4,166.4
58.2,166.4
56.2,171.3
42.5,173.8
40.5,181.7
52.8,180.6
42.4,176.8
42.7,169.7
56.3,165
34.3,176.6
51.2,169.5
48.8,174.7
41.1,175.5
37.3,177.9
29,187.8
31.1,179.6
58.6,171
34.3,175.9
48.6,181.7
41.9,176.4
51.9,178.8
43.5,171.5
48.9,169.7
34.4,181.4
45.1,181.2
51.7,162.1
57.2,168.8
51.3,173.3
40.4,180.3
40.9,173.5
52.2,167.6
42.1,181.7
46.7,180.5
58.6,170.8
38.7,176.9
56,175.2
39,179.2
46.3,171
35.4,186.4
40.3,178.2
44.2,174.6
53.1,166.5
54.1,164.5
41,176.7
48.9,171.9
37.2,183.7
47.6,173.2
37.5,172.8
40.9,176.2
51.4,175.4
34,179.4
55.1,167.7
51.9,165
41.5,171.5
44.3,166.7
33.6,179.8
38.9,175.2
53.6,159.2
63.5,169.5
43,169.7
38.3,175.8
57.9,171.8
51.7,173.7
40.5,169.8
39.7,174.3
36.4,174.2
54.6,176.2
45.7,177.9
51.1,170.8
53.4,170.3
50.8,167.7
31.7,183.5
33.9,185.5
42,174.5
45.6,173.2
56.1,161.2
41,173.4
47.7,178.5
41,170.2
41.4,180.2
48.5,172.3
51.3,168.7
41,172
43.3,169.8
33.8,177.7
50,170.7
27.6,179.1
52.9,166.1
23.3,198.1
46.2,178.1
42.9,181.6
39.1,179.1
44.8,172.4
43.3,177.7
35.9,174.6
43,172.6
48.9,169.2
54.2,172.9
50.4,172.6
35.8,174.1
47.1,175.8
49.6,177.8
45.2,166.2
42.8,174.6
53.6,169
49.1,170.9
54.8,176.5
43.3,171.2
42.6,174.5
55.2,162.1
32.9,170.3
40.5,180.6
58.8,163.2
38.1,172.7
54.4,172.5
44.6,171.3
44.6,176.6
48.9,173.2
36.2,188.5
34.9,179.8
36.8,174.4
28.7,189.3
48,175.1
35.2,183.8
40.2,170.2
53.1,173.2
56.2,175.5
32.8,188.2
38.1,179.1
39.9,173.9
35.8,185.7
39.7,182.6
46.8,173.1
53.9,166.6
42.6,171.9
41.9,178.6
42.1,178
46.7,176.2
41.6,173.1
29.8,185.4
41.3,180.5
23,183.1
50.5,166.1
43.1,167.3
43.5,170.8
38.2,183.7
42.4,178.3
42.6,170.4
55.1,169.4
29.2,182.9
45.8,174
49.8,169.1
56.5,169.7
55.4,165.5
24.7,188.7
41.8,180.3
43.1,172.1
50.8,175.6
57.9,163.9
43.2,175.9
55.3,173.9
54.9,171
58.4,160.9
38.3,176.7
63.8,167.1
58.1,166.7
46,168.2
62,156.6
42.2,183.8
56.3,165.5
44.5,175.9
39.9,179.8
33.8,185.3
56.4,171.6
39.6,177.9
50.2,172.6
32.7,178.5
47.7,174.4
50.9,172.8
51.5,181.9
39.7,180
51.4,168.4
48.6,179.2
50.2,172.1
50,173.1
28.7,184
47.9,173.9
59.5,162.7
28.7,183.1
46.6,179
36.2,177.9
42.1,173.9
44.4,180.4
48.8,169.1
56.7,166.7
49.8,175.8
38.3,183.1
47,171.7
57.7,171.2
40.9,174.9
51,171.6
47.3,174.8
53,179.3
44.1,171
55.9,169.5
40.4,175.4
43.2,174.4
41.8,181.8
53.5,171.5
58.6,159.7
44.3,175.2
61.1,161.6
49.5,164.3
44.3,164.4
42.4,169.4
49,171.6
43.9,178.6
47.3,175.7
42.8,166.6
52.5,165.7
56.1,168.2
44,183.6
47.8,163.9
49.7,167
55,171.5
35.7,176.1
35,185.3
43,173.3
47.1,173.1
34,180.2
38.8,171.8
43.9,174.9
43.7,177.8
37.2,175.9
37.5,177.1
40.6,174.7
44.5,170.3
42.4,164
44.9,172.4
46,175.3
28.6,176.7
51.7,163.8
47.7,175.4
43.9,172.5
37.3,184.1
48.6,170.6
65.4,162.4
46.7,176.5
43.1,170.3
56.5,166
38.1,175.1
36.4,173.8
44.1,183.6
44.2,175
33.4,185.1
45,173.7
50.8,166.8
40.4,181.4
47.5,173.7
51.9,171.4
46.5,175.5
55.4,168.5
49.3,174.4
46.9,171.7
43.5,175.5
49.9,172.9
42.9,174.4
46.6,175.7
34.7,183.7
58.9,166.8
44.9,177.3
48.8,172.5
52.7,170.3
36.9,184.8
29,172.8
37.3,175.1
42.8,172.4
43.8,169.1
54.8,164.2
45.6,172.7
39.5,175
36.8,180.2
40.8,179.1
35.9,174.4
57.6,167
47.1,174.9
48.4,179
39.6,178.9
48.5,169.7
45.1,176.1
47.2,179.4
41.6,184.4
59.3,164
49.8,174.5
54.2,171.1
42.4,176.9
40,177.6
41.3,177.9
37.2,182.7
42,176.3
44.3,172.5
33.7,185.3
52.8,172.7
45.8,176.4
46.5,173.5
39.1,175.1
46.5,171.2
33.1,181.1
48.3,177.2
45.4,172.5
33.7,182.6
44,169.9
47.9,169.3
45.3,172.5
49.4,182
42.9,179.2
48.3,170.7
48.6,174.2
45.4,175.3
48.4,169.4
50.4,165.1
36.1,174.5
55.1,167
41.9,171
45.3,175
35.2,175.6
40.7,167.8
52.4,173.4
54.4,163
47.9,169.1
54.9,167.5
54.6,173
60.8,167.1
44.5,168.3
38.4,177.2
50.2,168.7
34.8,186.3
31.7,186.6
31.3,189.3
36.8,179
46.3,176.3
52.7,166.4
34.4,189.2
36.4,181.7
67.9,168.1
40.3,173.5
45.5,177
48.9,175.1
50.6,168.4
40,175.5
30.8,179
38.2,183.7
45.2,175.1
53.9,167.5
35.7,178.9
31.5,182.4
36,176.8
42,182
54.9,176.1
40.8,169.4
33.3,183.3
34.2,183.9
41.2,176.7
56.8,165.1
29.4,180.8
34,183.6
38.8,178.9
32.2,184.1
39.4,177.9
54.1,175
34.2,180.7
38.3,176.7
50.8,169.9
52.4,168.4
50.1,170.5
41.3,183.5
45.2,176.6
42.6,171.5
41.8,174.3
44.4,177.3
42.7,169.7
51.1,167.2
38.8,174.5
48.5,170.5
38.5,173.1
33.1,174.5
60.9,167.3
55.4,168.8
48.4,174
46.8,175.6
53.4,173.5
37.1,173.2
65.3,170.8
48.3,174
40.5,174.6
60.8,160.9
36.6,180.7
55.7,169.4
38.3,180.5
37.9,178.4
30.7,186.9
40.2,180.1
43.4,176.5
48.6,178.2
41.5,174.7
49.7,172.6
38.5,176.5
43.9,178.4
54.1,170.5
42.7,168.5
52,180.9
44.1,180.6
47.3,169.8
42.2,174
42.7,178.5
43,169.9
48.5,170.8
44.9,175.1
42.2,177.8
27.9,187
53.6,161.2
36.5,177.6
47.7,172.9
41.5,175.8
46.9,174.3
41.4,171.6
33.5,177.7
36.7,174.8
43.8,171.3
40.4,176.1
52.4,168.9
48.9,177.6
48.6,165.2
48.3,167.7
43.5,167.3
48.9,171.3
41.3,179.4
43.2,177
43.4,168.3
57.5,158.9
47.1,178.9
51.3,170.6
55.1,170.4
32.4,185.4
34.2,182.2
56.8,166.4
50.3,172.9
50.4,170.1
34.9,186.2
42.5,176.6
45.3,173.8
39.5,175.4
46.5,168
55.7,171.2
58.9,166.4
63.7,167.7
49.6,166.8
40.9,179.4
57.1,175.4
57.1,166.9
60,161.9
41.9,181.5
53.6,174.2
51,169.5
33,185.6
47.1,171.5
41.5,175.3
43.6,173.4
48,176.5
40.2,175.4
48,172.4
52.2,165.4
44,172.3
55.6,169.4
53.5,169.7
41.2,182
37.5,175.6
38,175.8
37.3,181.8
30.1,187.9
34.4,178.7
47.7,174.7
54.7,164.9
50.6,172.7
43.2,169.5
45.5,174.1
47.8,170.4
46.6,173.4
52.2,166.2
36.7,180.9
44.6,170.3
55.5,169.6
41.8,176.8
48.6,165.2
50.6,172.9
47.9,164.5
37.8,184.6
49.8,174.3
47.8,172.1
44.1,173.3
61,168.2
35.7,172.2
55.7,167.1
27.7,186.5
25.6,187.5
50.8,170.1
33.9,185.9
40.9,186.3
47.2,168.1
47.2,178.9
45.2,175
47.8,179
47.8,173.2
45.5,171.8
43.3,174.9
42,174
36.7,185
41.6,183.5
45.3,171.1
58.2,170.3
33.3,184.8
43.6,169
51.8,171.4
58.4,158.3
41.2,183
38,181.6
56.3,169
51.8,176.1
51.3,166.8
43.9,180.5
42.2,172.9
47.5,177.2
56.1,171.6
41.9,175.3
56.1,171.4
56.6,163.6
58.4,166.9
46.9,176.4
48.5,175.5
45.8,176.2
37.3,171
21.2,184.3
49.6,170.4
42.3,177.9
46.4,176.8
34,186.5
52.8,165.4
25.4,180.8
39.6,169.7
35.1,177.9
48,177.8
47.1,169.1
48.2,175.6
41.8,174
44.4,175.4
38.2,177.2
46.7,179.8
48.2,177.8
34.9,175.4
49.2,168.6
55.1,169.9
54.1,164.7
33.3,178.1
51.4,171.1
39.4,182.9
36.2,179.6
26.3,191.7
33.6,181
50,177.7
55.9,174
44.7,180
42.9,168.7
54.9,170.8
47.7,171.6
26.9,186.7
49.2,175.6
41.7,177
53.9,170.7
31.8,178.7
47.5,167
43,188.2
37.3,180.2
49.9,172.6
44.5,172.7
47.4,174.5
42.9,170.1
38.8,181.8
43.5,181.9
35.9,177.2
67.2,157.6
50.4,169.9
44.4,179.5
42.8,173.5
39.8,172.3
32.5,180.3
55,172.6
54.8,166.7
54.5,161.1
46,178.1
47,174.9
43.2,175.9
53.1,175.6
39.3,183.6
44.6,176.9
48.5,167.1
33.9,181
20.9,184
44.8,168.1
34.7,176.3
43.3,167
55.3,173.2
53.6,179.3
39,171.2
35.1,181.4
41.6,173
45.9,172.9
35.2,172.9
60.4,162.2
48.4,172.4
44.7,173
40.9,167.6
33.7,176.5
37.6,168.4
42.3,169.2
45.1,173.5
44.4,174.3
47.2,176.6
50.4,167
49.2,168.3
21.8,190.8
35.4,181.3
48.1,172.9
53.6,179.9
65.3,164.2
47.7,165.2
47.6,164.9
41.2,171.2
41.7,177.8
39,184.1
46.7,173.4
44.4,174
45.2,176.1
32.2,182.8
46.6,176.8
59.2,161.9
37.6,173.6
57.9,168.1
45.9,166.6
52.9,169.8
46.6,172.8
37.4,179.1
44.1,167.8
38.7,181.7
48.8,167
52.1,174.8
59.7,163.9
54.7,173.5
56.2,168.3
39,174.7
49.1,175.5
48.1,171.2
43.3,169
41.1,177.1
58.1,167.1
63.7,164.9
50.2,172.4
51,166.3
49,176.3
39.9,172.5
48.9,169.1
39.9,179.9
44.5,165.9
47.6,169.6
59.9,168.1
23.2,187.5
56.3,172
45.2,180.4
58.9,161.6
41.8,178.6
39.5,176.1
50,173.1
52.9,172
40.8,176.4
50.3,173.8
52.3,173.6
46.1,178.5
46.1,174.1
64,160.2
48.1,173.3
43.5,167.5
52.7,175.4
39.9,179.2
48.6,170.8
48.4,175.2
35.7,181.4
46.5,171
48.5,173.9
48.1,167.4
45.6,177.8
45.1,181.7
38,175.1
33.4,178.1
51.4,162.8
42.9,177.9
34.9,182.2
37.5,179
49.2,183.5
43.4,179.9
51,169.3
58.6,161.8
40,181.9
46.4,176.9
40.2,185.5
53.2,171.3
48.3,174.8
47.6,172.3
32.5,175
46,171.4
31.8,180.1
34.2,183.1
33.8,182.4
44,169.5
44.7,173.6
60.9,169.7
54.1,169.1
48.2,177.4
36.8,181.7
28.1,182.1
32.6,173.5
48.4,182.1
43.3,171
36.8,185.5
51.5,167.9
48.8,168.5
44.4,175.7
47.8,168.9
37.6,170.9
42.2,178.1
36.1,181
49.7,173.4
54.5,167.3
27.1,179.9
46.1,163.8
62.6,165.1
55.7,164.6
54.4,178.7
36.8,174.4
40,174.8
43.3,175.8
49.3,167.1
48.2,167.3
58.8,166.9
52.1,166.8
44.9,181
43,174.8
29.3,185.2
46.4,181.2
45.2,178.1
53.9,170.7
56.5,161.1
28.6,183.8
55.7,168.1
34.7,182.4
43.8,181.5
42,177.3
53.7,166.8
41.9,173.3
50.4,171.1
54.1,173
55.9,168.9
49.8,161.2
52.7,170.4
41.2,177.9
31.2,182.5
43.3,171.6
53,175.3
54,176.1
40.3,178.7
39.7,174.2
34.3,181.7
51.9,170.4
51.3,168.3
50.8,169
54.8,168.4
36.4,169.8
35.1,183.2
34.8,179.8
49.1,172.9
45.8,171.3
45.7,172.2
53.6,173.8
30.2,181
43.5,171.3
36.4,175
55.5,166.7
28.2,182.2
54.3,161.8
36.4,176.1
39.3,178
43.7,179.4
34,176.4
43.6,173.4
49.2,169
57.8,172.2
46.3,172.2
43.3,173.5
43.8,171.6
38.2,176.3
53.9,168.6
36.4,181.1
48.1,171.9
49.9,175.9
46.6,173.6
43.4,170.5
37,171.6
45.9,167.6
49.8,177.3
47.1,167.1
42,181.6
34.4,174.4
47.1,171.1
48.8,175.1
44,173.2
34,181.6
44.1,178.3
40.9,182.8
51.4,170.6
26.4,183.3
53,168.6
49.5,173.1
42.6,167.9
52.9,170.4
48.6,179.4
44.3,175.3
49.7,171.5
37.5,176.4
38.5,185.6
65.2,165.4
49.8,175.7
52.2,169.8
58.8,163.7
49.3,171.6
41.8,175.5
38.4,178.9
55.4,165.6
39.4,179.7
41.5,172.9
34.3,178.9
31.9,188.7
36.8,186.4
35.8,181.7
47.6,171.7
41.3,179.3
40.5,176
64.7,166.4
42.2,170.7
49,174.6
46.2,170.1
59.4,173.7
54.7,172.1
35.3,179.1
39,176.9
52,174.2
47.7,170.1
33.6,174.2
45.3,181.8
38.6,177.1
56.4,170.8
33.2,185.5
47.5,167.8
41.2,172.1
55.9,171.6
27.1,188.9
46.1,171.8
49.5,169.1
40.4,178.3
49.1,166.5
38.9,176.9
45.1,170.1
41.9,174.8
43.3,175.1
42.3,177.2
46.7,175.7
63.9,164.7
47.1,168.7
53.1,168.6
35.6,172.9
48.8,170.3
45.8,175.2
47.1,176.8
52.9,174.5
53.2,171.4
31.9,183.7
35.3,175.3
47,166.8
46.1,174.4
49.8,169.1
52.9,166
44.5,169.3
44.3,174.8
44.9,178.4
54.2,162.2
38.5,177.9
31.1,177.5
42.9,176.6
57.5,168.5
48.1,178.1
42.8,174.4
48.3,168
57.4,169.5
48.7,175.9
64.4,170.6
43.3,172.1
47.9,173.5
51.9,169.1
43.8,173.4
45.9,175.1
46.5,177.4
47.9,170.5
37.8,172.2
36,182.3
37.8,175.3
42.2,175.2
52.1,174.3
50.8,172.6
37.6,177.6
42.1,181.5
40.4,179.2
47.3,171.4
46.2,175.2
49.8,176.8
51.5,168.3
48.2,173.5
36.7,181.9
45.6,179.2
40.7,178.9
36,182.5
49.3,167.5
56.8,173.1
39,185
43.5,179.3
56.7,173.7
55.6,172.5
44.7,169.1
35.4,184.2
43.1,176.4
35.9,175.4
41.7,173.3
45.8,173
41.4,172.8
55.1,168.9
42.3,176
36.6,181.3
36.1,181.7
51.8,179.1
33.2,182
34.5,190.9
38.6,173.3
35.1,180.3
50.9,167.6
51.9,171.4
51.3,173.5
34.3,185
58.7,164.6
48.2,173
47.5,177.5
40.4,181
46.3,169.3
38.4,180.4
54.2,170.8
53.4,175
33,185.6
61.8,158.4
58.1,166.9
41.1,183.6
36.4,177.4
38.9,180.3
50.7,169.7
62.6,160.5
36.1,177
44.4,179.4
47.2,172.6
57.2,171.1
43.8,180
44.7,173.8
42.5,180.9
28.6,186.1
46.7,176.6
42.6,172.9
57.3,167.7
42.5,175.4
50.3,165.8
38.7,175.8
35.1,180
47.8,172.4
34.9,184.8
54,170.9
59,165.2
44,171.1
49.8,174.1
38.3,175.2
46.7,169.7
46,172.7
49.2,172
35.6,173.8
42,178.2
36.2,179
34.3,180
31.9,190.6
50.2,174.3
53,173.9
42.2,177.8
59,171.5
31.9,186.4
48.5,177.6
53,172
59,160.5
58.7,172.2
38.5,173.2
45.7,176.7
29,184.8
32.6,183.8
54.4,170.3
38.7,174.5
38.1,175.6
54.8,162.4
30.4,178.8
46.7,172
53.8,173.6
62.2,168.4
44.1,175.9
36.7,174.6
53.4,165.7
57.7,165
63.1,168.4
48.4,170.6
43.6,177.1
34.4,178.4
47,175.3
43.2,175.9
37.8,185.8
37.1,183.6
40.2,177.6
54.6,171.1
55.6,173.2
56.4,171.8
49.3,163.7
44.2,174.6
50.8,170.3
37.8,177.6
43.2,176.2
49.1,171.8
49,174.9
51.2,168.8
37.9,176.9
45.8,177
42.6,171.8
56.2,165
51.8,170.1
42.7,178.2
41.7,181.7
45.3,174.2
38.7,183.1
48.4,170.8
39.2,180.5
40.9,169.8
40.6,168.8
48.5,174
40,177.5
52.2,172
54.3,164.5
50.9,173.5
34.2,184.1
45.8,178.5
47,176.2
44.8,173.6
47,173.7
71.3,159.6
25.4,186.4
48.5,174.6
38.4,179.1
51.4,175.5
41.4,173.3
46.6,174.6
35.8,178.1
36.6,180.9
40.6,176.5
37.5,170.4
29.5,185.6
39.6,179.5
47.8,173.6
45.5,175.2
47.6,171.2
36.8,178.6
45.6,172.1
54.1,168.8
34.8,181
33.1,184.9
34.6,177.3
60.4,162.8
43.1,176.2
46.9,170
49.9,165
41.3,179.4
50.9,168
51.7,172.5
67.5,166.8
34.8,171.9
55.5,176.8
48.6,170.8
49.8,168.5
33.1,181.2
37,179.6
35.6,174.4
44.7,179.5
39.4,181.9
51.2,169.4
47.5,169.4
36.6,184.2
52.3,177.5
37.6,183.9
40.8,181.8
52.4,166.9
54.4,169.7
45.2,175.8
45.1,176
47.8,173.2
42.6,178.2
48.5,168.6
45.5,169.4
64.6,163.9
40.7,184.4
27.2,185.4
67.8,167.9
29.1,189.8
41.2,176.8
61.1,162.1
61.5,163.1
47.5,169.7
44,172.5
49.4,183.5
46.5,178.3
49.9,173.7
36.7,180.5
46.9,169.2
36.3,174.1
47.8,177.1
42.8,174
57.8,170.2
38.5,178
49.4,170.7
61.4,165.5
50.4,172.8
50.4,170.4
31.2,182.3
53.4,166.8
47.4,176.3
43.4,180.1
40.2,174.3
38.6,185.9
60.5,167.2
39.3,181.4
45.2,175.4
36.2,176.8
37.9,183.2
41.3,176
39.3,184.9
55.8,174.4
58,168.3
49.9,175.8
38,172.5
50.5,173.9
31.6,182.1
52.2,169.6
36.9,176.3
37.7,173.2
14.9,191.3
38.2,178.7
43.1,180.7
47.1,169.8
48.6,178.1
43.3,171.9
35.8,174
49,171.1
49.3,175.9
47.8,179.2
34.6,178.8
48.4,172.1
37.4,178.9
39.6,174.1
29.2,184.9
43.3,180.1
31.2,185.4
48.1,168.9
54.2,174.1
28.7,179
42.7,175.5
50.7,167.7
55.5,162.1
38.8,181.8
40.1,172.9
47.8,171.9
44.6,170
53,174.1
44.2,178.3
41,171.7
55.9,162.8
37.5,173.6
46.7,172.3
42.3,169.2
44.3,180.1
45.3,165.9
42.3,183.3
41.9,176.6
48.7,171
46.6,169.9
50.8,169.2
53.3,165.3
44.7,179
48.3,176
40.3,179.4
44,176.3
38.8,179.4
56.6,173.4
47.2,181.6
47.7,175.8
53.4,163.3
51.3,175.8
42.5,175.7
44,171.1
39.7,176
44.8,174.1
54.7,170.5
40.1,183.9
33.6,179.6
28.2,186.1
40.4,170.3
39.2,173.9
39,172.5
47.1,176.2
43.8,170.7
39,170.6
50.2,173.6
49.6,175.9
54.1,168.1
45.3,184.9
59.6,170.6
35.6,181
39.7,173.6
36.2,177.4
45.7,175.5
44.1,174.1
46.8,172.1
39.1,176.3
50.4,174.6
42.3,177.1
41.2,179.5
32.9,183.3
42.2,179
40.8,172.8
36,179.9
47.8,172.5
38.3,176.5
45.7,177.4
39,172.3
56.5,172.9
52,165.5
37.8,183.7
35,183.4
47.2,173.8
48,166.6
30.4,189.5
50.1,172.2
46.7,168.3
50.3,161.7
26.5,184.6
36.7,180.1
41.7,168.5
35.1,178.9
26.6,183.1
46.2,170.1
44.1,178.7
54.3,167.4
49.6,170.3
45.8,177.5
39.5,182.6
43.1,182
49.4,164.3
44.7,186
36.4,170.7
35.6,175.2
53.2,164.3
42.9,181.6
52.6,172.1
28.2,187
44.2,173.2
40.2,175.2
55.2,164.6
31.5,176.5
35.9,178.9
47.1,171.8
42,176
54.1,165.1
54.5,173.8
34.3,175
44.8,174.5
47.1,172.3
34.8,178.7
37.8,175.8
55.1,169.6
41.9,173.3
32.9,187.8
45.7,180.9
40.6,179.1
50.7,174.2
34.5,178.3
48.2,169.4
51.8,166.6
31.1,175.7
47,171.4
63.5,163.7
48,174.6
40.4,170.9
43.9,181.4
44,176.9
49.2,168
50.7,167.7
43.8,179.8
38.1,177.9
40.8,173.8
55.9,158.1
43.2,174.8
35.6,177.4
50.8,171.9
48,175.3
49.1,164.8
36.9,178.4
31.7,177.8
49.4,174.5
56.7,165
40.7,178.8
40.7,173.4
46.6,173.2
50.4,166.4
44.5,176.1
49.4,172.1
49.4,173.1
49.7,180.6
52.2,169.6
41.4,178
40.1,172.4
42.8,176.5
41.6,178.8
48.6,170.8
40.9,180.3
49,165.9
36.8,177.1
41.7,177.2
41.2,172.4
44.8,172.5
46.1,165.5
44.8,176
61.2,172.3
53.4,174.7
30.4,183.6
53.8,165.2
35.9,177.1
51.9,169.6
45.7,176.5
46,174.9
38.7,172.4
48.7,173.7
40,173.5
45,175.4
59.2,167.6
50.4,173
48.8,173.1
56,170.9
49.5,174.2
49.8,180.6
48.6,178.9
47.4,168.1
56.7,167.9
44.9,171.1
35.9,176
56.8,167.9
55.6,168.9
57.9,166.5
41.4,178.1
42.5,179.4
46.8,169.7
48.1,164.8
42.4,175.4
36.7,180.3
48.3,174.3
30.4,178.8
38.7,174.8
54.9,165.7
51.3,175.7
50.7,169.5
37.8,178.2
41.2,178.5
52.6,175.5
40.5,177
45.9,175.3
54.7,168.9
42.6,180.7
56.2,167.3
44.8,172
53.3,159.1
47.9,171.8
47.1,171.3
47,170.6
52.6,168.7
61.3,169.2
54.8,179.2
37.3,177.9
35.1,184.2
39.7,179.9
36.9,179.1
39,171.6
42.7,175.5
46.1,171.6
47.5,178.2
54.3,160.4
50.1,170.1
42.5,178
51.8,173.1
49.3,167.1
45.5,180.9
50.8,173.5
48.1,173
64,157.6
43.1,177
35.9,184.1
39.1,177.9
39.8,178.4
53,168.7
51.6,170.7
49.6,165.2
53.6,162.8
44.9,174.7
30.8,189.8
56.5,161.5
54.6,170.2
41.4,176.7
42.1,176.5
46.2,177.1
48.2,165.8
36.5,177.2
42.8,174.7
38.9,165.1
43.9,168.6
33.6,175.4
61,165.6
38.3,178.2
34.8,182.5
46.5,181.6
44.3,180.2
50.5,174.5
41.1,179.2
25.4,184.7
40.9,176.6
48.2,174.6
40.3,170.1
38,178.2
51.3,170
26.6,180.4
40.7,176.2
34.5,181.1
30.9,180.3
43.7,177.4
43.6,172.2
45.5,173.8
47,169.7
43,180.3
33.1,177.2
53,163.8
41.6,169
35.1,178.5
45.1,174.4
37.9,182
54.9,168.2
45.4,172.2
32.2,176.8
33.9,184.2
44.6,174.4
50.9,171
40.3,175.9
40.2,180.1
47,174.1
47.6,168.6
36.8,187.1
58.5,171.5
49.8,172.2
50.5,172.7
41.6,179.1
43.1,170.3
28.9,180.9
49.8,179.7
34.4,184.3
31.7,176.6
33.1,180.3
36.8,179.6
40.8,174.1
46.4,172
57.3,174.1
35.5,188.7
41.1,182.1
55.6,167
53.3,173
50.2,165.8
50.5,166.6
45.8,175.5
60.3,162.3
31.9,188.8
51,172.8
50.8,172.9
48.6,169.4
50.7,173.8
60.5,167.3
57.2,163.2
54.1,166.4
38,181.6
49,171.4
55.9,169
58.1,166.8
47.2,167.2
34.7,177.6
51.2,174.1
30.4,186.1
54.4,167
44.3,169.5
46.2,175.9
36,182
44.4,171.9
54.3,165.1
43.1,177.5
33,186.6
40.9,174.5
52.3,168.9
50.5,177.4
43.1,173.8
55.7,163.7
48.2,169.1
36,181.2
46.8,172.5
43.4,176
37.9,181.7
52.4,171
38,178.1
38.9,175.9
35.3,184.8
46.5,178.3
51.4,171.8
48,171.6
49,173.5
45.8,173.4
43.6,175.1
65,167.6
51.5,167.8
43,176.6
39.5,170.3
42.2,176.7
52.3,170.5
53.6,169.2
48.5,171.4
49.8,169.5
49.7,170.8
41.2,171.7
46.3,174
35.5,178.5
38,181
45.3,171.8
40,174.5
32.9,181.4
53.8,167.1
43.7,175.8
33.2,183.6
33.9,180.4
44.2,173.5
43,178.6
44.5,163.7
51.9,173.4
49.5,168.9
42.5,180
36.9,177.5
42.2,172.7
46.7,171.2
35.9,181.5
50.7,173.6
35.8,180.9
35.8,182.2
50.9,178.4
41.4,179.1
30.4,180.3
38.4,175.8
36.8,173.5
42.7,179.3
43.7,175.4
44.3,169.9
34.8,187.3
53,173.8
66.6,168.4
46.8,169.6
29.5,189.9
42.7,170
49.5,170
39.2,177.1
57.2,168.6
53.9,167.9
50.7,173.4
36.5,184.3
37.8,181.3
47.2,178.1
36.3,183.8
72.9,164.5
49.1,162.6
34.1,181.5
45,171.7
50.2,171.9
39.4,175
51.7,168.5
45.8,174.8
40,173.4
44.6,173.1
37,186
51.6,168.5
42,172
47.9,176.6
40.2,172.9
43.9,167.5
50.6,169.3
43.4,175.4
35.9,177.6
45.4,183.2
45.9,170.2
35.8,174.1
47.2,177.7
45.4,172.4
46.2,173.2
43,175.4
40,170.6
58.4,164.2
62.3,160.1
42.8,174.2
41.6,181.9
34.8,177
40.8,175.4
62.4,166.8
41.2,169.6
43.1,178.7
54.2,168.4
33.8,181.7
31.7,183.4
32.8,178.7
36.7,179.1
50.9,170.8
45.6,181.8
44,179.5
33.9,180
32.7,178.8
42.6,173.1
50.1,168.5
39.7,179.7
39.8,175
41.3,169.8
47.4,174.5
45.1,171.7
47.3,175.8
46,182.1
43.9,169.3
44.5,176.2
52.6,173
30.7,183.9
37.6,176.7
51.2,166.2
57,167.2
45.3,173.6
43.3,169.7
44.3,168
44.3,171.9
59.9,168.7
51.6,175.2
42.2,173.3
49.5,169.8
56.1,165.4
46.8,177.1
44.2,169.2
36.4,178.3
46.6,177.3
44.9,171.1
45.5,173.2
46.1,173.3
30.9,183.5
58.3,165.4
43.6,175.9
40.5,180.2
42.5,169.4
59.7,174.3
42.9,174.6
34.5,180.5
44.5,175.1
37.1,182.9
41.8,184.1
49.3,170.1
40.2,173.6
60.1,168.8
37,178.8
35.6,181.6
51.6,169.9
31.9,187.3
54.1,167.8
30.3,187.7
36.7,179.1
59.8,170.1
36.4,180.1
52.2,164.7
48.6,171.9
33.8,172.9
35.7,177.4
49.4,169.2
38.2,173.9
34.6,180.7
47.8,180.2
48.8,170.7
38.9,178.6
46.2,170
52,169.1
44.4,174.3
33.8,179.7
36.5,179.8
29.4,187.4
46.4,166.2
45.1,182.3
57.9,165.1
39,180.3
42.6,176.8
54.1,162.8
45.9,171.4
41.9,179.6
37.7,177.5
31.9,179.5
30.3,186.7
51.5,171.1
45.3,176.6
26.3,187.2
45.7,162.8
52.6,167.6
49,169.6
41,175.2
38.5,177.2
34,181.7
37.7,183.7
53.8,169.9
49,175.3
39.7,174.7
39.1,179.5
38.4,186.9
42.7,174.9
40.8,173.3
49.9,164.2
46.9,181.6
39.7,170.8
48.7,169.9
39.3,178.7
58.4,167
55,174
51.7,172.9
50.4,170.2
46.3,177.9
58.5,157.7
51.9,171.9
48.8,171.3
48.5,170.5
56.5,171.5
56.6,165.9
63.5,167.5
50.5,174.8
44.6,170.3
45.8,178.2
48.5,162.3
35.3,182
48.3,178.5
52.3,171.4
45.2,172.5
49.5,178.9
44,176.8
42.3,173
33.2,186.5
35.8,178.3
51.6,173.4
40.3,177.6
35.5,181.6
46,175.2
52.7,170.7
36.9,181.6
47.8,176.3
57.4,169.5
53.6,161.7
49.7,168.5
67.6,156.6
45.1,169.5
50.6,162.6
52.9,173
41.1,173.9
40.7,174.4
55.1,170.1
47.1,177.5
46.3,172.8
44.5,179.5
36.2,180.1
51.2,168.7
31.2,185.9
34.9,178.7
51.5,169.3
48.7,168.8
46.3,168.7
38,181.3
46.4,176.2
48.9,174.8
47.8,184.4
32.8,174.3
34.7,180.1
57,170
46.8,174.2
39.4,174.9
44.2,179.4
47.3,172.9
44.9,180.4
48,165.5
51.3,183.8
45.4,172.1
37.4,175
35.3,186.7
45.7,176
47.9,164.6
49.7,166.4
52.4,175
36.8,179.8
50.7,171.5
32.4,180.1
38.1,181.1
44.3,174.7
36.9,176.7
29.6,185.5
39.9,183.8
26.5,180
57.5,170.7
48,170.6
42,180.3
36.4,179.7
50.2,171.1
48.4,171.7
51.5,170.6
41.6,173.3
32.5,172.8
48,168
35.9,176.7
44.3,176
52,169.4
32.7,183.6
30.3,184.7
51.3,170.3
40.8,182.1
45.1,180.7
57.5,174.8
49.1,171.9
57.2,168.3
47.5,174.8
57,160.7
47.7,177.5
38.6,182.1
23.8,188.8
47,173.4
51,173.5
33.4,175.8
47.3,170
43.3,168.8
34.1,186.8
52.1,170.3
41.1,179.6
50.3,174.5
42.6,176.9
40.1,185.1
39.4,169.5
51.8,173
34.1,189.4
44.6,174.1
53.3,169.7
64.4,172.9
43.3,183.6
51.6,169.2
46.1,170.9
49.2,165.3
52.7,165.9
52.7,170.4
49.8,171.5
32.6,188.6
49.6,164.3
58.3,157.5
39.7,176.4
39,170.8
47.2,173.6
38.9,176
42.2,176.5
47.6,179.5
42.1,174.5
40.1,178.1
47,176
43.8,176.1
40.8,176.7
32.3,181
52,173.7
48.6,168.3
47,171.1
55.4,166.8
43.1,175.7
42.2,173.9
45.8,171.3
49,173.5
40.5,179.6
56.8,170.4
50.7,175.6
38.8,182.4
49.8,178.9
48.5,168.9
56.8,164.8
38.2,179.2
44,176.1
45.9,171.9
35,182
44.6,170.2
29.6,181.8
41,172.1
45.2,170.3
52.1,169.2
46.5,172
49.6,173.3
64.4,155.7
39.4,180.4
35.8,173.5
46.8,175.3
40.3,168.6
39.1,171.5
28.3,183.3
44,180
40.7,172.4
41.2,175.1
43.6,180.3
41.2,178.4
44.7,174.9
55.8,167.5
50.7,169.9
47.1,171.8
68.2,164.9
35.2,181.7
42,169.4
45.8,171.1
38.3,180.1
48.1,167.3
40.1,179.1
38.1,180
51.6,167.7
22.6,192.6
43.2,171.3
39.4,179.9
51.8,171.3
43,164.3
43.3,177.3
23.8,186.3
42.4,174.9
41.4,179.8
46,172.9
45.9,173.1
52,166
51,174.5
28.2,185
41.6,172.5
41.3,179
34.6,187.7
32,181.6
54,175.5
46.5,169.9
38.9,170.6
54.6,172.8
36.8,176.6
45.7,172.4
52.8,168.1
44.5,175.9
43.2,178.3
40.7,175.1
39.4,179
45.2,171.1
60.3,169.2
45.1,169.8
51.6,169.1
54.3,174.1
50.5,168.9
37.6,170.6
53.1,174
35.3,186.2
32.6,179.5
41.4,171.3
54.7,168.2
38.8,177.4
40.7,171.3
41.7,178.9
59.7,171.9
42.1,173
48,175.9
37,178.1
46.5,174
57.3,169.4
49.2,165.5
36.8,175.1
44.2,180.7
48.6,168.1
49.2,176
42.1,169.3
53.7,167.4
25.4,185.1
50.9,170.5
40.3,173.7
52.4,173
51.7,177
43.7,171.1
43.6,173.1
44.7,169.3
44.2,175.8
39.2,178.9
44.7,180.3
49.5,165.8
39.7,181.1
36.6,179.6
44.6,175
33.8,183.2
35.6,175.4
51.6,166.1
44.2,172.6
46.3,178.3
59.8,164.8
42.7,175.7
55.5,163
54.2,169.5
48.2,173.6
53.3,163.2
48.1,171.4
52.5,173.3
48.4,178.1
46.5,173.1
50.5,171.5
33.3,180.8
47.3,170
46.6,173.7
45.8,175
43.9,177.2
40,183.5
34.2,177.7
48.2,172.4
41.3,176.1
47,175.6
48.8,167
44,171.8
45.6,170.7
46.3,175.3
54.3,171.6
28.5,189.8
59.4,161.5
35.6,180.1
53.5,170.8
49.8,175.1
38.6,185.5
36.4,170.8
35.6,173.8
50.1,168.2
47.7,177.4
34.5,181.1
40.5,178.5
56.7,164.1
55.8,166.9
47.3,168.4
51.1,171.8
32.4,182.1
44.8,165.1
40.7,176.2
45.9,172.1
49.6,172.9
50.7,168.5
38.6,179.6
53.8,167.1
51.3,170.1
35.9,183.9
36.5,179.6
32.9,181.5
41,175.5
64.5,163.2
54.7,168.5
42.3,175.7
51.6,170.4
62.7,167.8
44.5,173.5
40.1,180.7
48.9,167.2
34.9,184.4
39.8,181.8
51.8,170.8
42.1,177.9
46.5,172.7
34.1,181.8
33.3,180.2
42.3,174.8
49.3,174.5
53,172.9
52.2,178
41.7,177.7
54.2,173.4
55.1,176.4
47.8,169.8
44.9,171.4
44.9,173.4
63.9,160.7
33.5,180.3
43.9,177.4
38.2,171.6
37.4,179.8
48.3,166.7
56,164.8
41.6,177.3
46.3,178.2
43.3,178.7
53.6,163.2
45.9,168.4
56.8,158.5
49.7,169.1
43.1,177.9
38.5,177.9
42.9,173.6
35.9,180.7
30.1,183.7
44.1,170.2
32.4,181.3
41.4,178.4
45.3,171.5
44,165.5
52.6,165.9
38.6,173.2
46.6,170.2
50.7,180
40.3,172.8
49.5,173.8
52.2,167.3
52.6,169.7
31.2,189
30,185.4
53.7,172.6
39.1,168.7
47.5,181.8
30.2,185.1
49.8,179
52.5,166.4
42.2,180.8
46.7,169.5
55.1,163.2
41.5,175
32.8,180.9
49.3,171.6
51.1,162.7
49.2,169.6
50.6,167.9
61.6,156.5
52.4,168.7
46.9,175
49.7,174.6
24.1,181.4
47.2,178.6
43.2,176.9
41.8,176.7
49.2,167.9
43.3,177.8
39.9,180.9
47,171.4
54.8,164.4
43.1,178.5
47,176.3
44.2,172.2
50.6,174.3
41.3,176.8
51.4,167.5
41.9,183.9
45.1,179
37.8,174.8
49.8,168.5
39.7,177.2
57.4,176.4
38.9,183.2
61.3,160.2
57.7,157.3
53.3,167.1
45.4,175.1
48.8,168.2
43.5,187
50.7,172.4
48.9,173.1
41.2,170.3
50.8,177.3
47.6,172.5
43.2,174
60.5,161.6
61.3,162.4
55,172.8
46,179.1
42.1,179
46.9,172.2
47.1,174.1
34.7,184.2
42.9,173.9
55.9,163.9
48.4,171.2
37.8,181.9
35.5,177.3
39.9,187.6
48.1,169.1
34.3,180.8
39.8,176.4
45.6,173.2
40.4,181
40,181.5
43.6,171.3
41.4,175.8
46.4,173.3
42.9,172.7
48.9,175
37.8,177.7
52.1,171.4
53.6,172.3
46,176.7
52.9,169.5
55.4,168.7
42.6,175.3
49.1,169
28.9,186.6
35.3,182.8
46.4,174
44.6,165.7
38.2,188.1
47.1,173.8
44.3,178.8
50.3,169.2
44.4,171.6
44.4,173.8
45.1,178.3
29,184.1
36,177
40.9,177.3
30.7,185.7
45.5,170.1
55,171.8
44.6,176.4
56.8,170.5
37.5,186
38.6,182.9
50.8,175.8
26.2,186.9
53.4,166.5
45,176.1
39.4,171.9
54.1,167.1
34.6,181.2
39.6,177
53.6,172.5
59.2,164.1
45.6,175.1
58.4,168.2
43.1,178.1
25.2,184.4
46.7,165.8
53.5,175.4
42.9,173.9
45.3,169.5
57.5,166.1
43,175.9
48,162.4
57,167.7
37.8,179.9
50.4,168.8
53.3,171.9
45.3,170.3
53.3,173.9
57.7,168.5
50.4,166.7
53.2,165.6
43.2,167.8
39.6,172
57.7,166.3
47.4,171.2
39.3,174.9
39.2,174.8
52.2,172.7
37,176
46.4,174
44.7,174.3
44.1,176.8
47,171.3
44.8,171.8
53.5,170.2
51.6,177.2
53.3,170.9
38.7,181.3
35,183.7
54,161
32.9,176.6
49.6,173.3
31.4,179.6
49.1,180.3
29.6,181
45.8,170.5
42.1,172.7
49.1,175
58.8,164.3
39.3,180.8
32.4,187.8
50.8,169.5
35,179.1
47,174.6
35.8,180.9
42.6,174.3
38.1,172.2
44.4,182.3
48.6,173.2
40.2,174.7
48.9,177
48.6,173.5
43.4,177.4
51.3,172
30.7,183.3
42.2,174.4
25.6,182.8
47.6,176.1
49.8,169.6
37.7,176.9
56.6,172.5
52.5,172.4
40.3,175
41.6,173.5
41.2,179.4
71.5,154.3
31.5,182.3
52.5,175.2
55.6,171.4
42.3,170.6
42.2,173.9
41.5,174.9
51.3,169.6
50.8,170.6
42.2,174.1
50.1,169.6
35.5,178.8
41.4,167.3
36.2,178.3
50.9,163.4
37.4,179.3
36.5,181.7
38.3,176.8
47.9,172.4
39.9,177.8
49.4,173.9
53.5,164.9
48.5,173.8
47.6,176.2
37.7,182.5
48.4,179.1
47.7,173.5
61.3,167.7
37.4,181.6
31.9,180.7
36,178.1
56.9,173
42.9,168.4
48.9,171.1
50.2,162
30.1,181.1
27.4,182.5
52.7,167.2
53.1,169.1
48.7,168.5
48.7,169.7
52.8,167.4
53.6,165.5
43.2,176.3
51.4,175.2
45.9,176.9
41.4,180.2
36.5,173.4
54.5,161.9
48.4,171.6
38.7,178
40,181.6
53.5,168.8
41.5,176.9
28.9,185.9
28.2,185.9
32.3,185.2
47.3,174
40.5,175.6
44.6,176.4
48.4,171.6
35.1,180.5
52.8,171.9
34.4,183.7
42.4,169.8
47.6,176.8
70.4,161.8
48.4,175.6
46.1,179.7
57.8,161.3
38,181.3
42.3,180
43.7,176.4
48.2,168.5
41,177.8
37.9,177.8
59.6,163.7
44.6,179.4
46.4,180.4
35.3,179.7
58.7,174
40.2,184.9
44.2,180.9
46.3,182.2
49.2,166.5
48.3,172.8
50.2,171.4
40.7,173.6
49.9,169.8
48.2,173
40,173.3
48.9,165.3
47.5,174.2
41.6,173.8
54.7,169.6
55.5,176
46.8,174.4
56.4,170.2
56.1,169.1
41.5,174.3
56.5,170.9
43.6,178.6
48.4,177.1
28.2,185
52.3,170.1
38,169.9
60.6,165.5
47.5,169.7
54.1,164.7
50,173.4
43.8,173.9
42.1,174.6
54,168.6
19.5,193.7
51.3,174.2
57,170.1
48.6,173.4
42,171.6
41.3,184.4
48.3,170.4
37.5,180.4
40.3,185.8
56.7,162.1
51.9,168.3
41.4,169.9
50.5,178.1
30.6,171.4
38,183.9
55.6,172.4
47,171
45.9,174.4
40.1,170.4
48.3,171.6
42,167.8
39.8,178.3
46.8,181
47,179.4
42.6,178.5
57.1,167.8
46.2,175.1
63.9,164.4
48.8,179.7
39.5,179.7
38.2,180.7
56.4,166.7
55.8,171.7
37.3,177.2
49.4,181.3
32.3,168.7
48,166.9
31.9,178.6
45.3,171.3
47.8,161.3
34.7,175.7
44.5,174.9
40.3,179.2
39.9,180.7
56.7,167.1
49.9,171.6
45.3,174.5
50,178.8
49,172.5
36.2,180
37.2,180.8
30.4,180.7
42.6,181.2
46.7,178.7
43.5,178.2
40.8,182.5
45.1,175.4
42,174.1
37.1,176.1
44.8,173.7
56.1,166.1
50.4,170.8
42.9,176.3
36.5,176.1
39,184
39.6,181.8
45.4,180.5
58.1,160.8
35.1,184.3
41.8,173.6
47.4,179.1
44.3,172.8
40.9,176.7
49.6,171
43.1,173.4
28.2,187
58,160.9
41.4,172.5
39.9,177
42.9,173
50.6,161.1
44.7,174.7
43.8,171.7
38.6,179.6
51.4,173.3
36.5,177
54.9,168.4
58.3,167.5
46.5,176.7
41.3,170.7
37.1,171.6
45.7,173.1
23.6,188
56.9,170.7
52.5,167.4
46.5,171.8
52.5,172.3
42.4,179.4
32.3,179.7
48.6,180.1
41.5,180.8
54.5,171.1
39.6,184.2
44.7,183.3
64.3,171.9
34.3,189.5
50.4,168.3
40,185.4
46.1,175.2
39.9,178.4
41.5,171.1
47.5,176.3
41.3,174
39.7,176
42.7,178.7
54.9,170.7
39.3,173.9
45,176.3
49.2,168.2
38.6,180.3
34.6,180.2
49.6,171.1
34.4,173.4
45.2,175.2
43.7,176
53.2,168
51.5,170.6
49.6,175.4
49.8,174.5
44.5,178.6
38.7,181
49.6,173
51.1,175
37.1,182
52.9,169.6
49.9,172.9
35.5,181.3
46,178.3
43.8,177.1
42,169.9
65.9,165
52.6,167.9
34.4,184.2
47.1,172
40.3,173.1
50.9,166
51.2,166.5
27.2,189.9
46.9,173.7
46.9,176.5
47.5,174.3
46.7,176.3
36.4,176.2
31.9,184.1
28.5,188.8
40.5,181
33.4,175.5
37.6,184.5
53,166.5
38.4,176.5
45.8,169.2
40.6,173.6
41.7,183.9
44.1,174.7
40,178.4
34.2,184.7
46.6,164.5
43.5,175.8
44.5,171.2
39.1,182.9
48,166.2
41.4,181
43.2,182.9
61.2,170.6
47.9,168
47.5,169.8
46.8,165.4
31.6,184.9
52.6,162.7
56.9,168.6
31,177.8
45.7,164.1
39.2,176
50.7,171.8
44,172.1
32.6,175.8
56.3,170.2
51.1,174.7
38.2,178.8
34.2,174.6
54.2,171.2
60.5,162
37.8,176.5
55.2,169.2
46,175.5
60.3,167.7
43.4,174.2
38.1,183
30.3,182.1
48.8,173.8
25.8,185.4
34.7,181.2
45.5,177.9
51,175.2
46.7,171.2
38.2,178.1
50.3,169.2
51.3,174
43,173.6
54.6,172.3
36.5,180.9
41.5,181.2
43.3,169
46.5,181.6
35.7,177
51.8,172.2
57.7,162.5
28.5,188.2
39.1,182.5
35.9,177.4
54.9,162.4
49.3,163.3
50.2,178.9
41.4,184.2
48.7,185
43.3,171.7
41.2,173.2
40.4,172.8
33.1,179
33.7,181.9
39.8,181.3
45.3,168.5
52.5,169.9
44.8,171.2
64.8,165.9
41.9,174
43.3,168.1
40.9,179.6
41.1,176
54.7,172.4
51.1,168.7
49.4,167.8
38.2,181.3
42.6,174.9
48.4,177.5
30.4,188.2
53.9,167.5
52,174.1
40.5,185.2
51.3,176.3
48.9,170.3
53.4,168.4
57.6,163
44.9,177.1
44.8,172.7
41.4,182.5
46.2,177.3
47.6,173.7
33.1,179.8
37.1,175.4
30.2,186.1
39.4,178.7
38,181.9
51.8,168.3
44.9,177
31.2,196.7
26.5,183.1
45.5,176.1
49.9,175.6
48.9,168.6
38.7,177.1
43.5,175.7
40,178.4
54.7,168.7
23.8,186.6
40.8,177.2
39.2,179.9
35.6,182.4
46.2,173.7
43.5,180
48.1,174.2
40.9,174.4
42.8,183.1
44.7,177
54.2,166.7
46.5,174.9
46.5,171
34,182.4
39.3,175.5
41.1,174.9
24.7,178
56.1,169.6
41.1,183
40.8,169.9
45.3,169.4
58.7,162.5
45.3,168.5
50.5,171.9
35.3,184.3
40.5,178.9
59,170.7
57.3,168.5
52.6,169.8
33.1,181.2
41,172
37.5,179.8
46,177.3
43.1,170.4
32,178.6
58.8,167.4
41.2,174.3
58.4,171.1
44.3,177.7
41.6,178.3
47.6,171.1
50.6,170.5
51.8,170.8
26.5,180.3
62.6,164.9
49.9,169.6
47.5,175.7
65.7,167.1
30.8,179.9
38,176.6
33,181.3
39.5,186.2
43.5,175.8
47.4,175.7
49.8,177.7
40.5,179.2
41.2,180.1
54.4,164.1
55.2,170.9
29.9,176.5
55.8,164.7
45.5,177.8
51.8,171.5
52.4,170.1
49.6,174.1
48.6,171.3
33.7,181.2
55.7,174.9
41.3,170.7
32,187
61.5,161.6
54,168.5
33.8,183.2
46.6,173.8
45.4,176.8
47.3,169.4
48.3,175.2
42.3,169.3
31.4,180
46.2,171.3
52.2,174.8
42.4,177.3
38.2,174.9
53.8,170.6
54,167
51.8,164.8
44.5,176.1
58.7,166.8
54.5,168.7
39.6,179.2
36.1,182
35.8,188
46,174.3
40.5,178.1
37.7,176.9
46.3,178.1
45.6,164.2
34.7,182.8
56,161
34.3,176.5
49.6,167.1
54.1,176.3
54.4,167.2
52.1,166.2
37.9,174.4
57.2,156.1
39.5,175.4
47,173.6
43.6,173.8
41.3,177.7
49.5,170
59,167.4
44.5,177.6
55,174.9
34.6,184.5
31.2,183.1
53.7,168.1
47.4,169.3
31.5,181
47.7,179.6
41.4,184.8
43.3,179.2
49.6,168.3
60.1,162.5
42.8,174.8
65.3,161.9
46.6,178.8
41.6,170.9
67.6,167.1
47.2,174.7
38.6,182.5
62.6,163.1
50.3,167.7
50.2,169.9
43.9,172.1
48.9,166.9
52.5,163.7
44.6,167.2
46.8,173
45.4,170.1
37.3,179
55.6,173.3
46.9,173.3
52.3,168.3
36.9,171.5
50.4,173.3
38.5,177.7
34.6,177.2
40.7,174.7
43.2,171.5
32.4,184.8
45.6,168
42,174.5
35.9,184.5
48,172.5
31.1,184.2
48.3,171
60,164.3
48.3,174.1
41.8,178.1
50.9,170.6
45.4,164.9
52.2,172
49,174
33.9,169.8
48.6,171
30,179
48.8,171.8
36.7,180.9
42.4,180
52.3,170.4
50.2,178.3
55,171.4
34.7,178.4
47,176.8
59.4,163.6
55.7,169.5
42.4,172
43.4,175.3
49.6,178
39.3,177
41.6,178
42.5,179.4
49.7,171.5
45.7,172.7
55.5,164.1
57.2,166.2
45.7,179.3
51.5,167.3
44.7,183
40.1,171.6
36.1,181.5
46.6,168.3
57,171.8
40.1,172.6
58.1,168.3
58.5,168
41.8,182.2
49.6,175.1
48.2,176.5
38.8,174.8
49.6,169.6
31.6,183.4
49,175
44.7,174.8
52.9,167
38.5,180.6
54.8,169
39.5,178.6
51.7,180
52.6,170
43.3,174.3
55.4,164.5
36.9,174.3
35,178.7
50.9,168.9
44.8,175.1
44.2,172.4
60,164.9
46.9,166.6
39.7,176.1
44.2,170.5
36.2,181.2
46.1,170.4
49,177.6
37.6,177.7
44.8,171.4
51.8,167.3
39.9,173.3
36.7,179.7
36.8,178.4
46.6,180.4
42.2,179
55.9,168.7
47.2,175.2
64.4,160.3
59.3,169.5
42.3,169.8
39.5,176.4
45.5,175.9
28.5,182.6
48.8,169
46.3,167.2
50,173.8
51.4,172.1
47.3,173.2
34.2,182.2
33.3,178.8
46.4,173.3
55.8,166.6
41.7,172.1
40.4,172.1
49.9,163.8
55.2,175.2
65.8,154.6
31.7,181.7
40.3,178.5
33.6,181.9
48.8,176.4
51,176.9
47.5,175.1
55.7,173
40.6,185.9
30.5,184.9
38.7,180.4
48.2,177
39.9,178.2
49.7,170.2
45.6,175.8
46.8,175.4
49.9,175.9
52.1,168.4
48.5,163.4
42.4,176.3
40.9,170.5
43.6,174.8
43.4,177.4
41.5,177
45.7,176.4
50.1,165.4
29,184.9
43.1,178.1
36.1,184.5
54.2,166.9
46.1,175.4
50.3,164.9
48.6,170.6
41.6,170.2
46.5,175.4
41.3,186.5
37.1,181.8
49.7,173.4
44.4,173.3
33.6,181.6
37.4,175.4
43.7,173.5
62.4,166.7
37.9,180.4
33.4,178.7
35.8,172.8
56.2,166.4
43.3,177
32.7,173.8
22.4,190.7
41.1,173
58.7,169.5
28.3,182.9
41.8,178.1
32,181.5
41.2,174.2
47.9,175.4
34.1,187.2
44.8,176.1
54,175.4
40.8,179.8
44.9,178.6
45.8,181.3
49.1,169.5
45.9,179.7
52.8,171.7
53.8,170.8
45.9,174
37.6,175.3
35,177.9
57.7,171.6
47.8,172.8
42,179.5
38.8,179.4
52.5,176.1
33.3,173.6
36.3,179
40,178.7
43.7,169.1
59.4,165.3
55.6,165.3
63.8,165.4
61.2,167.4
45.6,171.2
47.9,175.7
50.4,177.5
46,182.6
59.7,163.2
38.9,175.7
46.3,173.4
26.9,186.8
37.8,187.3
40.9,176.4
47.9,171.9
43.9,175.6
35,190.2
55.7,172.3
46.2,173.7
40.3,183.7
43.2,171.1
57.7,170.8
47.5,175.7
43.2,176.5
43.3,174.4
54.3,163.3
47.4,174.9
41,177.5
40,173.3
37.2,181.8
41.2,174.9
40.6,174.5
49.7,168.7
47.9,166.8
53.5,171.8
52.7,171.6
46.6,173
30,181.8
38.4,175
42.4,181.5
41.7,174.3
56.8,168.6
52.7,170.4
34.7,185.6
43,170.7
58.1,162.4
39.2,178.9
37.2,179.6
43.1,178.5
57.5,167.4
42.2,179.6
55.4,159.6
58.1,170.1
40.8,172.1
38.3,190.2
42.4,173.9
43.5,179.7
48.3,178.2
39.9,175.2
36.7,178.8
45.5,164.9
39.6,175.6
39,182.9
53.7,171.2
55.8,172.6
51.4,173.7
41.3,182.6
40.5,177.4
33.1,189.3
40.8,180.9
40.1,181.9
42.6,175.3
38.7,172.6
40.9,172.7
43.6,173.7
53.9,165
48.7,168.7
43.3,179.8
37.4,172.1
52.3,173.4
34.1,183.8
41.9,179.6
27.9,183.6
52,175.1
51.7,172.2
43.3,182.6
34.2,186.6
47.6,169.7
48.8,170.6
30.6,177.4
48.3,168.5
34.7,181.4
42.7,176.2
49.5,173.6
52.6,163.9
44.8,169.1
60.1,169
47.2,167.8
49.6,173.9
30.5,178.7
42,177.4
47.7,178.2
35.1,178.7
49.9,168.9
40.2,176.3
55.5,168
48.8,174.5
41.1,172.9
44.5,175.3
46.2,172.8
44.2,177.4
42.1,178.5
49.3,177
41.8,171.9
41.7,169.2
29.5,192.2
41.3,177.4
40.7,175.2
37.4,181.6
57.6,155.7
52.2,164.9
53.3,168.4
49.3,174.3
47.3,167.5
44.6,172.1
43.5,173.9
49.8,173.9
50.7,175.9
39.8,179.5
48.4,172.4
53.3,168.9
43.3,170.2
33,175.4
57,163.7
46.6,177.5
50.7,168.3
46.7,171.3
45.9,175
32.5,177.6
47.5,177.4
52.3,164.8
54,174.8
53,168.5
44.4,168.2
48.5,175.7
35.7,173.3
44.7,178.9
35.9,185.9
45.3,171.7
48.7,174.7
52.7,173.4
42,171.7
49.5,175.5
55.7,166.5
55.7,177.1
34.9,183.7
37.2,180.8
55.6,167.5
29.9,180.6
43,173.4
55.3,167.8
36.6,179.5
48.4,173.5
50,176.1
46.7,175.8
42,182
44.9,178.5
22.3,189
48,173.7
41.6,185.5
44.3,175.2
40,184.2
48.5,173.5
28.3,187.1
51.8,172.5
69.9,159.2
46.2,169.5
49.1,171.8
37.7,179.9
46.1,173.7
58.2,170.6
40.8,169.5
44.5,163.8
45.5,176.6
45.2,171
63.3,166.3
46.4,168.1
45.4,176.8
54.3,164.6
32.6,176.3
49.6,183.4
45.8,180.6
38.8,175.8
40.4,172
55.7,172.4
45.8,171.6
43.1,172.8
50.3,168
39,182.8
38.5,179.1
18.3,182.3
40.1,173.9
34.9,178.2
45.2,176.3
37.5,179
38.9,181.9
43.8,168.9
44,171.7
44.9,177.2
39.2,170.4
29.8,182.2
43,177.2
36.7,178.5
46.1,173.7
54.3,166.9
51.5,171.8
52.2,173
43.3,171.9
45.5,172.5
53,167.3
48.1,166.6
47,168.5
53.6,169.1
47.7,166.7
59.4,165.6
37.8,180.2
51.8,169.9
38.3,182.3
44.9,170.8
55.2,167.3
57,171.8
57.5,166.6
41.4,172.5
41.7,179
40.8,175
51,171.3
41.8,176.5
48,173.5
50.3,169.4
38.8,170.7
44.2,176.1
49.2,169.9
41.5,172.3
40.1,173.1
40.2,178.9
47.6,178.6
41,177.3
36.3,178.8
43.8,179.8
39.1,177.6
48.7,172.6
53.5,165.9
49.6,167.5
29.4,188.6
45.3,173
43.6,172.7
43.3,177.2
48,170.3
42.1,172.3
44.2,170.4
37.9,177.5
55.7,169.2
49.3,167.1
29.9,185.5
54.8,165.6
57.3,162.9
41.4,174
42.5,174.3
39.2,183.1
65.4,161.4
52.6,173
46.1,173.8
39.1,178.5
40.5,180.1
53.3,167.9
41.5,179.8
47.1,166.1
37,173.5
53.9,167.3
54.7,167.2
60.5,170.2
45.4,171.4
53.8,172.6
43.3,175.5
50.3,171.7
46.9,173
51.7,169.9
36.6,182.3
36.7,181.1
54.1,164.6
29.8,180.9
40.9,169.2
34.3,180.8
51.4,172
34,180.4
48.5,176.8
51.7,168.2
44.7,178.2
48.6,175.4
40.7,179.4
45.8,177.3
50,170.6
39.3,174.5
47.1,171.3
49.1,169.3
40.3,167.5
55.8,158.7
37.6,175.7
47.1,172
36.3,178.9
40.1,179.9
43.7,179.6
36.3,183.6
34.9,173
36.5,171
52.2,178.1
23.3,190.4
42,180
43.7,173.3
56.9,173.2
39.3,178
55.6,173.6
53.6,163.6
43.9,172.1
38.6,180.4
51.7,172.3
56,167.6
37.1,182.5
44.4,178
62.1,163.4
50.6,168.9
54.4,168.5
56.8,161.3
32.1,184.4
49.5,169
45.6,172
56,162.9
32.6,177.1
43,179.1
48.8,171.7
31.6,178.9
50.5,167.3
45,181.6
36.5,180.9
33,176.5
47,180
49.6,170.5
42.5,173
39.2,172
44.3,173.8
56.2,169.8
61.3,166.2
38.4,176
35.7,174.5
34.6,177.5
53.4,163.8
42.4,175.1
50.8,167.5
45.6,177.8
45.4,171.3
40.6,180.3
55.1,167
47.4,169.1
48.2,169.5
41.7,173.4
34.2,182.2
33.8,183.6
42.5,175.7
51.7,172.4
39.7,180.3
54.1,166.2
35.8,183.7
46.1,175.8
58.9,159.8
45.7,176.2
43.9,164.2
46.3,178
25.4,191
47.7,175.1
54.2,172.2
54.3,164.8
44,172.3
39.2,180.9
58.2,175.1
53.1,166.8
47,173.1
49.2,166.1
51.2,171.5
41.8,171.6
43.3,174.4
34.3,180.1
46.9,180.8
44.7,185.2
34.3,179.4
34.2,185
54.4,164.3
48.7,167
51.7,175.5
42.7,180.7
47.4,177
50.4,171.4
37.1,179.2
36.9,174.1
47.5,172.4
53.5,168.1
45.5,175.8
51.7,165.2
46.4,171.9
45,174.5
42.9,175.5
60.7,166.5
47.7,169.7
53.7,169.6
55.3,166.6
34.6,183.6
51.9,170.1
42.6,173.9
44.9,172.8
43,170.2
41.4,172
45.3,181
52.1,169.7
44.3,172
58.8,170.8
30.3,181.5
52.8,169.7
36.3,178.3
37.4,181.3
35.2,179.9
41.1,176
65.4,159.7
50.4,174.6
50.5,173.3
43.6,177.1
33.8,177.1
64,165.4
53,175.6
48.5,169
36.6,177.4
39.3,171.8
49.8,166.7
53.1,173.4
39,178.7
42.5,170.8
42.4,172.6
52.3,170.2
49.7,171.7
48.5,179.2
47.1,176.9
38.6,169.8
54.1,171.7
44.2,171.5
56.4,167.2
44.7,170.5
47.2,175.8
49,174.4
34.1,180.1
51.8,170.8
54.3,164.9
28.4,183.8
25.7,181.4
52.1,172.4
60.6,161.9
45.8,174.4
42.6,181
43.2,179.1
51.2,165.5
49.1,166.9
46.8,173.3
37.5,178.3
36.1,179.2
49.8,181.8
44.6,171.3
40.1,177.5
43.6,173.6
50.3,168.7
49.3,166.7
36.1,181.7
38.3,183.5
57.3,163.5
38.7,173.8
32.6,171
58.9,169.1
44.6,176.9
32.8,184.4
36.6,178.8
43.7,170.2
49.7,170.4
47.8,178.1
47.3,171.5
41.7,177.5
55.3,167.8
44.3,178.7
33.9,175.6
52.3,176.1
36.9,180.2
61.5,165.7
41,171.8
59.5,161
39.9,176.1
33.8,176.8
60.7,165.2
52.3,170.3
43.2,175.4
44.8,171.2
42.9,171.3
27.9,185.3
55.2,177.7
50.1,174.1
44.1,177
44.6,184.4
46.8,171.5
46.6,178.1
44.4,177.5
53.7,170.1
56.6,163.6
51.8,166
40.2,174.3
45.4,183.6
53,168.9
50.1,167.6
47.6,177.6
53,161.3
54.7,164
53.7,170.8
63.3,162.9
40.4,182
41.8,172.9
51,165.7
48.5,166.3
47.9,170
41,175.9
39.5,179.6
47.8,169.1
53.8,168.5
42.2,170.8
31.5,179.7
41.7,175.8
55.6,166.2
46.6,175
47.2,171.1
38.8,182.3
42.3,168.6
33.1,181.2
50.9,172.7
46.6,165.5
41.8,177.1
36.8,173.3
33.1,182.1
37.3,171.8
30.7,178.2
31.3,180.3
66.7,157.8
38.2,180.5
41.7,178.6
35.2,183.9
46.5,166
50.3,170.3
46.1,168.3
16.2,197
24.1,186.7
48.6,165.4
36,180
46.8,172.9
35.9,171
51.6,171.9
50.5,165.6
49.4,173.9
24.1,181.5
65.6,154.8
48.6,166.7
52.6,170.3
52.9,170.7
48.7,168.5
46.4,174.4
36.5,178.5
38.3,185.8
44.6,179.5
54.3,164.1
34.6,182
56.3,167.3
51,169.7
57.3,167.8
38.2,174.1
52.4,169.3
38.9,171.2
46.3,170.4
55.2,169.2
40.3,173.3
45,176.1
42.9,176.4
47.3,167.8
29.9,181.7
39,174.3
25.5,183.9
27.5,188.7
51.4,165.1
54.6,167.9
60.2,162.4
57,169.7
40.1,173
58.6,169.1
24.5,185.7
44.3,174
50.8,174.2
42,176.2
50,169.4
55.6,174.2
49,174.7
49,173
22.6,184.7
54.1,180.2
40.3,175
44.6,178.7
43.6,175.9
36,180.4
30.9,184.6
52,166.1
39.1,182
43.1,180.5
57,158.8
71.8,162.3
47.8,173.5
50.3,166.9
44.3,176.3
44.6,184.6
31.6,180.8
48.8,167
48.2,170.2
65.1,158.1
44.4,178.2
53.2,175.3
37.3,186.1
39.2,183.2
41.3,182.7
47.5,170
36.1,175.3
37.7,180.7
38.9,171.1
48,174
44.6,182.7
31.6,182.7
47.9,177.4
42.9,175.8
56.4,170.3
45,174.6
51.1,174
31.8,178.3
35.8,181.5
38.8,181.9
44.4,179.9
50.3,170.2
40.4,181
41.9,178.6
33.2,180.6
44.4,170.3
52.7,172.2
49.5,175.7
39.1,175.8
42.7,179
34,179.4
48.3,175.3
37.6,170.7
45.7,175.2
32.9,177.6
51.6,171.7
53.1,164.6
28.2,190.9
47.3,173.9
48.4,174.3
39.6,180
36.8,178.1
46.5,172.1
55,173.7
43.7,178.2
52.5,168.4
37.9,172.7
47.9,169.9
46,174.6
44.6,180
42.3,175
40.2,182.6
49.9,168.8
45.4,172.5
45.9,177.8
53.9,172
33.1,179.9
50.8,174.4
41.1,173.1
44.9,175.4
40.5,178.6
54.3,169.4
46.1,170.2
51.6,165.5
45.3,166
49.7,168
48.8,172.4
41.6,180.7
52.1,173.2
44.3,170.4
42.3,176.9
40.7,174
47.7,172.6
54.2,169.3
48.6,175.6
41.3,176.8
36.2,182.3
58,165.6
45.8,171.4
44.1,176.3
41.9,178.8
49.5,167.9
41.8,178
45.3,170.6
41.7,174
42.5,172.7
25.4,180.3
47.3,173.4
53.1,177.7
43.1,166.2
41.2,171.5
38.9,183.1
38.2,178.3
44.9,174.6
43,175.4
39,181.1
46.6,175.5
56.2,165
49.1,172.3
43.8,177.2
56.7,165.3
58.1,166.4
44.8,171.5
48.1,173.4
40.6,173.4
36.8,181.1
57.2,168.6
48.1,179
32.1,168.9
41.6,176.3
48.5,171.2
36.4,179.8
32.3,182
44.8,175.1
37.5,186.6
51,173
44.3,174.6
43.4,175.3
46.1,172.5
44.2,173.7
37.9,182.7
42.6,168.7
36.4,184.9
33.1,183.3
48,174.9
45,172.7
47.4,171.4
60.2,165.5
53.6,163.4
46.7,168.1
52.9,166.7
58.7,165.4
45.3,179.8
41.4,179.8
51.9,171
46,167.7
49.4,173.7
36.2,182.1
35.9,180.3
27.1,181.2
58.5,168.7
54.6,161.7
48.4,175.5
53.8,176.7
44.9,176.9
44.1,176.7
52.7,169
44.2,176
35,180.4
53.5,168.5
50.8,176.3
34.8,181.8
47.5,173.8
49.4,172.6
47.1,165.6
49.5,171.4
52.7,163.2
56.5,166.8
55.9,170.3
41.2,176.8
63.8,160
56.4,168.3
46.7,175.1
49,172
32.5,184.1
47.7,173.9
52.7,169.2
54.7,168
49.2,169.2
38.4,180.3
31.6,178.7
46.7,170.7
45,174.9
37.3,173.3
50.4,171.1
45.1,175.1
42.5,178.1
39.2,179.1
41.6,176
42.2,179.5
36.2,183.1
49.8,175.1
60,164.8
42.5,176.8
57.4,167.2
41.6,176.8
53,172
33.6,179.8
34.7,175
49.8,176.9
55.7,157
56.3,164.9
44.4,172.5
45.7,171.6
53.6,171.3
52.5,167.9
40.2,179.4
52.1,173
38.7,186.7
41,170.7
46.5,172.3
42.7,175.9
44.9,173.3
52.6,169.9
58.9,164.5
51,169.8
34.9,178.6
39.7,178
43.7,168.8
57.5,165.7
49.4,171.3
34.6,177
40,175.7
39.1,170.4
44.8,171.1
47.7,170.5
53,171.3
46.8,173.7
58.6,169.3
49.3,178.6
47.6,171.9
54.4,165.8
44.5,172.7
46,172.8
39.6,170.5
47,170.5
33.6,181.2
50.6,180.7
46.4,178.8
52.7,170.2
51.3,176.5
43.6,175.3
47.3,170.8
35.1,181.1
46.2,168.8
60.4,169.2
42.6,179.6
38,176.9
41.7,178.6
49.8,174.5
29.9,183.9
51.7,171.5
46.4,176.8
34.2,185.4
35.3,182.8
41.1,176.1
45.8,175.5
43.2,180.3
38.8,178
43,181.6
49.2,165.9
48.3,176.3
39.1,174.7
36.2,182.9
52.1,168.4
49.8,172.1
33,178.8
42,179.9
43.3,179
32,180
58.2,165.3
45.6,179.5
28.3,187.9
36.1,183.1
35.6,180.5
37.9,178.8
47.5,167.4
29,180.9
52.7,167.7
29.5,183
48.1,172.8
43.5,176.4
39.3,181.2
40.1,176.3
47.1,169.8
48.7,175.2
47.2,167.9
40.8,174
50.4,171.8
40.6,176.9
40.5,178.1
55.6,168.4
41.5,173.1
38.4,181
48.4,170.5
38.8,184.9
42.5,175.2
53.4,171.5
48.2,178
45.2,172.8
32.6,182.3
35.6,183.4
53.8,165.2
46.5,177.3
38.4,174
34.7,183.7
47.1,172.4
50,170.3
36.4,175.3
49,172.1
36.6,178.8
45.2,174.5
64.3,165.3
55.4,164.1
38.2,169.3
43.4,176.9
52.2,167.1
42.3,171.8
36,187.7
40.1,180.7
42.3,175.5
48.2,175.3
41.3,170.1
35.2,177.5
38.1,176
48,174.6
47.6,180
45.9,166.8
50.3,172
40.9,181.5
58.2,172.8
31.3,178.2
47.8,167.5
31.9,183.5
43.9,171.5
47.6,175.1
63.4,161.6
53.6,173.7
41.2,169.6
49.3,172.4
40.5,183.2
47.5,172.2
48.7,169.3
50.1,166.8
55.6,170.3
43.2,180.8
51.4,174
43.4,171.7
38.5,177.7
51,167.4
29.4,179.9
53.1,171.1
57.7,167.3
59.7,167.7
28.4,182.9
53.4,169.1
43.7,176.3
50,175.7
52.7,171.6
51.9,172.1
30.4,181.5
32.4,181.2
41,177.5
47.2,172
49.3,172.1
54.9,167.5
53.7,167.8
50.1,170.7
43.6,175.9
43.9,168
44.5,172.3
38.9,176.1
41.1,177.9
44.2,178.5
40.3,183.8
52.6,168.3
38.7,183.7
49.2,173.5
40.8,173.1
47.5,167.6
51.1,177.9
45.8,171.9
30.3,185
46,179.5
40.4,181.3
39.3,177.6
38.5,183.6
28.5,190.8
36,176.9
50.2,170.8
41.1,172
33.6,174.5
35.7,176.7
48.8,172.3
51.4,174
47.7,174.2
45.1,178.6
50.6,175.3
53.4,167.4
32.6,177.2
46.3,168.1
50.1,173
38,175.3
48.4,175.2
32.5,188.4
56.6,164.1
53,169.9
56.2,164.8
48.5,170.1
74.2,151.8
45.2,170.8
39.7,180.2
46.4,171.2
36.6,177.3
48.7,171.5
49.5,170.3
46.3,186.1
45.7,168.7
51.9,175.4
35.8,178.9
38.2,173.1
43.7,176.1
48.6,169.4
36.5,176.4
41.4,172.1
41,173.8
45.3,167.6
42.3,181.3
43,176.9
39.6,178
42.3,172.1
51.7,171
44.2,179.6
51.5,167
35.9,177.9
38.2,182.2
50.6,172.6
34,183
46.4,172.1
54.4,170.6
32,178.1
37.9,173.2
54.6,170.3
34.1,178.6
45.2,169.3
56.1,172.7
47.6,175.6
48.8,170.1
51.2,168.7
41.6,179.2
38.3,176.2
50.6,162.2
39.9,176.3
45.1,170
48.1,166.5
41.2,173.6
38.1,184.7
45.6,174.4
62.8,165.5
49.3,174.9
40.7,179
30.3,177
60,162
46.1,174.3
44.7,173.1
34.5,179.4
39.2,175.4
45.8,177.7
45.5,174.6
45.4,177.4
54.6,175.7
38.6,172.4
45.9,171.7
42.7,180.6
42.3,181
43.6,171.1
48.1,174.1
28,189.3
43.8,173.1
46,169.3
37.5,176.4
55.4,167.3
50.6,162
47.9,176.9
16.4,190.2
44.8,179.7
48,161.1
40.4,178
62,166.2
50.9,169.4
41.7,176.1
44,175.2
49.6,170.7
45.4,174
45.9,172.4
52.8,181.2
34.7,182.2
46.4,172.9
40.3,178.3
34,175.9
32.8,185.3
43.2,174.4
42.7,175.4
60.5,161.9
34.6,175.6
52.8,167.6
41.6,177.5
42.2,181.6
45.3,177.1
36.6,177.4
56.7,175.2
43.6,176.9
44.9,169.8
43.6,175.9
55.4,175.8
46.7,178.1
52.4,174.6
52.6,170.1
49.6,166.1
49.6,170.1
33.8,177.9
43.5,172.4
42.8,181.4
61.9,160.9
42.4,173.6
43.8,171
42,170
58.9,166.6
47.8,168
44,172.8
47.8,174.8
50.5,175.5
45.3,170
51.4,168.5
46.5,176.4
34.2,184.2
46.7,171.6
39.9,173.5
31.5,188.6
44.9,169.3
44.1,178.8
40.2,178.8
60.2,170.4
52.5,171.9
48.8,175.4
43.8,181.9
52.7,173.3
43.4,173.8
41.2,177.1
35.5,182.3
28.5,182.3
52.8,170.2
45.8,174.1
43.8,180.7
47.8,180.1
30.6,182.5
47.8,174.6
36,190.2
53,168
42,174.9
48.7,169.9
36.7,181.8
53.8,176.7
42.8,178.6
30.7,183
47.3,175.3
49.8,169.1
41,171
49.8,177.6
61.7,161.4
43.5,172.7
54.4,169.7
42.9,179.4
48.3,171.2
36.9,180.6
36,180.7
39.1,176.7
45.8,180.8
43.6,174.7
42.3,174.1
49,168.1
51.6,167.5
29.7,180.8
59.2,169.2
32.9,178.6
42.2,178.2
38.6,181.2
40.4,174.6
41.5,177
47.4,168.7
44.9,175.2
35.2,177.2
46.7,170.6
41.3,172.3
49.5,169.5
57.3,170.7
48.1,173.3
39.2,180.7
36,184
50.9,174.9
47.6,173
34.1,182.9
55.3,178
38.5,175.1
50.6,173.3
49.2,177
51.4,171.7
26,189.6
49.2,168.7
67.1,165.9
51.3,170
47.3,173.6
50.8,168.5
35.4,183.9
48.6,175.7
48,169.2
46.2,173.9
43.3,176.6
44.7,175.2
36.7,182
51.2,172.3
34.1,189.3
47,175.1
47.6,170.9
54.8,169.1
33.9,180.1
38.1,174.8
39.4,175.9
53.4,170
46.9,168.5
35.8,176
57.4,171.7
57.3,172.4
50.5,175.7
46.4,169.4
38.9,175.2
49.4,170.9
44.6,175.7
39.9,185.5
47.1,178.2
49.7,168.5
62.5,171.2
51.8,165.3
51.7,168.8
34.8,182
43,169.4
42.3,169.4
41.6,171.3
35.1,177.1
36.2,181
53.6,168.5
47.7,174.8
34.4,182.5
44.1,172.2
38.6,184
35.8,178.9
55.4,167.4
24.3,190.5
46.5,175.8
51.4,169
41.6,175.8
40.6,180.4
41.1,181.9
38.7,171.4
50.4,172.6
59.6,164
46,177.3
48.5,170.4
37.3,182.7
34.5,181
42.5,173.2
50,172
55,166.9
55.4,161.6
47.2,171.6
36.7,180.6
44.3,172.7
41.5,174.1
59,170.5
35.5,177.4
35.9,175.5
42.1,178.2
52.3,162.2
37.6,177.9
45.5,172.8
37.3,180.3
65.6,162.5
33.6,177.9
52.3,172
40.7,171.2
38.4,172.5
46.1,175.8
40.9,178.5
57.4,161.8
54.6,169.7
40.9,180.7
44,173
36.7,179.1
49.8,165.2
50,174.3
42.7,182.6
49.2,170.3
40.8,174.5
42.8,177.3
45.5,172.9
35.7,186.9
35.9,185.7
56.3,170.5
27.6,177.2
35.8,185.9
50.3,175.9
41.2,172.5
39.9,181.1
49.8,172.5
43.3,173.4
53.1,171.9
46,180.2
50.2,170
35,179.1
43.6,172.2
52.8,172.8
40.7,181.3
49.5,169.7
43.3,170.7
30.4,181.6
37.8,178.9
38.1,175.1
50.4,164.3
55.3,175.6
38.9,179.8
36,181.6
50,168.4
51.2,179.1
45.3,176.9
52.5,166.8
39.4,178.2
47.5,172.1
54.2,171.5
41.4,170.8
55.8,172
36.7,179.7
56.9,166.7
37.5,177.1
42.6,175.7
44.6,168.9
35.3,179.1
49.7,174.9
37.2,180
34.8,184.5
54.6,166.2
49.3,171.9
32.1,186.1
31.4,183.2
45.9,174.8
34.9,179.5
59.8,166.6
42.8,175
32,175.3
44.3,175.3
41.2,182.1
35.6,180.2
42.8,184.3
51,175.3
40.2,174.8
42.7,183.1
44.1,174.4
38.9,167.5
36,179.5
40.5,170.3
40.5,176.2
34.4,183.9
38.3,176.6
50.2,171.7
47.4,175.9
40.7,181.3
46.7,167.7
50.6,169.8
34,183.1
51.6,173.6
51.5,169.1
49.5,172.2
33.7,183.7
45.2,179.1
34.5,182.7
39.2,174.4
46.1,179.1
38,174.7
56.3,172.5
58,164.7
43.2,181.4
44.3,181.4
46.6,177.3
47.9,175.9
39.4,174.4
44.9,177.9
38.8,176
36.5,179.3
58.2,171.6
60.8,162.7
51.1,169.6
37.8,179.7
35.8,182.3
42.1,178.6
39.7,173.9
38.3,184.3
57.5,160.4
36.4,178
58.5,168
44.8,174.7
32.7,179.7
48,169.3
24.5,191
44,177.3
47.9,176.9
44.4,167.7
37.1,166.7
47.2,175.9
42.7,183.5
41.3,186.5
40.4,175.3
43.3,179.3
48.1,167.2
40.4,179.1
47,171.2
55.8,166
45.3,176.2
35.1,174.3
51.2,174.1
46.7,171.8
40,174.9
53.9,169.6
42.4,171.9
37.6,179.4
34,179.3
52.8,169.4
61,173.6
48,168.5
40.5,173.7
38.1,183.1
27.2,193.6
55,169
28.9,186.3
33.2,182.7
36.9,176.3
48.3,178.2
42.2,173
41.8,175.5
46.5,173.5
39.6,173
50.1,171.5
41.9,171.1
57,169.5
31,183.8
45.8,172
55,169.7
51.5,176.6
37.7,179.6
44.3,180.2
38.2,177.9
47.3,165.2
39.8,180.2
35.2,177.7
66.5,165.8
35.7,175.2
36.7,174.8
56.5,169
50.2,173.1
44.7,169.4
32.9,185.3
40.2,172
40.2,176.1
48.4,171.3
54.8,176.7
44.9,178.2
38.7,173.4
45.5,171.8
41.9,178.9
25.2,191.4
45.2,178.3
50.2,178.2
44.4,177.1
48.1,175.1
50.8,172.9
38.5,178.5
32.1,180.1
53.1,170
56.2,169
53.9,171.8
46.2,169.8
45.5,173.3
70.4,158.8
44.4,180.8
37.5,177.2
32.5,180.3
35.7,177.2
43.3,178.2
46,171.3
47.6,171.7
56.8,167.6
46.8,178.4
59.5,167.1
50.9,168
47.1,170.8
46.4,172.4
38.4,177.5
48.5,173.7
40.7,173.2
47,176
48.3,170
34,183.5
44.9,175.9
48.5,172.6
57.7,170.2
58.5,170.8
22.1,184.1
57.8,165.2
43.8,169.1
36.9,178.4
42.7,178.5
41.9,176.7
63.6,166.8
32,182.5
48.7,176.7
35.1,177.9
60.7,162.7
48.1,176.8
42,174.3
28.5,180.5
52.3,168.7
48.6,174.1
53.1,163
39.1,183.5
51.8,166.1
48.2,176.5
50.8,169.2
46.3,172
34.8,183.4
47.5,174.8
48.4,177.5
54.8,166
31,181.9
35.6,185.6
49.5,172.6
39.6,182.6
35.8,177.4
21.9,187.7
33,176.6
49.6,168.2
58.6,161.3
39.2,177.6
42.7,170.7
50.9,172
44.2,181.1
34,177.4
40.9,174
31.8,189.2
50.5,179.9
45.5,172.1
36.6,176.2
52.2,170.4
46.7,178.6
48.6,172.6
50.2,167.4
49.2,175.1
40.9,172.9
41.3,174.1
39.1,178.6
38.6,176.4
40.9,184.8
39.4,179.7
62.4,165.2
36.1,181.2
32.5,179.2
39.8,179.7
55.8,167.6
48.9,174.8
44.4,175
43.8,170.5
44.3,183
37.6,175.1
32.1,180.3
41.3,180.5
49.8,176.6
37.8,178
46,176.7
44.6,178.9
43.2,171.7
44.5,179.1
39.9,180.8
46.7,171.4
59.6,171.1
34.4,186.6
63.9,164.8
46.9,169.1
39.8,182.1
48.4,174.8
42.2,174.3
30.7,187.3
47.9,175.8
39.5,178.8
41.2,176.8
52.5,171.5
43.9,179
32,180.6
22.8,186.9
29.2,186.8
43.9,173.6
52.5,176.8
58.1,165
49.8,168.1
37.9,180.2
61.7,160.4
41.6,178.2
67.3,163.8
58.4,171.8
32.1,182
57.6,174
31.5,188
46.9,174.9
36.4,175.4
45.9,173.6
40.8,181.9
37,186.2
47.6,169.8
26.8,189.4
56.2,167.7
41.2,176.5
47.7,172
48.2,173.3
48.1,168.6
42.3,174.6
54.9,166.9
59.3,168.1
49.5,179
51.6,172.7
37.8,175
52.2,175.2
45.3,174.9
34,187.3
48.1,168.4
45.6,172
43.6,179.1
30.7,184.1
58.8,168.4
36.4,180.3
49.7,172.7
34.5,179.9
44,168.7
36.3,185.9
41.9,177.3
46.6,169
48.8,172.6
53.5,171.7
47.2,174.4
30.9,184.4
42.8,173.8
42.3,179
50.2,167.8
35,182.6
55.4,169.4
54.6,176
42.1,180.6
42.6,177.7
42.2,178.5
40,175.9
54.8,161.8
35,179.9
40.6,166.7
64.6,161.1
47,170.8
56.6,164.9
38.4,179.9
55.2,166.6
48.1,175.8
40.6,178
46.8,169.4
57.2,168.2
27.6,186.7
44.9,168.4
30.8,187.2
50.2,166.9
43.8,178.2
62.4,163.6
63.6,162.6
43.8,183.4
39.2,174.3
42.4,170.8
34.1,186.3
34.6,180.7
43.3,170.6
50.9,173.8
44.1,180.4
42.1,175.9
57.1,171.4
27.3,184.7
49.7,173.9
50.9,176.7
51.9,172.3
51.3,174.3
50.9,173.5
48.9,172.7
47.1,175
51.9,171.4
46.1,173.7
53.6,171.1
37.6,178.7
65.4,165.9
42.1,173.6
56.4,170.9
41.9,184.7
46.3,178.1
44,171.3
58,170.6
44.6,176.8
44.6,171.3
40.2,175.1
37.6,179.5
38.6,177.3
35.7,180
54.1,177.6
40.4,177.3
39.2,171.6
52.4,170.2
43.6,170
53.4,171.7
52.5,170.2
57.8,173.5
47,167.2
42.6,166.2
35.1,179.1
43.4,171.2
56.8,163.5
48.1,169.4
40.8,176.1
37.7,181
41,178.9
59.6,161.9
55.7,172.1
49.2,167.3
43,165.1
62.6,160.8
46.4,170.2
35.2,178
50.5,171.4
42.1,172.5
49.4,166.7
53.2,173.6
37.2,181.3
39.8,179.4
31.2,185.5
44.5,173.5
52.3,172.8
36.3,180.2
36.6,180.6
40.3,166.9
39,173.8
43.3,173.7
46.9,167.8
52.7,165.7
52.2,171.1
56.2,162.3
41.5,170.6
58.7,164.1
47.3,171.8
40.2,173.4
42.3,176.1
43.8,171.4
45.7,174.8
52,174.2
44.1,174.1
55.7,167.9
44.1,178.7
46,175.3
53.1,176.5
36.5,174.9
46.4,171
56.3,172.5
36,185.7
63.5,166.9
34.7,183.9
39.3,177
31.3,182.9
49.6,172.1
49.4,163.4
44.1,181.9
35.5,184
54.7,174.1
39.3,177.1
31.4,182.5
41.3,175
46.5,174.8
53.1,171.1
35.3,182.8
43.7,178.5
31.9,186
46.5,166.1
51.1,174
46.8,177.4
44.5,173.6
53,170.1
55,167.5
38.3,182.5
36.1,179.3
59,169.5
52.2,172.8
29.6,182.2
52.6,175.8
38.5,177.2
45.8,174.2
49.3,174.2
39.2,176
49.8,167.8
41.9,178.9
53.4,170.9
37.1,184.3
40.8,177.2
40.7,182.3
32.5,184.1
49.4,176.7
47.5,168.6
47.5,174.5
57,161.3
34.6,175.6
39.9,177
44.4,167.2
51.7,176
42.7,186.1
52.4,163
41.5,177.2
49.2,164.8
39.3,180.6
53.5,168.3
31.7,179.4
41.7,179.7
44.1,173.1
36,176.4
44.8,174.1
63.4,170.1
40.9,175.1
34.5,181.9
29.9,184.1
54.7,174.8
52.6,172.8
37,180.2
48.8,167.3
33.6,179.9
51.4,162.2
46.2,170.5
40.2,175.7
38.9,166
35.3,173.4
38.2,176.5
50,171.8
47.4,168.7
35.9,183.2
39.7,177.8
46.6,175.7
27.4,184.3
51.6,171.2
38.7,184.6
48.8,171.5
53.1,172.9
52.7,164.7
50.4,169.5
45.8,179.9
43.8,173.3
37.6,169.8
34.4,177.4
49,175.3
53.6,169.5
45,170.8
41.8,170.1
46,173
43.7,177.3
38.8,174
42.7,173.2
35.8,181.6
31.9,178.4
49.3,169.9
44.2,181.4
39.2,178.4
44.9,176.3
52.9,170.1
57.1,172
52.7,172
29.8,179.5
37.5,182.6
42.5,171.9
43.4,183.6
44.4,177.9
34.4,175.2
44.3,170.8
50.3,169.6
40.3,186.4
40.7,182.4
52.5,170.9
49.6,175.5
39.6,177.1
34.2,188.7
40,174.2
33.3,177.1
43.5,176.5
46.8,174
22.3,181.7
31.1,181.6
48.2,170.1
39.7,174
50.7,171.5
48.9,171.3
27.7,189
57.6,160.4
49.3,169.9
46.2,175.2
37.5,175.2
46.6,173.3
52.5,173.8
48,178.2
46.6,175.6
47.2,173.5
47.1,173.4
54.3,171.2
61.6,165.4
39.9,187.7
43,177.1
46.7,174.6
57.1,170.8
44.2,180.5
43.5,179.4
47.8,172.4
29.6,183.7
41.7,172.8
44.7,173.3
56.7,170.7
47.9,167.9
42.7,168.8
45.9,169.7
31.6,180.5
49.7,176.7
37.2,178.7
38.5,174.1
39,180
61.1,169.3
45.8,173.6
53.8,170.6
45.2,176.6
38.2,176.7
46.8,172.1
39.9,179.4
50.6,176.4
37,174.6
47.1,173.2
41.6,168.8
47.5,170
45.2,177.2
53.1,175.1
48.5,176.4
48.4,176.1
44.9,174.3
39.3,184.5
35,183.6
43,172
28.6,185
58.3,164
42,168.4
34.7,175.2
43.9,173
30,191.2
50.9,171.4
47.5,172
49.9,169.2
49.3,174.9
47.3,177.2
49.2,175.4
50.2,171.4
23,179.8
34.1,174.8
35.5,176.2
45.8,177.3
41.7,171.6
60.5,163.4
57.6,172.2
54,172.6
59.3,162.9
40.9,179.4
48,179.5
38.9,184.3
43.2,184.1
52.3,175
46.6,175.3
50.3,165.8
49.6,160.4
45.9,170.2
45.6,174.8
29.7,185.1
47.8,167.5
41.2,180.3
51.5,167.7
50.2,169.6
49.9,169.1
37.1,174.5
43,176.5
40.8,172.3
30.3,178.2
46.7,179.5
51,176.8
41.5,180.8
49.9,176
58.6,165.4
43,180.2
41.4,172.3
41.7,175.7
36.3,182.1
46.8,171.1
45.5,175.9
62.9,161.7
34,193.3
38,180.1
50.2,169.2
34.5,185.8
30.4,187.8
57.1,165.8
42.3,183.7
44.7,176.4
33.6,175.2
39.8,176.3
38.5,180.8
39.6,178.7
44.6,178
47.2,171.1
56.6,167.4
31.2,176.5
38.8,180
41.4,178.7
55.1,171
36.9,172.3
40.7,177.3
38.6,177.8
36.2,173.7
42.4,176.2
34.5,183.1
59.2,167.7
41.6,180.4
30.8,181.6
43.6,175.3
46.2,178.4
49.3,168.9
52.7,172.8
46.7,176.5
40.4,181.9
54.8,170.3
44.4,169.9
37.1,178.8
42.4,176.7
50.1,172
51.6,173.5
38,176.4
36,177.1
46.4,181.1
44.5,179.3
49.2,176.2
49.5,172.4
52.6,171.9
51.7,177.4
48.6,175.1
52.4,168.1
41.5,176
54.7,166.8
44.8,180.9
49.1,172.3
48.3,166.1
69.6,160.6
49.5,171.9
43,175.9
47,175.1
39.1,184.6
36.7,179
57.3,175.2
48.5,172.9
30.1,184.5
37.6,184.3
50.1,181.3
35.9,176.9
41.3,178.7
31.9,183.2
41.8,185.2
45.9,174.6
32.9,181.9
47.4,178.8
38.1,170.5
53.8,173.2
60,164.9
37.6,177.6
48.3,168.6
42.7,170.3
38.6,187.2
46.4,169.6
34.6,188.2
30.2,179.8
39,181.3
49.5,173.7
41,175.5
34.6,185.1
42.3,174.2
55.3,165.8
43.3,181.7
48.1,169.1
45.3,175.8
29.7,175.5
58.1,164
37.3,181.5
30.2,186.6
34.6,176.7
39.9,183.1
44.7,176
52.1,167.3
49,171.7
44.4,180.6
39.4,178.5
48.6,174.9
43.1,173.3
57.7,168.5
34,180.7
51.2,176.6
46,171.2
40.9,174
41.9,182.4
32.3,184.9
54.8,169.5
42.4,173.6
35.3,174.1
38,179.6
44,177.4
55.1,168.8
45.3,171.7
30.6,175.8
52.8,168.9
46.7,173.2
44.8,170.4
45.4,167.6
52,167.2
44.7,175.7
52.5,165.7
34.6,181.4
37.9,177.3
51.7,169.3
58.1,167.2
38.9,180.7
41.3,170.7
47.7,172.4
44.2,174.8
44.9,185.3
46.7,171.7
49,169
44.9,170
41.5,175.4
42.1,175
36.3,185.6
49.7,167
49.5,171.3
42,178.2
49,179.9
46.9,172.2
42.1,179.1
46.2,166.4
42.3,172.5
45.9,178.9
44.1,172.1
39.4,176.8
48.8,173.6
30,183
43.1,173.9
52.8,178.3
55,176.8
29.7,192.2
48.4,173.4
46.5,161.3
43,174.5
42.6,178.1
53.4,162.9
48.1,171.7
50.8,166.5
33,183
42.2,178.5
41.8,175.8
32.8,187.4
43.7,176
55.7,159.9
48.4,173.7
42.7,180.6
38.4,179.2
58.2,168.3
54.4,171.8
40.5,177.4
40,173.9
52.4,175.8
41.6,178
50.9,180.8
34.2,175.3
45.8,176.9
58.7,165.2
55.9,169.3
49.9,169.4
49.8,175.7
48.9,168.3
32.3,183.3
43.9,180.3
50.5,170.1
38.4,178.6
43.8,176
49.8,174.3
48.4,176.8
30.4,182.1
65.2,165.8
46.2,165.6
45.2,173.3
41.9,174.2
40.5,185.3
48,168.6
49.3,168.1
37.3,183.6
41.7,172.3
41.3,174.1
53.2,175.4
51,173
55.7,168.8
52.2,171.5
41.2,176.6
36.1,177.3
50,174.4
40.4,176.7
36.9,178.9
55,169.7
50.9,172.3
39.2,181.1
47.7,169.5
46.1,178.8
48.6,171.4
60.7,160.2
38.2,182.5
50.8,167.7
40.2,169.5
43.2,189.8
42,183.2
40.8,180.4
57.3,166.9
68.3,161.4
46.7,173.4
38.2,180.2
43.4,179.7
53.4,167.2
49.6,172.2
48.8,176.7
54.7,164.4
46.9,172.1
41.6,177.6
46.4,172.5
48.8,170.4
54.2,169.2
48,176.3
56.6,164.5
52.5,168.9
57.1,162.9
40.3,177.4
45.9,170.9
53.8,166.4
42.8,174.8
51.1,167.9
49.6,169.1
42.2,173.5
40,180
56.1,171.2
30.4,187.4
51.5,171.4
52,175.3
35,184.5
42.2,173.1
52.7,172.9
41.6,174.5
53.2,168.6
42.1,168.9
46.7,175.6
36.2,179.3
32.7,184.6
51.6,170.3
34.1,178.9
50.6,171.8
47.4,174.5
33,174.5
40.9,176.3
52.9,165.1
39.4,173.9
39.2,180.6
41.3,172.5
43.8,169.5
53.5,166
44,171.6
65.5,156.3
44.8,172.8
32.4,184.9
44.7,174.1
48,166.9
43.8,169.4
49.1,174.1
47.3,169.2
51.4,162.1
49.7,175.7
52.6,174.1
49.3,174.1
56.1,173.7
35.3,181
34.1,181.2
36.6,179.9
37.5,177.2
33.6,180
62.3,168.8
48.3,170.3
54,168.7
48.1,166.3
38.7,178.9
37.8,171.1
39.7,177.9
44.8,174.2
58.8,172.6
33.4,176.2
41.8,175.6
51.5,173.4
47.6,175.1
51.8,173.4
41.4,183.7
25,184.8
49,181.1
51.2,172.8
43.6,172.8
42.7,167.3
45.2,178.4
41.6,171.6
42.7,167.4
41.4,177.1
47.8,173
53.2,165.6
48.4,171.9
42.2,173.4
25.1,181.6
63,162
45.9,180.2
48.6,177.4
43.3,179.7
35.3,174.9
43.2,177.3
41.9,181.4
43.4,180.1
45.9,177.1
45.8,177.2
31.7,183.8
38.1,176.7
41.1,176.9
49.4,175.5
39,174.9
36.2,176.1
42,175.2
50.2,173.4
31.8,186.5
47.5,174
40.2,180.4
39.9,174.8
47.2,172
42.5,173.9
42.3,175.2
53.5,162.4
46.3,181
39.4,181.6
43.5,177.6
38.9,177.4
43.8,191.2
46.2,165.8
49.5,165.3
40.3,178.2
57.3,167.3
41.3,174.7
28.7,170.9
41.1,174.3
46.4,175.5
54.1,171.7
41.9,179.4
36.9,176.6
38.8,177.6
37.9,183.4
15.8,189.3
46.9,165.6
40,171.8
61.8,169
41.8,178.9
48.6,178.3
33.3,185.9
42,173.5
51.7,173.9
45.3,171.9
37.8,173.5
43.2,176.2
45.9,178.4
44.4,177.5
41.4,179
38.9,178.7
52.4,163.6
46.3,168.5
52.5,170.1
33.7,180.4
32.4,189
39.4,180.4
61.8,169.6
48.9,174.3
34.5,184.4
56.9,179.4
53.3,168.3
40,176.2
38.9,183.5
49.2,175.2
51.7,172.9
35.1,177.7
55.2,166.5
42.9,170
43.4,175.7
37.4,180.3
54.2,171.5
43.2,182.8
45.6,169.3
47.4,176.6
52.1,167.7
44.5,175.9
49.5,166.5
40,173
44.5,175.8
64.2,166.3
54.9,162.7
57.1,163.8
44.5,170
50.9,172.2
55.2,168
41.2,171.6
41.2,177.8
43.1,180.8
49.9,170
47.5,169.2
47.1,172.2
53.6,176.7
44.9,177.3
47.3,172.8
40.9,177.7
54.9,168.6
37.9,174.6
38.8,173
61.6,158.6
56.6,162.9
47.3,171.3
43.7,173.9
56.4,164.1
37.9,170
46.6,172
53,170.9
43.1,168.2
51.2,172.3
35.5,189.8
39.2,178.6
41.8,180.8
48.2,171.6
43.7,173.9
51.5,166.6
48.8,172
45.5,181.9
49.9,169.4
48.4,176.1
47.8,173.7
48.3,167.6
44.8,173.4
42.5,170.7
46.7,167.9
37.7,181.7
53.6,170
30.3,185.6
44.9,171.8
48,168.5
44,175.8
42.9,183.4
42.3,177.1
39.3,175.4
50.3,169.8
46.3,178.3
41.8,176.7
50.7,173.8
37.9,178.5
40.7,178.4
52,167.2
51.2,174.4
47.3,181.8
43.9,174.7
52.9,172.3
45.7,173.4
39.9,177.1
46.2,169.3
59.4,170.7
42.4,175
46.8,174.2
59.4,163.7
43.3,176.2
45.8,175.6
39.7,177.9
42.9,170
47.1,177
42.2,173.3
53.9,168.2
64.6,156.6
36,179.7
55.5,173.7
36.2,174.8
45.4,172
52.9,168.1
49.8,166.5
41.6,174.4
53.4,166.7
39.4,180
44.4,173.5
42.4,173.5
26.9,193.7
47.8,173
45.6,172.3
35.7,174
50.6,167.9
36.5,191.5
28.7,182.2
42.8,178.1
43.2,172.9
32.1,178.8
38.7,181.3
44.2,170.1
51.4,164.6
38.8,175.6
45.2,161.2
56.9,169.1
51.8,167.1
31.8,184.7
52.6,174
44.8,174.6
50.5,171.3
39.7,174.3
39.4,179.8
40.7,176.9
29.3,185.1
36.8,182.7
50.1,176.4
45.1,167.9
42.2,176.3
41.4,181.1
55.5,162.9
45.5,173.7
49.3,182.5
49.8,163.3
61.7,162.2
63.9,159.9
48.9,167.4
49.5,171.3
49.9,173.3
33.1,171.5
41.5,173.5
43.1,172.3
44.2,173.4
35,175.8
62.7,162.2
55.4,176.6
49.2,172.5
52.3,169.6
47.5,175.9
47.2,173.9
46.6,175.9
52.6,171.1
43.1,175.4
38.1,183.7
39.2,170.3
48.1,169
40.6,181.1
63.6,164.2
44.9,177.6
52.4,177.7
47.7,182.9
32.5,176
29.8,178.9
46.2,169.7
44,167.6
49.6,181
34.3,177.5
55.9,158.5
51.3,173.1
45.8,172.8
39.1,173.4
37.3,175.1
45.7,174.4
46.5,169.2
51.5,177.4
42.6,169.6
45.3,175.1
51.7,167
46.7,174.5
39,172.5
39.9,175.9
30.9,187.8
51.5,167.8
41.8,181.4
41.3,177.6
34.1,177.9
46.4,182.1
52.3,168.4
45.6,170.9
53.6,167.8
42,170.3
39.2,176.9
46,172
33.2,182.3
41.4,180.2
41.7,167
62.8,163.4
42.3,169.2
48.4,173.2
33.7,177.7
45.8,172.9
50.5,176.6
36.8,177.3
45,172.7
35.4,179.5
51.9,167.6
56.4,171.5
39.7,171.7
43.4,176.3
52.9,167.4
34.6,176.8
38.5,184
44,180.5
51.7,169.3
54.2,170.7
48.5,169.6
45.7,173.6
38.3,177.3
60.4,169.3
47.1,174.9
44.5,179.7
48.1,173.1
33,191
43.5,178
45.6,169.5
48.8,178.8
40.5,178.7
54.7,161.5
27.2,186
37.8,178.7
47.6,171.3
59.3,163.3
55,175.2
68.3,167.9
36.5,179.1
45.9,170.9
42.1,179.2
31.5,181.5
28.6,190.1
62.5,162.1
34.2,182.4
30.6,183.7
49.9,161.5
49.3,164.2
54.5,170.1
48.9,170.7
35.1,180.3
43.1,179.9
36.1,177.8
40.1,180.8
44.2,175.3
52.7,161.7
45.6,174.3
32.4,181.8
42.6,173.7
40.3,180.4
34.2,182.8
43,181.4
35.9,181.2
43.4,176.7
41.2,179.7
33.5,177.8
52.6,165.6
39.8,173.3
56.2,167.4
56.8,174.2
40.4,176.5
35.8,182.4
66.8,161.1
46.3,174.6
51.4,170.4
21.9,182
48.6,170.7
31,184
44.6,177.1
40,175
41.9,178.9
39.2,173.9
47.2,177.4
38.7,172.5
48.2,176.4
58.6,164
52.3,167
39.7,171.7
50.8,166.2
49.5,168.7
41.6,175.5
48.5,181.4
44.6,171.3
38.6,168.7
37.8,179.1
48.7,167.7
56.2,169.4
34.7,184
26.7,184.3
41.4,168.1
26.6,181.7
55.5,170
48.3,178.6
51.5,165.8
45.8,173.6
36.6,176.3
39.5,174.2
43.3,182
40.1,186.9
50.1,167.8
48,180.4
43.2,177.3
35,177.9
63.7,167.3
30.1,185.2
45.3,179.1
37.3,177.9
48,163.5
31.3,181
49,175.5
44.1,173.7
45.2,170.9
54.2,167.1
42.2,181.2
58.4,164.5
51.2,171.3
46,186.8
51.5,176.1
46.8,175.5
44.8,181
49.1,168.5
56.6,164.3
48,168.8
52.3,167.9
39,172.3
44.4,171.8
54.2,167.5
49.8,168.5
52.8,167.3
40.5,176
49.7,169.4
40.6,182.4
42.4,174.2
61.8,171.7
50.8,168.4
29.2,183.2
42,172.3
55.3,171.6
38.1,177.9
58.4,166.1
46.4,172.3
41.1,180.7
52.8,171
40.3,177.1
35.1,179.7
57.1,169.8
34,174.7
41.4,172.7
47,174.4
44.5,179.2
45.4,185.8
58.3,161.7
51.9,171.6
52.3,165.1
49.2,173.5
56.6,159.5
34,176.2
56.1,159.8
51.3,165.8
42.7,179.5
47.2,175.5
53.7,159.7
35,176.3
51,174.5
48.2,170.3
36.6,176
43.6,173.6
57,169.1
53.1,164.3
51.3,170.2
43.1,173.3
39.7,177.3
58.5,164
44.4,173.4
33.7,177.4
28.8,190.2
42.1,171
34.9,180.1
34.7,176.4
47.3,176.4
43,179.2
39.2,181.3
44,170.3
45.5,163.2
37.6,190.9
47.7,173.2
51.8,163.9
41.7,179.3
34.1,182.2
46.8,177.7
52.4,165.2
32.8,177.6
45.8,178.8
38.9,176.4
62.9,161.1
51.3,169.3
35.8,184.9
45.2,177.7
55.4,167.4
55,175.1
37.8,178.7
33.9,178.6
47,179.7
43.1,180.4
43.5,175.6
46.9,177.4
54.1,166.3
45.5,177.6
47,174
41.3,169.9
37.6,180.1
44.9,179.7
56.8,168.7
58.5,170.2
50.8,171.7
51.4,167.3
34.5,185
37.7,173
54.6,166.9
34.4,177.9
44.2,181.1
56.5,161.5
42.4,171
47.6,166.7
43.4,180.8
36.7,175.7
53.3,174.9
51.1,171.7
52.9,161.6
47.1,167
53.5,169.2
29,183.1
53.8,169.6
46.6,175.9
47.8,176.4
40.3,176.8
34.9,178.9
34.6,173.3
46.7,177.6
51.1,168.4
48.8,175.5
45.5,184.2
48.1,168.4
54.6,168.9
45.3,174
43.7,168.4
41.5,180.6
39.6,179.1
43.3,178
33.4,181.4
40.5,185
45.7,168.2
48.8,178.4
59.1,166.4
41.6,179.5
52,180.3
54.3,161.1
40.5,181.9
55,171.7
44.6,164.5
31.8,183
43.1,179.8
47.2,173.4
46.7,175.8
48.3,173.9
36.9,176.8
46.2,169.5
47.1,172.4
44.8,180.4
50.3,175.9
60.6,162.2
37.6,179.4
51.3,179.8
58.2,170.9
42.7,173.3
35.8,176
25.9,186.3
48.8,173.4
43.4,176.8
36.9,175.2
41.4,169.4
34.2,183.1
49.9,177.4
38,181.7
44.1,173.5
42.8,174.9
65.4,166.6
49.3,174.4
60.9,168
36.9,181.1
50.3,167.5
61.2,167.5
50.4,173.1
46.4,169.8
41.1,176
38.3,178.8
42.3,175.2
42.3,181.2
33.3,178.3
56.9,171.1
41.9,179.1
42,172.2
41.4,174.2
50.6,168
44,171.8
37.9,178
54.6,166.3
50.4,172.1
54.9,169.9
54,167.4
34.3,178
48.4,177
49.6,170.8
63.8,161
48.7,173.3
52.5,167.4
49.6,167.8
40.7,176.7
40.5,176.2
47.8,172.4
46.2,167.4
37.4,176.5
51.7,162.6
32.3,175.7
39,170.5
29.2,178.7
47.2,174.9
50.4,173.9
45.2,174.1
41.1,182.8
41.1,177.6
35.2,173.1
35.7,181.9
38.1,180.6
49.5,169.9
36.7,182.5
35,173.4
36.7,180
40.5,182.9
47.6,177.3
50.8,169.3
38.9,177
56.1,162
41.6,181.4
38.5,173.2
55.5,164.1
47.1,172.3
36.2,173.6
42.1,173.9
44.5,180.5
34.1,177.8
16.4,180
51.2,179.5
47.3,172.8
45.9,170
38.5,186.2
41.7,177
41.4,171.8
56.4,170.7
43,176.4
27.1,188.3
51.1,162.8
61.5,157.8
53.9,165
38.4,176.2
45.4,173.8
46.9,175
43.8,170.3
47,175.7
45.2,174.6
46.7,180.6
52.7,170.7
49.4,162.4
57.5,166.1
41.8,181.6
52,167.7
50.6,171.6
44.8,181.3
48.6,168.5
35.6,172.5
38.3,176.8
45.2,173.8
25.1,188.3
35.4,183.4
48.7,175.5
48.3,171.2
50.3,174.5
32.4,180.8
29.8,178.1
39.4,174.6
24.6,187.1
46.8,170.6
30.9,177.5
53.1,172.1
44,180.4
47.1,173.2
41.5,181.6
39.9,180.2
28.9,179.5
40.4,174.8
45.4,172.3
51.6,175.3
47.4,177.1
40.5,169.9
51.4,171.7
54.9,168.7
29,184.6
39.4,179.3
55.7,167.6
61.8,168.9
50.5,176.8
72.8,158.1
55.1,162.1
22.9,182.2
47.6,175.8
39.8,178.7
36.3,170.8
38.7,175.5
37.2,184.6
38.8,178.3
50.9,176.7
41.2,178.5
42.6,172.1
42.4,172.4
41.3,174.9
33.6,179.1
57.1,170.1
42.4,178.7
40.9,179
40.8,176.2
42.1,169.4
46.8,176.4
41.9,175.4
45,173.4
30,181.1
41.3,171.2
45.1,174.3
40.1,174.7
40.3,177.3
57.5,175.4
35.1,181.9
49.6,167.7
39.5,168.5
52.3,168.6
48.9,175.1
48.2,174.4
52.2,168.1
61.9,165.5
42.6,172.2
49.4,171.3
34.7,182.8
41.6,176.3
44.6,173.6
28.4,182.6
50.6,169.5
53,173.4
36,177.9
43.7,175.1
42.4,182.7
43.4,168.6
61.1,168.5
41.9,175.5
45.8,177.7
37.2,181.8
58.5,168.1
47.1,172.4
43.8,173.3
41.2,179.3
48.2,169.9
41.1,176.8
44.6,174.6
56.8,168.1
69.2,157.1
36,181.1
39.5,175
42.9,185.5
29.9,187
39.4,174.7
50,178.7
64.1,165.8
49.2,173.6
50.6,175.4
55,165.6
46.9,174.3
37.9,182.1
52.3,168.7
44,173.7
43.7,174.1
30.5,185.2
52.3,166.3
30,179.2
52.2,173.7
54.6,167.5
48.8,169.4
53.2,171
43.3,174.7
42.7,179.8
54,171.9
43.6,181.7
49.5,173.1
44.8,174.6
51.7,174.2
43.6,178.1
41.7,174.1
37.2,182.5
47.7,169.4
46.7,172.8
37,175.3
42.7,176.3
39.6,173.3
54.3,166
46.6,171.8
31.6,181.2
36.8,179
46.9,169.9
49.2,170.2
37.6,179.5
37.2,174.6
47.3,177.5
43.3,178.3
47.6,169.1
40.3,182.2
51.6,168.3
41.6,175.6
53.8,161
46.2,177.9
35.3,180.8
52.6,168.9
26.6,188.3
46.2,171.8
42,180.7
54.4,171.2
44.9,182.8
37.9,179.4
45.1,177.5
37.3,174
38.8,176.9
42.1,182.5
42.5,174.5
44.8,173.1
45.4,171.4
31.5,180.1
44.4,174.3
40.8,179.4
41.5,177.4
37.1,181.4
44.8,173.2
49.7,170.8
50.1,175.2
54,167.1
44.8,170.4
42.3,178.9
34.7,178.9
33.7,180.6
47.2,170.8
44.9,169.5
42.7,173
36.8,183.3
50.9,176.4
40.5,175.2
35.2,175.9
57.9,168.9
67.6,161.1
51.9,175.2
48.5,173.7
55.7,164.1
42.6,177.3
58.3,169.2
36.5,178
47.4,168.8
47.2,176.2
49.7,173.8
50.8,171.3
27.2,180.4
49.2,170.3
42.1,178.5
47.6,172.1
36.7,176.5
41.9,183.7
40.4,173.6
37,172.6
43.8,167.7
36.9,180.1
41.5,175
27.1,190
59.3,166.4
41.5,179.3
51,168.3
43.4,182.1
39.4,175.2
47.1,178.5
43.2,175.5
38.5,182.1
35.2,185.7
41,172.8
53.8,169.9
44.1,175.9
43.6,175.5
40.8,172.8
45.7,177.1
31.1,187.5
42.6,177.3
43.1,175.4
52.4,169.9
52.6,167.6
55.3,169.9
61.1,158
38.1,180.7
49.5,172.8
31,175.9
42,181.4
36,179.7
39.3,178.4
52.8,164.2
46.5,170
48.7,167.5
46.1,173
50,167.8
44.2,176.3
42.7,174.7
41.7,181.8
43.3,168.8
33.5,184.3
51.9,174.9
50.3,168.6
38,174.6
53.7,172.7
42.4,172.1
42.2,168.2
41.5,177.8
36.5,179.1
43.3,174
35.7,188
58.4,168.3
57.7,168.9
35.9,184.2
56.2,160.2
53.8,170
56.8,158
43.3,171.8
50.9,179.9
46.8,176
52.6,168.9
42.8,181.1
48.2,171.8
45.2,175
43.1,176.7
50.8,177.7
40.4,173.1
28,181.4
41.5,175.3
42,172.2
49,166.2
48,174.9
61.7,170.6
47,164.9
44.2,173
56.2,166.8
51.2,168.5
45.9,175.7
30,176.9
48.3,176.2
39.5,174.9
48.1,169.9
37.5,182.7
50.5,171.6
55.1,170.5
48.2,172.2
50.3,164.4
44.8,171.4
44.3,172
38.9,172.8
39.1,177.6
36.9,183.3
40.5,177
56.8,161.2
41.3,176.7
51,166.8
40.7,178.5
46.6,175.5
52.8,181
43.7,174.4
46.3,171.2
47.2,165.9
31.8,182.7
45.7,174.1
42.2,170
48.7,173.3
40.6,179.8
37.6,176
59.3,164.1
37.9,182.2
55.5,167
42.4,175
52.8,172.1
56.4,164.1
33,174.7
50,178.2
43.5,168.6
43.5,172.8
48.5,171.5
43.6,179.3
59.1,164.5
50.3,164.3
51.1,177.1
31,182.8
40.5,172.5
60.9,163.5
47.3,172.9
34.5,180.4
27.9,183.5
44.6,183.7
42.2,177.3
40.1,179.9
39.9,180.8
42,176.8
57.9,166.2
46.9,180.8
56.6,166.2
52.4,168.8
43.6,176.8
39.9,177.2
64.4,163.7
44.1,175.2
39.5,185.6
51.9,173.2
40.7,168.1
39.8,185.1
51.3,168.5
43.8,181.9
39.8,173.3
51.3,167.5
29.6,182.5
40.9,177.2
44.5,176.2
28.7,175.6
23.6,195.7
41.2,182.6
60.9,161.6
42.1,178.2
33.2,185.3
38.6,182.4
44.9,174.5
43.9,170.3
55.6,169.3
41.4,186.4
49.6,174.3
43.3,179.8
41.3,173.9
44,168.9
39.3,182
38.9,183.8
42.4,178.4
44,175.4
33,180.9
45.8,171.7
40.4,176.2
35,181.2
34.4,170.2
46.7,175.3
49.7,182.8
35.4,178.9
45.7,175.6
57.4,175.4
49.9,175.5
53,178.3
39.5,178.9
44.4,177.1
45.2,168.8
46.3,170.8
40.8,174.8
41.4,177.1
48,178.8
52.9,165.9
53.2,175.1
55,169.3
41.1,174.6
43,180.9
24.1,187.6
38.3,185.8
41.7,173.2
50.2,175.7
40.8,174.1
45.4,171.4
32.9,188
53.2,171.8
34.1,180.3
47.1,170.5
48.6,176.8
62.9,168.5
49.7,177.9
40,175.2
49.5,167
60.9,163.6
52.7,168.2
49.4,167.5
54.6,167.2
54.3,162
33.8,178.2
32.4,180.2
38,174.6
41.1,167.5
45.8,174.4
37.2,182.1
42.6,175.7
44.5,178.2
68,157.3
31.2,185.2
37.9,173.9
45.4,178.2
38.6,182.1
46.9,166.1
57,170.5
39.5,173
55.1,171.7
51.9,168.2
46.5,173.6
38.2,179.4
44.6,172.1
51.3,171.6
34,180.9
33.3,180.2
56.4,166.4
35.8,177.6
44.3,178.3
39.2,183.8
51.7,169.4
41.3,183.4
46.7,164.7
46,167.6
49.9,169.7
36.5,187.2
32.2,181.7
35.9,182.1
39.5,176.8
52.1,169.7
35.8,176.6
44.5,169.4
46.4,175.3
43.8,173.5
56.6,172.2
34.5,179.7
42.1,176.6
46.5,178.1
49.5,172.6
44.1,177.8
40.1,176
26.6,183.4
36.8,177.2
28.1,190.8
33,180.3
28.2,179.4
41.4,176.4
40.9,179.7
59.3,173.7
50.2,167.6
52.7,173.5
38.3,175.5
34,177.9
41.5,177.1
48.1,172.5
44.1,177.6
50.5,170.7
41.8,180.3
32.3,187.7
44,179.2
50.1,174.4
52.2,173.1
40.3,173.5
51.9,173.2
42.5,175.9
52.5,169.8
51.8,166.1
44.8,177.8
56,164.4
53.7,171.2
50.1,171.3
34.7,175
60.3,166
43.8,177.1
38.5,179.4
50.2,174.6
58.8,169.7
52,175.7
41.5,174.6
38.8,174.3
37.3,179.2
42.5,181.7
41.2,174.7
38.4,173.4
44.9,175.5
40.7,176.4
46.4,171.1
41.9,175.7
46.7,173
38.6,174
48.1,170.8
31.1,176.4
49.1,169.8
31.7,183.4
40.7,171.4
47.1,175.6
35.1,177.6
54.3,165.3
40.5,170.4
42,176.9
38.7,180.2
57.8,165.2
41.2,171.6
31,179.4
37.8,179.9
47.3,175.9
40.8,179.9
48,171.6
55.1,164.7
51,165.4
53.1,171.6
34.9,173.7
46,180.6
37,181.4
59.1,170.3
27.1,194.1
46.1,173.3
52.7,175.4
42.7,173.5
47.4,176.5
40.6,179.6
51.1,163.6
52.6,181.3
33,184.4
51.8,179.4
45.8,175
53.3,170.3
31.5,178.6
45.4,177.4
61.5,171.8
53.6,163.6
57.6,165.6
46.2,172
51.9,175.3
54.1,166
54.1,165.1
33.1,180.2
52,169
43.4,177.3
50.5,175.4
32.3,179.1
32.9,179.8
33.9,183.7
46.2,166.7
47.1,169.7
45.5,176.5
42.4,177.8
45,179.8
44.6,171.4
36.1,181.5
46.6,175.1
56.7,161.2
52.5,177.4
52.2,166.8
39.1,177.7
49.5,170.5
42.7,176.7
56.6,164.3
34.5,180.8
39.3,171.9
45.3,169.4
55.1,166.4
61,164.4
44.2,169.4
44.3,171.9
56.3,168.8
48.1,174.5
29.5,183.7
54.2,169.5
53.7,176.3
48.6,178.5
49.6,173.9
48.5,174.5
49.9,169.5
31,186.1
64.9,166.4
49.9,170.1
42.8,179.9
27.2,184.6
42.2,175.8
46.3,176
42.2,177.2
54.2,165.2
39.1,173
55.1,164.2
55.3,172.1
49.2,171.1
59.8,161
50.4,175.7
52.5,174.9
47.7,170.1
47.3,170.1
43,180.1
41,174.4
33.2,182.3
41,181.6
43.2,169.4
37.8,182.5
44.7,169.1
52.1,167.2
42.3,173
38.9,179.4
39.7,183
41,177.1
42.6,180.5
25.9,178.1
37.5,176.2
42.7,173
43.3,173.2
41.7,176.6
38,180.7
47.6,172.1
33.7,178.6
37.7,178.8
49.5,169.5
47.2,167
65.5,166.2
59.2,170.1
36.6,171.8
41.8,174.6
55.8,165.1
44.7,173.1
42.2,181.4
51.9,170.2
46.3,168.6
31.4,177.7
50.8,172.3
58,166
43.4,179.8
47.4,168
28.3,184.9
56.6,162.2
54.6,165.9
48.1,166.7
56.4,171.1
43.1,181.4
37.9,175.6
51.3,168.9
40.8,179
62.5,166.8
46.4,168.4
45.2,168.5
53.8,171
47.6,181.3
34.9,180
51.8,175.9
40.8,179.9
45.3,171.4
44.8,165.9
51.8,173.3
60,169.1
42,178
31.1,183.2
40.6,179.3
47.9,175.4
30.1,183.1
36.1,179.6
62.3,167.2
36,179.6
36.5,174.5
37.6,179
47.8,169
47.5,169.6
37.8,182.6
43.5,178.7
49.5,176.2
50.2,169.9
56.6,164.5
42.1,181.5
51.8,170.9
37.7,179.2
39.2,178.7
54.2,167.1
58.2,164.5
49.8,164.8
26.8,181.2
51.5,173.8
42.9,173.5
50.8,170.6
58.9,162.9
39.1,179.8
46.2,170.7
33.3,187.7
47.3,175.7
50.3,175.5
39.5,179.7
36,173.3
52,166.9
61.4,166.6
29,185.7
46.5,181.2
36.6,177.9
38.8,177.4
46,168.4
48.5,168
45.3,176.8
53.3,169.2
55.4,170.7
44.9,176.9
36.3,183.9
46.6,171.1
47.9,173.7
46.4,180.8
43.9,173
50.3,177.8
45.1,173.2
41.5,175.6
47.8,172.9
25.8,184.7
52.3,177.7
48.4,167.3
39.6,176.5
30.6,183.3
41.8,179.2
58.1,171.5
46.9,178.5
45.7,175.7
43.2,173.1
44.8,171.5
52.3,175.3
46.3,176.3
38.2,171.6
40.6,176.7
54.3,165.2
45.5,176.3
57,169
53.1,167.5
42.3,177.7
36,180
40.4,178.4
46.5,175.2
40.4,177.6
31.4,183.4
50.8,173.8
45.1,170.6
60.9,169.7
54.7,169.7
48.7,172.5
39.1,176.6
39.2,174
51.9,171
51.6,170
51,174.6
60.9,165.7
41.8,178.1
48.4,174.5
46.8,174.6
54.6,167.8
49.8,176.2
50.7,172.4
39.3,178.8
48.4,170.8
62.4,166.9
49.3,168.8
44.9,183
30.9,182.3
52.7,169.6
30.9,182.1
31.8,181.9
39.7,171.5
37.6,180.9
43.2,172.6
46.9,175
32.6,183.2
40.5,179.4
37.8,177.7
46,170
39.1,180.7
53.7,176.1
52.8,169
51.1,166.7
38.8,177.7
35,185.4
38.8,179.7
46.1,175.2
43.4,177.4
48.2,166.8
41.2,176.2
41.3,182.2
56.3,164.5
38.2,177.6
49,173.8
53.5,168.4
62.7,161.6
32.2,184.3
44.9,172.7
50.8,166.6
46.2,170.8
48.1,172.1
35.7,179.4
51.4,171.8
40.7,178.6
37.7,176.3
43.9,174.7
31.4,182.3
45.6,168.5
39.8,177.4
40.1,176
50.5,172.6
47.1,172.3
48.6,174.6
42.3,176.7
43.3,176.3
48,173.5
49.3,166.9
45.4,167.1
48,177.3
38.2,178.5
38.5,175.5
42.5,173.3
36.1,181.1
32.9,177.3
52.8,174.9
39.5,173.8
34.2,179
29.8,184.8
41,180.7
48.9,169.4
33.6,183.4
53,167.5
60.5,160.5
34,177.8
65.8,163.3
58.5,162.5
61.9,164.7
43,169.6
38.1,181.7
56,162.1
39.1,182.9
50,169.3
49.6,174.8
36.2,180.1
32.6,182.1
40,175.1
32.8,183.8
27.3,186.7
45.3,172.8
53.6,168.8
40.9,163
41,182
58.7,163
40.5,172.8
38.8,178.7
49.1,173.3
57,168.2
46,167.9
58.6,169.2
52.6,176.7
32.8,186.6
47.6,176.6
58.5,166.8
39.6,170.2
38.9,170.5
43.7,177.2
48.1,163.3
55.5,173.4
39.7,174.5
43.6,181.3
61.5,168.7
44.3,178.3
50.6,179.9
39.1,176.1
46.1,175.9
38,173.6
43.8,170.1
65.7,167.8
49.3,173.8
49.1,173.3
46,174.2
43.8,166.2
45.5,174.9
56.4,164.9
35.4,175.9
59.5,157.5
40.2,181.5
47.6,171.2
47.4,165.7
41.4,170.6
63.5,159.5
31.1,182.6
36.2,177
53,176.2
33.9,179
41.8,174.7
44.5,171.4
45.3,177
33.1,185.1
47.4,172
41,177.7
28,186.9
40.3,173.5
36.8,180.8
52,174.3
61.9,168
38.8,180.2
39.1,181.9
54.6,158.8
53.1,164.1
51.3,168.8
51.9,170.2
37.1,176.1
44.7,177
33.5,181.4
47.5,170.5
38.8,177.4
34.9,184.8
38.6,175.1
34.7,182.4
47.8,178.9
38.1,174.1
34.8,185
58.6,166
41.7,179.6
49.5,169.2
43.6,172.6
37.8,175.1
41.7,171.3
41.8,179.5
54,163.1
41.4,185.6
56.3,167.4
41.5,174.6
43.3,170.1
43.6,177.4
30.3,183.3
46.5,167
54.4,156.8
41.8,166.7
40,175.2
39.9,178.2
43.3,182.2
23.8,187.2
50.6,167.8
48.4,172.6
32.7,184.5
45.8,171.5
47,173.7
49.3,170.1
48.3,171.2
35.8,183.5
54.7,171.3
36.4,177.7
39.4,180.9
38.8,175.6
45.4,177.3
39.9,182.8
47.7,173.9
44.9,170.7
62.2,169.2
56.9,170.5
33.3,183.9
40.6,175.6
45.7,178.5
44.1,173.7
26.5,181.8
45.5,182.1
55.7,173.2
51.4,168.8
37.2,179.5
28.6,181.8
42.7,180.1
41.7,178.9
62.1,168.6
60,160.8
53.3,174.1
32,183.3
33.7,183.8
43.4,171.6
54.6,169.3
33.3,183.9
38.2,179.7
42.7,176.4
44.8,172.1
56.3,166.3
52,176.7
57.8,167.2
45,180.8
32.7,179.8
45.6,171.6
35.8,176.9
37.2,180.9
39.6,176.9
42.8,168.1
41.5,175
40.4,185.6
43.2,182.4
42.7,182.6
34.8,183.6
40.9,176.8
50.2,173.8
39.4,177.7
46.9,172.8
36.7,175
33.4,177.5
43.1,171
49.9,169.3
28,180.8
46.3,172
64.5,165.8
22.8,181
46.2,177.8
43.6,178
39.4,178.7
45.3,173.1
35.1,184.3
44.8,179.5
44.3,168.6
53.8,166.3
50.5,169.9
40.9,176.9
48.4,171.6
50.8,171.1
49.2,170.9
45.4,173.6
42.9,174.9
61,163.9
37.4,182.1
52.9,165.1
58.4,166.2
46.1,175.4
28.1,180.8
45.4,174.5
37.2,181.9
44.3,171.8
35.5,177
46,170
57.7,170
39.3,183
46.9,173.9
45.3,174.6
50.6,174.8
52.7,170.2
34.2,176.5
49.4,174.3
33.4,181.1
52.2,169.3
40.7,178.8
39.2,174.1
49.3,169.6
46.5,173.7
53.4,172.2
42.9,175.6
45.8,169.7
36,181.6
49.6,172.6
47.6,178.5
45.7,168.9
49.4,169.5
39.6,178.3
45.9,170.7
39.8,176
56.5,162.9
52.8,171.5
54.3,174.1
38.9,178.4
51.7,178
43.4,176.1
57.6,164.1
44.7,177.3
46,175.2
46.9,175.6
49.6,176.2
45.1,170.7
52.9,173.9
39.1,182.6
42,170.7
56.8,174.2
48.3,169.7
35.8,177.8
32.2,175.2
52.3,163.8
36.8,181.9
62.3,158.5
51.5,173.2
53.7,169.3
42.8,171.6
41.9,175.4
34.4,180
42.4,176.3
45.5,167.5
37.8,183.4
47.8,175.6
46.9,180
44,171.6
47.8,173.5
55.8,164.7
47.3,171.1
38.1,183.5
60.4,170.3
47.3,171.6
40.4,174.3
43.1,178.3
51.6,170.1
37.1,179.8
45.2,179.3
49.3,171.9
40.2,170
43.2,175.6
35.1,181.2
39.2,180
45.6,181.7
45.6,173.2
31.4,179
48.4,178.7
39.8,176.4
48.3,178.8
32.3,183.1
54.4,170.1
46.9,170.4
38.2,177.2
45,166
44.5,170.3
43.4,172
60.4,166.6
36.3,180.8
40.6,178.3
26.9,181.2
42.3,177.6
44.6,176.4
43.1,175.6
45.6,177.6
35.9,175.2
51.3,179.1
41.6,177.1
51.5,170.7
42.7,177.2
41.7,171.2
48.9,174.4
39.3,169.4
38.1,178.6
33.7,172.9
55.1,175.7
50.8,175.3
53.1,168.2
51.1,165.5
50.1,173
47.5,167.8
42.8,175
32.3,177.4
46.2,174.3
48.9,178
48.1,173.3
44.2,171.8
45.9,174.8
50,169.4
59.1,167
39,177.8
51.4,165.8
51.7,169.9
50.9,170.8
40.1,180.8
45.5,171
39.2,170.6
40.8,179.3
34.3,187.2
47.6,169.8
40.7,174.1
47.4,171.5
40.5,178.8
62,164
32.1,181
64.5,165.9
49.4,164.3
52,165.8
36.8,175
55.4,171.4
39.4,176.8
59.5,169.6
44.4,174.5
57.5,163.1
60.4,163.7
29.8,171
26.3,181.9
59.3,164.9
27.8,182.9
31.4,176.4
39.6,177.5
55.7,166
51.6,174.7
69.1,164.7
52.8,172.6
33.2,177
36.8,179.1
44.1,175.3
39,177
59.1,171.7
31,180.1
43.8,173.6
27.4,183
53.7,169.4
50.5,164.7
41,179
48.9,177.6
51.2,170.9
38.2,176.6
39.5,179
41.7,177.1
38.5,181.7
56.3,174
50.5,163.5
44.5,176.6
45.9,167.2
45.8,177.5
39.7,172.8
51.7,170.6
53.6,169.8
56.5,169
49.9,167.3
39.4,180
35.7,176.9
30.6,181.1
52.4,169
48.2,173.4
51.5,171.5
39.5,176.5
52,170.3
47,166.4
50.2,176.8
36.7,181.4
39.8,183.4
32.2,178.7
35.8,173.8
40.7,172.8
38,175.7
39.4,179.2
38.5,177.4
60.3,156.7
51.9,173.2
48.6,173.8
49.6,170.3
44.3,169
36.3,172.9
39.6,179.1
38.6,185.2
58.5,167.8
27.7,186.1
49.5,168.8
35.4,183.3
51.1,166.6
61.4,166.8
54.3,175
46.9,175.8
40.1,172.1
44.1,180.9
37.5,175.9
49.2,170.6
45,173.2
50.5,166.7
36.7,176.5
27.3,187.2
51.3,173.3
38.6,180.8
43.4,174
40.7,185.2
51.4,173.6
30.5,185.1
47.3,171.7
48.6,173.5
49.1,169.4
48.5,174.7
50.1,174.4
48,168.8
46.4,174
37.7,175.2
44.1,177.9
44.1,178.5
31,183.7
32.1,187
56,162.5
36.8,178.4
39.7,174.9
33.4,185.4
36.5,181
24.6,183.9
35.5,177
46.1,183
52.1,166.6
52.4,177.3
57.1,165.8
61.8,166.4
54.2,170.2
39.3,177.9
30.7,182
51.6,170.2
49.2,172.8
40.9,181.5
35.7,177.5
57.5,164.4
51,166.3
43.5,180
38,183.7
43,174
47.8,166.3
46.7,179.2
58.5,168.6
46.4,172.7
48.6,172.4
53.5,167.3
53.2,172.7
47.9,171.5
47.9,170
45.9,172.5
45.1,171.8
39.6,174.3
47.6,171.9
40,171.3
45.6,175.8
49,173.5
40.6,181.3
47.2,166.1
54.1,166.2
30.8,186
44.7,178.9
35.2,182.3
43.1,178.1
44.1,172.6
43.1,173.6
57.4,169.9
42.2,176.9
46.4,178.5
39.5,175.4
27.9,183.3
42.8,172.2
37.6,179.7
48,172.5
52.2,172.1
45.5,171.2
48,177.5
34,174.9
32.9,185.6
44.4,173.4
31.9,180.5
53.7,165.9
43.8,168.2
49.5,170.3
34.1,177.7
42.5,183.3
53.2,167.5
46.2,174
52.7,173.4
51.5,169.2
54.6,171.5
51.1,172.2
32.6,179.9
47.7,171.6
40,177.6
45.1,177.6
43.9,175.6
49.4,164
55.2,169.2
50.2,178.1
34.3,180.4
35.8,185.1
27.3,183.9
35.7,180.4
34.8,183.5
40.4,173
42.2,176.7
55.1,164.7
41.3,177.4
41.4,174.5
35.9,182.5
37.2,179.7
35.9,176.4
50.8,166.6
51.3,166.7
42.9,177.9
46.6,173.4
47.5,172.2
25.3,181.2
37,187.3
39.8,181.2
52.1,178.7
38.5,171.4
57.1,163.4
49.1,175.3
41.5,173.1
36.1,177.3
48.3,173.6
49.7,170.6
53.2,167.9
53.8,166.4
43.7,176.7
45.4,170.3
50.3,175.2
53.1,166.2
45.9,179.5
43.6,175
40.8,178.6
46.8,172.3
52.6,175.8
41.2,173.8
44.1,180.7
35.6,177.7
38.1,170.4
54.2,169
43.3,177.4
47.1,179.5
40.3,175.4
44.8,172.1
38.5,176.9
61.2,155
40.4,173.7
49.6,170.9
61.3,163.8
61.3,164
45.1,178.1
37,184.7
39.6,178.6
42.2,173.4
36.4,183.5
45.7,170
44.4,175.3
45.7,183.3
32.9,186.5
32.1,177.7
46,179.4
31.1,178.5
56,176.1
35.8,177.5
36.9,178
48.4,173
46.5,179.5
47.3,172.1
46.3,178.4
51.3,172.8
40.2,175.7
48.5,174.7
33.1,189.1
37.4,181.5
52.2,173.1
33.3,178.4
48.4,169
53.2,159.4
43.6,174.1
48.7,172.4
44.6,165.5
39.4,182.5
36.3,183.4
38,178.5
44.9,174.2
38.5,177.9
39.4,181.3
55.9,166.4
50.6,168.9
51.6,171.5
32.7,178.4
39.6,175.6
48.5,175
50,170.3
34.2,182.6
53.5,170.7
71.1,163.5
43.5,178.2
50.9,177
33.6,173.6
45.5,169.7
50.6,166.7
55.7,173.6
41.3,173.8
38.6,176.5
39,185.5
57.4,169.9
40.3,174.5
62.3,167.5
41.5,176.8
50,169.2
49.4,175.8
45.9,174.3
39.4,187.2
41.7,176.2
34.9,176.7
50.1,170.6
39.1,176.4
46.4,171.5
48.9,168.7
44.4,174.9
33.3,180.8
56.3,164.9
34.3,180.8
73.5,164.5
46.4,167.8
43.7,178.4
59.9,167.6
57.8,167.3
42.4,174.5
50.6,176.3
53.3,168.9
45.7,169.4
42.2,170.7
59.1,169.9
37.3,175.1
44,176.2
42.6,177
42.5,180.3
61.2,162.4
48.4,167.5
39.4,179.6
45.6,175.2
34.4,179.5
56.3,174.2
55.9,159.2
37.5,184.5
43.2,173.9
54.8,165.6
57.3,161
41.8,178.9
34.1,181.3
37.7,175
49.6,169.3
46.3,179.1
50.7,165.5
49.1,172.4
43.6,174.2
53.5,169.9
40.9,177.9
50.5,171.2
51.9,167.3
30.7,184.5
44.1,173.8
50,169.5
56.5,171.5
43.5,173.7
49.1,168.6
41.5,173
46,181.3
44.6,176.8
43.7,173.7
41.3,175.1
45.2,173.4
35.1,179.7
32.9,184.7
46.2,167.9
49.1,169.5
47.9,166.2
49.8,163.1
42.2,171.3
56.1,167.7
49.2,166.8
45.8,180.1
49.9,175.8
52.7,174.1
52,171.8
46.9,172.8
33.8,179.5
41.1,175.9
38.2,168.9
35.3,177.5
38.2,183.8
42.8,174.4
47.1,166.5
36.3,172.3
50.2,178.3
46.3,172.1
61.3,165.4
54.2,159.9
44,175.1
39.1,179.5
38,181.5
45.5,175.2
49.4,174.9
53.9,169.5
45.7,174.2
62.6,161.5
41.4,184.4
53,174.4
40.8,177.2
52.2,169
57.2,164.6
39.8,173.2
42.3,178.8
33.8,181.7
40,179.1
41.6,168.8
55.2,162.3
65.5,162.9
39.5,177.8
36.7,175.9
38.6,187.4
52.1,172.6
39,171.7
42.8,176.1
39.6,182.6
47.8,174.3
49.1,173.5
19.8,196.5
25.3,178.4
34.3,176.6
48.2,180.2
45.5,167.6
51.9,168
42.4,181.3
46.5,182.8
58.8,169.6
56.4,163.1
45.2,179.7
54.4,165.1
46.2,173.1
36.8,178.2
42.4,180.9
43.8,172.1
52.4,168.5
37.3,183.1
40.4,178.1
40.1,181.6
32.7,181.2
39.9,177.7
45.2,169.1
50.7,177.5
17.3,194.7
40.2,173
52.1,167.5
66.3,160
41.1,175.6
49.7,175.2
53.9,171.1
33.8,178.5
36.4,178
51.8,168.3
39.8,176.9
37.3,178.9
51.9,169
52.4,170.8
33.4,179.7
56.5,165.4
46.2,173.5
43.3,176.4
31.3,183.6
38,179.2
51.1,172.6
49.1,172.5
31.4,182.6
48.4,176.1
50.8,164.2
54.4,172.3
30.6,180.7
60.8,163.9
33.8,182.2
42.1,179.7
29.4,180.2
62.4,161.9
44,180.1
40.9,168.2
23,190
47.5,174.4
46.6,175.6
42.9,176.1
55.6,167.2
52,165.3
50.6,173.5
61.3,161.5
43.4,177.6
42.8,172.4
48.2,170.4
43.6,185
45.5,173.2
48.6,166.2
48.6,174.9
41.3,178.8
43.2,174.8
38.6,175.9
58.8,161.6
48.1,176.1
39,180
36.6,178.6
35.1,186.3
58.4,166.3
43.7,171.4
47.6,175.2
38.5,183.8
36.7,176.2
55.4,175
55.3,170.8
34.9,175.4
44.1,175.5
33.3,178.2
35.7,186.2
50.6,173.6
47.4,173.9
42,177.3
48.9,174.8
50.8,175.5
34.8,179.9
44.5,173.9
43.8,177.2
49.6,176.4
45.6,172.1
35.4,175.1
52.5,172
41.4,172
39.1,178.6
48.2,180
41,180.8
40.7,172.3
37.7,179
43.7,168.7
52.7,164.9
45.6,172
46.4,175.2
59.7,168.7
41.8,179.4
57.9,164.9
26.4,190.5
42.7,174.9
54.1,159
46.2,168.5
45.9,172.9
43.3,174.4
41.8,172.6
27.5,184.4
41.5,175.5
45.9,168.4
55.9,172.5
47,162.5
62,167.9
42.1,182.3
53,170
50.6,167.4
31.8,186.4
54.3,172.2
27.5,182.9
42.4,181.5
53.1,169.8
41.2,175
44.7,169.7
58,165.1
41.8,177.4
49.7,161.7
39.8,180.9
46.6,175.5
47.6,169.6
42.2,172.5
43.2,173.2
48.2,167.2
58.3,163.8
53.9,170.9
42.9,175.7
56.6,167.9
55.8,169.1
38.1,179.4
52.4,171.1
46.5,175.8
55.3,170
34.4,178.5
38,176.7
30.3,187
41.7,178.3
40.5,176.5
52.9,168.1
50.7,164.8
29.5,187.7
44.9,179.7
50.4,177.2
40.2,177.7
34.1,181.4
52.8,171.9
58.2,165.7
47.7,168.1
50.5,169.9
49.6,171.6
42.5,171.6
25.3,187.5
51.6,165.6
51.2,180.9
59.9,167.7
41,174.5
34.1,179.9
39.5,176
43.4,175
55.5,167.7
49.7,172.1
38.9,174.5
45.5,166.4
52.8,170.8
47.8,176.6
40.1,175.7
51.8,166.1
36.1,177.7
48.5,179.3
46.4,165.7
38.6,180
31.4,180.4
43.7,175.9
45.5,176.6
43,174.9
42,175.3
32.9,182.3
53.4,169.2
50.2,170
45,172.2
54.9,168.3
63.2,158.8
35.7,177.2
53.1,173.9
36.9,177.1
29.4,180
48.5,175.7
47.8,170
37.9,180.1
55.1,172
35.2,183.4
58.9,171.1
34.5,185.3
46.2,169.2
40.9,170.5
45.2,179.7
61.9,166.5
45.8,168.6
34.5,182.2
41.8,180.7
39.3,183.1
36.6,179.7
51.5,167.2
51.9,167.5
54.3,169.3
34.4,189.1
42,181.2
48.5,166
43.9,172.9
61.1,166.9
38.2,177.8
39.2,182.5
39.6,177.6
47.5,166.4
52.9,172.3
48.2,176.1
44.2,170.2
43.1,179.6
42.4,177.8
51.4,170.7
47,168.7
39.5,174.2
36,181.5
45.4,169.5
40,172.4
46.7,179.2
51,175.1
43.5,179.8
51,173.5
43.8,170.4
43.4,178.3
46.7,172.4
53.8,165.9
40.8,174.7
44.8,175.2
47.7,169.7
38.3,175.3
41,177.1
44.4,173.7
62.6,158.1
37.9,180.7
47.5,168.9
49.7,175.5
38.3,183.4
44.2,171.8
42.3,172.2
40,176.6
58.7,158.5
48.9,165.9
50,168.7
51.2,175
53.1,172.3
57.6,163.1
54.6,162.5
42.2,177.1
42,180.5
36.8,175.9
40.3,176
31.6,180.1
50.6,169.7
50.3,177.1
60.6,164.6
33.5,180.3
55.8,166.9
43.1,176.7
48.4,178
43.2,171.2
46.8,172
43,174.1
47.4,168.6
54.9,174.4
45.7,177.7
39.4,176.5
51.6,174.8
47.6,168.2
55.6,168.9
55,165
56,167.3
46,176.9
43.3,177.5
53.5,173.8
49.9,170.7
53.3,168.5
47.4,174
57.8,164.7
42.2,177.5
31.1,180.5
58.7,166.7
50.5,167
49,163.5
52.5,176.3
53.1,174.7
39.9,184.9
50.9,177.9
41.7,174.3
28.1,186.3
51,171.2
51.5,169.6
32.5,180.5
46.5,177.5
40.2,176.2
36.9,187.1
38,174.8
49.8,175.6
52.1,165.7
46.4,173.4
54.1,167.1
40.2,176.3
50.3,163.6
46.3,171.3
46.9,173.3
35.4,177.1
57.7,166.4
43.4,176.5
48.8,168
42.3,174.9
26.4,183.9
52,173.5
54.1,169.4
45.5,170.3
52.8,165.7
53.3,168
43.9,171.9
32.3,187.6
30.7,184.8
42.7,178.9
36.3,174.1
67.2,155.9
35.6,184.5
42.2,171.2
33.9,183.7
58.5,169.2
45.9,176.4
48.4,166.6
39.1,173.3
53.9,169.6
49.1,180.1
53.2,172.3
29.5,185.8
26.6,182.2
32.3,183.5
53.4,182.3
45.4,177.9
37.6,184.5
38.8,169
50.3,173.4
41.4,176.8
52.2,174.5
41.4,176
46.8,176.5
45.1,171.1
54.6,171.8
42.8,174.1
54.1,163.4
53,164.5
44.2,169.7
39.7,175.8
39.3,175
62.4,153.4
38.9,180.2
55.2,165
48.8,171.4
41.2,173.5
58.9,162.3
37.9,171
40.8,180.6
41.4,183.2
47.3,168.2
29.8,183.1
54.1,170.8
45.3,174.8
50.9,175
51.6,176.2
53.7,169.7
46.4,170.8
52.5,174
39.9,185.1
38.4,178.2
62,166.9
37.4,182.6
41.2,183
48.7,167.9
53.2,166.3
47.5,170.4
62.3,163.4
45.4,175.3
49.9,168.6
36.1,172
41.2,181.9
38.1,179.9
43.4,180.5
41.7,184.2
47.7,177.1
48,179.1
53,169.1
50.5,173
41.9,168.9
44.2,174.1
37.1,178.4
52.8,173
46.2,175
54,160.9
62.7,162.5
43.8,173.4
34.9,184.3
43.5,172.6
40.5,179.9
49.9,171.2
42.1,168.1
49.9,167.8
30.3,178.8
64.7,159.5
43.1,176.7
48.1,169.8
60.6,166.3
50.7,175.2
51.7,168.7
38.2,181.2
34.3,177.3
53.7,166.7
41.8,182.5
60.3,158.8
47.2,170.5
34.8,174.6
43.7,173.9
52.4,163.3
44.7,175.4
37.6,183.7
61.3,167
54,173.4
51.7,172.7
46.7,171.8
40.6,177
36.3,178.1
45.3,172.4
50.8,175.8
20.6,187.8
47.3,171.1
53.6,171.9
52,162.7
35.5,178.9
38.1,179.9
37.8,177.5
39.7,173
38.4,177.1
45.7,175.2
50.6,174.4
32.3,179.1
59.4,157.1
42.2,178.3
38.3,175.5
28.1,182.5
60.8,164.4
39.5,179.6
49.1,167.8
40.9,175.6
49.7,171.5
47.1,174.6
48.7,172.2
47.8,174.2
52.3,168.6
48.3,174
60.9,164.9
48.1,162.7
51.7,172.5
32.3,175.5
51.5,171.9
45.7,175
39,181.6
48.8,178.4
37.6,178.6
41.9,179.6
41.8,173
42.9,178.4
28.6,178.4
49.1,168.2
51.3,171.1
43.9,172.9
41.7,172.2
48.5,179.3
41.1,172.7
43.5,170.5
37.7,173.5
50.8,177.2
54.4,166.9
43.6,175.7
36.4,178.9
37.7,182.3
34.7,174.7
52.6,171.1
55.1,162.8
36.6,178.6
61.3,165.5
52.3,176.7
52.1,171.3
48.3,171.1
29.5,184.7
41.7,182.1
45.1,173
48.9,178.7
52.3,174.4
39.8,182.7
40.3,176.4
39.8,182.4
33.6,177.6
46.1,177.6
32,183.7
43.6,169
46.9,166.9
63.2,162.6
39.1,181.2
55.2,169.1
31.6,182.6
58.1,167.7
36.3,181.5
67.3,162.1
52.4,175.7
40.6,176.5
40,181.6
38.2,177.2
37.1,177.2
49.2,168.8
38.5,179.7
37.1,168.6
42.6,177.6
37.2,181.6
55.7,170.6
51.5,171.6
47.5,171.6
48,177.5
60,167.1
46,171.9
40.5,174.7
50.8,173.7
46.5,175.3
38.5,185
39.8,169.8
46.7,166.2
27.7,181.5
44.9,179.9
34.5,181.8
44.6,174.1
51.6,175.9
60,173.8
45.3,170.6
39.9,176.2
42.1,170.9
47,172.2
39.3,173.9
53.5,167
40.5,183.1
42.6,176.5
41.3,184
48.5,171.8
57.5,168.9
38,178.1
51.3,174.5
41.2,184.6
38.7,173.6
42.4,178.1
53.7,170
36.1,180.4
37.4,179.5
48.4,172.2
46,181
36.1,184.2
42.7,178.4
53.6,171.8
30.4,185.2
39.4,179.4
36.3,178.9
48.1,174.2
42.7,174.9
48.6,173.3
35.8,182
43.6,173.3
53.1,172.4
53.9,167
37,177.1
48.4,172.6
34.9,183.8
39.7,173.3
43.2,177.1
47.2,175.3
43.6,176
52.2,169
50.9,168.1
53.9,167.3
44.6,176.5
51.8,167.4
43.8,161.5
42.3,176.2
56.1,174.5
52.1,171.8
37.2,177.2
36.2,182.4
59,165.5
50.7,167.9
39.5,175.6
50.1,174.6
44.8,174.8
52.6,173.1
49.9,166.8
35,177.6
45.6,175.8
45.8,178.1
38.6,176.6
44.8,171.9
58.7,169
49.6,166.2
39.8,178.2
36.5,183.8
46,176.5
46,169.6
51.9,168.6
55.8,165.2
54,168.8
28.5,187.8
64.4,159.8
56.4,165.3
51.3,176.2
47.6,170.5
41.2,173.6
44.4,175.2
45.5,183.7
31.4,180.7
27.9,177.5
47.6,178.2
44.8,174.8
52.6,165.7
49.3,171
50.8,177.2
41.4,171
50.6,164.4
48.2,170.1
45.7,177.2
29.7,184.8
46.2,169.4
41.7,183.1
38.3,182.8
51.7,172.5
36.6,174.3
56.4,162.4
46.8,177.2
33.1,178.6
36.4,173.2
47.1,174.4
50.3,172
63.4,159.5
36.1,177.8
43.1,171.5
34.9,183.4
59.1,169
37.8,175.5
31.9,179
44.7,178.3
24.2,188.2
45.8,174.9
36.2,180.9
58.2,167.9
51.7,171.1
55,172.7
32,184.9
57.7,163.9
54.2,173.4
38.7,177.7
59.1,162.7
50.9,174.6
40.9,181.6
41.7,171.2
42,180
46.9,173.7
53.1,165.3
57,165.1
57.5,168
52.4,169.6
46.9,166.4
38.5,177.1
37.7,178.3
49.8,172.2
36.3,180.9
44.3,171.9
37.6,174.2
53.9,169.3
47.7,172.8
51.1,165.4
61.3,176.4
35,186
47.7,168.8
46.3,167.9
60,163.8
46.4,176
40,176.8
46.3,174.8
43.3,180.7
54.5,171.6
43.1,178.5
61.5,165.1
41.5,172.1
42.5,180.8
53.5,168.9
48.3,173.5
49.2,171.8
34.4,176.4
38.5,179.3
52.2,164.8
60.9,160
52.7,167.7
42.5,170.1
36.8,184.5
31.3,193.8
39.1,178
62.9,164.5
50.4,171.4
54.3,171.1
45.2,177
44.4,181.5
37.5,181.2
52.5,172
33.4,182.3
47.8,172.2
34.4,182.4
58.8,170.5
47.3,178.4
42.8,168.2
39.4,175
38.6,170.9
37.7,188.2
47.7,169.8
41.5,177.7
28.3,181.1
43.7,171.6
47.5,169.8
50.4,165.7
58.6,165.5
45.3,170.3
40.3,176
38.1,175
45.2,170.2
51.1,174
45.8,169.7
46.5,170.6
48.6,175.7
43.3,175.6
39.4,176.3
47.9,177.5
34.9,176.4
34.5,175.6
44.1,182.2
52.7,174.4
34.9,178.7
47.1,172.5
46.3,177.4
57.9,166.1
37.9,186.4
43.2,181
51.5,174.5
54.2,166.6
45.8,168.1
48.6,165.9
35.5,181.3
41.6,179.9
49.7,168.2
49.2,172.8
57.5,160.4
39.3,180.3
41.9,174.1
51.3,176.5
50.4,167.1
48.6,172.1
39.2,179.6
32.1,175.1
50.7,175.2
37.8,180.7
35.9,175.3
54.7,166.3
50.4,166.4
37.7,176.5
40.9,182.5
41.1,176
50.1,168.8
37.1,183
49.5,175
53.3,176.7
41.8,171.4
42.5,176.7
51.4,173.7
39.5,172.9
51.9,168.3
58.6,162.5
47.9,174.2
47.5,176
43.2,180.3
44.4,170.8
46.9,174.5
41.9,171.9
50.1,169.8
39.7,178.2
47,172
40.7,175.4
41.9,184.4
45,175.7
44.6,173.1
45.8,174.8
42.8,173
48.8,172.4
39.3,171
43.8,173.9
51.2,172.3
46.5,171.7
36.9,178.4
54.7,169.8
32.4,184.2
47.5,170.9
39,178.5
43.8,182.8
31.5,182.2
44.4,176.6
50,169.7
39.6,170.1
39,169.6
33.3,182.9
42.8,176.4
46.1,175.8
46.5,176.1
41.6,177.8
39.5,183.8
31.5,177
55.6,164.2
44.9,174.4
36.2,175.2
43.3,174.2
54.3,164.7
25.9,193.2
48.4,172
42.3,178.6
44.6,176.4
44,177.5
60.6,164.2
37.1,179.5
49.6,171.1
36.7,187.9
38.1,179.8
40.6,179.2
53.6,168
45,171.3
35.3,175.6
22.9,190.5
52.8,174.2
39.4,172.1
45.1,170.6
36,177.3
43.5,174.4
44.7,177.4
44.7,172.3
42.6,176.4
57.9,177.8
37.5,178.3
30.6,181
43.4,178.3
60.8,170.1
40,178.4
47.8,166.4
40.6,176.1
50.4,175.5
46.2,179
38.5,182.2
48.2,177.5
52.5,175.1
56.9,167.6
35.9,180.6
22.1,192.2
29.9,188.3
40.4,173.8
36.3,177.9
55,171.9
38.3,179.5
48.3,168.5
49.2,173.6
57,165.7
39.4,181.6
57.1,160.4
54,172.7
47.9,171.3
62.5,161.4
50.4,171.2
41.3,177.7
39.4,184.1
46.6,173.2
40.3,180.5
38.7,183.7
57.9,157.5
43.9,177
45.5,178.7
38.7,174
43.6,176
58.3,166.8
57,164
43.7,171.8
36.9,181.5
42.8,177.2
47.6,164.1
62.2,161.1
46.4,171.6
49.8,175.6
29.4,177.7
49.7,170
33.2,173.3
42,176
39.7,173.7
42.3,177.2
22.6,189.4
39.3,182.9
32.5,181.8
41.4,179.2
43.9,170.6
46.8,175.7
49.8,172.8
27.6,188.3
37.5,175.4
45.8,174.6
54.4,160.7
58,162.5
56.8,166.3
43.6,174.2
45.6,169.7
46.6,176.1
54.6,171.8
53.1,165.9
53.7,164.1
55,169.7
35.3,185.4
43.1,172.4
48.9,168.5
59,161.2
33.5,183.4
45.7,176.2
43.7,182.7
35.3,181.9
40.4,177.8
34.5,180.7
48.1,168.4
43.1,174.3
44.2,175.3
53.1,165.8
43.1,180
50,169.4
42.2,176.9
56.1,173
42.2,173.2
47.4,171.1
28.7,186.3
36,176.6
44.8,170.9
37.5,169
43,182.8
47.2,160.5
46.1,182
49.3,173.9
46.3,174
47.5,168.1
34.8,174.4
53.5,172
41,178.2
33.3,186.3
57.3,168.7
47.7,175.8
37.1,180.9
40.9,175.4
40,173.3
28.8,188.4
56.2,171.1
43.1,173.1
38.5,179.5
55.9,173
54.9,167.7
46,175.4
49.2,170.8
46.6,175.1
45.1,171.8
46.8,169.4
49.4,168
45.8,169.9
28.3,183.9
50.6,158.6
46.6,176
34.4,187.8
48.3,176.7
38.2,177.9
52,172
53,170.9
48.3,173.9
54.5,161.8
44.4,180.3
39.1,179.5
55.6,172.3
51.9,174.5
37.3,174.5
48.1,175.5
37.1,174.7
37.4,181.1
35.1,181
56.7,166.4
37.5,179
33,184.8
47.8,176.4
63,161.1
41.6,172.3
30.8,181.8
43.2,168.7
52.6,173.7
40.4,178.6
59.1,166.4
46.6,177.2
49.6,172.7
32.4,181.7
64.9,167.2
36.2,185.9
28.9,185.4
35,179.6
49.3,173.9
44.8,178.4
46.3,176.1
61.5,159.2
55.2,156.6
37.2,180
30.1,185.5
51.8,165.2
47.7,173.4
46.9,180.1
49.1,170.4
38.6,175.9
43.1,178.1
44.5,169.5
34.3,178.3
41.6,180.1
33.3,179.4
49.5,161.7
44.4,177.4
40.7,180.6
50.1,174.3
43.8,172.3
40.2,173.3
36.2,185.6
50,172
45.8,180.3
42.7,176.8
41.9,171.8
54.1,161.8
49.4,167.4
51.7,170
47.6,176.4
56.6,167.6
44,175.1
25.2,179.9
47.6,171
47.4,174.2
37.7,180.6
36.7,180.6
56.4,171.4
53.2,164.5
37.2,173.2
56.6,163.6
45.9,170.1
38.9,174.1
43.3,184.7
42.5,178.4
55.9,168
48,170.3
57.3,167.8
56.2,173.7
56.4,170.4
44.4,173.5
30.1,188.2
48.6,172.4
49.8,176.1
39.3,177.6
52,174.1
43.1,180
42.9,167.9
53.1,169.1
39.4,188
38.5,177.1
35.7,181.4
33.1,189.9
51.5,171.2
51.8,169.8
50.9,167
44.8,171.5
32.3,179.1
50.6,170.4
44,173.4
45.5,180.8
50.3,169.1
33.8,181.3
52.3,166.1
35.1,177.7
52.5,181.1
45.3,180.1
57.8,166.2
28.1,182.6
45.2,169
51.4,169.5
42.7,174.8
44.2,182.6
38.1,169.7
55,173.3
55.7,167.9
36.9,178.6
45.1,176.5
53,176.5
44.9,176
37.2,180
47.7,172.3
54,166.7
34.7,188.9
54,167.4
59.4,168.6
49.9,169.5
44.4,174.8
37.3,182
42.9,176.4
43.1,180.2
50.4,166.6
44.5,171.1
39,183.2
51.8,177.7
57.6,173
35.5,173.9
44.3,174.6
50.4,170.2
38.5,179.1
47.5,170.9
41.5,176.8
57.8,157.2
61.1,161.9
53.1,166.5
51.6,173
44,175.2
42.2,171.6
41.6,170.5
38.9,181.3
37.7,172.7
57.5,170.5
61.5,157.7
40.6,184.2
44.7,175
49.6,174.7
49.1,175
53.8,169.1
39.3,180.1
47.9,174.2
51.6,164.7
39.7,173.1
34.5,177.2
46.3,170.2
42.5,171.6
46.9,174.2
58.7,167.3
38.9,174.2
44.2,175.9
45.7,176.2
48.2,176.1
66.6,153.7
44.9,175.7
55.3,169.8
44.6,178.1
41.1,172.3
54.8,163.3
44.5,180.4
53.2,169.2
44.2,173.8
39.4,177.2
39.6,176.5
54.1,167
43.6,172.2
47.7,171.1
38.8,182
40.5,179.8
53.4,172.4
44.9,170.9
53,169.3
35.9,179.6
53.3,169.6
42.2,170.9
43.8,172
41.2,177.2
46,172.4
43.6,180.3
56.5,169
32.3,174.5
41.1,179.8
27.9,188.1
45.7,173.7
47.9,174.7
49.9,163.3
33.7,182
43.8,181.9
57.3,169.3
32.9,180.3
48.2,170.9
36.8,176.4
39.9,183.2
55.5,167.8
45.3,180.1
50.4,170.7
31.3,180.2
53,169.5
55.6,173.9
45,179.1
40.7,168.5
45.5,171.8
38.5,173.4
66.1,162.2
32.2,181.3
38.8,178.5
38.3,176.4
67.2,164.6
55.7,168.1
46.3,174.7
52.4,166.3
43.1,175.2
40.1,177.5
43.1,178.5
46.2,172.6
55.6,172.8
33.5,185.1
46.8,174.8
40.6,183.5
30.1,176.1
45.6,169.9
45.6,174.7
43.7,176
54,169.2
46.2,170.9
49.4,171.2
55.1,175.1
45.8,175.1
38.8,176.3
44,172.5
39.6,171.8
40.5,175.5
33.9,180.1
42.8,175.5
41.6,175.5
47.2,175.1
48.3,177
50.3,172.9
41.5,169.8
24.2,189.2
37.7,178.8
36.7,182.5
40.2,180.1
55.3,171.7
38.5,177.4
41,172.2
43.3,176.6
51.3,176
39.7,178
50.8,178.1
34.5,173
52.9,165.7
37.9,175.3
29.2,182.3
35.8,181.7
43.9,171.7
52.5,166.1
33.4,177.2
52.7,169.8
45.2,167.4
41.2,174.1
37.4,175.1
41.6,179
35.6,177.4
45,177
45.6,173.8
38.5,175.2
47.7,169.9
40.5,171.6
45.4,177.6
45,174.8
47.7,170.8
48.3,178
31.1,180.8
51.9,169.2
39.8,175.3
33.1,176
40.6,173.6
58.6,166.1
48.8,175.9
40.9,179.2
59.1,166.3
57.6,170.2
48.3,174.3
37.3,176.7
43.9,172.6
55,171
53.6,172.1
43.5,171.1
49.9,166.6
38.5,173.3
36.7,171.4
46.8,170.8
39.3,182.9
42.2,175.2
53.4,174.8
44.5,168
39.6,176.8
34.1,184.3
49.8,177.3
37.1,178.4
46.9,181.8
42.4,171.7
38.8,182.4
43.2,179.1
49,175
33.1,179
36.4,175.6
52.8,169.4
42,171.3
48.2,178.2
40.7,172.4
48.9,178.6
47.6,170.1
46.1,169.7
31.6,188.1
40.5,179.3
46.1,167.6
61.1,164.8
40.4,174
29.2,178.9
55.5,177.9
61,164.7
37.7,175.4
42.6,173.6
37.7,175
40.8,181.4
57.8,162.6
56.1,163.8
39.9,182.4
52.1,170.1
47.7,172.3
45.5,176.5
47.8,174.8
51,172.8
43.3,175.2
46.6,177.3
49.3,171.1
39.6,178.7
45.8,172.9
27.1,180.1
51.8,173.9
43.4,180.7
46.1,175.1
46.2,173.6
55.8,177.2
38.2,181.4
44.2,172.4
42.5,178.8
58.8,160.5
52.6,171.3
50.2,167.8
51.7,168.2
49.6,166.8
45.4,175.1
50,170.3
39.1,175.7
36.4,176
56,167.9
45.4,176.6
41.6,178
33.1,179.3
47.9,174.5
48.9,171.1
39.5,179.9
56.8,162.1
45,175.4
49.3,173.5
43.5,178.8
49.9,171
41.3,179.7
36.7,174.5
38.5,179.3
54.7,174.8
25.7,190.5
40.9,179.7
47.4,173.8
34,172.5
24.4,192.7
43.6,174
29.6,175.7
47.9,173.1
43,170.2
53.3,166.2
27.8,179.5
47.8,178.1
44.1,168.8
53.5,173.4
42.5,179.6
38.9,176.3
37.3,177.2
42.9,173.1
42.9,172.8
48.4,174.1
51.5,173.5
46.5,168.5
43.9,170.7
35.3,190.5
32.5,182.2
36.6,176.6
53.3,172.4
46.3,175.9
57.4,167.7
60.3,167.1
30.5,183.4
42.1,172.8
41.9,183.8
41.3,177
47.1,171.4
45.7,167
54.1,175.4
50.2,174.1
37.7,182.4
32,181.3
50.5,171.9
57.7,165.7
64.3,170.1
62.4,164.3
44,179.5
31.4,183.3
36.6,177.6
46.6,171.4
50.9,169.8
28.7,191.5
37.1,176.3
56.3,165.7
45.9,175
51.4,175
33.2,172.2
59,163.7
33.2,185.5
37.9,180.7
41.7,178
41.4,181
38.4,165.9
26,179.9
54.3,172.9
62,165.7
46.5,173.7
26.3,186.1
47.1,172.3
47.7,176.8
30,182.3
50.1,170.2
50.4,173.9
49.7,170.5
41.2,181.8
53.3,168.7
49.3,168.8
44,169.4
52,172.7
47.9,175.9
48.6,172.4
39.5,177
45,171.8
49.5,170.5
47.4,172
47.3,167.5
36.6,179.1
50.6,162.5
49.2,167.4
68.9,159.9
51.8,171.4
38.9,176.6
36.3,177.2
59.4,166.5
52.3,169.8
48.5,177
34.1,183.1
42.3,175.4
49.5,172
42.8,170.4
38.2,179.6
45,167.7
55.1,171.4
41.7,179.5
50.1,167.6
42.5,179.7
38,178.6
52.1,163.8
48.2,162.2
47.2,176.5
42.5,180.5
49.4,171.6
52.3,170.9
34,184.8
39,177
36.4,177.8
42.2,173.5
50.3,165.4
44.4,173.8
61.5,158.4
41.6,174.9
35.4,172.7
35.9,179.5
43.8,174.5
38.1,171.5
46.1,168.7
33.9,184.3
58.8,167.6
53.5,167.2
49.7,167.1
49.4,174.5
43.1,176.9
46.6,178.3
46.6,174.6
42.4,173.2
40.5,183.4
48,176.2
34.1,183.4
60.8,164.6
56.5,170
43.7,174.2
36.8,179.9
49.5,174
38.7,179.5
49.7,180.2
47.5,179.9
41.3,180.3
36.1,179
40.8,185.3
48.2,174.4
50.3,171.2
44.3,178
46.3,171
47.1,182.5
45,170.3
50,170.8
43.1,175.5
61.7,163.3
45.8,170.6
51.3,174.3
60.4,163
53.6,172.1
44.8,174.8
51.8,170.4
37.5,182.4
34.6,187.5
54.4,165
45.1,177.7
44.8,182.4
46.1,177.8
49.1,173.1
40.1,171.9
31.2,183.2
47.8,178.5
46.7,171.9
47,178
36.6,178.8
47,169.4
41.1,173
59.8,169.7
34.4,171.5
47.4,173.5
32.8,183.1
37.1,177.1
48.3,175.7
28.8,179.8
39.5,178.5
30.5,183.4
51.3,169.1
43.7,179.9
36.3,183.5
49.3,162.3
41.6,178.5
36.9,179.2
46.4,170.4
52.1,170.1
40.6,178
42.8,183.6
45.5,178.6
45.4,171.8
54.4,165.8
42,176.8
37.5,180.8
44.1,176.5
41,178.3
38.9,175.7
58.8,166
37,174
44.2,179.9
47,171.2
40.4,176
48.6,173.8
39.9,177.2
57.4,159.6
37.7,179.9
50.7,171.4
41,173
46.2,171.6
55.8,165.7
32.1,186.8
37.5,182.3
41.7,181.6
34.5,181.8
55.1,164.1
48.9,171
55.6,168.2
49.3,175.4
36.8,175.4
34.7,182
55.5,169
44.6,168
41.4,178.1
41,181.8
46.8,173.9
44.9,175.2
40.3,175.8
37.8,173.6
42.6,178.4
44.8,179.1
49.4,173.7
46.6,175.1
31.1,188.4
36.9,176.7
33.6,180.5
41.8,173.7
38.4,180.9
42.9,172.5
52.4,173.8
41.3,174.9
27.2,187.6
36.8,181.5
38,177.8
47.4,173.6
58,170.4
48.4,168.9
47.4,172.2
47.5,171.4
42.5,182.5
37.8,174.1
40.3,177.6
42.8,181.3
48.9,174.8
45.7,169.2
48.4,170
38,178.8
51.8,170.5
23.8,191
35.6,173.1
31.4,182
46.3,174.5
45,177.4
47.1,171.8
59.5,164.2
56.7,175.3
45.1,174.1
39,177.2
48.1,175.5
35.4,176
58.7,171.7
32.3,178.3
53.9,164.6
50.9,175.9
39.1,181
54.2,167.8
41.7,177.5
47.9,177.8
51.4,169.6
41.3,174.3
35.2,179.1
37.1,181.6
50.6,168.1
39,178.2
46.3,171.8
44.6,164.8
41.2,176.5
40.9,177.6
41.4,178.2
37.9,175.5
46.7,165.1
46.7,176
47.3,174
52.2,173.9
42.8,169.6
49.9,167.5
59.6,164.4
59.2,171.5
55.1,164.3
31.1,180.4
28.7,179.5
54.5,169.5
49.3,174
39.4,175.6
47.4,173.9
47,175
45.2,172
36.9,178.7
43.6,175.7
33.2,179.6
42.3,174.1
40,180.6
38.6,179
57.4,163.7
46.8,178.7
44.8,177.7
42.1,172.9
50.5,166.1
35,179.1
45.2,176.9
63.9,157.3
49.6,182.7
52.2,163.9
48.4,165.4
43.1,180.7
35.4,185.1
43,173.2
32.7,176.5
38.8,182.5
50.7,170
46.2,168.2
40.6,179.9
55.5,174.3
45.1,178.1
57.1,174.4
46.9,177.6
50.5,167.9
45.5,175.7
44.2,177.9
40.3,176.1
42.6,174.7
40.9,179.3
43.3,170.8
37.1,179.3
43.4,173
46,173.9
40.3,175.3
44.5,179
48.4,172
33.6,176.7
54.1,169
46,173.5
58.9,162.7
47.8,175
51.7,174
53.3,169.4
42,171.2
44.3,175.4
57.1,165.5
41.5,175.1
46.1,174.7
31.7,188.3
42.4,176.3
45.5,166.5
34.1,172.3
51.2,175.8
39.3,178.4
61.3,160.6
40.6,172.4
38.1,173.6
31.2,178.7
41.4,180.2
32,182.6
51.2,171.9
48.2,168.7
50.6,170.9
59.2,161.9
49.2,169.5
40.1,179.4
38.7,172.5
33.5,183.1
35.2,179
57.8,163.3
46.4,167.2
52.1,166
47.2,172.7
46.8,167.9
33.7,179.6
39.5,174.1
53.2,170.9
32.5,177.4
59.3,165.1
40.5,179.2
54.7,168.9
59.7,168
38.9,172.8
53.3,167.1
44.3,172.6
58.3,164.8
44,174.4
35.3,183.1
47.1,172.5
33.4,184.3
51.8,169
53.4,170.1
34.4,190.3
37.1,177.1
60.7,162.5
44.6,171.4
55.5,164.7
48.9,174.7
43.8,176.5
68.8,158.5
54.5,173.9
32.1,186.6
61.9,164.5
43.2,176.6
44.2,173
44.2,167.5
46.5,172.6
59.9,169.1
44.9,180.1
37.6,171.9
31.2,175.8
49.7,174.5
30.2,180.4
35.4,174.5
56.4,172
35.4,182.4
29.7,180.5
48.3,173.3
45,171.7
54.3,169.6
47.5,171.9
37.8,177.9
46.7,170.6
47.8,174.6
41.5,181.2
50.7,174.5
36.4,179.1
42.6,172.2
48.1,169.4
43.2,173.6
41.7,174.6
42.1,174.2
41.5,185.3
46.3,172.9
43.6,179.4
41.8,186
53,172.6
56.1,172.4
39.1,181.4
37.4,180.9
47.4,171.6
51.1,177
46.9,167.9
54.7,167.4
58.2,167
36.7,183.4
51,169.2
53.4,169.8
42.3,176.1
45.6,179.8
48.5,172.8
42.3,182.1
34.2,178.9
44.3,175.3
46.9,173.8
45.3,175.9
39.9,175.6
40.1,178.1
46.8,175.9
46.7,176.6
37.8,179.2
61.8,158.1
48.1,179.9
35.4,182.3
40.8,177.2
49.1,166.8
54.4,169.9
49.5,172.3
41.1,173.8
44.6,173.7
48.4,174.4
38.8,174.1
40.9,177.7
43.2,177.7
41.2,179.4
42.6,179
34.8,178.7
45.2,169.4
58.1,174.3
56.4,168.1
52.6,170.9
43.9,179.4
42.7,176.3
59.8,172
33.7,186.5
36.3,178.3
48.9,175.8
36.9,178.1
36.3,186.4
25.8,190.9
46.7,179
30.8,188.8
52.4,168.6
63.3,157.3
53.9,171.9
36.8,178.2
42.6,174
49.4,175.6
44.5,178.3
52.9,171.1
44.5,173.4
60.3,164.4
39.8,177.3
50.5,169.6
48.7,162.6
50.6,174.5
45.9,178.6
57,168.6
41.8,172.8
47.7,173.3
67.3,159.5
36.1,185.3
41,171.4
43.1,180.5
42.4,178.2
29.9,182.7
43,171.6
28.4,185.7
45.5,172.5
31.8,184.3
33.8,184.6
40.4,177.4
51,170.7
56.7,171
54.2,166.6
36.2,180.8
34.3,181.9
32.1,182.6
41.3,178.3
43.6,182.6
50.1,170.9
55.2,156.6
31,179.8
42.2,179.4
36.8,171.8
44.7,174.3
46.2,178
39.5,174.5
45,171.1
26.1,187.6
39.1,178
47.3,166.9
48.3,175.4
46.6,174.9
46,172
39,174
57.6,166.4
26,175.2
54.1,170.6
58.5,164.2
45.7,176.1
32.6,175.6
40.5,177.5
42.5,178.9
43.3,175.7
39.5,183.5
46.2,169.5
35.8,179.3
51.4,171.9
45,173
51.2,175.4
58.1,172.1
45,172.5
48.6,166.9
37.6,171
52.5,167.4
35.5,178.5
48.3,173.4
34.3,185.7
35.7,173.5
51,172.6
43.5,171.8
58.3,163.8
40.4,173.4
55.7,171.6
38.2,183.9
46.4,179.4
40.3,171.7
31.8,175.3
32.7,178.8
45.5,186
52.8,163.3
56.8,167.9
43.9,177.6
44,169.8
35.5,186.2
45.3,182.5
39.2,180.7
42.9,175.5
37.5,173.3
49.3,177.3
53.6,165.5
51,171.3
43.8,176.1
42.2,175.3
38.4,179.2
30,184.2
48.4,170.2
50.6,169.3
42,170.5
30.3,175.6
53.9,165.3
47,161.1
30.5,182.7
48.1,169.6
35.1,176.9
46.3,170.8
45.6,179.2
55.3,176.3
56.1,166.7
42.9,173.1
32.8,183.4
47.4,176.4
49.3,177.2
44.9,172.3
56.6,173
44.4,174.7
33.8,182.8
39.9,169.4
35.1,175.2
40.9,169.5
36.5,180.1
43,176.9
40.4,178.7
39.4,179
43.6,170.6
26.1,185.8
62,167.5
59.5,169.4
49.9,169.9
36,176.2
48.5,175.8
56.4,166.1
44.9,180.7
40.5,180.8
42,177.5
51.2,169.2
43.6,179.9
44.4,174.9
41.6,174.8
32.8,174.8
31.5,176.4
48.4,171.8
48.9,171.7
52.6,173
50.5,171
45.6,175.4
52.1,172.1
41.4,178.1
51.3,176.5
49.6,168.7
48,166
28,180.2
53.8,172.9
51.4,170.8
59.1,165.9
43,176.2
47.8,177.7
32.5,179.2
44.4,180.3
44.5,178.1
48.3,174.7
49.5,172.5
45.3,172
56.8,172.1
51.7,161.6
46.3,174.9
52.6,168.6
49.1,170.2
47.8,169
50.6,168.7
59.1,164.2
43.6,177.5
52.3,173.9
32.8,184.3
41.6,186.2
43.7,173.4
36.8,184.3
32.6,181.9
48,169.5
29.1,182.8
35.3,183.8
60.5,160.3
37.9,176.7
43.2,181.9
42.4,175.6
46.6,174
40.8,182.7
23,192.1
47.1,171.4
49.1,174.2
37.3,177.5
45.1,169.3
48.1,166.6
55.3,169
44.7,178.4
42.6,178
36.9,182
63.1,162.2
55.4,166
48.8,168.1
30.7,178.4
43.9,173.1
51.7,165
47.1,169
37.6,177.9
41.5,174.8
49.7,176.4
54.1,176.1
36.9,176.6
52.7,167
40,175.3
44,173.4
41.1,179.8
39.9,175.7
45.4,178.3
42.6,173.3
29.8,187
49.8,169.7
57.7,170.6
40.7,169.9
43.6,179.6
45.3,168.3
52.7,170.2
53.6,170
55.7,163.1
45.5,166.3
36.8,175.4
37.3,180
32.5,175.9
51.4,169.6
30.4,181.6
47.5,173.7
32.7,176.2
47.9,167.2
29.9,179.2
37.9,171.3
57.8,168.3
46.1,170.6
38.4,173.5
49.1,177.6
46.5,179.5
49.3,173.8
45.3,177.7
32.8,183.2
40.1,172.9
35.1,181.8
28.8,175.1
37.9,180.7
51.2,177.3
40,173
47.7,170.7
36.2,179.9
62.3,171.4
51.6,171.8
39.1,184
40.4,183.8
61.7,167.7
41.3,169.8
32.3,179.9
47.7,182.3
56.1,167.2
61.6,157.3
47.8,169.2
40.5,184.9
38.3,171.6
41,187.5
41.7,183
52.1,163.7
33.8,181
39.1,172.9
52.7,163.3
43,178.6
45.3,177.6
48.8,168.6
40.4,188.3
39.2,175.7
24.7,183.3
45.5,176.2
33.2,179.9
58.7,172
43.8,181.3
60.3,168
53.6,173.1
41.7,173.3
54.6,171.6
37.7,178.6
44.3,177.3
42.2,176.9
40.6,180
56.1,167.5
62.4,169.5
60.1,171
44.2,180.7
31.1,185.3
39,172.9
45.1,174.6
61.9,170
31.9,180.1
38.8,178.2
45,173.3
40.3,172
50.4,172.7
37.7,181.1
45.7,177.3
43.8,181.6
40.8,174.7
41.6,177.2
57.8,164.4
65.7,162.6
44.4,174.5
36.5,173.8
55.5,166.2
38.8,178.5
43.3,178.1
42.9,175.9
63.1,164.7
29,187.2
47.7,166.9
61.5,160.7
40.9,163.3
46.9,176.9
42.1,179.6
42.8,175.7
42.7,176.3
42.1,171.4
53.5,167.5
53.5,172.8
41.5,178.2
47.4,174.7
44,178.1
28.9,182.4
44.9,179.3
43.4,173.2
53.2,170.9
40.8,173.7
55.6,164.8
52.1,172.7
42.4,174.9
51.2,179.2
32.2,182.1
41,177.8
45.7,175.9
19.4,186.5
52.1,171.8
36.3,175.3
40.7,177.7
38.2,174.1
57.8,169.5
53.3,166.9
54.8,163.9
32.5,188
40.7,177.3
40.7,173.2
71.4,161.3
46.2,170.9
41,182.2
58.4,158.9
48.6,171.8
39.3,177
37.4,182
48.1,167.1
48.7,174.8
40,185.2
50.2,176.7
45.5,175.2
34.6,181
47.5,178
39.6,180.3
50,172.2
37.9,173.8
45.9,168.7
52.9,175.8
41.1,173.3
61.7,165.5
45.3,172.5
55.2,169.5
38,178.9
50.3,174.1
34.5,182.5
48.8,171.8
60.3,168.3
46.8,171.6
40,181.6
55.9,168.4
54.5,172.8
53.6,173.3
37.1,169
41.5,177.3
49.4,170.8
46.1,166.3
51.2,171.6
50.8,171.2
47.5,166.4
48.7,163.6
51.2,161.7
39,177.8
40.3,189.1
50.4,176.8
60.2,166.6
50.6,170.3
43.6,172
47,174.8
34.1,175.1
63.5,169
45.2,179.2
38.2,180
58.7,169.7
47,174.7
43.2,183.1
48.4,171.2
31.2,180.1
56.2,167.6
45.3,180.4
50.6,161.7
42.8,176.4
40,182
33.6,182.5
52.8,173.9
34.1,176.2
46.9,174
42.3,169.1
44.1,182.5
47,178.2
26.3,190
38.4,176
43.1,175.2
42.1,179.8
43.1,171.9
53,165.9
42.6,178.6
54.9,169.8
37.8,177.8
46.6,177.8
48,172
31.4,178.1
47.7,164.7
52.2,166.6
50.3,176.2
41.5,171.7
38.4,179
43.2,174.3
30.7,181.6
54.5,172.1
51.7,170.7
40.5,179.9
44.9,175.2
39.3,175.9
48.3,170.7
29.3,180.2
39.3,176.2
35.8,182.9
36.6,179.9
55.4,176.6
50.3,170.5
21.5,186.3
36.7,181.8
46.2,174
46.4,172.4
43.1,176.7
49.2,169.8
40.4,180.1
49.3,168.5
34.8,174
44.3,175.7
51.1,171.4
53,163.6
39.2,181.9
43.4,175.7
50.9,174.6
57,170.5
56.8,168.6
40,175.8
33.2,179.5
51.4,168.8
52.1,172.6
49.7,167.5
49.4,169.1
42.9,179.3
41.4,178.8
58.1,167.9
57.5,164
45.9,173.8
43.7,178.5
44.7,170.4
28.2,188.7
34.6,184.3
37.7,182.8
47.7,164.5
60,167.4
58.5,168
44.1,177.5
45.1,173.2
30.6,186.1
44.8,181.6
52.4,172.6
29.7,175.8
36.5,183.4
38.1,180.3
36.7,177
43.5,173.1
51.6,174.3
59.4,164.3
40.4,182.1
37.3,187.1
34,180.9
40.7,176.3
49.1,173.3
48.1,174.4
37.1,179.2
28,189.3
42.8,171.9
41.5,177.2
41.9,174.8
41.9,178.6
49.8,163.4
39.1,172.7
45.4,174.2
43.4,178.1
54.1,168.4
50.6,171.7
55.8,176.9
35.6,174
38.2,189.2
33.8,183
48.7,176.3
44.6,179.2
52.1,172.2
42.4,172.4
46.2,175.3
35.7,184.8
46.6,169
37.8,183.8
51.6,178.2
53.8,170.1
41.9,178.1
40.2,180.8
47.3,169.9
44.6,171.9
43.5,178.9
50.9,173.3
53.8,170.1
50.1,168.6
46.5,172.4
28,179.8
45,173.5
35,181.8
46.4,170.4
47.4,178.6
44.8,173.1
46.1,174.8
47.6,169.6
46.9,173.8
42.9,177.9
31.8,183
58.5,169.1
29.8,174.1
30.4,178
40.3,178.8
50,171.1
52.2,170.8
32.5,179.9
42.9,178.1
41.2,175.3
46.7,167.7
57.8,160
41.9,170
52.1,173.9
49.2,165.5
50.2,169.9
35,178.1
48.8,169.2
46.5,173.1
37.9,180.2
50.4,169.8
46.2,173.1
38.4,182.6
47.3,167.8
48.2,168
48.3,170.1
30.4,183.1
40.5,170.6
46.3,179.8
48.9,173.1
46,173.1
48.5,171.2
35.1,181.9
47.8,170.2
25.4,185.1
56,176.2
43.5,173.7
44.1,174.5
39.1,172.7
55.5,171.4
47.7,174.3
46.7,173.9
45.3,176.4
44.9,174.1
47.7,171.4
36.6,179.8
47.3,172.4
39.1,170.4
43.3,172.5
48.1,171.6
43.2,177.4
46.2,180.1
42.8,170
45,169.1
52.5,170.8
40.4,178
37.3,181.5
47.2,176.5
45.2,170.8
46.2,170.7
63.9,160.2
35.6,180.8
34.5,177.7
26.3,180.9
28.9,194
38.1,171.2
50.4,173.6
51.4,169.8
36.4,179
42,168.1
57.9,165.8
42,180.4
53.5,167.4
47.7,172.4
30.4,180.1
46.6,176.1
47.3,174.7
38.2,177.3
41.8,173.8
48.8,165.7
42,169.3
49.2,173.8
50,171.3
36.6,179
32.6,189
42.5,179.2
44.5,174.1
50.6,174
57.2,165.6
29.5,185.8
40.6,176.6
42.1,183.3
55.7,168
36.9,179.8
34.6,184.5
50.1,170.7
65.5,161.5
37,178.4
55.2,168
56.2,171
42.2,181.9
52.5,165.2
47,178
52.8,172.8
43.7,175.5
39.6,173.7
41.7,176.3
41.3,178
47.3,167.2
44.5,172
57.9,163.9
34.7,188.2
52.3,170.3
54.3,160.4
37.7,171.5
41.9,175.1
47.9,178.3
53.8,166
49.2,176.9
48,174.8
41,174.4
42.7,177
56,170.1
50,169.1
47.5,177.9
40.2,175.7
45.5,181.9
28.9,177.9
38.7,173.2
36.3,185.9
62.2,163.5
28.8,179.8
51.5,165.4
47.3,168.5
31.9,175.9
44,172.8
39.4,179
34.9,178.2
38.8,175.2
55.2,167.1
52.9,172.8
51,169.2
44.2,176.6
29.9,176.5
38.4,182.7
44.3,175.8
45.1,173.2
34.1,181.2
45.1,181.9
45.9,168.9
42.2,174.5
54.4,168.4
45.4,173.9
65.4,157.1
54.1,169.6
30.9,185.7
47.3,169.6
37,181.2
51.2,171.6
48.7,172.7
46.7,169.9
41.1,180
40.1,176.7
42.8,170.1
35.8,178.7
44.5,174
50.8,177.7
41.5,179.8
51.5,171.4
55.3,168.5
50,170.3
56.8,165.5
64.5,161.6
52.5,168.3
51.7,171.2
46.5,172.2
37.6,174.4
46.9,181.1
44,171
49,169.1
50.1,168.9
40.9,179
48.7,167.2
54.4,166.7
39,181
46.5,170.6
49.2,167.6
32.7,181.2
52.4,173.1
43.1,178.1
55.2,170.3
30.1,174.1
44.9,172
41.7,179.1
52.4,178.5
54.2,170.5
50.2,170.2
41,182.2
48.9,170.6
36.4,180
62.4,169
35.3,176
47.1,175.3
37.4,188.4
45,177.8
50.8,169.2
37.7,175
51.2,174.8
41.4,179
52.1,159.9
36.3,184.5
49.2,173.9
34,179.3
33.5,181.7
46.2,178.2
50.8,166.5
43.3,170.1
26.2,185.7
53.2,171.8
40.6,178.3
46.6,174.6
42.2,174.2
46,168.9
44.8,176
50.6,171.4
40.8,179.8
50.7,175.2
41.5,174.7
38,180.9
40.4,170.1
48.7,164.3
39.8,182.4
48.9,169.9
38.7,176.2
35.9,176.9
48.5,170.8
38.9,180
52.3,172.7
39.1,175.8
48,178.5
51.8,172.7
39.1,175.2
46.1,162.3
33.8,184.2
49.6,167.1
42.5,175.9
47.3,179.1
56.9,166.2
39.9,178.8
36.6,177.2
52.5,172.7
57.6,165.2
53.8,166.8
47.6,176.1
49.9,174
45.6,175.4
41.4,172.1
57.7,169.9
46.1,174.9
39.7,175.1
40.5,176.4
43.3,171.4
42.4,176.8
47,173.3
42,176.7
46.6,169.5
51.3,169.2
39.8,179.3
53.8,175.6
40.3,176.3
47.9,167
48,172.6
43.7,170.2
39.8,185
51.7,160.3
36.4,181
45.4,179.4
32.9,177.2
37.9,182.8
61.2,161
52.5,170.7
43.6,170.7
25.8,184.2
49,170
51.3,174.1
41.2,175.9
47.6,173.6
50.9,168.6
48.8,169.9
47.6,162.4
33.5,177.8
36.9,175.3
41,175.2
43.9,176.9
56.3,176.3
48.7,175.5
48,171.6
50.5,173.5
39.6,172.5
44,174
56.7,162.8
49.7,169
48.1,168.9
51.1,177.8
41.9,180.3
49.8,173.1
55.1,160.7
36.8,182.6
38.2,180.6
47,177.7
44.8,169.6
48.4,173.5
45.6,172.8
53.2,170
55.7,164.5
57.2,164.6
46.6,173.8
53.2,179.4
52.9,165.2
49.1,178.3
47.7,175.6
47.5,172.6
43.6,178.7
42.1,177.4
36,178.8
48.4,174
45.7,177.5
54.5,174.8
41.7,174.9
54.1,169.5
40,175.3
38.1,180.2
56.9,166.5
58.8,163
48,175.6
42.1,176.6
42.3,180.1
25.7,193.4
44.5,171.7
43.5,169.8
48.9,167.3
46,172.5
33.4,182.6
45.3,175.6
57.5,159.9
42.9,177.5
45.9,173.2
34.2,181.2
54.4,164.5
49.9,170.1
48.6,175.1
51.8,170.1
37.1,178.4
53.2,169.2
29.5,187
46,168.7
45.6,173.6
30.3,182.4
50.1,161.9
46.1,184.3
31.6,181
52.6,167.6
51.7,163.9
52.7,175.6
59.7,166.1
53.4,169.7
40.6,178.5
40.1,179.5
46.4,170.4
37.1,178
57.3,166.4
64.5,155.7
22.4,187
43.2,176.3
45.6,172.3
40.6,169
52.5,174.9
38.7,166.4
27,192
56.6,169.3
65.5,163.1
42.7,180.5
58.7,166.9
56.5,165.8
41.2,175.7
47.9,169.7
55.4,163.7
49.1,176.8
35.7,177.4
46.1,175
41.9,167.4
44,175.3
56.7,177.2
43.7,180.2
49.8,175.6
60.9,164.8
39.4,178.7
52.9,168.5
38.1,170.3
43.3,173.5
34.9,180
46,170.7
42.2,171.3
46.9,178
42.3,176.8
29.2,189.8
34.2,185.3
48,172.3
63.7,167.2
54.5,165.9
47,167
29.1,186.1
50,172.1
52,169.9
32.3,181.8
35.8,182.2
30.8,178.2
53.1,169.6
46.8,170.7
44,175.9
33.5,182.2
41.1,180.1
49.1,169.7
41.4,182.7
32.9,179.5
58.2,165.7
40.7,174
50.8,181.2
44,176.2
55.1,169.5
46.6,171.5
60,167.2
44.4,171.3
54,165.8
48.8,171.5
53.7,171.8
51.1,167.1
47.1,179.4
52.6,164.1
33.1,179
43.1,178.3
42.5,176.7
51.5,172.2
50.7,169.2
43.7,177.3
39.3,180.7
48.3,171.4
50.1,165.3
63,167.8
44.6,166.3
57.8,167
55,168.7
40.6,171.1
45.4,167.2
27.9,184.4
38,181.9
52.1,173
43.7,172.9
34.2,186.8
65.4,161
33.7,175.8
63.8,168.7
43,175
51.5,166
34.8,179.4
54.7,166.9
41.8,176.4
39.9,178.2
48.3,164.8
47.7,170.8
61.7,163.2
36.6,176.4
23.4,183
57.4,172
44.9,177
51.2,172.2
31.1,187.4
47.4,182.3
43.8,178.9
48.3,173.5
50.8,168.9
42.9,173.3
39.3,174.2
45.4,180.1
31.7,173.7
40.6,173.7
47.8,176.2
48.3,171.6
41.1,180.2
34.6,175.7
48.9,170.2
44.4,172.1
61.8,165.7
42.3,180.3
46.6,175.5
36.5,180.9
46.3,181.6
50.9,178.8
53.1,166.2
49.2,167.6
40.2,172.4
39.6,176.6
49.4,168.9
42.1,174.2
43.8,174.9
30.4,181.3
42.4,173.8
43.2,177.7
32.5,188
58,168.3
52.2,168.9
56.4,163.8
48.2,175.5
47.8,175.3
48.6,179.1
34.4,180.1
42.2,180.8
46.4,180.1
48.7,168.8
32,183.7
44,168.6
29.2,181.8
37,175.8
41.3,176.6
28.3,182.4
32,187.8
52.8,171.1
54.9,165.7
39.7,173.9
37.9,179.9
34.6,175.5
44,165.2
36.1,179.9
31.3,184.1
45.4,177.2
43.4,176.9
44.4,174
33.5,180
45.6,171.1
41.4,176.2
43.9,182.7
47.1,179.6
45.2,176
44.5,172.1
30.2,175.5
47.1,176.9
46.4,169.6
45.4,182.6
33.9,177.7
40.6,178.6
43.5,177.3
57.2,159.5
50.7,167.1
39.8,175
52.2,175
36.5,179.1
52.6,166.7
50.7,176.2
54.6,169.8
37.4,176.7
41.8,171
42.5,179.8
52.3,172.2
53.9,175.4
40,176.5
46.2,173.6
40.1,176.1
38.4,183
48.6,166.5
44.5,167.5
34.1,180.1
50.2,175.6
59.6,163
44,169.6
38.9,176.1
29.6,188
64.9,160.8
26,185.9
47.7,173.4
51.9,168.6
40.3,171.2
39.3,184
44.2,176.7
42.6,177.9
40.5,186.1
55.8,168.7
60.2,163
46.2,172.2
49.5,177.7
39.5,176.3
38.7,177.3
45.7,178.4
61.1,166.5
37.5,166.5
37.6,179.4
41.3,180
46.7,173.6
45.1,170.5
38.8,175.1
59.1,162.8
50.7,175.1
55.1,173.8
50.2,174.4
52.1,168.3
46.9,171.2
52.1,169.8
42.4,172.5
55.9,168
48.9,174.7
39.6,173.7
30.4,181.6
53.9,167.9
52.5,172.9
43.1,176.5
28.2,183.2
48.6,170.1
46.9,176.4
35.1,178.1
35.2,178.9
31,185.8
52.1,175.1
43,172.1
41.2,178.7
43.3,176.8
49.3,173.4
45.6,178.3
43,171
47.9,172.5
50,172.7
47.1,179.6
48,171.2
46.4,175.4
52.1,169.9
37.3,180.3
38.7,190
33.3,191.7
35.8,179
52.9,165.9
57.4,165
44.2,171.2
47.2,173.9
43.5,181.8
33.2,180.9
48.2,171.2
46.4,174.2
43.5,177.5
47.4,170
34.4,182
50.4,168.9
46.3,175
52.2,174.3
45.3,170.9
53.8,166.6
50.2,170.6
30.2,175.7
57.6,167.8
40.4,175.2
46.3,178.1
49.2,173.2
50.2,170.8
43.2,180.2
47.5,176.2
61.6,163.3
49.1,171.7
21.4,192.6
36,172.4
56.3,166.4
47.1,169.1
41.1,168.5
51.2,160.3
35,182.4
48.2,171.2
33.7,181.9
40.8,177.8
44.9,170.4
51.2,169.7
50.6,173.4
43.2,177.6
39.1,173.6
46.9,175.2
44.2,180.4
41.3,169.2
58.4,166.9
56.3,165.4
36.4,180.5
45.3,177.8
46.5,167.1
43.9,167.4
39.3,172.1
31,175
50.5,174.4
36.4,179.6
46.8,178
45.8,174.4
40.3,177.7
35.6,184.3
56.5,166.5
45.9,170
56.3,163.3
47,180.3
46.2,176.3
38.7,176.9
43.5,166.7
43.7,177.2
47.5,174.9
38.8,177.5
47.9,167.5
69.8,154.3
47,182.3
48.1,171.1
47.2,172.1
63.4,165.2
48.7,165.9
45.2,181.1
51.2,168.6
45,173.2
44.7,175.7
39.3,175
34.9,179.6
42.6,178.3
44.1,166.6
37.5,176.7
47.4,171
37.9,176.8
50,174.3
39.6,184.9
40.7,170
42.8,177.3
54.1,167.2
48.8,174.1
51.3,168.1
40.3,176.5
51.5,171.9
46,167.1
32.3,182
44.5,173.5
39.8,180.9
49.8,173.1
53.2,160.7
51.1,175
45.1,179.2
46,180.8
53.7,162.3
56,174.6
35.6,176.9
37.5,175
35.8,180.5
37.2,177.8
34.7,182.6
44.5,181.8
55.9,172.2
64,165.2
43,177.2
41.1,177.4
46.9,173.4
59.6,172
55,171.6
56.6,167.4
45.5,172.7
36,174.3
44.4,179.1
53.7,165
38.6,178.8
52.2,166.3
31.1,182
41.6,179.6
51.3,174.3
53.9,162.9
35.5,181
49,164.8
52.1,168.9
39.8,178.7
39.7,173.3
48.2,171.3
56.8,172
52.4,168.1
34.2,185.3
39.7,177.1
39.6,183.7
35.4,182.1
52.3,173.5
53.8,166.2
50.2,172.2
54.8,167.8
51.3,170
49.3,175.8
36.1,179.3
47.4,173.2
52.2,174.2
44.9,177.2
48.3,168
41.6,179.8
53.8,167.3
56.7,163.4
40.4,182.1
49.9,177.1
36.3,175.3
44.3,172.8
43.1,180.6
36.7,174.9
43.8,178
46.7,178.4
51.6,170
56.6,167.9
51.8,172.7
45.6,169.3
38.7,179.3
44.2,171.4
40.6,169
43.1,170.9
38,178.8
44.2,171.4
41.3,178
36.8,190.5
52.9,168.3
40.5,170.1
51.1,174.4
45.2,177.2
35.2,182.4
36.2,182.8
48.2,167.3
35.6,186.1
36.3,182.4
38.9,175.9
45.3,167
39.4,179.2
29.7,177.4
47.4,176.5
56.4,168.8
47.9,172.8
52.8,165.1
66.4,165.8
45.7,172.4
42.1,175.2
39.7,183.3
40.3,175.1
40.8,185.3
39.6,170.1
49.9,175.2
44.7,180.9
42.6,170.3
39.9,180.4
45.3,181.1
32.1,178.2
42,174.7
46.7,172.4
45.1,169
39.7,177.9
38.7,180
32.2,178.7
45.2,174.5
50.6,164.6
54.4,168.1
37.2,183.7
46.3,174.6
46.5,175.7
28.3,183.2
31.7,178.4
39.9,178.1
33.3,180.3
51.4,171
43,176.4
44.4,170.1
43.8,172.1
45.3,180.1
46.5,178.3
37.3,179.5
44.1,171.4
40.9,173.5
51,169.3
51,178.3
46.4,176.9
47.8,175.1
42.6,173.7
55.9,172.5
53,172
50.3,169.3
42.2,177.7
45.5,175.3
38.6,176.4
44.2,172.4
33.6,175
54,173.1
43.1,180.1
63.6,163.6
30.7,184.6
36.3,178.7
47,174
47.6,167.4
52.1,166.8
48.4,172.4
40.7,179.7
56.8,173.6
72,159.5
48.4,170.6
35.6,180.5
53.7,172
50.4,175.2
36.9,175.2
39.2,176.8
23.2,181
40.5,170.9
48,174.3
38.2,177.6
44.3,169.9
56.2,163.6
44.3,172.9
51.7,178
44.9,177.2
47.2,170.1
55.3,163.8
35,173.9
51.8,167.3
29.4,176.8
59.1,163
56.7,161.6
55.4,161.1
49.1,171.9
42.1,175.7
37.6,172.3
38.5,179.8
36.1,178.6
40.5,175.6
34.4,174.3
53.1,167
46.3,181.1
40.7,180.4
50.6,171.6
51.9,170.1
37.6,177.3
47.3,163.5
32.8,179.6
51.1,169.5
47.7,171.5
52.9,171.3
52.5,178.6
46.5,176.9
32.4,184.3
31.7,182.6
33,183.1
50.9,170.4
47.8,168.5
53.4,169
56.5,170.2
46.6,171
56.6,173.2
42.6,177.7
55.1,167.5
33.9,183.3
55.8,168.2
57,166.9
33.5,181.4
43.9,177
46.6,173.7
31,174.7
28.3,180.1
53.6,169.7
47.5,170.6
48.1,173.2
41.9,172.8
40,176.4
39.5,185.2
50.4,170.6
52.3,167.8
39.3,176.9
39.8,169.1
54.9,167.9
57.1,163.2
48.8,175.1
38.5,174
43.6,172.6
51.5,165.4
49.1,175.2
52.4,172.4
44.1,175.6
41.6,175.4
41.2,176.5
46.3,170.6
47.1,176.1
41.9,173.9
52.1,167.3
40.6,178.2
49.9,175.9
33.7,178.7
43.5,176.1
24.7,187.1
50.9,173.4
50.2,173
35.2,186
32.8,177.6
39.5,176.7
64.5,158.9
36.1,182.4
41.9,170.2
49.5,176.8
48.9,172.9
59.1,165.9
36.5,180.3
58.9,169.5
46.4,176.7
43,172.8
55.2,171.1
41.2,168.9
42.8,173.2
28.8,186.2
47.6,170.6
44.7,174.8
49.5,173.1
58.7,172.8
56.2,173
37.8,175.7
56.8,170
41.2,180.5
46,168.3
45.8,170.6
57,173.9
38.9,170.9
44.5,167
42,173.7
47.8,174.3
53.3,169.8
45.7,169
50.1,172.5
40.7,179.1
44.1,170.8
38.7,187.3
52,168.9
48,176.7
42.4,180.1
34.1,177.3
56.2,170.2
50.5,176
40.5,177.1
51,170.7
37.3,186.9
54,166.5
47.4,168.9
41.4,173.3
62.8,161.4
37,175.3
56.6,171.6
44.9,178.5
47.2,170.6
41.3,179.2
57.5,167.9
54,166.3
54.2,175.7
48,171.7
41.7,180.5
43.5,171.7
52.4,175.5
53.7,164
49.3,178.3
47.8,171
33.7,177.7
50.7,173.5
48.6,169.5
51.4,174.7
53.4,171
47.3,174.4
38.7,176.9
41.1,177.3
45.4,173
35.3,176.7
55.3,170.1
37.8,179.9
44,173.7
44.9,173.4
44.8,178.6
35.1,178.4
33.6,175.2
42.6,176.7
49.1,175.4
37.1,179.3
42.9,167.8
39.8,177.6
47.9,167.4
35.4,174.2
37.7,179.7
41.7,178
42.9,177.3
43.8,179.1
49.7,171.9
45,180.5
47.2,169.2
38.4,176.6
37.4,179.6
61.2,155.4
42.2,175.9
45.1,174.2
39.5,181.1
51.8,163.4
38.8,179.1
48.8,171.6
61.2,168.8
45.3,166
35,179.3
50.8,164.1
52.2,178.5
43.4,177.6
51,167.4
33.7,175.4
41.2,176.6
39.7,179.2
39.7,165.2
47.6,174.6
42.8,178.1
30,180.2
49.1,174.3
50,167.4
51.5,170
39.2,174.6
44.4,168.4
51,168.9
63.3,170.5
36.3,174.2
50.9,177.6
43,174.5
58.4,171.5
37,179.3
51.7,164.7
34.7,181.7
49.5,169.2
34.7,181.3
38.5,172.8
40,174.3
42.1,175.9
34.6,182.1
33.4,182.1
45.1,175.7
48.8,171.8
27.3,193.5
32.4,180
52.4,162.9
54.8,172.9
40.9,174
42.2,177.7
34.1,181.3
43.3,177.5
50.1,169
45.3,175.5
47,166.9
36.9,184
34.1,180.2
35.7,177.9
49.3,170.2
40.6,168.8
37.2,175.2
32.5,180.1
44.8,177.9
55.8,168.6
42.7,177.3
45.9,170.4
34.9,178.8
50.7,171.2
34,178.9
50.1,166.9
55.2,169.5
52.3,176
33.9,174.9
49.3,177.2
39.7,179.6
62.4,165.8
42.3,171.5
47,170.5
48.5,174.4
54.9,173
47.9,174.1
32.6,185.6
32.5,185.5
38.3,188.1
25,180.4
37.9,171.6
53.9,173.6
46.8,168.8
41.7,170.9
31.5,186.7
52.9,171.1
52.6,174.5
35.4,183
31.9,183
54.3,163.3
58,167.7
39.1,175.2
47.3,175.9
48.2,178.9
52.7,169.4
40.6,175
46.9,174
46.2,173.2
50.7,181.1
51.7,168
41.6,183.4
51.3,169.4
51.1,168.9
33.7,180.4
41.4,176.5
52.6,166.7
51.8,163.2
43.2,178.7
29.2,185
57.7,169.5
38.2,176.6
47.2,170.8
34.9,186.3
39.6,175.2
36.9,179.4
48.9,174
50.9,171.3
40.4,181
54.3,170.5
43.1,179.6
47,171.1
57.2,168.8
41.2,181
44.4,170.9
47.1,179
25.8,179.8
56.7,170.3
24.7,181.2
42.4,176.2
58.4,169.6
41,174.7
45.8,178.3
47.5,172.7
54.9,171.6
40.3,169.6
35.4,177.1
25.9,190.8
41.1,182.6
44.2,172.2
35.7,181.7
44.6,173.4
44.6,177
38.1,177.5
27.4,191.3
54.1,160.6
51.6,176.7
54.2,163.1
54.4,164.5
43.6,174.4
41.7,180.1
43.8,171.4
53.6,175
45.9,174.2
40.9,172.1
33,179.2
37.3,178.1
37.7,183.3
48.4,169.8
34.4,178.5
42.9,178.5
38.7,180.5
53.2,166
43.4,180.3
40.4,181.7
37.2,172.9
37.1,177.8
35.6,174.8
48.8,166.1
51.7,177.4
48,175.8
43.2,171.5
51.8,174.7
56.2,160
45.6,175.5
36.1,175.6
48.3,177.6
39.7,172.3
38.6,181.3
47.2,174
54.7,167.5
48,170.2
46.2,173
44.4,171.7
31.7,179.9
46.7,165.9
54.6,171.7
22.8,181.7
46.2,175.4
44.9,174.1
55.9,164.4
44,177.1
40.3,175.6
59.1,161
24.3,185.2
45.1,173.4
38.7,181.3
27.3,189.3
41.8,172.5
45.8,176.4
50.7,169.4
70.3,163
47,176.2
44,179.4
40.7,180.6
44.5,173.5
57.9,173.5
50.3,178
43.6,171.8
51.6,168.7
35.7,172.6
50.6,172.3
37.1,177.9
53.2,169.5
38,177.6
43.5,168
51.6,174
49.6,168
48.2,171.8
57,165.2
46.9,178
45.4,175.5
46.4,174.4
47.7,174.1
39.1,177
37.9,174.3
42,177.1
43.2,183.4
39.3,175.4
52.6,168.9
54.3,164.8
43.9,175.9
42.2,171.9
45.3,180.2
26.9,176.4
39.6,174.3
41.2,177.8
47.7,176.1
54.6,173.5
40.7,171.7
45.7,170.4
47.1,159.8
38.1,171
34.6,177.2
47.9,173
44.9,168.8
45.8,167.4
49.2,178.2
46.6,166.5
32.4,183.6
36.8,174.7
43.7,169.6
33.5,184.5
40.7,169.8
48,170.9
39.1,170.4
49,175
49.2,174.5
41.3,182.3
47.7,174.1
31.6,183.1
51.7,168.5
43,175.6
31.5,182.1
40.1,177
47.9,177
51.2,176.4
42.3,177.1
45,179.9
41,178.4
36.4,181
61.1,163
40.5,177.2
49.6,172.2
40.7,172.3
58.6,163.5
48,169.1
62.4,163.5
36.2,179.2
39.7,178.1
36.8,182.6
41.5,172.7
57.2,169.6
51.6,171
38.7,177.9
35.8,178.8
47.6,178.8
31.9,178.4
52.9,163
32.1,177.4
44.6,170.7
39.9,179.3
42.1,177.3
51.6,172.8
42.7,184.9
49.7,175.2
43.7,174.2
52.5,166.1
51.8,166.4
48.5,177.6
52.8,173.7
47.5,176.7
35.3,185
45.1,170.9
46.7,178.9
37,179.7
52.3,169
47.2,172.7
33.6,185.9
37,178.4
49.3,170.1
29.4,184.2
46.2,177.6
40.8,178.8
54.8,175.2
40.7,178.9
44,169.1
45.1,175.8
38,181.9
42.6,175.9
32.8,186.8
43.4,167.8
56.4,168.9
31.3,180.9
37.5,183.3
46.7,171.3
49.5,167.9
51.1,169.5
34.6,180.3
37.7,175.4
35.6,181.3
39.3,182
43.8,176.6
45.7,180.8
40,170.4
59.4,165.9
42.9,174
42.5,171.1
51.8,169.4
38.9,171.4
47.3,171.5
54.1,176.6
38.7,176.9
49.7,171.6
45.6,173.9
48.5,179.2
45.2,172.9
50.4,170.7
29.3,190.7
40.9,177.6
36,179.7
47,167.8
38.4,177.4
37.7,179.6
37.7,171.2
45.6,181.3
48.4,172.7
51.1,168.9
49,172.9
59.4,166.3
51.9,172.3
46.1,182.1
36.4,170.3
34.2,179.5
56.8,173.4
41,172.7
45.8,175.3
53.1,166.1
41.4,184.8
41.7,173.1
44.1,177.7
35.9,179.3
55.1,166.7
37.5,179.3
36,169.1
56.7,169.8
53.8,167
50.6,168
45,176.1
52.6,176.8
44.4,176
26.7,183.8
49.7,167
58.1,162.4
49.8,170.9
49.9,177.2
50.2,171.9
63.2,165.5
44.4,182.2
39.4,182.3
51.2,171.3
53.1,169.2
44,174
47.1,175.9
34.4,188.2
51.1,168.3
52.2,177.3
49.9,170.9
41.7,176.9
45,167.9
29.7,189.8
61.7,170.1
63.1,166.1
46,177.5
51.4,173.5
28,179.1
27.2,182.5
50.2,174.8
44.9,171.3
33.8,182.7
42,182
45.2,176.6
45.6,175.1
45.6,176.6
52.8,168.5
42,170.9
38.7,176
34.9,184.9
44.9,175.8
44.1,174.3
50.7,167.7
58.2,161.7
48.5,175.2
54.8,166.3
50,173.6
42.8,176.8
26.9,183.2
48.8,172.3
52.6,169.6
48,172.2
42.1,181.5
50.9,175.3
46.2,173
42,167
43.4,176.8
35.8,183.2
48.8,171
42.4,182.1
43.7,176.5
52.1,174.3
47.1,168.5
32.3,190.3
58.9,167.3
61.5,170.6
37,181.2
40.5,174.4
45.3,174.7
39,174.2
53.5,171.9
25.9,178.6
55.9,170.8
62.5,168.2
59.8,170.8
45.3,178.9
38.2,179.3
39.8,174.2
29.8,183.9
35.2,173.3
37.5,178.8
46.3,168.7
48.8,168.4
52.7,172.5
61,166.4
53.4,173.4
51.3,172.1
51.7,172.6
54.7,172.8
56,170
44.5,170
31.8,178
28,184.7
39.6,180.1
34,182.8
41.3,180.2
39.1,173.4
35.9,173
41.1,178
55.9,167.5
45.1,177.6
48.7,172.5
31.5,178.6
45.4,173
38.4,176
46.6,174.9
37.7,177.4
24.3,188.4
46.6,173
41.1,169.4
44.2,170.6
33.9,181
46.6,171.4
47.9,164.1
41.2,178
51.5,170.4
43.5,171.1
37.1,166.2
38.7,180.7
39.1,178.1
65.7,153.2
35.9,176
50.6,165.1
55.1,167.9
33.8,172.7
46.5,170.7
52.3,168.1
47.4,168.6
49.5,172.1
60.5,167.3
28.6,188.7
47,174
27.7,180.2
48.9,171.7
35.8,171.7
44.9,177
42.3,180
52.8,176
41.4,173.2
32.4,183
41.1,186.2
41,179.1
30.9,182.8
46.6,174.2
66.6,165.7
45.3,180.2
41.5,176.4
47.9,171.8
37.5,182.7
57.1,165.5
51.1,165.3
43.1,171
41.1,174.2
43.3,176.6
39.3,167.3
22.3,179.6
45,173.6
38,174.9
47.7,172.1
31.9,181.2
48.4,169.5
33.8,178.5
43.8,168.4
36,179.8
39.3,186.5
50.7,161.7
40.4,183.8
38.8,179.6
35.9,184.7
43.8,179.8
30.1,175.2
49.3,173.6
52.8,173.9
40.5,172.4
41.2,170.1
52,164.1
33.3,182.3
32.7,184.9
44.4,179.1
45.7,175.2
38.5,180.8
39,180
55.8,175.3
39.6,183.7
47.3,172.5
48.2,171.2
42.2,178.7
48.1,173.9
42.4,182.3
45.3,167.4
41.5,176.6
41.8,171.3
40.8,180.3
53.3,172
48.8,172
25.2,186.1
62.3,160.7
40.2,175.2
31.8,185.6
48.7,159.2
52.2,175.7
45.5,172.6
34.5,180.2
46.4,166.7
41.3,171.9
42.3,179.8
40.6,170.4
44,178.9
38.5,180.2
49,167.4
48.6,170.6
53,170.4
44,183
62.4,168.4
47.4,173.6
29,188.4
47.6,167.4
44.3,175.8
25.5,187.3
45.8,176.8
35.6,173.2
47.9,164.2
48.5,174.3
42.6,185.4
36.7,180
49.3,175.1
33,185.8
51.7,173.9
63.5,158.5
43.3,177.7
36.8,182.7
40.8,176.5
51.8,170.9
55.9,168.6
48.6,162.6
58.3,164.9
45.6,168.3
50.7,165.8
48.3,172.5
41.5,179.5
32.9,188
45.2,172.5
50.3,174.8
55.4,168.8
46.6,170.1
49.2,168.6
48.2,177.3
37.8,178.3
49.4,172.7
45.8,172.3
46.8,178.6
47.9,176
47.3,178.1
47.6,175.9
44.2,173.1
49.4,170.7
40.4,180.2
45.9,177.5
45.3,174.1
49.9,175.7
54.6,170.3
42.6,178.1
49.1,170.8
36.8,178.7
32.1,186.2
39.7,179.1
46.1,172.2
45.2,174.9
47.5,170.4
48.4,171.5
45.9,176.5
38.5,184.4
46.3,176.9
48.4,167.4
45,173.7
48.7,174.6
59.9,171.1
48.2,174.3
52.5,176.3
57.7,169.4
53.2,170.5
43.3,173.9
65,164.2
60.8,165
41.7,178.5
54.8,173.4
52.1,172.8
46.2,172.9
52.2,163.1
45,179.2
49.4,163.5
46.4,173.4
40.3,171.6
34.1,177.4
43.4,173.1
45.1,172
55.6,162.9
48.8,168.7
27.4,190.8
51.3,175.8
44.8,167.9
29.5,178.8
54.7,172.6
54.4,168.8
49.7,176
51.3,170.2
39.6,179.4
38.2,175.5
43.3,172.2
31.4,185.8
53.1,164.8
43,173.4
56.5,164.2
38.2,173.9
52.4,166.8
42.4,170.6
51.8,163.1
46.5,177
34.5,172.6
42.9,175.3
45,172.1
45.4,173.1
37.6,175
52.4,164.4
49.6,173.1
54.4,164.5
42.3,173.5
60.7,159.5
45.8,179.5
42.3,181.5
42.5,171.8
36.4,177.4
34.5,185.6
41.3,179.2
55.6,176.4
29.3,177.1
27.3,180.9
36.3,185.6
58.9,167.9
28.1,184.1
50,170.8
37.8,178.5
35,177.6
37.3,179.9
59.6,160.5
22.5,185.2
45.8,178.2
39.6,178.1
39.5,177.6
40.6,168.6
37.3,172.2
36.8,184.4
51.2,166.5
56.9,169.9
51.6,164.6
36,180.6
27.4,185.2
57.7,170
38.8,178.9
53.9,174.4
37.8,173.2
48,169
51.9,173.2
50.4,164.7
43.8,177.3
33.8,180.4
42.2,176.9
47.8,173.7
37,177.6
48.8,168.6
40.1,176.4
41.2,179.6
39.1,179.3
46.7,169.3
34.9,181
56.7,171.4
38.4,177.9
51.7,168.3
45.8,178.4
50.8,170.9
41,179
41.7,181.3
40.2,175.1
41.7,171.9
46.2,176.9
45.2,170.9
47.2,174.4
41.4,177.4
48.5,169
40.9,172
46.2,181.9
43.7,178.2
44.2,173.6
60.1,165.8
41.3,176.3
43.8,183.5
44.3,180.8
52.6,168.7
56.6,171.6
44.3,173.2
39.5,174.1
31,177.9
39,172.4
55.2,171.1
53.6,166.2
66.1,166.3
36.5,177.2
57.5,167.7
49.1,171.9
44.9,174.5
40.3,177.5
32.2,175
56.4,167.2
46.7,179.6
41.2,176.9
52.7,170.9
45.7,175.3
47.2,172.8
48.6,179.6
36.5,189.8
42.9,173.7
49,175.7
52.2,173.8
50.1,172.1
47.7,170.6
55.9,176.8
34.9,179.4
62.2,166.3
29.9,180.1
40.3,178
50.8,162.8
57.5,166.6
35.5,185
38.7,181.2
41.9,174.2
44.5,174.5
59.7,163.3
47.1,175.1
58.1,166.4
35.6,185
46.8,176.3
44.6,171.8
51.2,170.8
45.4,178.6
42.2,168
53.5,165.6
52.7,167.8
47.3,170.8
43.8,170.8
44,179.9
47,177.9
41.5,172
57.7,166.6
30.5,177.5
49.1,172.1
49.9,173.4
41.9,179.7
51.6,169
31.7,176.5
43.4,178.4
51.4,175.7
39.5,178
42.9,178.7
50.2,181.2
42.9,169.7
44.3,180.6
35.6,173.5
24.4,181.5
61.7,154.4
37.6,175.7
46.1,174.3
49,172.8
34.3,180
60.3,174.2
45.2,172.9
37.9,184.6
56,164.4
37.8,173.9
45.8,174.6
45.9,176.9
48.6,172.9
46.5,167.6
46.7,171.9
56.2,165.2
35.8,172.8
56.4,170.6
34.1,179.7
58.7,164.7
42.3,173.4
41.4,179.3
46.2,166.2
43.9,171
32.8,185.4
44.9,172
60.5,160.5
42.7,181.3
28.1,187.2
59.6,164.1
49.3,168.3
38.8,179.5
60.5,165.7
55,165.1
44.5,177.5
48.8,167.8
45.8,174.8
39.7,173.3
44.7,175.2
33.6,189
54.9,167.3
44,171
61.6,160.5
46.9,171.8
43.9,173.1
52.3,172.5
50.8,170.2
36.6,179.5
52.6,170.5
37.1,182.4
49.4,171.4
47,181.9
58.1,173.1
40.6,173.4
41.4,175.5
39,176.8
45.5,166.7
33.2,176.3
55.2,174.4
48,173.6
38.9,178.6
53.4,172.2
53.7,171.7
44.4,173.2
46.6,172.3
53.9,167.5
50.7,168.7
34.8,179.6
50.3,164.7
41.7,169.2
31.5,181
53.4,176.8
41.5,168.9
51.4,170.4
50.1,178.5
40.7,178.7
43.2,172.1
47.6,168
47.6,173.1
50.1,169.5
47.3,173.9
49.3,174
52.9,166.6
44.4,170.8
49.7,177.2
58.3,172.2
47.9,177.6
49.5,167.7
63.6,161.6
54.8,163.6
45.6,177.4
44.6,172.9
51,176.3
21.1,190.8
38.8,178.7
54.9,175.4
35.4,184.4
57.9,169.2
33.4,184.6
51.2,170.8
49.8,175.3
48.4,176.9
36.9,170.4
50.4,172.2
44,173.7
48,176.7
40.2,169.9
22,188.9
49.7,173.2
55.1,163.6
60.1,160.3
62.9,158.8
41.6,174.9
41.1,187.5
29.7,187.9
34.6,183.9
49.7,168.7
37.5,182
30.3,179.4
54.1,169.7
53.9,171.5
56.8,165
37.4,181.5
60.1,165.7
40.9,174.7
49.5,173.1
49.8,169
57.9,170.7
36.7,182.2
34.2,177.5
69.4,157.2
33.4,182.6
49.4,169.2
58.2,169.2
57.4,173.4
46.7,175.3
56.8,169.5
55.3,167.9
39.9,171.6
49.5,166.4
44,171.8
35.5,181.6
47.6,168.6
50.1,169.4
37.6,178.9
44.2,170.9
40.2,176.6
52.1,174.3
39.1,174.6
40.7,176.2
57.8,162.9
63,161.5
36,181.7
52.2,163
41.8,174.1
41.1,176.5
44.6,175.9
38,180
54.8,167.7
53.5,170.9
53.4,173.8
42.2,179.5
44.2,175.1
59,166.4
51,171.9
51.9,161.4
42.8,176.7
49.5,167
37.8,176.7
46.6,172.2
34.2,180.8
44.1,170
55.7,175.3
37.2,179.3
33.6,179.4
33.7,183.2
40.6,185.7
35.1,183.8
39.9,182
63,164
36.7,184.2
53.9,167.7
37.4,180
44.8,181.1
54.8,165.6
53.6,167.1
41.9,171.1
39.1,175.5
39.5,179.2
48.8,172.9
50.3,171.7
46.6,176.8
55.9,169.5
33.2,190.5
43.7,169.8
51.2,174.7
45.9,175.4
50.7,178.6
39.3,173
46.5,178.2
43.4,174.1
41.1,179.5
41.2,181.1
34.5,178.9
47.4,175.4
43,175.4
38.2,177.7
55.1,171.9
42.1,168.9
39.5,177.9
49.8,172.3
53.2,179.1
35.3,175.5
49.4,172.5
48.3,175.5
53.3,168.7
53,166.7
50.6,175.3
44,179.4
52.7,172.6
49.5,169.7
36.9,181.4
47.9,167.6
40,177.9
41.1,177.7
47.1,169.5
40.8,177
49.7,174.7
34.7,179.9
41.7,177
51.7,168.8
35.1,186.7
65.3,165
43.1,179.6
55.1,167
56.1,162.3
60.6,169.2
44.5,169.9
47.1,170.6
35.2,178
43.4,175.8
36.7,177.2
44.4,172.9
46,169.1
47,172.2
48.4,167.2
62.3,161.9
44.7,179.3
43.3,170.3
46.7,168.6
40,172.6
47.2,170
61.9,163.2
41.3,178.4
52.4,162.7
41.1,174
48.2,171.4
49.1,169.3
44.1,180.2
56,162.9
51.6,168.3
49,176.3
28.8,180
39.9,171.5
52,170.6
40.2,182.5
30.5,187.6
47.3,171.3
63.5,171.2
52.4,170.7
58.7,172.5
51.1,171.3
55.2,171.3
26.5,190.4
43.6,177.5
28,181
38.3,177.6
42.3,176.8
49.7,176.5
49,174.3
42.2,180.6
42.8,175.8
48.2,170.2
55.7,169.5
61.8,163.8
49,170.5
42.3,185.3
42.5,176.4
59.3,165.6
59.7,166.6
52.4,170.7
38.5,175.1
35.5,177.1
40.1,177.5
48.7,174
52.4,168.9
42,164
52.9,168.7
46.6,167.9
36.7,184.6
48.8,180.1
50.5,168.1
51.4,174.4
43.1,171.6
38.1,171.7
40.5,180.4
51.3,169.5
40,170.4
33,179.2
50.3,178
42.9,174
48.4,175.1
58.4,172.3
54.4,166.5
43.2,172.5
60.4,159.2
51.1,167.2
51.5,175.3
49.6,174.2
36.7,175.9
35.2,182.4
42,171.2
26.9,180.7
39,176.5
47.9,177.3
43.1,175.3
51.8,166.3
58.2,169.3
36.8,178.5
46.7,173.8
33.9,176.5
35.6,177.1
52,171.2
47,166.9
53.9,171
29,182.9
46.7,174.7
53.2,170.5
43.9,167.4
52.7,171.9
28,178.6
43,175.4
45.2,178
56.7,168
51.3,172.5
53.6,171.9
41.6,175.7
55,168.4
30.7,187.3
48.4,174.6
32.1,174.9
40.3,184.4
48,172.7
36.8,176.7
49.6,168.9
50.1,174.1
50.3,169.8
45.2,169.9
50.9,167.9
66.4,163.4
55.5,174.3
52.3,170.5
37.2,171.3
39.1,175.8
47.7,173.3
35.5,178.9
52.9,174
46,173.4
58.2,167.7
45.8,178.6
38.2,178.7
35.1,177
57.1,159.9
42.2,175.3
48.8,172.7
34.6,182.4
45.2,176.4
53.6,175.2
44.5,172.9
40.3,176.7
39.4,173.9
44,167.9
50.7,163.9
49,163.2
60.8,170.3
38.6,176.2
50,176.3
44.3,177
42.1,176.5
49.8,172.7
34.7,183.7
54.7,167
51.2,169
60.6,165.5
50.1,172.7
46.5,172.3
33.8,181.4
53.6,169.1
47.7,174.9
43.6,174.1
47.7,165
43.4,172.7
31.2,182.3
36,181.1
50.6,169.6
44.5,174.5
51.9,167.9
54.8,165.3
43.2,166.8
44.1,175.8
41.9,172.9
49.4,167.8
52.4,171.9
45.6,172.1
49.3,167.2
40.2,179.8
43.5,174.4
52.5,172.7
40.9,175.6
45.8,179.5
43,176.6
34.1,180.3
44.9,165.4
47.8,178.2
36.7,184.3
42.9,176.8
33.6,176.3
38.6,174.9
52.9,172
43,175.7
64.4,155.3
54.1,166
40.6,172.3
40.3,174.6
30,186.4
62.6,162.3
48.5,174
49.6,177.7
54.7,170.6
32.9,183.4
53.2,168.4
44.2,176.9
46.4,173
45.1,170
33.1,178.8
32.6,184.2
40.5,177.4
44.6,168.3
39.7,177.8
44.2,172.7
48.9,164.3
36.2,177.4
63.1,169.5
41.5,180.8
43.4,171.3
39.8,183.2
45,174.2
46.3,170.1
38.5,178.1
39.4,177.4
57.3,170.1
50.7,172.9
54.5,172.6
38.1,181.2
33.6,178.4
45.1,171.2
40,178.7
50.3,171.7
48.8,170.2
46.2,175.2
45.5,175.6
45.5,177.2
41,179.3
46.9,172.8
38.9,178.3
52.6,169.9
49,167.9
48.8,168.3
41.5,176.1
45.4,171.8
60.1,166.7
36.5,185.6
59.3,165
44.8,177.7
35.2,171.8
37.5,181.3
43.1,179.6
47.7,176.7
58.3,170.9
38.4,170
49.1,170.6
48,173.1
43.5,177.2
38.6,178.9
41.4,172.8
40,177.5
39.9,175
56.2,167.1
24.5,185.3
50.1,166.5
46.9,175
41.3,182.5
29.8,185.5
57.9,172.7
48.2,173.6
47.4,171
48.3,172.5
57.9,168.7
47.8,169.8
48.8,169.8
49.4,174.6
45.7,172.7
53.7,167.4
44.5,171.4
50.4,172.8
41.7,168.9
41.2,172.2
59,161.5
30.1,180
50.3,167.4
52.5,171.4
38.7,175.5
57.8,159
37.3,179.1
46.4,170.9
34.6,191.6
48.5,180.9
26.5,186.4
48.7,172.7
51.4,167.9
45.1,169.4
51.5,161.8
48.7,169.4
43.6,178.4
45.8,173.5
36.4,181.9
46.1,172.7
49.7,169.3
46.3,177
42.2,171.1
42.5,166.5
36.7,179.6
48.9,172.4
51.6,168.7
42.3,172.8
42.4,174.7
45.3,174.9
43,184.6
32.2,177
41.5,174
46.6,174.6
40.9,178.1
37.8,180.3
44.7,170
56.5,165.9
33.9,182.2
54.4,167.5
40.8,177.2
61.9,164.1
53.4,167.1
42.9,173.7
40.8,174.8
37.4,175.3
59.8,165.4
52.6,172.5
38.8,172.7
40.2,178.4
39.8,173.2
23,190.9
44.2,171.1
30.8,182.2
30,186.9
29.4,176.7
43.8,178.2
53.7,162.2
37.8,181.4
34.3,175.7
47.6,172.4
53,168.4
36.4,183
65.1,160.3
37.2,184.1
42,178.7
30.4,187.7
49.9,176.4
56.1,167.1
43.3,170.5
31.3,189.1
54.6,164.9
45.3,174.1
34.9,167.1
50.4,171.4
53.1,169.2
46.5,180.2
48.3,172.1
51.3,171.3
45.7,174.2
46.2,172
52.3,167
42.2,178.6
38.3,176.9
43.7,172
52.2,171.2
40.3,169.1
39.5,175.5
23.2,180
43.9,173.2
50.8,167.4
43.8,183.4
45.9,176.1
41.1,178.1
42.7,177.1
50.9,165.9
37.3,178.2
46.6,167.7
36.7,182.4
37.7,181.5
48.5,171.9
47.1,172.1
40.1,177.4
45.9,169.3
35.6,187.2
45.1,171.3
40.8,187.1
40.8,174.1
40.2,172.5
48.8,172.3
46,182.5
39.5,172.8
42.9,181.9
57.3,168.4
56.1,173.4
49.8,171.3
26.1,189.3
48,165.8
61.6,169.6
54.4,167.3
37.9,181.3
38.8,175.7
55.8,166.1
53.3,177.5
44.6,176.7
46.1,168.3
31,191
36.4,179.3
45.6,176.4
49.5,169.6
46.4,173
46.4,174.7
22.2,185.9
51.5,170.9
69.9,159
47.9,173.6
40.1,177.2
53.3,163.3
50.2,167.5
46.9,176.8
45.3,181.7
31.4,181
48.4,171.1
41.8,175.3
22.5,190.8
40.4,176.2
48.2,174
35.1,176.8
54.5,178
46.6,176.8
50.3,162.1
54.8,172
45.4,175.3
49.8,175
45.4,173.1
38.5,179
54.4,169.2
39,181.5
49.9,174.6
46.9,180.9
41.2,168.6
54.7,169.4
43.1,172.5
24.9,191.1
34.3,178.9
43.8,175.4
46.3,177.4
39.4,169.1
49.8,170.7
49.9,169.7
54.8,166.3
57.6,159.3
31.5,177.1
45.4,174.2
47.5,177.5
42.1,183.7
27,178
43.8,175.3
57.7,169.8
33.7,178.6
41.7,170
52.4,173.2
50.9,169.9
35.2,184.4
35.6,178.1
40.8,181
42.3,185
56.3,167.3
40.8,164.9
51.4,164.1
41.7,176.5
51.4,173.2
40.8,169.8
38.4,178.3
37.7,174.5
63,161.4
56.7,160.4
49.1,168.2
43.5,168.6
43.3,172.2
71.5,155.2
46.7,171.2
45,182.8
48.3,171.3
42.9,168.6
47.5,174.1
56.9,165.6
42.5,178
43.4,174
37.7,173.3
36.3,181.3
52,169.9
48.6,165.4
39.6,181.8
40.8,180.4
48.2,167.2
52.1,172.9
48.3,182.2
45.7,170.4
63.7,167.9
45.7,169.8
60.9,165.9
43.1,176.8
26.6,179.7
48.4,170.7
35.9,180.7
56.4,172.9
39.8,171.9
48.7,168.8
39.9,180.7
54.4,171.2
43.4,178.4
58.9,172.4
36.9,182.8
41.1,180.7
41.6,180.1
36.4,175.5
40.4,173.5
60.1,172.9
29.1,177
54.4,172.7
51.5,170.9
45,171.5
57.5,167.5
55.3,165.5
65,155.5
39.2,176
33.3,186.1
31.3,182.5
59.5,166.7
45.9,173.4
45.2,173.6
38,177.8
53.9,167.6
41,184.2
29.1,184.4
47.8,172.9
30.5,177.1
45,178.1
46.4,166.4
48.2,172.5
54,162.7
44.2,172.2
38.3,173.7
38.6,174
56.2,169.9
39.9,182.7
50.5,172.6
44.6,176.9
45.5,165.4
41.5,176.5
48.6,170.9
48.6,173.1
61.2,162.9
47.5,179.3
48.2,172.9
53.2,167.8
50,172.6
56.2,169.1
50.6,171.6
45.2,177.9
42.5,171.9
54.3,167.4
41.8,172.2
47.9,167.7
35.5,183.1
30,181.8
43.5,172
46.1,171.9
38.7,178.6
24.8,186.3
47.8,174.5
31.7,185.4
40.7,173.2
39.8,178.4
32.3,178.9
53.7,168.7
47.5,171.8
48.4,172.6
38.9,172.5
39.6,184.5
44.4,160.5
53.4,167.5
53.8,163.4
57.2,164
48.6,168.6
40.3,177.5
41.2,175.1
49,178.2
46.5,172.1
61.2,167.5
41.3,173.1
43.3,173.2
30.8,185.4
46.3,178.5
43.1,172.2
50,172.5
53,171.9
51,167.8
52.2,171.6
38.2,185.2
55.1,173.4
36,183.1
60.6,161.9
39.1,179.5
29.7,183.8
51.8,175.1
59.5,171.2
44.2,168.2
41,185.3
39.8,178.5
45.9,172.2
45.8,172.8
42.7,170.3
38.8,175.9
51.3,173.7
37.9,176.4
49.5,174.1
34.7,182
33,174.8
42,174.2
36,174.1
41.7,177.4
33.5,175.5
43.7,176.2
54.9,175.5
26.4,187.6
43,178.3
55.4,172.7
46.9,176.4
44.1,174.5
47.8,177.8
31.6,182.3
53,166.4
37.4,182.7
43.5,178.5
49.9,169.8
38.2,182.9
57.8,162.6
47.8,168.5
53.3,169.8
46.4,165
46.6,172.6
30.5,178.8
46.6,178.1
51,162
37.8,181.8
48.9,176.6
46.5,173.1
54.3,176.4
47.2,180.2
44.9,175.6
44.9,169.2
48.7,179.1
25.3,186
47.2,179.2
48,171.8
64.4,164.2
41.5,178.8
33.2,175.7
49.6,171.6
42.7,174.6
58.6,164.3
36,179.8
45.5,173.3
44.4,171.1
43.3,183.6
39.6,181.4
32,181
47.3,175.6
52.2,163.8
48.1,174
42.6,178.9
47.1,178.5
38.6,180.1
44.4,174.3
41.5,178.1
58.2,170.1
62.3,164.2
40.6,178.3
43.1,176.8
48.3,163.5
38.8,180.3
50.4,167.5
49.9,174.9
21,187.9
50.7,169.8
52.4,174.4
35,177.2
47.7,167.3
40.2,179.6
54.8,163.8
57.4,158.6
42.7,180.3
44.5,179.6
40.7,181.5
54.6,173.8
39.5,177.8
30.2,183.9
42.7,171.9
48.5,169.2
46,170.8
36.4,175.5
51.4,162.8
41.5,174.6
43.8,176
57.6,166.6
39.4,171.7
53.6,174
50.9,176.7
38.9,174.2
46,170.9
47.9,173.5
51.6,173.2
41.3,178.8
44.9,174.7
45.7,175.8
37,179.3
34.8,182
52.9,171.8
38.7,175.3
45.8,173
47.1,176.2
44.6,171.8
44.8,170.3
56.1,166.8
38.9,179.1
42.5,179.7
37.5,177.3
50.8,171.7
42.9,173.5
54.8,171.3
48.1,174.6
48.9,169.3
52,169.2
39.2,173.7
59,167.2
31.6,177.9
43.2,171
40.1,173.7
38.5,177.3
41.3,177.9
51.3,168.1
38.9,182.6
47.2,172.5
54.7,165.5
44.3,180.2
66.8,161
27.2,184.7
59.9,163.4
45.5,168.6
41.8,172.8
41.3,170.8
50.2,173.7
46.1,176.8
54.6,168.2
35.2,174.6
32.3,175.3
57.5,161.3
56.1,169.1
42.3,175.7
51.2,177.5
50,170.1
43.6,173.4
54,165.1
54.2,171.4
42.8,177.9
42.1,172.5
69.4,160.5
51.7,172.2
39.9,182.4
53,171.5
70.5,165.1
34.9,181.4
46.3,178
52.3,169.1
51.3,165.7
38.5,172.8
40.5,177.2
27,183.4
33.9,172.3
40.2,177.2
54.3,177.7
47.3,175.7
44.4,176.5
57.5,168.4
37.5,170.8
35.1,175.8
43.1,175.1
43.8,172.4
55.7,173.7
59.8,166.7
41.9,177.5
35.3,185.9
53.6,171.6
38.6,179.7
34,186.8
40.8,170.2
35.5,171
44.7,175.9
40.2,182.7
47.6,177.6
48.5,174.1
50.6,174.2
49.3,172
39.7,180.6
46.9,167.5
42.7,176.8
38,170.6
43,183
41.3,180.3
38.7,178
42.3,174
43.8,171.9
44.6,169.7
42,182.5
33.6,180.8
48,171.6
35.2,182.3
39.8,176
57,161.3
51.1,169.9
44.4,179.1
49,172.9
52.3,169.3
38.9,174.6
44.3,177
55,173.9
29.2,183.8
51.1,171.3
46.5,175.3
33,185.1
41.5,177.2
33.2,180.4
43.7,177.1
49.6,170.7
60.6,163.3
39.3,174
45.5,171.6
48,171.9
49.5,167.5
44.3,172.7
39.7,175.3
37.3,181.2
45.4,168.5
37.2,177.1
44.3,170.3
45.5,176.4
62.1,160.1
62.3,161.2
45.6,174
55.8,171
44.3,168.4
44.4,174.8
38.6,179.6
58.9,165.4
32.9,185.2
47,170.4
37.9,178.3
51.3,165.5
52.7,170.3
37.1,173.3
50.5,180.2
56.2,168.6
39.6,175.9
53.1,167.7
56.2,166.6
54,173.5
44.6,173.4
45.9,176.2
46.3,166.3
39.7,176.6
33,184.4
38.6,180.5
46.7,169.6
35.8,177.1
50.8,173.6
48,171.3
44.9,175.5
42.8,174.4
38.5,177.6
50.5,172.3
57,164.6
44.4,183.2
45.5,168.6
39.8,176.4
48.7,176.1
36.8,172
50.9,167.8
41.1,172.6
33.7,175.2
58.6,162.6
40.6,178.9
45.3,172.9
38.6,179.7
56.9,167.8
44.1,182
66.2,154.9
45.6,176.2
56,164.7
32.3,178.4
50.5,168.9
45.9,174.4
48.4,181.6
46.6,176.5
40.7,171.2
45.1,166.6
47.6,178.3
51.5,170.2
40.1,174.7
38.4,182.2
48.3,160.3
41,172.7
65.1,157.9
54.1,174.7
33.9,181.6
57.2,168.3
38,183.7
38.3,179.9
42.7,164.8
37.6,181.8
45.5,172.6
51.9,173.7
49.3,171.1
55.5,169.4
52.6,165.2
38.4,170.9
41,179.4
49.3,170.3
31.9,184.6
57.3,165.1
39.5,168.5
53,172.3
41.6,172
56.6,165.4
31.3,184.2
51.7,175.6
40.8,173.7
59.3,162.2
55,171.5
40.8,171.1
34.7,181
49.4,171.5
31.9,178
69,159
53,172.9
44.1,173.9
35.3,174.1
41,171.6
64.9,167.2
32.2,177.3
38.5,178.7
40.2,176.3
37.1,176.1
55.6,164.1
46.4,171.3
44.6,174.3
52.7,170.9
42.6,176.7
43.9,173
48.2,172.9
36.1,180.8
52.3,164.2
38.7,180.3
38.9,181.9
42.9,180.2
50.9,173.5
51,172.6
38.9,179
56.3,168.7
44.1,175.4
38.4,184.7
31.7,185.2
46.2,169
32.2,184.3
45,181.1
30.6,180.8
43.6,165.2
49.8,169.8
49.9,171.9
50.5,169.9
41.9,173
38.1,179.9
44.6,172.1
47.4,172.6
50.3,172.1
48.6,177.6
48.1,172.7
52,175
35.5,180.1
39.6,175.4
44.2,169.7
43.3,175.1
49.5,169.3
48,171.8
35.3,184.5
37.8,170.9
54.9,170.6
45.2,169.3
41.1,176
37.4,182.4
41,178.9
51.1,176.3
51.6,167.3
47,168
46.5,177.4
50.2,168.7
28.8,188.2
44.4,179.1
43.2,182.3
44.7,181
43,172.3
43.1,171.3
36.5,181.9
43.2,177.7
47.8,172.7
44.4,172.6
44.2,179.2
42.5,166
49.9,171.7
49.7,177.2
39.5,180
41.7,177.8
23.1,186.6
51.3,169.6
42.7,178.7
40.5,172.2
33.6,179.2
39.4,175.5
48,162.3
47.3,175.6
42,175.8
49.6,171.7
63.4,161.1
37.2,177.2
43.2,179.6
44.6,177.6
39.8,177.2
56.5,171
44.8,172
39.2,177.1
63.5,167.4
38.5,173.2
45.7,174.2
49.4,176.2
36,178.7
28.3,182.2
48.6,171.4
35.6,178.2
48.8,174
35.5,173.9
39.7,175.2
50.1,170.9
39.2,178.8
36.1,178.3
39.4,170.8
45.4,175.1
38,180.1
32.5,175.4
57.4,167.4
50,169.5
40.5,172.9
38.4,175.6
36.9,179.3
41.2,179.1
51.6,178.3
31,175.4
34.2,190.7
43.9,174.4
60.1,161.7
49.2,170.9
47,169
41.6,175.8
53.3,162.9
38.8,177.2
36.1,182.7
40.2,176.3
42.8,173.8
38.9,177.1
50.5,170.5
35.7,182.8
44.5,177.8
47.1,174.7
59.5,170.5
47.7,172.4
33.1,183.3
50.2,169.2
53.6,168.5
36.4,174.7
45.5,174.2
56.3,164.8
42,171.2
49.6,169.8
53.1,167.8
53.7,168.1
48.8,168.7
52.7,172.3
37.1,180.3
42.6,177.1
48.8,174
44,173.6
45.6,173.7
38.7,184.1
42.6,177.4
42.5,176.9
56.7,171.8
60.7,173.7
44.5,161.7
51.5,167.9
45.2,178.1
47.2,175.5
38.6,178.3
49.8,170.3
30.2,182.8
49.7,174.5
47.7,176.6
47.3,169.8
57.6,169.4
42.7,183.5
50.4,177.1
51.3,174.1
60.5,165.6
49.7,174.9
35.7,184.4
39.7,173.8
41.6,173.3
40.5,177.1
47.4,166.3
56.6,161.5
50.9,175.2
47.6,174.4
42.3,179.1
49.1,167
15.2,190.2
40.8,177.6
66.7,161.6
49.6,169.2
45.4,169
27.1,179.7
30.5,186.5
46.1,168.1
44.6,175.7
34.8,180.9
42,176.4
39.3,181
63.4,164.2
44.6,174.6
21.3,188.5
38.3,173.9
40.2,173.9
51.8,171.4
28.8,191.2
51.6,173.7
53.7,173.4
30.4,188.6
38.5,174.4
40,183.8
37.1,185.4
55.3,163.8
48.8,169.5
41.8,181
42.6,177
50.7,168.8
44.3,172.6
44,166.2
62.4,158.7
41.1,181
33.1,173.3
42.4,175.4
47.9,175.6
39.4,181.8
45,183.8
52.8,172.8
53.6,174.4
51.6,175.3
40.4,181
49.6,171.6
44.3,173.2
41,178.9
45.4,173.8
44.1,179.1
33,177.8
42.9,170.1
30.9,181.7
36.3,177.5
56,159.7
35.2,182.1
41.4,173.6
41.3,176.7
56.3,167.1
45.5,168.6
42.6,175.3
54.7,171.1
47,173.3
40.2,179.7
44.8,176.8
40.1,174.1
42.5,173.8
49.2,167.8
61.1,160.7
45.3,173.1
46.8,173.5
54.3,165.7
52.2,169.2
39.3,175.9
55.1,173.2
58.2,169.5
41.1,174.4
34.2,182.3
44.3,175.1
47.7,175.6
53.3,169.6
55.3,167.1
35.8,174.1
35.7,179.1
44.8,172.3
36.1,172.9
47.6,180.3
45.2,179
52.4,166.8
46.8,170.9
47.8,170.6
66.5,159.2
37.7,176.4
38.5,179.6
36.4,178.1
44.2,172.2
45.2,178.1
43.5,176.7
48.1,171.4
63,169.9
44.4,164.2
55.3,172.3
42.2,179.1
46.8,170.1
42.5,184.6
44.9,174.6
62.9,169.4
47.8,177.9
50.3,172.6
49.1,176.4
52.4,172.2
52.2,170.9
49.6,169.5
47.8,169.7
45.8,176.4
41.1,176.2
50.7,168.6
53.8,166.6
39.3,177.3
49.9,174.3
29.5,181.3
37.5,172.5
46.9,170
41.9,180.4
35.3,175.9
35.8,178.3
55.6,170.9
46.2,173.4
53.5,174.4
52.3,169.8
38.5,181.9
49.5,168
53.2,170.3
27.5,182.5
57.6,167.8
40.1,180.7
47.7,170.3
35.5,186.5
40.9,179.6
30.9,182
54.5,161.7
21,196.1
43.7,171.9
34.8,181.4
60.2,161.2
59.2,165.5
47.2,171.3
33.9,180.1
49.4,172.6
44.7,166.6
49.2,180.4
53.2,164.6
37.4,183.9
47.9,166.4
40.8,175.4
33.7,175
60.2,163.5
26.3,182
24.2,194.6
53.7,167.6
40.6,177.6
40.8,183.5
36.9,177.8
52.1,169.8
50,170.3
42.3,176
44,169.6
41.7,181.1
34,180
42,177.5
46.4,169.4
53.2,167.5
30.2,181.3
45.5,171.7
40,179.9
40,179.4
43.6,177.8
35.8,183.8
48.9,162.4
49.8,163.3
45.9,175.8
41.2,176.9
48.2,170.4
51.1,167.6
30.8,189.6
55.2,174.4
58.6,165.8
46.7,165.9
62.3,160.6
37.3,177.3
46.2,170.4
45.8,169.9
44.2,171.1
46.1,167.6
56.4,170.1
53.2,170
44,166.9
33.5,186.9
47.6,170.7
40.9,181.9
25.6,181.4
51.5,170.9
32.9,181.2
57.2,173
52.6,162.9
50.7,171.5
50,165.4
45.7,173.6
49.7,173.2
54.8,167.3
45.2,170.5
53.5,169.6
43.6,172.2
43.8,169.3
42.5,175.4
49.8,178
51.8,165.9
47,182.5
31.1,182.5
47,175.4
53,171.3
48.4,175.3
45.8,178.8
37.9,175.8
51.5,172.9
42.3,176.3
51.3,159.9
64.1,162.8
35.6,179.5
56.6,167.8
39.8,174.9
39.2,174.8
38.8,172.1
43.3,179.6
53.9,165.1
53.7,168.7
48.7,169
45.1,170.5
43.5,177.3
46.8,163.3
26.7,182.9
56.4,171.2
55.1,165
56.3,170.1
33.3,188.7
35.9,178.6
40.4,179
41.6,173.4
44,177
39.8,177.7
46.3,172.7
56.6,165.5
54.3,160.8
46,171
30.4,184.5
45.2,173.2
59.7,160.2
48.5,170.2
38.8,173.3
49.2,178.5
33.4,185.2
47.7,164.1
43.9,174
30.8,189.7
42.4,173.1
42.1,182.7
52.3,176.5
48.5,164.6
52.1,170.7
45.9,172.2
41.5,168.9
49,174.9
48.1,177.3
51.5,176.8
45.2,178.7
46.8,172.8
51,169.1
54.9,174.2
31.8,183
51.6,169.5
41.3,180.7
43,170.7
50.4,177.9
46.9,180.2
46,162.7
43.6,178.2
56.6,166.8
51.2,169.5
36.8,184.7
58.5,167.9
43.7,180.7
41.6,175.7
43.6,174.8
19.5,186.1
50.1,170.4
40.3,166.8
48.1,173.2
47.5,175.4
36.7,175.1
42.6,174.4
48.9,170.8
44.3,170.1
39.3,177.2
43.7,177.4
42.3,175.5
47.9,169
45.2,173.3
45.6,177.2
44,171
39,174.5
48.4,168.9
59.7,164.8
60.5,161.4
53.9,165.4
58.7,166.8
54.3,168.4
50.1,173
43.8,175.5
39.6,174.8
40.4,177.4
47.9,175.4
59.6,161.2
61.3,159
49,170.4
42,170.4
57.5,165.3
49.2,171.5
43.4,168.7
46.6,163.5
45.8,171.6
51.2,166
49.9,167.4
48.3,171.4
38.4,175.4
54.7,178.7
32.3,175.6
47.8,177.3
30.1,185
50.3,174.5
53.4,170.1
56.4,170.8
52.8,170.4
38.9,178.8
33.9,185.1
34.2,179
48.8,175.8
43.5,182
32.9,183.3
49.1,167.1
48.8,176.8
41.2,180
53.8,175.4
38.2,177
54,171.7
34.3,177.4
45.4,171
40,180.5
44.1,167.3
46.8,171.7
36.9,176
52.1,166.4
51.2,170.6
41.9,178.6
42.6,172.6
39.4,181.5
32.6,184.5
59.2,164.5
42.9,172.4
33.4,176
34.2,178.4
47.8,180.3
46.5,172.6
50.9,172
44.1,180.4
45.2,169.6
52.9,167.9
39.5,176
44,175.7
41.9,177.3
59.5,164.6
41.2,176.9
42.8,171.6
25.4,186.4
57.4,162.6
43.3,170.7
54.9,163.8
46.5,166.2
57.1,175.6
32.7,183.9
41.2,177.9
53.4,175.5
27.7,183.5
45.6,175.3
38.4,179.7
41.2,179.8
44.8,183.7
51.3,174
57.9,176
35.2,173.5
61.2,164.8
51.1,164.3
39.7,180.9
42.3,177.7
53.9,165.6
36.7,177.4
44.1,175.3
42.5,175.8
37.3,178
53.8,169.9
44.9,171.7
42.7,179.3
49.4,174.8
43.3,171.9
33.6,181.7
42,172.5
38,184.6
45.3,171.9
41.9,173
39.6,174.2
47.9,169.1
55,164.8
64.2,167.6
52.6,169.7
32,180.8
40.5,172.3
37.7,179.4
41,178
49.4,168.1
49.7,167.9
55.5,164.2
49,163.4
45.9,172.9
55.3,166.9
44.4,166.1
48.6,172.5
43.8,178.6
40.9,177.3
59.5,166.4
37.7,173.3
55.5,168.9
40.4,179
43.2,174.4
53.9,179.9
41.5,179.8
55.6,163.2
38.9,176.6
43.4,179
55.7,169.1
41.8,176.8
38.9,172.4
50,170.6
42.4,175.2
43.3,176.7
46.8,179.5
41.7,178.6
57.6,166.5
58.8,163.8
46.6,172.7
45.8,174.6
35.7,183.3
55.3,171
45.8,171.6
56.9,174.8
59.9,165
52.5,170.5
58.3,166.6
53.2,171.2
48.1,176
46,174.8
29.8,180.1
46.6,169.5
52.8,169.3
37.7,174.9
40.4,177.7
50.2,172.9
42.3,181.5
41.1,184.1
34.4,177
31,180.4
46.1,180.1
56.8,164.7
58.7,169
53.8,177.5
50,171.1
47.8,172
50.7,169.1
49.8,169.6
46.4,172.9
50.8,170.5
38.1,183.1
52.1,165.6
44.3,174.3
43.9,169.8
41.7,176.1
41.4,182.6
40.6,175.4
38.5,177.9
45.1,171.8
55,169.7
44.9,173.3
37,173.5
45.4,170.3
33.1,179.7
50.8,176.8
37.3,175
37.6,175.5
46.6,173.3
36.3,179.9
31.4,179.2
50.1,177.4
32,184.4
54.5,172.2
50.6,173.8
36.8,182.9
44.4,174.5
49.6,172.5
53.3,167.3
42.2,174.4
43.8,173.8
43.7,180.3
45.9,174.1
48,163.5
49,169.8
48.4,171.2
44.6,167.6
54.2,164.9
40.9,182.4
56.1,165.8
42.8,174.8
43.3,177.2
43.5,173.3
38.3,179.3
40.1,170.2
41.9,167.9
37.9,178.6
31.9,181.5
43,167.3
38.4,180.8
43.5,178.6
52.6,169.7
44.8,178.7
35.5,183.2
48,180.5
46.8,177.7
45.6,172
46.9,169.7
36.8,180.8
48.5,169.8
64.3,164.8
45.4,179
37.1,182.5
42.1,177.4
42.5,169.5
49.5,174.7
34.6,177.7
36.6,176.9
48.4,170.5
30.7,176.2
43.9,171.7
41.3,174.2
54.5,173.7
34.6,178.9
48.3,169.1
40.6,175.2
47.7,173.7
40.3,176.3
43.6,168.9
45.6,173.1
46.1,178.2
39.7,183.3
42.2,173
54.5,174.1
24.6,187.5
54,169.4
33.2,188.4
52,172.4
41.1,172.1
54,170.8
44.2,183
40.9,169.2
55.9,166.4
41.1,167.2
49.4,173.6
40,169.8
46.7,170.8
36,183
42.9,173.2
52.9,164.9
20.4,190.8
43.7,171.8
58.9,167.7
38.1,182.8
53.6,164.3
35.8,178.4
37.3,179.5
46.8,175.1
54.9,163.2
44.4,181.6
43.1,170.4
53.7,167.7
40.9,178.2
46.7,174.9
51.3,172.9
36.7,180.6
44.5,176.5
39.6,172.5
36.2,178
49.9,179.4
48.3,180.1
53.7,169.8
25.5,189.1
45.5,172.5
36.8,183.4
38.3,178.5
48.7,172.2
37.2,183.3
43.4,168
43,173.2
50,175.6
45.5,171.6
53.7,170.9
34.7,184.2
52.3,169.6
43,172.7
55.3,169.3
41.6,174.3
42.5,176.2
34.4,172.6
51.3,170.3
46.4,177.3
59.9,163.8
59.1,176.2
48.6,172.6
48.2,170.8
39,184.3
34.1,182.6
36.8,177.6
59.5,163.8
44.7,180.3
55.3,158.9
41.7,178.6
40.5,175.1
38.6,178.7
47.9,172.3
34.9,173.8
39.2,175.7
35.1,178.3
45.9,174.8
46.6,183
38.6,178.6
40.6,174.4
46.2,177.1
38.9,178.2
60.9,169.9
45.3,172.9
42.9,174
53.5,170.9
41.8,175.3
49.5,169.6
48.2,172.4
44.3,174
32.4,187.7
31,181.2
40.3,178.7
39,178.1
45.6,167.8
60.8,157.4
40.5,177.2
55.4,166.3
45.1,180.9
35,176.9
34.8,173.6
51.6,168
49.2,168.6
51.8,170
46.2,167.4
42.2,176.4
39.8,179
38.9,170.3
37.7,177.9
40.9,177.7
60.5,169.6
39.2,176.3
46.4,172
59.6,163.2
37.9,180.5
53.5,170
44.8,171
42.9,174.3
60.6,165.6
52.5,168.6
45.1,172.4
47.4,176.4
41.9,172.7
49.1,173.2
37,177.1
38.3,178.6
36.3,178.8
35.6,186
57.4,164.4
48.3,172.9
42.1,177.4
36.1,181.3
43.3,175.9
41.8,177.5
44.3,173.5
37.2,180.6
40.9,175.7
41.8,176.9
49.7,170.9
39.4,178.4
51.9,172.5
38,184.9
33.3,181.4
32.9,184.9
40.7,184.8
37.5,181.3
37.8,176.1
56.1,164.5
42.3,174.4
44,178.9
49.1,167.5
39.2,172.8
35.7,179.1
49.1,175
41.5,174
46,168.2
24.9,184.4
48.4,173
41.4,175.1
59.3,166.7
45.5,177.3
46.1,180.7
45.3,170
37,173
34.4,176
49.9,177.8
57.9,170.7
53.4,170.4
37.3,180.3
48.2,171.6
49.4,170.4
45.7,174.7
42.6,172.1
50,176.3
38.5,180.4
47.9,165.6
46.4,184.5
51,170.8
31.4,187.4
39.7,170
56.1,160.8
39.1,174.9
48.3,180.7
53.7,166.2
42.1,168.6
53.5,167.8
54.1,168.7
49.8,177.9
52.6,171.6
38.5,183.8
38.3,176.5
38.5,181.6
53.6,173.8
34.3,179.3
30.5,179.9
33.5,184.6
35.5,180.5
50.8,178.4
53.3,177.2
47.5,170.1
44.9,172.9
59.1,166.7
41.2,179.9
44.8,173.1
49,174.4
60.7,168.5
47.1,171.6
51.8,179
51,171.6
34.6,180.1
56.1,161.1
46.1,173.6
43.7,172.1
55,160.2
27.6,187.6
27.8,183
44.3,164.2
31.4,180.6
49.4,170.2
39.4,184.8
35.7,179.3
43.4,171.9
49.4,170.1
43.6,175.5
55.8,172.1
52.3,176.7
50.1,176.7
43.6,171.1
27.8,185.5
49.1,172.9
35.9,179.9
34.6,178.4
46.6,169.2
40.4,178.7
51.2,163
43.4,175.6
38,175.3
37.4,182.1
53.1,167.1
57.8,165
36.9,176.4
47,171.4
49.1,169.9
40.1,177.6
44,174.9
34,186
52.5,167.2
47.9,172
30.2,183.8
46.6,178.3
54.2,164.7
35.5,177
42.4,179.1
54.6,173.7
57.8,162.3
36.2,177.6
37.9,177.5
48,165.6
55.5,162
43.9,176.1
36.2,178
47.5,179.4
45.5,176.7
46.8,174.8
41.1,173.6
42.5,179.7
35.2,178.7
38.9,177.2
47.1,169.2
47.9,166.9
44.4,173.1
43.9,179.1
58.1,166
44.4,173.5
23.6,189
33.4,181.9
39.8,173.9
44.1,171.4
47.4,171.1
33,184.4
45.2,171.5
42.9,177.6
41.8,176.9
33.3,183.9
46.6,171.7
56.6,162.1
44.8,173.5
39.7,176.2
35.3,179.3
45.5,173.6
32.1,180.2
45.6,174.4
47,170.3
51.3,168.5
38.7,170.6
57.7,164.8
53.4,162.9
52.6,169.8
43.5,179.6
51.9,175.3
56.6,164.3
43.8,177.2
37.6,171.8
45.8,176.6
48.8,169.4
30.4,184.9
59.5,162.3
50,173.6
34.9,187.1
42.1,177.7
48.7,171.4
44.1,171.5
29.9,180.1
47.2,173.7
56.2,167.1
36.2,175.8
54,170
60.6,160.7
54,169.6
43.8,175.5
46.9,174.2
48.5,174.7
39.7,180.7
39.4,176.5
35.3,178.6
67.4,157.9
31,188.1
38,176.7
41.3,181.3
41.7,170.6
39.6,184.3
38.4,182.2
49.2,173.3
48.3,171.6
48.9,175.2
37.6,175.2
30.5,186.5
46.5,170.8
48.2,182.4
57.4,163.1
35.3,182.1
42.2,178.4
57,162.7
44.8,177.1
43,176.7
43.1,170.3
47.8,174.1
52,168.2
46.6,177.9
38.6,171.3
58.3,167.1
41.4,170.9
44.2,174.1
35,179.6
49.2,173.8
38.7,179.6
55.4,163.1
43.3,175.7
47.6,176.1
53.4,168.8
45.2,177
39.7,178.6
43.2,183.2
31.9,180
49,167.5
53.1,169.3
53.4,175.5
46.8,166.2
33.8,181.6
54.1,162.5
62.1,160.4
39.7,181.9
47.2,173.3
32.3,180.4
48.4,172.3
47.1,183.2
39.2,180
50.7,171.3
41.8,166.5
50.7,174.3
42.5,181.1
49.2,172.3
58.9,168.5
39.6,175.8
44,167.9
37.5,176.7
51.5,169.8
50.3,165.6
44.9,174
42.5,177.8
38.9,179.1
43.9,175.1
26.6,184.6
49.5,171
37.7,185.4
45.4,178.1
56,174.1
33.9,177.9
40.2,173.2
38.4,181.2
44.9,168.4
56.7,168.2
42.8,177.8
33.6,172.1
46.7,173.4
45.9,176.8
44.5,174
43.8,169.1
52.4,171.2
35.8,180.2
34.2,181.1
42.6,170.6
44.1,184
42.7,177.1
39,180.9
33.5,171.1
36.3,184.3
44.7,173.6
53.8,169.3
49.5,172
48.7,174
43.8,180.9
39.5,176.8
46.1,175.6
51.3,166.2
36.1,176
32.4,178.3
41.2,175.9
39.2,178.1
51.8,172.4
48.1,173.1
31.9,185.8
47.2,171.8
60.3,166.9
55,172.2
44.3,174.3
51.4,169.4
33.3,178.1
63.8,161.1
43.7,176.5
50.8,178.5
59,171.8
50.4,172.5
44.6,176.7
50.5,171
56.1,168.1
48,180.1
38.8,172.3
39.3,184.7
41.3,176.2
40.2,173.1
41.6,175.8
41.3,170
45,177.1
50.7,169.3
46,186.1
33.9,185.8
41.3,174.9
46.2,170.7
44.4,167.9
24.7,182.1
48.3,170.9
39.3,178.7
48.3,179
48.6,169.6
38.9,184.3
44.3,179.4
51.7,174.6
35.1,185.5
26.7,182.1
51.2,173.3
34.8,175.2
38.9,181.7
60.9,172.2
37.7,179.9
40.1,179.4
36.4,181.5
44,172.4
37.3,182.5
32.2,180.1
48.9,173.8
44.1,172.1
52.6,173.6
34.8,180.6
41.5,176.2
42.7,175.6
48.3,176.6
37.9,181
47.5,178.7
39.5,177.3
34.9,178.2
48.2,175.9
49.5,171.8
44.1,173.5
47.7,174.5
47.8,164.9
60.7,167.1
44.4,173.7
56.1,170.9
48.4,175.4
34.2,174.1
39.7,176.8
51,169.2
51,171.8
49.1,176.8
53.9,170.6
53.1,172
50.6,170.2
47.9,174.9
34.6,184.9
38.7,174.1
34.2,175.6
56.9,162.2
56,169.3
50.3,172.3
44.1,176.8
43.6,178.4
45.2,172.9
60.4,162.2
42.1,176.1
43,184.3
48.2,175
50.5,174.7
34.3,176.8
45.3,175.4
42.7,168.5
32.9,181.7
40.9,173.7
61.2,162.6
41.8,182.4
39.9,173.4
40.3,181.6
51.2,169.3
43.1,174.6
50,162.4
26.5,181.8
38.7,179.4
27.5,182.1
44,171.9
47.2,170.5
38.9,172.9
51.3,176.2
47.5,178.4
59.4,163.4
57.8,168.2
49,171
54.3,177.5
51.3,179.1
40.1,177.8
37.9,184.7
47.5,175.6
37.5,178.9
43.1,178.4
51.7,174.5
36.5,178.7
42.7,183.2
33.6,181.8
42.1,173.7
51.1,170.3
50.9,174.4
49.3,170.6
43,177.3
33,179.8
45.1,177
47.8,172.4
42.6,175.2
36.8,178.3
46.7,170.3
40.9,182.8
57.4,168.2
38.5,177.4
45.2,175.6
36.6,178.4
41.5,179.7
63.3,163.7
50.6,168.2
28.1,177.4
52.6,177.9
50.5,165.1
48.5,169.5
50.2,177.8
61.3,164.8
39.2,173.9
53,167.6
48,174.5
48.7,171.7
48.1,167.7
54.1,164.7
45.7,169.5
53.5,166.4
50,169.6
49.2,169.9
43.5,179
40.4,181.4
33.8,176.9
56.2,171.9
32.7,181.8
41.2,179.6
59.3,168.2
45.7,170.2
37.2,177.9
36.5,177.4
46.8,169.7
32.9,184.9
33.2,189.4
41.3,169.8
52.6,169.3
47.8,176.9
52.8,171.5
39.2,176.6
49.1,165.7
37.4,176.3
43,177.4
38.3,180.5
53.9,164.9
41.6,173.8
47.1,173.9
46.5,169.6
52.4,174.5
40.5,173.1
50,170.7
28.6,179.5
36.2,178.3
48.8,177.7
39.6,172.6
35.2,180.4
45.9,181.4
38.1,178.4
32.6,186.3
44.3,176
44.6,176
49.7,167.8
51,168.6
45.9,177.1
51.3,176
54.8,173.7
61.9,165.3
45.1,167
37.4,177.6
29,185.7
38.7,176.7
32.1,179.5
47.3,176.3
45.1,183
35,178.2
28.8,180.3
37,172.7
42.8,177.8
37.5,178.6
45.5,176.2
39.1,179.5
43.6,171.9
39,183.6
48.1,170.8
43.6,178.5
48.1,173
45.2,176.9
48.3,175
44.5,172
53.4,170.3
52.9,167.3
31.9,182
50.5,171.9
55.6,163.1
45.7,172.6
49.2,169.7
52.2,167.5
35.2,178
54.8,168
37.2,170.9
59.6,156.1
35.9,186.4
50.3,165.1
38.7,176.1
59.1,166.8
49.3,170.4
55.4,159.9
49.3,181.1
45.3,169.7
35.7,183.7
47.4,173.5
41.6,175.6
44.4,176.5
52.4,166.9
35.9,174.8
56.6,172.6
55.3,175.9
38,178.8
48.1,176.8
40.5,181.5
54.8,175.1
29.7,179.2
46.4,172.9
42.9,174.4
54.6,171.7
45.6,177.1
42.9,168.4
50,177.4
26.8,187
38.5,183.2
34.3,178
54.5,176.2
36.4,174.1
38.8,176
44,173.6
50,175.8
45.6,178.3
33,179.6
45.7,173.3
33.3,180.2
35.7,175.5
46.2,174.6
40.9,177.2
30.1,185
51.2,171.4
55.7,166.8
44.2,174.9
44.5,172.4
43.7,175.4
40,180
38.3,174.5
53.7,161.9
39.3,178.8
50.1,170.8
50.3,171.3
34.8,178.9
43.2,181.2
47.3,176.9
42.6,182
34.5,172.1
38,177.1
52.1,169.4
43.5,178.7
48.4,168.8
41.5,174.4
46.8,172.2
44.4,174.2
45,172.5
40.2,173.7
31,179.3
53.7,166.2
36.7,178.8
28.5,185.5
44.9,173.3
41.2,174.5
55.3,166.5
43.3,176.1
46.9,169.8
65.4,161.3
42.5,171.5
49.2,176.7
48.5,171.9
47.4,181
39.4,168
33,177.5
49.3,162
46.4,166.5
54.4,176.7
37.9,172.3
41.8,177
38.9,174.4
56.2,171.4
36.4,176.5
48.6,171.1
49.5,172.5
46.3,178
53.6,169.2
58.3,166.8
51.1,173.4
36.6,180.5
58.6,173.5
55.1,170.3
46.5,179.2
43.1,178.5
51.6,172.1
52,161.1
30.6,181.6
51.7,170.7
53.3,174.7
45,167.9
58.1,165.2
52.5,170
57.7,166.3
34.6,183.4
51.9,166.7
58.1,162.1
45,170.8
36.2,176.5
30.2,182.2
43,174.7
26.4,189.1
40.3,177.3
40.9,174.9
39.8,177.4
39,183.9
55,172.9
57.3,170.4
61.9,163.3
38.3,172
33.4,178.8
43.4,180.1
61.1,160.1
37.8,178
44.3,172
55.5,168.3
48.6,173.1
32.1,183
26.9,179.9
41.6,174.4
52.4,169.2
43.9,171.8
62.7,161.2
35.4,170.8
46,180
44.3,171.2
60.7,162.9
51.9,175.5
48.2,167.1
55.1,169.3
36.2,178.3
52,172.8
34.1,179.1
47.5,170.4
41.6,178.8
49.1,170.3
51.9,162.8
52.4,168.9
54.9,164.5
50.3,174.8
40.9,179.4
44.7,174.3
42.6,177.6
47.9,169.8
34.3,183.5
42.6,175.3
43.5,172.1
53.3,168.4
35,181.3
42.2,181.9
42.9,172
37.9,176.2
48.5,169.6
