Post ID,Account ID,Account username,Account name,Description,Duration (sec),Publish time,Permalink,Post type,Data comment,Date,Views,Likes,Shares,Comments,Saves,Reach,Follows
17927394071816206,17841402627774708,atu_business,ATU LeMoyne Smith School of Business,"ICYMI: Decode the Clues with ATU, TOMORROW!",29,08/01/2024 09:08,https://www.instagram.com/reel/C-Ih3nmR6SU/,IG reel,,Lifetime,872,11,2,0,0,504.0,0.0
17988368402736497,17841400588879469,_livjohnson34,liv 🍓,"Welcome back to another day of the life of a graduate assistant! Halloween is my favorite holiday, so I had to take you along with me 👻

#GoodAsGold #ATU2024 #GraduateSchool #GraduateStudent #Halloween #Beetlejuice #ArkansasTech",45,10/31/2024 14:16,https://www.instagram.com/reel/DBzaM9Dy46p/,IG reel,,Lifetime,1642,62,1,4,0,,
17864129277252817,17841402627774708,atu_business,ATU LeMoyne Smith School of Business,"Cash Cow can’t wait to see all of her friends tomorrow for trick or treating at Rothwell!

Look for “Trick or Treat” decorations to find the candy at:
👻 Career Services
👻 4th floor lobby and offices

Costumes are encouraged!! Please bring your own basket!

#heckyeahtechyeah #atubusiness #atu2024 #halloween #trickortreat",18,10/30/2024 10:00,https://www.instagram.com/reel/DBwYIhTPVox/,IG reel,,Lifetime,1078,58,3,0,1,647.0,0.0
18012068291410924,17841402627774708,atu_business,ATU LeMoyne Smith School of Business,"The first #TechCampOut was a blast! 🌲🔥 Thank you to our 200+ student attendees, faculty and staff, and of course to @arkansasbluecross and @farmcreditwear who helped make this a night to remember. 🌙🏕️

Shoutout to our amazing student organizations 📣

✨ @atuaccounting 
✨ @atu_shima 
✨ @sigmaalpha.atu 
✨ @agr_atu 
✨ @atusga 
✨ @atu_els",0,10/29/2024 11:16,https://www.instagram.com/p/DBt8C0bRCx0/,IG carousel,,Lifetime,2795,141,10,1,2,1501.0,0.0
18057994513852516,17841402627774708,atu_business,ATU LeMoyne Smith School of Business,"Make your way to Rothwell 138 at noon today to hear about the Wall Street Experience - direct from us 🫡 join us during Spring Break next semester to experience Wall Street and more ✈️🏙️

For more info, contact jbrock15@atu.edu or DM us! 

#livefromnewyork #snl #domingo #atutravels #heckyeahtechyeah #collegelife #welcometonewyork",7,10/28/2024 09:11,https://www.instagram.com/reel/DBrIvxax_mL/,IG reel,,Lifetime,1477,19,1,0,0,879.0,0.0
18013597352626059,17841400496704543,josiahhcarterr,LOVE,"Spooky Season🎃🎃

Had so much fun at the 1st Tech Camp Out! It was great to spend some time not stressing out about accounting or football😂
#atubusiness #goodasgold #heckyeatechyea",0,10/25/2024 11:14,https://www.instagram.com/p/DBjopRSR58V/,IG carousel,,Lifetime,9299,300,16,2,0,,
18240619846285920,17841468167257244,marketing_taylorsversion,,The only scooters we allow in this class 💁🏼‍♀️🖤#marketingtaylorsversion #swiftie #taylorswift #reputation #reputationtaylorsversion #rep #reptv #getawaycar @taylorswift @taylornation @atu_business @arkansastech @kylierehberger,15,10/25/2024 11:02,https://www.instagram.com/reel/DBjnGKAvEci/,IG reel,,Lifetime,941,23,1,2,0,,
17925821945859454,17841402627774708,atu_business,ATU LeMoyne Smith School of Business,"🎉GIVEAWAY ALERT🎉 we’re gearing up for the ultimate Tech Camp Out event and we want YOU to join in on the fun! @w_carter_ayers has been busy catching these prizes for you 😅

For a chance to win some prizes early:
✨ Tag a friend you’d bring to the camp out 👯
✨ Make sure you’re both following us ✔️

That’s it! The more friends you tag, the more chances to win! Hurry 🏃🏻 we are announcing the winner at noon tomorrow, October 24th. 

See you at the Hull Student Union tomorrow from 5-8! 🏕️

#heckyeahtechyeah #projectLEAD #giveaway #collegelife",25,10/23/2024 14:10,https://www.instagram.com/reel/DBeyCIhR4Oc/,IG reel,,Lifetime,3937,89,24,41,3,2213.0,6.0
18000616988691178,17841400314558589,atuagriculture_tourism,ATU Department of Agriculture and Tourism,"ABSOLUTELY BEGGING TO GO TO NATCO!
💛💙💛💙
We are happy to send a variety of Agriculture students to meet FFA members at National Convention. Also, ATU students will be receiving their American Degree, which is the highest honor a FFA member can receive for their hard work as a member and alumnus.
💚HECK YEAH, TECH YEAH💛

#ffa #ffaconvention #arkansastech #arffa #ag #arkag",12,10/22/2024 10:02,https://www.instagram.com/reel/DBbw5w9RxKk/,IG reel,,Lifetime,2632,119,3,3,2,1370.0,1.0
17881344294153517,17841402627774708,atu_business,ATU LeMoyne Smith School of Business,"🌲✨ Get ready to unwind and have some fun at Tech Camp Out this Thursday from 5-8 PM in the Hull Student Union! 🏕️🔥

We’ve got it all—free food, prizes, games, and even puppies! 🐶 Bring a friend, kick back, and enjoy the vibes. Don’t miss out on a night of adventure! 🌟

#TechCampOut #heckyeahtechyeah #collegelife #projectLEAD",11,10/21/2024 11:39,https://www.instagram.com/reel/DBZX-4sRHqY/,IG reel,,Lifetime,1867,41,8,0,1,1031.0,1.0
18064770241669159,17841402627774708,atu_business,ATU LeMoyne Smith School of Business,"Spring registration opens on October 21st! That’s next week 🤯 Make sure to schedule an appointment with your academic advisor 📚🗓️

 #30minutes #collegelife #heckyeahtechyeah #trending",6,10/18/2024 10:56,https://www.instagram.com/reel/DBRk0L9RZi4/,IG reel,,Lifetime,2302,40,3,0,1,1416.0,0.0
17925010460969528,17841402627774708,atu_business,ATU LeMoyne Smith School of Business,"🎶 Welcome to New York, it’s been waiting for you 🎶

Ready to turn your Spring Break into an unforgettable adventure? The Wall Street Experience is calling! 🏙️🍎Earn upper-division elective credit in the city that never sleeps 🌙

Want in? Join us for an interest meeting on Monday, October 28th at noon in Rothwell 138 to learn more ✈️

#welcometonewyork #wallstreetexperience #springbreak2025 #atutravels #heckyeahtechyeah",13,10/17/2024 12:14,https://www.instagram.com/reel/DBPH2SlRceB/,IG reel,,Lifetime,1080,31,3,0,3,632.0,0.0
18111285742419536,17841402627774708,atu_business,ATU LeMoyne Smith School of Business,"Dr. Elkassabgi just confirmed it - if it’s on sale, it’s basically free 💸🛍️ 

#girlmath #heckyeahtechyeah #treatyourself",60,10/14/2024 10:30,https://www.instagram.com/reel/DBHOzB5RMet/,IG reel,,Lifetime,1089,56,3,3,2,506.0,0.0
18460098133024385,17841402627774708,atu_business,ATU LeMoyne Smith School of Business,"Midterms are in full swing and we are back with another Professor Pep Talk from our School of Business faculty🫡 You are doing GREAT!!! Finish strong 💪🏼📚 

#heckyeahtechyeah #midterms #examseason #collegelife",36,10/11/2024 09:53,https://www.instagram.com/reel/DA_bqyXRBep/,IG reel,,Lifetime,1629,57,4,2,1,1048.0,0.0
17885491104129649,17841402627774708,atu_business,ATU LeMoyne Smith School of Business,"It’s midterm week and our faculty are here to encourage you every step of the way! 📚 Take a break and listen to our @atuagriculture_tourism faculty give a professor pep talk to ease your mind 🧠

You’ve got this!!! 🫡 

#midterms #heckyeahtechyeah #collegelife #examseason",114,10/09/2024 15:01,https://www.instagram.com/reel/DA6zuTdx2R-/,IG reel,,Lifetime,1730,72,8,3,5,969.0,1.0
18331534330145381,17841400314558589,atuagriculture_tourism,ATU Department of Agriculture and Tourism,"🪴Plant Science labs are so fun yet challenging!🪴

But, you still have thirty minutes…

#atu #agriculture #atuagriculture #college #collegelife #science",8,10/07/2024 11:56,https://www.instagram.com/reel/DA1WoyWxRxm/,IG reel,,Lifetime,3411,67,13,8,3,1930.0,0.0
17985865259589587,17841402627774708,atu_business,ATU LeMoyne Smith School of Business,"Happy Fall Break 🍂

Check our story to learn how to win Business Bucks during your break 👀

{ #atubusiness #heckyeahtechyeah #collegelife #atu2024 #october3rd #meangirls #collegestudent #campuslife }",6,10/03/2024 10:45,https://www.instagram.com/reel/DAq7uMAxN0f/,IG reel,,Lifetime,3565,48,8,1,1,2147.0,0.0
18021094265237651,17841402627774708,atu_business,ATU LeMoyne Smith School of Business,"It’s giving target audience 🎯 

#genz #genzhumor #genzmarketing #heckyeahtechyeah #trending",57,10/01/2024 10:30,https://www.instagram.com/reel/DAlwfpNRqLi/,IG reel,,Lifetime,7345,322,146,53,28,4082.0,7.0
18022496480213891,17841401172912863,pauvgp,Paula González,"❀ ATU FAMILY DAY 100th ANNIVERSARY w/ people that I love!!! ✩✩˃̵ᴗ˂̵ @arkansastech 
—
thank you @atu_business for sponsoring my photo op with these rainbow dippin’ dots and the cutest ATU buttons 🤭🌈🌈 can’t wait for all the October 👻 events coming up!! stay tuned for spooky season 💛💚🎃 #atubusiness #goodasgoldambassador #GOWONDERBOYS",0,09/30/2024 11:00,https://www.instagram.com/p/DAjPH9XSuRI5LSJwWNDQAzRSKqK5Y5OU97MpLg0/,IG carousel,,Lifetime,7657,482,0,28,0,,
17938213787789412,17841402627774708,atu_business,ATU LeMoyne Smith School of Business,"Reflecting on an amazing night at Meet the Firms! Upper-level accounting students had the incredible opportunity to connect with accounting and discuss their future careers. It was a fantastic chance to learn, network, and explore job opportunities. 🙌🏻✨

#ATUBusiness #FutureAccountants #ATU2024 #collegelife #accountingstudent",0,09/26/2024 08:00,https://www.instagram.com/p/DAYnVqxxHto/,IG carousel,,Lifetime,1238,69,12,0,0,533.0,0.0
18041428958297754,17841400496704543,josiahhcarterr,LOVE,"Yesterday evening was our Meet the Firms event, and it was great!! 14 total accounting firms were there to for us to meet and learn about their firm! Come get ready with me! #heckyeatechyea #goodasgold #atubusiness #accounting",99,09/25/2024 07:22,https://www.instagram.com/reel/DAV-JxUORk8/,IG reel,,Lifetime,1426,42,1,0,0,,
18252574504254966,17841402627774708,atu_business,ATU LeMoyne Smith School of Business,"And just like that, our time together has come to an end…

THM x ATU’s Intercultural Understanding Program joined students from across the globe together to form better understandings of working with people from other cultures. During their time in this three-part program, the group formed friendships and memories to last a lifetime!

If you want to see what all the program entails, check out our THM ‘24 highlight 🇩🇪🇺🇸

#THMTakeover #ATUBusiness #ATU2024 #heckyeahtechyeah #collegelife #foreignexchange #internationalbusiness #collegestudent #exchangestudent",56,09/23/2024 10:05,https://www.instagram.com/reel/DARGq_-xNVv/,IG reel,,Lifetime,5089,85,7,2,5,2707.0,0.0
17858229984204897,17841402627774708,atu_business,ATU LeMoyne Smith School of Business,"Do you remember… 💃🏽🕺🏼🪩

#21stnightofseptember #heckyeahtechyeah #atu",44,09/21/2024 18:06,https://www.instagram.com/reel/DAM0eIZRr88/,IG reel,,Lifetime,2608,67,4,2,1,1388.0,2.0
18019683089228402,17841401497413900,karson.hutchins,Karson Hutchins,"ATU COLLEGE FAIR!! 
Yesterday, Arkansas Tech hosted the College Fair for high school students to talk to 40+ institutions! I had the best time getting to tell everyone about what makes ATU and the College of Business and Economic Development so special! #ATUBUSINESS #GOODASGOLD #GO2ATU",16,09/20/2024 09:36,https://www.instagram.com/reel/DAJU9ssv39Y/,IG reel,,Lifetime,1917,74,3,3,0,,
18055064149828874,17841402627774708,atu_business,ATU LeMoyne Smith School of Business,"We had a fantastic time at the ATU Career Fair this week! It was truly inspiring to meet so many bright and ambitious students eager to kick-start their careers. 💚💛

A huge shoutout to @atucareers for organizing such a successful event! Your hard work and dedication continue to create valuable opportunities for students to connect with industry professionals and explore career possibilities. 🎉👏

If you missed this one, make sure you catch us next time on October 16th! Whether you’re searching for internships, full-time positions, or just looking to get a feel for the professional world, these fairs will prepare you for future success. 💼

#ATU2024 #ATUBusiness #collegelife #careeradvice #careeropportunities #collegestudent #businessstudent",0,09/19/2024 11:07,https://www.instagram.com/p/DAG7QeGR57S/,IG carousel,,Lifetime,2186,105,4,1,3,1076.0,1.0
18042682819852362,17841402627774708,atu_business,ATU LeMoyne Smith School of Business,"Big thanks to all the students who joined us for the Career Connections event with Bell & Company! Your enthusiasm and engagement made it a huge success. 🎉

A special shoutout to Bell & Company for sharing valuable insights about the world of accounting and career opportunities in the field. We appreciate your time and expertise! 🙌

#atubusiness #collegelife #heckyeahtechyeah #atu2024 #accountingstudent #accountinglife",0,09/18/2024 11:20,https://www.instagram.com/p/DAEX4izxMzc/,IG carousel,,Lifetime,919,42,1,0,0,476.0,0.0
18075140404556033,17841402627774708,atu_business,ATU LeMoyne Smith School of Business,"Making money moves 💸 What would you do with $600,000? Tell us in the comments who had the best answer 👇🏼 

#heckyeahtechyeah #thmtakeover #collegelife #exchangestudent #fromthevault",54,09/17/2024 16:02,https://www.instagram.com/reel/DACSuwbxiTc/,IG reel,,Lifetime,5019,72,10,1,0,2207.0,0.0
17882794110080766,17841413390071444,thm.business,"THM Business School, Gießen","🇩🇪
Russellville (Arkansas) calling!🦅🇺🇸 Nach einem virtuellen Planspiel und der Gießen-Week geht es am Sonntag für die Studierenden des Modules „International Business Simulation“ jetzt in die finale Phase des Moduls: Campus-Tour, spannende Vorlesungen, Unternehmensbesuche und kulturelle Highlights wie Memphis und Little Rock warten auf sie. Stay tuned für mehr Updates! 🤓✈️

🇺🇸
Russellville (Arkansas) calling! 🦅🇺🇸 After a virtual business simulation game and the week in Gießen (Germany) abroad, the students of the „International Business Simulation“ module are now heading into the final phase: campus tour, exciting lectures, company visits, and cultural highlights like Memphis and Little Rock are waiting for them. Stay tuned for more updates! 🤓✈️

#THMgoesUSA #InternationalExperience #BusinessSimulation #ATU #Marburg #Giessen #Frankfurt #EZB #DeutscheBoerse #Arkansas #thm #thmbusiness 

Kamera: Andreas Deublein, Malik Schleher
Schnitt: Malik Schleher",35,09/14/2024 05:23,https://www.instagram.com/reel/C_5biudtPq3/,IG reel,,Lifetime,3662,70,5,2,0,,
18278092855240381,17841402627774708,atu_business,ATU LeMoyne Smith School of Business,"Happy #FeelGoodFriday!

Sometimes students need a brain break from their classes and assignments 📝 Today, students in Marketing (Taylor’s Version) made friendship bracelets while learning about how Taylor Swift incorporates bracelets into her marketing plan! They also celebrated the first 13th of the semester (IFYKYK) 🤭

Have a great weekend!! 

#ATUBusiness #HeckYeahTechYeah #ATU2024",0,09/13/2024 09:46,https://www.instagram.com/p/C_3VMSpRNFr/,IG carousel,,Lifetime,1485,102,6,0,0,869.0,0.0
17862062880227379,17841402627774708,atu_business,ATU LeMoyne Smith School of Business,"Thank you to all the students who joined us today for Career Connections with Landmark CPAs! A huge shoutout to Landmark for sharing their insights and valuable career advice. 🎉 We hope you left feeling inspired and ready to take the next step!

Don’t miss out on next week’s Career Connections with Bell & Company. Mark your calendars and get ready to network and learn more about career opportunities! 📅✨ 

#ATUBusiness #HeckYeahTechYeah #ATU2024",0,09/11/2024 11:08,https://www.instagram.com/p/C_yVA8MxIvj/,IG carousel,,Lifetime,935,42,2,0,0,492.0,0.0
18041981153007079,17841402627774708,atu_business,ATU LeMoyne Smith School of Business,"they hate to see me coming…

Did you know that instructors have office hours where students can receive advice, assistance, and more? Locate their hours on your class syllabi!

#heckyeahtechyeah #atubusiness #collegelife #campuslife #collegestudent #collegememes",8,09/08/2024 14:00,https://www.instagram.com/reel/C_q6RMbRmps/,IG reel,,Lifetime,1206,26,1,0,0,539.0,0.0
17979280316729591,17841400588879469,_livjohnson34,liv 🍓,"Paint the Town Green and Gold 2024 💚💛

Today is a great day to explore Russellville and hunt for entries around town! What is your favorite display 🤔

#GoodAsGoldAmbassador #HeckYeahTechYeah #collegelife #collegegameday #arkansastech #russellvillearkansas",34,09/05/2024 13:08,https://www.instagram.com/reel/C_jFYV8RUio/,IG reel,,Lifetime,962,27,5,0,0,,
18129538213367352,17841402627774708,atu_business,ATU LeMoyne Smith School of Business,"Cash Cow stopped by @ilovedogear and hid some Business Bucks for you to find! We love our local businesses 💚💛 Stop by the store and carry your enthusiasm all the way to the game tomorrow night! 🏈 

@atuathletics @retroroasts @rsvlareachamber 

#shoplocal #heckyeahtechyeah ✨",54,09/04/2024 11:39,https://www.instagram.com/reel/C_gVhO_xd8K/,IG reel,,Lifetime,946,37,2,0,0,459.0,0.0
18052429123840186,17841402627774708,atu_business,ATU LeMoyne Smith School of Business,"what would you grab?

#atubusiness #heckyeahtechyeah #arkansastech #collegelife #collegememes #collegestudent #campuslife",16,09/01/2024 15:00,https://www.instagram.com/reel/C_Y_kiFxqY3/,IG reel,,Lifetime,2203,95,9,1,1,1066.0,0.0
18061998730713483,17841402627774708,atu_business,ATU LeMoyne Smith School of Business,"Apply to be a member of the Business Student Leadership Council today using the link in our bio 💛💚 The deadline to apply is September 16th. 

The BSLC is a prestigious organization that offers students an opportunity to serve as a student leader and ambassador for the College of Business and Economic Development.

In addition to serving as an advisor to the dean, BSLC members will be charged with recommending and developing programs and activities for the College of Business and Economic Development.

#ATUBusiness #HeckYeahTechYeah #StudentOpportunities #CollegeLife",0,08/29/2024 08:00,https://www.instagram.com/p/C_QhGa4xPNJ/,IG carousel,,Lifetime,1942,91,0,0,3,1001.0,0.0
18034057241472960,17841402627774708,atu_business,ATU LeMoyne Smith School of Business,"Congratulations to Allie for winning Cash Cow’s first giveaway of the semester!! She took home $50 of Business Bucks 💸

What’s a Business Buck?

Business Bucks are a way for students taking School of Business courses to be awarded for their academic achievements and participation! Save your bucks for Cash Cow’s auction at the end of the semester where you can win big ticket prizes!

Earn them by
💚 Acing your academics
💛 Attending School of Business Events
❤️ Engaging on social media
AND MORE!

Business Bucks expire at the end of each semester.

#ATUBusiness #HeckYeahTechYeah",0,08/27/2024 10:45,https://www.instagram.com/p/C_LqW5sRXLv/,IG image,,Lifetime,1324,88,1,11,0,872.0,1.0
18135500593360748,17841402627774708,atu_business,ATU LeMoyne Smith School of Business,"Week 1 down ✅

#collegelife #heckyeahtechyeah #campuslife #atubusiness #collegestudent #firstdayofschool #orientationweek",11,08/25/2024 17:10,https://www.instagram.com/reel/C_HMn6pRHtF/,IG reel,,Lifetime,1478,57,1,0,0,662.0,0.0
18036376388485334,17841402627774708,atu_business,ATU LeMoyne Smith School of Business,"Cash Cow is BACK and ready to give Business Bucks to all of her friends in the School of Business! Swipe to learn more about Business Bucks and how you can earn them!

Want to win $50 of Business Bucks?
💚 Follow us @atu_business 
💛 Tag a friend in the comments
🐮 Bonus entry: share this post to your story and tag us!
Giveaway entries end on Sunday, August 25 at 11:59PM 

Let’s have a fantastic semester together 🐮",0,08/23/2024 07:00,https://www.instagram.com/p/C_A9bSjxc6f/,IG carousel,,Lifetime,3767,111,0,24,3,2542.0,5.0
18006373925399594,17841401172912863,pauvgp,Paula González,"Back on the best campus @arkansastech and reunited with my favorite place… oh Rothwell, how I’ve missed you! I’m so happy to share that I’ll be serving as a ‘Good as Gold Outreach Ambassador’ for the School of Business and Economic Development @atu_business this semester. Follow along as I finish strong in my last undergrad semester 🥹 and share all things ✨BUSINESS✨. Hope everyone had an amazing #FDOC! 🪩✨🎓✏️🥹🤓🩵",0,08/22/2024 11:58,https://www.instagram.com/p/C--601pSPMQDO-FDuE8ObqbBwzU8Ee5Y-anKzs0/,IG carousel,,Lifetime,8116,795,0,49,0,,
18073809883535827,17841400496704543,josiahhcarterr,LOVE,Day in my life… 1ST DAY OF CLASSES! #ATU #heckyeatechyea,102,08/22/2024 06:53,https://www.instagram.com/reel/C--XhR9xfl0/,IG reel,,Lifetime,3329,187,12,8,0,,
18007786424344156,17841400588879469,_livjohnson34,liv 🍓,"last first day 3.0 💚💛

join me for a day in the life of a graduate assistant on the first day of class!

#GoodAsGoldAmbassador #collegelife #graduateschool #heckyeahtechyeah #ATUBusiness",52,08/21/2024 14:33,https://www.instagram.com/reel/C-8no7uRx56/,IG reel,,Lifetime,3127,102,4,2,0,,
18018476402207797,17841402627774708,atu_business,ATU LeMoyne Smith School of Business,"It’s been a long time coming, but… we hope you’re just as excited for the first day of classes as we are! ✨

Make sure to stop by the Rothwell first floor lobby photo booth, take a picture, and tag us for a chance to win a tshirt!

 #firstdayofschool #collegelife #heckyeahtechyeah #atubusiness",0,08/21/2024 10:05,https://www.instagram.com/p/C-8JCNRJx4Z/,IG image,,Lifetime,1088,78,1,1,1,627.0,1.0
18118211521377001,17841402627774708,atu_business,ATU LeMoyne Smith School of Business,"Orientation unlocked! 🗝️

Thanks to everyone who cracked the codes and escaped with us! Here’s to new friends and unforgettable memories!",0,08/20/2024 16:37,https://www.instagram.com/p/C-6RJUaxSZY/,IG carousel,,Lifetime,1534,74,2,0,1,878.0,3.0
18123533158375485,17841402627774708,atu_business,ATU LeMoyne Smith School of Business,"It was great to see you at the Involvement Fair tonight and we hope to see you around campus soon! We could see you as a College of Business and Economic Development major 😎

Did you make the reel?! Tag in the comments!👇🏼

#newstudentsatu #campuslife #college",23,08/19/2024 19:42,https://www.instagram.com/reel/C-4BdsXxSpA/,IG reel,,Lifetime,1752,63,8,0,0,951.0,1.0
18336077530123406,17841402627774708,atu_business,ATU LeMoyne Smith School of Business,"Thanks to everyone who helped make Project Lead a success! We had a great time meeting our students and talking about the upcoming semester all while learning about communication and emotional intelligence from Phillip McClure.

A huge congrats to our giveaway winners! 🏆

ICYMI, check back tomorrow for details on how to win a LAPTOP at freshman orientation on Tuesday! 💻",0,08/18/2024 17:28,https://www.instagram.com/p/C-1NbE5xIPo/,IG carousel,,Lifetime,2001,130,3,0,0,1122.0,3.0
18072694270550588,17841402627774708,atu_business,ATU LeMoyne Smith School of Business,"Project Lead is TOMORROW! Join us at 9am in Chambers West for networking 🫱🏽‍🫲🏻 learning 📚and prizes 🏆

Bring your Tech ID for easy check-in 🪪

We can’t wait to see you there!",0,08/17/2024 10:00,https://www.instagram.com/p/C-x1T0BRpCc/,IG image,,Lifetime,721,33,1,0,0,494.0,0.0
18093478633455991,17841402627774708,atu_business,ATU LeMoyne Smith School of Business,"‘Twas the night before move-in 🥹
We know this is a big step for you and the ones you love, but you are going to do great things and we are so proud to have you here 💚 Welcome to Arkansas Tech and the School of Business 🐾

#countdown2atu #go2atu #newstudentsatu #moveinday #freshmanadvice #college #collegelife",46,08/16/2024 17:00,https://www.instagram.com/reel/C-wAofsRMGB/,IG reel,,Lifetime,867,32,2,4,0,469.0,0.0
17858059155227873,17841402627774708,atu_business,ATU LeMoyne Smith School of Business,"Project Lead is coming up quickly!! 

Join us on Sunday, August 18th in Chambers West to connect with students and faculty and make a smooth transition into college life. Project Lead: Where Leadership Meets Opportunity. ✨

Check your mail for an invitation and don’t forget to RSVP - there’s still time!

We can’t wait to see you there!

{ #ATUBusiness #HeckYeahTechYeah #ATU24 #Go2ATU #CollegeLife }",7,08/13/2024 10:30,https://www.instagram.com/reel/C-nk5hdRX6F/,IG reel,,Lifetime,885,18,1,0,0,371.0,0.0
17909781383897768,17841402627774708,atu_business,ATU LeMoyne Smith School of Business,"Walk away from Project Lead with pro tips and resources, insight from valuable leaders, and PRIZES! Join us on the 18th and set the stage for your success in the College of Business and Economic Development. 🫱🏽‍🫲🏻

There is still time to RSVP!",10,08/07/2024 09:00,https://www.instagram.com/reel/C-X-h2yxSXd/,IG reel,,Lifetime,460,16,1,0,0,229.0,0.0
18131813026359187,17841402627774708,atu_business,ATU LeMoyne Smith School of Business,"It’s tax free weekend and we are here to help! Back to school shopping can feel overwhelming, so here are some essential items you should consider. Take advantage of your tax savings and get your textbooks ordered at @atu_bookstore and the key items you need for a successful semester 📚

Please keep in mind that Macs are not ideal for business classes! 💻",15,08/03/2024 07:00,https://www.instagram.com/reel/C-Ndn5FRYpx/,IG reel,,Lifetime,990,18,2,0,1,542.0,0.0
18038370796998661,17841402627774708,atu_business,ATU LeMoyne Smith School of Business,"Decode the Clues with ATU 🕵️‍♂️

Incoming ATU freshman partnered with faculty & staff to escape the mysteries of Hourglass Escape Rooms in Russellville 🔎 

Congratulations to the winners of our giveaway! Participants were put into a drawing for scholarships, school supplies, gift cards, and more!

{ #ATUBusiness #HeckYeahTechYeah #ATU #arkansaslife #arkansasfall #ATUfreshman #CollegeLife #collegestudent }",0,08/02/2024 14:24,https://www.instagram.com/p/C-LrkFWRG6I/,IG carousel,,Lifetime,1267,41,4,1,0,737.0,0.0
18130902409449209,17841402627774708,atu_business,ATU LeMoyne Smith School of Business,"We didn’t come to play around…
(Except maybe a quick game of UNO in the business student lounge 😎)

🛍️💸 It’s TAX 👏🏼FREE 👏🏼WEEKEND.

Need recommendations for back to school? This is what’s making it into our carts: 

🖥️ A new laptop (WINDOWS ONLY💥DO NOT BUY A MAC!!!)
📓 Notebooks & supplies (you’re definitely taking notes this semester)
🎒 A backpack that holds your entire life… and psst 👀 a giveaway is coming soon
🧮 A financial calculator (it’s giving ROI)
☂️ An umbrella. We are practical. 
👕 @arkansastech merch from @atu_bookstore 

🧠 What are you buying? Tag us in your haul! 

#TaxFreeWeekend #ATU #ATUBusiness #HeckYeahTechYeah #CollegeLife  #BackToSchool",0,08/02/2025 08:41,https://www.instagram.com/p/DM26injRF70/,IG carousel,,Lifetime,7983,109,4,0,0,1428.0,1.0
18101054866710606,17841402232063374,carolinewilhelm_,Caroline Wilhelm,"I’m excited to announce my partnership with Russellville Fitness & Nutrition!! 🏋🏻‍♀️🥗👟

RFN is a faith-centered, family gym offering high-intensity training for all fitness levels. Memberships include personalized nutritional guidance so you can reach your goals in the gym and in the kitchen. RFN also offers a variety of class formats with morning and evening times to fit busy schedules.

ATU students!!💚💛 When you sign up under my name, you’ll receive $10 off your monthly plan plus your first week of classes free!

Questions or ready to join? Message me and I’ll get you set up.",0,10/30/2025 12:07,https://www.instagram.com/p/DQccwkUkZFa/,IG carousel,,Lifetime,7667,219,0,17,0,,
18209044423309640,17841439506570048,arkansastechjerry,Jerry the Bulldog,"FCCLA stands for Family, Career and Community Leaders of America, but when Jerry makes an appearance at their statewide conference at Arkansas Tech, it can also stand for Fun, Cute, Cuddly...Love Always!
@nationalfccla @arkansasfccla 
@atuedandhealth @atu_business",0,10/30/2025 08:17,https://www.instagram.com/p/DQcChIhjcQP/,IG carousel,,Lifetime,10176,181,31,0,0,,
18081038213318530,17841401497413900,karson.hutchins,Karson Hutchins,"Time Out For Tech!! Today was such a fun day getting to meet future ATU students and show them what makes Tech so special!! 💚💛
#go2atu #atubusiness #goodasgold",0,10/28/2025 15:05,https://www.instagram.com/p/DQXnn50jTkj/,IG carousel,,Lifetime,5096,190,2,0,0,,
18043283942449765,17841403372800947,nikki_victory,Nikki Victory,"Go for the gold with ATU Business 🌟

Stop by📍Rothwell 138 between ⏰ 10am and 12pm to check out what we have to offer! We hope to see YOU at TOFT. 💛💚

#toft #timeoutfortech #atu #arkansastech #arkansastechuniversity #fighton",64,10/27/2025 21:31,https://www.instagram.com/reel/DQVu4yEgDzx/,IG reel,,Lifetime,2056,56,8,0,0,,
18078227033155598,17841402105162969,hannahhhardesty,💟 hannah hardesty!! 𖦹,homecoming! i truly love getting to be apart of @atudeltazeta and @atu_business !! the best homecoming week ever.,0,10/25/2025 17:13,https://www.instagram.com/p/DQQH4EIDFSa/,IG carousel,,Lifetime,4683,118,4,22,0,,
18094923844827594,17841476687553432,rosietheribeter,Rose Gunther,"Here’s my 5 reasons you should come to @arkansastech 

1. @atucampuslife they’re our besties fr 
2. @atuagriculture_tourism what would we do with out our campus cows 
3. @atu_business always giving us business bucks 
4. @arkansastechjerry how can you not love him 
5. @atuathletics roll wonderboys 

#heckyeahtechyeah #arkansastech #collegelife #homecomingweek #atubusiness",9,10/22/2025 07:59,https://www.instagram.com/reel/DQHY-Y7DfNx/,IG reel,,Lifetime,7686,197,10,4,0,,
17922613149171086,17841403918223670,ashley_.m,Ashley Muller ☻,"Homecoming!! 💚💛 I have had countless opportunities during my time at Tech and I was so excited to add walking as a homecoming nominee last night to that list! I have had the best education & experiences through @atuaccounting & @atu_business and I was thankful for the opportunity to represent the best college & club on campus!! Thank you @atuaccounting for trusting me as your President the past two years and for the nomination- I am forever thankful for Arkansas Tech!!! 💚💛 
#goodasgold #arkansastech #accounting #homecoming",0,10/21/2025 08:09,https://www.instagram.com/p/DQE2c8OADmD/,IG carousel,,Lifetime,4985,165,3,10,0,,
18068891843036328,17841402105162969,hannahhhardesty,💟 hannah hardesty!! 𖦹,ATU HOMECOMING PEP RALLY!! i had so much fun getting to see all of my gals and support atu!!! @atu_business loves the wonderboys!!,0,10/20/2025 19:42,https://www.instagram.com/p/DQDg6JHDHyt/,IG carousel,,Lifetime,5690,135,3,14,0,,
18146476297420523,17841476687553432,rosietheribeter,Rose Gunther,"Are you a banana? 🍌 

Bananas are very special people that many people are not aware of. Please spread awareness by sending this to your friends and family!

Thank you on behalf of all bananas 🙂

#banana #collegelife #homecomingweek #heckyeahtechyeah",42,10/20/2025 09:15,https://www.instagram.com/reel/DQCX7jgkVUL/,IG reel,,Lifetime,2680,74,22,6,0,,
17975922845936975,17841476687553432,rosietheribeter,Rose Gunther,"Are you coming? 

Join us on October 20th, 2025.

Grab something to eat with Food trucks starting at 5 with Pep rally at 8 pm in the stadium. Come for games and big prizes! It is going to be Awesome-sauce 😎

#heckyeahtechyeah #arkansastech #homecomingweek",27,10/19/2025 10:52,https://www.instagram.com/reel/DP_-XeHEca0/,IG reel,,Lifetime,4105,138,11,6,0,,
18080820734293409,17841407390794753,will_aaron89,Will Aaron,"Thunder Up!

I was lucky enough to tour Paycom Arena and the Oklahoma City Thunder Corporate Office. It was fascinating to go behind the scenes and glance into the business side of an NBA championship team, specifically the social media team. The social media crew was very insightful and welcoming.",0,10/12/2025 17:05,https://www.instagram.com/p/DPuokw6DKr0/,IG carousel,,Lifetime,4250,165,0,5,0,,
18081007738957802,17841400496704543,josiahhcarterr,LOVE,"Inside the Champions Arena!

Yesterday I was given the pleasure of being shown around Paycom Arena (Oklahoma City Thunder’s home Arena)! I could not be more thankful for the experience an it is truly crazy to see everything from a behind the scenes corporate perspective!
#okcthunder #atubusiness #goodasgold #accounting #marketing",0,10/11/2025 11:16,https://www.instagram.com/p/DPrb3rDDzo3/,IG carousel,,Lifetime,8344,178,3,5,0,,
17982079847914748,17841402627774708,atu_business,ATU LeMoyne Smith School of Business,"thunder struck ⚡️

behind every highlight, hashtag, and hype video, there’s a team making it happen. we got a front-row seat with the @okcthunder social media team, learning what it takes to turn creativity into courtside content 🏀

{ #arkansastech #thunderup #okcthunder #loudcity #nba sports marketing, behind the scenes, student experience, sports marketing, sports industry, college life, Thunder Up }",46,10/10/2025 20:57,https://www.instagram.com/reel/DPp33FYDLCE/,IG reel,,Lifetime,2249,75,4,1,2,1368.0,0.0
18114971347480933,17841451736025184,atufbla,FBLA Collegiate at Arkansas Tech,"It’s showtime, baby 🕷️

We’re partnering with Main Street Russellville for a special screening of Beetlejuice Beetlejuice! Join us FRIDAY at 7:30PM at the Russellville Train Depot for a scary good time 👻

Stop by at 6:30PM for games and popcorn — don’t forget to bring a blanket or chair!

This is a community event, so invite your friends and family 🤍🖤

{ #arkansastech #arfblacollegiate #collegelife #atubusiness #spookyseason #beetlejuice }",12,10/08/2025 13:00,https://www.instagram.com/reel/DPj5WyzCVcv/,IG reel,,Lifetime,1165,25,2,0,0,,
18109372438572813,17841402627774708,atu_business,ATU LeMoyne Smith School of Business,"Hey Upper East Siders, @nikki_victory just made her NYC debut 🌟

Spotted: ATU students learning, networking, and shining bright. xoxo 💚💛

#ATUBusiness #AEFHonorsNight #ANA #NMGZ #NYC",0,10/07/2025 13:38,https://www.instagram.com/p/DPhY_rsEnqB/,IG carousel,,Lifetime,4985,188,7,5,0,1256.0,0.0
17887092531363535,17841476687553432,rosietheribeter,Rose Gunther,"🎬 One second I’m a lowkey campus spy…
The next? I’m in my Showgirl Era ✨👢💅

Catch the transformation and catch me at the ATU Showgirl Watch Party TONIGHT at 10 PM in the Student Union 💖
Bring your rhinestones, your scream-singing voice, and your best Taylor mood. Let’s sparkle together 🫶

#showgirl #taylorswiftalbum #collegelife #arkansastechuniversity",27,10/02/2025 10:29,https://www.instagram.com/reel/DPULM1zDzXg/,IG reel,,Lifetime,1270,48,3,0,0,,
18079149866006215,17841401497413900,karson.hutchins,Karson Hutchins,"@atu_business new shirts available for sale TOMORROW (10/2)!! Stop by the Rothwell lobby from 2:30-4:00!! The shirts are $28 or enter the giveaway that ends at 2:00! 💙

#goodasgold #atubusiness #businesscasual",0,10/01/2025 18:02,https://www.instagram.com/p/DPSaY1kjEBc/,IG carousel,,Lifetime,3420,86,3,0,0,,
18020118560760149,17841402627774708,atu_business,ATU LeMoyne Smith School of Business,"GIVEAWAY! 

We’re giving away ONE of our limited-edition Business Casual shirts (size Large) before the sale kicks off!

How to enter:

💚 Follow @atu_business 
💛 Like this post
💚 Repost to your feed (share to your story = bonus entry!)

⏰ Giveaway ends Oct. 2 at 2:00 PM. Winner announced right after.

Then don’t miss the real drop ⬇️
📍 Rothwell Lobby
📅 Oct. 2 | 2:30–4:00 PM
⚡ Small–3X available, limited quantity while supplies last.

Warning: this shirt may cause unsolicited compliments.

#ATUBusiness #HeckYeahTechYeah #Giveaway #BusinessCasual",0,10/01/2025 08:42,https://www.instagram.com/p/DPRaQAtjfv9/,IG carousel,,Lifetime,7088,97,28,2,2,2745.0,6.0
17849950293561535,17841410872455833,wapiti_hunter_oak_mefford,Wapiti Mefford,"Sand, Sun, and some ATU fun ☀️🐚

Huge thanks to our amazing sponsors and everyone who joined us for an unforgettable end-of-summer beach bash!",0,09/30/2025 19:30,https://www.instagram.com/p/DPP_oU_jsZD/,IG carousel,,Lifetime,6938,132,8,3,0,,
18069008630252782,17841406801794666,riley_drake12,Riley Drake,Had a great time hosting bingo with other SHIMA members at the 2025 Beach Bash! There were lots of fun activities outside and inside! Thank you ATU College of Business and Economic Development for putting this together! #arkansastech #healthinformationmanagement #atubusiness,0,09/30/2025 17:36,https://www.instagram.com/p/DPPylxICHAR/,IG carousel,,Lifetime,3627,97,0,2,0,,
18343924069201670,17841402105162969,hannahhhardesty,💟 hannah hardesty!! 𖦹,BEACH BASH!!!! i had soo much fun seeing all of my business pals!! so glad to be apart of @atu_business,0,09/30/2025 17:07,https://www.instagram.com/p/DPPvRAAjPkq/,IG carousel,,Lifetime,5646,162,8,21,0,,
17909774745092619,17841400940736097,kaitlyn_nicole_89,Kaitlyn McGuire,"☀️Beach Bash was a Blast☀️

Summer has ended but the fall semester is in full swing🍁🍂 I <3 ATU",0,09/30/2025 15:54,https://www.instagram.com/p/DPPm9fvjl3_/,IG carousel,,Lifetime,3496,81,2,1,0,,
18079693390817764,17841402627774708,atu_business,ATU LeMoyne Smith School of Business,"[Per Katie’s instructions] — Reminder post for Beach Bash. Event is Tuesday. Keep the copy short, direct, and student-centered. Would mean a lot. Thanks.

If you have any questions, you can probably just email her. She’s always on her phone.",0,09/29/2025 10:05,https://www.instagram.com/p/DPMaN1BjUAD/,IG image,,Lifetime,3429,109,3,3,1,887.0,0.0
18533072875014925,17841403918223670,ashley_.m,Ashley Muller ☻,"back again with another @atu_business limited edition MERCH DROP!!!! 💛💙
stop by rothwell lobby Thurs. 10/2 2:30-4 pm to get your own: $28 each!! might be a little surprise at family day tomorrow too! 😉 
#goodasgold #arkansastech #business #accounting #merch #businesscasual",0,09/26/2025 10:20,https://www.instagram.com/p/DPEtg_dAL7c/,IG carousel,,Lifetime,6148,157,12,4,0,,
18088515265892137,17841402627774708,atu_business,ATU LeMoyne Smith School of Business,"GET READY FOR BEACH BASH!🏖️ Say goodbye to summer with one last hoorah 🌊☀️ 

📍Hull Student Union
📆Tuesday Sept. 30th
🕐5-8PM

Bracelet making, tie dye tshirts, bingo, painting, puppies, and more! 🐶🎨

Plus enjoy enjoy cotton candy, s’mores, slushees, and many PRIZES 👀

#endofsummer #beachbash #atubusiness #collegelife #heckyeahtechyeah #campuslife",24,09/25/2025 11:50,https://www.instagram.com/reel/DPCS3xpkaLM/,IG reel,,Lifetime,2522,46,13,2,1,1333.0,1.0
17916964464188002,17841400496704543,josiahhcarterr,LOVE,"Just like that, there goes my last meet the firms as a student! It was an amazing time getting to learn about the opportunists that are possible and all that you can do with an accounting degree!

#goodasgold #atu #accounting #meetthefirms #atubusiness #heckyeatechyea",0,09/24/2025 10:31,https://www.instagram.com/p/DO_lLNlj71M/,IG carousel,,Lifetime,13497,210,7,9,0,,
18523817461014774,17841402627774708,atu_business,ATU LeMoyne Smith School of Business,"In NEW YORK 🗽🏙️ come see what dreams are made of!! Find out how you can afford the Wall Street Experience trip while earning credit and do spring break right! 🍎📈 

Join us for the NYC interest meeting:
📅 Wednesday Sept. 24th
📍Rothwell 138 at noon

📸 @jessiehernandxz 

#newyork #wallstreet #finance #business #arkansastech #atubusiness #heckyeahtechyeah",0,09/22/2025 11:12,https://www.instagram.com/p/DO6gU7bEc-Y/,IG carousel,,Lifetime,3767,106,1,3,3,804.0,0.0
17919664005079547,17841402627774708,atu_business,ATU LeMoyne Smith School of Business,"NMGZ x Travis x Brian Moran 🫱🏽‍🫲🏻 

Brian’s got 20+ years of CEO wins. @travis.martin47 has… “aura.” Together = a watch party you don’t wanna miss.

📍 Rothwell 132 | Sept 23 | 5 PM

#ATUBusiness #NMGZ #HeckYeahTechYeah",25,09/18/2025 12:41,https://www.instagram.com/reel/DOwXNEdktSY/,IG reel,,Lifetime,3439,88,2,12,2,1749.0,0.0
18168913282363866,17841407390794753,will_aaron89,Will Aaron,"Career Connection #1. I enjoyed hearing about Russellville insurance agency yesterday at the ATU business career connection. Insurance can be a tricky field so it was cool to learn the benefits of having a local agency in your corner, and the employment opportunities they offer.",0,09/18/2025 09:52,https://www.instagram.com/p/DOwD-6mjk7L/,IG carousel,,Lifetime,5239,150,0,4,0,,
18373387753197541,17841405084435214,elis.gergel,,"Great day at the career connection with Russellville Insurance Agency! A family orientated insurance agency with friendly employees. 💡
Was really interesting to hear about the intern/full job opportunity that they have to offer! Also interesting to also learn about all the different types of insurance, not just personal insurance (cars and homes) but also cool commercial insurance such as small to medium sized businesses and restaurants!! 💫",0,09/17/2025 17:38,https://www.instagram.com/p/DOuUfNJjjA5/,IG carousel,,Lifetime,7376,151,9,0,0,,
18041221622683006,17841402627774708,atu_business,ATU LeMoyne Smith School of Business,"Are you 🫵 ready for BEACH BASH!?

So many great prizes, activities, and free food!🎉✨

☀️Tuesday, September 30th 5-8PM
🏖️Hull Student Union
🏝️Open to all students 

#atubusiness #arkansastech #campuslife #event #heckyeahtechyeah #endofsummer #collegelife",7,09/17/2025 12:33,https://www.instagram.com/reel/DOtwj5vEpvK/,IG reel,,Lifetime,2130,37,5,0,0,1053.0,0.0
17859668358497811,17841402627774708,atu_business,ATU LeMoyne Smith School of Business,"Undeclareds to the yard 🥛pull up tomorrow 6pm Rothwell 138

#atubusiness #collegelife #heckyeahtechyeah #katseye #gap",8,09/15/2025 12:43,https://www.instagram.com/reel/DOopF2iEkFm/,IG reel,,Lifetime,3803,78,13,3,1,2243.0,1.0
18122857819491375,17841402627774708,atu_business,ATU LeMoyne Smith School of Business,"Students learned valuable conversation tools from special guest speaker Dr. Phillip McClure at Project Lead. Some even walked away with some mega prizes!😊 Students also had the chance to speak with other upper-level peers to gain some insightful advice 🧠

#arkansastech #atubusiness #projectlead #tools #studentsuccess #event #heckyeahtechyeah",0,09/11/2025 17:46,https://www.instagram.com/p/DOe4nOtjKby/,IG carousel,,Lifetime,4342,93,5,0,1,1059.0,0.0
18236813653290293,17841402627774708,atu_business,ATU LeMoyne Smith School of Business,"Project Lead is your chance to win free prizes plus free food! 🎁 All happening tomorrow!!

📅 September 11th 4-7 PM
📍Chambers West
🚨Exclusive to Freshmen in Business, Agriculture, and Tourism

#arkansastech #atubusiness #collegestudent #projectlead #collegeevents #studentsuccess",6,09/10/2025 11:52,https://www.instagram.com/reel/DObrREnkvF0/,IG reel,,Lifetime,4115,89,3,1,1,2316.0,0.0
17953818774007180,17841402627774708,atu_business,ATU LeMoyne Smith School of Business,"🎩✨You’ve got a golden ticket! 🍫 Join us on September 16th from 6-7 PM in Rothwell 138 to unlock sweet prizes and explore majors in business, agriculture, and tourism. 

Undeclared students, this event is for you! 🎟️

#atubusiness #heckyeahtechyeah #collegelife #collegeevents #undeclared #arkansastech",27,09/09/2025 13:47,https://www.instagram.com/reel/DOZS3FTEp97/,IG reel,,Lifetime,3840,72,13,1,1,2187.0,0.0
17908444305217144,17841402627774708,atu_business,ATU LeMoyne Smith School of Business,"🌏 Discover the world through study abroad! 

Visit Germany with us and meet our friends at @thm.business by simultaneously earning class credit ✈️

Germany is only one of the opportunities that await you. @arkansastech offers short-term study away programs across the country and study abroad programs at several universities across the world!

Do we have your attention yet? 👀 For more information (including SCHOLARSHIPS) don’t miss out on:

💚 Tuesday, September 9, Study Abroad Info Session, Miller Center, Dean 117, 12-1 PM
💛 Tuesday, September 9, Study Abroad and Study Away Fair, Library, 300B, 4-6 PM
💚 Wednesday, September 10, Gilman Scholarship Workshop (for Pell eligible students), Miller Center, Dean 117, 4-6 PM

#studyabroad #studyaway #atuglobal #atutravels #germany #thm #atubusiness #collegelife #heckyeahtechyeah",12,09/08/2025 12:35,https://www.instagram.com/reel/DOWkrPpgT3v/,IG reel,,Lifetime,4608,93,3,3,4,2780.0,0.0
18040759550397242,17841402627774708,atu_business,ATU LeMoyne Smith School of Business,"Huge thank you to @gobrightspeed for coming out and creating such a fun experience for students! It was a big success and so many students walked away with awesome prizes, including gift cards from local businesses. 🎉👏

#atubusiness #brightspeed #arkansastech #heckyeahtechyeah #collegelife",0,09/06/2025 10:00,https://www.instagram.com/p/DORLUbjjb7-/,IG carousel,,Lifetime,5131,107,5,2,3,1038.0,0.0
18099924781540554,17841451736025184,atufbla,FBLA Collegiate at Arkansas Tech,"✨ IT’S GIVEAWAY TIME ✨

FBLA Collegiate and the College of Business and Economic Development are all about recent trends in the world of business, so we’re giving you the chance to take home your very own official Labubu! 

To enter the giveaway you must:
💙 Follow both @atu_business and @atufbla
💛 Comment what you would name your new pal
🤍 Tag 2 friends

BONUS ENTRY: Share this post to your story!

Giveaway ends on September 19th at 5PM. You must be a current ATU student to win. Prize: sealed Labubu blind box. 

{ #atubusiness #arfblacollegiate #fbla #fblacollegiate #businessschool #collegestudent #collegelife #labubu }",0,09/05/2025 10:00,https://www.instagram.com/p/DOOmjdPCYiG/,IG image,,Lifetime,4929,73,37,23,0,,
18076781297058834,17841402627774708,atu_business,ATU LeMoyne Smith School of Business,"Cancel your plans. This is it. 🎯

📍Project LEAD: September 11, 4-7 PM, Chambers West 

Exclusively for @arkansastech freshmen in business, agriculture, and tourism 

#arkansastech #atubusiness #heckyeahtechyeah #projectlead #collegelife #collegeevents #studentsuccess",15,09/04/2025 16:00,https://www.instagram.com/reel/DOMq9iAjTC_/,IG reel,,Lifetime,5348,147,15,2,1,3113.0,0.0
17935820703079168,17841402627774708,atu_business,ATU LeMoyne Smith School of Business,"The glow up is FREE when you shop @atucareercloset ✨👗👔

Our Personal Branding students went from casual to headshot ready in minutes thanks to this campus resource. 

Huge thanks to the Career Closet for making professional style accessible for all @arkansastech students! 

#atubusiness #heckyeahtechyeah #collegelife #careercloset #arkansastech #linkedin #branding",17,09/03/2025 13:26,https://www.instagram.com/reel/DOJ0VeKknix/,IG reel,,Lifetime,4048,100,13,4,1,2190.0,0.0
17857432692497145,17841400940736097,kaitlyn_nicole_89,Kaitlyn McGuire,"Some gave Agricultural🧑‍🌾. 
Some gave just here for the food🍔… 
All gave Green and Gold💚💛

#goodasgold #arkansastech",55,08/29/2025 09:35,https://www.instagram.com/reel/DN8eersDin2/,IG reel,,Lifetime,2475,82,7,2,0,,
17957580095994007,17841402627774708,atu_business,ATU LeMoyne Smith School of Business,"Come on Barbie let’s go party 💖

Join Ken at the Beach Bash 🌊

🏖️Tuesday, September 30th
🏖️Hull Student Union
🏖️5-8 PM

Open to ALL students!

#collegelife #heckyeahtechyeah #atubusiness #trending #trendingreels #barbie #ken #beach",8,08/28/2025 16:00,https://www.instagram.com/reel/DN6paDUEkmZ/,IG reel,,Lifetime,4076,122,19,5,5,1777.0,3.0
18054131618178409,17841451736025184,atufbla,FBLA Collegiate at Arkansas Tech,"Your paintings are Hot to Gogh 🎉

Thank you so much to everyone who joined FBLA and First Gen Org for Pizza and Paint! We had so much fun meeting all of you and seeing your amazing creations 🎨

We’re especially grateful for everyone who was patient while we restocked canvases and pizza — you blew our expectations out of the (paint) water!!

We hope to see you at our next events ✨

#ArkansasTech #collegestudent #collegelife #arkansaslife #ARFBLACollegiate #firstgen",0,08/26/2025 12:09,https://www.instagram.com/p/DN1FUPnUks9/,IG carousel,,Lifetime,7731,171,22,1,0,,
17889022185340031,17841473317818195,atucareercloset,ATU Career Closet,"Welcome back to school, ATU🙌🏼💚💛

We’re so happy to see you all again, and can’t wait to see your faces “shopping” at the closet 😄

Book appointments, donate clothes, or come take a peek at the ATU Career Closet in CES 139🤩🤩

#ATUCareerCloset",0,08/26/2025 08:53,https://www.instagram.com/p/DN0u_JkYpCX/,IG carousel,,Lifetime,4291,103,7,0,0,,
17944672998016830,17841403153276082,austin.flores06,Fernando Austin Flores,"you didn’t sneeze but I still blessed your feed😛
•
•
•
@atuorientation @arkansastech @atu_business @atuagriculture_tourism",0,08/24/2025 15:39,https://www.instagram.com/p/DNwTxTDWMs5/,IG carousel,,Lifetime,10657,272,27,56,0,,
17909146089207193,17841402627774708,atu_business,ATU LeMoyne Smith School of Business,"Week 1 and I already forgot my name, my major, and where I’m from 🫠📚

#collegelife #collegehumor #bashful #heckyeahtechyeah #atubusiness #anxiety #lorax #trending #trendingreels",9,08/22/2025 12:53,https://www.instagram.com/reel/DNq2zgxS8nu/,IG reel,,Lifetime,4197,110,17,6,3,2723.0,1.0
18409867450128676,17841403918223670,ashley_.m,Ashley Muller ☻,"as my final semester starts, I am so grateful for all the opportunities Tech has given me to be involved! Going Greek was the best decision I could have made & where I found my best friends!! I enjoyed meeting everyone at Meet the Greeks & am so excited for you to get involved!! 🎀🤍🐢🤗 
#goodasgold #arkansastech #GOGREEK",0,08/22/2025 08:28,https://www.instagram.com/p/DNqY6j4g2j1/,IG carousel,,Lifetime,5790,167,2,5,0,,
18388750690187604,17841403372800947,nikki_victory,Nikki Victory,"Calling all freshmen business, agriculture, and tourism majors! 

Project Lead is set for September 11th from 4pm to 7pm in Chambers West. We hope to see you there!

#arkansastech #atu",44,08/21/2025 17:59,https://www.instagram.com/reel/DNo057AN4yG/,IG reel,,Lifetime,2654,61,7,4,0,,
18016472567741742,17841401497413900,karson.hutchins,Karson Hutchins,"Happy First Day of Class! 📚✏️📖

#atubusiness #goodasgold",0,08/20/2025 12:43,https://www.instagram.com/p/DNlsh_0PU4b/,IG carousel,,Lifetime,3670,133,0,5,0,,
18061266323590436,17841405084435214,elis.gergel,,First day of class! Happy to be back at the @atu_business 🫶🏻 Starting my 3rd year with a lot of excitement and energy as I’ll be serving as a Good as Gold Ambassador 💚💛 Have a good first day of class everyone! 💫,0,08/20/2025 07:31,https://www.instagram.com/p/DNlIzy3ACW_/,IG carousel,,Lifetime,5200,171,1,12,0,,
17852558430525536,17841402627774708,atu_business,ATU LeMoyne Smith School of Business,"When your roommate has an 8 AM but you’ve already planned a revolution by 7:59 ✨🎩

Have a great first day of class! 💚💛

The weird thing is… I already had this costume 🤷🏼‍♀️

#FirstDay #ATUbusiness #HeckYeahTechYeah #BackToSchool #Trending #trendingreel #alexandercomebacktosleep",27,08/20/2025 05:11,https://www.instagram.com/reel/DNk4dlCxerd/,IG reel,,Lifetime,2985,125,7,4,0,1709.0,1.0
17982185678886429,17841407390794753,will_aaron89,Will Aaron,Felt good to be back on campus yesterday at the ATU involvement fair! Got to talk to new students about @atunuclearvoice and @arnuclearvoice and explore other clubs but more importantly I won a large pizza from Papa John’s 🍕,0,08/19/2025 10:03,https://www.instagram.com/p/DNi1bzMtcOw/,IG carousel,,Lifetime,5954,186,0,11,0,,
18098776102537438,17841410872455833,wapiti_hunter_oak_mefford,Wapiti Mefford,Nothing but business at the Involvement Fair with Jerry 🐾💼. Appreciate everyone who dropped by our table and took a picture with Jerry. Wishing you all a great year 💚💛,0,08/19/2025 09:15,https://www.instagram.com/p/DNiv4uhtYqn/,IG carousel,,Lifetime,9624,148,12,0,0,,
18049988192251125,17841402105162969,hannahhhardesty,💟 hannah hardesty!! 𖦹,LAST DAY OF ORIENTATION!! so blessed to have been able to be apart of this team,0,08/19/2025 05:03,https://www.instagram.com/p/DNiTEVGR6Bm/,IG carousel,,Lifetime,7176,182,4,11,0,,
17874657705402113,17841402627774708,atu_business,ATU LeMoyne Smith School of Business,"me: a normal social media manager (literally just a girl)
also me: leading an army of college students in a campaign to summon the @jonasbrothers to @arkansastech 🫡💚💛

This is our S.O.S. 🚨 We need a miracle and a setlist 👀 Kevin. Joe. Nick. The stage is waiting.

Tag the Jonas Brothers 👇🏼Let’s bring them to campus! 

#WeWantTheJonasBrothers #HeckYeahTechYeah #JonasBrothers #CollegeLife #ArkansasTech #Delusional #Manifesting",34,08/18/2025 20:30,https://www.instagram.com/reel/DNhXinCMFs0/,IG reel,,Lifetime,10495,390,63,9,6,6075.0,5.0
18021792377733296,17841410872455833,wapiti_hunter_oak_mefford,Wapiti Mefford,"Move in day 2025-
Powered by golf carts & popsicles 🍦🏎️ Making move-in a little cooler at Arkansas Tech University!",0,08/17/2025 16:15,https://www.instagram.com/p/DNeWZjtPxL2/,IG carousel,,Lifetime,7753,147,0,1,0,,
17855978385497255,17841402627774708,atu_business,ATU LeMoyne Smith School of Business,"Dean Cole IS the moment 💁🏼‍♀️

#atubusiness #heckyeahtechyeah #collegelife #trending #trendingreel",13,08/15/2025 08:36,https://www.instagram.com/reel/DNYX-B6xKx8/,IG reel,,Lifetime,20850,853,54,14,14,12553.0,5.0
17859761289464660,17841402627774708,atu_business,ATU LeMoyne Smith School of Business,"🤩 GIVEAWAY 🤩

We’ve got your back… literally🎒

New school year, fresh gear. Start the semester with a new North Face backpack. 🎯

Here’s how to enter:
💚 Follow @atu_business & @atuagriculture_tourism 
💛 Tell us what you’re most looking forward to this year and tag a friend
💚 Bonus: Share this post to your story & tag us for an extra entry!

Giveaway ends at 3 PM on Tuesday, August 19th. Two lucky winners will be notified soon after. Good luck! 🍀

#giveawayalert #backtoschool #collegelife
#atubusiness #heckyeahtechyeah #giveaway",0,08/12/2025 10:32,https://www.instagram.com/p/DNQ3KvJR7D4/,IG carousel,,Lifetime,17565,261,100,113,5,6598.0,13.0
18039600956403047,17841404433938418,atugradcollege,ATU Graduate College,"Here at ATU, we don’t let the good ones get away. Our applications are open if you’re looking for your next step 🫶🏻 
#ATUGrad #applytoday #justiceforemma #emmalicious2x #collegeadmissions",22,08/11/2025 13:36,https://www.instagram.com/reel/DNOm4ezhEl8/,IG reel,,Lifetime,8496,213,18,3,0,,
18359291062159879,17841402627774708,atu_business,ATU LeMoyne Smith School of Business,"Changing of the guard 🫡

#GraduateAssistant #ATU #ATUbusiness #heckyeahtechyeah #GradLife #collegelife",6,08/11/2025 11:27,https://www.instagram.com/reel/DNOYQMcRy_6/,IG reel,,Lifetime,5245,110,8,6,1,2689.0,1.0
18311786560244386,17841402627774708,atu_business,ATU LeMoyne Smith School of Business,"Out of sight, out of mind

#heckyeahtechyeah #collegelife #atubusiness #blackboard #trending",4,08/08/2025 13:51,https://www.instagram.com/reel/DNG6VQ7Reyt/,IG reel,,Lifetime,7334,407,70,5,10,4219.0,3.0
18051657572631142,17841402627774708,atu_business,ATU LeMoyne Smith School of Business,"Worth a shot I guess… 

#collegelife #heckyeahtechyeah #atubusiness #lizard #trending",11,08/04/2025 11:14,https://www.instagram.com/reel/DM8Vcclx1pS/,IG reel,,Lifetime,12718,535,194,3,11,10243.0,0.0
,,,,,,,,,An error occurred while computing metadata for content with ID 17981441249667255. An error occurred while computing metrics.,-,,,,,,,
1.80521399962027e+16,1.78414026277747e+16,atu_business,ATU LeMoyne Smith School of Business,"Don’t show up looking like you got dressed in the dark! 🌚@atucareercloset is here to help! 🙌🏼

Need the perfect look for an interview, internship, or presentation? If you need the fit, they’ve got you covered. The ATU Career Closet is officially open in the Energy Center room 139! It’s free to rent, easy to access, and here to help you dress for success.

How to book:
Head to OneTech, send them an email, or DM them on Instagram to make an appointment!

Want to donate?
Drop-off locations: Rothwell, Brown, and the Energy Center. 👔👗👞

We each had 2 minutes to put together the perfect outfit. Head to our stories to vote! ✨

#ATUCareerCloset #DressForSuccess #BusinessProfessional #BusinessCasual #ATUStyle #CollegeLife #HeckYeahTechYeah #ATUBusiness #WeMeanBusiness",46.0,04/30/2025 13:36,https://www.instagram.com/reel/DJFZK2IxaWw/,IG reel,,Lifetime,3125.0,80.0,5.0,1.0,3.0,1732.0,0.0
1.80534727042212e+16,1.78414026277747e+16,atu_business,ATU LeMoyne Smith School of Business,"Applications for the Good as Gold Ambassadors are OPEN! We’re looking for business, agriculture, and tourism students in good academic standing who are ready to shine and represent the brand image of the College of Business and Economic Development ⭐️

As a Good as Gold Ambassador, you’ll share your experiences and opportunities through monthly social media posts and get rewarded for it! Earn a scholarship, business bucks, early registration, and experiential learning credits!

Apply today through the link in our bio 🔗 Applications close Friday, May 9th! Don’t miss out 💚💛

#GoodasGold #ATUBusiness #ArkansasTech #CampusAmbassador #SocialMediaMarketing #BusinessStudent #AgricultureStudent #TourismStudent #CollegeLife 
#HeckYeahTechYeah",13.0,04/28/2025 11:26,https://www.instagram.com/reel/DJABAh_v-qc/,IG reel,,Lifetime,4113.0,58.0,8.0,5.0,0.0,2350.0,0.0
1.8027716822451e+16,1.78414026277747e+16,atu_business,ATU LeMoyne Smith School of Business,"Big wins, big dreams, and even bigger futures ahead! 💚💛

We had the BEST time celebrating our incredible students at our annual awards ceremony. 🏆

Thanks to our amazing alumni, donors, and friends for making this possible for our students.

If you’re thinking about what’s next, @atugradcollege is ready when you are!

We’re proud of you. We’re cheering for you. And we can’t wait to see whats next for you. (cough, cough, MBA?) 👀

#ATUBusiness #WeMeanBusiness #FutureLeaders #Graduation #MBAJourney",0.0,04/26/2025 13:19,https://www.instagram.com/p/DI7EcFaxL3K/,IG carousel,,Lifetime,8233.0,201.0,11.0,0.0,2.0,4142.0,1.0
1.81712930533322e+16,1.78414004967045e+16,josiahhcarterr,LOVE,"Great time at the School of Business Banquet! Crazy to believe I’m going into my senior year of college already😅

#goodasgold #heckyeatechyea #atubusiness #accounting",0.0,04/25/2025 10:58,https://www.instagram.com/p/DI4PcVjxCfK/,IG carousel,,Lifetime,10987.0,243.0,9.0,11.0,0.0,,
1.80417180982032e+16,1.78414003145586e+16,atuagriculture_tourism,ATU Department of Agriculture and Tourism,"🪴Annual Plant Sale!🪴

Thank you to our wonderful supporters and amazing student volunteers for making today a success!

💛HECK YEAH TECH YEAH💚

#agriculture #arkansastech #atuagriculture #arkansas #ag #plants",10.0,04/24/2025 08:59,https://www.instagram.com/reel/DI1aFQzxmsG/,IG reel,,Lifetime,2338.0,57.0,0.0,0.0,0.0,1386.0,0.0
1.78765235613103e+16,1.78414026277747e+16,atu_business,ATU LeMoyne Smith School of Business,"They understood the assignment 📚

From side hustles to startups, our Entrepreneurial Development students crushed it at the Business Plan Pitch Competition at @cocreate_innovationhub 💼💡

Swipe to see the hustle, the heart, and the future of business 🔥 Which pitch would you invest in? 

#ATUbusiness #heckyeahtechyeah #collegelife #entrepreneur #smallbusiness #startup",0.0,04/23/2025 15:02,https://www.instagram.com/p/DIzhzn-x5Qz/,IG carousel,,Lifetime,2641.0,104.0,10.0,4.0,0.0,1243.0,0.0
1.81210383614532e+16,1.78414039182237e+16,ashley_.m,Ashley Muller ☻,"Tonight was the 63rd annual Accounting Club Banquet! 💚 
I have learned so much & had lots of great experiences as president this year! It was amazing having the club, our professors, and alum all together tonight!💚 #goodasgold #accounting #arkansastech #madampres",0.0,04/22/2025 18:06,https://www.instagram.com/p/DIxSFePuulM/,IG carousel,,Lifetime,5724.0,160.0,2.0,8.0,0.0,,
1.81656340333395e+16,1.78414026277747e+16,atu_business,ATU LeMoyne Smith School of Business,"Business is BOOMIN’! 💰🐮

Students cashed in their Business Bucks at Cash Cow’s auction today and walked away with some major prizes.

Our auction keeps getting bigger and better every semester! Remember, Business Bucks renew each semester, so if you missed out this time, you get a fresh start in the fall!

Let us know what kind of prizes you want to see at the next auction👇🏼

#BusinessBucks #CashCow #HeckYeahTechYeah #CollegeLife #Auction",0.0,04/22/2025 14:44,https://www.instagram.com/p/DIw67TjRiGJ/,IG carousel,,Lifetime,4051.0,104.0,9.0,6.0,0.0,1438.0,0.0
1.80271326954337e+16,1.78414026277747e+16,atu_business,ATU LeMoyne Smith School of Business,"Hoppin’ into Easter with Cash Cow 🐰 Students hunted for eggs and cashed them in for Business Bucks! Who says fun can’t be profitable? 

#ArkansasTech #ATUBusiness #Easter #HeckYeahTechYeah #BusinessStudent",0.0,04/20/2025 12:00,https://www.instagram.com/p/DIremrFvHd6/,IG carousel,,Lifetime,1572.0,70.0,1.0,0.0,1.0,661.0,0.0
1.8000143069766e+16,1.78414026277747e+16,atu_business,ATU LeMoyne Smith School of Business,"💸 Spend ‘em if you got ‘em! 

Cash Cow’s Business Buck Auction is Tuesday, April 22nd at 2 PM. Join us in Rothwell 138 and bid ‘til you’re broke! This is a sneak peek at only some of the items that will be up for auction next week. 🐮

If you can’t make the auction but still want to bid, you can choose to send someone you trust with your Business Bucks to bid on your behalf! 

What do you have your eye on? Comment your favorite item below! 🔥

#BusinessBucks #CashCow #CollegeLife #Auction #HeckYeahTechYeah #Bid #atubusiness #arkansastech #trendreels #apple #hasbullah #drone",15.0,04/18/2025 12:20,https://www.instagram.com/reel/DImWsJVxpZz/,IG reel,,Lifetime,1415.0,46.0,1.0,2.0,1.0,769.0,0.0
1.78757130213187e+16,1.78414026277747e+16,atu_business,ATU LeMoyne Smith School of Business,"Not your average business trip ✈️

#NMGZ #Boston #Networking #Travel #CollegLife #SharkNinja #Macys #MullenLowe #Converse",25.0,04/17/2025 15:55,https://www.instagram.com/reel/DIkKycKx2iI/,IG reel,,Lifetime,3260.0,93.0,4.0,5.0,2.0,2022.0,0.0
1.79471685869752e+16,1.78414026277747e+16,atu_business,ATU LeMoyne Smith School of Business,"Cash Cow’s Easter Egg Hunt is TOMORROW in Rothwell!!

Eggs will be hidden throughout the day for you to exchange for business bucks! Each normal egg is 1 buck, and each golden egg is 10 bucks. 

Eggs are NOT stuffed - you must turn them in to RTH 413 to get your bucks!

Happy hunting!

#ATUBusiness #ArkansasTech #Easter #EasterEgg #CashCow #BusinessStudent",7.0,04/16/2025 12:50,https://www.instagram.com/reel/DIhQuGuzK-G/,IG reel,,Lifetime,1428.0,39.0,2.0,0.0,0.0,772.0,0.0
1.79836220608149e+16,1.78414003145586e+16,atuagriculture_tourism,ATU Department of Agriculture and Tourism,"Cultivating creativity: ATU agriculture students showcased their amazing business presentations today as part of their Agriculture Business Management class!

Thank you to @cocreate_innovationhub for hosting and to our fantastic judges for their industry insight and helpful feedback 💚💛

#agstudent #atuagriculture #arkansastech #innovationhub #business #agriculture",25.0,04/15/2025 11:00,https://www.instagram.com/reel/DIefv1ARj_M/,IG reel,,Lifetime,871.0,23.0,0.0,1.0,1.0,540.0,0.0
1.80589220901138e+16,1.78414026277747e+16,atu_business,ATU LeMoyne Smith School of Business,"#YouMatterATU Recap 🌟

Because of YOU, this week became a powerful reminder that kindness is contagious and community runs deep. From students to staff, faculty to friends, every moment captured reflected connection, support, and heart.

Let this be your reminder: you’re not alone, you’re loved, and you matter more than you know.

Join us on Sunday at the Out of the Darkness Walk. Showing up for each other is how we keep this message going. 

Huge thanks to our 2025 sponsors for helping us bring the campaign to life:
Freedom Roofing + Taco Bell – our incredible corporate sponsors –
and generous donors like:
ATU Alumni House • ATU Athletics • LeMoyne School of Business • Board & Brush • Chloe’s Cakes • CJ’s Butcher Boys • Cracker Barrel • Dog Ear Books • Domino’s • Green Thumb • Jean’s Bakery • Just Desserts • KFC • Mulan’s • Natural State Coffee • Pizza Hut • Pottery Worx • Retro Roast • RNR Boutique • Rose Drug • Aquatic Center • Sisters’ Savory Kitchen • Starbucks • Taco Villa • Textbook Brokers

#YouMatterATU #OutoftheDarkness #MentalHealthMatters #ATUcares #CollegeLife #YouMatter #youareenough",57.0,04/11/2025 17:13,https://www.instagram.com/reel/DIU2njrR6e4/,IG reel,,Lifetime,2106.0,41.0,7.0,1.0,0.0,1333.0,0.0
1.80660413087696e+16,1.78414026277747e+16,atu_business,ATU LeMoyne Smith School of Business,"Congratulations to Maddex Ritter, Madelyn Disney, and Rachel Hugentobler for winning the High School Business Challenge! Special thanks to our sponsors, Pope County Farm Bureau and Textbook Brokers! 

Our judges were so impressed by all of the finalist presentations! @go2atu can’t wait to see you on campus again! 💚💛 

#BusinessStudent #ArkansasTech #ATUBusiness #HighSchoolBusinessChallenge",0.0,04/10/2025 11:00,https://www.instagram.com/p/DIRnud7vGYH/,IG carousel,,Lifetime,2207.0,102.0,3.0,0.0,1.0,1074.0,0.0
1.78893715742279e+16,1.78414026277747e+16,atu_business,ATU LeMoyne Smith School of Business,"From every corner of the globe to one vibrant campus. Tonight, we celebrated unity in every language. 🌟🌏

#LightTheNight #ATUInternational #ATUGlobal #CollegeLife #HeckYeahTechYeah #StudyAbroad",36.0,04/09/2025 20:57,https://www.instagram.com/reel/DIQGj7yRtw4/,IG reel,,Lifetime,5347.0,213.0,10.0,0.0,4.0,3274.0,1.0
1.79204349449613e+16,1.78414004967045e+16,josiahhcarterr,LOVE,"You Matter Campaign begins in 2 Days!! Come with me as I show a small amount of the prizes that can be won!🤫 
#youmatteratu #atubusiness #goodasgold #heckyeatechyea #atu",50.0,04/05/2025 10:51,https://www.instagram.com/reel/DIEuQZcxx44/,IG reel,,Lifetime,3831.0,157.0,15.0,4.0,0.0,,
1.79159072099813e+16,1.78414042994427e+16,savannah.g.rodriguez,Savannah Rodriguez,"In case no one has told you recently you matter! April 7th kicks off the #YouMatterATU campaign so keep a look out for posters!!💚💛

#youareloved #youmatter #heckyeahtechyeah",0.0,04/04/2025 16:30,https://www.instagram.com/p/DICwv7tpFm0/,IG carousel,,Lifetime,6860.0,175.0,1.0,2.0,0.0,,
1.78850733272504e+16,1.78414026277747e+16,atu_business,ATU LeMoyne Smith School of Business,"We felt God in this Chili’s tonight. 🌶️

#collegelife #heckyeahtechyeah #theoffice #chilis #tripledipper #vine",2.0,04/03/2025 16:35,https://www.instagram.com/reel/DIAMOWbxIeu/,IG reel,,Lifetime,3138.0,52.0,6.0,1.0,2.0,998.0,0.0
1.79018144460497e+16,1.78414026277747e+16,atu_business,ATU LeMoyne Smith School of Business,"🌟 The #YouMatterATU Campaign Kicks Off April 7! 🌟

At ATU, YOU matter. Your contributions, your voice, and your presence make our community stronger. 💚💛

📸 How to Join & Win:
1️⃣ Find a #YouMatterATU poster on campus.
2️⃣ Snap a photo with it!
3️⃣ Post it using #YouMatterATU on social media.
4️⃣ Stop by the 4th floor of Rothwell to spin the Winners Wheel for AWESOME prizes! 🎉

💥 PLUS – all participants are entered to win an iPad donated by @tacobell 🌮📱

A huge THANK YOU to our incredible local businesses & donors for making this possible. Your generosity helps us celebrate and uplift everyone in the ATU community!

#YouMatterATU #ATUCommunity #CollegeLife #HeckYeahTechYeah",117.0,03/31/2025 09:04,https://www.instagram.com/reel/DH3qXf9SmgG/,IG reel,,Lifetime,3104.0,55.0,9.0,0.0,2.0,1825.0,0.0
1.84976458660112e+16,1.78414026277747e+16,atu_business,ATU LeMoyne Smith School of Business,"📍Live from New York… it’s the Wall Steet Experience! 

If you followed along, you know the energy was unmatched 🙌🏼 Don’t just watch next time, join us! See you next spring! ✈️ Don’t forgetta bout it! 😎

#WallStreetExperience #ATUbusiness #heckyeahtechyeah #collegelife #springbreak #newyork",0.0,03/28/2025 16:00,https://www.instagram.com/p/DHwrxsyRkTu/,IG carousel,,Lifetime,7986.0,330.0,15.0,9.0,4.0,3954.0,1.0
1.80554631981652e+16,1.78414005888795e+16,_livjohnson34,liv 🍓,"my job is beach 🌊☀️

(and also marketing assistant)

#GoodAsGold #ArkansasTech #NavarreBeach #SpringBreak #SandHatersClub #CollegeStudent #Ambassador",0.0,03/25/2025 10:40,https://www.instagram.com/p/DHoYuGdAG95/,IG carousel,,Lifetime,2608.0,140.0,0.0,4.0,0.0,,
1.80455645720937e+16,1.78414026277747e+16,atu_business,ATU LeMoyne Smith School of Business,"🍬Sweet success, one treat at a time!🍬

Meet Chelsey Thaxton, the woman behind Sweetbirds Candy Kitchen - a small business that’s big on flavor and even bigger on passion! 🕊️💕 As a women-owned and operated shop, Chelsey is carrying on a rich family tradition of candy-making and bringing sweet joy to the River Valley. 

From bestsellers like mouthwatering candied fruit to the viral Dubai chocolate bars everyone is talking about, Sweetbirds is serving up treats you need in your life! 🍫😍 

Support a local woman in business and satisfy your sweet tooth! Follow @sweetbirds.kitchen on Instagram and Facebook and place your orders today! 💖

 #ShopSmall #WomenInBusiness #SupportLocal #SweetbirdsCandy #ATUBusiness",0.0,03/22/2025 09:30,https://www.instagram.com/p/DHhLnIHRgRu/,IG carousel,,Lifetime,2422.0,62.0,2.0,5.0,1.0,955.0,0.0
1.81321484143988e+16,1.78414026277747e+16,atu_business,ATU LeMoyne Smith School of Business,"And that’s why you should vote for the College of Business and Economic Development-future business leaders, ag experts, and world travelers. Vote for us in the @atuorientation story polls!

#VoteCOBED #ATUBusiness #ATUAg
#ATUTourism #MarchMadness
#ATUMarchMadness #COBEDTakeover
#ATUTradition #HeckYeahTechYeah #CollegeLife",49.0,03/21/2025 13:54,https://www.instagram.com/reel/DHebX4uRKyZ/,IG reel,,Lifetime,1925.0,42.0,7.0,3.0,0.0,1056.0,0.0
1.80574463331704e+16,1.78414026277747e+16,atu_business,ATU LeMoyne Smith School of Business,"EASTCON JUMBO JERRY GIVEAWAY 💚💛

Are you an EastCon attendee and want to win this jumbo Jerry the Bulldog?

💚 Fill out the QR code at our booth
💛 Follow us
💚 Comment your favorite part of EastCon!
⭐️ Extra entry: use our story check-in!

Drawing tomorrow (Thursday) at 

Good luck!

#EastCon2025 #ATUBusiness #ArkansasTech #HeckYeahTechYeah",0.0,03/19/2025 08:26,https://www.instagram.com/p/DHYssF8gXND/,IG carousel,,Lifetime,1049.0,72.0,2.0,28.0,0.0,516.0,0.0
1.78638188223599e+16,1.78414039182237e+16,ashley_.m,Ashley Muller ☻,Day in my life as a senior double majoring in accounting & business management! It was amazing the amount of opportunities I had just in this one day! The Becker CPA presentation and the Marc Lore fireside chat were so informative! 💚🎓📝 #goodasgold #collegeofbusiness #accounting #BeckerCPA #MarcLore,56.0,03/18/2025 15:59,https://www.instagram.com/reel/DHW7aiGOk33/,IG reel,,Lifetime,3282.0,128.0,8.0,4.0,0.0,,
1.80443618963422e+16,1.78414026277747e+16,atu_business,ATU LeMoyne Smith School of Business,"🚨 TOMORROW! 🚨 Don’t miss your chance to hear from @marclore, billionaire entrepreneur, former CEO of Walmart eCommerce, and founder of Jet.com! 🚀

Join us Tuesday, March 18, at 4:45 PM for a free virtual event where Marc will share his insights on business, innovation, and leadership. 💡

🎟 Open to the public
💰 ATU students earn $50 Business Bucks + giveaway entry!

🔗 Join via the link in our Instagram bio or access the event on Facebook. See you there!

 #ATUBusiness #MarcLore #futureleaders #entrepreneur #collegelife #heckyeahtechyeah #campuslife",16.0,03/17/2025 14:58,https://www.instagram.com/reel/DHUPG0pRPJx/,IG reel,,Lifetime,1642.0,25.0,2.0,0.0,0.0,864.0,0.0
1.79630368138841e+16,1.78414517360252e+16,atufbla,FBLA Collegiate at Arkansas Tech,"pretty patties? no, they’re pretty rocks 🪨

our rock painting event made 68 rocks to beautify our campus and boost morale! how cool is that? 

#atubusiness #arfblacollegiate #aturocksproject #arkansastech",7.0,03/16/2025 12:30,https://www.instagram.com/reel/DHRaO1sRwy1/,IG reel,,Lifetime,2423.0,52.0,4.0,3.0,0.0,,
1.83004801692108e+16,1.78414026277747e+16,atu_business,ATU LeMoyne Smith School of Business,"✨ Women in Business: A Recipe for Success ✨
 
Behind every great restaurant is a passionate leader, and at Kasper’s, that’s Angela Kasper! Her commitment to hospitality, quality, and community has made Kasper’s a standout in Clarksville. With award nominations, a loyal customer base, and a second location opening soon in Dardanelle, her impact on the local dining scene is undeniable. Cheers to women making history in business!

#WomenWhoLead #ClarksvilleAR #WomenInHospitality #SupportLocal #ShopSmall #WomenInBusiness #FemaleEntrepreneurs #ATUBusiness #asbtdc",0.0,03/15/2025 16:00,https://www.instagram.com/p/DHPNe8VRADb/,IG carousel,,Lifetime,932.0,38.0,0.0,0.0,0.0,420.0,0.0
1.80340951822873e+16,1.78414026277747e+16,atu_business,ATU LeMoyne Smith School of Business,"Don’t miss out on an exciting opportunity to join a virtual Fireside Chat with Marc Lore on March 18th at 4:45 PM via WebEx! 🌟 As a bonus, all student attendees will receive $50 in Business Bucks, and you’ll also be entered into a drawing for a chance to win a cozy blanket!🏆

This event is open to all community members, so whether you’re a student or part of the broader community, everyone is welcome to join! 

Be sure to click the link in our bio or scan the flyers around Rothwell to tune in and be part of this incredible experience. See you there! 🎥

#atubusiness #atu2025 #arkansastech #businessstudent",8.0,03/14/2025 16:00,https://www.instagram.com/reel/DHMomdzPtHV/,IG reel,,Lifetime,1396.0,39.0,2.0,2.0,1.0,693.0,1.0
1.80256544273971e+16,1.78414026277747e+16,atu_business,ATU LeMoyne Smith School of Business,"What a week!

✨ Yesterday: We had the honor of welcoming Arden Cornwell Johnson as our College to Career Conference Distinguished Speaker! She shared incredible career insights, and with her grandfather, Sam Hindsman, being part of ATU’s rich history, it was a meaningful connection to our tradition of excellence.

🌾 Today: We welcomed 1,700 FFA students and teachers to campus! From competitions to conversations about their futures, we loved seeing their passion for agriculture and business in action. Hope to see some of you back at ATU soon!

#ATUBusiness #collegelife #FFA #heckyeahtechyeah #conference",0.0,03/13/2025 17:26,https://www.instagram.com/p/DHKNs69xVjc/,IG carousel,,Lifetime,4128.0,147.0,13.0,4.0,0.0,2167.0,2.0
1.84878828250592e+16,1.78414014974139e+16,karson.hutchins,Karson Hutchins,"I had a wonderful time at the College to Career Conference today! The conference contained 5 different breakout sessions and a distinguished speaker! I learned so much about Self Branding and Social Media!! 

#goodasgold #atubusiness #go2atu",0.0,03/12/2025 15:30,https://www.instagram.com/p/DHHbpxGPP95/,IG carousel,,Lifetime,3431.0,130.0,5.0,0.0,0.0,,
1.81330899553994e+16,1.78414026277747e+16,atu_business,ATU LeMoyne Smith School of Business,"This Women’s History Month, the College of Business and Economic Development is highlighting amazing women in Business, Agriculture, and Tourism in our community ✨

Today, we are honoring the remarkable impact of Danielle and Sidney from Main Street Russellville! These dynamic women are at the heart of some of the most anticipated events in our community, including the acclaimed Moon Over Main eclipse festival, Art Walk, and Fall Festival. Their tireless work behind the scenes not only enhances the local culture, but also plays a key role in driving tourism to Russellville!

Recently recognized with the Natural State Tourism Development Award at the 2025 Henry Awards, Danielle and Sidney are essential to the economic growth of our town through their event planning, collaboration, and unwavering commitment to creating memorable experiences for all. Their contributions to both the tourism sector and the community at large are truly invaluable!

We’re especially proud to highlight Sidney as a management student in our department, where she continues to apply the skills and knowledge she gains in the classroom to her work in the community. Her ability to balance her academic pursuits with her role in shaping local tourism is a true testament to her dedication and leadership!

{ #ATUBusiness #ArkansasTech #WomensHistoryMonth #ATU2025 #RussellvilleAR #ArkansasLife #ArkansasMade #WomensMonth #WomenInBusiness }",0.0,03/07/2025 11:00,https://www.instagram.com/p/DG6LnRNAihr/,IG carousel,,Lifetime,1611.0,47.0,2.0,0.0,0.0,785.0,0.0
1.80719778317619e+16,1.78414026277747e+16,atu_business,ATU LeMoyne Smith School of Business,"We’re basically the campus version of the Federal Reserve. Printing Business Bucks and making it rain 💸 Interest rates? We don’t know her. 💁🏼‍♀️

@laurenrmassey @jayshandcrafts @blockgracyn @karson.hutchins 

#cashmeoutside #businessbucks
#collegelife #heckyeahtechyeah #viralcollege",69.0,03/06/2025 16:00,https://www.instagram.com/reel/DG4JJsYRaoY/,IG reel,,Lifetime,2482.0,43.0,12.0,1.0,1.0,1428.0,0.0
1.78954099710721e+16,1.78414039182237e+16,ashley_.m,Ashley Muller ☻,took a break from midterms studying for accounting club bowling night! 🎳🤗 #goodasgold #atubusiness #accounting #4teststhisweek,0.0,03/04/2025 17:32,https://www.instagram.com/p/DGzKC6bOipG/,IG carousel,,Lifetime,4186.0,185.0,2.0,7.0,0.0,,
1.8065874859898e+16,1.78414005888795e+16,_livjohnson34,liv 🍓,"february ‘25 behind the scenes at atu cobed 💚💛

✅ first focus day
✅ valentine’s day fun
✅ 1000 photo shoots
✅ treat yourself lunches 
✅ and so much more 🩷

the atu cobed outreach and success team is powered by chilis and dr. pepper ✨

{ #goodasgold #atu2025 #heckyeahtechyeah #atubusiness #gradschoollife #collegelife }",0.0,02/28/2025 12:00,https://www.instagram.com/p/DGoQ3kivy3_/,IG carousel,,Lifetime,2988.0,100.0,3.0,7.0,0.0,,
1.80396718374355e+16,1.78414004967045e+16,josiahhcarterr,LOVE,"Day in my life featuring Tyson with Chic-Fil-A!!
Career connections are the best because they  help me grow my future career!
#heckyeatechyea #goodasgold #atubusiness #lebronjames #accounting",54.0,02/27/2025 10:30,https://www.instagram.com/reel/DGlhnuJR5S5/,IG reel,,Lifetime,4776.0,158.0,6.0,10.0,0.0,,
1.80386097801755e+16,1.78414026277747e+16,atu_business,ATU LeMoyne Smith School of Business,"And they would have gotten away with it too… if it weren’t for @atudps!🐮🚨🚔

#caseclosed #mystery #collegelife #cashcow #farmanimalsarentdormpets #badbusiness #nobull",18.0,02/25/2025 16:00,https://www.instagram.com/reel/DGg9lCzxIKD/,IG reel,,Lifetime,11433.0,541.0,99.0,20.0,17.0,7071.0,2.0
1.80553634150283e+16,1.78414042994427e+16,savannah.g.rodriguez,Savannah Rodriguez,"Jerry is officially 2 years old! Had so much fun celebrating his special day! 🥳💚💛

#jerrythebulldog #happybirthday #atu #2yearsold",0.0,02/24/2025 12:42,https://www.instagram.com/p/DGeClaKpkZD/,IG carousel,,Lifetime,4579.0,186.0,3.0,9.0,0.0,,
1.82804841162476e+16,1.78414003145586e+16,atuagriculture_tourism,ATU Department of Agriculture and Tourism,"Two days worth of snow and now it’s time to return to classes! We had to say hi to our cattle! 🐄 

#arkansastech #go2atu #atuagriculture #ag #arkansas",6.0,02/20/2025 13:31,https://www.instagram.com/reel/DGT0bKbRo4J/,IG reel,,Lifetime,3228.0,57.0,0.0,1.0,1.0,1787.0,1.0
1.78721383292829e+16,1.78414047441293e+16,mekkybliss_,Mekky Winyarat,#fyp #nashville #viralvideos,15.0,02/20/2025 06:54,https://www.instagram.com/reel/DGTHc4mMGP_/,IG reel,,Lifetime,2332.0,61.0,3.0,12.0,0.0,,
1.79027252431236e+16,1.78414026277747e+16,atu_business,ATU LeMoyne Smith School of Business,"At least from the waist up 💁🏼‍♀️

 #businesscasual #productivityhacks #colleglife #workfromhome #snowday #trending #trendingreels #heckyeahtechyeah",8.0,02/19/2025 09:48,https://www.instagram.com/reel/DGQ2kVpxATh/,IG reel,,Lifetime,1863.0,44.0,0.0,1.0,0.0,972.0,0.0
1.80982226325049e+16,1.78414026277747e+16,atu_business,ATU LeMoyne Smith School of Business,"Jerry knew a banger when he heard one 🐾🔥

#Throwback #ATU #favoritesongs #collegelife #heckyeahtechyeah #campuslife #puppy #trendingreels #trending",15.0,02/17/2025 10:00,https://www.instagram.com/reel/DGLuasbxX1P/,IG reel,,Lifetime,1407.0,108.0,3.0,0.0,0.0,975.0,1.0
1.83695550431859e+16,1.78414014974139e+16,karson.hutchins,Karson Hutchins,"@atuaccounting bake sale was a success yesterday!!!

#goodasgold #atubusiness #go2atu",0.0,02/14/2025 07:00,https://www.instagram.com/p/DGDrb6Au1vD/,IG carousel,,Lifetime,3037.0,117.0,8.0,3.0,0.0,,
1.78718187872036e+16,1.78414026277747e+16,atu_business,ATU LeMoyne Smith School of Business,"Back at it again 😎 

#cashmeoutside #cashmeoutsideatu #businessbucks #heckyeahtechyeah #collegelife",67.0,02/11/2025 13:51,https://www.instagram.com/reel/DF8rW8nxQ3x/,IG reel,,Lifetime,4040.0,79.0,13.0,3.0,2.0,2424.0,1.0
1.83398491001557e+16,1.78414039182237e+16,ashley_.m,Ashley Muller ☻,"currently OBSESSING over this @atu_business sweatshirt drop!! 💌💐
Come grab yours at the Rothwell lobby pop-up shop Thurs, Feb 13th - Fri, Feb 14th, 1-3pm! $30 each (pink & charcoal grey) – limited sizes, digital payments only! Don’t miss the @atuaccounting bake sale on Thursday too! Best VDay week ever!!! 💘🧸💌😍",0.0,02/10/2025 08:50,https://www.instagram.com/p/DF5k1P2OcYL/,IG carousel,,Lifetime,5447.0,273.0,12.0,8.0,0.0,,
1.80251138693386e+16,1.78414026277747e+16,atu_business,ATU LeMoyne Smith School of Business,"💚 ATU Focus Day gave high school students a real taste of life as a student—real classes, real connections, and a glimpse into their future. From hands-on experiences to meeting future classmates, we hope to see these faces back on campus this fall! 🚀📚 Who’s ready to make ATU their home?

#WeMeanBusiness #ATUFocusDay #go2atu #heckyeahtechyeah #collegelife",0.0,02/07/2025 12:04,https://www.instagram.com/p/DFyMqyqxS0_/,IG carousel,,Lifetime,5134.0,221.0,7.0,0.0,2.0,2663.0,2.0
1.80317170435326e+16,1.784140050274e+16,go2atu,ATU Admissions,"Interested in studying business, agriculture, or tourism? 🤔

Join us for the College of Business & Economic Development Focus Days on February 6th at ATU! ✨ Discover academic opportunities, meet our outstanding faculty, and explore your future in these dynamic fields. Register today at www.atu.edu/focusdays. 😀",8.0,02/04/2025 11:29,https://www.instagram.com/reel/DFqaPINpV8Q/,IG reel,,Lifetime,1769.0,38.0,4.0,1.0,0.0,,
1.78424217994154e+16,1.78414026277747e+16,atu_business,ATU LeMoyne Smith School of Business,"Maybe the real lessons were the pizza parties we earned along the way 🍕

#collegelife #college #heckyeahtechyeah #atubusiness  #pizza 

Feel free to sponsor us, @pizzahut @drpepper 🙏🏻",9.0,02/03/2025 09:52,https://www.instagram.com/reel/DFnqIbVxwc1/,IG reel,,Lifetime,4031.0,136.0,12.0,0.0,0.0,2531.0,0.0
18083350450834391,17841402627774708,atu_business,ATU LeMoyne Smith School of Business,"From Arkansas to Thailand 🌍

Our MBA students can take their education anywhere, and @mekkybliss_ took it all the way home 🇹🇭 

After graduating with her undergrad in Business Data Analytics, she’s now earning her MBA online from across the world.

We’re so proud of her, but we are missing her around Rothwell (in our feels rn) 💛

📍MBA: 100% online
🎓 Flexible. Global. Built for YOU.

@atu_gradcollege let’s show what’s possible.

#MBA #Online #Thailand #Graduate #CollegeLife #ATUbusiness #HeckYeahTechYeah",0,07/29/2025 09:20,https://www.instagram.com/p/DMsryB3xNvS/,IG carousel,,Lifetime,4078,100,2,5,0,974.0,0.0
18137417824425908,17841402627774708,atu_business,ATU LeMoyne Smith School of Business,"Internship Spotlight 💼 | HR @ @choctawnationok 

@wapiti_hunter_oak_mefford just wrapped up an incredible internship with the Choctaw Nation of Oklahoma (and earned course credit along the way). 👏🏼

His advice for students looking for internships?
✅ Start early
✅ Don’t count yourself out
✅ Network and follow up

“A lot of internships are more about your willingness to learn and your attitude than your experience.”

Super proud of the work he accomplished this summer and the initiative it took to get there! 💚💛

🔗 Want to land your own for-credit internship? @atucareers can help you build your resume, prep for interviews, and connect to internships and jobs through Handshake (not just as a student, but even after you graduate - a resource for life). 

#ATUbusiness #GoodAsGold #ChoctawNation #HR #Internship #collegelife #intern #humanresources",0,07/28/2025 16:00,https://www.instagram.com/p/DMq0wcdRtKV/,IG image,,Lifetime,3155,30,5,0,0,807.0,1.0
18105290413556037,17841402627774708,atu_business,ATU LeMoyne Smith School of Business,"💥 Meet Will!

@will_aaron89 is a digital marketing major, content extraordinaire, and one of our newest Good as Gold Ambassadors.
 He runs the @atunuclearvoice Insta (go give it a scroll 👀) and knows how to turn strategy into storytelling that actually sticks.

Don’t scroll past him IRL. If you see Will on campus, say hey 👋🏼 (bonus points if you follow his work)

This might be our last Good as Gold intro for now… unless a bold, creative BDA major wants to change that. 🤔

#GoodAsGold #ATUBusiness #DigitalMarketing #heckyeahtechyeah #Marketing #collegelife",0,07/24/2025 11:06,https://www.instagram.com/p/DMf_4XfR0t-/,IG image,,Lifetime,7089,127,7,19,0,1284.0,1.0
18046425830550472,17841402627774708,atu_business,ATU LeMoyne Smith School of Business,"Twelve moods. One bulldog. All iconic. 🐾
Which Jerry are you? Tag your birth month bestie. 

#Jerry #ATUJerry #ArkansasTech #HeckYeahTechYeah #CollegeLife",0,07/22/2025 13:00,https://www.instagram.com/p/DMbDWXfRwsH/,IG carousel,,Lifetime,18796,339,99,13,9,4211.0,0.0
17921570964099337,17841402627774708,atu_business,ATU LeMoyne Smith School of Business,"🌲Meet Sadie🌲

@scoutgracee is a junior in our tourism program with a natural resource emphasis, AKA your go-to guide for life at ATU and in The Natural State because she is our newest Good as Gold Ambassador! 💎

From state parks to the US Forest Service, Sadie is learning how to manage parks, steward outdoor spaces, and create unforgettable experiences for visitors. Whether it’s trail design, interpretive programming, or leading environmental education, she’s gaining hands-on skills through real partnerships across Arkansas.

Want a major rooted in the outdoors? Come find your place at A Tree U 💚💛

#GoodAsGold #ATUbusiness #ATUtourism #heckyeahtechyeah #naturalresources #tourism #arkansastech",0,07/16/2025 09:48,https://www.instagram.com/p/DMLQpFfxHrn/,IG carousel,,Lifetime,10536,206,2,10,0,1682.0,1.0
18086386219774506,17841402627774708,atu_business,ATU LeMoyne Smith School of Business,"A new bombshell has entered the villa 👀 

#labubu #arkansastech #heckyeahtechyeah #popmart #greengrape",0,07/15/2025 15:00,https://www.instagram.com/p/DMImWF_RSfE/,IG image,,Lifetime,5951,140,15,5,3,1420.0,0.0
17909332719057134,17841402627774708,atu_business,ATU LeMoyne Smith School of Business,"A dream team so good it should be illegal ⭐️ 

📆 pro tip: don’t forget to book your advising appointment and get registered for classes! 

#atubusiness #collegelife #heckyeahtechyeah #collegebound #registernow",7,07/10/2025 13:00,https://www.instagram.com/reel/DL8J2DMRApA/,IG reel,,Lifetime,2908,70,1,8,1,1526.0,0.0
17867954337327666,17841402627774708,atu_business,ATU LeMoyne Smith School of Business,"We ran the model and the results are in 🔮
@i_am_faithyyyy is back at ATU and she’s bringing statistically significant energy to Rothwell!💻📊 

As a proud alum and our newest Instructor of Business Data Analytics, Ms. Walker is here to help students turn data into decisions (and make it fun, too)

Confidence level: 95%. But let’s be real… it’s giving 💯
 #ATUBusiness #dataanalytics #BDA #heckyeahtechyeah #collegelife #faculty",0,07/08/2025 11:17,https://www.instagram.com/p/DL20cS3vUhQ/,IG image,,Lifetime,3595,61,3,3,0,711.0,0.0
18081998569849493,17841402627774708,atu_business,ATU LeMoyne Smith School of Business,"📣 New face on your feed 💛 Meet Gracie, one of our newest Good as Gold Ambassadors and a proud Ag Ed major representing @atuagriculture_tourism 🌾

@graciee_potter04 is ready to spotlight the department that’s been behind her every step of the way.

✨ “I get to promote both the College of Business & Economic Development and the Ag & Tourism department. This department has done nothing but open doors for me and I am honored to be able to showcase that on a higher level!”

Her advice for incoming students:
📌 “Take advantage of everything! Freebies, events, and making connections. Your time here goes faster than you think.” 
@atuorientation @atu2029class 

💬 Interested in Ag at ATU? Message us to connect with an Ag Ambassador!

#GoodAsGold #ATUAgriculture #heckyeahtechyeah #ATUbusiness #ThisIsATU",0,07/07/2025 11:29,https://www.instagram.com/p/DL0RGNbRQyL/,IG carousel,,Lifetime,5330,112,6,7,0,1086.0,0.0
18377891407132412,17841413390071444,thm.business,"THM Business School, Gießen","🇺🇸🤝🇩🇪 Gießen Week Part 1 – Ein gelungener Abschluss!
Kicking off the second half of an unforgettable international exchange!
Die zweite Woche startete mit einer spannenden Exkursion nach Frankfurt: Zuerst ein Besuch bei der Europäischen Zentralbank, anschließend ein Einblick in das Börsengeschehen. 💶📈
Am Abend ging es zum gemeinsamen Abendessen nach Sachsenhausen – ein perfekter Abschluss für den Tag. 🍽️🌇
Am letzten Tag präsentierten die Gruppen ihre Abschlussprojekte 🎤, bevor es mittags nach Marburg zur Stadtführung ging. Den emotionalen Abschluss bildete die feierliche Zertifikatsverleihung beim gemeinsamen Abendessen an der Lahn. 🎓🌿
Und dann hieß es auch schon: Abschied nehmen – mit vielen neuen Eindrücken, Erfahrungen und Freundschaften im Gepäck. 🌍❤️
Ein großes Dankeschön an alle, die diese besondere Woche möglich gemacht haben!

🇺🇸 English Version

🇺🇸🤝🇩🇪 Gießen Week Part 1 – Wrapping up an amazing week!
Kicking off the second half of an unforgettable international exchange!
The second week began with an exciting excursion to Frankfurt: first a visit to the European Central Bank, followed by a stop at the stock exchange. 💶📈
In the evening, the group enjoyed a traditional dinner in Frankfurt’s Sachsenhausen district – a great way to end the day. 🍽️🌇
On the final day, the student groups presented their project results 🎤, followed by a city tour through Marburg. The official closing dinner by the river Lahn included the certificate ceremony – and a heartfelt farewell. 🎓🌿
Time to say goodbye – but everyone leaves with lasting memories, valuable experiences, and new friendships. 🌍❤️
Huge thanks to everyone who made this inspiring week possible!

#GießenWeek #ATUinGießen #InternationalExchange #FacultyOfBusiness #THMInternational #studiereningiessen #thmbusiness #thm #thmbusinessschool

Fotos: Sophie Hopp, Malik Schleher, Maria Möller und Sophia Schweitzer",0,07/03/2025 02:02,https://www.instagram.com/p/DLo9CKEIMzx/,IG carousel,,Lifetime,10926,117,3,0,0,,
17903831364200094,17841413390071444,thm.business,"THM Business School, Gießen","🇺🇸🇩🇪 Gießen Week 2024 – Highlights im Schnelldurchlauf!
Internationale Begegnungen, spannende Exkursionen und echte Teamarbeit – eine Woche voller Eindrücke, die bleiben. 🌍✨

🇺🇸🇩🇪 Gießen Week 2024 – Quick Highlights Reel!
International exchange, exciting excursions, and real teamwork – a week full of unforgettable moments. 🌍✨

#thm #thmbusiness #thmbusinessschool #studiereningiessen #GießenWeek #ReelHighlights #ATUinGießen #FachbereichWirtschaft #THMInternational #StudyAbroad #GlobalExchange #Unvergesslich

Video: Sophia Schweitzer 
Kamera: Andreas Deublein, Julian Horn und Sophia Schweitzer",32,07/02/2025 01:42,https://www.instagram.com/reel/DLmVi21Igbs/,IG reel,,Lifetime,3630,91,4,3,0,,
18060260786005531,17841413390071444,thm.business,"THM Business School, Gießen","🇺🇸🤝🇩🇪 Gießen Week Part 1 – Ein gelungener Start!

Kicking off an inspiring week full of exchange, teamwork and unforgettable moments!

Am Mittwoch, den 11.06., durften wir unsere Gäste von der Arkansas Tech University im Rahmen der “Gießen Week” herzlich willkommen heißen! Nach einem gemeinsamen Frühstück und der Begrüßung durch unseren Dekan Prof. Dr. Jens Klose ging es direkt an die Projektarbeit. 💼🌍

Am Donnerstag erkundeten die Studierenden bei einer Stadtrallye Gießen, bevor unser Präsident Prof. Dr. Matthias Willems persönlich begrüßte. Am Nachmittag stand ein Besuch der Leica Welt in Wetzlar auf dem Programm und abgerundet durch einen entspannten Abend im Restaurant an der Lahn. 📷🍽️🌿

Der Freitag begann akademisch mit einem spannenden Vortrag von Prof. Dr. Jens Klose. 🎤📚

Das waren nur einige Highlights – Part 2 folgt! 📸

⸻

🇺🇸 English Version 

🇺🇸🤝🇩🇪 Gießen Week Part 1 – A Great Start!
Kicking off an inspiring week full of exchange, teamwork and unforgettable moments!

On Wednesday, June 11, we had the pleasure of welcoming our guests from Arkansas Tech University as part of the “Gießen Week.” After a shared breakfast and a warm welcome by our Dean, Prof. Dr. Jens Klose, the students jumped right into collaborative project work. 💼🌍

Thursday began with a city rally through Gießen, followed by a short visit from our University President, Prof. Dr. Matthias Willems. In the afternoon, the group visited the Leica World in Wetzlar and ending the day with a relaxed dinner at a restaurant by the river Lahn. 📷🍽️🌿

Friday kicked off with an academic highlight: a lecture by Prof. Dr. Jens Klose. 🎤📚

And that’s just the beginning – Part 2 is coming soon! 📸

#thm #thmbusiness #studiereningiessen #GießenWeek #InternationalExperience #ATUinGießen #HessenMeetsArkansas #THMInternational #LeicaWorld #TeamWorkAcrossBorders #GlobalExchange

Fotos: Sophie Hopp und Sophia Schweitzer",0,07/01/2025 06:36,https://www.instagram.com/p/DLkSuvSovcM/,IG carousel,,Lifetime,10663,107,6,0,0,,
18096686668591453,17841402627774708,atu_business,ATU LeMoyne Smith School of Business,"Is it procrastination or performance pressure? (yes.) 🤫

#collegelife #trending #collegehumour #relatable #heckyeahtechyeah #standingonbusiness",6,06/30/2025 08:58,https://www.instagram.com/reel/DLh9fomRcVK/,IG reel,,Lifetime,3020,142,4,0,2,1867.0,0.0
18111501658501787,17841402627774708,atu_business,ATU LeMoyne Smith School of Business,"going places, literally 🇺🇸
#washingtondc #DC #NMGZ #nmgzcommunity",0,06/26/2025 16:05,https://www.instagram.com/p/DLYb61HxyGL/,IG carousel,,Lifetime,15509,217,2,2,1,3808.0,0.0
18089806882651324,17841402627774708,atu_business,ATU LeMoyne Smith School of Business,"✨ Meet Elis, one of our newest Good as Gold Ambassadors 💛 Originally from Russia, she defines bravery as leaving everything familiar to chase something greater.

When asked what inspires her, she said:
“I’m inspired by other international students who face challenges like separation from family, language barriers, and cultural differences to get a good education.” 🌍📚 

Whether it’s a return or a return on investment, she’s got it handled 🎾 Welcome to the team, @elis.gergel! We’re so glad you’re here!

#GoodAsGold #ATUbusiness #ATUglobal #heckyeahtechyeah #finance",0,06/23/2025 16:15,https://www.instagram.com/p/DLQuqa4RLSF/,IG carousel,,Lifetime,9521,96,5,4,0,1333.0,0.0
18079207234850568,17841402627774708,atu_business,ATU LeMoyne Smith School of Business,"It’s been a long time coming, but… 🚙
alt. caption: my boss is cooler than yours 💁🏼‍♀️

#golfcart #miracleshappen #heckyeahtechyeah",11,06/20/2025 10:00,https://www.instagram.com/reel/DLIVTDnx8AM/,IG reel,,Lifetime,4414,128,11,10,1,2594.0,0.0
18029793254481092,17841407212202928,thm.fachschaft.wirtschaft,THM Fachschaft Wirtschaft,"Who knew one week could mean so much?
International Business Simulation Blended 749 – the second part of this incredible journey, the Gießen Week, with the amazing students from ATU Arkansas has been nothing short of unforgettable.
We came in as strangers and left as friends. In just a few days, we created memories that feel like they’ve been building for years.
So much laughter, deep talks, culture, connection, and shared dreams(and of course some tears at the end).
There’s a special kind of magic when people from different places come together and feel this seen, this supported, this connected.

All that’s left to feel is: gratitude. humanity. unity.🌍💛💚 

See you later! Bis später!",0,06/19/2025 02:58,https://www.instagram.com/p/DLFANwWMpLD/,IG carousel,,Lifetime,6822,94,8,5,0,,
18192568903312593,17841402627774708,atu_business,ATU LeMoyne Smith School of Business,"If she could relive any day at @arkansastech , it would be her very first one 🥹

Meet @hannahhhardesty 💚💛 She’s a Business Management major + Pre-Law minor (not a Gemini vegetarian) and now a Good as Gold Ambassador!

From Greek Life to @atu_sab, she’s been involved, intentional, and spreading positivity wherever she goes.

That’s what makes her Good as Gold! 🌟

#goodasgold #atubusiness #collegelife",0,06/17/2025 13:05,https://www.instagram.com/p/DLA8F32xaA-/,IG carousel,,Lifetime,6444,209,3,12,0,1316.0,0.0
17892233502254744,17841402627774708,atu_business,ATU LeMoyne Smith School of Business,"Get Dad what he really wants this Father’s Day.

We found the ultimate dad-approved gift at @mikejohnsonspowersports in Russellville: 💥 2024 Kawasaki Ninja 7 Hybrid ABS 🔥 Just $4,999  ⚡️60 MPG, hybrid-electric, and fully legendary

It’s giving horsepower. It’s giving sustainability. It’s giving favorite child status.

🎯 Available now through July 31 or until it’s gone.

While you’re there, check out the Polaris All Out Summer event for even more savings on select rides.

Family-owned and trusted since 1978, Mike Johnson’s Powersports is a full-service dealership backed by decades of passion and expertise.
📍120 E. Parkway Dr., Russellville 📞 (479) 968-7110

#FathersDay #MikeJohnsonsPowersports #SupportLocal #KawasakiNinja7 #AllOutSummer #ShopSmall",13,06/13/2025 09:41,https://www.instagram.com/reel/DK2Q7I-x5Tq/,IG reel,,Lifetime,22675,347,18,5,2,17345.0,3.0
17848626825454864,17841402627774708,atu_business,ATU LeMoyne Smith School of Business,"📍new to campus, not new to making a great impression

Meet Wapiti! 👉🏻@wapiti_hunter_oak_mefford 

He’s a transfer student from @northarkansascollege and he somehow already knows everyone here? 🤷🏼 From campus events to making himself known in Rothwell, he’s clearly the life of the party and we love to see it. 🪩

As a Good as Gold Ambassador, he’s here to share what it’s like to transfer in and turn heads while doing it. We’re excited to see his student experience this year! 🤩

#goodasgold #goldstandard #collegelife #transferstudent #transfer #heckyeahtechyeah #maincharacterenergy",0,06/12/2025 09:17,https://www.instagram.com/p/DKzqA1DxHyE/,IG carousel,,Lifetime,9177,183,22,10,0,2652.0,2.0
18276439561282837,17841402627774708,atu_business,ATU LeMoyne Smith School of Business,"Guten Tag from Germany! 🇩🇪 

Our students have officially arrived at @thm.business for year three of this incredible international experience 🌏 Watch this space as they take over our account and share their experience! 👀

📍Nymphenburg Palace

#ATUbusiness #ATUglobal #THM #ATUtravels #studyabroad #germany",0,06/09/2025 09:42,https://www.instagram.com/p/DKr-iJ0x7PE/,IG carousel,,Lifetime,14672,257,8,5,3,3927.0,3.0
17973533777890395,17841402627774708,atu_business,ATU LeMoyne Smith School of Business,"Did it hurt? When you realized we’re the better vibe? 🥺

#heckyeahtechyeah",9,06/07/2025 15:15,https://www.instagram.com/reel/DKnaQsPJNIl/,IG reel,,Lifetime,1386,29,5,5,0,751.0,0.0
18067193762485501,17841402627774708,atu_business,ATU LeMoyne Smith School of Business,"📸 BTS with some of Arkansas’ emerging leaders!

We were honored to host the SOLA crew at @arkansastech this week, and this morning’s shoot with @atumarcomm was the perfect send off 💚💛

Wishing these student leaders all the best as they take what they’ve learned here and lead with purpose. We hope to see you on campus with us soon 🫶🏼

This week was powered by collaboration, community, and coffee ☕️ 

#SOLA2025 #ArkansasTech #HeckYeahTechYeah #FutureLeaders #BTS #ThisIsATU #FBLA #DECA #FCCLA #FFA #SKILLSUSA #HOSA #TSA #EDUCATORSRISING",20,06/06/2025 12:00,https://www.instagram.com/reel/DKkgASex-NJ/,IG reel,,Lifetime,6735,66,49,2,1,4090.0,2.0
17997708437795024,17841402627774708,atu_business,ATU LeMoyne Smith School of Business,"🚨 Tomorrow’s the day! 🚨

High school juniors, are you ready to LEVEL UP?! 💥

We’re rolling out the green and gold carpet just for YOU and someone is going to win a SCHOLARSHIP!!! Come explore campus and see what life at @arkansastech would be like! ✨ (spoiler: the best).

💚 Tap the link in our bio to register. It’s not too late! 

#LevelUp #LevelUpATU #HeckYeahTechYeah #CollegeLife",5,06/04/2025 09:18,https://www.instagram.com/reel/DKfDJJsRvUq/,IG reel,,Lifetime,2954,33,3,1,0,1396.0,1.0
18190645927313416,17841403918223670,ashley_.m,Ashley Muller ☻,"Accountant Barbie at your service! 💅🏻🩷💄 
I had a great day at the Capitol for my first day of internship with AR Legislative Audit! This is a great opportunity to step into my field before graduation. I am excited to learn from this experience this summer! 👜🩷#goodasgold #accountant #auditing #internship #arkansastech #accountantbarbie",0,06/02/2025 13:34,https://www.instagram.com/p/DKaXjaMvT2p/,IG carousel,,Lifetime,5290,279,3,34,0,,
18116126731425553,17841402627774708,atu_business,ATU LeMoyne Smith School of Business,"Not us romanticizing Boston again 😫
@allie_stoll @nikki_victory",0,05/31/2025 10:04,https://www.instagram.com/p/DKU17g_xqcS/,IG carousel,,Lifetime,2446,110,2,9,0,951.0,0.0
18054533351344274,17841402627774708,atu_business,ATU LeMoyne Smith School of Business,"🌟 Meet one of our new Good as Gold Ambassadors and our very first Ag major to join the team! 🌱💛

Kaitlyn McGuire is passionate about the future of agriculture and says Principles of Agricultural Business helped deepen that passion by showing how “everything is interconnected in the ag economy.”

Her go-to professor? Mr. Charles Metz. “He’s someone you can always count on for a laugh or a thoughtful conversation. He truly cares about his students.”

We’re so excited to have @kaitlyn_nicole_89 helping us share the ATU experience from the ag student perspective! 🤳🐾

#GoodAsGold #agbusiness #thisisATU #ag #HeckYeahTechYeah #agriculture #collegelife #arkag #agribusiness #unclecharlie",0,05/29/2025 09:45,https://www.instagram.com/p/DKPqFrBRCgP/,IG carousel,,Lifetime,2866,78,10,9,1,1076.0,0.0
18017791337717390,17841402627774708,atu_business,ATU LeMoyne Smith School of Business,"If the world gets a version of you as fun, brilliant, and bold as we got… it’s in good hands.

#Graduation #HeckYeahTechYeah #ThisIsATU #ArkansasTech #CollegeLife #Trending #TrendingReels #ATUbusiness",20,05/27/2025 16:45,https://www.instagram.com/reel/DKLQm8jxpD9/,IG reel,,Lifetime,2443,124,7,1,4,1543.0,1.0
17893245183237283,17841402627774708,atu_business,ATU LeMoyne Smith School of Business,"If you’ve been at @arkansastech for more than five minutes, you probably know @nikki_victory 🙌🏼

This Junior Business Management and Digital Marketing major is already making waves, and now she’s adding Good as Gold Ambassador to her resume. 💚💛

We asked: “What’s one thing you wish more students knew about the College of Business and Economic Development?”

Nikki told us: “I wish more students knew just how fun the events were. You don’t have to be a business major to participate. You meet so many cool people and can even win amazing prizes.”

Let’s just say... the gold standard keeps rising. ⭐️⭐️⭐️⭐️⭐️

#GoodAsGold #HeckYeahTechYeah #ATUbusiness #CollegeLife",0,05/26/2025 10:00,https://www.instagram.com/p/DKH9dsBxasK/,IG carousel,,Lifetime,2917,94,4,2,0,1251.0,0.0
18046806512393660,17841402627774708,atu_business,ATU LeMoyne Smith School of Business,"Step inside Dreami Tea and you’ll find more than boba💛

You’ll find a small business rooted in generosity, belonging, and hope.

Founded by an ATU alumna with a dream to give back, Dreami Tea offers support to students who aren’t eligible for scholarships, opens its doors to small entrepreneurs, and hosts a community calendar full of events, movie screenings, book clubs, and more.⭐️

This space is proof that one person’s dream can uplift an entire town. This is your sign to stop by, sip something sweet, and feel at home. 🧋

Tomorrow is CATURDAY at Dreami Tea. Show them a picture of a rescue cat at checkout to receive 10% off your order 😻

#DreamiTea #Boba #Russellville #ShopSmall #ShopLocal #WomenInBusiness #ATU  #ArkansasEntrepreneurs #GiveBack #SmallBusiness #SmallBusinessOwner #ATUbusiness",79,05/23/2025 16:07,https://www.instagram.com/reel/DKA4fn3xgr5/,IG reel,,Lifetime,4341,166,25,2,5,2528.0,0.0
18110305072495046,17841402627774708,atu_business,ATU LeMoyne Smith School of Business,"Certified. Professional. Awesome. 😎 

Congrats to Dr. Sidd Bhambhwani on officially becoming a CPA!

#CPA #HeckYeahTechYeah #professor #accounting #ATUbusiness",0,05/20/2025 15:45,https://www.instagram.com/p/DJ5IMIxRAmV/,IG image,,Lifetime,1325,52,7,0,0,592.0,0.0
18504089674024867,17841402627774708,atu_business,ATU LeMoyne Smith School of Business,"The all-star special: grads, alums, faculty, and waffles. 

#ATUtraditions #WaffleHouse #Graduation #AfterParty #CollegeLife #CampusLife",0,05/18/2025 16:30,https://www.instagram.com/p/DJ0Dw_yR4Ag/,IG image,,Lifetime,3393,80,5,1,3,1360.0,1.0
18066921196992055,17841402627774708,atu_business,ATU LeMoyne Smith School of Business,"Dr. Hopson’s in her regalia era 🎓💁🏻‍♀️

#DBA #LookWhatYouMadeMeDo #Doctor #Reputation #TaylorSwift #Swiftie #ATUBusiness #Professor #WomenInBusiness #Accounting",13,05/16/2025 20:26,https://www.instagram.com/reel/DJvVC2axD7t/,IG reel,,Lifetime,2648,65,5,1,0,1491.0,0.0
17864489928391768,17841402627774708,atu_business,ATU LeMoyne Smith School of Business,"Love a little unexpected brand placement 👀

TECHnically not an ATU shirt… but we’re running with the promotional opportunity anyway 🏃🏽‍♀️

#HeckYeahTechYeah #ArkansasTech #CollegeLife #Trending #TrendingReels",10,05/15/2025 12:39,https://www.instagram.com/reel/DJr6BxMRr0d/,IG reel,,Lifetime,6278,163,30,5,3,3471.0,1.0
18031158971394119,17841402627774708,atu_business,ATU LeMoyne Smith School of Business,"POV: You say yes to opportunities and end up at the Walmart Sophomore Summit. 🔆
@dannyant took over our account and proved that ATU students show up, stand out, and make it count. Turns out, being “that student” is kind of our thing. 

#walmart #samsclub #careeropportunities #accounting #finance #networking #collegelife #heckyeahtechyeah #sophomoreyear",0,05/14/2025 13:00,https://www.instagram.com/p/DJpYjRWR5tF/,IG carousel,,Lifetime,6053,108,4,1,3,1990.0,0.0
17978531393703969,17841402627774708,atu_business,ATU LeMoyne Smith School of Business,"Still in the Top 6%. Still That School. 😌

AACSB accreditation for the ATU LeMoyne Smith School of Business has officially been
REAFFIRMED! 🙌🏼💚💛

What does that mean for you?
⭐️ Challenging courses
⭐️ Real-world prep
⭐️ Opportunities that set you apart

Basically: you’re in the right place. 🌎

#ATUBusiness #AACSB #ThisIsATU #GoldStandard #ArkansasTech #HeckYeahTechYeah",0,05/12/2025 10:00,https://www.instagram.com/p/DJj6TWmxi1g/,IG image,,Lifetime,1987,70,8,0,0,982.0,3.0
18505655986051726,17841402627774708,atu_business,ATU LeMoyne Smith School of Business,"Remember when a handmade card was the ultimate Mother’s Day gift? 🥹

Some of our students brought that tradition back this week because no matter how grown up we get, we never outgrow needing our moms.

To every mom, stepmom, grandma, aunt, and mother figure, we’re grateful for all the love you give. And with graduation just behind us, this one feels extra special. We know who helped get our grads here.

Tag your mom (or your biggest supporter) and tell her how much she means to you.

Happy Mother’s Day from all of us at the College of Business and Economic Development 💗

#mothersday #callyourmom #collegelife #heckyeahtechyeah #arkansastech #handmade #thisisatu",0,05/11/2025 10:00,https://www.instagram.com/p/DJhVkWeRMJE/,IG carousel,,Lifetime,11853,291,10,2,0,4349.0,0.0
18024210443650805,17841400588879469,_livjohnson34,liv 🍓,"liv johnson, mba 🎓

stay tuned for marketing instructor liv ✨

#goodasgold #gradstudent #mba #graduation #gradschool #arkansastech #heckyeahtechyeah",0,05/10/2025 11:15,https://www.instagram.com/p/DJe5Sr9ge4X/,IG carousel,,Lifetime,2477,125,0,3,0,,
18368313112120531,17841402627774708,atu_business,ATU LeMoyne Smith School of Business,"Cap. Gown. Signature. Legacy. 🎓
And just like that, they became ATU alumni.

#Graduation #GraduationDay #ATUBusiness #CollegeLife #ArkansasTech #HeckYeahTechYeah #NightChanges",57,05/09/2025 22:51,https://www.instagram.com/reel/DJdjjOItC81/,IG reel,,Lifetime,14005,531,44,3,14,7877.0,4.0
17900795550179347,17841400496704543,josiahhcarterr,LOVE,"Junior is officially over already! Come watch me close it out officially! Ft. LeBron James highlights

#goodasgold #heckyeatechyea #lebron #basketball #accounting #atubusiness",62,05/07/2025 11:25,https://www.instagram.com/reel/DJXLy5rxVX_/,IG reel,,Lifetime,5493,150,7,6,0,,
17908505163111196,17841402627774708,atu_business,ATU LeMoyne Smith School of Business,"🏆 Awards Season 🏆

From the classroom, to the course, to the community, our students have been showing up and showing out! 

Swipe through to see a sample of academic excellence, athletic wins, and standout service and involvement. 

BRB adding “award-winning” to everyone’s resumes 🌟

#atubusiness #collegelife #heckyeahtechyeah #studentsuccess #techwins #atuexcellence #thisisatu",0,05/06/2025 09:16,https://www.instagram.com/p/DJUYisqRO51/,IG carousel,,Lifetime,5214,96,10,3,0,1700.0,0.0
17921613546072911,17841403918223670,ashley_.m,Ashley Muller ☻,studying for my last spring semester of finals is making me a busy woman!! 📚✏️📓 can’t believe I only have one semester left after tomorrow! #goodasgold #finals #accounting #arkansastech,0,05/05/2025 10:10,https://www.instagram.com/p/DJR57l4ucS3/,IG carousel,,Lifetime,4814,209,4,7,0,,
17908490544110334,17841402627774708,atu_business,ATU LeMoyne Smith School of Business,"Time to lock in 😤 

You didn’t come this far just to come this far. Finish strong! You’ve got this! 

#finals #finalsweek #collegelife #ATUBusiness #HeckYeahTechYeah #exam #awkward #arkansastech",23,05/04/2025 16:00,https://www.instagram.com/reel/DJP9KkcR6vP/,IG reel,,Lifetime,10251,242,44,6,3,5574.0,2.0
18078714289746415,17841404299442673,savannah.g.rodriguez,Savannah Rodriguez,"Reading day well spent! Good luck on finals! 💚💛 

#heckyeahtechyeah #finalsweek #deadday",0,05/02/2025 15:08,https://www.instagram.com/p/DJKtqY_JMle/,IG carousel,,Lifetime,7509,190,3,0,0,,
17855472561378983,17841401497413900,karson.hutchins,Karson Hutchins,"Apply to be a Good as Gold Ambassador TODAY!! Applications close May 9! 🌟

Who is eligible? Students in business, agriculture, or tourism! 

Perks include a scholarship, early registration, connections, AND MORE! 

Apply using the link in @atu_business bio! 💚💛

#goodasgold #go2atu #atubusiness",6,05/01/2025 16:00,https://www.instagram.com/reel/DJIOxEGv9ul/,IG reel,,Lifetime,2439,46,3,0,0,,
18018237365067327,17841402627774708,atu_business,ATU LeMoyne Smith School of Business,"The semester is over, but we want to keep in touch! What are your plans for the summer? Tell us in the comments and use #ATUtravels to show us where you’re going ✈️",0,05/15/2024 12:47,https://www.instagram.com/p/C7AFt09xOQu/,IG image,,Lifetime,,57,0,0,0,544,0
18028086062228884,17841402627774708,atu_business,ATU LeMoyne Smith School of Business,"Introducing Project Lead! It’s a freshman retreat of Olympic proportions and YOU are invited! 🏅

Join us on Sunday, August 18th in Chambers West to connect with students and faculty and make a smooth transition into college life. Project Lead: Where Leadership Meets Opportunity. ✨

Check your mail for an invitation and don’t forget to RSVP!
We can’t wait to see you there!",21,07/30/2024 08:09,https://www.instagram.com/reel/C-DR6AXRq1l/,IG reel,,Lifetime,1178.0,28,4,0,0,605,0
18064069615575429,17841402627774708,atu_business,ATU LeMoyne Smith School of Business,Core memory unlocked 🌟 #ATUtravels,8,07/11/2024 07:20,https://www.instagram.com/reel/C9SRhQcxbGv/,IG reel,,Lifetime,998.0,34,4,0,1,638,0
18311012203155034,17841402627774708,atu_business,ATU LeMoyne Smith School of Business,Jerry Means Business 🐾 #takeyourdogtoworkday,0,06/21/2024 07:15,https://www.instagram.com/p/C8exHkCxuHO/,IG carousel,,Lifetime,,70,2,0,0,401,0
17846735019223909,17841402627774708,atu_business,ATU LeMoyne Smith School of Business,"capture it, remember it 📸",0,06/20/2024 07:52,https://www.instagram.com/p/C8cQlTnx39c/,IG image,,Lifetime,,49,3,0,0,788,0
18018446288353275,17841402627774708,atu_business,ATU LeMoyne Smith School of Business,"I’m looking for a person in:
•	Business ✅
•	T̶r̶u̶s̶t̶ ̶F̶u̶n̶d̶ Registered Student ✅
•	6̶’̶5̶”̶ Insta Vibes ✅
•	B̶l̶u̶e̶ ̶E̶y̶e̶s̶ Can Strategize ✅

Make your mark on campus by showing others what a day in the life is like at ATU! Exclusive to School of Business majors, Good as Gold Outreach Ambassadors will engage in content creation and show a glimpse of what a student in business is all about!

What’s in it for you?
💰💰💰
Transcript credit 🤩
Business Bucks 🐮
Priority registration ‼️
And more!

Ready to apply? Link in bio!",11,06/12/2024 09:58,https://www.instagram.com/reel/C8H3sysRAOT/,IG reel,,Lifetime,,19,4,0,1,438,0
18053906464713699,17841402627774708,atu_business,ATU LeMoyne Smith School of Business,"So about last week 🤩 we had a blast meeting you at Level Up! Thanks to @go2atu for hosting such a great event. 

Did we see you there? Can we see you again for the class of #atu29 👀 Let us know in the comments! 💚",0,06/10/2024 08:25,https://www.instagram.com/p/C8CkaIwR6eQ/,IG carousel,,Lifetime,,35,0,0,0,309,0
17894510196010049,17841402627774708,atu_business,ATU LeMoyne Smith School of Business,"Congrats to Will Horton, Keaton Ranallo, and Logan Schwenke for being named CSC Academic All-District! ⚾️ 

Will Horton, MBA-Digital Marketing
Keaton Ranallo, Finance, AB2M Program
Logan Schwenke, MBA-Business Data Analytics

3/5 of the honorees with this distinction are from the School of Business! ⭐️ @atuathletics",0,06/05/2024 06:52,https://www.instagram.com/p/C71hzBqxMdI/,IG carousel,,Lifetime,,24,0,0,0,312,0
18041735500857941,17841402627774708,atu_business,ATU LeMoyne Smith School of Business,I can’t believe we did this! 😱,90,05/26/2024 22:18,https://www.instagram.com/reel/C7dbarvM8PV/,IG reel,,Lifetime,,70,3,4,1,611,0
18334947838143039,17841402627774708,atu_business,ATU LeMoyne Smith School of Business,"Investing in our futures with our amazing new friends @thm.business 💶🌏

Check out our stories this week to see where in the world the School of Business is #ATUtravels",0,05/24/2024 06:31,https://www.instagram.com/p/C7WlxmJs7XX/,IG carousel,,Lifetime,,67,11,0,0,551,0
17885618349082067,17841401497413900,karson.hutchins,Karson Hutchins,"TRICK OR TREAT!! Halloween in Rothwell was SO FUN!! Students got to trick or treat on the 4th floor and Cash Cow (or should I say Moo Fang) was handing out business bucks!!! 
#goodasgold #atubusiness #go2atu",0,11/01/2024 10:30,https://www.instagram.com/p/DB1lJqhvGbj/,IG carousel,,Lifetime,2244,134,6,1,0,,
17865319914244529,17841402627774708,atu_business,ATU LeMoyne Smith School of Business,"Channeling our inner Cam by crying at any minor inconvenience (getting cold called in class)

What has you reacting like this?

#atubusiness #collegelife #collegestudent #campuslife #heckyeahtechyeah #arkansastech #businessstudent #collegememes #modernfamily",15,01/30/2025 10:00,https://www.instagram.com/reel/DFdXuJwPrwO/,IG reel,,Lifetime,2970,280,24,1,0,2158.0,0.0
18299736655232355,17841401497413900,karson.hutchins,Karson Hutchins,"What’s in my backpack as a double major in Business Management and Digital Marketing!!! 🎒📚📓

#goodasgold #atubusiness #go2atu",0,01/29/2025 16:00,https://www.instagram.com/p/DFbcjZjPW6l/,IG carousel,,Lifetime,3449,207,2,9,0,,
18458529544065889,17841401588080314,arkansastech,Arkansas Tech,"Looking to enroll in the No. 1-ranked online MBA program in Arkansas? 🎓 According to U.S. News & World Report, Arkansas Tech University offers the best online Master of Business Administration degree in the state.

This ranking reflects our commitment to providing an exceptional online learning experience, with expert faculty, personalized support, and a focus on your success. Learn more about the ATU College of Business and Economic Development at www.atu.edu/business. 😀",0,01/27/2025 12:53,https://www.instagram.com/p/DFV9ieppUxi/,IG image,,Lifetime,5451,165,2,1,0,,
18291816442210305,17841402627774708,atu_business,ATU LeMoyne Smith School of Business,"Trading bucks for brilliance… or whatever this was 💵🤣 Who cashed in best?

 #CashMeOutsideATU #heckyeahtechyeah #collegelife #atubusiness #businessbucks #cashcow",52,01/27/2025 11:22,https://www.instagram.com/reel/DFVyqU-RBhg/,IG reel,,Lifetime,4719,107,35,7,0,2896.0,1.0
17996736683739068,17841400496704543,josiahhcarterr,LOVE,"Blessed to finally get to see The Harlem Globetrotters at my school!! Incredible experience being court-side with one of my fav professors! (Slide to the end to see me finally spin a ball)
#atubusiness #goodasgold #harlemglobetrotters #heckyeatechyea",0,01/24/2025 12:07,https://www.instagram.com/p/DFOJ8xgR--Q/,IG carousel,,Lifetime,11648,365,19,4,0,,
18081885013580693,17841402627774708,atu_business,ATU LeMoyne Smith School of Business,"Networking? Nah, net working. 🏀

Dr. Pennington is suiting up to see the Harlem Globetrotters at @arkansastech 

#collegelife 
#collegememes 
#heckyeahtechyeah 
#sportshumor 
#courtculture 
#hoopdreams 
#basketball 

@atuathletics @harlemglobetrotters",18,01/23/2025 15:28,https://www.instagram.com/reel/DFL75UYRTFb/,IG reel,,Lifetime,5282,150,64,9,3,3493.0,6.0
18057124198820370,17841402627774708,atu_business,ATU LeMoyne Smith School of Business,"High school students, ready to see what your future could look like? Be a student for a day at the College of Business and Economic Development Focus Day on February 6! Your life could be suite at ATU - explore campus life, meet inspiring leaders, and take the first step toward achieving your dreams. Don’t miss this opportunity—your future starts here! 💚💛

#ATUBusiness #ArkansasTech #CollegeLife #CollegeBound #BusinessStudent #CollegePrep #CollegeReady #PathtoSuccess #Classof2026",23,01/23/2025 14:17,https://www.instagram.com/reel/DFLzSPTPbWP/,IG reel,,Lifetime,4432,88,38,0,2,2291.0,1.0
18059726095766963,17841404299442673,savannah.g.rodriguez,Savannah Rodriguez,"Rebranding my college experience by serving as a good as gold ambassador this semester 💚💛

#arkansastech #heckyeahtechyeah #rebranding",0,01/19/2025 14:44,https://www.instagram.com/p/DFBj6MzpmSn/,IG carousel,,Lifetime,5670,245,2,9,0,,
18044011211264061,17841400588879469,_livjohnson34,liv 🍓,"Set up my planner for the semester with me! Comment below with any tips you need for organizing or studying!

{ #goodasgold #atubusiness #plannerlife #plannersetup #collegestudent #collegelife #organizeyourlife }",81,01/16/2025 13:15,https://www.instagram.com/reel/DE5rN5jSepG/,IG reel,,Lifetime,955,16,1,0,0,,
17869394424275089,17841402627774708,atu_business,ATU LeMoyne Smith School of Business,"the fire department hates to see Liv coming 🔥

{ #atubusiness #collegelife #atu2025 #collegestudent #heckyeahtechyeah #firstdayofschool #firstdayofclass }",13,01/13/2025 10:53,https://www.instagram.com/reel/DExscNnPvYr/,IG reel,,Lifetime,6127,243,23,3,4,3566.0,0.0
18125786416404384,17841402627774708,atu_business,ATU LeMoyne Smith School of Business,"When the snow says “relax” but the syllabus says “Monday” 🥲

Enjoy your last few days of break and this beautiful snow!! See you all on Monday 💚💛

{ #atubusiness #atu2025 #arkansastech #snowday #collegelife #collegestudent #arkansaslife }",7,01/10/2025 08:20,https://www.instagram.com/reel/DEpssROPoYb/,IG reel,,Lifetime,14458,116,6,1,2,12275.0,2.0
18021116054635775,17841401172912863,pauvgp,Paula González,"Dear ATU, 

I’ll never be able to put into words the impact you’ve had on my life. From the first day I stepped on this campus, I knew it wouldn’t be easy, but after completing my undergrad, I can say it was all worth it. Your campus may not be the biggest, but it’s the most beautiful, filled with the prettiest trees, friendly squirrels, the best campus ambassador @arkansastechjerry 🐾, and a community that makes this place so special.

I came to ATU as a stranger, and today I can confidently say it has become my home. After four major changes(yes,FOUR🫨), countless student organizations, endless campus tours, and the most meaningful connections, I couldn’t imagine myself graduating anywhere else. @arkansastech the beauty of your campus and community has shaped me into the leader I never knew I could become.

Back in 2019, I walked onto this campus as a little girl, and in 2024, I’m stepping out as a confident woman who has accomplished far more than she ever dreamed possible.

Thank you to @ztaarkansastech , @panhellenicatu , @atuorientation , @elevationrus , @orderzetasigma , @atuimsso , @atusga , @go2atu , @atu_techsluggers , 
@atu_cru , @atu_plc , and @atu_business for trusting me with incredible opportunities and contributing into my college career. The student organizations and leaders on this campus never cease to inspire me, and I can confidently say that anyone can become a leader at ATU.

ATU not only has amazing students but also the best mentors and professors. To all my mentors—thank you for pouring into me, believing in me, and always keeping your doors open for this big yapper right here. (Special shoutout to Meighan, Chelsea and Cody, Rhylie, Deidra, Kevin, Dr. Nichols, Kampi, Dr. Mason, Dr. Narcum, Mr. Pennington, Katie, Hailey, Brooke, KC, Ryan, Sara, and so many more .. I’ll carry your advice forever and ever 💚💛).

As I close this chapter, I’m overwhelmed with happiness and gratitude. Thank you for letting me be your Homecoming Queen 2022, my besties, & my new self who now steps through the big doors.

I love you, Arkansas Tech University. It’s an honor to officially be your alumna. Green and Gold Forever and Go Wonder Boys/Golden Suns🎓🥹♾️",0,12/31/2024 16:37,https://www.instagram.com/p/DEQ1slYypRPYkbiYWc3F_yT4UWRwZgUjisLFSs0/,IG carousel,,Lifetime,11343,919,0,79,0,,
18052876235001736,17841402627774708,atu_business,ATU LeMoyne Smith School of Business,"Celebrating excellence and so many unforgettable moments of 2024 💚💛

Together, we’ve made this year one for the books, and we can’t wait to see what the future holds. Here’s to another year of setting the standard for business education!

#ATUBusiness #ArkansasTech #FutureLeaders #BusinessStudent #StudentLife #CollegeLife",19,12/31/2024 10:45,https://www.instagram.com/reel/DEQM1b4PUKu/,IG reel,,Lifetime,943,32,25,0,0,526.0,0.0
18054372121839979,17841402627774708,atu_business,ATU LeMoyne Smith School of Business,"We’re thrilled to introduce Savannah and Ashley as the newest Good as Gold Ambassadors! 🎉

This dynamic duo will represent the LeMoyne Smith School of Business at events, highlight campus life, and share their journeys as ATU students throughout the semester. 💼📚

Follow along as they show all the amazing things happening at @arkansastech and prove what it means to be Good as Gold at ATU! 💛",0,12/30/2024 15:33,https://www.instagram.com/p/DEOJnyuRwx5/,IG carousel,,Lifetime,3058,87,11,10,0,1758.0,1.0
18042153356010338,17841402627774708,atu_business,ATU LeMoyne Smith School of Business,"‘Twas the night before Christmas, and all through ATU
Not a creature was stirring...except Jerry, it’s true! 🐶🎄
With stockings all hung and his sweater just right,
He’s spreading Tech cheer on this festive night.

Merry Christmas, everyone, but especially you, @arkansastechjerry 🥹💚💛

#merrychristmas #heckyeahtechyeah #trendingreels",5,12/24/2024 16:21,https://www.instagram.com/reel/DD-xg76Rg1P/,IG reel,,Lifetime,1593,67,0,1,3,816.0,0.0
18061995973722003,17841417727249153,singulivity,liv,"my last student-owned business market ✨

thank you all so much for supporting the student-owned business market these past few years! I started this event in collaboration with the main street art walks to give student entrepreneurs the opportunity to expand their skills and knowledge among their peers. since the first one three years ago, our community has shown up and supported these amazing students 💚💛

don’t worry, the market isn’t going away - the torch is just passing as I enter my final semester as an atu student 🥲

see you next year 😉

{ #goodasgold #atubusiness #shopsmall #collegestudent #studentlife #studententrepreneur #arkansastech #atu2024 }",0,12/18/2024 13:14,https://www.instagram.com/p/DDvAM74yGCh/,IG carousel,,Lifetime,1647,97,0,1,0,,
18010618355668012,17841400314558589,atuagriculture_tourism,ATU Department of Agriculture and Tourism,"🐮MOOO🐮

We hope you have a fantastic winter break! See you next semester!💚💛💚💛

(Music from: MOOO! By Doja Cat)
#arkansastech",16,12/17/2024 08:13,https://www.instagram.com/reel/DDr4YLexjzl/,IG reel,,Lifetime,1629,56,8,4,1,987.0,1.0
18307072414202933,17841402627774708,atu_business,ATU LeMoyne Smith School of Business,Who are you wearing? 🎓 #heckyeahtechyeah #graduation,90,12/14/2024 19:20,https://www.instagram.com/reel/DDlWxPFxnQ7/,IG reel,,Lifetime,4688,211,13,11,3,2761.0,2.0
18029124629608211,17841400496704543,josiahhcarterr,LOVE,"Semester 5 Recap! Featuring the two favorite professors even though they classes they taught were not my favorites…
#goodasgold #heckyeatechyea #business #accounting",0,12/12/2024 12:41,https://www.instagram.com/p/DDffnAGxo9V/,IG carousel,,Lifetime,10695,286,11,3,0,,
18313392760165626,17841401497413900,karson.hutchins,Karson Hutchins,Happy finals week!! Study with me for finals as a double major in Business Management and Digital Marketing! The library is my favorite place to study! I love stopping in the Tech Learning Center to get extra help in my classes! 📚 #goodasgoldambassador #atubusiness #go2atu,0,12/11/2024 08:47,https://www.instagram.com/p/DDcf_KlPCfe/,IG carousel,,Lifetime,2751,161,2,1,0,,
17913687990031127,17841402627774708,atu_business,ATU LeMoyne Smith School of Business,"the only SWOT I know is Sobbing While Overthinking Tests 🤯

In all seriousness, we know how hard all of you have worked this semester!! You’re going to do GREAT on your finals!!!!

#heckyeahtechyeah #atubusiness #collegelife #campuslife #businessstudent",12,12/09/2024 11:27,https://www.instagram.com/reel/DDXohBRv5U5/,IG reel,,Lifetime,23214,1819,707,4,138,16654.0,6.0
18106999858442932,17841401172912863,pauvgp,Paula González,"🎉 Become a Good as Gold Ambassador🎉 — as my undergrad time is sadly coming to an end the ATU LeMoyne Smith School of Business is looking for a new “Good as Gold Ambassador.”

💡What’s in it for you?
Content creation opportunities, authentic voice and creative freedom, earn $$$, unique transcript credits, priority registration for classes, Business Bucks, and MORE!

This opportunity is exclusive to LeMoyne Smith School of Business students. Apply now through the link in @atu_business bio. The deadline is December 11th—don’t miss out! 

Make your mark in the School of Business today!📝💚💛💸🐮📊 #goodasgoldambassador #atubusiness",0,12/07/2024 14:09,https://www.instagram.com/p/DDSxqoFy-LcOGGK3NoPnomRXFYkmif4HhXgAFE0/,IG carousel,,Lifetime,10372,615,0,14,0,,
18060457111803698,17841402627774708,atu_business,ATU LeMoyne Smith School of Business,"On Saturday, we had the honor of celebrating LeMoyne Smith and the renaming of the ATU LeMoyne Smith School of Business. This special event recognized his remarkable contributions and the enduring impact he has made on Arkansas Tech University. 

We were thrilled to have Mr. Smith’s family join us for the celebration. Their presence was a meaningful reminder of the legacy he continues to build, inspiring the School of Business and its mission to shape the leaders of tomorrow. 

We are proud to carry his name forward and grateful for his unwavering support and dedication to ATU.",0,12/02/2024 11:12,https://www.instagram.com/p/DDFldJrxpcI/,IG carousel,,Lifetime,1747,79,6,0,1,1041.0,0.0
18029389730437674,17841402627774708,atu_business,ATU LeMoyne Smith School of Business,"holding space for the thief to be caught…no one mourns the wicked 🫧

#wicked #wickedmovie #atu2024 #atubusiness #collegelife",7,11/25/2024 13:35,https://www.instagram.com/reel/DCzzzWoSQBo/,IG reel,,Lifetime,9029,70,2,1,1,7393.0,0.0
18470290732037515,17841402627774708,atu_business,ATU LeMoyne Smith School of Business,"It’s almost Turkey Day! 🦃 We are so thankful for all of our students 🧡

#atubusiness #atu2024 #heckyeahtechyeah #businessstudent #thanksgiving #thanksgivingbreak",12,11/25/2024 08:30,https://www.instagram.com/reel/DCzQupsvcal/,IG reel,,Lifetime,1336,52,3,4,0,731.0,0.0
18047231432024036,17841402627774708,atu_business,ATU LeMoyne Smith School of Business,"🎉 Business Bucks Auction Recap 🎉

Our students worked hard all semester to earn Business Bucks 🤑 by excelling in class, attending events, and engaging with us on social media. Yesterday, they had the chance to bid on amazing prizes, and the excitement was REAL 🔥

The auction takes place each semester, so make sure to step up in the spring to win a top item! 🏆

#heckyeahtechyeah #atubusiness #businessbucks #collegelife #campuslife #arkansastech",0,11/22/2024 10:28,https://www.instagram.com/p/DCrwgh8xZLY/,IG carousel,,Lifetime,4566,170,29,9,2,2225.0,0.0
18022272812312315,17841400314558589,atuagriculture_tourism,ATU Department of Agriculture and Tourism,Fall Fest 2024:,0,11/21/2024 18:26,https://www.instagram.com/p/DCqCWORRmED/,IG carousel,,Lifetime,1953,133,13,1,1,923.0,1.0
18042179618514373,17841402627774708,atu_business,ATU LeMoyne Smith School of Business,"The Cash Cow auction is TOMORROW at 3:30PM!! Bring your business bucks to win amazing prizes 💸

{ #atubusiness #heckyeahtechyeah #atu2024 #businessstudent #businessbucks }",8,11/20/2024 09:51,https://www.instagram.com/reel/DCmiU5FPjnJ/,IG reel,,Lifetime,1022,19,2,1,0,486.0,0.0
18473662024032918,17841400314558589,atuagriculture_tourism,ATU Department of Agriculture and Tourism,"There are some cattle outside not just cows…🤠

💛💚We are so happy to have visitors at the ATU Agriculture Learning Laboratories!💛💚",7,11/18/2024 12:51,https://www.instagram.com/reel/DChspY4R3mL/,IG reel,,Lifetime,4570,127,6,2,1,2707.0,2.0
17938762130809265,17841400496704543,josiahhcarterr,LOVE,"Edward Jones St. Louis office Trip was amazing!

Want to give a special thanks to @allinson_michael for making this happen! Would also love to give a special thank you to Edward Jones for the hospitality that was shown to us as a group! #goodasgold #heckyeatechyea",0,11/17/2024 15:02,https://www.instagram.com/p/DCfX1zrR660/,IG carousel,,Lifetime,11030,296,10,4,0,,
18470887792009451,17841402627774708,atu_business,ATU LeMoyne Smith School of Business,"It’s an exciting day for the LeMoyne Smith School of Business!

20 of our best and brightest students had the incredible opportunity to attend University Day at the Edward Jones headquarters in St. Louis! Huge thanks to Michael Allinson for the generous invitation and for opening the doors to such an amazing experience. 🙌✨

This is just one of the many ways we’re preparing the next generation of leaders! 💡👏

#ATUBusiness #ArkansasTech #EdwardJones #CareerDevelopment #StudentSuccess #CollegeLife",0,11/15/2024 07:52,https://www.instagram.com/p/DCZdBf0PtV_/,IG image,,Lifetime,2626,103,7,5,1,1567.0,0.0
17983797275773060,17841402627774708,atu_business,ATU LeMoyne Smith School of Business,"Cash Cow’s Fall Auction is here 💸

Join us on November 21st at 3:30PM in RTH 138 with your business bucks! You’ll have the opportunity to bid on the items included in the video AND MORE!

Cash Cow can’t wait to see all of her friends!! This semester has gone by in a BLINK 🩷🖤

#heckyeahtechyeah #atubusiness #atu2024 #collegelife #businessbucks",16,11/14/2024 08:44,https://www.instagram.com/reel/DCW9fJpPvk4/,IG reel,,Lifetime,1480,41,4,4,1,1014.0,0.0
18121068115400017,17841402627774708,atu_business,ATU LeMoyne Smith School of Business,"You belong here 💚💛

We had a blast meeting over 900 prospective students and their families at Time Out For Tech yesterday and we hope you had the best time seeing what ATU has to offer. We take such pride in providing the absolute best experiences for all of our students - through academics, student engagement, study abroad, and much, much more. There’s something for everyone at Arkansas Tech ✨

DM us with any questions you may have or let us know if you want to stop by! 

We can’t wait to see you next year 😉

#TOFT2024 #TimeOutForTech #ArkansasTech #HeckYeahTechYeah #ATU2029",0,11/13/2024 11:03,https://www.instagram.com/p/DCUpTdjPIkQ/,IG carousel,,Lifetime,4151,106,12,0,0,1850.0,0.0
18347394259193071,17841401497413900,karson.hutchins,Karson Hutchins,TIME OUT FOR TECH!!! Today was SO FUN getting to meet future students!!! It’s always a good time getting to talk about everything the College of Business and Economic Development has to offer! #go2atu #goodasgold #atubusiness,0,11/12/2024 15:15,https://www.instagram.com/p/DCShYinv0aV/,IG carousel,,Lifetime,3080,194,4,4,0,,
17971859732664306,17841400588879469,_livjohnson34,liv 🍓,"I burned myself on hot glue today more times than I can count 💔 I’ll be in Rothwell tomorrow at Time Out For Tech with @atu_business! See you then 💚💛

{ #goodasgold #collegelife #collegerecruiting #gradschool #gradstudent #arkansastech #heckyeahtechyeah }",8,11/11/2024 15:33,https://www.instagram.com/reel/DCP-GkqvXek/,IG reel,,Lifetime,5349,139,5,2,0,,
18059344216828872,17841402627774708,atu_business,ATU LeMoyne Smith School of Business,"That’s a wrap on career fairs for this semester! Thanks to @atucareers for getting employers on campus for us! If you missed it, don’t worry, there’s still more fun to be had 😌 check out our pinned post for upcoming events and be sure to be checking back for a surprise 👀🐮💸
#heckyeahtechyeah #collegelife #atubusiness",0,11/08/2024 12:09,https://www.instagram.com/p/DCH46IERrfL/,IG carousel,,Lifetime,1713,37,3,0,0,763.0,0.0
17972675948653006,17841401172912863,pauvgp,Paula González,"REMINISCING ON ATU HOMECOMING 2024… and let me tell you, it was one for the books! 🏈💚💛🥹 Feeling all the feels about my last ATU homecoming game as an undergrad, but so grateful for every memory made this semester with the friends, faculty, and staff that make this campus feel like home! Swipe to see my reaction to my best friend @ellieolevia being crowned ATU’s Homecoming Queen! 👸🕺🏻💃🏼 #atubusiness #goodasgoldambassador #atuhomecoming 
—
what was YOUR favorite part of homecoming??🫣
—
Can’t believe November is here 🍂 just one more month of this amazing semester! 🥹😭💞💚💛",0,11/01/2024 10:30,https://www.instagram.com/p/DB1lMYNytLHE0Hje7sbPiOoN-0-HcD4_6p94Fk0/,IG carousel,,Lifetime,8225,401,0,21,0,,
18045788474427379,17841402627774708,atu_business,ATU LeMoyne Smith School of Business,"Trick, treats, and Rothwell sweets 👻

We had a scary good time trick or treating with everyone! The costumes and Halloween spirit did not disappoint 🎃

{ #atubusiness #arkansastech #halloween #spookyseason #trickortreat }",0,11/01/2025 11:45,https://www.instagram.com/p/DQhj1mokc0Q/,IG carousel,,Lifetime,2999,93,4,0,1,1083.0,0.0
18025747940775615,17841402627774708,atu_business,ATU LeMoyne Smith School of Business,"No other choice but to lock in 😣📚

#collegelife #finals #atubusiness #arkansastech",4,12/02/2025 10:24,https://www.instagram.com/reel/DRxU67kkV9G/,IG reel,,Lifetime,3960,79,6,0,0,2477.0,0.0
17979822821929860,17841410872455833,wapiti_hunter_oak_mefford,Wapiti Mefford,"A big thank you to Academy Sports + Outdoors for allowing our Principles of Marketing class to take over your store on Thursday for our class!! We got to learn all about what it takes to run one of these retail locations! And take a look at some of the pictures from our scavenger hunt, where we were asked to find different marketing tactics that were being used throughout the store!",0,11/24/2025 22:00,https://www.instagram.com/p/DRd_cXBjk4P/,IG carousel,,Lifetime,3076,92,2,2,0,,
18062501021615215,17841407390794753,will_aaron89,Will Aaron,A couple days ago we wrapped up the semester with a great nuclear bingo event! Congrats to our winners and thank you to everyone who showed up.,0,11/21/2025 10:24,https://www.instagram.com/p/DRVBYPXjsfo/,IG carousel,,Lifetime,2791,108,0,3,0,,
18087224278782598,17841402627774708,atu_business,ATU LeMoyne Smith School of Business,Our students absolutely went feral at the Business Bucks auction today 😭💰 Congrats to the winners!,0,11/18/2025 14:46,https://www.instagram.com/p/DRNw-SkjYW_/,IG carousel,,Lifetime,5129,156,13,3,0,1595.0,0.0
17894360604358534,17841405084435214,elis.gergel,,"International Week was absolutely unforgettable! 🌍  From cultural performances and global food, flags and so many fun events throughout the week. 💫
As an international student, I am so proud to represent my country on campus and share my culture with others. ❤️
I loved meeting new people, learning about different traditions, and seeing our campus come together as one global family.",0,11/16/2025 19:25,https://www.instagram.com/p/DRJHStADhCW/,IG image,,Lifetime,2203,86,1,0,0,,
17886374982401060,17841403372800947,nikki_victory,Nikki Victory,"FIRST-GEN WEEK RECAP! 🪩

Campus Life and the First-Gen Org made this my favorite first-gen week yet. After an early-morning kickoff, riveting game night, relaxing spa day, entertaining diy night, delicious luncheon, iconic Green and Gold Giveback, AND a super cool block party, I am worn out! 

I am so happy I got to spend the week celebrating our uniqueness and sharing our stories with friends and colleagues. 💚💛 #firstgen #firstgenweek",0,11/13/2025 19:12,https://www.instagram.com/p/DRBXcqhgN3A/,IG carousel,,Lifetime,3485,112,6,1,0,,
18061473278629260,17841406801794666,riley_drake12,Riley Drake,"Night One at Tucker was a hit! Basketball season starts this Friday and I couldn’t be more excited for our Wonder Boys and Golden Suns!
#atubusiness #atuathletics #goarkansastech",0,11/12/2025 10:40,https://www.instagram.com/p/DQ94GJmAWWC/,IG carousel,,Lifetime,4050,99,0,2,0,,
18348782047204458,17841405084435214,elis.gergel,,"Fall Fest 2025 was such a success! 🍁 Grateful for good vibes, pumpkins and so much fun 💫🎃",0,11/11/2025 17:52,https://www.instagram.com/p/DQ8EwWADtOR/,IG image,,Lifetime,1923,73,0,1,0,,
18047211791674194,17841403372800947,nikki_victory,Nikki Victory,"Another year of Green and Gold Giveback complete! Us Good As Gold Ambassadors spent our Saturday morning giving back to our community by raking leaves, painting, organizing, and helping different businesses, organizations, and community members. 🍂🍁",0,11/08/2025 10:34,https://www.instagram.com/p/DQzkM7egTAZ/,IG carousel,,Lifetime,7872,222,9,4,0,,
18080540996044088,17841402627774708,atu_business,ATU LeMoyne Smith School of Business,"Some legacies don’t fade, they lead the way.

Before the bright lights of the @nfl, there was Russellville, Arkansas. Before the roar of the crowd, there was a Wonder Boy who played for something bigger than himself.

Eddie Meador didn’t chase fame, he built it through heart, humility, and hard work that still echo through @arkansastech today.

He became a record-breaking @rams player. A leader. A legend.

And as today’s Wonder Boys pull on that same number, they don’t just wear his legacy, they carry it forward. @atuathletics 

🏈 It’s time for Eddie Meador’s name to live where it belongs… in the Pro Football Hall of Fame. @profootballhof

📬 Send letters of support to:
Pro Football Hall of Fame
2121 George Halas Drive
Canton, Ohio 44708-2699
Attn: Seniors Committee / Voters

#EddieMeador #FightOn #ATUFootball #ArkansasTech #LARams",44,11/03/2025 12:14,https://www.instagram.com/reel/DQm2GyvEj0s/,IG reel,,Lifetime,9304,275,27,0,8,5701.0,0.0
