Post ID,Account ID,Account username,Account name,Description,Duration (sec),Publish time,Permalink,Post type,Data comment,Date,Views,Reach,Likes,Shares,Profile visits,Replies,Sticker taps,Navigation,Link clicks
17948379702024729,17841402627774708,atu_business,ATU LeMoyne Smith School of Business,WHO SAID WE CAN’T HAVE PIZZA PARTIES IN COLLEGE?🍕,0,11/03/2025 09:42,,IG story,,Lifetime,461,355,3,9,3.0,0,,403,
18086763418816038,17841402627774708,atu_business,ATU LeMoyne Smith School of Business,,4,12/02/2025 10:24,,IG story,,Lifetime,327,246,5,0,3.0,0,,203,
18145859299431056,17841402627774708,atu_business,ATU LeMoyne Smith School of Business,,15,11/23/2025 12:07,,IG story,,Lifetime,255,199,2,0,,0,,240,
18164141980381089,17841402627774708,atu_business,ATU LeMoyne Smith School of Business,,15,11/23/2025 12:06,,IG story,,Lifetime,280,218,3,2,,0,,244,
18017182985619017,17841402627774708,atu_business,ATU LeMoyne Smith School of Business,,0,11/21/2025 12:15,,IG story,,Lifetime,385,309,6,0,2.0,0,2.0,351,
17908742415123299,17841402627774708,atu_business,ATU LeMoyne Smith School of Business,@atuagriculture_tourism,0,11/19/2025 11:57,,IG story,,Lifetime,301,240,1,0,2.0,0,,253,
18082531460284193,17841402627774708,atu_business,ATU LeMoyne Smith School of Business,,15,11/18/2025 14:57,,IG story,,Lifetime,339,261,2,0,1.0,0,,305,
18056370110300472,17841402627774708,atu_business,ATU LeMoyne Smith School of Business,"Starting at 3 PM
in Rothwell 138!",0,11/18/2025 12:51,,IG story,,Lifetime,391,300,3,0,1.0,0,,367,
17869412157397987,17841402627774708,atu_business,ATU LeMoyne Smith School of Business,"picking up auction items from amazing local businesses!  @wildflowercafear (yes, this cookie platter is ONE prize!)",20,11/18/2025 10:09,,IG story,,Lifetime,436,312,4,0,3.0,0,9.0,409,
17949148367917611,17841402627774708,atu_business,ATU LeMoyne Smith School of Business,,0,11/18/2025 07:49,,IG story,,Lifetime,410,308,4,0,2.0,0,,377,
18128281393496502,17841402627774708,atu_business,ATU LeMoyne Smith School of Business,,0,11/17/2025 10:09,,IG story,,Lifetime,871,588,4,0,1.0,0,,257,
18050628203673833,17841402627774708,atu_business,ATU LeMoyne Smith School of Business,,0,11/15/2025 09:14,,IG story,,Lifetime,1754,1240,5,0,2.0,0,,416,
18291645535273313,17841402627774708,atu_business,ATU LeMoyne Smith School of Business,,15,11/13/2025 19:13,,IG story,,Lifetime,192,158,4,0,,0,,172,
18085133155821211,17841402627774708,atu_business,ATU LeMoyne Smith School of Business,,15,11/13/2025 07:27,,IG story,,Lifetime,232,186,6,0,1.0,0,,197,
18076408759959189,17841402627774708,atu_business,ATU LeMoyne Smith School of Business,Send this to someone who should enroll at @arkansastech 😏,0,11/12/2025 11:58,,IG story,,Lifetime,1592,1189,4,0,1.0,0,2.0,282,
18060278471548828,17841402627774708,atu_business,ATU LeMoyne Smith School of Business,,0,11/11/2025 17:56,,IG story,,Lifetime,332,262,3,0,2.0,0,3.0,288,
17846547678581907,17841402627774708,atu_business,ATU LeMoyne Smith School of Business,it’s almost auction time!!,0,11/11/2025 10:54,,IG story,,Lifetime,303,233,4,1,,0,,269,
18059036918558037,17841402627774708,atu_business,ATU LeMoyne Smith School of Business,,0,11/11/2025 09:11,,IG story,,Lifetime,257,220,1,0,,0,,232,
18011741264634784,17841402627774708,atu_business,ATU LeMoyne Smith School of Business,,0,11/11/2025 07:36,,IG story,,Lifetime,269,233,1,0,1.0,0,,244,
18090419137728790,17841402627774708,atu_business,ATU LeMoyne Smith School of Business,Green and Gold Giveback! @atucampuslife,15,11/08/2025 10:37,,IG story,,Lifetime,732,547,4,0,,0,,208,
18380947552195778,17841402627774708,atu_business,ATU LeMoyne Smith School of Business,Our first gen alumni do great things! 🥹,20,11/07/2025 12:40,,IG story,,Lifetime,222,170,4,0,,0,8.0,204,2.0
18107211565718137,17841402627774708,atu_business,ATU LeMoyne Smith School of Business,,15,11/07/2025 10:59,,IG story,,Lifetime,228,178,2,0,2.0,0,,195,
18093189895868477,17841402627774708,atu_business,ATU LeMoyne Smith School of Business,COME THROUGH FOR LUNCH AND CONNECTION 🍕,0,11/05/2025 09:59,,IG story,,Lifetime,223,191,2,0,,0,,201,
17999897477826784,17841402627774708,atu_business,ATU LeMoyne Smith School of Business,,0,11/04/2025 09:58,,IG story,,Lifetime,260,202,5,0,1.0,0,,232,
18093188059853620,17841402627774708,atu_business,ATU LeMoyne Smith School of Business,,0,11/03/2025 14:31,,IG story,,Lifetime,329,255,2,0,3.0,0,9.0,286,
17969349200978252,17841402627774708,atu_business,ATU LeMoyne Smith School of Business,,5,11/03/2025 12:15,,IG story,,Lifetime,403,281,1,0,,0,,299,
18046548584089935,17841402627774708,atu_business,ATU LeMoyne Smith School of Business,@arkansastech @atucampuslife,0,11/01/2024 08:07,https://instagram.com/stories/atu_business/3491788690240520504,IG story,,Lifetime,975,873,7,0,1.0,0,,208,
18123658810411077,17841402627774708,atu_business,ATU LeMoyne Smith School of Business,,15,01/30/2025 10:29,,IG story,,Lifetime,171,163,2,0,7.0,0,,166,
18153600886355753,17841402627774708,atu_business,ATU LeMoyne Smith School of Business,Meet your COBED SGA AMBASSADOR!,5,01/29/2025 10:06,,IG story,,Lifetime,213,203,1,0,4.0,0,,205,
17882278986127380,17841402627774708,atu_business,ATU LeMoyne Smith School of Business,,0,01/28/2025 11:11,,IG story,,Lifetime,302,282,2,0,1.0,0,,316,
18073007137668063,17841402627774708,atu_business,ATU LeMoyne Smith School of Business,@arkansastech,0,01/27/2025 15:26,,IG story,,Lifetime,226,212,4,0,4.0,0,,228,
18291578068210624,17841402627774708,atu_business,ATU LeMoyne Smith School of Business,,15,01/27/2025 11:36,,IG story,,Lifetime,220,201,2,0,,0,,198,
17953962821874114,17841402627774708,atu_business,ATU LeMoyne Smith School of Business,,15,01/24/2025 12:10,,IG story,,Lifetime,155,146,1,0,,0,,165,
17888311512089528,17841402627774708,atu_business,ATU LeMoyne Smith School of Business,Be a student for a day at ATU COBED!,15,01/23/2025 14:25,https://instagram.com/stories/atu_business/3552165146040201035,IG story,,Lifetime,203,182,2,0,,0,,195,
18013408982679309,17841402627774708,atu_business,ATU LeMoyne Smith School of Business,,0,01/21/2025 10:09,,IG story,,Lifetime,183,174,1,0,,0,,193,
18000469043563426,17841402627774708,atu_business,ATU LeMoyne Smith School of Business,Valentine’s Day came early to Rothwell! Stop by the front windows to see our @arkansastechjerry window painting!,15,01/21/2025 10:08,,IG story,,Lifetime,185,175,1,0,1.0,1,,180,
18054568946072998,17841402627774708,atu_business,ATU LeMoyne Smith School of Business,,0,01/20/2025 07:05,,IG story,,Lifetime,240,233,8,0,,0,,250,
18059940295757853,17841402627774708,atu_business,ATU LeMoyne Smith School of Business,,15,01/16/2025 14:13,,IG story,,Lifetime,187,172,0,0,2.0,0,,173,
18115770211440508,17841402627774708,atu_business,ATU LeMoyne Smith School of Business,,15,01/15/2025 09:52,,IG story,,Lifetime,194,178,2,0,2.0,0,,202,
17924853575907870,17841402627774708,atu_business,ATU LeMoyne Smith School of Business,,7,01/15/2025 08:46,,IG story,,Lifetime,200,191,0,0,,0,5.0,150,
18108342712460709,17841402627774708,atu_business,ATU LeMoyne Smith School of Business,,5,01/14/2025 11:32,,IG story,,Lifetime,171,157,3,1,3.0,0,,190,
17933529842861016,17841402627774708,atu_business,ATU LeMoyne Smith School of Business,,0,01/14/2025 11:32,,IG story,,Lifetime,183,167,3,1,2.0,0,,177,
18142905142366764,17841402627774708,atu_business,ATU LeMoyne Smith School of Business,,0,01/11/2025 10:07,https://instagram.com/stories/atu_business/3543338071296439258,IG story,,Lifetime,233,222,1,0,,0,,279,
17889598584172177,17841402627774708,atu_business,ATU LeMoyne Smith School of Business,,0,01/11/2025 10:06,https://instagram.com/stories/atu_business/3543337546219963925,IG story,,Lifetime,243,232,4,0,,1,,258,
18074229220632616,17841402627774708,atu_business,ATU LeMoyne Smith School of Business,"our furry
friends
love them
too!",0,01/10/2025 15:04,,IG story,,Lifetime,224,201,3,0,,0,,272,
18033596540396308,17841402627774708,atu_business,ATU LeMoyne Smith School of Business,,0,01/10/2025 15:00,https://instagram.com/stories/atu_business/3542761138556979830,IG story,,Lifetime,240,216,2,0,1.0,0,,286,
18048271157327540,17841402627774708,atu_business,ATU LeMoyne Smith School of Business,@carlydunlap,0,01/10/2025 15:00,https://instagram.com/stories/atu_business/3542760980607710389,IG story,,Lifetime,345,317,2,0,,0,,299,
18058539601784741,17841402627774708,atu_business,ATU LeMoyne Smith School of Business,we 💚 snow days,0,01/10/2025 14:57,https://instagram.com/stories/atu_business/3542759442363480232,IG story,,Lifetime,254,230,2,0,,0,,281,
17908063331983023,17841402627774708,atu_business,ATU LeMoyne Smith School of Business,Tag us in your snow day stories for a chance to be featured ❄️ SNOW DAY!!!,5,01/09/2025 13:54,,IG story,,Lifetime,266,256,1,0,,0,,291,
18261969241259917,17841402627774708,atu_business,ATU LeMoyne Smith School of Business,,0,01/07/2025 08:59,,IG story,,Lifetime,189,185,1,0,,0,,221,
18093308791515035,17841402627774708,atu_business,ATU LeMoyne Smith School of Business,,0,01/07/2025 08:59,,IG story,,Lifetime,196,189,1,0,,0,,257,
18100327666482755,17841402627774708,atu_business,ATU LeMoyne Smith School of Business,,5,01/07/2025 08:59,,IG story,,Lifetime,197,190,1,0,,0,,230,1.0
18028909742273334,17841402627774708,atu_business,ATU LeMoyne Smith School of Business,,0,01/07/2025 08:59,,IG story,,Lifetime,493,417,2,0,,0,,232,8.0
17960139737845394,17841402627774708,atu_business,ATU LeMoyne Smith School of Business,DON’T FORGET! @ATUAGRICULTURE_TOURISM,0,01/02/2025 06:31,,IG story,,Lifetime,232,229,2,0,,0,,244,
17889631101071098,17841402627774708,atu_business,ATU LeMoyne Smith School of Business,,15,12/31/2024 10:46,https://instagram.com/stories/atu_business/3535385485784263893,IG story,,Lifetime,187,175,2,0,,0,,161,
17844863565388895,17841402627774708,atu_business,ATU LeMoyne Smith School of Business,,0,12/30/2024 10:38,,IG story,,Lifetime,406,384,3,0,,0,,267,
18384343729103221,17841402627774708,atu_business,ATU LeMoyne Smith School of Business,Today is the last day to apply! @atuagriculture_tourism @atugradcollege,0,12/20/2024 12:46,,IG story,,Lifetime,405,367,1,2,5.0,0,17.0,319,
18053273104992290,17841402627774708,atu_business,ATU LeMoyne Smith School of Business,,0,12/17/2024 08:03,,IG story,,Lifetime,135,130,1,0,,0,,142,
18164570764321698,17841402627774708,atu_business,ATU LeMoyne Smith School of Business,,0,12/17/2024 08:03,,IG story,,Lifetime,141,135,1,0,,0,,146,
17863895199225903,17841402627774708,atu_business,ATU LeMoyne Smith School of Business,,5,12/17/2024 08:03,,IG story,,Lifetime,146,138,1,0,,0,,159,
18070753057591063,17841402627774708,atu_business,ATU LeMoyne Smith School of Business,"PERCENTAGE FUNDRAISER! DECEMBER 23RD, 5-9PM",0,12/17/2024 08:03,,IG story,,Lifetime,267,237,2,1,,0,2.0,168,
18033129866384291,17841402627774708,atu_business,ATU LeMoyne Smith School of Business,@atuagriculture_tourism  WE CAN’T WAIT!,15,12/16/2024 13:12,,IG story,,Lifetime,264,237,2,0,,0,,166,
17915373402023319,17841402627774708,atu_business,ATU LeMoyne Smith School of Business,,5,12/14/2024 20:01,,IG story,,Lifetime,181,164,2,0,,0,,169,
18066013987753933,17841402627774708,atu_business,ATU LeMoyne Smith School of Business,Don’t forget to stop by today’s reception before Graduation!,0,12/14/2024 10:01,,IG story,,Lifetime,151,143,3,0,,0,,154,
18037791521365831,17841402627774708,atu_business,ATU LeMoyne Smith School of Business,,5,12/14/2024 07:32,,IG story,,Lifetime,151,141,1,0,,0,,172,
18056613658767532,17841402627774708,atu_business,ATU LeMoyne Smith School of Business,,5,12/14/2024 07:32,,IG story,,Lifetime,255,222,1,0,1.0,0,,167,
17862080802296723,17841402627774708,atu_business,ATU LeMoyne Smith School of Business,"SWIPE 
FOR 
DETAILS PANDA EXPRESS FUNDRAISER 
TODAY!",5,12/14/2024 07:32,,IG story,,Lifetime,265,231,1,0,,0,,168,
18051452792056211,17841402627774708,atu_business,ATU LeMoyne Smith School of Business,,0,12/13/2024 17:36,,IG story,,Lifetime,217,211,4,0,,0,8.0,231,
17932033268961343,17841402627774708,atu_business,ATU LeMoyne Smith School of Business,COMING SOON! 📬,0,12/13/2024 11:28,,IG story,,Lifetime,381,340,4,2,2.0,0,,299,
18053326189991024,17841402627774708,atu_business,ATU LeMoyne Smith School of Business,,0,12/11/2024 07:07,,IG story,,Lifetime,301,284,2,0,4.0,0,,311,10.0
18118930243413723,17841402627774708,atu_business,ATU LeMoyne Smith School of Business,,12,12/09/2024 11:28,,IG story,,Lifetime,141,135,1,0,,0,,164,
18058662703727412,17841402627774708,atu_business,ATU LeMoyne Smith School of Business,,5,12/09/2024 11:24,,IG story,,Lifetime,154,143,4,0,,0,,176,
17875875132213729,17841402627774708,atu_business,ATU LeMoyne Smith School of Business,,0,12/07/2024 10:02,,IG story,,Lifetime,334,318,4,0,5.0,0,,347,21.0
18044965088128521,17841402627774708,atu_business,ATU LeMoyne Smith School of Business,,0,12/05/2024 09:39,,IG story,,Lifetime,171,163,1,0,,0,,210,
18068178511678397,17841402627774708,atu_business,ATU LeMoyne Smith School of Business,,15,12/05/2024 09:17,,IG story,,Lifetime,166,155,1,1,,0,30.0,222,
18030927281582290,17841402627774708,atu_business,ATU LeMoyne Smith School of Business,"Where is Roi for reading day? If you find him, post a story and tag us for a chance to win Spring Business Bucks!",5,12/05/2024 06:52,,IG story,,Lifetime,168,157,1,0,,0,,194,
18053853106943858,17841402627774708,atu_business,ATU LeMoyne Smith School of Business,,5,12/04/2024 13:19,,IG story,,Lifetime,182,167,1,1,1.0,0,,205,
17891059917051008,17841402627774708,atu_business,ATU LeMoyne Smith School of Business,,5,12/04/2024 13:19,,IG story,,Lifetime,191,174,2,1,,0,,233,
18052422469961740,17841402627774708,atu_business,ATU LeMoyne Smith School of Business,"Don’t forget to tag us in your stories! The first person to find Roi and post him to their story will win $20 Spring Business Bucks! This is a DAILY event!! Roi will be in a different spot each day, so keep an eye out for him!",0,12/04/2024 06:58,,IG story,,Lifetime,276,261,2,3,1.0,0,,294,
17881876113183443,17841402627774708,atu_business,ATU LeMoyne Smith School of Business,A new friend has taken residence in Rothwell for the holiday season!,0,12/03/2024 07:00,,IG story,,Lifetime,300,294,5,0,1.0,0,,313,
18320932828081706,17841402627774708,atu_business,ATU LeMoyne Smith School of Business,@arkansastech,0,11/28/2024 17:58,https://instagram.com/stories/atu_business/3511685077140670220,IG story,,Lifetime,362,349,6,0,2.0,0,,349,
17984099876766066,17841402627774708,atu_business,ATU LeMoyne Smith School of Business,,6,11/27/2024 09:56,,IG story,,Lifetime,231,225,3,0,1.0,0,,220,
18476182168041372,17841402627774708,atu_business,ATU LeMoyne Smith School of Business,,10,11/25/2024 13:26,https://instagram.com/stories/atu_business/3509374137938534984,IG story,,Lifetime,260,245,2,3,6.0,0,,238,
18055171933909486,17841402627774708,atu_business,ATU LeMoyne Smith School of Business,,12,11/25/2024 08:36,,IG story,,Lifetime,230,213,2,0,2.0,0,,254,
17957476880843398,17841402627774708,atu_business,ATU LeMoyne Smith School of Business,We are at the @atuozark Student Union today until 1:00PM! Stop by to learn more about the College of Business and Economic Development! @go2atu,0,11/25/2024 08:21,,IG story,,Lifetime,244,234,2,0,2.0,0,4.0,246,
18037316537215496,17841402627774708,atu_business,ATU LeMoyne Smith School of Business,Stop by the Rothwell lobby 💚,13,11/22/2024 10:04,,IG story,,Lifetime,246,244,2,0,2.0,0,,240,
18052456495948406,17841402627774708,atu_business,ATU LeMoyne Smith School of Business,,0,11/21/2024 18:19,https://instagram.com/stories/atu_business/3506622357098092372,IG story,,Lifetime,251,233,2,0,2.0,0,2.0,266,
18013124990453982,17841402627774708,atu_business,ATU LeMoyne Smith School of Business,,0,11/21/2024 16:25,https://instagram.com/stories/atu_business/3506565091048628916,IG story,,Lifetime,265,237,2,2,4.0,0,6.0,266,
17876394039123123,17841402627774708,atu_business,ATU LeMoyne Smith School of Business,Fair & Company Career Connection @fairandcompany_cpas 💙🩶,0,11/20/2024 10:42,,IG story,,Lifetime,300,286,3,1,1.0,0,8.0,343,
18337155385151470,17841402627774708,atu_business,ATU LeMoyne Smith School of Business,,0,11/20/2024 08:13,,IG story,,Lifetime,308,284,1,1,2.0,0,,370,
18043486481151375,17841402627774708,atu_business,ATU LeMoyne Smith School of Business,@atutourismsociety is in Rothwell selling hand-painted ornaments!,5,11/18/2024 11:00,,IG story,,Lifetime,234,218,2,0,,0,2.0,198,
18039191681271931,17841402627774708,atu_business,ATU LeMoyne Smith School of Business,Keep an eye out for Business Bucks this week! Cash Cow will be hiding them throughout the days leading up to the auction (THURSDAY!!),0,11/18/2024 07:55,,IG story,,Lifetime,205,198,3,1,,0,,226,
17873125323217097,17841402627774708,atu_business,ATU LeMoyne Smith School of Business,,5,11/18/2024 07:43,,IG story,,Lifetime,208,202,3,0,1.0,0,,218,
18048333887486173,17841402627774708,atu_business,ATU LeMoyne Smith School of Business,That’s all for the trip! Thank you guys for viewing!,0,11/15/2024 13:22,https://instagram.com/stories/atu_business/3502124109461492462,IG story,,Lifetime,232,220,1,0,,0,,271,
18045310142099388,17841402627774708,atu_business,ATU LeMoyne Smith School of Business,Could not show the tour but now we are at lunch!,4,11/15/2024 09:39,https://instagram.com/stories/atu_business/3502025757252142036,IG story,,Lifetime,208,192,1,0,,0,,179,
18122466289399066,17841402627774708,atu_business,ATU LeMoyne Smith School of Business,,5,11/15/2024 08:00,https://instagram.com/stories/atu_business/3501961874604212265,IG story,,Lifetime,206,180,1,0,,0,,218,
17959336610831393,17841402627774708,atu_business,ATU LeMoyne Smith School of Business,,9,11/15/2024 06:37,https://instagram.com/stories/atu_business/3501920346817522250,IG story,,Lifetime,201,183,1,2,,0,,200,
18074361577610984,17841402627774708,atu_business,ATU LeMoyne Smith School of Business,We made it!,7,11/15/2024 06:09,https://instagram.com/stories/atu_business/3501906099110704395,IG story,,Lifetime,201,183,1,0,,0,,196,
18155459428328661,17841402627774708,atu_business,ATU LeMoyne Smith School of Business,Time to get breakfast here shortly! Goodmorning!,0,11/15/2024 05:19,https://instagram.com/stories/atu_business/3501881074450383986,IG story,,Lifetime,218,195,1,0,,0,,229,
18027810407193386,17841402627774708,atu_business,ATU LeMoyne Smith School of Business,,9,11/14/2024 17:50,https://instagram.com/stories/atu_business/3501534440859094519,IG story,,Lifetime,242,213,1,2,3.0,0,,246,
18026186711219945,17841402627774708,atu_business,ATU LeMoyne Smith School of Business,Be right back when the food comes out! Dinner time!,0,11/14/2024 16:46,https://instagram.com/stories/atu_business/3501502131128558763,IG story,,Lifetime,262,222,1,0,1.0,0,,303,
18027887171185342,17841402627774708,atu_business,ATU LeMoyne Smith School of Business,Here is a view of the Arch!,0,11/14/2024 15:57,https://instagram.com/stories/atu_business/3501477481145341809,IG story,,Lifetime,259,221,4,0,,0,,328,
18037536494251671,17841402627774708,atu_business,ATU LeMoyne Smith School of Business,We have just arrived and we are exploring the Arch Museum Hey! We will be taking over the Instagram account to show our experience with Edward Jones!,0,11/14/2024 15:41,https://instagram.com/stories/atu_business/3501469236099825265,IG story,,Lifetime,266,220,2,0,,0,,307,
18128281171378223,17841402627774708,atu_business,ATU LeMoyne Smith School of Business,@atuagriculture_tourism,0,11/14/2024 09:33,https://instagram.com/stories/atu_business/3501283874271159697,IG story,,Lifetime,629,463,3,0,1.0,0,,339,
18020909513625398,17841402627774708,atu_business,ATU LeMoyne Smith School of Business,,0,11/13/2024 16:52,https://instagram.com/stories/atu_business/3500780500916947975,IG story,,Lifetime,283,248,5,0,1.0,0,,300,
18466828057020141,17841402627774708,atu_business,ATU LeMoyne Smith School of Business,@cocreate_innovationhub,0,11/13/2024 10:20,,IG story,,Lifetime,249,236,0,0,2.0,0,13.0,293,
18116166880409840,17841402627774708,atu_business,ATU LeMoyne Smith School of Business,Career Connections with @cocreate_innovationhub at noon! Stop by for pizza and business bucks!,0,11/13/2024 09:51,,IG story,,Lifetime,259,244,2,0,,0,4.0,261,
18046056518099709,17841402627774708,atu_business,ATU LeMoyne Smith School of Business,giveaway winner #3  #TOFT2024 #TimeOutForTech2024,0,11/12/2024 13:31,https://instagram.com/stories/atu_business/3499954339513455206,IG story,,Lifetime,211,202,0,0,,0,,253,
18030982052139087,17841402627774708,atu_business,ATU LeMoyne Smith School of Business,two of our giveaway winners!!,5,11/12/2024 11:57,https://instagram.com/stories/atu_business/3499907244836489722,IG story,,Lifetime,208,191,0,0,,0,,258,
17884864482150852,17841402627774708,atu_business,ATU LeMoyne Smith School of Business,Congratulations to the winners of our social media giveaway! Please come by Rothwell 138 to pick up your prize before the day ends! @___.lluvvmo @liovelucki @s.ydneiii,0,11/12/2024 11:50,,IG story,,Lifetime,750,642,0,0,,0,,251,
18079705450563571,17841402627774708,atu_business,ATU LeMoyne Smith School of Business,,0,11/12/2024 10:25,https://instagram.com/stories/atu_business/3499860925081827480,IG story,,Lifetime,211,187,0,0,,0,4.0,251,
18064502380673461,17841402627774708,atu_business,ATU LeMoyne Smith School of Business,,0,11/12/2024 09:44,https://instagram.com/stories/atu_business/3499839938177231928,IG story,,Lifetime,210,188,1,0,,0,4.0,244,
17861763228270141,17841402627774708,atu_business,ATU LeMoyne Smith School of Business,,0,11/12/2024 09:24,https://instagram.com/stories/atu_business/3499829906844276259,IG story,,Lifetime,213,188,0,0,1.0,0,2.0,238,
18077333014585416,17841402627774708,atu_business,ATU LeMoyne Smith School of Business,,0,11/12/2024 09:24,https://instagram.com/stories/atu_business/3499829825860658554,IG story,,Lifetime,211,188,0,0,,0,2.0,235,
18079808860499138,17841402627774708,atu_business,ATU LeMoyne Smith School of Business,,0,11/12/2024 09:23,https://instagram.com/stories/atu_business/3499829708084581282,IG story,,Lifetime,215,192,0,0,,0,2.0,244,
17990621504587182,17841402627774708,atu_business,ATU LeMoyne Smith School of Business,the best welcome crew around!!! #TimeOutForTech #TOFT2024,2,11/12/2024 08:51,https://instagram.com/stories/atu_business/3499813295622104707,IG story,,Lifetime,225,194,0,0,,0,,194,
18339754000181095,17841402627774708,atu_business,ATU LeMoyne Smith School of Business,,1,11/12/2024 08:43,https://instagram.com/stories/atu_business/3499809437710281903,IG story,,Lifetime,227,195,0,0,,0,6.0,189,
18061598536806623,17841402627774708,atu_business,ATU LeMoyne Smith School of Business,#TimeOutForTech #TOFT2024,0,11/12/2024 08:43,https://instagram.com/stories/atu_business/3499809450686702337,IG story,,Lifetime,219,196,0,0,,0,,243,
18098821279465767,17841402627774708,atu_business,ATU LeMoyne Smith School of Business,,0,11/12/2024 08:43,https://instagram.com/stories/atu_business/3499809201881246273,IG story,,Lifetime,218,198,1,0,,0,4.0,242,
17871708876142027,17841402627774708,atu_business,ATU LeMoyne Smith School of Business,,0,11/12/2024 08:40,https://instagram.com/stories/atu_business/3499807863940269281,IG story,,Lifetime,223,202,0,0,,0,9.0,248,
18061465594761015,17841402627774708,atu_business,ATU LeMoyne Smith School of Business,#TimeOutForTech #TOFT2024 @go2atu @arkansastech,5,11/12/2024 08:29,https://instagram.com/stories/atu_business/3499808911148286070,IG story,,Lifetime,1403,1021,2,0,,0,2.0,212,
17922321362995704,17841402627774708,atu_business,ATU LeMoyne Smith School of Business,#TimeOutForTech #TOFT2024,6,11/12/2024 08:15,https://instagram.com/stories/atu_business/3499800801881034240,IG story,,Lifetime,226,207,1,0,,0,,235,
18035119847074322,17841402627774708,atu_business,ATU LeMoyne Smith School of Business,#TimeOutForTech #TOFT2024,0,11/12/2024 07:57,https://instagram.com/stories/atu_business/3499786255246254935,IG story,,Lifetime,247,220,0,0,,0,,264,
18006843938660084,17841402627774708,atu_business,ATU LeMoyne Smith School of Business,"The College of Business and Economic Development
is ready to see you in Rothwell 138! #TimeOutForTech #TOFT2024  @arkansastech @go2atu",10,11/12/2024 07:17,https://instagram.com/stories/atu_business/3499769696687749678,IG story,,Lifetime,692,537,2,0,,0,,253,
18477180529050841,17841402627774708,atu_business,ATU LeMoyne Smith School of Business,,0,11/11/2024 08:11,,IG story,,Lifetime,231,218,2,0,,0,,246,
18027635333388362,17841402627774708,atu_business,ATU LeMoyne Smith School of Business,"Come see us at the all majors career fair! @atucareers 
 @atuagriculture_tourism",0,11/06/2024 12:14,,IG story,,Lifetime,294,279,1,1,2.0,0,7.0,315,
18023894675243921,17841402627774708,atu_business,ATU LeMoyne Smith School of Business,,5,11/05/2024 13:58,https://instagram.com/stories/atu_business/3494894311504679560,IG story,,Lifetime,255,237,2,1,,0,,265,
17880990675168193,17841402627774708,atu_business,ATU LeMoyne Smith School of Business,If you said no…@atucampuslife is offering rides to the polls!,0,11/05/2024 11:21,,IG story,,Lifetime,266,253,0,0,2.0,0,,301,
18344905954123140,17841402627774708,atu_business,ATU LeMoyne Smith School of Business,,0,11/05/2024 07:57,,IG story,,Lifetime,280,258,3,3,,0,,372,
17976816578634140,17841402627774708,atu_business,ATU LeMoyne Smith School of Business,@atucampuslife @arkansastech  Our faculty and staff are showing off their “I Voted” stickers today! Have you voted?,0,11/05/2024 07:57,https://instagram.com/stories/atu_business/3494712698828804733,IG story,,Lifetime,1823,1341,4,0,,0,,355,
18466310332041808,17841402627774708,atu_business,ATU LeMoyne Smith School of Business,,0,11/04/2024 14:44,,IG story,,Lifetime,258,234,0,0,,0,,281,
18060504373751581,17841402627774708,atu_business,ATU LeMoyne Smith School of Business,,0,11/01/2024 15:48,https://instagram.com/stories/atu_business/3492020497062266378,IG story,,Lifetime,204,191,0,0,1.0,0,,202,
18065352250733158,17841402627774708,atu_business,ATU LeMoyne Smith School of Business,,0,11/01/2024 15:47,,IG story,,Lifetime,192,183,0,0,,0,,208,
18052079041777077,17841402627774708,atu_business,ATU LeMoyne Smith School of Business,,15,07/30/2024 08:10,,IG story,,Lifetime,116.0,114,5,0,,0,,142,
18057777829642001,17841402627774708,atu_business,ATU LeMoyne Smith School of Business,You really don’t want to miss this 🤩,0,07/29/2024 09:46,,IG story,,Lifetime,203.0,197,2,0,3.0,0,,234,1.0
18089126803460694,17841402627774708,atu_business,ATU LeMoyne Smith School of Business,"🚨 Attention incoming ATU freshmen! 🚨 P.S. this invite contains a CLUE 🧐 
(screenshot and turn up your brightness to reveal the secret message)",15,07/24/2024 15:23,,IG story,,Lifetime,147.0,142,3,2,,0,,220,
17959883063660177,17841402627774708,atu_business,ATU LeMoyne Smith School of Business,,0,07/04/2024 15:10,,IG story,,Lifetime,107.0,106,1,0,,0,,127,
17930115989872906,17841402627774708,atu_business,ATU LeMoyne Smith School of Business,Application is open! Link in bio,11,07/03/2024 08:36,,IG story,,Lifetime,212.0,203,1,0,6.0,0,,227,
17973478025723848,17841402627774708,atu_business,ATU LeMoyne Smith School of Business,,5,06/27/2024 11:43,,IG story,,Lifetime,,199,2,0,2.0,0,,237,
18024039470470356,17841402627774708,atu_business,ATU LeMoyne Smith School of Business,,15,06/24/2024 18:56,,IG story,,Lifetime,,134,2,0,,0,,175,
17984313320691394,17841402627774708,atu_business,ATU LeMoyne Smith School of Business,,7,06/21/2024 09:54,,IG story,,Lifetime,,134,4,0,5.0,0,,214,
18046545517825515,17841402627774708,atu_business,ATU LeMoyne Smith School of Business,Stay tuned for FBLA updates next week Thanks to the generous sponsors for making Nationals possible!,0,06/20/2024 07:33,,IG story,,Lifetime,,149,1,0,1.0,0,,170,
18023273288240234,17841402627774708,atu_business,ATU LeMoyne Smith School of Business,,0,06/19/2024 07:07,,IG story,,Lifetime,,139,0,0,2.0,0,,165,
18047936881696695,17841402627774708,atu_business,ATU LeMoyne Smith School of Business,Link in bio!,11,06/12/2024 18:32,,IG story,,Lifetime,,151,1,0,,0,,189,
18001462988345525,17841402627774708,atu_business,ATU LeMoyne Smith School of Business,here to help 🥺,13,06/12/2024 13:27,,IG story,,Lifetime,,191,3,1,3.0,0,,194,
18015865943143564,17841402627774708,atu_business,ATU LeMoyne Smith School of Business,"Work hard, play hard",15,06/11/2024 13:45,https://instagram.com/stories/atu_business/3388315951648120863,IG story,,Lifetime,,299,8,1,2.0,1,,272,
17906983424967648,17841402627774708,atu_business,ATU LeMoyne Smith School of Business,,45,06/05/2024 09:27,,IG story,,Lifetime,,126,2,0,,0,,167,
18258688219245825,17841402627774708,atu_business,ATU LeMoyne Smith School of Business,I asked Dr. Mason to explain a marketing buzzword,7,06/05/2024 09:17,,IG story,,Lifetime,,148,2,0,,0,,176,
18265807132171967,17841402627774708,atu_business,ATU LeMoyne Smith School of Business,"And just like that, our time in Germany has come to an end… We are so excited for our friends at @thm.business to visit ATU in September!",0,05/28/2024 11:27,https://instagram.com/stories/atu_business/3378099232124105574,IG story,,Lifetime,,744,7,0,3.0,0,13.0,276,
18041800519875211,17841402627774708,atu_business,ATU LeMoyne Smith School of Business,our goodbye dinner :(,5,05/28/2024 09:13,https://instagram.com/stories/atu_business/3378031763169381914,IG story,,Lifetime,,219,6,0,,0,,267,
17870419371101933,17841402627774708,atu_business,ATU LeMoyne Smith School of Business,Getting our steps in today 🦵,0,05/28/2024 06:50,https://instagram.com/stories/atu_business/3377969195781476241,IG story,,Lifetime,,222,4,0,,0,,269,
17940021569732364,17841402627774708,atu_business,ATU LeMoyne Smith School of Business,,7,05/28/2024 05:58,https://instagram.com/stories/atu_business/3377934614147821549,IG story,,Lifetime,,228,4,0,1.0,0,,265,
18031411930858733,17841402627774708,atu_business,ATU LeMoyne Smith School of Business,@thm.business  Presenting our findings to the class!,0,05/28/2024 01:55,https://instagram.com/stories/atu_business/3377811466361003276,IG story,,Lifetime,,743,3,0,,0,,305,
17882633778061196,17841402627774708,atu_business,ATU LeMoyne Smith School of Business,Creating our final presentations about our experiences in the intercultural understanding program!,6,05/28/2024 00:46,https://instagram.com/stories/atu_business/3377776634637753740,IG story,,Lifetime,,275,6,0,1.0,0,,287,
17847046161205140,17841402627774708,atu_business,ATU LeMoyne Smith School of Business,Learning about the intercultural collaboration landscape!,0,05/27/2024 06:10,https://instagram.com/stories/atu_business/3377215346635388506,IG story,,Lifetime,,198,2,0,,0,,252,
18046605007705486,17841402627774708,atu_business,ATU LeMoyne Smith School of Business,,6,05/27/2024 03:42,https://instagram.com/stories/atu_business/3377140516284169964,IG story,,Lifetime,,189,3,8,4.0,0,,234,
18013536803146895,17841402627774708,atu_business,ATU LeMoyne Smith School of Business,@thm.business  Learning about the EU Infocenter!,0,05/27/2024 03:18,https://instagram.com/stories/atu_business/3377128725214836011,IG story,,Lifetime,,192,2,0,,0,2.0,241,
18018220793254127,17841402627774708,atu_business,ATU LeMoyne Smith School of Business,Today’s lecture with Dr. Jens Klose! @thm.business,0,05/27/2024 00:50,https://instagram.com/stories/atu_business/3377053934852176775,IG story,,Lifetime,,182,2,0,2.0,0,4.0,208,
17869837362102809,17841402627774708,atu_business,ATU LeMoyne Smith School of Business,,0,05/26/2024 22:55,,IG story,,Lifetime,,167,2,0,,0,,224,
18008623985234990,17841402627774708,atu_business,ATU LeMoyne Smith School of Business,,0,05/26/2024 08:03,https://instagram.com/stories/atu_business/3376547275429253347,IG story,,Lifetime,,215,3,0,3.0,0,,299,
18026184493942238,17841402627774708,atu_business,ATU LeMoyne Smith School of Business,just climbed 533 steps… #legday,0,05/26/2024 06:26,https://instagram.com/stories/atu_business/3376546118027819045,IG story,,Lifetime,,214,3,0,,0,,278,
17977285313561223,17841402627774708,atu_business,ATU LeMoyne Smith School of Business,Tour of Cologne’s old town!,0,05/26/2024 02:14,https://instagram.com/stories/atu_business/3376371754602308202,IG story,,Lifetime,,235,3,0,5.0,0,,289,
18036058183935043,17841402627774708,atu_business,ATU LeMoyne Smith School of Business,Today’s workshop: cultural differences between the USA and Germany! @thm.business,6,05/25/2024 02:13,https://instagram.com/stories/atu_business/3375646192696009261,IG story,,Lifetime,,248,3,0,1.0,0,2.0,273,
17864985705132755,17841402627774708,atu_business,ATU LeMoyne Smith School of Business,Loving our gifts from @thm.business 💚,0,05/25/2024 02:07,https://instagram.com/stories/atu_business/3375643498207832640,IG story,,Lifetime,,258,2,0,,0,4.0,310,
18068195539471670,17841402627774708,atu_business,ATU LeMoyne Smith School of Business,Starting off our day with a trip to Aldi!,6,05/24/2024 23:58,https://instagram.com/stories/atu_business/3375578367880961037,IG story,,Lifetime,,268,4,2,1.0,0,,286,
17975992556567515,17841402627774708,atu_business,ATU LeMoyne Smith School of Business,,0,05/24/2024 08:19,https://instagram.com/stories/atu_business/3375108047965508623,IG story,,Lifetime,,209,5,0,,0,,232,
17942186132722664,17841402627774708,atu_business,ATU LeMoyne Smith School of Business,,4,05/24/2024 05:54,https://instagram.com/stories/atu_business/3375032853506576102,IG story,,Lifetime,,206,3,0,,0,,233,
18043106842835131,17841402627774708,atu_business,ATU LeMoyne Smith School of Business,,0,05/24/2024 03:24,https://instagram.com/stories/atu_business/3374957048281875804,IG story,,Lifetime,,219,4,0,1.0,0,,248,
17882950170058923,17841402627774708,atu_business,ATU LeMoyne Smith School of Business,,0,05/23/2024 11:59,https://instagram.com/stories/atu_business/3374492405415331829,IG story,,Lifetime,,202,5,0,1.0,0,,250,
17995737080454506,17841402627774708,atu_business,ATU LeMoyne Smith School of Business,,6,05/23/2024 07:16,https://instagram.com/stories/atu_business/3374349070956630086,IG story,,Lifetime,,191,3,0,,0,,237,
18020663870222162,17841402627774708,atu_business,ATU LeMoyne Smith School of Business,,10,05/23/2024 06:50,https://instagram.com/stories/atu_business/3374344631008887552,IG story,,Lifetime,,198,4,0,,0,2.0,231,
17995001177448000,17841402627774708,atu_business,ATU LeMoyne Smith School of Business,,0,05/23/2024 01:44,https://instagram.com/stories/atu_business/3374182118581781679,IG story,,Lifetime,,219,3,0,,0,,259,
18009011687222369,17841402627774708,atu_business,ATU LeMoyne Smith School of Business,,6,05/23/2024 00:42,https://instagram.com/stories/atu_business/3374151000931174266,IG story,,Lifetime,,225,4,0,,0,,259,
18044547028764348,17841402627774708,atu_business,ATU LeMoyne Smith School of Business,,6,05/23/2024 00:34,https://instagram.com/stories/atu_business/3374147031030844734,IG story,,Lifetime,,231,4,0,,0,,278,
18024862517479102,17841402627774708,atu_business,ATU LeMoyne Smith School of Business,,0,05/23/2024 00:22,https://instagram.com/stories/atu_business/3374140652945903508,IG story,,Lifetime,,235,4,0,1.0,0,,290,
17960241812638877,17841402627774708,atu_business,ATU LeMoyne Smith School of Business,,0,05/22/2024 23:25,https://instagram.com/stories/atu_business/3374112197640784643,IG story,,Lifetime,,703,5,0,,0,12.0,285,
18004729253304966,17841402627774708,atu_business,ATU LeMoyne Smith School of Business,,0,05/20/2024 12:13,https://instagram.com/stories/atu_business/3372324190559728304,IG story,,Lifetime,,268,4,0,2.0,0,,271,
1.80521342634197e+16,1.78414026277747e+16,atu_business,ATU LeMoyne Smith School of Business,,0.0,07/31/2025 10:44,https://instagram.com/stories/atu_business/3689006627383781611,IG story,,Lifetime,228.0,185,3,0.0,,0.0,,182.0,
1.80490649152353e+16,1.78414026277747e+16,atu_business,ATU LeMoyne Smith School of Business,,0.0,07/30/2025 15:39,https://instagram.com/stories/atu_business/3688430260883658332,IG story,,Lifetime,323.0,254,2,0.0,,0.0,3.0,268.0,
1.80660412373328e+16,1.78414026277747e+16,atu_business,ATU LeMoyne Smith School of Business,,0.0,07/30/2025 09:14,https://instagram.com/stories/atu_business/3688236293827143370,IG story,,Lifetime,333.0,250,4,0.0,1.0,0.0,,277.0,
1.80972724485491e+16,1.78414026277747e+16,atu_business,ATU LeMoyne Smith School of Business,,0.0,07/29/2025 12:23,https://instagram.com/stories/atu_business/3687606951959014953,IG story,,Lifetime,348.0,255,5,0.0,,0.0,,315.0,
1.79904617516847e+16,1.78414026277747e+16,atu_business,ATU LeMoyne Smith School of Business,,0.0,07/29/2025 10:10,,IG story,,Lifetime,539.0,314,1,0.0,1.0,0.0,,399.0,
1.79352209520628e+16,1.78414026277747e+16,atu_business,ATU LeMoyne Smith School of Business,Raise your hand if you’ve ever been personally victimized by a printer…,3.0,07/29/2025 08:38,,IG story,,Lifetime,403.0,255,5,0.0,1.0,0.0,,279.0,
1.80625508302483e+16,1.78414026277747e+16,atu_business,ATU LeMoyne Smith School of Business,Internship spotlight,15.0,07/28/2025 17:10,,IG story,,Lifetime,261.0,185,1,3.0,,0.0,,231.0,
1.80725184742965e+16,1.78414026277747e+16,atu_business,ATU LeMoyne Smith School of Business,,0.0,07/24/2025 14:49,,IG story,,Lifetime,336.0,264,14,1.0,2.0,1.0,,309.0,
1.83046220022213e+16,1.78414026277747e+16,atu_business,ATU LeMoyne Smith School of Business,"Be a VIP!
APPLY FOR FREE!",0.0,07/23/2025 10:48,,IG story,,Lifetime,211.0,150,3,3.0,,0.0,,180.0,5.0
1.80488082322154e+16,1.78414026277747e+16,atu_business,ATU LeMoyne Smith School of Business,,44.0,07/22/2025 15:00,https://instagram.com/stories/atu_business/3682614274463876430,IG story,,Lifetime,192.0,159,0,0.0,4.0,0.0,,149.0,
1.85131384060318e+16,1.78414026277747e+16,atu_business,ATU LeMoyne Smith School of Business,,53.0,07/22/2025 14:17,https://instagram.com/stories/atu_business/3682590965048622586,IG story,,Lifetime,187.0,162,0,0.0,,0.0,,152.0,
1.79713753768695e+16,1.78414026277747e+16,atu_business,ATU LeMoyne Smith School of Business,,46.0,07/22/2025 13:00,https://instagram.com/stories/atu_business/3682552081946362550,IG story,,Lifetime,204.0,170,3,0.0,,0.0,,156.0,
1.84032941561164e+16,1.78414026277747e+16,atu_business,ATU LeMoyne Smith School of Business,,53.0,07/22/2025 09:26,https://instagram.com/stories/atu_business/3682446287270213638,IG story,,Lifetime,224.0,187,0,0.0,2.0,0.0,,174.0,
1.80367578236709e+16,1.78414026277747e+16,atu_business,ATU LeMoyne Smith School of Business,,21.0,07/22/2025 09:13,https://instagram.com/stories/atu_business/3682437955444551164,IG story,,Lifetime,248.0,196,1,0.0,3.0,0.0,,186.0,
1.8038366543652e+16,1.78414026277747e+16,atu_business,ATU LeMoyne Smith School of Business,,23.0,07/22/2025 07:28,https://instagram.com/stories/atu_business/3682384766980817712,IG story,,Lifetime,311.0,228,4,1.0,,0.0,,215.0,
1.80976728286084e+16,1.78414026277747e+16,atu_business,ATU LeMoyne Smith School of Business,,0.0,07/16/2025 08:03,https://instagram.com/stories/atu_business/3678053755921827944,IG story,,Lifetime,310.0,218,3,0.0,,0.0,,262.0,
1.80500528036189e+16,1.78414026277747e+16,atu_business,ATU LeMoyne Smith School of Business,,15.0,07/15/2025 17:53,https://instagram.com/stories/atu_business/3677625832605808288,IG story,,Lifetime,347.0,261,3,4.0,,0.0,2.0,319.0,
1.85173376020038e+16,1.78414026277747e+16,atu_business,ATU LeMoyne Smith School of Business,"Apply for admission
July 23rd Get cool merch!",15.0,07/10/2025 14:55,,IG story,,Lifetime,195.0,157,2,0.0,,0.0,,184.0,
1.80464152885428e+16,1.78414026277747e+16,atu_business,ATU LeMoyne Smith School of Business,,0.0,07/10/2025 12:43,,IG story,,Lifetime,213.0,185,0,0.0,,0.0,,,
1.79155615501157e+16,1.78414026277747e+16,atu_business,ATU LeMoyne Smith School of Business,,0.0,07/10/2025 12:43,,IG story,,Lifetime,238.0,196,0,0.0,,0.0,,232.0,
1.80696831590315e+16,1.78414026277747e+16,atu_business,ATU LeMoyne Smith School of Business,,0.0,07/10/2025 12:33,,IG story,,Lifetime,256.0,211,0,1.0,,0.0,,235.0,
1.80733140498005e+16,1.78414026277747e+16,atu_business,ATU LeMoyne Smith School of Business,,0.0,07/09/2025 19:02,,IG story,,Lifetime,263.0,216,0,0.0,1.0,0.0,,227.0,
1.78425718925335e+16,1.78414026277747e+16,atu_business,ATU LeMoyne Smith School of Business,,0.0,07/09/2025 12:13,,IG story,,Lifetime,263.0,220,1,0.0,1.0,0.0,2.0,247.0,
1.7885592597315e+16,1.78414026277747e+16,atu_business,ATU LeMoyne Smith School of Business,,0.0,07/09/2025 11:33,,IG story,,Lifetime,252.0,214,0,0.0,,0.0,,,
1.79749735558852e+16,1.78414026277747e+16,atu_business,ATU LeMoyne Smith School of Business,,0.0,07/09/2025 09:12,,IG story,,Lifetime,303.0,220,0,,,,,268.0,
1.78468448854926e+16,1.78414026277747e+16,atu_business,ATU LeMoyne Smith School of Business,,15.0,07/09/2025 09:12,,IG story,,Lifetime,280.0,223,0,0.0,,0.0,,,
1.78548176344698e+16,1.78414026277747e+16,atu_business,ATU LeMoyne Smith School of Business,,9.0,07/09/2025 09:12,,IG story,,Lifetime,293.0,230,1,0.0,,0.0,2.0,286.0,
1.78505696645008e+16,1.78414026277747e+16,atu_business,ATU LeMoyne Smith School of Business,,0.0,07/09/2025 09:11,,IG story,,Lifetime,302.0,245,1,0.0,,0.0,1.0,277.0,
1.80437126966344e+16,1.78414026277747e+16,atu_business,ATU LeMoyne Smith School of Business,,0.0,07/07/2025 09:55,,IG story,,Lifetime,216.0,175,1,0.0,,0.0,,176.0,
1.80701752580504e+16,1.78414026277747e+16,atu_business,ATU LeMoyne Smith School of Business,,10.0,07/04/2025 06:02,,IG story,,Lifetime,142.0,125,4,0.0,,0.0,,133.0,
1.8075080098936e+16,1.78414026277747e+16,atu_business,ATU LeMoyne Smith School of Business,,0.0,07/01/2025 11:24,,IG story,,Lifetime,550.0,242,0,0.0,,0.0,,583.0,
1.81131524804466e+16,1.78414026277747e+16,atu_business,ATU LeMoyne Smith School of Business,,0.0,07/01/2025 11:24,,IG story,,Lifetime,718.0,251,0,0.0,,0.0,,820.0,
1.78674955024074e+16,1.78414026277747e+16,atu_business,ATU LeMoyne Smith School of Business,,0.0,07/01/2025 11:24,,IG story,,Lifetime,757.0,252,0,0.0,,0.0,,895.0,
1.79629572539366e+16,1.78414026277747e+16,atu_business,ATU LeMoyne Smith School of Business,,0.0,07/01/2025 11:24,,IG story,,Lifetime,690.0,257,0,0.0,,1.0,,755.0,
1.81200888314844e+16,1.78414026277747e+16,atu_business,ATU LeMoyne Smith School of Business,,0.0,07/01/2025 11:24,,IG story,,Lifetime,,262,0,0.0,1.0,0.0,,443.0,
1.84034550401291e+16,1.78414026277747e+16,atu_business,ATU LeMoyne Smith School of Business,,5.0,06/30/2025 08:58,,IG story,,Lifetime,195.0,161,4,0.0,,0.0,,158.0,
1.78461706234918e+16,1.78414026277747e+16,atu_business,ATU LeMoyne Smith School of Business,,15.0,06/29/2025 09:31,https://instagram.com/stories/atu_business/3665777219374057553,IG story,,Lifetime,315.0,259,9,0.0,1.0,0.0,,289.0,
1.81694829793453e+16,1.78414026277747e+16,atu_business,ATU LeMoyne Smith School of Business,,0.0,06/28/2025 08:54,,IG story,,Lifetime,209.0,171,3,,1.0,,,188.0,
1.80099786837695e+16,1.78414026277747e+16,atu_business,ATU LeMoyne Smith School of Business,"Once again, we met so many great people and had a blast. Goodbye DC!",0.0,06/25/2025 14:16,https://instagram.com/stories/atu_business/3663021278166208365,IG story,,Lifetime,310.0,255,0,0.0,,0.0,,,
1.80243957627031e+16,1.78414026277747e+16,atu_business,ATU LeMoyne Smith School of Business,Last meeting was AARP!,0.0,06/25/2025 14:04,https://instagram.com/stories/atu_business/3663020169754059101,IG story,,Lifetime,315.0,262,0,0.0,,0.0,,288.0,
1.79611194509713e+16,1.78414026277747e+16,atu_business,ATU LeMoyne Smith School of Business,White House tour!,0.0,06/25/2025 08:53,https://instagram.com/stories/atu_business/3662858648632220879,IG story,,Lifetime,276.0,204,0,0.0,,0.0,,254.0,
1.8010355966774e+16,1.78414026277747e+16,atu_business,ATU LeMoyne Smith School of Business,We get to spend a good chunk of our day at The White House!,0.0,06/25/2025 05:37,https://instagram.com/stories/atu_business/3662858021751670862,IG story,,Lifetime,238.0,173,0,0.0,,0.0,,202.0,
1.80570526582054e+16,1.78414026277747e+16,atu_business,ATU LeMoyne Smith School of Business,Watching Les Miserables at the Kennedy Center!,0.0,06/25/2025 04:30,https://instagram.com/stories/atu_business/3662726229841341239,IG story,,Lifetime,215.0,168,0,0.0,,0.0,,186.0,
1.79663214029136e+16,1.78414026277747e+16,atu_business,ATU LeMoyne Smith School of Business,Dinner at Salt!,0.0,06/25/2025 04:28,https://instagram.com/stories/atu_business/3662725603639985064,IG story,,Lifetime,205.0,171,0,0.0,,0.0,,184.0,
1.80862339607066e+16,1.78414026277747e+16,atu_business,ATU LeMoyne Smith School of Business,Last meeting of the day: Weber Shandwick.,0.0,06/25/2025 04:27,https://instagram.com/stories/atu_business/3662724682713625416,IG story,,Lifetime,216.0,176,0,,,,,191.0,
,,,,,,,,,An error occurred while computing metadata for content with ID 18356047327148495.,Lifetime,220.0,178,0,0.0,3.0,0.0,2.0,182.0,
1.83040561631714e+16,1.78414026277747e+16,atu_business,ATU LeMoyne Smith School of Business,First meeting: Nestlé!,5.0,06/24/2025 05:37,,IG story,,Lifetime,42.0,37,0,0.0,,0.0,,39.0,
1.80685249043181e+16,1.78414026277747e+16,atu_business,ATU LeMoyne Smith School of Business,,15.0,06/23/2025 16:34,,IG story,,Lifetime,169.0,144,0,0.0,1.0,0.0,,153.0,
1.80323154356888e+16,1.78414026277747e+16,atu_business,ATU LeMoyne Smith School of Business,Dinner time!,0.0,06/23/2025 15:06,https://instagram.com/stories/atu_business/3661596985119566354,IG story,,Lifetime,182.0,159,0,0.0,,0.0,2.0,156.0,
1.79340311430273e+16,1.78414026277747e+16,atu_business,ATU LeMoyne Smith School of Business,Also explored Chinatown!,0.0,06/23/2025 14:56,https://instagram.com/stories/atu_business/3661596445362977184,IG story,,Lifetime,183.0,160,0,0.0,,0.0,,156.0,
1.78918582021444e+16,1.78414026277747e+16,atu_business,ATU LeMoyne Smith School of Business,Saw the Smithsonian Portrait Gallary!,5.0,06/23/2025 14:53,https://instagram.com/stories/atu_business/3661590386263011452,IG story,,Lifetime,,163,2,0.0,1.0,0.0,,167.0,
1.83310418742049e+16,1.78414026277747e+16,atu_business,ATU LeMoyne Smith School of Business,Next meeting: NBC 4 / Telemundo 44.,5.0,06/23/2025 10:13,https://instagram.com/stories/atu_business/3661449267999006869,IG story,,Lifetime,184.0,157,0,0.0,,0.0,,147.0,
1.78864718221829e+16,1.78414026277747e+16,atu_business,ATU LeMoyne Smith School of Business,Look at that view. 😍,0.0,06/23/2025 09:51,https://instagram.com/stories/atu_business/3661438401270256681,IG story,,Lifetime,270.0,217,1,0.0,1.0,0.0,,,
1.80363578003723e+16,1.78414026277747e+16,atu_business,ATU LeMoyne Smith School of Business,First meeting today is with the U.S. Chamber of Commerce!,0.0,06/23/2025 07:26,https://instagram.com/stories/atu_business/3661437387658048251,IG story,,Lifetime,265.0,222,1,0.0,,0.0,,219.0,
1.80673703541671e+16,1.78414026277747e+16,atu_business,ATU LeMoyne Smith School of Business,Ready for dinner!,0.0,06/22/2025 15:38,https://instagram.com/stories/atu_business/3660888456838579428,IG story,,Lifetime,394.0,303,1,0.0,,0.0,,353.0,
1.79516823269838e+16,1.78414026277747e+16,atu_business,ATU LeMoyne Smith School of Business,Watching the game from VIP. It’s neck and neck!,0.0,06/22/2025 13:40,https://instagram.com/stories/atu_business/3660829078522956463,IG story,,Lifetime,430.0,326,1,0.0,,0.0,,369.0,
1.80611944191927e+16,1.78414026277747e+16,atu_business,ATU LeMoyne Smith School of Business,"Just landed in D.C.! We’re getting ready to watch the Washington vs Dallas WNBA game, then have dinner at Supra.",0.0,06/22/2025 08:59,https://instagram.com/stories/atu_business/3660710370851568460,IG story,,Lifetime,467.0,348,1,0.0,,1.0,,395.0,
1.84084334411075e+16,1.78414026277747e+16,atu_business,ATU LeMoyne Smith School of Business,We are heading to D.C. from our connection in St. Louis. Our flights got a little delayed but that’s alright.,0.0,06/22/2025 06:50,https://instagram.com/stories/atu_business/3660622702869643405,IG story,,Lifetime,479.0,352,1,0.0,1.0,0.0,,436.0,
1.80465477051985e+16,1.78414026277747e+16,atu_business,ATU LeMoyne Smith School of Business,Hey! It’s Nikki back again with another takeover for our NMGZ trip! This time I’m going to Washington D.C. with Dr. Katelynn Hopson. Get ready to spend the next few days with us!,0.0,06/22/2025 06:48,https://instagram.com/stories/atu_business/3660621547632457414,IG story,,Lifetime,508.0,375,3,1.0,,1.0,,396.0,
1.79734919758897e+16,1.78414026277747e+16,atu_business,ATU LeMoyne Smith School of Business,,0.0,06/19/2025 17:37,,IG story,,Lifetime,205.0,197,1,0.0,2.0,0.0,,229.0,
1.8052142354602e+16,1.78414026277747e+16,atu_business,ATU LeMoyne Smith School of Business,,5.0,06/19/2025 13:32,,IG story,,Lifetime,188.0,176,2,0.0,1.0,1.0,,204.0,
1.78543259494163e+16,1.78414026277747e+16,atu_business,ATU LeMoyne Smith School of Business,,0.0,06/19/2025 07:42,,IG story,,Lifetime,203.0,194,0,0.0,,0.0,4.0,230.0,
1.80918646637205e+16,1.78414026277747e+16,atu_business,ATU LeMoyne Smith School of Business,,0.0,06/19/2025 06:45,,IG story,,Lifetime,208.0,201,2,0.0,,0.0,,229.0,
1.81470994093829e+16,1.78414026277747e+16,atu_business,ATU LeMoyne Smith School of Business,,15.0,06/18/2025 13:08,https://instagram.com/stories/atu_business/3657913573512139127,IG story,,Lifetime,,210,5,0.0,4.0,0.0,3.0,226.0,
1.808351941369e+16,1.78414026277747e+16,atu_business,ATU LeMoyne Smith School of Business,,15.0,06/17/2025 13:27,,IG story,,Lifetime,152.0,148,1,0.0,2.0,0.0,,163.0,
1.80724463874909e+16,1.78414026277747e+16,atu_business,ATU LeMoyne Smith School of Business,,0.0,06/16/2025 14:13,https://instagram.com/stories/atu_business/3656496761092367033,IG story,,Lifetime,226.0,209,0,0.0,,0.0,,,
1.81603800043651e+16,1.78414026277747e+16,atu_business,ATU LeMoyne Smith School of Business,,0.0,06/16/2025 14:06,https://instagram.com/stories/atu_business/3656493322291600106,IG story,,Lifetime,,215,1,0.0,,0.0,,212.0,
1.80496028301467e+16,1.78414026277747e+16,atu_business,ATU LeMoyne Smith School of Business,,9.0,06/16/2025 12:42,https://instagram.com/stories/atu_business/3656451011914467976,IG story,,Lifetime,238.0,218,2,0.0,,0.0,2.0,225.0,
1.80668943860143e+16,1.78414026277747e+16,atu_business,ATU LeMoyne Smith School of Business,,10.0,06/15/2025 16:05,https://instagram.com/stories/atu_business/3655828611669681701,IG story,,Lifetime,212.0,197,3,0.0,,0.0,,,
1.80820703747806e+16,1.78414026277747e+16,atu_business,ATU LeMoyne Smith School of Business,,11.0,06/15/2025 16:05,https://instagram.com/stories/atu_business/3655828484473075507,IG story,,Lifetime,217.0,205,4,0.0,,0.0,,210.0,
1.80045782487891e+16,1.78414026277747e+16,atu_business,ATU LeMoyne Smith School of Business,,5.0,06/14/2025 15:46,https://instagram.com/stories/atu_business/3655094053328372088,IG story,,Lifetime,190.0,174,4,0.0,1.0,0.0,,167.0,
1.79111787540389e+16,1.78414026277747e+16,atu_business,ATU LeMoyne Smith School of Business,"@thm.fachschaft.wirtschaft  Morning walks through Gießen 
☀️📍🗺️",29.0,06/14/2025 13:20,https://instagram.com/stories/atu_business/3655020985465861097,IG story,,Lifetime,857.0,719,7,0.0,,0.0,5.0,200.0,
1.80431703955455e+16,1.78414026277747e+16,atu_business,ATU LeMoyne Smith School of Business,,6.0,06/14/2025 08:47,https://instagram.com/stories/atu_business/3654883313795375871,IG story,,Lifetime,232.0,200,5,0.0,,0.0,,196.0,
1.82830500973019e+16,1.78414026277747e+16,atu_business,ATU LeMoyne Smith School of Business,@hochschulelandshut  @atuenglishwl  @arkansastechglobal  @atucah,0.0,06/13/2025 12:36,https://instagram.com/stories/atu_business/3654273899366162371,IG story,,Lifetime,226.0,201,1,0.0,,0.0,2.0,218.0,
1.80753719389316e+16,1.78414026277747e+16,atu_business,ATU LeMoyne Smith School of Business,,6.0,06/13/2025 12:30,https://instagram.com/stories/atu_business/3654270631979473608,IG story,,Lifetime,228.0,201,2,0.0,,0.0,,204.0,
1.80638299611583e+16,1.78414026277747e+16,atu_business,ATU LeMoyne Smith School of Business,,11.0,06/13/2025 12:30,https://instagram.com/stories/atu_business/3654270528732345984,IG story,,Lifetime,369.0,334,6,0.0,,0.0,,222.0,
1.80611517739591e+16,1.78414026277747e+16,atu_business,ATU LeMoyne Smith School of Business,,23.0,06/13/2025 12:29,https://instagram.com/stories/atu_business/3654270069363741627,IG story,,Lifetime,344.0,300,1,0.0,,0.0,,227.0,
1.80840529666673e+16,1.78414026277747e+16,atu_business,ATU LeMoyne Smith School of Business,,15.0,06/12/2025 16:48,https://instagram.com/stories/atu_business/3653675550335368215,IG story,,Lifetime,226.0,198,8,0.0,,0.0,,210.0,
1.79734343998948e+16,1.78414026277747e+16,atu_business,ATU LeMoyne Smith School of Business,,15.0,06/12/2025 14:21,https://instagram.com/stories/atu_business/3653601667259413525,IG story,,Lifetime,231.0,200,9,1.0,,0.0,,204.0,
1.80711786138035e+16,1.78414026277747e+16,atu_business,ATU LeMoyne Smith School of Business,"Good as Gold 
Ambassador",15.0,06/12/2025 09:20,,IG story,,Lifetime,187.0,176,2,0.0,1.0,0.0,,209.0,
1.79991195447952e+16,1.78414026277747e+16,atu_business,ATU LeMoyne Smith School of Business,,0.0,06/12/2025 09:04,https://instagram.com/stories/atu_business/3653442418151593997,IG story,,Lifetime,232.0,205,3,0.0,,0.0,,,
1.80825484966938e+16,1.78414026277747e+16,atu_business,ATU LeMoyne Smith School of Business,,0.0,06/12/2025 07:59,,IG story,,Lifetime,191.0,182,4,0.0,1.0,0.0,,,
1.80489774381422e+16,1.78414026277747e+16,atu_business,ATU LeMoyne Smith School of Business,#SOLA2025,0.0,06/11/2025 06:34,https://instagram.com/stories/atu_business/3652642070029745686,IG story,,Lifetime,278.0,270,3,0.0,,0.0,,276.0,
1.82806332042665e+16,1.78414026277747e+16,atu_business,ATU LeMoyne Smith School of Business,,15.0,06/10/2025 11:21,https://instagram.com/stories/atu_business/3652061775480116446,IG story,,Lifetime,203.0,189,3,0.0,,0.0,,200.0,
1.80292976214769e+16,1.78414026277747e+16,atu_business,ATU LeMoyne Smith School of Business,,0.0,06/10/2025 06:58,https://instagram.com/stories/atu_business/3651929258492062249,IG story,,Lifetime,204.0,197,2,0.0,,0.0,,211.0,
1.80511722291048e+16,1.78414026277747e+16,atu_business,ATU LeMoyne Smith School of Business,,0.0,06/09/2025 18:10,,IG story,,Lifetime,202.0,193,0,0.0,,0.0,,219.0,
1.80605147089588e+16,1.78414026277747e+16,atu_business,ATU LeMoyne Smith School of Business,The last few days ✈️,0.0,06/09/2025 10:01,https://instagram.com/stories/atu_business/3651296383484625732,IG story,,Lifetime,260.0,226,5,0.0,3.0,0.0,,,
1.80748967539038e+16,1.78414026277747e+16,atu_business,ATU LeMoyne Smith School of Business,,0.0,06/09/2025 09:48,https://instagram.com/stories/atu_business/3651290274019465994,IG story,,Lifetime,280.0,235,8,0.0,,0.0,,236.0,
1.81882331653143e+16,1.78414026277747e+16,atu_business,ATU LeMoyne Smith School of Business,,5.0,06/08/2025 17:06,https://instagram.com/stories/atu_business/3650785717602587829,IG story,,Lifetime,,191,3,0.0,3.0,0.0,,205.0,
1.80584457440015e+16,1.78414026277747e+16,atu_business,ATU LeMoyne Smith School of Business,,5.0,06/07/2025 15:15,,IG story,,Lifetime,145.0,139,0,0.0,,0.0,,151.0,
1.80668950518626e+16,1.78414026277747e+16,atu_business,ATU LeMoyne Smith School of Business,,15.0,06/07/2025 13:40,,IG story,,Lifetime,127.0,123,4,0.0,,0.0,,137.0,
1.79337355470283e+16,1.78414026277747e+16,atu_business,ATU LeMoyne Smith School of Business,,15.0,06/07/2025 10:51,https://instagram.com/stories/atu_business/3649871985051471120,IG story,,Lifetime,127.0,120,1,0.0,1.0,0.0,,121.0,
1.80567567292016e+16,1.78414026277747e+16,atu_business,ATU LeMoyne Smith School of Business,,15.0,06/07/2025 10:48,https://instagram.com/stories/atu_business/3649870739511162968,IG story,,Lifetime,131.0,124,1,0.0,,0.0,,125.0,
1.79118035551118e+16,1.78414026277747e+16,atu_business,ATU LeMoyne Smith School of Business,,0.0,06/07/2025 10:47,https://instagram.com/stories/atu_business/3649870214795304970,IG story,,Lifetime,131.0,126,1,0.0,,0.0,,132.0,
1.80961383435934e+16,1.78414026277747e+16,atu_business,ATU LeMoyne Smith School of Business,,0.0,06/07/2025 10:46,https://instagram.com/stories/atu_business/3649869806773277041,IG story,,Lifetime,136.0,130,1,0.0,,0.0,,,
1.78587157503781e+16,1.78414026277747e+16,atu_business,ATU LeMoyne Smith School of Business,,15.0,06/07/2025 09:04,https://instagram.com/stories/atu_business/3649818244014526926,IG story,,Lifetime,138.0,132,1,0.0,,0.0,,137.0,
1.80866137936623e+16,1.78414026277747e+16,atu_business,ATU LeMoyne Smith School of Business,,15.0,06/07/2025 09:03,https://instagram.com/stories/atu_business/3649817959791781714,IG story,,Lifetime,145.0,137,2,0.0,,0.0,,140.0,
1.81747803763321e+16,1.78414026277747e+16,atu_business,ATU LeMoyne Smith School of Business,,15.0,06/07/2025 07:06,https://instagram.com/stories/atu_business/3649759027564788791,IG story,,Lifetime,,137,3,0.0,,0.0,,,
1.83932484371186e+16,1.78414026277747e+16,atu_business,ATU LeMoyne Smith School of Business,,15.0,06/06/2025 17:21,https://instagram.com/stories/atu_business/3649343914848362894,IG story,,Lifetime,151.0,134,3,0.0,1.0,0.0,4.0,146.0,
1.85103521800402e+16,1.78414026277747e+16,atu_business,ATU LeMoyne Smith School of Business,,0.0,06/06/2025 17:16,https://instagram.com/stories/atu_business/3649341018530590526,IG story,,Lifetime,,137,3,,,,,155.0,
1.79937338817988e+16,1.78414026277747e+16,atu_business,ATU LeMoyne Smith School of Business,,15.0,06/06/2025 16:26,https://instagram.com/stories/atu_business/3649316107225193432,IG story,,Lifetime,156.0,138,3,,,,,169.0,
1.80585645022361e+16,1.78414026277747e+16,atu_business,ATU LeMoyne Smith School of Business,,15.0,06/06/2025 16:01,https://instagram.com/stories/atu_business/3649303540620609991,IG story,,Lifetime,,150,2,0.0,,0.0,,164.0,
1.8069652123952e+16,1.78414026277747e+16,atu_business,ATU LeMoyne Smith School of Business,,15.0,06/06/2025 16:00,https://instagram.com/stories/atu_business/3649302990369879559,IG story,,Lifetime,174.0,155,2,0.0,1.0,0.0,,168.0,
1.78526510824612e+16,1.78414026277747e+16,atu_business,ATU LeMoyne Smith School of Business,,15.0,06/06/2025 15:10,https://instagram.com/stories/atu_business/3649277787929801362,IG story,,Lifetime,181.0,165,2,0.0,,0.0,,196.0,
1.85139643420507e+16,1.78414026277747e+16,atu_business,ATU LeMoyne Smith School of Business,"Last day 🥺
#SOLA2025",0.0,06/06/2025 07:13,https://instagram.com/stories/atu_business/3649037773874513125,IG story,,Lifetime,1042.0,855,6,0.0,,0.0,,211.0,
1.80864672586564e+16,1.78414026277747e+16,atu_business,ATU LeMoyne Smith School of Business,,0.0,06/06/2025 04:23,https://instagram.com/stories/atu_business/3648951997337782519,IG story,,Lifetime,207.0,188,3,0.0,,0.0,,196.0,
1.78523549704629e+16,1.78414026277747e+16,atu_business,ATU LeMoyne Smith School of Business,,15.0,06/05/2025 19:18,https://instagram.com/stories/atu_business/3648677902486162440,IG story,,Lifetime,191.0,176,2,0.0,,0.0,,180.0,
1.81403881694018e+16,1.78414026277747e+16,atu_business,ATU LeMoyne Smith School of Business,,15.0,06/05/2025 19:18,https://instagram.com/stories/atu_business/3648677730922400982,IG story,,Lifetime,196.0,180,3,0.0,,0.0,7.0,185.0,
1.81017231135454e+16,1.78414026277747e+16,atu_business,ATU LeMoyne Smith School of Business,,15.0,06/05/2025 16:37,https://instagram.com/stories/atu_business/3648596780641604905,IG story,,Lifetime,,186,3,0.0,,0.0,,,
1.80056501577802e+16,1.78414026277747e+16,atu_business,ATU LeMoyne Smith School of Business,,0.0,06/05/2025 16:35,https://instagram.com/stories/atu_business/3648595655485912006,IG story,,Lifetime,204.0,189,5,0.0,,0.0,,194.0,
1.79069169211707e+16,1.78414026277747e+16,atu_business,ATU LeMoyne Smith School of Business,FYI Chipotle is OPEN 🙌🏼,15.0,06/05/2025 14:04,,IG story,,Lifetime,155.0,149,3,1.0,,0.0,,193.0,
1.80343152716489e+16,1.78414026277747e+16,atu_business,ATU LeMoyne Smith School of Business,,25.0,06/05/2025 10:32,https://instagram.com/stories/atu_business/3648412898453377233,IG story,,Lifetime,188.0,172,1,0.0,,0.0,2.0,180.0,
1.79173136699993e+16,1.78414026277747e+16,atu_business,ATU LeMoyne Smith School of Business,Level up with us 😎,0.0,06/05/2025 10:31,,IG story,,Lifetime,342.0,295,2,0.0,,0.0,9.0,178.0,
1.78525648084601e+16,1.78414026277747e+16,atu_business,ATU LeMoyne Smith School of Business,,0.0,06/05/2025 08:41,https://instagram.com/stories/atu_business/3648357307995425907,IG story,,Lifetime,188.0,174,2,0.0,,0.0,,188.0,
1.80383067593222e+16,1.78414026277747e+16,atu_business,ATU LeMoyne Smith School of Business,,11.0,06/05/2025 08:41,https://instagram.com/stories/atu_business/3648357096091010074,IG story,,Lifetime,190.0,177,3,0.0,,0.0,2.0,173.0,
1.81471900123773e+16,1.78414026277747e+16,atu_business,ATU LeMoyne Smith School of Business,,15.0,06/05/2025 05:17,https://instagram.com/stories/atu_business/3648254632826138481,IG story,,Lifetime,196.0,182,1,0.0,,0.0,,179.0,
1.81812405703197e+16,1.78414026277747e+16,atu_business,ATU LeMoyne Smith School of Business,,20.0,06/04/2025 20:57,https://instagram.com/stories/atu_business/3648002721925113432,IG story,,Lifetime,199.0,183,1,0.0,,,,187.0,
1.80482132811562e+16,1.78414026277747e+16,atu_business,ATU LeMoyne Smith School of Business,,0.0,06/04/2025 20:57,https://instagram.com/stories/atu_business/3648002635304435543,IG story,,Lifetime,208.0,188,2,0.0,,0.0,2.0,176.0,
1.80642728811117e+16,1.78414026277747e+16,atu_business,ATU LeMoyne Smith School of Business,,0.0,06/04/2025 18:50,https://instagram.com/stories/atu_business/3647938753458430247,IG story,,Lifetime,217.0,200,3,0.0,,0.0,,,
1.80696458298126e+16,1.78414026277747e+16,atu_business,ATU LeMoyne Smith School of Business,,0.0,06/04/2025 10:50,https://instagram.com/stories/atu_business/3647697177746425023,IG story,,Lifetime,210.0,199,1,2.0,1.0,0.0,2.0,199.0,
1.80324772553922e+16,1.78414026277747e+16,atu_business,ATU LeMoyne Smith School of Business,,0.0,06/04/2025 10:50,https://instagram.com/stories/atu_business/3647697120041134962,IG story,,Lifetime,214.0,202,1,0.0,,0.0,,,
1.85050419790582e+16,1.78414026277747e+16,atu_business,ATU LeMoyne Smith School of Business,,0.0,06/04/2025 10:05,https://instagram.com/stories/atu_business/3647674936988075323,IG story,,Lifetime,,206,2,0.0,1.0,0.0,,218.0,
1.80571405642159e+16,1.78414026277747e+16,atu_business,ATU LeMoyne Smith School of Business,,5.0,06/04/2025 09:19,,IG story,,Lifetime,188.0,180,0,,,,,,
1.80313751184222e+16,1.78414026277747e+16,atu_business,ATU LeMoyne Smith School of Business,,0.0,06/04/2025 07:47,https://instagram.com/stories/atu_business/3647605316952295132,IG story,,Lifetime,243.0,227,2,0.0,,0.0,,235.0,
1.80322206474046e+16,1.78414026277747e+16,atu_business,ATU LeMoyne Smith School of Business,,0.0,06/04/2025 07:46,https://instagram.com/stories/atu_business/3647604929247746381,IG story,,Lifetime,258.0,235,1,0.0,,0.0,,236.0,
1.84159414901018e+16,1.78414026277747e+16,atu_business,ATU LeMoyne Smith School of Business,,0.0,06/03/2025 18:58,https://instagram.com/stories/atu_business/3647218279741025309,IG story,,Lifetime,317.0,287,2,0.0,1.0,0.0,23.0,306.0,
1.80612818451524e+16,1.78414026277747e+16,atu_business,ATU LeMoyne Smith School of Business,"Ready for
#SOLA2025",0.0,06/03/2025 08:26,https://instagram.com/stories/atu_business/3646899982944198669,IG story,,Lifetime,322.0,288,3,0.0,,0.0,15.0,312.0,
1.78806793773274e+16,1.78414026277747e+16,atu_business,ATU LeMoyne Smith School of Business,Come to Level Up!,5.0,06/02/2025 15:56,,IG story,,Lifetime,164.0,159,1,0.0,,0.0,,180.0,1.0
1.80624181551343e+16,1.78414026277747e+16,atu_business,ATU LeMoyne Smith School of Business,,0.0,06/01/2025 08:31,,IG story,,Lifetime,229.0,220,6,0.0,2.0,0.0,,294.0,
1.80719499385033e+16,1.78414026277747e+16,atu_business,ATU LeMoyne Smith School of Business,,0.0,05/31/2025 19:32,https://instagram.com/stories/atu_business/3645061018574733626,IG story,,Lifetime,236.0,223,5,0.0,,0.0,,243.0,
1.78476393574828e+16,1.78414026277747e+16,atu_business,ATU LeMoyne Smith School of Business,,0.0,05/31/2025 10:46,,IG story,,Lifetime,180.0,171,3,0.0,,0.0,,222.0,
1.79293936650532e+16,1.78414026277747e+16,atu_business,ATU LeMoyne Smith School of Business,,15.0,05/31/2025 10:15,,IG story,,Lifetime,181.0,172,3,0.0,3.0,0.0,,231.0,
1.8061551103901e+16,1.78414026277747e+16,atu_business,ATU LeMoyne Smith School of Business,,0.0,05/29/2025 09:45,,IG story,,Lifetime,201.0,194,1,0.0,1.0,0.0,,208.0,
1.79094116041484e+16,1.78414026277747e+16,atu_business,ATU LeMoyne Smith School of Business,,0.0,05/28/2025 14:07,https://instagram.com/stories/atu_business/3642723053638364651,IG story,,Lifetime,454.0,428,7,0.0,3.0,0.0,,465.0,
1.81603997383595e+16,1.78414026277747e+16,atu_business,ATU LeMoyne Smith School of Business,,0.0,05/26/2025 06:41,,IG story,,Lifetime,196.0,190,2,0.0,1.0,0.0,,203.0,
1.80109137447332e+16,1.78414026277747e+16,atu_business,ATU LeMoyne Smith School of Business,,5.0,05/23/2025 16:07,,IG story,,Lifetime,188.0,177,1,0.0,,0.0,,176.0,
1.85032577350384e+16,1.78414026277747e+16,atu_business,ATU LeMoyne Smith School of Business,,0.0,05/23/2025 05:29,,IG story,,Lifetime,296.0,285,5,0.0,3.0,0.0,17.0,324.0,
1.78624615924051e+16,1.78414026277747e+16,atu_business,ATU LeMoyne Smith School of Business,Sneak peek at our day 👀,0.0,05/20/2025 17:31,,IG story,,Lifetime,307.0,301,4,1.0,,0.0,24.0,332.0,
1.80511999793697e+16,1.78414026277747e+16,atu_business,ATU LeMoyne Smith School of Business,,0.0,05/19/2025 10:41,,IG story,,Lifetime,234.0,227,1,0.0,3.0,0.0,,242.0,
1.80879328336193e+16,1.78414026277747e+16,atu_business,ATU LeMoyne Smith School of Business,,5.0,05/16/2025 20:26,,IG story,,Lifetime,262.0,259,3,0.0,,0.0,,250.0,
1.80807304006842e+16,1.78414026277747e+16,atu_business,ATU LeMoyne Smith School of Business,"Congrats
Dr. Hopson!!!",27.0,05/16/2025 17:52,https://instagram.com/stories/atu_business/3634138984118331855,IG story,,Lifetime,349.0,309,12,0.0,2.0,0.0,,319.0,
1.83500589701555e+16,1.78414026277747e+16,atu_business,ATU LeMoyne Smith School of Business,Some @dutchbroscoffee to finish off our season!!! What a fun week!,6.0,05/15/2025 14:22,https://instagram.com/stories/atu_business/3633308594705689225,IG story,,Lifetime,191.0,185,0,0.0,2.0,0.0,,211.0,
1.80770344456814e+16,1.78414026277747e+16,atu_business,ATU LeMoyne Smith School of Business,,5.0,05/15/2025 12:39,,IG story,,Lifetime,204.0,190,1,0.0,,0.0,,211.0,
1.83566165711456e+16,1.78414026277747e+16,atu_business,ATU LeMoyne Smith School of Business,Last day!! Final round!!!,5.0,05/15/2025 07:32,https://instagram.com/stories/atu_business/3633102422716911210,IG story,,Lifetime,225.0,206,0,0.0,,0.0,,224.0,8.0
1.85043545050618e+16,1.78414026277747e+16,atu_business,ATU LeMoyne Smith School of Business,@mekkybliss_ first time to Las Vegas!!,14.0,05/14/2025 20:18,https://instagram.com/stories/atu_business/3632762946616404860,IG story,,Lifetime,424.0,381,2,0.0,,0.0,9.0,278.0,
1.83519547901571e+16,1.78414026277747e+16,atu_business,ATU LeMoyne Smith School of Business,,0.0,05/14/2025 16:56,https://instagram.com/stories/atu_business/3632661261722479883,IG story,,Lifetime,779.0,696,1,0.0,,0.0,,344.0,
1.80891871486257e+16,1.78414026277747e+16,atu_business,ATU LeMoyne Smith School of Business,Today at the NCAA DII Golf Championships is Folds of Honor day. Each player tees off in tribute to a fallen service member.🇺🇸 It’s going to be a great day!,0.0,05/14/2025 07:37,https://instagram.com/stories/atu_business/3632379992232911322,IG story,,Lifetime,929.0,820,3,0.0,1.0,0.0,,388.0,24.0
1.80406989922572e+16,1.78414026277747e+16,atu_business,ATU LeMoyne Smith School of Business,DAY ONE!!,0.0,05/13/2025 10:19,https://instagram.com/stories/atu_business/3631736848629217974,IG story,,Lifetime,697.0,609,2,0.0,1.0,0.0,,363.0,23.0
1.83549074681951e+16,1.78414026277747e+16,atu_business,ATU LeMoyne Smith School of Business,Round 1 is tomorrow! That’s a wrap on Day ✌🏼,15.0,05/12/2025 19:45,https://instagram.com/stories/atu_business/3631296821644980633,IG story,,Lifetime,677.0,591,4,0.0,1.0,0.0,,311.0,
1.85050074010015e+16,1.78414026277747e+16,atu_business,ATU LeMoyne Smith School of Business,,0.0,05/12/2025 14:58,https://instagram.com/stories/atu_business/3631152247100901146,IG story,,Lifetime,333.0,309,1,0.0,,0.0,,255.0,
1.79771091448395e+16,1.78414026277747e+16,atu_business,ATU LeMoyne Smith School of Business,Special Olympics Putting Competition  Go Kari!!,8.0,05/12/2025 14:57,https://instagram.com/stories/atu_business/3631151989100784060,IG story,,Lifetime,700.0,597,2,0.0,,0.0,,216.0,
1.80665412498258e+16,1.78414026277747e+16,atu_business,ATU LeMoyne Smith School of Business,,9.0,05/12/2025 12:07,https://instagram.com/stories/atu_business/3631068318909708114,IG story,,Lifetime,572.0,507,1,0.0,,0.0,,220.0,
1.8094500127603e+16,1.78414026277747e+16,atu_business,ATU LeMoyne Smith School of Business,@atu.womensgolf @ellenspigner13,5.0,05/12/2025 12:06,https://instagram.com/stories/atu_business/3631065963069954433,IG story,,Lifetime,365.0,340,0,0.0,,0.0,10.0,237.0,
1.80329479403444e+16,1.78414026277747e+16,atu_business,ATU LeMoyne Smith School of Business,@averimickelson,5.0,05/12/2025 12:06,https://instagram.com/stories/atu_business/3631065676162623626,IG story,,Lifetime,341.0,302,0,0.0,,0.0,10.0,263.0,
1.79081959621344e+16,1.78414026277747e+16,atu_business,ATU LeMoyne Smith School of Business,@jayleecastrogolf,5.0,05/12/2025 12:06,https://instagram.com/stories/atu_business/3631065512886745762,IG story,,Lifetime,349.0,313,1,0.0,,0.0,12.0,265.0,
1.80589024791397e+16,1.78414026277747e+16,atu_business,ATU LeMoyne Smith School of Business,@mekkybliss_,0.0,05/12/2025 11:43,https://instagram.com/stories/atu_business/3631054179332044450,IG story,,Lifetime,848.0,703,0,0.0,,0.0,6.0,239.0,
1.81462392643801e+16,1.78414026277747e+16,atu_business,ATU LeMoyne Smith School of Business,Practice round!,0.0,05/12/2025 08:58,https://instagram.com/stories/atu_business/3630970931555854743,IG story,,Lifetime,621.0,550,1,0.0,2.0,0.0,4.0,247.0,
1.79356890180379e+16,1.78414026277747e+16,atu_business,ATU LeMoyne Smith School of Business,"That’s all for today! 
See you bright and early for our practice round!👋🏼💤",5.0,05/11/2025 20:03,https://instagram.com/stories/atu_business/3630581261839694595,IG story,,Lifetime,614.0,540,0,0.0,,0.0,,231.0,
1.80227248617005e+16,1.78414026277747e+16,atu_business,ATU LeMoyne Smith School of Business,Thank you!!!! @ncaadii,23.0,05/11/2025 20:01,https://instagram.com/stories/atu_business/3630580094573286450,IG story,,Lifetime,632.0,551,0,0.0,1.0,0.0,5.0,233.0,
1.79662840858736e+16,1.78414026277747e+16,atu_business,ATU LeMoyne Smith School of Business,,55.0,05/11/2025 20:00,https://instagram.com/stories/atu_business/3630579550043752530,IG story,,Lifetime,643.0,556,2,0.0,1.0,0.0,,226.0,
1.8127349773433e+16,1.78414026277747e+16,atu_business,ATU LeMoyne Smith School of Business,Tee gifts… haul incoming🔥🔥🔥,0.0,05/11/2025 19:59,https://instagram.com/stories/atu_business/3630579115555749068,IG story,,Lifetime,661.0,573,2,0.0,,0.0,,262.0,
1.80392524372746e+16,1.78414026277747e+16,atu_business,ATU LeMoyne Smith School of Business,,6.0,05/11/2025 14:37,https://instagram.com/stories/atu_business/3630417237527991750,IG story,,Lifetime,601.0,531,2,0.0,,0.0,,242.0,
1.8064193474484e+16,1.78414026277747e+16,atu_business,ATU LeMoyne Smith School of Business,"Landed ✅
Lunch✅
Time to get some practice in…",9.0,05/11/2025 14:37,https://instagram.com/stories/atu_business/3630416976356885141,IG story,,Lifetime,621.0,552,1,0.0,6.0,0.0,,240.0,
1.80400653055609e+16,1.78414026277747e+16,atu_business,ATU LeMoyne Smith School of Business,see you in 3 hours Vegas!,0.0,05/11/2025 08:52,https://instagram.com/stories/atu_business/3630243177995663657,IG story,,Lifetime,638.0,569,1,0.0,,0.0,,293.0,
1.80719029129289e+16,1.78414026277747e+16,atu_business,ATU LeMoyne Smith School of Business,Made it to the airport! ✈️,0.0,05/11/2025 07:16,https://instagram.com/stories/atu_business/3630195152283683481,IG story,,Lifetime,660.0,593,1,0.0,1.0,0.0,,323.0,
1.78483962994336e+16,1.78414026277747e+16,atu_business,ATU LeMoyne Smith School of Business,Hey it’s @kylierehberger !!! We are headed to nationals for @ncaadii so follow along for the week!!,12.0,05/11/2025 05:36,https://instagram.com/stories/atu_business/3630144863719401420,IG story,,Lifetime,723.0,628,4,0.0,,0.0,15.0,319.0,
1.7946237836987e+16,1.78414026277747e+16,atu_business,ATU LeMoyne Smith School of Business,commencement selfie <3 @arkansastech  @mekkybliss_,0.0,05/10/2025 14:11,,IG story,,Lifetime,1427.0,1262,2,0.0,2.0,0.0,20.0,310.0,
1.81159260584619e+16,1.78414026277747e+16,atu_business,ATU LeMoyne Smith School of Business,,0.0,05/10/2025 10:54,https://instagram.com/stories/atu_business/3629579870922946767,IG story,,Lifetime,289.0,276,3,1.0,1.0,0.0,76.0,318.0,
1.78878732781481e+16,1.78414026277747e+16,atu_business,ATU LeMoyne Smith School of Business,,5.0,05/10/2025 07:20,,IG story,,Lifetime,229.0,212,0,0.0,,0.0,,248.0,
1.80230349686947e+16,1.78414026277747e+16,atu_business,ATU LeMoyne Smith School of Business,,5.0,05/09/2025 22:52,,IG story,,Lifetime,238.0,221,1,0.0,1.0,0.0,,240.0,
1.80605986881697e+16,1.78414026277747e+16,atu_business,ATU LeMoyne Smith School of Business,,4.0,05/09/2025 16:21,,IG story,,Lifetime,266.0,254,1,0.0,,0.0,8.0,224.0,
1.79333875350429e+16,1.78414026277747e+16,atu_business,ATU LeMoyne Smith School of Business,"Live from the grad reception, it’s @its_yoshi01’s cord tour!",11.0,05/09/2025 15:52,https://instagram.com/stories/atu_business/3629005313199621483,IG story,,Lifetime,1614.0,1357,4,0.0,1.0,0.0,13.0,252.0,
1.79314308510299e+16,1.78414026277747e+16,atu_business,ATU LeMoyne Smith School of Business,,0.0,05/09/2025 15:05,,IG story,,Lifetime,412.0,367,1,0.0,1.0,0.0,,324.0,
1.80307590086473e+16,1.78414026277747e+16,atu_business,ATU LeMoyne Smith School of Business,Applications close TODAY!,6.0,05/09/2025 12:37,,IG story,,Lifetime,277.0,261,2,0.0,,0.0,,269.0,6.0
1.80625623558929e+16,1.78414026277747e+16,atu_business,ATU LeMoyne Smith School of Business,,0.0,05/09/2025 11:42,,IG story,,Lifetime,286.0,277,5,0.0,3.0,0.0,,307.0,
1.80571877362699e+16,1.78414026277747e+16,atu_business,ATU LeMoyne Smith School of Business,,0.0,05/08/2025 14:50,,IG story,,Lifetime,341.0,320,3,0.0,3.0,0.0,11.0,356.0,
1.80656984570683e+16,1.78414026277747e+16,atu_business,ATU LeMoyne Smith School of Business,,60.0,05/08/2025 05:07,,IG story,,Lifetime,227.0,209,1,0.0,2.0,0.0,,243.0,
1.78546528294317e+16,1.78414026277747e+16,atu_business,ATU LeMoyne Smith School of Business,,0.0,05/07/2025 13:12,,IG story,,Lifetime,188.0,178,1,0.0,1.0,0.0,,200.0,
1.79919001706467e+16,1.78414026277747e+16,atu_business,ATU LeMoyne Smith School of Business,Getting ready to celebrate our students’ achievements!,6.0,05/07/2025 10:52,,IG story,,Lifetime,1223.0,1001,5,0.0,,0.0,,182.0,
1.78773317313232e+16,1.78414026277747e+16,atu_business,ATU LeMoyne Smith School of Business,,0.0,05/07/2025 08:39,,IG story,,Lifetime,189.0,177,1,0.0,,0.0,9.0,214.0,
1.7928963000029e+16,1.78414026277747e+16,atu_business,ATU LeMoyne Smith School of Business,,5.0,05/07/2025 06:46,,IG story,,Lifetime,195.0,183,2,0.0,2.0,0.0,,218.0,
1.79705630967405e+16,1.78414026277747e+16,atu_business,ATU LeMoyne Smith School of Business,,0.0,05/06/2025 09:52,,IG story,,Lifetime,687.0,506,0,0.0,1.0,0.0,,281.0,
1.80986861895372e+16,1.78414026277747e+16,atu_business,ATU LeMoyne Smith School of Business,Kitler  Jarvis Marcus,5.0,05/05/2025 14:08,,IG story,,Lifetime,220.0,200,4,9.0,1.0,0.0,,253.0,
1.85026087840039e+16,1.78414026277747e+16,atu_business,ATU LeMoyne Smith School of Business,,15.0,05/05/2025 10:13,,IG story,,Lifetime,199.0,175,3,0.0,1.0,0.0,,232.0,
1.78679845233667e+16,1.78414026277747e+16,atu_business,ATU LeMoyne Smith School of Business,,0.0,05/05/2025 09:24,,IG story,,Lifetime,206.0,187,1,0.0,,0.0,,239.0,
1.78664025993715e+16,1.78414026277747e+16,atu_business,ATU LeMoyne Smith School of Business,,23.0,05/04/2025 16:15,,IG story,,Lifetime,253.0,232,6,0.0,1.0,0.0,,265.0,
1.80629666388699e+16,1.78414026277747e+16,atu_business,ATU LeMoyne Smith School of Business,,0.0,05/02/2025 15:23,,IG story,,Lifetime,282.0,271,1,0.0,,0.0,,286.0,
1.80495019283686e+16,1.78414026277747e+16,atu_business,ATU LeMoyne Smith School of Business,Limited spring buttons in RTH and Williamson lobbies 👀,5.0,05/01/2025 11:32,,IG story,,Lifetime,203.0,198,2,3.0,1.0,0.0,,221.0,
1.80080478867462e+16,1.78414026277747e+16,atu_business,ATU LeMoyne Smith School of Business,Need a Mother’s Day card? Make your own at our station in RTH lobby! Open to all <3,5.0,05/01/2025 11:30,,IG story,,Lifetime,486.0,418,2,0.0,,0.0,,201.0,
18060582452042156,17841402627774708,atu_business,ATU LeMoyne Smith School of Business,,0,04/08/2025 09:05,https://instagram.com/stories/atu_business/3606332431692590484,IG story,,Lifetime,209,163,1,0,1.0,0,,229,
18102269428508834,17841402627774708,atu_business,ATU LeMoyne Smith School of Business,,46,04/30/2025 13:49,,IG story,,Lifetime,213,201,0,0,,0,,224,
18206233426306315,17841402627774708,atu_business,ATU LeMoyne Smith School of Business,Our students are working hard on their final presentations! Excel Quest: BUAD 2003,0,04/29/2025 12:22,,IG story,,Lifetime,406,395,4,1,1.0,0,,447,
18080052898775484,17841402627774708,atu_business,ATU LeMoyne Smith School of Business,,0,04/29/2025 08:36,,IG story,,Lifetime,346,333,6,0,,0,,405,
17970647045851579,17841402627774708,atu_business,ATU LeMoyne Smith School of Business,,0,04/28/2025 21:19,,IG story,,Lifetime,285,270,3,0,,0,,286,
18098031307528299,17841402627774708,atu_business,ATU LeMoyne Smith School of Business,"Vote for COBED senator in the
SGA election!",0,04/28/2025 13:53,,IG story,,Lifetime,380,317,4,1,1.0,0,,259,
18158297422359092,17841402627774708,atu_business,ATU LeMoyne Smith School of Business,,13,04/28/2025 11:40,,IG story,,Lifetime,239,222,2,0,1.0,0,,225,4.0
18091234534582074,17841402627774708,atu_business,ATU LeMoyne Smith School of Business,@atucareers,0,04/28/2025 11:06,,IG story,,Lifetime,319,284,2,0,,0,8.0,294,
18061913465088227,17841402627774708,atu_business,ATU LeMoyne Smith School of Business,Grand opening of @atucareercloset!  These students did an amazing job bringing the Career Closet to life!,5,04/28/2025 10:30,,IG story,,Lifetime,282,256,3,0,1.0,0,14.0,202,
18493994695023540,17841402627774708,atu_business,ATU LeMoyne Smith School of Business,but first we went to downtown bentonville to kill some time before some of their flights,0,04/27/2025 15:45,https://instagram.com/stories/atu_business/3620304578961419458,IG story,,Lifetime,252,232,1,0,2.0,0,,281,
18298422826245064,17841402627774708,atu_business,ATU LeMoyne Smith School of Business,Breakout Sessions were very informativeeeee and had to say our goodbyes 😔,0,04/27/2025 15:45,https://instagram.com/stories/atu_business/3620304112697282739,IG story,,Lifetime,271,241,3,0,1.0,0,,289,
18270381643272839,17841402627774708,atu_business,ATU LeMoyne Smith School of Business,,15,04/27/2025 07:48,,IG story,,Lifetime,247,210,3,0,,0,,287,
18495272161063797,17841402627774708,atu_business,ATU LeMoyne Smith School of Business,last day!! Breakfast  Interview Prep Lunch Downtown Bentonville End of Summit!,0,04/27/2025 05:46,https://instagram.com/stories/atu_business/3620002987726194494,IG story,,Lifetime,253,226,1,0,,0,,249,
18079943767739054,17841402627774708,atu_business,ATU LeMoyne Smith School of Business,"-Food
-Bounce House
-Archery
-Basketball
-Game Room
-Movie
-Mini Golf
-Games
-And More! ended the day off with a “carnival” that included:",8,04/26/2025 18:33,https://instagram.com/stories/atu_business/3619664280740258483,IG story,,Lifetime,230,194,1,0,,0,,235,
18141948346385045,17841402627774708,atu_business,ATU LeMoyne Smith School of Business,@dannyant,9,04/26/2025 18:25,https://instagram.com/stories/atu_business/3619659905351332520,IG story,,Lifetime,235,200,1,0,,0,20.0,249,
18083730988648893,17841402627774708,atu_business,ATU LeMoyne Smith School of Business,After Walmart Home Office Tour nice little walk,0,04/26/2025 18:20,https://instagram.com/stories/atu_business/3619657786246432905,IG story,,Lifetime,248,207,1,0,,0,4.0,294,
18370671466121030,17841402627774708,atu_business,ATU LeMoyne Smith School of Business,"guys wait this building has EVERYTHINGGGGG -Gym
-Track
-Racquetball 
-Soccer
-Basketball
-Indoor Pool
-Volleyball
-Cafeteria
-EVERYTHINGGGGG
 All for about $24 a MONTHHH",5,04/26/2025 18:17,https://instagram.com/stories/atu_business/3619656029151929635,IG story,,Lifetime,251,217,1,0,1.0,0,14.0,208,
18404249131104303,17841402627774708,atu_business,ATU LeMoyne Smith School of Business,,8,04/26/2025 06:58,https://instagram.com/stories/atu_business/3619314503209221049,IG story,,Lifetime,232,212,3,0,,0,,229,
18040884863561262,17841402627774708,atu_business,ATU LeMoyne Smith School of Business,day 2 Summit!,0,04/26/2025 05:37,https://instagram.com/stories/atu_business/3619273605574354657,IG story,,Lifetime,240,218,1,0,,0,,243,
18054935267224474,17841402627774708,atu_business,ATU LeMoyne Smith School of Business,networking done right,0,04/25/2025 18:58,https://instagram.com/stories/atu_business/3618951720005222658,IG story,,Lifetime,230,205,3,0,,0,,231,
18506782723022506,17841402627774708,atu_business,ATU LeMoyne Smith School of Business,fajita line!!!,0,04/25/2025 18:53,https://instagram.com/stories/atu_business/3618949180001679337,IG story,,Lifetime,231,207,1,0,1.0,0,,246,
18069873271931878,17841402627774708,atu_business,ATU LeMoyne Smith School of Business,Walmart Summit Top Golf! ⛳️,3,04/25/2025 18:52,https://instagram.com/stories/atu_business/3618948738492562972,IG story,,Lifetime,231,208,1,1,,0,,192,
18223633156288217,17841402627774708,atu_business,ATU LeMoyne Smith School of Business,,0,04/25/2025 17:05,,IG story,,Lifetime,204,190,3,0,,0,5.0,228,
17925983349051504,17841402627774708,atu_business,ATU LeMoyne Smith School of Business,,15,04/25/2025 11:02,,IG story,,Lifetime,182,165,2,0,,0,,204,
18038276288285648,17841402627774708,atu_business,ATU LeMoyne Smith School of Business,,24,04/25/2025 09:17,https://instagram.com/stories/atu_business/3618659732861312016,IG story,,Lifetime,201,183,4,0,,1,,191,
17976123419836713,17841402627774708,atu_business,ATU LeMoyne Smith School of Business,,32,04/25/2025 08:51,https://instagram.com/stories/atu_business/3618646549148950634,IG story,,Lifetime,211,187,1,2,1.0,0,,201,
18097621561555331,17841402627774708,atu_business,ATU LeMoyne Smith School of Business,@dannyant,14,04/25/2025 08:50,https://instagram.com/stories/atu_business/3618646033903675381,IG story,,Lifetime,223,197,3,0,,1,24.0,200,
18063991313068334,17841402627774708,atu_business,ATU LeMoyne Smith School of Business,Only 15 days until we watch our students become alumni 🥹,5,04/24/2025 09:46,,IG story,,Lifetime,190,170,0,0,,0,,196,
18113278339467670,17841402627774708,atu_business,ATU LeMoyne Smith School of Business,@atuagriculture_tourism  Plant Sale,5,04/24/2025 07:54,https://instagram.com/stories/atu_business/3617893009234171035,IG story,,Lifetime,1701,1311,0,0,,0,4.0,189,
18055019417220239,17841402627774708,atu_business,ATU LeMoyne Smith School of Business,,5,04/24/2025 07:28,,IG story,,Lifetime,187,175,2,0,,0,,185,
18059847530320828,17841402627774708,atu_business,ATU LeMoyne Smith School of Business,Landon means business 😎,0,04/23/2025 19:25,,IG story,,Lifetime,205,188,4,0,,0,,226,
18224111755292685,17841402627774708,atu_business,ATU LeMoyne Smith School of Business,,4,04/23/2025 12:06,,IG story,,Lifetime,201,186,3,0,,0,,168,
18307886134238534,17841402627774708,atu_business,ATU LeMoyne Smith School of Business,Landmark Career Connection happening NOW in RTH 138!,0,04/23/2025 10:09,,IG story,,Lifetime,197,185,0,0,,0,,213,
18062326115482351,17841402627774708,atu_business,ATU LeMoyne Smith School of Business,,0,04/23/2025 07:35,,IG story,,Lifetime,597,493,2,0,1.0,0,,208,
18304431508214326,17841402627774708,atu_business,ATU LeMoyne Smith School of Business,,0,04/22/2025 13:54,https://instagram.com/stories/atu_business/3616624490811165242,IG story,,Lifetime,241,216,3,0,2.0,0,5.0,245,
18066554611781832,17841402627774708,atu_business,ATU LeMoyne Smith School of Business,TODAY AT 2PM! SEE YOU THERE!,0,04/22/2025 09:56,,IG story,,Lifetime,1506,1119,0,0,1.0,0,,261,
18368455660135147,17841402627774708,atu_business,ATU LeMoyne Smith School of Business,,5,04/21/2025 10:12,,IG story,,Lifetime,338,287,3,0,,1,,217,
18052766078209734,17841402627774708,atu_business,ATU LeMoyne Smith School of Business,,0,04/19/2025 11:37,,IG story,,Lifetime,312,288,0,0,,0,,306,
18085635784620751,17841402627774708,atu_business,ATU LeMoyne Smith School of Business,,15,04/18/2025 12:20,,IG story,,Lifetime,155,147,0,0,,0,,183,
18166315411338209,17841402627774708,atu_business,ATU LeMoyne Smith School of Business,,5,04/18/2025 12:20,,IG story,,Lifetime,154,148,3,0,,0,,148,
18040779983395079,17841402627774708,atu_business,ATU LeMoyne Smith School of Business,,0,04/18/2025 10:12,,IG story,,Lifetime,170,162,0,0,2.0,0,,201,
18064680040821790,17841402627774708,atu_business,ATU LeMoyne Smith School of Business,,0,04/18/2025 08:37,,IG story,,Lifetime,186,180,4,2,,0,,200,
18058017505920721,17841402627774708,atu_business,ATU LeMoyne Smith School of Business,,25,04/17/2025 15:58,,IG story,,Lifetime,186,172,1,0,1.0,0,,196,
17987434124803150,17841402627774708,atu_business,ATU LeMoyne Smith School of Business,,0,04/17/2025 15:31,,IG story,,Lifetime,193,177,0,0,,0,,215,
18064536073974260,17841402627774708,atu_business,ATU LeMoyne Smith School of Business,"This is from drop 1 of 3! 3,000 eggs are up for grabs today!",0,04/17/2025 08:05,,IG story,,Lifetime,613,565,3,0,,0,,273,
18073628008853805,17841402627774708,atu_business,ATU LeMoyne Smith School of Business,Cash Cow’s Easter Egg Hunt has started! Redeem your eggs in Rothwell 413 for BUSINESS BUCKS!!!,0,04/17/2025 07:39,,IG story,,Lifetime,700,551,2,0,,0,,268,
17921311446069235,17841402627774708,atu_business,ATU LeMoyne Smith School of Business,"Made it home safely! Thanks for coming along with us! We had so much fun, and learned even more, on this trip.",0,04/16/2025 22:02,https://instagram.com/stories/atu_business/3612521626480331087,IG story,,Lifetime,262,238,4,0,2.0,0,,276,
18085602847618507,17841402627774708,atu_business,ATU LeMoyne Smith School of Business,,0,04/16/2025 14:19,,IG story,,Lifetime,237,219,1,0,,0,,268,
18082354120711506,17841402627774708,atu_business,ATU LeMoyne Smith School of Business,Finishing the trip off with Santarpio’s Pizza. We had so much fun we can’t even begin to say how grateful we are!,5,04/16/2025 10:18,https://instagram.com/stories/atu_business/3612167221934317747,IG story,,Lifetime,223,199,1,0,,1,,246,
18276164155251136,17841402627774708,atu_business,ATU LeMoyne Smith School of Business,@go2atu @russellvilleschooldistrict  We had a great morning with Russellville High School!,0,04/16/2025 10:13,,IG story,,Lifetime,218,195,3,0,,0,2.0,254,
18078657478702007,17841402627774708,atu_business,ATU LeMoyne Smith School of Business,ArcBest Career Connection happening NOW in RTH 138!,0,04/16/2025 10:10,,IG story,,Lifetime,221,199,2,0,,0,,247,
17906922003129893,17841402627774708,atu_business,ATU LeMoyne Smith School of Business,Last meeting: Converse.,0,04/16/2025 07:05,https://instagram.com/stories/atu_business/3612070573300304434,IG story,,Lifetime,208,192,1,0,,0,,221,
17985214961805081,17841402627774708,atu_business,ATU LeMoyne Smith School of Business,"When life gives you rain, go to broadway instead.",0,04/15/2025 16:07,https://instagram.com/stories/atu_business/3611650631530472686,IG story,,Lifetime,166,151,4,0,1.0,0,2.0,178,
17906947380136644,17841402627774708,atu_business,ATU LeMoyne Smith School of Business,Dinner at Lolita.,0,04/15/2025 14:22,https://instagram.com/stories/atu_business/3611565472036464367,IG story,,Lifetime,152,142,1,0,,0,,174,
17920288763963011,17841402627774708,atu_business,ATU LeMoyne Smith School of Business,Second meeting today: MullenLowe.,3,04/15/2025 13:49,https://instagram.com/stories/atu_business/3611548540117900944,IG story,,Lifetime,160,148,1,0,,0,,181,
18306295165238580,17841402627774708,atu_business,ATU LeMoyne Smith School of Business,We were able to keep what we chose or donate to students in need at Boston College! Teams were given $300 to shop for Macy’s spring fashion.,3,04/15/2025 09:46,https://instagram.com/stories/atu_business/3611426390148589249,IG story,,Lifetime,155,142,1,1,,0,,126,
18082586593655566,17841402627774708,atu_business,ATU LeMoyne Smith School of Business,,0,04/15/2025 09:17,,IG story,,Lifetime,920,782,1,0,,0,,181,
17900111820172558,17841402627774708,atu_business,ATU LeMoyne Smith School of Business,,0,04/15/2025 08:57,,IG story,,Lifetime,145,132,0,0,,0,2.0,174,
18121287154394145,17841402627774708,atu_business,ATU LeMoyne Smith School of Business,,4,04/15/2025 08:55,,IG story,,Lifetime,147,136,0,0,,0,,153,
18056511218279624,17841402627774708,atu_business,ATU LeMoyne Smith School of Business,,0,04/15/2025 08:39,,IG story,,Lifetime,148,138,0,0,,0,,161,
18043320584167972,17841402627774708,atu_business,ATU LeMoyne Smith School of Business,,5,04/15/2025 08:35,,IG story,,Lifetime,151,141,0,0,,0,,152,
18025031639465295,17841402627774708,atu_business,ATU LeMoyne Smith School of Business,,0,04/15/2025 07:52,,IG story,,Lifetime,156,143,0,0,1.0,0,,179,
17964771668876556,17841402627774708,atu_business,ATU LeMoyne Smith School of Business,,0,04/15/2025 07:51,,IG story,,Lifetime,161,147,0,0,,0,,183,
18405044629099148,17841402627774708,atu_business,ATU LeMoyne Smith School of Business,First meeting today: Macy’s.,5,04/15/2025 06:17,https://instagram.com/stories/atu_business/3611320984737472491,IG story,,Lifetime,179,163,3,0,,0,,179,
17874703674320439,17841402627774708,atu_business,ATU LeMoyne Smith School of Business,,6,04/14/2025 17:15,,IG story,,Lifetime,176,162,3,2,,0,,180,
18309354142230834,17841402627774708,atu_business,ATU LeMoyne Smith School of Business,About to make our own pasta from scratch!,5,04/14/2025 14:56,https://instagram.com/stories/atu_business/3610857437112940429,IG story,,Lifetime,181,164,2,0,,0,,198,
18087664993550521,17841402627774708,atu_business,ATU LeMoyne Smith School of Business,,0,04/14/2025 13:43,https://instagram.com/stories/atu_business/3610821013208209419,IG story,,Lifetime,194,174,6,0,,0,,218,
18082696312631925,17841402627774708,atu_business,ATU LeMoyne Smith School of Business,,0,04/14/2025 10:16,,IG story,,Lifetime,188,169,4,2,,0,,222,
18044625800150836,17841402627774708,atu_business,ATU LeMoyne Smith School of Business,,0,04/14/2025 07:26,,IG story,,Lifetime,335,269,0,0,,0,,241,
17864580288369489,17841402627774708,atu_business,ATU LeMoyne Smith School of Business,"First meeting: SharkNinja. A little about NMGZ: 
A group dedicated to dispel negative myths about millenials and gen z by networking with top executives.",0,04/14/2025 05:41,https://instagram.com/stories/atu_business/3610578234568110097,IG story,,Lifetime,248,222,3,0,,0,2.0,268,
18041155022406761,17841402627774708,atu_business,ATU LeMoyne Smith School of Business,Bill surprised us with our second challenge: an escape room!,0,04/13/2025 19:16,https://instagram.com/stories/atu_business/3610263552187059614,IG story,,Lifetime,264,233,2,0,2.0,0,,275,
18066483590309068,17841402627774708,atu_business,ATU LeMoyne Smith School of Business,Dinner was so good! We did an activity to get to know each other.,0,04/13/2025 17:37,https://instagram.com/stories/atu_business/3610261034850320531,IG story,,Lifetime,261,234,1,0,,0,,284,
18062445647095442,17841402627774708,atu_business,ATU LeMoyne Smith School of Business,Landed safely. Headed to dinner at Ostra.,0,04/13/2025 14:46,https://instagram.com/stories/atu_business/3610127767142381411,IG story,,Lifetime,295,262,2,0,,0,,366,
18033762818330172,17841402627774708,atu_business,ATU LeMoyne Smith School of Business,@atucampuslife @atustudentwellness  out of the darkness walk <3,0,04/13/2025 11:58,,IG story,,Lifetime,483,396,3,0,,0,4.0,390,
17897021172187407,17841402627774708,atu_business,ATU LeMoyne Smith School of Business,We flew from Little Rock to Dallas and are waiting for our flight to Boston. We are attending a three day conference for the National Millenial and Gen Z Community.,0,04/13/2025 07:36,https://instagram.com/stories/atu_business/3609911385110593851,IG story,,Lifetime,335,298,2,0,1.0,0,,429,
18040160981242533,17841402627774708,atu_business,ATU LeMoyne Smith School of Business,"Hello ATU!  This is Nikki Victory and Allie Stoll, and we’ll be doing a social media takeover.",5,04/13/2025 07:30,https://instagram.com/stories/atu_business/3609908387315695907,IG story,,Lifetime,345,309,3,0,1.0,0,,361,
17983921451671800,17841402627774708,atu_business,ATU LeMoyne Smith School of Business,,0,04/11/2025 13:00,,IG story,,Lifetime,139,132,0,0,,0,,148,
18072641125886440,17841402627774708,atu_business,ATU LeMoyne Smith School of Business,,15,04/11/2025 12:14,https://instagram.com/stories/atu_business/3608601539524424170,IG story,,Lifetime,141,135,1,0,,0,,142,
18099156256471339,17841402627774708,atu_business,ATU LeMoyne Smith School of Business,,15,04/11/2025 10:04,,IG story,,Lifetime,146,134,3,0,2.0,0,,163,
18014035382519972,17841402627774708,atu_business,ATU LeMoyne Smith School of Business,,0,04/11/2025 09:05,https://instagram.com/stories/atu_business/3608506688946315016,IG story,,Lifetime,156,142,1,0,,0,3.0,177,
18063145465838083,17841402627774708,atu_business,ATU LeMoyne Smith School of Business,Today is the LAST DAY of the #YouMatterATU campaign! Participate before 1PM to win a prize and be entered to win an iPad! @arkansastech @atucampuslife,0,04/11/2025 09:02,https://instagram.com/stories/atu_business/3608505129885707476,IG story,,Lifetime,1466,1143,1,0,,0,,173,
17851279428431664,17841402627774708,atu_business,ATU LeMoyne Smith School of Business,,0,04/11/2025 08:03,https://instagram.com/stories/atu_business/3608475288335349606,IG story,,Lifetime,165,149,3,0,,0,8.0,189,
18355829026177148,17841402627774708,atu_business,ATU LeMoyne Smith School of Business,"Stop by the @atu_shima 
bake sale in the 
Rothwell lobby!",0,04/11/2025 06:44,,IG story,,Lifetime,173,154,3,0,,0,39.0,180,
18184666288313406,17841402627774708,atu_business,ATU LeMoyne Smith School of Business,,0,04/11/2025 05:08,https://instagram.com/stories/atu_business/3608387200196374913,IG story,,Lifetime,165,144,1,0,,0,,173,
18143080510379826,17841402627774708,atu_business,ATU LeMoyne Smith School of Business,,15,04/11/2025 05:07,https://instagram.com/stories/atu_business/3608386828648141748,IG story,,Lifetime,164,148,1,0,,0,,160,
17888850831125493,17841402627774708,atu_business,ATU LeMoyne Smith School of Business,,8,04/10/2025 14:57,https://instagram.com/stories/atu_business/3607959116334944095,IG story,,Lifetime,204,172,1,0,1.0,0,3.0,217,
17874949761216748,17841402627774708,atu_business,ATU LeMoyne Smith School of Business,,0,04/10/2025 14:14,https://instagram.com/stories/atu_business/3607937138098207267,IG story,,Lifetime,201,173,2,0,,0,5.0,207,
17856863814356199,17841402627774708,atu_business,ATU LeMoyne Smith School of Business,,0,04/10/2025 11:01,https://instagram.com/stories/atu_business/3607840158147542675,IG story,,Lifetime,191,170,1,0,,0,,196,
17950931876956180,17841402627774708,atu_business,ATU LeMoyne Smith School of Business,,0,04/10/2025 11:01,https://instagram.com/stories/atu_business/3607840116632272128,IG story,,Lifetime,192,171,1,0,,0,6.0,197,
18036616115554617,17841402627774708,atu_business,ATU LeMoyne Smith School of Business,,0,04/10/2025 10:02,https://instagram.com/stories/atu_business/3607810501389984999,IG story,,Lifetime,194,173,1,0,,0,2.0,210,
18111190828480886,17841402627774708,atu_business,ATU LeMoyne Smith School of Business,don’t forget to participate in #YouMatterATU today and tomorrow!,0,04/10/2025 10:02,https://instagram.com/stories/atu_business/3607810452496749554,IG story,,Lifetime,197,175,1,0,,0,,224,
17928933264018947,17841402627774708,atu_business,ATU LeMoyne Smith School of Business,Dr. Jones asking the important questions 🤔,0,04/10/2025 09:11,,IG story,,Lifetime,186,162,3,0,,0,,238,
18086880448552099,17841402627774708,atu_business,ATU LeMoyne Smith School of Business,High School Business Challenge Finalist Presentations!,0,04/10/2025 08:34,,IG story,,Lifetime,183,162,5,1,,0,,202,
17973335855719352,17841402627774708,atu_business,ATU LeMoyne Smith School of Business,,0,04/10/2025 08:22,,IG story,,Lifetime,576,480,0,0,,0,,201,
18028068740399235,17841402627774708,atu_business,ATU LeMoyne Smith School of Business,,0,04/10/2025 07:25,,IG story,,Lifetime,187,170,0,0,,0,,218,
18067102108937699,17841402627774708,atu_business,ATU LeMoyne Smith School of Business,,0,04/10/2025 05:11,https://instagram.com/stories/atu_business/3607664220642330983,IG story,,Lifetime,199,181,3,0,1.0,0,2.0,199,
18066285316777150,17841402627774708,atu_business,ATU LeMoyne Smith School of Business,,36,04/09/2025 20:59,https://instagram.com/stories/atu_business/3607416209139910141,IG story,,Lifetime,192,167,0,0,1.0,0,,205,
17917074819066080,17841402627774708,atu_business,ATU LeMoyne Smith School of Business,@atucareers,0,04/09/2025 13:50,,IG story,,Lifetime,165,143,4,0,,0,2.0,191,
18041507135432348,17841402627774708,atu_business,ATU LeMoyne Smith School of Business,Uncle Charlie says… #youmatteratu,0,04/09/2025 12:07,https://instagram.com/stories/atu_business/3607148771861287568,IG story,,Lifetime,293,249,2,0,,0,,194,
18030027230364497,17841402627774708,atu_business,ATU LeMoyne Smith School of Business,,6,04/09/2025 11:29,,IG story,,Lifetime,166,145,2,0,1.0,0,,176,
18078056485746769,17841402627774708,atu_business,ATU LeMoyne Smith School of Business,,15,04/09/2025 10:59,https://instagram.com/stories/atu_business/3607114560533612725,IG story,,Lifetime,175,150,5,0,,0,2.0,206,
18071797315856070,17841402627774708,atu_business,ATU LeMoyne Smith School of Business,,0,04/09/2025 10:50,https://instagram.com/stories/atu_business/3607110049119477148,IG story,,Lifetime,176,151,2,0,,0,,204,
18093527953496684,17841402627774708,atu_business,ATU LeMoyne Smith School of Business,#YouMatterATU,0,04/09/2025 10:39,https://instagram.com/stories/atu_business/3607104219196405990,IG story,,Lifetime,179,149,3,0,,0,,197,
18082077397592019,17841402627774708,atu_business,ATU LeMoyne Smith School of Business,,0,04/09/2025 10:31,https://instagram.com/stories/atu_business/3607100348453805902,IG story,,Lifetime,176,150,3,0,,0,,207,
18077189596782773,17841402627774708,atu_business,ATU LeMoyne Smith School of Business,Windstream Career Connection happening NOW in RTH 138!,0,04/09/2025 10:19,,IG story,,Lifetime,164,141,1,0,,0,,202,
17963981279879584,17841402627774708,atu_business,ATU LeMoyne Smith School of Business,the anticipation… #YouMatterATU,0,04/09/2025 09:22,https://instagram.com/stories/atu_business/3607065848763889558,IG story,,Lifetime,172,145,2,0,,0,,214,
17988775385648401,17841402627774708,atu_business,ATU LeMoyne Smith School of Business,winners rocking their new shirts <3<3<3 #YouMatterATU,0,04/09/2025 09:21,https://instagram.com/stories/atu_business/3607065362702730503,IG story,,Lifetime,478,392,4,0,,0,,229,
18064999945790447,17841402627774708,atu_business,ATU LeMoyne Smith School of Business,,0,04/09/2025 08:36,,IG story,,Lifetime,171,140,2,0,,0,,227,
18004893599579838,17841402627774708,atu_business,ATU LeMoyne Smith School of Business,,0,04/09/2025 07:52,,IG story,,Lifetime,293,233,0,0,,0,,219,6.0
18078091492686001,17841402627774708,atu_business,ATU LeMoyne Smith School of Business,,0,04/09/2025 07:20,https://instagram.com/stories/atu_business/3607004108168704033,IG story,,Lifetime,190,156,3,0,,0,4.0,199,
18087953305608065,17841402627774708,atu_business,ATU LeMoyne Smith School of Business,,0,04/08/2025 16:54,https://instagram.com/stories/atu_business/3606568595448368119,IG story,,Lifetime,203,154,1,0,1.0,0,,223,
17963291753885624,17841402627774708,atu_business,ATU LeMoyne Smith School of Business,,0,04/08/2025 11:06,https://instagram.com/stories/atu_business/3606393006329698664,IG story,,Lifetime,197,155,1,0,,0,,219,
17872289967337586,17841402627774708,atu_business,ATU LeMoyne Smith School of Business,,0,04/08/2025 10:37,https://instagram.com/stories/atu_business/3606378847962390235,IG story,,Lifetime,194,154,2,0,1.0,0,,215,
17853136305424194,17841402627774708,atu_business,ATU LeMoyne Smith School of Business,,5,04/08/2025 10:09,https://instagram.com/stories/atu_business/3606364611882169382,IG story,,Lifetime,199,157,2,0,,0,5.0,217,
18086703910537435,17841402627774708,atu_business,ATU LeMoyne Smith School of Business,,0,04/08/2025 10:09,https://instagram.com/stories/atu_business/3606364520152727328,IG story,,Lifetime,200,158,2,0,,0,6.0,209,
17868388041350505,17841402627774708,atu_business,ATU LeMoyne Smith School of Business,,15,04/08/2025 09:33,https://instagram.com/stories/atu_business/3606346198468022249,IG story,,Lifetime,200,158,3,1,,0,10.0,226,
18042497783138300,17841402627774708,atu_business,ATU LeMoyne Smith School of Business,,0,03/14/2025 08:04,,IG story,,Lifetime,1476,1095,3,0,,0,,206,
18004573640706843,17841402627774708,atu_business,ATU LeMoyne Smith School of Business,,0,04/08/2025 08:08,https://instagram.com/stories/atu_business/3606303664521731903,IG story,,Lifetime,214,170,2,0,,0,,226,
17849030268441661,17841402627774708,atu_business,ATU LeMoyne Smith School of Business,,0,04/08/2025 07:45,,IG story,,Lifetime,203,165,2,0,,0,,234,
18082350094645844,17841402627774708,atu_business,ATU LeMoyne Smith School of Business,,0,04/08/2025 07:44,https://instagram.com/stories/atu_business/3606291574281114088,IG story,,Lifetime,221,174,2,0,1.0,0,3.0,263,
18336862777091734,17841402627774708,atu_business,ATU LeMoyne Smith School of Business,,0,04/08/2025 07:44,https://instagram.com/stories/atu_business/3606291531851607182,IG story,,Lifetime,237,183,1,0,3.0,0,18.0,274,
17920660382960214,17841402627774708,atu_business,ATU LeMoyne Smith School of Business,,15,04/08/2025 05:10,https://instagram.com/stories/atu_business/3606214056870397376,IG story,,Lifetime,260,195,1,0,2.0,0,10.0,295,
17889226047122351,17841402627774708,atu_business,ATU LeMoyne Smith School of Business,,0,04/07/2025 15:47,https://instagram.com/stories/atu_business/3605809617453535277,IG story,,Lifetime,221,193,0,0,1.0,0,4.0,238,
18057573199905214,17841402627774708,atu_business,ATU LeMoyne Smith School of Business,,0,04/07/2025 15:47,https://instagram.com/stories/atu_business/3605809601641013684,IG story,,Lifetime,222,196,0,0,2.0,0,4.0,248,
17929124658042027,17841402627774708,atu_business,ATU LeMoyne Smith School of Business,,0,04/07/2025 15:46,,IG story,,Lifetime,200,179,0,0,2.0,0,,236,
17856677460353192,17841402627774708,atu_business,ATU LeMoyne Smith School of Business,,0,04/07/2025 15:46,,IG story,,Lifetime,205,183,1,1,,0,,257,
18044982899377190,17841402627774708,atu_business,ATU LeMoyne Smith School of Business,highlights from day one of #YouMatterATU @arkansastech,0,04/07/2025 15:42,https://instagram.com/stories/atu_business/3605807388063587987,IG story,,Lifetime,1209,1048,4,0,,0,2.0,268,
17994738692792315,17841402627774708,atu_business,ATU LeMoyne Smith School of Business,,0,04/07/2025 12:59,https://instagram.com/stories/atu_business/3605725171841417116,IG story,,Lifetime,241,203,3,0,1.0,0,8.0,292,
18068075521910113,17841402627774708,atu_business,ATU LeMoyne Smith School of Business,,0,04/07/2025 11:02,https://instagram.com/stories/atu_business/3605666580547109489,IG story,,Lifetime,255,208,5,1,,0,4.0,307,
18065706439944651,17841402627774708,atu_business,ATU LeMoyne Smith School of Business,,0,04/07/2025 10:07,https://instagram.com/stories/atu_business/3605638693634960103,IG story,,Lifetime,258,210,4,0,,0,2.0,322,
18007969556558446,17841402627774708,atu_business,ATU LeMoyne Smith School of Business,,0,04/07/2025 10:07,https://instagram.com/stories/atu_business/3605638633773787891,IG story,,Lifetime,261,212,2,0,,0,,335,
18096357358558895,17841402627774708,atu_business,ATU LeMoyne Smith School of Business,,15,04/07/2025 08:56,https://instagram.com/stories/atu_business/3605603110798590237,IG story,,Lifetime,275,228,4,0,,0,2.0,361,
17872942533332584,17841402627774708,atu_business,ATU LeMoyne Smith School of Business,#youmatteratu,31,04/07/2025 07:34,https://instagram.com/stories/atu_business/3605561809077395351,IG story,,Lifetime,307,251,4,1,5.0,0,6.0,294,
18164578168340139,17841402627774708,atu_business,ATU LeMoyne Smith School of Business,,50,04/05/2025 10:59,https://instagram.com/stories/atu_business/3604215322250629171,IG story,,Lifetime,473,413,0,0,,0,,164,
17853806073376059,17841402627774708,atu_business,ATU LeMoyne Smith School of Business,,0,04/05/2025 09:22,,IG story,,Lifetime,179,175,1,0,,0,2.0,180,
18023615609474568,17841402627774708,atu_business,ATU LeMoyne Smith School of Business,,0,04/04/2025 16:45,,IG story,,Lifetime,180,170,1,0,,0,,193,
18135781642402375,17841402627774708,atu_business,ATU LeMoyne Smith School of Business,,0,04/04/2025 16:38,https://instagram.com/stories/atu_business/3603661421164258068,IG story,,Lifetime,203,183,1,0,,0,,197,
18043934558387450,17841402627774708,atu_business,ATU LeMoyne Smith School of Business,,0,04/04/2025 16:29,,IG story,,Lifetime,1551,1178,3,0,,1,,208,23.0
17856308151351895,17841402627774708,atu_business,ATU LeMoyne Smith School of Business,,0,04/03/2025 09:57,,IG story,,Lifetime,247,240,1,0,1.0,0,,266,
18293624038244452,17841402627774708,atu_business,ATU LeMoyne Smith School of Business,@COURTNEYLMAYBERRY,5,03/31/2025 17:46,,IG story,,Lifetime,171,161,4,0,2.0,0,5.0,184,
17940491777994477,17841402627774708,atu_business,ATU LeMoyne Smith School of Business,,0,03/31/2025 12:55,,IG story,,Lifetime,178,165,2,0,1.0,0,,197,
18220427002295436,17841402627774708,atu_business,ATU LeMoyne Smith School of Business,@go2atu @uaccm @uaccmstulife  We’re at UACCM today with Tech on Tour! Stop by the pavilion next to the student union to learn more about our 2+2 transfer programs!,5,03/31/2025 08:12,,IG story,,Lifetime,460,434,3,0,,0,,247,
18062866364298256,17841402627774708,atu_business,ATU LeMoyne Smith School of Business,"SCHOLARSHIP
OPPORTUNITY! JOCO HS SENIORS!",0,03/29/2025 10:56,,IG story,,Lifetime,373,333,0,0,,0,,253,
17944092713844250,17841402627774708,atu_business,ATU LeMoyne Smith School of Business,,0,03/28/2025 10:26,,IG story,,Lifetime,273,239,2,0,1.0,0,,224,
17943917501968174,17841402627774708,atu_business,ATU LeMoyne Smith School of Business,,0,03/28/2025 10:26,,IG story,,Lifetime,310,272,3,0,,0,,227,
17941997693987951,17841402627774708,atu_business,ATU LeMoyne Smith School of Business,CUT THE CAMERAS!,32,03/27/2025 17:49,https://instagram.com/stories/atu_business/3597898953895481446,IG story,,Lifetime,201,180,3,1,,0,2.0,202,
18492732829016164,17841402627774708,atu_business,ATU LeMoyne Smith School of Business,,14,03/27/2025 13:51,https://instagram.com/stories/atu_business/3597778858365513246,IG story,,Lifetime,177,151,3,2,,0,,174,
17965811261895810,17841402627774708,atu_business,ATU LeMoyne Smith School of Business,Successfully made it to,0,03/27/2025 13:06,https://instagram.com/stories/atu_business/3597756324509133173,IG story,,Lifetime,164,144,2,0,,0,10.0,172,
18041155631530094,17841402627774708,atu_business,ATU LeMoyne Smith School of Business,Snack time🌝,0,03/27/2025 12:47,https://instagram.com/stories/atu_business/3597746533577575583,IG story,,Lifetime,159,138,0,0,,0,,162,
17869106316341229,17841402627774708,atu_business,ATU LeMoyne Smith School of Business,Do not tell @_livjohnson34 about the hunger games books…,0,03/27/2025 12:16,,IG story,,Lifetime,225,188,1,0,,0,9.0,168,
17876756259291568,17841402627774708,atu_business,ATU LeMoyne Smith School of Business,,0,03/27/2025 12:14,https://instagram.com/stories/atu_business/3597729972863334884,IG story,,Lifetime,163,142,1,0,,0,,173,
18391653775111572,17841402627774708,atu_business,ATU LeMoyne Smith School of Business,,29,03/27/2025 10:47,https://instagram.com/stories/atu_business/3597686190142504362,IG story,,Lifetime,169,145,0,0,,0,,174,
18070420219807343,17841402627774708,atu_business,ATU LeMoyne Smith School of Business,!Mic Crackle Warning!,30,03/27/2025 10:07,https://instagram.com/stories/atu_business/3597666243449184394,IG story,,Lifetime,170,144,1,2,,0,,173,
18063461830812742,17841402627774708,atu_business,ATU LeMoyne Smith School of Business,,0,03/27/2025 09:08,https://instagram.com/stories/atu_business/3597636589996602071,IG story,,Lifetime,169,143,0,0,,0,,190,
18355503358182815,17841402627774708,atu_business,ATU LeMoyne Smith School of Business,,45,03/27/2025 06:44,https://instagram.com/stories/atu_business/3597563878423287048,IG story,,Lifetime,158,128,2,0,,0,,143,
17928596715041472,17841402627774708,atu_business,ATU LeMoyne Smith School of Business,,45,03/27/2025 06:31,https://instagram.com/stories/atu_business/3597557373520444218,IG story,,Lifetime,158,132,1,0,,0,,150,
18075891862813611,17841402627774708,atu_business,ATU LeMoyne Smith School of Business,,28,03/27/2025 06:30,https://instagram.com/stories/atu_business/3597556811760461123,IG story,,Lifetime,159,135,0,0,,0,,153,
18308339077225673,17841402627774708,atu_business,ATU LeMoyne Smith School of Business,,60,03/27/2025 06:27,https://instagram.com/stories/atu_business/3597555467444194629,IG story,,Lifetime,170,143,2,0,,0,,161,
18056725976155142,17841402627774708,atu_business,ATU LeMoyne Smith School of Business,👏🏼👏🏼👏🏼,42,03/26/2025 21:21,https://instagram.com/stories/atu_business/3597280573253535068,IG story,,Lifetime,179,147,2,0,1.0,0,2.0,171,
18075059587767803,17841402627774708,atu_business,ATU LeMoyne Smith School of Business,,4,03/26/2025 18:31,https://instagram.com/stories/atu_business/3597194842070920730,IG story,,Lifetime,163,133,2,0,,0,,147,
17884305432144020,17841402627774708,atu_business,ATU LeMoyne Smith School of Business,,0,03/26/2025 18:28,https://instagram.com/stories/atu_business/3597193886289717277,IG story,,Lifetime,166,134,0,0,,0,,185,
18053095250188257,17841402627774708,atu_business,ATU LeMoyne Smith School of Business,,27,03/26/2025 18:28,https://instagram.com/stories/atu_business/3597193385187836791,IG story,,Lifetime,173,137,2,1,2.0,0,2.0,179,
18135190165403356,17841402627774708,atu_business,ATU LeMoyne Smith School of Business,,0,03/26/2025 16:11,,IG story,,Lifetime,139,120,0,0,1.0,0,,147,
17943578891972747,17841402627774708,atu_business,ATU LeMoyne Smith School of Business,,0,03/26/2025 16:11,https://instagram.com/stories/atu_business/3597124747361856274,IG story,,Lifetime,154,127,1,0,,0,,143,
18024448160445584,17841402627774708,atu_business,ATU LeMoyne Smith School of Business,,52,03/26/2025 16:09,https://instagram.com/stories/atu_business/3597124785790045409,IG story,,Lifetime,150,126,2,0,,0,,150,
18025468361408802,17841402627774708,atu_business,ATU LeMoyne Smith School of Business,DAY FOUR:,0,03/26/2025 15:30,https://instagram.com/stories/atu_business/3597104215873339911,IG story,,Lifetime,781,646,1,0,,0,,156,
17884227072143658,17841402627774708,atu_business,ATU LeMoyne Smith School of Business,,35,03/26/2025 14:56,https://instagram.com/stories/atu_business/3597123131825076941,IG story,,Lifetime,130,110,1,0,,0,,117,
18263157022302826,17841402627774708,atu_business,ATU LeMoyne Smith School of Business,,0,03/26/2025 12:51,https://instagram.com/stories/atu_business/3597023927702591074,IG story,,Lifetime,279,228,2,0,,0,,175,
18350306467151129,17841402627774708,atu_business,ATU LeMoyne Smith School of Business,AYEEEE,0,03/26/2025 10:46,https://instagram.com/stories/atu_business/3596961300175148634,IG story,,Lifetime,150,125,1,0,,0,2.0,172,
18088619491586663,17841402627774708,atu_business,ATU LeMoyne Smith School of Business,,0,03/26/2025 08:44,https://instagram.com/stories/atu_business/3596899638720906590,IG story,,Lifetime,158,132,3,0,,0,,171,
18063329707825858,17841402627774708,atu_business,ATU LeMoyne Smith School of Business,,26,03/26/2025 08:04,https://instagram.com/stories/atu_business/3596881756554290460,IG story,,Lifetime,154,130,1,0,,0,4.0,148,
18061938356044685,17841402627774708,atu_business,ATU LeMoyne Smith School of Business,,7,03/26/2025 07:44,https://instagram.com/stories/atu_business/3596869600370964895,IG story,,Lifetime,152,130,1,0,,0,,132,
18060186716046493,17841402627774708,atu_business,ATU LeMoyne Smith School of Business,,0,03/26/2025 07:44,https://instagram.com/stories/atu_business/3596869437027945560,IG story,,Lifetime,152,133,1,0,,0,2.0,139,
17925672087047840,17841402627774708,atu_business,ATU LeMoyne Smith School of Business,Check us out on @arkansastech 😎,23,03/26/2025 07:43,https://instagram.com/stories/atu_business/3596869165765614521,IG story,,Lifetime,159,138,2,0,,0,4.0,133,
18098774512465944,17841402627774708,atu_business,ATU LeMoyne Smith School of Business,,0,03/26/2025 07:27,https://instagram.com/stories/atu_business/3596860927358737761,IG story,,Lifetime,156,136,0,0,,0,,144,
18450733684072071,17841402627774708,atu_business,ATU LeMoyne Smith School of Business,,0,03/26/2025 07:19,https://instagram.com/stories/atu_business/3596856699022199164,IG story,,Lifetime,157,136,0,0,,0,,143,
18038036093214457,17841402627774708,atu_business,ATU LeMoyne Smith School of Business,,48,03/26/2025 07:05,https://instagram.com/stories/atu_business/3596851733368683266,IG story,,Lifetime,158,137,1,2,,0,,131,
18063356764983334,17841402627774708,atu_business,ATU LeMoyne Smith School of Business,,8,03/26/2025 05:52,https://instagram.com/stories/atu_business/3596812859770924967,IG story,,Lifetime,170,144,2,0,,0,2.0,140,
18038201237569639,17841402627774708,atu_business,ATU LeMoyne Smith School of Business,,0,03/26/2025 00:01,https://instagram.com/stories/atu_business/3596636348795234944,IG story,,Lifetime,168,144,2,0,,0,2.0,160,
18286167166164924,17841402627774708,atu_business,ATU LeMoyne Smith School of Business,,11,03/26/2025 00:01,https://instagram.com/stories/atu_business/3596636273960327709,IG story,,Lifetime,172,148,2,0,,0,,136,
18075418834751590,17841402627774708,atu_business,ATU LeMoyne Smith School of Business,,38,03/25/2025 19:38,https://instagram.com/stories/atu_business/3596504216256934625,IG story,,Lifetime,182,158,3,0,,0,,155,
18065467942767514,17841402627774708,atu_business,ATU LeMoyne Smith School of Business,POV: the noise canceling mic doesn’t work in the garden,32,03/25/2025 17:54,https://instagram.com/stories/atu_business/3596454203787086234,IG story,,Lifetime,181,156,4,0,1.0,0,,168,
18007013327559623,17841402627774708,atu_business,ATU LeMoyne Smith School of Business,,30,03/25/2025 16:04,https://instagram.com/stories/atu_business/3596396535764700935,IG story,,Lifetime,177,150,1,0,,0,,160,
18015436430686841,17841402627774708,atu_business,ATU LeMoyne Smith School of Business,AYEEE,0,03/25/2025 15:38,https://instagram.com/stories/atu_business/3596383354652675676,IG story,,Lifetime,173,147,0,1,,0,,158,
18022984589467158,17841402627774708,atu_business,ATU LeMoyne Smith School of Business,Grub👹,0,03/25/2025 14:12,https://instagram.com/stories/atu_business/3596340029607685093,IG story,,Lifetime,177,152,0,0,1.0,0,,173,
18028721708357174,17841402627774708,atu_business,ATU LeMoyne Smith School of Business,Chat we made it to Chinatown and Little Italy,0,03/25/2025 14:12,https://instagram.com/stories/atu_business/3596339720370207228,IG story,,Lifetime,181,157,0,0,,0,,186,
18062726158964673,17841402627774708,atu_business,ATU LeMoyne Smith School of Business,,0,03/25/2025 12:16,https://instagram.com/stories/atu_business/3596281501333459032,IG story,,Lifetime,177,155,1,1,,0,4.0,180,
18402151051101982,17841402627774708,atu_business,ATU LeMoyne Smith School of Business,,0,03/25/2025 10:29,https://instagram.com/stories/atu_business/3596227777214617087,IG story,,Lifetime,189,169,1,0,,0,,185,
18080796880725965,17841402627774708,atu_business,ATU LeMoyne Smith School of Business,,45,03/25/2025 09:35,https://instagram.com/stories/atu_business/3596200383576283694,IG story,,Lifetime,175,154,0,0,,0,,141,
17871214209335025,17841402627774708,atu_business,ATU LeMoyne Smith School of Business,,27,03/25/2025 09:08,https://instagram.com/stories/atu_business/3596186828206546778,IG story,,Lifetime,185,157,0,0,,0,,152,
18062085715832781,17841402627774708,atu_business,ATU LeMoyne Smith School of Business,Videographer is fired for cutting me off… Someone sponsor us so we can add intro music🙏🏼🙏🏼,60,03/25/2025 08:57,https://instagram.com/stories/atu_business/3596182358160638456,IG story,,Lifetime,193,159,2,0,,0,11.0,163,
18495525361052793,17841402627774708,atu_business,ATU LeMoyne Smith School of Business,Mother.,0,03/25/2025 07:30,https://instagram.com/stories/atu_business/3596137752207501772,IG story,,Lifetime,188,158,2,0,,0,,182,
18029021570344347,17841402627774708,atu_business,ATU LeMoyne Smith School of Business,DAY TWO:,0,03/25/2025 07:03,https://instagram.com/stories/atu_business/3596123990242918926,IG story,,Lifetime,1703,1552,1,0,,0,,179,
17886339816246794,17841402627774708,atu_business,ATU LeMoyne Smith School of Business,,49,03/25/2025 07:01,https://instagram.com/stories/atu_business/3596123064157539179,IG story,,Lifetime,204,169,1,0,,0,,165,
17901224577140776,17841402627774708,atu_business,ATU LeMoyne Smith School of Business,,60,03/24/2025 20:18,https://instagram.com/stories/atu_business/3595799378191848292,IG story,,Lifetime,212,167,2,0,,0,,176,
18053136224268549,17841402627774708,atu_business,ATU LeMoyne Smith School of Business,Studious😜,0,03/24/2025 18:44,https://instagram.com/stories/atu_business/3595752058523923006,IG story,,Lifetime,259,209,3,0,1.0,0,,214,
17872655817317470,17841402627774708,atu_business,ATU LeMoyne Smith School of Business,,59,03/24/2025 17:46,https://instagram.com/stories/atu_business/3595723611613409077,IG story,,Lifetime,204,165,4,0,1.0,0,,182,
17958645623778954,17841402627774708,atu_business,ATU LeMoyne Smith School of Business,,0,03/24/2025 15:14,,IG story,,Lifetime,181,154,1,0,,0,14.0,194,
18000667313598001,17841402627774708,atu_business,ATU LeMoyne Smith School of Business,,19,03/24/2025 15:14,https://instagram.com/stories/atu_business/3595646333701230116,IG story,,Lifetime,215,165,0,1,,0,,173,
17878325250184167,17841402627774708,atu_business,ATU LeMoyne Smith School of Business,,24,03/24/2025 13:52,https://instagram.com/stories/atu_business/3595611402188559014,IG story,,Lifetime,223,167,2,1,1.0,0,,193,
18023706140673440,17841402627774708,atu_business,ATU LeMoyne Smith School of Business,New Whip🙌🏼 💚,0,03/24/2025 13:41,https://instagram.com/stories/atu_business/3595599579452265105,IG story,,Lifetime,213,170,2,0,,0,,204,
17873516298312711,17841402627774708,atu_business,ATU LeMoyne Smith School of Business,,26,03/24/2025 10:32,https://instagram.com/stories/atu_business/3595528423285865296,IG story,,Lifetime,213,169,1,0,,0,,189,
17947876010951914,17841402627774708,atu_business,ATU LeMoyne Smith School of Business,Family Dinner:,0,03/24/2025 10:22,https://instagram.com/stories/atu_business/3595537085975221341,IG story,,Lifetime,218,174,1,0,,0,,203,
18049261727042480,17841402627774708,atu_business,ATU LeMoyne Smith School of Business,,49,03/24/2025 08:30,https://instagram.com/stories/atu_business/3595443228229323572,IG story,,Lifetime,230,183,0,0,,0,,212,
18084892888625660,17841402627774708,atu_business,ATU LeMoyne Smith School of Business,,21,03/24/2025 08:17,https://instagram.com/stories/atu_business/3595438670136597664,IG story,,Lifetime,232,183,1,0,,0,,203,
18068285788898610,17841402627774708,atu_business,ATU LeMoyne Smith School of Business,Way Finder,0,03/24/2025 07:43,https://instagram.com/stories/atu_business/3595419463579817506,IG story,,Lifetime,403,348,1,0,,0,,226,
18004956215566370,17841402627774708,atu_business,ATU LeMoyne Smith School of Business,,35,03/24/2025 06:35,https://instagram.com/stories/atu_business/3595396224795145378,IG story,,Lifetime,235,194,3,1,,0,,214,
17889019233227603,17841402627774708,atu_business,ATU LeMoyne Smith School of Business,NYC DAY ONE:,0,03/24/2025 06:16,https://instagram.com/stories/atu_business/3595375498851527622,IG story,,Lifetime,1526,1309,3,0,,0,,264,
18093635215493233,17841402627774708,atu_business,ATU LeMoyne Smith School of Business,,56,03/23/2025 18:18,https://instagram.com/stories/atu_business/3595014252507753420,IG story,,Lifetime,277,226,1,0,,0,,237,
18352045897199333,17841402627774708,atu_business,ATU LeMoyne Smith School of Business,,40,03/23/2025 17:06,https://instagram.com/stories/atu_business/3594978592392641227,IG story,,Lifetime,278,233,3,0,,0,,238,
17939983625987549,17841402627774708,atu_business,ATU LeMoyne Smith School of Business,,0,03/23/2025 15:12,https://instagram.com/stories/atu_business/3594920800000513947,IG story,,Lifetime,1399,1124,4,0,,0,5.0,323,
17963213078755524,17841402627774708,atu_business,ATU LeMoyne Smith School of Business,The Arkansas State Flag was a paid actor,0,03/23/2025 14:29,https://instagram.com/stories/atu_business/3594898920339855080,IG story,,Lifetime,1562,1273,5,4,,0,,307,
18039909797604819,17841402627774708,atu_business,ATU LeMoyne Smith School of Business,,60,03/23/2025 13:39,https://instagram.com/stories/atu_business/3594888474593507751,IG story,,Lifetime,310,250,5,0,,0,,299,
17885274237236169,17841402627774708,atu_business,ATU LeMoyne Smith School of Business,🤝Traveling in Style🤝,0,03/23/2025 11:53,https://instagram.com/stories/atu_business/3594820398967614041,IG story,,Lifetime,342,271,3,0,2.0,0,,352,
17953967174793935,17841402627774708,atu_business,ATU LeMoyne Smith School of Business,,50,03/23/2025 11:24,https://instagram.com/stories/atu_business/3594806414629544763,IG story,,Lifetime,472,384,1,7,,0,8.0,334,
18075084748772420,17841402627774708,atu_business,ATU LeMoyne Smith School of Business,,0,03/23/2025 10:55,https://instagram.com/stories/atu_business/3594791435316318482,IG story,,Lifetime,349,287,3,0,,0,,357,
18504255367048068,17841402627774708,atu_business,ATU LeMoyne Smith School of Business,Camera Man:,47,03/23/2025 06:10,https://instagram.com/stories/atu_business/3594647847471975668,IG story,,Lifetime,487,381,5,0,1.0,0,51.0,356,
18010139258706528,17841402627774708,atu_business,ATU LeMoyne Smith School of Business,Wall Street Here We Come! ATU takes over the Big Apple?,0,03/22/2025 18:29,https://instagram.com/stories/atu_business/3594294920244914774,IG story,,Lifetime,752,617,2,0,,0,,367,
18054148930949854,17841402627774708,atu_business,ATU LeMoyne Smith School of Business,@atuorientation @atuagriculture_tourism @arkansastechjerry @arkansastech,0,03/22/2025 15:18,https://instagram.com/stories/atu_business/3594199012166533128,IG story,,Lifetime,431,355,8,0,4.0,1,,368,
18056732531136858,17841402627774708,atu_business,ATU LeMoyne Smith School of Business,,43,03/22/2025 10:21,https://instagram.com/stories/atu_business/3594049680130234634,IG story,,Lifetime,415,322,10,2,5.0,0,,408,
17959243568879328,17841402627774708,atu_business,ATU LeMoyne Smith School of Business,THERE’S STILL TIME TO VOTE! GO TO @ATUORIENTATION’S STORIES AND VOTE FOR US! 💪🏼,0,03/22/2025 05:15,,IG story,,Lifetime,299,234,3,4,2.0,0,71.0,370,
18302628151214623,17841402627774708,atu_business,ATU LeMoyne Smith School of Business,,15,03/21/2025 14:20,,IG story,,Lifetime,224,199,2,0,3.0,0,,236,
18025649441419933,17841402627774708,atu_business,ATU LeMoyne Smith School of Business,,5,03/21/2025 07:47,,IG story,,Lifetime,185,165,2,0,2.0,0,,198,
18061149197508407,17841402627774708,atu_business,ATU LeMoyne Smith School of Business,,1,03/20/2025 13:08,,IG story,,Lifetime,161,147,2,0,,0,,113,
18049536872256480,17841402627774708,atu_business,ATU LeMoyne Smith School of Business,Go to @atuorientation’s story and vote for the COBED! @atuagriculture_tourism,0,03/20/2025 10:37,,IG story,,Lifetime,185,163,1,0,2.0,0,5.0,204,
18069579940709667,17841402627774708,atu_business,ATU LeMoyne Smith School of Business,,15,03/20/2025 09:18,,IG story,,Lifetime,190,171,1,0,,0,,215,
17855149692355293,17841402627774708,atu_business,ATU LeMoyne Smith School of Business,Jumbo Jerry has been claimed!,0,03/20/2025 07:22,,IG story,,Lifetime,203,185,2,1,1.0,0,,254,
18090316921566188,17841402627774708,atu_business,ATU LeMoyne Smith School of Business,,5,03/20/2025 07:22,,IG story,,Lifetime,208,186,2,0,1.0,0,4.0,270,
17996037332780164,17841402627774708,atu_business,ATU LeMoyne Smith School of Business,Congratulations to @gabe_berge8 for winning Jumbo Jerry!!,11,03/20/2025 07:07,,IG story,,Lifetime,300,264,3,0,3.0,0,32.0,250,
17951523548942071,17841402627774708,atu_business,ATU LeMoyne Smith School of Business,EastCon Check-In!,0,03/19/2025 08:28,,IG story,,Lifetime,333,295,7,0,8.0,0,,351,
17891024733207491,17841402627774708,atu_business,ATU LeMoyne Smith School of Business,,0,03/18/2025 13:26,,IG story,,Lifetime,188,178,0,0,,0,2.0,205,
18052550165191187,17841402627774708,atu_business,ATU LeMoyne Smith School of Business,,5,03/18/2025 07:21,,IG story,,Lifetime,152,140,0,0,,0,,165,5.0
18036693872244942,17841402627774708,atu_business,ATU LeMoyne Smith School of Business,,0,03/18/2025 07:17,,IG story,,Lifetime,152,143,1,0,,0,,161,
18043458146381840,17841402627774708,atu_business,ATU LeMoyne Smith School of Business,Who’s Who 2025 👏 We are SO PROUD to see so many COBED students! Congratulations! @atuagriculture_tourism @arkansastech,0,03/17/2025 15:21,,IG story,,Lifetime,382,347,10,0,2.0,1,,346,
18047862926063776,17841402627774708,atu_business,ATU LeMoyne Smith School of Business,,15,03/17/2025 14:59,,IG story,,Lifetime,276,257,2,0,1.0,0,,283,
18075087061757712,17841402627774708,atu_business,ATU LeMoyne Smith School of Business,Bank OZK trip group 🏦,0,03/14/2025 11:47,https://instagram.com/stories/atu_business/3588294369948020286,IG story,,Lifetime,216,201,4,0,2.0,0,,226,
17924513610045916,17841402627774708,atu_business,ATU LeMoyne Smith School of Business,Some  Of The  From  Bank OZK Art work  Pc: @xiomara_vigil_8,0,03/14/2025 11:12,https://instagram.com/stories/atu_business/3588276640180272810,IG story,,Lifetime,172,159,3,0,,0,13.0,177,
18145890490370619,17841402627774708,atu_business,ATU LeMoyne Smith School of Business,Everyone’s favorite chickens photos 🐓🐔🐤,5,03/14/2025 10:22,https://instagram.com/stories/atu_business/3588251607273116398,IG story,,Lifetime,163,144,3,0,,0,,163,
18379300936138935,17841402627774708,atu_business,ATU LeMoyne Smith School of Business,,18,03/14/2025 10:20,https://instagram.com/stories/atu_business/3588251009593157622,IG story,,Lifetime,165,145,1,0,,0,,159,
17843164761443919,17841402627774708,atu_business,ATU LeMoyne Smith School of Business,,20,03/14/2025 10:19,https://instagram.com/stories/atu_business/3588250260808603108,IG story,,Lifetime,162,140,1,0,,0,,155,
17899854297157751,17841402627774708,atu_business,ATU LeMoyne Smith School of Business,Lunch time,10,03/14/2025 10:07,https://instagram.com/stories/atu_business/3588244280620314526,IG story,,Lifetime,165,145,2,0,,0,,148,
17899439325158316,17841402627774708,atu_business,ATU LeMoyne Smith School of Business,,18,03/14/2025 10:05,https://instagram.com/stories/atu_business/3588243058131550370,IG story,,Lifetime,182,156,3,1,,0,,163,
18056942242840349,17841402627774708,atu_business,ATU LeMoyne Smith School of Business,,0,02/03/2025 07:16,,IG story,,Lifetime,207,201,2,0,1.0,0,,220,
17894416197188378,17841402627774708,atu_business,ATU LeMoyne Smith School of Business,,0,03/13/2025 11:11,,IG story,,Lifetime,1550,1309,2,0,,0,34.0,288,
18035350988267716,17841402627774708,atu_business,ATU LeMoyne Smith School of Business,we ♥️ our faculty,0,03/13/2025 10:56,,IG story,,Lifetime,372,323,4,0,,1,,254,
17871809001312039,17841402627774708,atu_business,ATU LeMoyne Smith School of Business,,0,03/13/2025 07:57,,IG story,,Lifetime,214,201,0,0,,0,1.0,243,
18023622866437956,17841402627774708,atu_business,ATU LeMoyne Smith School of Business,,0,03/13/2025 06:46,,IG story,,Lifetime,209,199,4,0,1.0,0,,262,
17976339356692563,17841402627774708,atu_business,ATU LeMoyne Smith School of Business,,7,03/13/2025 06:45,,IG story,,Lifetime,214,205,1,0,,0,,240,
17876843391274511,17841402627774708,atu_business,ATU LeMoyne Smith School of Business,ROCKS! FBLA,5,03/12/2025 16:12,,IG story,,Lifetime,287,241,4,0,1.0,0,5.0,220,
17994246185621797,17841402627774708,atu_business,ATU LeMoyne Smith School of Business,Distinguished Speaker Ms. Arden Johnson! #CollegetoCareerConference,0,03/12/2025 09:17,https://instagram.com/stories/atu_business/3586769608469694966,IG story,,Lifetime,194,185,0,0,,0,,212,
18103656091499388,17841402627774708,atu_business,ATU LeMoyne Smith School of Business,Getting ready for the distinguished speaker! #CollegetoCareerConference,0,03/12/2025 08:52,https://instagram.com/stories/atu_business/3586756787715463561,IG story,,Lifetime,192,184,6,0,,0,,206,
17901407169109631,17841402627774708,atu_business,ATU LeMoyne Smith School of Business,,0,03/12/2025 08:25,https://instagram.com/stories/atu_business/3586743225970335886,IG story,,Lifetime,198,189,2,0,,0,,219,
17848014849395924,17841402627774708,atu_business,ATU LeMoyne Smith School of Business,Session 5 Inside the Hiring Mind: What Employers Really Want #CollegetoCareerConference,5,03/12/2025 07:30,https://instagram.com/stories/atu_business/3586715396897622505,IG story,,Lifetime,199,189,1,0,,0,,212,
18049570739267392,17841402627774708,atu_business,ATU LeMoyne Smith School of Business,Session 4 Destination Marketing: How Arkansas Promotes Tourism #CollegetoCareerConference,0,03/12/2025 07:27,https://instagram.com/stories/atu_business/3586714009061195650,IG story,,Lifetime,202,190,1,0,,0,,225,
18081711727628365,17841402627774708,atu_business,ATU LeMoyne Smith School of Business,Session 3 Self Branding & Social Media #CollegetoCareerConference,0,03/12/2025 07:26,https://instagram.com/stories/atu_business/3586713475495241165,IG story,,Lifetime,203,192,0,0,,0,,232,
18486719653036898,17841402627774708,atu_business,ATU LeMoyne Smith School of Business,Session 2 Starting Your Own Business #CollegetoCareerConference,0,03/12/2025 07:25,https://instagram.com/stories/atu_business/3586712888267544882,IG story,,Lifetime,206,194,0,0,,0,,242,
17889658038207788,17841402627774708,atu_business,ATU LeMoyne Smith School of Business,Session 1 Stand Out & Get Hired: Secret to a Successful Job Search #CollegetoCareerConference,0,03/12/2025 07:23,https://instagram.com/stories/atu_business/3586712105157406774,IG story,,Lifetime,208,196,0,0,,0,,228,
18059402477102430,17841402627774708,atu_business,ATU LeMoyne Smith School of Business,,0,03/12/2025 07:21,https://instagram.com/stories/atu_business/3586711085622873631,IG story,,Lifetime,211,200,1,0,,0,2.0,226,
18219255397294815,17841402627774708,atu_business,ATU LeMoyne Smith School of Business,,15,03/12/2025 05:10,https://instagram.com/stories/atu_business/3586645033283421140,IG story,,Lifetime,345,303,0,0,4.0,0,,242,
18002325959740215,17841402627774708,atu_business,ATU LeMoyne Smith School of Business,,0,03/06/2025 09:26,https://instagram.com/stories/atu_business/3582455650577075049,IG story,,Lifetime,208,195,4,0,,0,3.0,246,
18053890937171744,17841402627774708,atu_business,ATU LeMoyne Smith School of Business,,0,03/06/2025 09:24,,IG story,,Lifetime,203,189,3,0,3.0,0,18.0,231,
18052048688145745,17841402627774708,atu_business,ATU LeMoyne Smith School of Business,career connection happening NOW in RTH 138! (free pizza hut!),0,03/05/2025 10:10,,IG story,,Lifetime,264,254,2,0,1.0,0,,295,
18069291001863221,17841402627774708,atu_business,ATU LeMoyne Smith School of Business,@arkansastech @atuagriculture_tourism @atucampuslife @atugradcollege,0,03/05/2025 07:41,,IG story,,Lifetime,1502,1168,1,0,2.0,0,,254,
18048600059193092,17841402627774708,atu_business,ATU LeMoyne Smith School of Business,,0,03/02/2025 10:09,,IG story,,Lifetime,184,178,1,0,,0,,198,
17998465250753893,17841402627774708,atu_business,ATU LeMoyne Smith School of Business,,5,03/01/2025 13:35,,IG story,,Lifetime,177,167,1,0,2.0,0,,172,
18092271475548219,17841402627774708,atu_business,ATU LeMoyne Smith School of Business,@atuagriculture_tourism  @arkansastechjerry  @atuaccounting,0,02/28/2025 12:24,https://instagram.com/stories/atu_business/3578196528516243485,IG story,,Lifetime,433,396,8,0,1.0,0,2.0,390,
18103372999492203,17841402627774708,atu_business,ATU LeMoyne Smith School of Business,(@viralcollege on tiktok) Dr. Narcum’s Social Media Marketing class is trying to go viral by utilizing current trends 👀,5,02/27/2025 11:25,https://instagram.com/stories/atu_business/3577441862891278211,IG story,,Lifetime,243,223,6,0,,0,,245,
17900081052134919,17841402627774708,atu_business,ATU LeMoyne Smith School of Business,,5,02/27/2025 11:14,https://instagram.com/stories/atu_business/3577436460435344876,IG story,,Lifetime,247,218,1,0,1.0,0,,239,
18041084684390783,17841402627774708,atu_business,ATU LeMoyne Smith School of Business,,14,02/27/2025 10:01,https://instagram.com/stories/atu_business/3577399801815546048,IG story,,Lifetime,250,230,4,0,,0,11.0,210,
17878880538165512,17841402627774708,atu_business,ATU LeMoyne Smith School of Business,,0,02/26/2025 10:35,,IG story,,Lifetime,186,178,2,0,,0,,222,
17961921086854617,17841402627774708,atu_business,ATU LeMoyne Smith School of Business,(free chick-fil-a 👀) Tyson Career Connection happening NOW in Rothwell 138! @atuagriculture_tourism,0,02/26/2025 10:19,,IG story,,Lifetime,319,292,3,0,1.0,0,3.0,202,
18021812018442953,17841402627774708,atu_business,ATU LeMoyne Smith School of Business,,15,02/25/2025 16:12,,IG story,,Lifetime,187,177,3,0,1.0,0,,181,
18341461408156813,17841402627774708,atu_business,ATU LeMoyne Smith School of Business,@atuagriculture_tourism @atuaccounting @atucampuslife @arkansastech,0,02/25/2025 08:17,,IG story,,Lifetime,387,323,1,0,,0,,190,
18076956847660759,17841402627774708,atu_business,ATU LeMoyne Smith School of Business,,0,02/24/2025 13:44,,IG story,,Lifetime,145,140,1,0,,0,,173,
18360132064133970,17841402627774708,atu_business,ATU LeMoyne Smith School of Business,,15,02/24/2025 13:43,,IG story,,Lifetime,159,151,1,0,1.0,0,,183,
18025396658376298,17841402627774708,atu_business,ATU LeMoyne Smith School of Business,,0,02/24/2025 08:44,,IG story,,Lifetime,211,206,2,0,,0,,222,
18494809924004170,17841402627774708,atu_business,ATU LeMoyne Smith School of Business,,0,02/20/2025 10:19,,IG story,,Lifetime,190,177,0,0,,0,,194,
18080476987720296,17841402627774708,atu_business,ATU LeMoyne Smith School of Business,,0,02/19/2025 18:06,https://instagram.com/stories/atu_business/3571845608953324872,IG story,,Lifetime,206,184,5,0,1.0,0,,261,
18044502617067571,17841402627774708,atu_business,ATU LeMoyne Smith School of Business,NCSAC was a success! @landon_lawson_  @mekkybliss_  @ysmnpcco  @hxrper.4,5,02/19/2025 17:21,https://instagram.com/stories/atu_business/3571822997225559729,IG story,,Lifetime,357,306,3,0,1.0,0,64.0,237,
18059164334302436,17841402627774708,atu_business,ATU LeMoyne Smith School of Business,,8,02/19/2025 10:24,,IG story,,Lifetime,211,194,3,0,2.0,0,,191,
17857380105370874,17841402627774708,atu_business,ATU LeMoyne Smith School of Business,@atuagriculture_tourism,0,02/19/2025 07:09,,IG story,,Lifetime,221,201,1,0,,0,,228,
18060808300792647,17841402627774708,atu_business,ATU LeMoyne Smith School of Business,@landon_lawson_ @ysmnpcco @hxrper.4 @mekkybliss_,14,02/18/2025 14:29,,IG story,,Lifetime,223,205,1,0,,0,8.0,240,
17853949950390414,17841402627774708,atu_business,ATU LeMoyne Smith School of Business,Day 1✅,18,02/18/2025 14:25,https://instagram.com/stories/atu_business/3571009797571607988,IG story,,Lifetime,239,214,1,0,,0,,267,
18033022277264137,17841402627774708,atu_business,ATU LeMoyne Smith School of Business,"@atuagriculture_tourism 
 @atucampuslife 
@atureslife
@atusga 
@atu_sab",0,02/18/2025 13:35,,IG story,,Lifetime,1230,837,2,3,,0,,283,
18058050383005171,17841402627774708,atu_business,ATU LeMoyne Smith School of Business,Round 1! Done✅  @mekkybliss_  @ysmnpcco  @hxrper.4  @landon_lawson_,15,02/18/2025 11:36,https://instagram.com/stories/atu_business/3570924367435702354,IG story,,Lifetime,1243,1048,3,1,1.0,0,45.0,350,
18489115012061699,17841402627774708,atu_business,ATU LeMoyne Smith School of Business,@landon_lawson_  @hxrper.4  @ysmnpcco  @mekkybliss_  #fyp,5,02/18/2025 05:36,https://instagram.com/stories/atu_business/3570743382167867792,IG story,,Lifetime,453,366,4,0,1.0,0,205.0,345,
17984487422645727,17841402627774708,atu_business,ATU LeMoyne Smith School of Business,@mekkybliss_  @ysmnpcco  @landon_lawson_  Follow us as we take over the next few days!  @hxrper.4,15,02/17/2025 12:54,https://instagram.com/stories/atu_business/3570239105504205702,IG story,,Lifetime,420,346,2,0,3.0,0,147.0,328,
18068874577883688,17841402627774708,atu_business,ATU LeMoyne Smith School of Business,,5,02/17/2025 11:39,,IG story,,Lifetime,196,174,1,0,,0,4.0,241,
18079656292625174,17841402627774708,atu_business,ATU LeMoyne Smith School of Business,,15,02/17/2025 10:21,,IG story,,Lifetime,196,180,3,0,1.0,0,,202,
18118869199426564,17841402627774708,atu_business,ATU LeMoyne Smith School of Business,,5,02/14/2025 14:05,,IG story,,Lifetime,333,308,3,0,,0,22.0,189,
17947971350927065,17841402627774708,atu_business,ATU LeMoyne Smith School of Business,"This is all that’s left!!! 1-3 PM TODAY
ROTHWELL LOBBY",0,02/14/2025 09:19,,IG story,,Lifetime,141,131,1,0,,0,,148,
18109102171464018,17841402627774708,atu_business,ATU LeMoyne Smith School of Business,,5,02/14/2025 08:23,,IG story,,Lifetime,137,131,1,0,,0,,145,
17842479252427786,17841402627774708,atu_business,ATU LeMoyne Smith School of Business,,4,02/14/2025 07:02,,IG story,,Lifetime,143,134,1,1,2.0,0,,137,
18028578023329948,17841402627774708,atu_business,ATU LeMoyne Smith School of Business,,0,02/14/2025 06:41,,IG story,,Lifetime,145,137,2,0,,0,,150,
17858572965361893,17841402627774708,atu_business,ATU LeMoyne Smith School of Business,Selling fast! Come get them while you can!,0,02/13/2025 11:18,,IG story,,Lifetime,151,138,1,0,,0,,174,
18002858537557867,17841402627774708,atu_business,ATU LeMoyne Smith School of Business,"Rothwell lobby, 1 PM  Run!!! 🏃🏽‍♀️ @atuagriculture_tourism",5,02/13/2025 09:58,,IG story,,Lifetime,154,141,0,0,3.0,0,,163,
18486042163003344,17841402627774708,atu_business,ATU LeMoyne Smith School of Business,accounting club bake sale happening now in rothwell lobby!! @atuaccounting  @arkansastech,0,02/13/2025 07:14,,IG story,,Lifetime,151,138,3,0,1.0,0,3.0,156,
18174264637317496,17841402627774708,atu_business,ATU LeMoyne Smith School of Business,,0,02/12/2025 20:37,,IG story,,Lifetime,176,159,2,0,,0,,186,
18091173025555585,17841402627774708,atu_business,ATU LeMoyne Smith School of Business,,0,02/12/2025 09:41,,IG story,,Lifetime,195,181,2,0,1.0,0,23.0,224,
18036414080188648,17841402627774708,atu_business,ATU LeMoyne Smith School of Business,coming soon to a rothwell lobby near you…,5,02/12/2025 09:15,,IG story,,Lifetime,196,184,5,0,2.0,1,,191,
17845298946397199,17841402627774708,atu_business,ATU LeMoyne Smith School of Business,,15,02/11/2025 13:58,,IG story,,Lifetime,203,176,1,0,2.0,0,,190,
18059903857943307,17841402627774708,atu_business,ATU LeMoyne Smith School of Business,rescheduled due to potential winter weather!,5,02/10/2025 15:35,,IG story,,Lifetime,206,198,1,0,,0,,232,
18055607960016624,17841402627774708,atu_business,ATU LeMoyne Smith School of Business,,0,02/10/2025 08:53,,IG story,,Lifetime,211,199,2,0,,0,,235,
18092283424481612,17841402627774708,atu_business,ATU LeMoyne Smith School of Business,,0,02/10/2025 08:53,,IG story,,Lifetime,224,209,4,0,1.0,0,,226,
18016023494676228,17841402627774708,atu_business,ATU LeMoyne Smith School of Business,,0,02/07/2025 14:44,,IG story,,Lifetime,159,151,3,0,1.0,0,,166,
17854233594333504,17841402627774708,atu_business,ATU LeMoyne Smith School of Business,focus day recap <3,0,02/07/2025 14:44,,IG story,,Lifetime,174,160,1,0,1.0,0,,175,
17959223678754802,17841402627774708,atu_business,ATU LeMoyne Smith School of Business,Ending the day with the bestest boy around! #ATUFocusDay @go2atu @atuagriculture_tourism @arkansastech @arkansastechjerry @atuphimu,5,02/06/2025 14:22,https://instagram.com/stories/atu_business/3562317581698190862,IG story,,Lifetime,371,322,0,0,,0,,192,
18075433882588883,17841402627774708,atu_business,ATU LeMoyne Smith School of Business,"It’s trivia time! #ATUFocusDay @go2atu 
@atuagriculture_tourism",6,02/06/2025 14:03,https://instagram.com/stories/atu_business/3562308916979156057,IG story,,Lifetime,187,175,1,0,3.0,0,,207,
18068811133831440,17841402627774708,atu_business,ATU LeMoyne Smith School of Business,Data Analytics using Titanic Data 📈 #ATUFocusDay @go2atu,4,02/06/2025 12:05,https://instagram.com/stories/atu_business/3562243930307091601,IG story,,Lifetime,343,286,1,0,,0,,193,
18329857603082416,17841402627774708,atu_business,ATU LeMoyne Smith School of Business,,0,02/06/2025 12:05,https://instagram.com/stories/atu_business/3562241556432174279,IG story,,Lifetime,207,186,2,0,,0,4.0,223,
18065500339896230,17841402627774708,atu_business,ATU LeMoyne Smith School of Business,The Digital Self with Dr. Pennington! @go2atu #ATUFocusDay,0,02/06/2025 11:59,https://instagram.com/stories/atu_business/3562238540894956151,IG story,,Lifetime,352,294,1,0,1.0,0,,229,
17897594361135389,17841402627774708,atu_business,ATU LeMoyne Smith School of Business,#ATUFocusDay Monopoly Masterclass 💚💛 @arkansastech @go2atu @atuaccounting,0,02/06/2025 11:19,https://instagram.com/stories/atu_business/3562218820401438605,IG story,,Lifetime,347,296,0,0,,0,,214,
18004724000539572,17841402627774708,atu_business,ATU LeMoyne Smith School of Business,,0,02/06/2025 11:10,https://instagram.com/stories/atu_business/3562214227714080512,IG story,,Lifetime,210,200,1,0,,0,,222,
17943014429950776,17841402627774708,atu_business,ATU LeMoyne Smith School of Business,Learning about the future of AI! #ATUFocusDay,0,02/06/2025 11:06,https://instagram.com/stories/atu_business/3562212273629909256,IG story,,Lifetime,211,199,1,0,,0,,235,
18031898717262971,17841402627774708,atu_business,ATU LeMoyne Smith School of Business,"Monopoly Masterclass
with Mrs. Hopson @atuagriculture_tourism 
 @go2atu 
@arkansastech 
 @atuaccounting",6,02/06/2025 11:05,https://instagram.com/stories/atu_business/3562211467090952136,IG story,,Lifetime,416,333,2,0,,0,,182,
17873967285263221,17841402627774708,atu_business,ATU LeMoyne Smith School of Business,"Leadership Lab:
Mastering High Stakes Decisions  #ATUFocusDay @go2atu @atuagriculture_tourism @arkansastech",0,02/06/2025 09:23,https://instagram.com/stories/atu_business/3562160391565655162,IG story,,Lifetime,375,315,2,0,1.0,0,,256,
18050647955144662,17841402627774708,atu_business,ATU LeMoyne Smith School of Business,on our way to the academic sessions! #ATUFocusDay,5,02/06/2025 08:54,https://instagram.com/stories/atu_business/3562145769693423738,IG story,,Lifetime,221,206,1,1,,0,,176,
18049962035153851,17841402627774708,atu_business,ATU LeMoyne Smith School of Business,The bestest boy has arrived!! #ATUFocusDay @atuagriculture_tourism @go2atu @arkansastechjerry,5,02/06/2025 08:42,https://instagram.com/stories/atu_business/3562139347077727880,IG story,,Lifetime,364,307,1,0,,0,,199,
18060429776306078,17841402627774708,atu_business,ATU LeMoyne Smith School of Business,It’s time for opening session! @go2atu @atuagriculture_tourism @arkansastech  #ATUFocusDay,0,02/06/2025 08:38,https://instagram.com/stories/atu_business/3562137589018503151,IG story,,Lifetime,389,330,3,0,,0,,233,
18030953456279503,17841402627774708,atu_business,ATU LeMoyne Smith School of Business,Happy Focus Day! @go2atu @atuagriculture_tourism @arkansastech,0,02/06/2025 07:49,https://instagram.com/stories/atu_business/3562112848958270841,IG story,,Lifetime,1695,1438,4,0,3.0,0,,259,
17971390160699041,17841402627774708,atu_business,ATU LeMoyne Smith School of Business,,5,02/05/2025 11:02,,IG story,,Lifetime,190,177,3,0,1.0,0,21.0,235,
18024366170646541,17841402627774708,atu_business,ATU LeMoyne Smith School of Business,"Beau Dollar Wealth Management
Career Connection Happening NOW in RTH 138!",5,02/05/2025 10:10,,IG story,,Lifetime,194,182,2,0,1.0,0,,153,
17962742120849784,17841402627774708,atu_business,ATU LeMoyne Smith School of Business,@atuagriculture_tourism  @naturalstatecoffeeroasters  @atuaccounting  @atutechtv  @atu_xctf  new additions to the heart wall <3 @atubands,0,02/05/2025 08:58,,IG story,,Lifetime,1610,1380,4,0,,0,4.0,204,
17861873004343559,17841402627774708,atu_business,ATU LeMoyne Smith School of Business,@atuagriculture_tourism  @atuagriculture_tourism,8,02/04/2025 12:28,,IG story,,Lifetime,186,176,0,0,,0,,200,
18297590344213844,17841402627774708,atu_business,ATU LeMoyne Smith School of Business,@atuagriculture_tourism  BE A STUDENT FOR A DAY! REGISTER FOR OUR FOCUS DAY NOW!,5,02/04/2025 10:27,,IG story,,Lifetime,305,273,0,1,,0,,228,
17857907310361135,17841402627774708,atu_business,ATU LeMoyne Smith School of Business,I SPY… 👀,0,02/04/2025 10:05,,IG story,,Lifetime,348,313,1,0,4.0,0,2.0,249,
17969463311752138,17841402627774708,atu_business,ATU LeMoyne Smith School of Business,from our ffa friends! @greenbrier_ffa  @arkansasffa  @atuagriculture_tourism,0,02/03/2025 09:18,,IG story,,Lifetime,194,189,2,1,4.0,0,,214,
18328613377090213,17841402627774708,atu_business,ATU LeMoyne Smith School of Business,the heart wall is coming along <3 stop by the rothwell lobby and put your hearts in the valentine box!,0,02/03/2025 09:17,,IG story,,Lifetime,198,194,2,0,2.0,0,,210,
18045646979340000,17841402627774708,atu_business,ATU LeMoyne Smith School of Business,,0,02/03/2025 07:47,,IG story,,Lifetime,199,188,1,0,3.0,0,,211,
18080138659896015,17841402627774708,atu_business,ATU LeMoyne Smith School of Business,"come trick or treat TODAY from 1-3PM on Rothwell 4th floor! bring your own bag!
costumes encouraged but not required 👻",20,10/31/2025 09:08,,IG story,,Lifetime,1551,1095,6,0,1.0,0,,253,
18057511727267450,17841402627774708,atu_business,ATU LeMoyne Smith School of Business,Tell us what influences you and keeps you coming back to ATU! 100% anonymous Student Survey!,0,10/31/2025 08:54,,IG story,,Lifetime,281,231,3,0,,0,,254,3.0
17970849443806434,17841402627774708,atu_business,ATU LeMoyne Smith School of Business,,3,10/30/2025 14:33,,IG story,,Lifetime,304,228,1,0,,0,14.0,227,
18071798693192525,17841402627774708,atu_business,ATU LeMoyne Smith School of Business,,0,10/30/2025 12:42,,IG story,,Lifetime,295,242,1,0,3.0,0,,268,
18202756984316971,17841402627774708,atu_business,ATU LeMoyne Smith School of Business,WHO CAN SAY NO TO CANDY  #TRICKORTREAT #COLA2025,8,10/30/2025 10:18,,IG story,,Lifetime,468,371,1,0,2.0,0,,290,
18065116061379374,17841402627774708,atu_business,ATU LeMoyne Smith School of Business,& WE CAN’T FORGET ABOUT OUR ACADEMIC ADVISING TEAM,0,10/30/2025 10:11,,IG story,,Lifetime,327,262,1,0,,0,,307,
17902856322296784,17841402627774708,atu_business,ATU LeMoyne Smith School of Business,,0,10/30/2025 10:08,,IG story,,Lifetime,326,263,0,0,,0,,298,
18078907697512321,17841402627774708,atu_business,ATU LeMoyne Smith School of Business,Cant forget about our beloved ATU student  CANDY + BU$INE$$ BUCKS,0,10/30/2025 10:06,,IG story,,Lifetime,347,269,1,0,,0,,319,
18143838967436241,17841402627774708,atu_business,ATU LeMoyne Smith School of Business,Cash cow saying hi to FCCLA student I think the crowd was a bit confused 🤭🐄💵,5,10/30/2025 09:35,,IG story,,Lifetime,360,272,2,0,,0,,251,
17919229680190552,17841402627774708,atu_business,ATU LeMoyne Smith School of Business,@fccla_makinzee.may,0,10/30/2025 08:52,,IG story,,Lifetime,360,284,3,0,2.0,0,4.0,339,
18092664817894909,17841402627774708,atu_business,ATU LeMoyne Smith School of Business,Shoutout group 7!! #cola2025,0,10/30/2025 08:50,,IG story,,Lifetime,694,486,4,0,,0,,359,
18057143993257249,17841402627774708,atu_business,ATU LeMoyne Smith School of Business,Group 3 & 8 looking good 🤩✍️,0,10/30/2025 08:12,,IG story,,Lifetime,705,486,3,0,1.0,0,,348,
18010836605636579,17841402627774708,atu_business,ATU LeMoyne Smith School of Business,The awesome ATU FCCLA exec board + president Jones @atuedandhealth  @arkansasfccla,0,10/30/2025 07:40,,IG story,,Lifetime,1929,1294,3,0,1.0,0,4.0,342,
17904782316271247,17841402627774708,atu_business,ATU LeMoyne Smith School of Business,#cola2025  Let Begin! @atuedandhealth @arkansasfccla,3,10/30/2025 07:35,,IG story,,Lifetime,1883,1335,2,0,,0,2.0,303,
17911821492250345,17841402627774708,atu_business,ATU LeMoyne Smith School of Business,Check In FCCLA,0,10/30/2025 07:14,,IG story,,Lifetime,784,539,1,0,,0,,367,
18094933990812627,17841402627774708,atu_business,ATU LeMoyne Smith School of Business,Check In FCCLA,0,10/30/2025 07:09,,IG story,,Lifetime,2046,1438,5,0,6.0,0,,362,
17847115095594593,17841402627774708,atu_business,ATU LeMoyne Smith School of Business,Career connection at noon! Free Pasta Grill for lunch 🍝,0,10/29/2025 09:48,,IG story,,Lifetime,415,315,2,1,1.0,0,,369,
18062989850572196,17841402627774708,atu_business,ATU LeMoyne Smith School of Business,,0,10/29/2025 09:15,https://instagram.com/stories/atu_business/3754191436099971592,IG story,,Lifetime,404,327,2,0,,0,,374,
18052256783653352,17841402627774708,atu_business,ATU LeMoyne Smith School of Business,"Project LEAD Luncheon
Happening now in Rothwell 138!",0,10/29/2025 09:09,,IG story,,Lifetime,501,374,4,0,,0,,385,
17863934919501542,17841402627774708,atu_business,ATU LeMoyne Smith School of Business,"Accounting Club Bake Sale
Everything is $1
Cashapp accepted!
👻",0,10/29/2025 07:12,,IG story,,Lifetime,2489,1763,6,0,,0,,373,
18160149928387535,17841402627774708,atu_business,ATU LeMoyne Smith School of Business,,0,10/28/2025 14:55,https://instagram.com/stories/atu_business/3753637949427494597,IG story,,Lifetime,352,278,3,0,,0,,313,
18077762699152264,17841402627774708,atu_business,ATU LeMoyne Smith School of Business,,0,10/28/2025 12:32,https://instagram.com/stories/atu_business/3753566086580302679,IG story,,Lifetime,347,275,3,0,1.0,0,4.0,307,
17951785920040064,17841402627774708,atu_business,ATU LeMoyne Smith School of Business,,0,10/28/2025 10:17,https://instagram.com/stories/atu_business/3753498054860277258,IG story,,Lifetime,332,267,4,1,,0,,309,
17948030109024045,17841402627774708,atu_business,ATU LeMoyne Smith School of Business,,0,10/28/2025 10:16,https://instagram.com/stories/atu_business/3753497692606687494,IG story,,Lifetime,336,272,4,0,,0,,312,
17990035721894002,17841402627774708,atu_business,ATU LeMoyne Smith School of Business,,0,10/28/2025 10:07,https://instagram.com/stories/atu_business/3753493194173645668,IG story,,Lifetime,352,281,2,0,,0,,316,
17977391402780114,17841402627774708,atu_business,ATU LeMoyne Smith School of Business,Students connecting with professors! Love to see it 😊,0,10/28/2025 09:45,https://instagram.com/stories/atu_business/3753481662379195965,IG story,,Lifetime,344,285,3,0,,0,,300,
17954479518008894,17841402627774708,atu_business,ATU LeMoyne Smith School of Business,Charms & Bouquets  #toft2025,0,10/28/2025 08:48,https://instagram.com/stories/atu_business/3753452977953509242,IG story,,Lifetime,338,285,4,0,,0,,301,
18089254309810086,17841402627774708,atu_business,ATU LeMoyne Smith School of Business,Everything’s better in feather boas 🕺💃🪩,20,10/28/2025 08:25,https://instagram.com/stories/atu_business/3753441573456440464,IG story,,Lifetime,352,288,2,0,,0,,325,
18092436688852995,17841402627774708,atu_business,ATU LeMoyne Smith School of Business,Hundreds of students coming in 🤩,0,10/28/2025 08:22,https://instagram.com/stories/atu_business/3753440237327343977,IG story,,Lifetime,386,293,3,3,,0,,334,
18155179243366820,17841402627774708,atu_business,ATU LeMoyne Smith School of Business,WE’RE READYYY  #TOFT,20,10/28/2025 08:03,https://instagram.com/stories/atu_business/3753430596576984125,IG story,,Lifetime,410,296,4,1,,0,,364,
17853176055563974,17841402627774708,atu_business,ATU LeMoyne Smith School of Business,ATU COBED is waiting for you in Rothwell 💚💛 #TOFT2025,0,10/28/2025 07:17,https://instagram.com/stories/atu_business/3753407455184154458,IG story,,Lifetime,2517,1626,10,1,2.0,0,,315,
18190805638332559,17841402627774708,atu_business,ATU LeMoyne Smith School of Business,,60,10/27/2025 21:32,,IG story,,Lifetime,326,259,5,0,1.0,0,,281,
18099900880736751,17841402627774708,atu_business,ATU LeMoyne Smith School of Business,,5,10/27/2025 07:33,,IG story,,Lifetime,275,222,3,0,,0,,229,
17906224203127430,17841402627774708,atu_business,ATU LeMoyne Smith School of Business,@atuagriculture_tourism  has the burgers  YUMM!!,0,10/25/2025 11:49,,IG story,,Lifetime,581,441,6,0,1.0,0,2.0,351,
17854046772511711,17841402627774708,atu_business,ATU LeMoyne Smith School of Business,Rain ain’t stopping banana,0,10/25/2025 11:36,,IG story,,Lifetime,391,320,4,0,,0,,375,
18371619640156014,17841402627774708,atu_business,ATU LeMoyne Smith School of Business,Professor Cass won earrings!! 😱 @leeannsfinejewelry,0,10/25/2025 11:31,,IG story,,Lifetime,395,322,4,0,1.0,0,6.0,373,
17928684615120465,17841402627774708,atu_business,ATU LeMoyne Smith School of Business,S’mores station @atutourismsociety  Say no more 🤝,5,10/25/2025 11:28,,IG story,,Lifetime,399,325,4,0,,0,3.0,353,
17919249687056461,17841402627774708,atu_business,ATU LeMoyne Smith School of Business,Come gets some free Pom Poms!! Get ready to cheer our Wonderboys,3,10/25/2025 11:24,,IG story,,Lifetime,392,328,2,0,,0,,289,
17966595305974867,17841402627774708,atu_business,ATU LeMoyne Smith School of Business,We’ve got the treats!,4,10/25/2025 11:10,,IG story,,Lifetime,396,330,5,0,,0,,354,
18394325698125169,17841402627774708,atu_business,ATU LeMoyne Smith School of Business,Tailgate with us!,0,10/25/2025 11:08,,IG story,,Lifetime,428,349,8,0,,0,,366,
17984743397907111,17841402627774708,atu_business,ATU LeMoyne Smith School of Business,,15,10/24/2025 12:06,,IG story,,Lifetime,238,194,1,0,,0,,216,
18105512938622699,17841402627774708,atu_business,ATU LeMoyne Smith School of Business,the best way to spend a rainy day is by supporting local businesses ☕️ stop by natural state to try their halloween menu! it’s scary good 👻,20,10/24/2025 10:06,,IG story,,Lifetime,894,704,1,0,,0,,253,
18105747622533984,17841402627774708,atu_business,ATU LeMoyne Smith School of Business,,5,10/23/2025 17:41,,IG story,,Lifetime,374,277,7,0,,0,4.0,308,
18023925281761149,17841402627774708,atu_business,ATU LeMoyne Smith School of Business,,0,10/23/2025 12:30,,IG story,,Lifetime,359,265,4,0,1.0,0,,330,
17928993342107071,17841402627774708,atu_business,ATU LeMoyne Smith School of Business,"We <3 our friends at @atulibrary  ATU librarian, Angela Black, stopped by Principles of Marketing to teach students about our library research resources!!",0,10/23/2025 11:42,,IG story,,Lifetime,399,285,4,0,,0,3.0,335,
18061176767446968,17841402627774708,atu_business,ATU LeMoyne Smith School of Business,We ❤️ Jerry,0,10/23/2025 09:29,,IG story,,Lifetime,363,262,9,0,,0,,340,
18094352650631303,17841402627774708,atu_business,ATU LeMoyne Smith School of Business,IT’S JERRY DAY  @arkansastechjerry,3,10/23/2025 09:24,,IG story,,Lifetime,365,275,5,0,,0,5.0,264,
18123127708504091,17841402627774708,atu_business,ATU LeMoyne Smith School of Business,@kyliehkelly  @atucampuslife,0,10/22/2025 14:36,,IG story,,Lifetime,1386,829,4,0,1.0,0,7.0,381,
18045531224669260,17841402627774708,atu_business,ATU LeMoyne Smith School of Business,Todays career connection has been cancelled! We’ll resume with career connections next week!!,0,10/22/2025 07:58,,IG story,,Lifetime,483,346,1,0,,0,,447,
17864067057480379,17841402627774708,atu_business,ATU LeMoyne Smith School of Business,just a normal day in personal branding… #ATUHomecoming,15,10/22/2025 07:30,,IG story,,Lifetime,2770,1545,1,0,,0,,425,
18129909298471034,17841402627774708,atu_business,ATU LeMoyne Smith School of Business,,42,10/20/2025 10:50,,IG story,,Lifetime,292,243,2,0,,0,,261,
17891144742223695,17841402627774708,atu_business,ATU LeMoyne Smith School of Business,Happy Monday,0,10/20/2025 07:38,,IG story,,Lifetime,462,355,7,1,2.0,0,7.0,346,
17925708744117169,17841402627774708,atu_business,ATU LeMoyne Smith School of Business,"show up and show out! 
Business Bucks may be involved 👀",0,10/19/2025 09:15,,IG story,,Lifetime,351,261,4,0,,0,,288,
18309893527216596,17841402627774708,atu_business,ATU LeMoyne Smith School of Business,"we got our
flu shots today! an amazing free resource for our students and campus thanks to @atunursing @atustudentwellness!",15,10/15/2025 14:35,,IG story,,Lifetime,343,267,11,0,,0,17.0,314,
18069757304365929,17841402627774708,atu_business,ATU LeMoyne Smith School of Business,CA$H COW always carries Business Bucks Watch out 👀🐮,0,10/15/2025 10:12,,IG story,,Lifetime,382,261,4,0,1.0,0,,359,
18099551071637564,17841402627774708,atu_business,ATU LeMoyne Smith School of Business,,3,10/15/2025 10:02,,IG story,,Lifetime,401,261,0,1,2.0,0,,226,
18327308014234383,17841402627774708,atu_business,ATU LeMoyne Smith School of Business,CA$H COW making some appearances,3,10/15/2025 09:57,,IG story,,Lifetime,370,265,4,0,2.0,0,,227,
18082536520805069,17841402627774708,atu_business,ATU LeMoyne Smith School of Business,,0,10/15/2025 09:54,,IG story,,Lifetime,361,280,3,0,,0,,321,
18060973841393544,17841402627774708,atu_business,ATU LeMoyne Smith School of Business,,0,10/13/2025 07:28,,IG story,,Lifetime,266,229,7,0,1.0,0,,245,
17856830649478025,17841402627774708,atu_business,ATU LeMoyne Smith School of Business,Had to stop for pizza before leaving the Windy City,0,10/11/2025 12:07,https://instagram.com/stories/atu_business/3741232207009794860,IG story,,Lifetime,306,254,4,0,,0,,283,
18155085304400038,17841402627774708,atu_business,ATU LeMoyne Smith School of Business,,46,10/11/2025 06:41,https://instagram.com/stories/atu_business/3741068261522746643,IG story,,Lifetime,284,229,3,0,,0,,257,
18527705743008835,17841402627774708,atu_business,ATU LeMoyne Smith School of Business,Chicago Skyline  Pt. 2 of touring downtown Chicago,0,10/10/2025 19:20,https://instagram.com/stories/atu_business/3740725201764893518,IG story,,Lifetime,258,198,2,0,,0,,239,
18130832791465270,17841402627774708,atu_business,ATU LeMoyne Smith School of Business,"Pt. 1 of touring the city after the conference 

Fun times at the Fed Reserve in Chicago @t.roy.cramm 
 @abt.5 
 @adrian_falcon66 
 @aaron30watkins 
 @e.ellis28",0,10/10/2025 19:13,https://instagram.com/stories/atu_business/3740721732488271416,IG story,,Lifetime,634,465,4,0,,0,,231,
17923157025150223,17841402627774708,atu_business,ATU LeMoyne Smith School of Business,Dinner time!,14,10/10/2025 19:10,https://instagram.com/stories/atu_business/3740720148039652625,IG story,,Lifetime,235,199,0,0,,0,,194,
18324305992214427,17841402627774708,atu_business,ATU LeMoyne Smith School of Business,Mall trip,10,10/10/2025 16:20,https://instagram.com/stories/atu_business/3740634616332845327,IG story,,Lifetime,202,178,1,0,,0,,172,
18057541103628245,17841402627774708,atu_business,ATU LeMoyne Smith School of Business,,23,10/10/2025 15:37,https://instagram.com/stories/atu_business/3740613362947295947,IG story,,Lifetime,201,177,1,0,,0,,182,
17889679068358946,17841402627774708,atu_business,ATU LeMoyne Smith School of Business,,8,10/10/2025 14:11,https://instagram.com/stories/atu_business/3740569923908450919,IG story,,Lifetime,213,188,1,0,,0,,182,
17899130124292342,17841402627774708,atu_business,ATU LeMoyne Smith School of Business,,20,10/10/2025 13:20,https://instagram.com/stories/atu_business/3740544367091447029,IG story,,Lifetime,233,195,1,1,,0,,190,
18077381264146806,17841402627774708,atu_business,ATU LeMoyne Smith School of Business,I beat SGA 11-0 but the cameras weren’t on,17,10/10/2025 12:47,https://instagram.com/stories/atu_business/3740527458727940298,IG story,,Lifetime,251,199,1,0,,1,,218,
17978673254917846,17841402627774708,atu_business,ATU LeMoyne Smith School of Business,,3,10/10/2025 12:02,https://instagram.com/stories/atu_business/3740504900972434501,IG story,,Lifetime,249,203,1,0,,0,,193,
18114090727537238,17841402627774708,atu_business,ATU LeMoyne Smith School of Business,Inside the Corporate Office,3,10/10/2025 11:24,https://instagram.com/stories/atu_business/3740485872195345217,IG story,,Lifetime,273,207,1,0,,0,,196,
18297067804255519,17841402627774708,atu_business,ATU LeMoyne Smith School of Business,Checking in!,1,10/10/2025 11:04,https://instagram.com/stories/atu_business/3740475524344038299,IG story,,Lifetime,262,212,1,0,,0,,154,
18083301937787020,17841402627774708,atu_business,ATU LeMoyne Smith School of Business,,10,10/10/2025 10:49,https://instagram.com/stories/atu_business/3740468190108256385,IG story,,Lifetime,263,219,2,0,,0,,224,
17869069926452650,17841402627774708,atu_business,ATU LeMoyne Smith School of Business,Arrived!,14,10/10/2025 10:46,https://instagram.com/stories/atu_business/3740466733988532760,IG story,,Lifetime,278,222,4,0,,0,,234,
18131898622464793,17841402627774708,atu_business,ATU LeMoyne Smith School of Business,Great Parking!,13,10/10/2025 08:26,https://instagram.com/stories/atu_business/3740396318276535029,IG story,,Lifetime,363,259,7,0,1.0,0,,292,
17917747272055487,17841402627774708,atu_business,ATU LeMoyne Smith School of Business,We are en route with Katie behind the wheel! Please keep us in your thoughts and prayers  Should be there around 12:30ish,0,10/10/2025 06:56,https://instagram.com/stories/atu_business/3740351015238345452,IG story,,Lifetime,431,267,4,0,3.0,0,,377,
18099724537654661,17841402627774708,atu_business,ATU LeMoyne Smith School of Business,WE ARE BACK FOR ANOTHER TAKEOVER! Follow along as we head to OKC and tour the Paycom Center! (Formerly Chesapeake Energy Arena) Give me a follow @josiahhcarterr,0,10/10/2025 06:55,https://instagram.com/stories/atu_business/3740350159726172454,IG story,,Lifetime,417,269,4,0,,0,19.0,344,
18059058911413809,17841402627774708,atu_business,ATU LeMoyne Smith School of Business,"Night 2 Eats! 
#smifcc2025",0,10/09/2025 16:18,https://instagram.com/stories/atu_business/3739908866340326470,IG story,,Lifetime,362,277,2,0,2.0,0,2.0,326,
18544846936028118,17841402627774708,atu_business,ATU LeMoyne Smith School of Business,"Day 1 Sessions✅✅ @e.ellis28 @
 @adrian_falcon66 
 @abt.5 
 @aaron30watkins 
 @t.roy.cramm",0,10/09/2025 14:37,https://instagram.com/stories/atu_business/3739858094659927573,IG story,,Lifetime,808,588,5,0,,0,22.0,330,
18078994321856325,17841402627774708,atu_business,ATU LeMoyne Smith School of Business,Day 2 Lunch before the conference  @t.roy.cramm,0,10/09/2025 09:25,https://instagram.com/stories/atu_business/3739701088271314492,IG story,,Lifetime,597,453,2,0,,0,5.0,308,
18323889835211487,17841402627774708,atu_business,ATU LeMoyne Smith School of Business,"First Night Eats!! @t.roy.cramm
@abt.5 
@e.ellis28 
@aaron30watkins 
@adrian_falcon66",0,10/08/2025 18:04,https://instagram.com/stories/atu_business/3739237669806061628,IG story,,Lifetime,1141,759,4,3,,0,58.0,405,
17926893531136088,17841402627774708,atu_business,ATU LeMoyne Smith School of Business,Views from above!!,0,10/08/2025 17:53,https://instagram.com/stories/atu_business/3739231903585937641,IG story,,Lifetime,445,340,2,0,,0,,416,
17972426072791304,17841402627774708,atu_business,ATU LeMoyne Smith School of Business,Headed to Chicago✈️ @t.roy.cramm,8,10/08/2025 17:53,https://instagram.com/stories/atu_business/3739231793812650623,IG story,,Lifetime,888,592,2,0,,0,4.0,428,
18059413586539634,17841402627774708,atu_business,ATU LeMoyne Smith School of Business,@t.roy.cramm,13,10/08/2025 17:51,https://instagram.com/stories/atu_business/3739230865395056040,IG story,,Lifetime,985,621,6,1,3.0,0,40.0,381,
18098904097725680,17841402627774708,atu_business,ATU LeMoyne Smith School of Business,Career Connection!! Join us for some lunch!,0,10/08/2025 09:55,,IG story,,Lifetime,530,411,3,0,,0,,484,
18072980342178144,17841402627774708,atu_business,ATU LeMoyne Smith School of Business,,0,10/07/2025 16:10,https://instagram.com/stories/atu_business/3738455504218539369,IG story,,Lifetime,830,591,8,1,3.0,0,,522,
18130527994420327,17841402627774708,atu_business,ATU LeMoyne Smith School of Business,,0,10/07/2025 08:12,,IG story,,Lifetime,404,301,3,0,,0,,351,
18059902364572781,17841402627774708,atu_business,ATU LeMoyne Smith School of Business,,0,10/06/2025 11:03,https://instagram.com/stories/atu_business/3737575939737019705,IG story,,Lifetime,335,250,0,0,1.0,0,11.0,288,
18067258907359198,17841402627774708,atu_business,ATU LeMoyne Smith School of Business,RESTOCKED! get yours in Rothwell lobby today!,15,10/06/2025 08:34,,IG story,,Lifetime,2561,1560,3,2,,2,,302,
18088845292875158,17841402627774708,atu_business,ATU LeMoyne Smith School of Business,,5,10/06/2025 07:26,,IG story,,Lifetime,333,263,3,0,,0,,248,
17885308914381646,17841402627774708,atu_business,ATU LeMoyne Smith School of Business,,15,10/03/2025 10:11,,IG story,,Lifetime,245,186,8,0,,0,,216,
18541011571048071,17841402627774708,atu_business,ATU LeMoyne Smith School of Business,ROTHWELL LOBBY 10/3 ENTERING OUR SHOWGIRL ERA…,15,10/02/2025 14:37,,IG story,,Lifetime,373,268,5,1,,1,,358,
18120240373505139,17841402627774708,atu_business,ATU LeMoyne Smith School of Business,Free plushie with purchase while supplies last!,0,10/02/2025 12:29,,IG story,,Lifetime,374,275,5,1,1.0,0,,347,
17947613835046196,17841402627774708,atu_business,ATU LeMoyne Smith School of Business,Congrats @kylierehberger!!! You’re the winner of our Business Casual giveaway! Stop by the Rothwell lobby from 2:30-4!,5,10/02/2025 12:03,,IG story,,Lifetime,451,296,4,0,,0,70.0,354,
18105755647526242,17841402627774708,atu_business,ATU LeMoyne Smith School of Business,"Rothwell Lobby, $28",0,10/02/2025 11:28,,IG story,,Lifetime,2729,1641,6,1,6.0,0,,368,
17926131783127807,17841402627774708,atu_business,ATU LeMoyne Smith School of Business,"Come eat lunch and connect!
RTH 138",0,10/01/2025 10:00,,IG story,,Lifetime,334,255,0,0,1.0,0,,306,
17855722206536828,17841402627774708,atu_business,ATU LeMoyne Smith School of Business,Todays career connection,0,10/01/2025 09:26,,IG story,,Lifetime,304,246,0,0,,0,,294,
18045615155380389,17841402627774708,atu_business,ATU LeMoyne Smith School of Business,🚨GIVEAWAY,15,10/01/2025 08:44,,IG story,,Lifetime,313,237,1,0,,0,,281,
18081963151994070,17841402627774708,atu_business,ATU LeMoyne Smith School of Business,,8,09/30/2025 18:31,https://instagram.com/stories/atu_business/3733453049886057269,IG story,,Lifetime,324,256,5,0,,0,4.0,306,
17950629027013942,17841402627774708,atu_business,ATU LeMoyne Smith School of Business,Ended the day with Dr. Cole in the tank <3,15,09/30/2025 18:31,https://instagram.com/stories/atu_business/3733452868608202391,IG story,,Lifetime,360,271,3,0,,0,,334,
17944542942048812,17841402627774708,atu_business,ATU LeMoyne Smith School of Business,narcum is in the dunk tank now!! double dunk for the media girl!!,5,09/30/2025 16:46,https://instagram.com/stories/atu_business/3733400112174349623,IG story,,Lifetime,520,340,3,0,2.0,0,,250,
18015168227610400,17841402627774708,atu_business,ATU LeMoyne Smith School of Business,Callahan is in the dunk tank!!,7,09/30/2025 16:00,https://instagram.com/stories/atu_business/3733376687229797835,IG story,,Lifetime,406,293,2,1,,0,,324,
18080956078968979,17841402627774708,atu_business,ATU LeMoyne Smith School of Business,things are getting creative on the back porch!,0,09/30/2025 15:50,https://instagram.com/stories/atu_business/3733372039278285265,IG story,,Lifetime,417,294,2,1,,0,,391,
18089651497680732,17841402627774708,atu_business,ATU LeMoyne Smith School of Business,don’t forget to have a slushie!,3,09/30/2025 15:47,https://instagram.com/stories/atu_business/3733370585624749876,IG story,,Lifetime,413,299,2,0,,0,,300,
17904655311124842,17841402627774708,atu_business,ATU LeMoyne Smith School of Business,hungry? we’ve got you covered!,15,09/30/2025 15:44,https://instagram.com/stories/atu_business/3733368882888348578,IG story,,Lifetime,394,301,2,0,,0,,371,
18101965951528522,17841402627774708,atu_business,ATU LeMoyne Smith School of Business,,15,09/30/2025 15:39,https://instagram.com/stories/atu_business/3733366234478953234,IG story,,Lifetime,391,302,4,0,,0,4.0,369,
18321822703241196,17841402627774708,atu_business,ATU LeMoyne Smith School of Business,the bestest boy is here 🐾 @arkansastechjerry,15,09/30/2025 15:32,https://instagram.com/stories/atu_business/3733362801164305681,IG story,,Lifetime,399,303,1,1,,0,,377,
17906122719250769,17841402627774708,atu_business,ATU LeMoyne Smith School of Business,step out to the back porch to see the cutest furry friends!,15,09/30/2025 15:30,https://instagram.com/stories/atu_business/3733361803431685317,IG story,,Lifetime,436,320,2,0,1.0,0,,401,
17886797835244163,17841402627774708,atu_business,ATU LeMoyne Smith School of Business,the slushies are 🔥,0,09/30/2025 15:16,https://instagram.com/stories/atu_business/3733354918674622719,IG story,,Lifetime,538,328,8,19,1.0,0,,484,
18371771401145743,17841402627774708,atu_business,ATU LeMoyne Smith School of Business,"come dunk a professor! bring non-perishable food or a dog toy to participate! Pennington: 5:00 - 5:45
Callahan: 5:45 - 6:30
Narcum: 6:30 - 7:15
Dean Cole: 7:15 - 8:00",4,09/30/2025 15:14,https://instagram.com/stories/atu_business/3733353903938228299,IG story,,Lifetime,4125,2350,4,2,,0,,350,
18013366901789474,17841402627774708,atu_business,ATU LeMoyne Smith School of Business,beach bash is starting! stop by hull student union from 5-8PM to join the fun!,7,09/30/2025 15:05,https://instagram.com/stories/atu_business/3733349420562796403,IG story,,Lifetime,518,338,3,0,1.0,0,,373,
18045377468364331,17841402627774708,atu_business,ATU LeMoyne Smith School of Business,SOO MANY GOODIES,0,09/30/2025 14:44,,IG story,,Lifetime,445,315,5,0,1.0,0,,391,
17906666955247764,17841402627774708,atu_business,ATU LeMoyne Smith School of Business,Goodbye New York!  We had so much fun.,5,09/30/2025 12:47,https://instagram.com/stories/atu_business/3733279564899464629,IG story,,Lifetime,412,309,3,0,1.0,0,,340,
18164211754372703,17841402627774708,atu_business,ATU LeMoyne Smith School of Business,Starting off our last day with breakfast from Gregory’s.,5,09/30/2025 06:19,https://instagram.com/stories/atu_business/3733084633379706108,IG story,,Lifetime,441,314,4,0,1.0,0,,387,
17967508754798365,17841402627774708,atu_business,ATU LeMoyne Smith School of Business,We got to catch up with some old friends and meet tons of new people! @giobenitez,0,09/29/2025 20:05,https://instagram.com/stories/atu_business/3732775488595988553,IG story,,Lifetime,519,334,6,0,1.0,0,22.0,406,
18065342378366496,17841402627774708,atu_business,ATU LeMoyne Smith School of Business,"Katie and I had the privilege of attending the Honors Night, held by the ANA Educational Foundation. The Association of National Advertisers prestended honorees with their awards at the gala. @aeforg",0,09/29/2025 20:00,https://instagram.com/stories/atu_business/3732772955454447375,IG story,,Lifetime,457,340,4,0,,0,2.0,384,
18080023285825906,17841402627774708,atu_business,ATU LeMoyne Smith School of Business,,0,09/29/2025 15:59,https://instagram.com/stories/atu_business/3732651859111635984,IG story,,Lifetime,420,328,5,0,,0,,359,
18071024786221533,17841402627774708,atu_business,ATU LeMoyne Smith School of Business,& back in sweet ole Russellville… WE’RE PREPPING FOR BEACH BASH TOMORROW 🤩🤩,0,09/29/2025 11:05,,IG story,,Lifetime,381,281,5,0,1.0,0,,353,
18029244902726943,17841402627774708,atu_business,ATU LeMoyne Smith School of Business,,15,09/29/2025 10:06,,IG story,,Lifetime,410,278,5,0,,0,,365,
17880210084400989,17841402627774708,atu_business,ATU LeMoyne Smith School of Business,Coffee from Ralph’s Breakfast from PopUp Bagels,5,09/29/2025 07:03,https://instagram.com/stories/atu_business/3732381660772955925,IG story,,Lifetime,424,306,4,0,,0,,369,
18097781566729462,17841402627774708,atu_business,ATU LeMoyne Smith School of Business,"Good morning!
Today is gala day! Katie and I are in New York with NMGZ for the ANA Gala.",0,09/29/2025 05:07,https://instagram.com/stories/atu_business/3732323582186688813,IG story,,Lifetime,444,316,8,0,2.0,0,,366,
18078487571068781,17841402627774708,atu_business,ATU LeMoyne Smith School of Business,Shopping on Times Square!,0,09/28/2025 18:45,https://instagram.com/stories/atu_business/3732010227479617599,IG story,,Lifetime,343,264,7,0,,0,,291,
18045694430370099,17841402627774708,atu_business,ATU LeMoyne Smith School of Business,Dinner at Gallagher’s!,5,09/28/2025 18:39,https://instagram.com/stories/atu_business/3732007184512059532,IG story,,Lifetime,342,264,3,0,,0,,281,
17863042554472959,17841402627774708,atu_business,ATU LeMoyne Smith School of Business,Quick bit of shopping before our dinner reservations.,5,09/28/2025 15:27,https://instagram.com/stories/atu_business/3731910752765600391,IG story,,Lifetime,369,265,5,0,,0,,308,
18405506719191207,17841402627774708,atu_business,ATU LeMoyne Smith School of Business,,0,09/28/2025 10:01,https://instagram.com/stories/atu_business/3731909179045965832,IG story,,Lifetime,324,254,9,0,1.0,0,,265,
18080402651076464,17841402627774708,atu_business,ATU LeMoyne Smith School of Business,,0,09/28/2025 08:45,https://instagram.com/stories/atu_business/3731708428952637318,IG story,,Lifetime,378,277,6,0,,0,,337,
18238746988288200,17841402627774708,atu_business,ATU LeMoyne Smith School of Business,Quick outfit change then onto the shuttle to our hotel.,0,09/28/2025 08:05,https://instagram.com/stories/atu_business/3731688308062623066,IG story,,Lifetime,389,293,4,0,1.0,0,,340,
18084840584305456,17841402627774708,atu_business,ATU LeMoyne Smith School of Business,Only the necessities!,5,09/28/2025 03:41,https://instagram.com/stories/atu_business/3731555532906815890,IG story,,Lifetime,390,283,3,0,1.0,0,,347,
17969202530957945,17841402627774708,atu_business,ATU LeMoyne Smith School of Business,"Left at 3:30am and now waiting for our flight. @mrsmitchymoo 
@nikki_victory",0,09/28/2025 03:37,https://instagram.com/stories/atu_business/3731553629456164159,IG story,,Lifetime,634,417,3,0,,0,26.0,346,
18073054330923726,17841402627774708,atu_business,ATU LeMoyne Smith School of Business,All packed up for New York! 12 hours til takeoff!,0,09/27/2025 15:42,https://instagram.com/stories/atu_business/3731193721665692624,IG story,,Lifetime,480,331,7,1,5.0,0,,382,
18083219582491539,17841402627774708,atu_business,ATU LeMoyne Smith School of Business,Glitter buttons 😍😍,3,09/27/2025 14:58,,IG story,,Lifetime,374,302,3,0,2.0,0,,312,
18528675976021084,17841402627774708,atu_business,ATU LeMoyne Smith School of Business,,5,09/27/2025 14:36,,IG story,,Lifetime,376,307,3,0,,0,,356,
17986155536889276,17841402627774708,atu_business,ATU LeMoyne Smith School of Business,Family swagged out💛💚 @rosietheribeter,0,09/27/2025 14:26,https://instagram.com/stories/atu_business/3731155093980097432,IG story,,Lifetime,438,340,4,0,,0,7.0,348,
17862338886481687,17841402627774708,atu_business,ATU LeMoyne Smith School of Business,FAMILY DAY With DIPPIN DOTS,8,09/27/2025 13:51,,IG story,,Lifetime,384,321,5,0,,0,,340,
18533660833016433,17841402627774708,atu_business,ATU LeMoyne Smith School of Business,📍Williamson lawn!!,0,09/27/2025 13:47,,IG story,,Lifetime,416,340,4,0,,0,,395,
18332643154235337,17841402627774708,atu_business,ATU LeMoyne Smith School of Business,dippin’ dots in front of williamson while supplies last!,0,09/27/2025 13:02,,IG story,,Lifetime,465,371,8,0,,0,,395,
18055440320537383,17841402627774708,atu_business,ATU LeMoyne Smith School of Business,,0,09/26/2025 12:46,,IG story,,Lifetime,337,257,1,0,1.0,0,4.0,301,
18098249758733908,17841402627774708,atu_business,ATU LeMoyne Smith School of Business,Here until 5pm! 📍energy center FREE HEADSHOTS!!,0,09/26/2025 12:26,,IG story,,Lifetime,343,264,1,1,,0,,314,
18089922772837998,17841402627774708,atu_business,ATU LeMoyne Smith School of Business,Tailgate with us tomorrow!!!🏈 free dipin’ dots,16,09/26/2025 10:59,,IG story,,Lifetime,318,238,1,0,,0,,297,
17949181647033969,17841402627774708,atu_business,ATU LeMoyne Smith School of Business,,0,09/26/2025 10:43,,IG story,,Lifetime,342,243,3,2,,0,,310,
18152732086394802,17841402627774708,atu_business,ATU LeMoyne Smith School of Business,,15,09/26/2025 10:22,,IG story,,Lifetime,347,248,3,0,,0,,322,
18180020296337703,17841402627774708,atu_business,ATU LeMoyne Smith School of Business,"Beach Bash
Sept. 30 @5pm  1 item = 3 throws Give back to our community! Remeber to bring non-perishable items, pet supplies, or personal hygiene!",0,09/26/2025 09:19,,IG story,,Lifetime,1115,651,1,0,,1,,342,
18017781647716493,17841402627774708,atu_business,ATU LeMoyne Smith School of Business,,0,09/26/2025 09:05,,IG story,,Lifetime,1106,674,4,4,,0,,333,
18521445595037665,17841402627774708,atu_business,ATU LeMoyne Smith School of Business,,0,09/26/2025 07:32,https://instagram.com/stories/atu_business/3730222163681969896,IG story,,Lifetime,350,258,1,0,2.0,0,,323,
18060385613123694,17841402627774708,atu_business,ATU LeMoyne Smith School of Business,,0,09/26/2025 07:29,https://instagram.com/stories/atu_business/3730220551206981194,IG story,,Lifetime,361,267,4,2,1.0,0,,337,
17913999084067694,17841402627774708,atu_business,ATU LeMoyne Smith School of Business,,5,09/25/2025 11:50,,IG story,,Lifetime,430,313,3,0,3.0,0,,333,
18113382322536709,17841402627774708,atu_business,ATU LeMoyne Smith School of Business,,6,09/25/2025 09:35,,IG story,,Lifetime,485,354,2,0,,0,4.0,337,
18139387822427665,17841402627774708,atu_business,ATU LeMoyne Smith School of Business,"ATU lore:
Rumor has it that touching Mr. Hindsman’s nose brings you luck on exams",0,09/25/2025 09:34,,IG story,,Lifetime,3978,2545,6,1,1.0,0,,387,
17892357684342288,17841402627774708,atu_business,ATU LeMoyne Smith School of Business,,0,09/24/2025 10:38,,IG story,,Lifetime,324,259,3,0,,0,,303,
18050694329313417,17841402627774708,atu_business,ATU LeMoyne Smith School of Business,NYC APPLICATIOS ARE OPEN!! For more information message jbrock15@atu.edu or abell@atu.edu,0,09/24/2025 10:20,,IG story,,Lifetime,362,261,3,0,2.0,1,,333,
18076623365093823,17841402627774708,atu_business,ATU LeMoyne Smith School of Business,New York Experience Interest meeting is happening now! RTH 138 - Free pizza!,0,09/24/2025 10:03,,IG story,,Lifetime,360,262,4,0,,0,,326,
17995229036685168,17841402627774708,atu_business,ATU LeMoyne Smith School of Business,This is your sign to come to the NYC interest meeting today Lunch provided 🍕,0,09/24/2025 07:49,,IG story,,Lifetime,342,259,4,0,,0,,323,
18079715666475015,17841402627774708,atu_business,ATU LeMoyne Smith School of Business,TODAY!!,15,09/24/2025 07:26,,IG story,,Lifetime,337,258,2,1,,1,,324,
17931201014980220,17841402627774708,atu_business,ATU LeMoyne Smith School of Business,,0,09/24/2025 06:54,,IG story,,Lifetime,350,259,2,2,1.0,0,,306,
18056537597565139,17841402627774708,atu_business,ATU LeMoyne Smith School of Business,"Thanks for joining
The Conversation!",0,09/23/2025 17:16,,IG story,,Lifetime,630,419,2,1,,0,,442,
18051377285283319,17841402627774708,atu_business,ATU LeMoyne Smith School of Business,Rothwell 132!,0,09/23/2025 14:48,,IG story,,Lifetime,503,362,1,0,3.0,0,,441,
18423202375096187,17841402627774708,atu_business,ATU LeMoyne Smith School of Business,,0,09/22/2025 11:44,,IG story,,Lifetime,2352,1573,4,0,1.0,0,,364,
18068910068182825,17841402627774708,atu_business,ATU LeMoyne Smith School of Business,Find details of the NYC interest meeting here!,15,09/22/2025 11:14,,IG story,,Lifetime,391,302,3,0,1.0,1,,356,
18529988236037069,17841402627774708,atu_business,ATU LeMoyne Smith School of Business,"Go support @atu_els 

All proceeds go toward 
London Elementary Drive!",0,09/22/2025 07:18,,IG story,,Lifetime,544,375,7,0,1.0,0,16.0,385,
17940050106066461,17841402627774708,atu_business,ATU LeMoyne Smith School of Business,,15,09/19/2025 14:02,,IG story,,Lifetime,200,157,1,0,,0,,179,
18294320047270006,17841402627774708,atu_business,ATU LeMoyne Smith School of Business,,15,09/18/2025 16:35,,IG story,,Lifetime,213,182,2,0,,0,,196,
18082355918489100,17841402627774708,atu_business,ATU LeMoyne Smith School of Business,,5,09/18/2025 12:42,,IG story,,Lifetime,259,200,1,0,,0,,202,
18062280839582462,17841402627774708,atu_business,ATU LeMoyne Smith School of Business,,0,09/18/2025 12:08,,IG story,,Lifetime,260,209,2,0,,0,,240,
18039203009463386,17841402627774708,atu_business,ATU LeMoyne Smith School of Business,,0,09/18/2025 12:06,,IG story,,Lifetime,267,215,3,0,,0,,237,
17856141351530576,17841402627774708,atu_business,ATU LeMoyne Smith School of Business,,0,09/18/2025 08:17,,IG story,,Lifetime,272,218,2,0,,0,2.0,246,
18057062207412468,17841402627774708,atu_business,ATU LeMoyne Smith School of Business,,0,09/18/2025 08:01,,IG story,,Lifetime,318,227,3,0,,0,,277,
18125921581479858,17841402627774708,atu_business,ATU LeMoyne Smith School of Business,College Fair,15,09/18/2025 07:58,,IG story,,Lifetime,2291,1420,4,0,1.0,0,2.0,277,
18080130568788483,17841402627774708,atu_business,ATU LeMoyne Smith School of Business,COBED hard at work speaking to hundreds of students today!,5,09/18/2025 07:50,,IG story,,Lifetime,283,232,3,0,,0,,208,
18068273210185284,17841402627774708,atu_business,ATU LeMoyne Smith School of Business,Hello from the College Fair📚,5,09/18/2025 07:45,,IG story,,Lifetime,296,234,2,0,,0,,188,
18056072732625767,17841402627774708,atu_business,ATU LeMoyne Smith School of Business,Come see us at the ATU College Fair this morning! We’re next to the entrance!,15,09/18/2025 06:44,https://instagram.com/stories/atu_business/3724399520307287378,IG story,,Lifetime,305,239,6,0,1.0,0,,285,
18415818883106155,17841402627774708,atu_business,ATU LeMoyne Smith School of Business,,0,09/17/2025 18:00,,IG story,,Lifetime,285,220,1,0,,0,,255,
18000317042814515,17841402627774708,atu_business,ATU LeMoyne Smith School of Business,,5,09/17/2025 12:33,,IG story,,Lifetime,308,227,2,0,1.0,0,,232,
17846001108553797,17841402627774708,atu_business,ATU LeMoyne Smith School of Business,,0,09/17/2025 11:33,,IG story,,Lifetime,344,242,1,0,,0,7.0,299,
18079230640799751,17841402627774708,atu_business,ATU LeMoyne Smith School of Business,,0,09/17/2025 10:48,,IG story,,Lifetime,374,259,4,1,,0,,347,
18083883637911637,17841402627774708,atu_business,ATU LeMoyne Smith School of Business,What a success! Next Wednesday is the NYC trip interest meeting! 📅 Don’t miss out!,0,09/17/2025 10:48,,IG story,,Lifetime,365,261,4,0,,0,,330,
17957471570996335,17841402627774708,atu_business,ATU LeMoyne Smith School of Business,Happening now! Connect with Russellville Insurance Agency,4,09/17/2025 10:02,,IG story,,Lifetime,370,268,2,0,,0,,255,
17934964602083774,17841402627774708,atu_business,ATU LeMoyne Smith School of Business,,0,09/17/2025 09:44,,IG story,,Lifetime,370,280,2,0,2.0,0,,333,
18074399369033993,17841402627774708,atu_business,ATU LeMoyne Smith School of Business,Undeclared event is in full swing! Stop by Rothwell 138! We’ll be here until 7PM!,15,09/16/2025 16:44,,IG story,,Lifetime,514,372,5,0,1.0,0,,471,
18422195851099223,17841402627774708,atu_business,ATU LeMoyne Smith School of Business,"Rothwell 138
6 PM
TONIGHT",0,09/16/2025 13:11,,IG story,,Lifetime,1152,710,3,1,2.0,0,,459,
18312090508240048,17841402627774708,atu_business,ATU LeMoyne Smith School of Business,📍chambers cafeteria 📍baz,0,09/16/2025 08:09,,IG story,,Lifetime,479,350,2,0,1.0,0,,451,
18076875692051019,17841402627774708,atu_business,ATU LeMoyne Smith School of Business,Hiding some Golden Tickets 🤩,0,09/16/2025 08:01,,IG story,,Lifetime,451,356,6,0,1.0,0,,416,
17903102631123851,17841402627774708,atu_business,ATU LeMoyne Smith School of Business,,0,09/15/2025 17:53,,IG story,,Lifetime,336,270,5,0,,0,,310,
17859413631493050,17841402627774708,atu_business,ATU LeMoyne Smith School of Business,,5,09/15/2025 12:43,,IG story,,Lifetime,317,240,2,0,3.0,0,,230,
18093429874736769,17841402627774708,atu_business,ATU LeMoyne Smith School of Business,,0,09/15/2025 11:23,,IG story,,Lifetime,2858,1730,0,0,1.0,0,,262,
18056922593160644,17841402627774708,atu_business,ATU LeMoyne Smith School of Business,@go2atu  Heck Yeah Tech Yeah! Heck Yeah Tech Yeah! @go2atu  @arkansastech,15,09/14/2025 11:21,,IG story,,Lifetime,282,219,3,0,3.0,0,,245,
18075096847856708,17841402627774708,atu_business,ATU LeMoyne Smith School of Business,,15,09/12/2025 07:43,,IG story,,Lifetime,220,191,1,0,,0,,206,
18158798824377584,17841402627774708,atu_business,ATU LeMoyne Smith School of Business,,0,09/11/2025 17:57,,IG story,,Lifetime,343,256,0,0,,0,,313,
17918531211168853,17841402627774708,atu_business,ATU LeMoyne Smith School of Business,,15,09/11/2025 17:54,,IG story,,Lifetime,330,261,1,0,,0,,318,
18043745231346208,17841402627774708,atu_business,ATU LeMoyne Smith School of Business,Open to all students 🙂‍↕️ Thought this event was great? Just wait until our next epic event: BEACH BASH! ☀️🏖️,0,09/11/2025 17:52,,IG story,,Lifetime,355,264,2,0,,0,,325,
17857498692504639,17841402627774708,atu_business,ATU LeMoyne Smith School of Business,And of course shoutout to the prize winners🎁,0,09/11/2025 16:54,,IG story,,Lifetime,387,268,2,0,,0,,340,
18309979792170511,17841402627774708,atu_business,ATU LeMoyne Smith School of Business,The t-shirt were so nice 😍,0,09/11/2025 16:37,,IG story,,Lifetime,379,267,6,2,,0,,350,
18089671921796776,17841402627774708,atu_business,ATU LeMoyne Smith School of Business,Food + student Q&A session,0,09/11/2025 16:34,,IG story,,Lifetime,365,268,2,3,,0,,345,
18055251578402465,17841402627774708,atu_business,ATU LeMoyne Smith School of Business,Mastering conversation skills 🧑‍🏫,6,09/11/2025 15:01,,IG story,,Lifetime,344,262,1,0,2.0,0,,284,
17970233825947719,17841402627774708,atu_business,ATU LeMoyne Smith School of Business,Handing out Business Bucks 🤑 When the speaker makes it fun 👏,0,09/11/2025 14:42,,IG story,,Lifetime,339,262,2,0,,0,,315,
17894049687302002,17841402627774708,atu_business,ATU LeMoyne Smith School of Business,It’s time for Project Lead! We’re so excited to present our speaker!,5,09/11/2025 14:25,,IG story,,Lifetime,349,268,5,0,1.0,0,,270,
18078588247975656,17841402627774708,atu_business,ATU LeMoyne Smith School of Business,,8,09/11/2025 07:38,,IG story,,Lifetime,345,249,3,0,,0,,271,
18124492828488445,17841402627774708,atu_business,ATU LeMoyne Smith School of Business,,5,09/11/2025 06:20,,IG story,,Lifetime,338,272,3,0,4.0,0,,261,
18085836505845403,17841402627774708,atu_business,ATU LeMoyne Smith School of Business,Thank you for joining us! See y’all next Wednesday for our next Career Connection!,0,09/10/2025 10:25,,IG story,,Lifetime,375,314,2,0,1.0,0,,357,
18134460844451714,17841402627774708,atu_business,ATU LeMoyne Smith School of Business,Learning all about Uniti’s mission and summer internships,0,09/10/2025 10:23,,IG story,,Lifetime,392,319,3,0,,0,,376,
18190945390319538,17841402627774708,atu_business,ATU LeMoyne Smith School of Business,Starting in a couple minutes!!,0,09/10/2025 09:59,,IG story,,Lifetime,404,323,4,0,,0,,374,
18318795829240288,17841402627774708,atu_business,ATU LeMoyne Smith School of Business,,0,09/10/2025 08:29,,IG story,,Lifetime,424,331,3,1,,0,,373,
18096310978655477,17841402627774708,atu_business,ATU LeMoyne Smith School of Business,,5,09/09/2025 13:48,,IG story,,Lifetime,328,256,2,0,2.0,0,,280,
18084145024914764,17841402627774708,atu_business,ATU LeMoyne Smith School of Business,Learned all about getting Masters degree at ATU! Including how to get your Masters in half the time😲,0,09/09/2025 09:53,,IG story,,Lifetime,344,249,3,2,1.0,0,,319,1.0
18038041955688818,17841402627774708,atu_business,ATU LeMoyne Smith School of Business,@atugradcollege  Enjoying La Huerta while learning about Graduate degrees!,4,09/09/2025 09:41,,IG story,,Lifetime,445,295,2,0,,0,6.0,217,
18071111798131162,17841402627774708,atu_business,ATU LeMoyne Smith School of Business,Learn more about Uniti while enjoying some free lunch First career connection is TOMORROW!,0,09/09/2025 09:09,,IG story,,Lifetime,318,249,1,0,,0,,287,
18002669939644244,17841402627774708,atu_business,ATU LeMoyne Smith School of Business,,0,09/08/2025 13:17,,IG story,,Lifetime,238,185,1,0,,0,,217,
18090337318766218,17841402627774708,atu_business,ATU LeMoyne Smith School of Business,,5,09/08/2025 12:35,,IG story,,Lifetime,221,179,0,0,,0,,184,
17930762601008204,17841402627774708,atu_business,ATU LeMoyne Smith School of Business,,0,09/08/2025 11:10,,IG story,,Lifetime,223,177,0,1,,0,,216,
17892366432335472,17841402627774708,atu_business,ATU LeMoyne Smith School of Business,Open to any undeclared major and those interested in a Business degree! Join us on Sept. 16 to explore the majors we have to offer!,0,09/08/2025 11:09,,IG story,,Lifetime,436,287,1,0,,1,,216,
18078108380477830,17841402627774708,atu_business,ATU LeMoyne Smith School of Business,,0,09/08/2025 09:48,,IG story,,Lifetime,244,183,1,0,1.0,0,,228,
17863882881462303,17841402627774708,atu_business,ATU LeMoyne Smith School of Business,,0,09/08/2025 07:41,,IG story,,Lifetime,276,210,1,0,,0,,252,
18151084291359754,17841402627774708,atu_business,ATU LeMoyne Smith School of Business,Look at our Business and Ag students 🤩📸,15,09/08/2025 07:39,,IG story,,Lifetime,272,215,6,0,3.0,0,,238,
17990071652839801,17841402627774708,atu_business,ATU LeMoyne Smith School of Business,,15,09/05/2025 10:20,,IG story,,Lifetime,213,176,2,0,,0,,194,
18085009438843242,17841402627774708,atu_business,ATU LeMoyne Smith School of Business,,15,09/04/2025 16:04,,IG story,,Lifetime,297,236,3,0,,1,,248,
18077077385003782,17841402627774708,atu_business,ATU LeMoyne Smith School of Business,,0,09/04/2025 10:10,https://instagram.com/stories/atu_business/3714356845541663332,IG story,,Lifetime,318,256,2,0,,0,4.0,285,
17908504449227206,17841402627774708,atu_business,ATU LeMoyne Smith School of Business,,0,09/04/2025 09:32,https://instagram.com/stories/atu_business/3714337593568885874,IG story,,Lifetime,330,253,2,0,,0,,300,
18069940966934787,17841402627774708,atu_business,ATU LeMoyne Smith School of Business,,3,09/04/2025 09:13,https://instagram.com/stories/atu_business/3714327850544637148,IG story,,Lifetime,326,253,1,0,,0,2.0,223,
18057105095436196,17841402627774708,atu_business,ATU LeMoyne Smith School of Business,Class field trip to the gumball machine,5,09/04/2025 08:33,https://instagram.com/stories/atu_business/3714307962245574487,IG story,,Lifetime,338,258,2,0,1.0,0,,265,
18381467911133238,17841402627774708,atu_business,ATU LeMoyne Smith School of Business,,0,09/04/2025 08:13,https://instagram.com/stories/atu_business/3714297483959854602,IG story,,Lifetime,333,262,2,0,,0,,311,
18041579954384606,17841402627774708,atu_business,ATU LeMoyne Smith School of Business,,0,09/04/2025 08:12,https://instagram.com/stories/atu_business/3714297128828094515,IG story,,Lifetime,328,264,3,0,,0,,306,
18106168951571470,17841402627774708,atu_business,ATU LeMoyne Smith School of Business,@gobrightspeed,0,09/04/2025 08:11,https://instagram.com/stories/atu_business/3714296523548111660,IG story,,Lifetime,351,269,3,1,,0,2.0,314,
17856401757507801,17841402627774708,atu_business,ATU LeMoyne Smith School of Business,We have a gift card winner!!,0,09/04/2025 07:45,https://instagram.com/stories/atu_business/3714283391551358788,IG story,,Lifetime,608,420,3,0,,0,,307,
17846074419559517,17841402627774708,atu_business,ATU LeMoyne Smith School of Business,Some may even have have gift cards 👀 @gobrightspeed,8,09/04/2025 07:41,https://instagram.com/stories/atu_business/3714281401068895672,IG story,,Lifetime,348,278,3,0,,0,,218,
18054775283573746,17841402627774708,atu_business,ATU LeMoyne Smith School of Business,Everyone’s a winner! There’s different prizes in each “gumball”,8,09/04/2025 07:36,https://instagram.com/stories/atu_business/3714278905726456497,IG story,,Lifetime,378,283,1,0,,0,,294,
18124972993471310,17841402627774708,atu_business,ATU LeMoyne Smith School of Business,@gobrightspeed is here!! Take your turn!,7,09/04/2025 07:26,https://instagram.com/stories/atu_business/3714274253328979675,IG story,,Lifetime,522,375,2,6,,0,10.0,263,
18425599786097798,17841402627774708,atu_business,ATU LeMoyne Smith School of Business,,5,09/03/2025 13:26,,IG story,,Lifetime,356,271,1,0,,0,,273,
18050331521281340,17841402627774708,atu_business,ATU LeMoyne Smith School of Business,"Trust me, you won’t want to miss out on the cool freebies 👀😉",0,09/03/2025 10:41,,IG story,,Lifetime,397,284,2,0,3.0,0,,378,
18075400463073183,17841402627774708,atu_business,ATU LeMoyne Smith School of Business,"We have some friends from Brightspeed coming tomorrow!! 🗓️Tomorrow, Sept. 4
🕑9am - 12pm
📍South Rothwell Lawn",0,09/03/2025 10:36,,IG story,,Lifetime,421,287,4,0,,0,,383,
17987928887846358,17841402627774708,atu_business,ATU LeMoyne Smith School of Business,@clark.jenkins19  @atucareercloset,2,09/03/2025 08:00,,IG story,,Lifetime,1628,940,1,0,1.0,0,31.0,303,
18369417478197823,17841402627774708,atu_business,ATU LeMoyne Smith School of Business,,20,09/03/2025 07:26,,IG story,,Lifetime,452,331,2,2,,0,,358,
18077825182800100,17841402627774708,atu_business,ATU LeMoyne Smith School of Business,"Doing some shopping 
 Everyone is looking fly🤩",11,09/03/2025 07:19,,IG story,,Lifetime,473,340,3,1,1.0,0,,366,
18054859730533507,17841402627774708,atu_business,ATU LeMoyne Smith School of Business,,0,09/02/2025 16:56,,IG story,,Lifetime,444,310,4,0,4.0,0,2.0,386,
18054643982404114,17841402627774708,atu_business,ATU LeMoyne Smith School of Business,,15,08/31/2025 09:55,,IG story,,Lifetime,443,337,1,0,,0,,425,
18047860088313523,17841402627774708,atu_business,ATU LeMoyne Smith School of Business,,0,08/31/2025 09:51,,IG story,,Lifetime,469,378,6,0,,0,,402,
17923845750108561,17841402627774708,atu_business,ATU LeMoyne Smith School of Business,,15,08/28/2025 17:25,,IG story,,Lifetime,314,206,1,0,,0,,277,
18064604066253012,17841402627774708,atu_business,ATU LeMoyne Smith School of Business,,8,08/28/2025 17:11,,IG story,,Lifetime,310,230,2,0,,0,,261,
18520584343055974,17841402627774708,atu_business,ATU LeMoyne Smith School of Business,New bucks printed 👀 #undeclared Can you guess what they’re for?,5,08/28/2025 10:25,,IG story,,Lifetime,454,305,4,0,5.0,0,,354,
17918202555154273,17841402627774708,atu_business,ATU LeMoyne Smith School of Business,Will the founding fathers of “Pencilvania” please stand up 😂💀,0,08/27/2025 12:21,,IG story,,Lifetime,401,295,4,0,,1,,351,
18073407122037552,17841402627774708,atu_business,ATU LeMoyne Smith School of Business,"If anyone has lost a reusable bag in Rothwell, please message us!",5,08/27/2025 11:34,,IG story,,Lifetime,369,278,0,0,1.0,0,,332,
17860389756482754,17841402627774708,atu_business,ATU LeMoyne Smith School of Business,,0,08/27/2025 09:18,,IG story,,Lifetime,360,264,1,0,,0,,325,
17990507372834404,17841402627774708,atu_business,ATU LeMoyne Smith School of Business,,0,08/27/2025 09:11,,IG story,,Lifetime,361,260,2,0,,0,18.0,335,
18089843743686120,17841402627774708,atu_business,ATU LeMoyne Smith School of Business,,0,08/27/2025 09:11,,IG story,,Lifetime,352,276,1,0,2.0,0,6.0,320,
18289731616267513,17841402627774708,atu_business,ATU LeMoyne Smith School of Business,TAYLOR SWIFT IS ENGAGED!!!!!!!!!!!!!,10,08/26/2025 10:20,,IG story,,Lifetime,348,245,14,1,2.0,2,,315,
18091939489669641,17841402627774708,atu_business,ATU LeMoyne Smith School of Business,,15,08/25/2025 12:34,,IG story,,Lifetime,287,214,3,0,,0,14.0,256,
18086774707871246,17841402627774708,atu_business,ATU LeMoyne Smith School of Business,New board game added to the student lounge! Influencers in the Wild 🤩 room 314,0,08/25/2025 07:19,,IG story,,Lifetime,318,258,2,0,,0,,288,
18012785693787617,17841402627774708,atu_business,ATU LeMoyne Smith School of Business,,4,08/24/2025 11:51,,IG story,,Lifetime,283,231,3,0,,1,,246,
18408859090119709,17841402627774708,atu_business,ATU LeMoyne Smith School of Business,,0,08/23/2025 07:59,,IG story,,Lifetime,798,538,0,1,3.0,0,,278,
17992994951681220,17841402627774708,atu_business,ATU LeMoyne Smith School of Business,,5,08/22/2025 12:53,,IG story,,Lifetime,314,216,1,3,1.0,0,,257,
18085964365669569,17841402627774708,atu_business,ATU LeMoyne Smith School of Business,,0,08/22/2025 11:06,,IG story,,Lifetime,282,220,2,0,,0,,250,
17913206457057148,17841402627774708,atu_business,ATU LeMoyne Smith School of Business,,15,08/22/2025 08:30,,IG story,,Lifetime,238,189,2,2,1.0,0,,219,
18038561516424075,17841402627774708,atu_business,ATU LeMoyne Smith School of Business,,5,08/22/2025 07:08,,IG story,,Lifetime,245,203,2,0,1.0,0,,199,
18117368611496589,17841402627774708,atu_business,ATU LeMoyne Smith School of Business,Last first day 🥺,15,08/21/2025 06:45,,IG story,,Lifetime,340,256,5,0,1.0,1,,306,
17885806065225261,17841402627774708,atu_business,ATU LeMoyne Smith School of Business,Our backpack giveaway winners!! @landrypearl3  @dawson.griffinn,0,08/20/2025 12:02,https://instagram.com/stories/atu_business/3703541436005176664,IG story,,Lifetime,1232,798,6,0,,0,49.0,328,
18054297872530022,17841402627774708,atu_business,ATU LeMoyne Smith School of Business,,0,08/20/2025 11:15,https://instagram.com/stories/atu_business/3703517645916959635,IG story,,Lifetime,345,255,4,0,1.0,0,6.0,308,
18114673318512864,17841402627774708,atu_business,ATU LeMoyne Smith School of Business,Our freshman orientation winner! Congratulations ✨,0,08/20/2025 10:29,,IG story,,Lifetime,310,235,2,0,,0,,289,
17873929191307704,17841402627774708,atu_business,ATU LeMoyne Smith School of Business,First day of College,0,08/20/2025 09:40,https://instagram.com/stories/atu_business/3703470049600054338,IG story,,Lifetime,307,222,5,0,1.0,2,,263,
18016487261583503,17841402627774708,atu_business,ATU LeMoyne Smith School of Business,I spy…,4,08/20/2025 09:18,,IG story,,Lifetime,261,215,1,0,,0,,224,
18076019579296329,17841402627774708,atu_business,ATU LeMoyne Smith School of Business,GOOD LUCK!,2,08/20/2025 09:15,,IG story,,Lifetime,260,218,1,0,,0,,172,
18383257831124330,17841402627774708,atu_business,ATU LeMoyne Smith School of Business,WE’RE HIDING SOME BUSINESS BUCKS TODAY! HAPPY FIRST DAY OF CLASSES,8,08/20/2025 09:07,,IG story,,Lifetime,280,221,2,0,,0,,259,
17942170026047537,17841402627774708,atu_business,ATU LeMoyne Smith School of Business,,15,08/20/2025 07:46,https://instagram.com/stories/atu_business/3703412676807313039,IG story,,Lifetime,306,217,4,0,1.0,0,,280,
18075732040822029,17841402627774708,atu_business,ATU LeMoyne Smith School of Business,,5,08/20/2025 05:11,,IG story,,Lifetime,296,226,3,0,2.0,0,,231,
18121363186487755,17841402627774708,atu_business,ATU LeMoyne Smith School of Business,,0,08/19/2025 15:12,https://instagram.com/stories/atu_business/3702912270897302561,IG story,,Lifetime,313,235,3,0,,0,3.0,295,
18092310298677600,17841402627774708,atu_business,ATU LeMoyne Smith School of Business,"Congrats to our North Face giveaway winners! @landrypearl3 
@dawson.griffinn",0,08/19/2025 14:04,,IG story,,Lifetime,401,225,3,0,4.0,0,171.0,309,
17917836771152357,17841402627774708,atu_business,ATU LeMoyne Smith School of Business,,0,08/19/2025 13:10,,IG story,,Lifetime,277,214,6,1,,0,,253,
18061075712065014,17841402627774708,atu_business,ATU LeMoyne Smith School of Business,,0,08/19/2025 12:39,,IG story,,Lifetime,278,207,1,0,1.0,0,,256,
17897086245270310,17841402627774708,atu_business,ATU LeMoyne Smith School of Business,"Miss you,
@thm.business 
@thm.fachschaft.wirtschaft",0,08/19/2025 12:38,,IG story,,Lifetime,300,206,3,0,,0,6.0,281,
18051095495543369,17841402627774708,atu_business,ATU LeMoyne Smith School of Business,,0,08/19/2025 11:55,,IG story,,Lifetime,317,209,2,0,,0,,283,
17923183434105508,17841402627774708,atu_business,ATU LeMoyne Smith School of Business,,0,08/19/2025 11:11,,IG story,,Lifetime,294,210,2,0,,0,,286,
17947249032009083,17841402627774708,atu_business,ATU LeMoyne Smith School of Business,,0,08/19/2025 10:55,https://instagram.com/stories/atu_business/3702782957359371632,IG story,,Lifetime,313,212,1,0,2.0,0,,299,
18086896609639902,17841402627774708,atu_business,ATU LeMoyne Smith School of Business,,0,08/19/2025 10:39,,IG story,,Lifetime,323,209,8,0,,1,,304,
17994735809817054,17841402627774708,atu_business,ATU LeMoyne Smith School of Business,SEE YOU SOON!,5,08/19/2025 10:07,,IG story,,Lifetime,290,205,6,0,,0,,269,
18076094672006193,17841402627774708,atu_business,ATU LeMoyne Smith School of Business,,0,08/19/2025 10:03,,IG story,,Lifetime,296,211,3,0,,0,,291,
18016242809585651,17841402627774708,atu_business,ATU LeMoyne Smith School of Business,,15,08/19/2025 09:54,,IG story,,Lifetime,323,219,4,0,2.0,0,,303,
17990189318828994,17841402627774708,atu_business,ATU LeMoyne Smith School of Business,,15,08/19/2025 08:47,,IG story,,Lifetime,322,227,4,0,3.0,0,,301,
17881683660365152,17841402627774708,atu_business,ATU LeMoyne Smith School of Business,,0,08/19/2025 07:53,,IG story,,Lifetime,328,240,7,0,2.0,0,9.0,296,
17919910677134493,17841402627774708,atu_business,ATU LeMoyne Smith School of Business,,5,08/18/2025 20:30,,IG story,,Lifetime,345,254,1,0,,1,,289,
18060786092362725,17841402627774708,atu_business,ATU LeMoyne Smith School of Business,,0,08/18/2025 20:22,https://instagram.com/stories/atu_business/3702343277193968313,IG story,,Lifetime,354,260,2,0,1.0,0,,316,
18529218973022421,17841402627774708,atu_business,ATU LeMoyne Smith School of Business,Thank you for joining us today 💛💚,4,08/18/2025 19:31,,IG story,,Lifetime,368,262,4,0,1.0,0,,288,
18322597024226390,17841402627774708,atu_business,ATU LeMoyne Smith School of Business,,0,08/18/2025 18:47,,IG story,,Lifetime,376,269,4,0,,0,,360,
17899098423260868,17841402627774708,atu_business,ATU LeMoyne Smith School of Business,,0,08/18/2025 18:27,,IG story,,Lifetime,402,273,2,1,,0,,394,
17852089392528227,17841402627774708,atu_business,ATU LeMoyne Smith School of Business,We’re giving away mini cows! Come see us! In honor of our cash cow of course,0,08/18/2025 18:23,,IG story,,Lifetime,417,278,4,0,,0,,396,
18039983597384685,17841402627774708,atu_business,ATU LeMoyne Smith School of Business,"Come see us at the 
Involvement Fair!",7,08/18/2025 17:15,,IG story,,Lifetime,424,285,5,1,2.0,0,,358,
18519021445059732,17841402627774708,atu_business,ATU LeMoyne Smith School of Business,,10,08/18/2025 08:07,,IG story,,Lifetime,343,255,4,0,1.0,0,,333,
18526941109001034,17841402627774708,atu_business,ATU LeMoyne Smith School of Business,,0,08/18/2025 07:45,,IG story,,Lifetime,369,278,2,0,2.0,0,3.0,320,
18071073820881754,17841402627774708,atu_business,ATU LeMoyne Smith School of Business,,5,08/17/2025 18:24,,IG story,,Lifetime,236,195,4,0,,0,4.0,214,
18366870472148012,17841402627774708,atu_business,ATU LeMoyne Smith School of Business,,5,08/17/2025 17:58,,IG story,,Lifetime,225,199,3,0,,0,,204,
18076815073792496,17841402627774708,atu_business,ATU LeMoyne Smith School of Business,,0,08/16/2025 16:52,,IG story,,Lifetime,319,256,3,0,,0,,307,
18068498117149135,17841402627774708,atu_business,ATU LeMoyne Smith School of Business,,0,08/16/2025 15:14,https://instagram.com/stories/atu_business/3700738621562001657,IG story,,Lifetime,322,259,2,0,,0,,303,
17883567834358211,17841402627774708,atu_business,ATU LeMoyne Smith School of Business,,5,08/16/2025 12:39,,IG story,,Lifetime,291,238,4,0,,0,7.0,267,
18058935326087701,17841402627774708,atu_business,ATU LeMoyne Smith School of Business,,0,08/16/2025 09:11,https://instagram.com/stories/atu_business/3700556369699886142,IG story,,Lifetime,307,240,6,3,,0,,251,
17992269668682169,17841402627774708,atu_business,ATU LeMoyne Smith School of Business,Popsicle Patrol is BACK today from 9-1 for move-in!,5,08/16/2025 06:51,,IG story,,Lifetime,2516,1432,5,0,,0,,274,
18062383616042093,17841402627774708,atu_business,ATU LeMoyne Smith School of Business,,0,08/16/2025 06:49,,IG story,,Lifetime,3363,1575,3,1,,0,,281,19.0
18088135108699724,17841402627774708,atu_business,ATU LeMoyne Smith School of Business,,10,08/15/2025 14:04,,IG story,,Lifetime,3009,2066,10,0,2.0,0,,325,
18328813762227466,17841402627774708,atu_business,ATU LeMoyne Smith School of Business,@nikki_victory,0,08/15/2025 13:36,https://instagram.com/stories/atu_business/3699964614424307736,IG story,,Lifetime,528,391,3,0,,0,9.0,336,
17958148907833916,17841402627774708,atu_business,ATU LeMoyne Smith School of Business,Entering the giveaway just for these! How adorable!,0,08/15/2025 11:41,,IG story,,Lifetime,367,259,3,0,4.0,0,,351,
17987632817835398,17841402627774708,atu_business,ATU LeMoyne Smith School of Business,Don’t forget to enter our North Face giveaway!,0,08/15/2025 11:38,,IG story,,Lifetime,370,267,1,0,1.0,0,,356,
17859396969418616,17841402627774708,atu_business,ATU LeMoyne Smith School of Business,,5,08/15/2025 08:36,,IG story,,Lifetime,356,269,1,0,,0,,255,
18158377309372997,17841402627774708,atu_business,ATU LeMoyne Smith School of Business,,0,08/14/2025 18:01,https://instagram.com/stories/atu_business/3699373160148675185,IG story,,Lifetime,380,280,1,0,1.0,0,5.0,322,
18100571290591851,17841402627774708,atu_business,ATU LeMoyne Smith School of Business,,15,08/14/2025 12:00,,IG story,,Lifetime,398,273,4,0,,0,,350,
18029119955702056,17841402627774708,atu_business,ATU LeMoyne Smith School of Business,. @asbtdc has your back for all your small business needs 💼,0,08/14/2025 11:30,,IG story,,Lifetime,330,275,2,0,1.0,0,6.0,314,
18365633488194318,17841402627774708,atu_business,ATU LeMoyne Smith School of Business,,0,08/14/2025 10:16,,IG story,,Lifetime,447,312,2,0,,0,,341,
18096628741716346,17841402627774708,atu_business,ATU LeMoyne Smith School of Business,River Valley Business Expo in action!,6,08/14/2025 10:02,,IG story,,Lifetime,365,294,4,1,,0,,276,
18072735986090553,17841402627774708,atu_business,ATU LeMoyne Smith School of Business,,15,08/13/2025 13:17,,IG story,,Lifetime,221,160,2,0,1.0,0,,204,
18060750608596426,17841402627774708,atu_business,ATU LeMoyne Smith School of Business,BDA MAJORS!,5,08/13/2025 08:08,,IG story,,Lifetime,241,168,1,0,2.0,0,,210,
18379641883124125,17841402627774708,atu_business,ATU LeMoyne Smith School of Business,,15,08/12/2025 11:23,,IG story,,Lifetime,333,219,3,0,9.0,0,,326,
18068578715328675,17841402627774708,atu_business,ATU LeMoyne Smith School of Business,,0,08/12/2025 10:00,,IG story,,Lifetime,299,227,7,0,2.0,1,,300,
18052493957402817,17841402627774708,atu_business,ATU LeMoyne Smith School of Business,12,5,08/12/2025 06:18,,IG story,,Lifetime,314,238,5,0,,1,,294,
18074070394999860,17841402627774708,atu_business,ATU LeMoyne Smith School of Business,,0,08/11/2025 17:01,,IG story,,Lifetime,305,245,2,0,3.0,0,,280,
17919703653017777,17841402627774708,atu_business,ATU LeMoyne Smith School of Business,,5,08/11/2025 11:27,,IG story,,Lifetime,299,217,3,0,,0,,225,
18067845488143026,17841402627774708,atu_business,ATU LeMoyne Smith School of Business,,0,08/11/2025 10:12,https://instagram.com/stories/atu_business/3696963025455267343,IG story,,Lifetime,309,258,4,0,,0,,257,
18086983858694396,17841402627774708,atu_business,ATU LeMoyne Smith School of Business,,4,08/08/2025 13:51,,IG story,,Lifetime,205,175,5,0,,0,,196,
18016762574759417,17841402627774708,atu_business,ATU LeMoyne Smith School of Business,,0,08/08/2025 12:14,https://instagram.com/stories/atu_business/3694850172309048307,IG story,,Lifetime,249,216,2,0,,0,,220,
18133220185433947,17841402627774708,atu_business,ATU LeMoyne Smith School of Business,,0,08/08/2025 12:14,https://instagram.com/stories/atu_business/3694850108840786818,IG story,,Lifetime,277,217,3,0,,0,,241,
18001670873797195,17841402627774708,atu_business,ATU LeMoyne Smith School of Business,,0,08/08/2025 12:14,https://instagram.com/stories/atu_business/3694850047914438742,IG story,,Lifetime,283,227,2,0,1.0,0,,237,
17976860117861843,17841402627774708,atu_business,ATU LeMoyne Smith School of Business,We love to see it 🤩,0,08/07/2025 11:43,,IG story,,Lifetime,437,307,5,0,2.0,0,9.0,369,
17920225347111174,17841402627774708,atu_business,ATU LeMoyne Smith School of Business,,0,08/07/2025 10:11,https://instagram.com/stories/atu_business/3694063601100009484,IG story,,Lifetime,394,292,2,0,,0,,344,
18122534176467911,17841402627774708,atu_business,ATU LeMoyne Smith School of Business,,0,08/07/2025 10:11,https://instagram.com/stories/atu_business/3694063470707594741,IG story,,Lifetime,395,306,2,0,,0,,331,
18094030327652334,17841402627774708,atu_business,ATU LeMoyne Smith School of Business,,0,08/05/2025 13:48,https://instagram.com/stories/atu_business/3692722817612605381,IG story,,Lifetime,246,201,4,0,2.0,0,,202,
17948821380007012,17841402627774708,atu_business,ATU LeMoyne Smith School of Business,,5,08/04/2025 11:14,,IG story,,Lifetime,213,171,4,0,1.0,0,,188,
17958822119971552,17841402627774708,atu_business,ATU LeMoyne Smith School of Business,,0,08/04/2025 10:28,https://instagram.com/stories/atu_business/3691897490111777318,IG story,,Lifetime,247,194,3,0,2.0,0,,217,
18036757784419200,17841402627774708,atu_business,ATU LeMoyne Smith School of Business,,0,08/04/2025 10:27,https://instagram.com/stories/atu_business/3691897356816887342,IG story,,Lifetime,270,206,3,0,1.0,0,,216,
17859981654458546,17841402627774708,atu_business,ATU LeMoyne Smith School of Business,,15,08/02/2025 08:52,,IG story,,Lifetime,279,206,2,0,1.0,0,,257,
18194857123313615,17841402627774708,atu_business,ATU LeMoyne Smith School of Business,,0,08/02/2025 08:42,https://instagram.com/stories/atu_business/3690394717016978771,IG story,,Lifetime,303,226,3,0,,0,,285,
17982677936718577,17841402627774708,atu_business,ATU LeMoyne Smith School of Business,,0,08/02/2025 08:42,https://instagram.com/stories/atu_business/3690394665754055194,IG story,,Lifetime,321,231,3,0,,0,,295,
17939327909915326,17841402627774708,atu_business,ATU LeMoyne Smith School of Business,,0,08/02/2025 08:42,https://instagram.com/stories/atu_business/3690394491128514015,IG story,,Lifetime,323,242,1,0,,0,,275,
18073769245953218,17841402627774708,atu_business,ATU LeMoyne Smith School of Business,,10,08/01/2025 13:15,,IG story,,Lifetime,326,239,6,0,,1,,294,
18007177574429873,17841402627774708,atu_business,ATU LeMoyne Smith School of Business,potluck with friends,0,09/16/2024 16:55,https://instagram.com/stories/atu_business/3458714457875017425,IG story,,Lifetime,271,216,1,0,1.0,0,,251,
17933745953826649,17841402627774708,atu_business,ATU LeMoyne Smith School of Business,@atu_shima,15,10/31/2024 17:54,https://instagram.com/stories/atu_business/3491359251841267882,IG story,,Lifetime,212,194,2,0,1.0,0,4.0,189,
18048158728975758,17841402627774708,atu_business,ATU LeMoyne Smith School of Business,,15,10/31/2024 14:19,https://instagram.com/stories/atu_business/3491250985547533395,IG story,,Lifetime,244,216,1,0,1.0,0,,221,
18041380988155716,17841402627774708,atu_business,ATU LeMoyne Smith School of Business,,5,10/31/2024 14:05,https://instagram.com/stories/atu_business/3491244069668379043,IG story,,Lifetime,214,200,2,0,,0,,178,
17883522786148261,17841402627774708,atu_business,ATU LeMoyne Smith School of Business,tricking or treating is still happening! stop by the fourth floor and career services!!,0,10/31/2024 11:48,https://instagram.com/stories/atu_business/3491174985873876526,IG story,,Lifetime,220,204,0,0,,0,,201,
17962374872696626,17841402627774708,atu_business,ATU LeMoyne Smith School of Business,"@atuagriculture_tourism 
 @atucampuslife 
@arkansastech 
@atucareers",0,10/31/2024 08:13,,IG story,,Lifetime,1730,1177,2,1,,0,,265,
17858115003289742,17841402627774708,atu_business,ATU LeMoyne Smith School of Business,,0,10/31/2024 06:59,https://instagram.com/stories/atu_business/3491029712468383136,IG story,,Lifetime,308,258,4,0,,0,3.0,278,
18279599794245070,17841402627774708,atu_business,ATU LeMoyne Smith School of Business,The best way to start our day 💚💛 @arkansastechjerry,0,10/30/2024 08:08,,IG story,,Lifetime,280,277,4,0,,0,,297,
17848481697331147,17841402627774708,atu_business,ATU LeMoyne Smith School of Business,,0,10/29/2024 10:12,https://instagram.com/stories/atu_business/3489677333873813657,IG story,,Lifetime,198,195,1,0,1.0,0,,237,
18035726096048670,17841402627774708,atu_business,ATU LeMoyne Smith School of Business,,0,10/29/2024 09:53,https://instagram.com/stories/atu_business/3489667705119117146,IG story,,Lifetime,201,195,1,0,,0,,233,
17867813499232085,17841402627774708,atu_business,ATU LeMoyne Smith School of Business,,0,10/29/2024 09:53,https://instagram.com/stories/atu_business/3489667702250167773,IG story,,Lifetime,202,196,1,0,,0,,238,
18041908120932275,17841402627774708,atu_business,ATU LeMoyne Smith School of Business,,0,10/29/2024 09:52,https://instagram.com/stories/atu_business/3489667398171468369,IG story,,Lifetime,205,196,1,1,,0,,246,
17861305587267613,17841402627774708,atu_business,ATU LeMoyne Smith School of Business,,0,10/29/2024 09:52,https://instagram.com/stories/atu_business/3489667397399702267,IG story,,Lifetime,207,198,1,0,,0,,253,
17888187951102184,17841402627774708,atu_business,ATU LeMoyne Smith School of Business,,0,10/29/2024 09:52,https://instagram.com/stories/atu_business/3489667389036222323,IG story,,Lifetime,207,198,2,1,,0,,254,
17898791715074378,17841402627774708,atu_business,ATU LeMoyne Smith School of Business,,0,10/29/2024 09:52,https://instagram.com/stories/atu_business/3489667397718501270,IG story,,Lifetime,206,199,2,0,,0,,258,
18046057342873785,17841402627774708,atu_business,ATU LeMoyne Smith School of Business,,0,10/29/2024 09:52,https://instagram.com/stories/atu_business/3489667395705120096,IG story,,Lifetime,208,200,1,0,,0,,264,
18056474875715419,17841402627774708,atu_business,ATU LeMoyne Smith School of Business,,0,10/29/2024 09:52,https://instagram.com/stories/atu_business/3489667397424803332,IG story,,Lifetime,209,200,0,0,,0,,269,
17851146717321670,17841402627774708,atu_business,ATU LeMoyne Smith School of Business,,0,10/29/2024 09:52,https://instagram.com/stories/atu_business/3489667395445084498,IG story,,Lifetime,209,200,1,0,1.0,0,,263,
18055965016859204,17841402627774708,atu_business,ATU LeMoyne Smith School of Business,,0,10/29/2024 09:52,https://instagram.com/stories/atu_business/3489667393817925055,IG story,,Lifetime,211,200,2,0,,0,,253,
18075710386575444,17841402627774708,atu_business,ATU LeMoyne Smith School of Business,,0,10/29/2024 09:52,https://instagram.com/stories/atu_business/3489667382635740196,IG story,,Lifetime,213,202,1,0,,0,,269,
18072852331607525,17841402627774708,atu_business,ATU LeMoyne Smith School of Business,Congrats to our Tech Camp Out WINNERS!,5,10/29/2024 09:52,https://instagram.com/stories/atu_business/3489667191400634437,IG story,,Lifetime,222,211,1,2,,0,,244,
18042157157474462,17841402627774708,atu_business,ATU LeMoyne Smith School of Business,,7,10/28/2024 09:12,,IG story,,Lifetime,212,204,1,0,3.0,0,,209,
18064698904672104,17841402627774708,atu_business,ATU LeMoyne Smith School of Business,,15,10/26/2024 08:10,,IG story,,Lifetime,208,203,0,0,1.0,0,,213,
18029904065123360,17841402627774708,atu_business,ATU LeMoyne Smith School of Business,,0,10/25/2024 11:17,https://instagram.com/stories/atu_business/3486810830849687012,IG story,,Lifetime,226,196,1,0,,0,,226,
17925566759858721,17841402627774708,atu_business,ATU LeMoyne Smith School of Business,,0,10/25/2024 09:48,https://instagram.com/stories/atu_business/3486766143451362960,IG story,,Lifetime,235,209,3,1,1.0,0,,227,
17961063446702767,17841402627774708,atu_business,ATU LeMoyne Smith School of Business,"ATU reacts to 
Hand Cheese 😫
 @thm.business 
@thm.fachschaft.wirtschaft",5,10/25/2024 07:52,,IG story,,Lifetime,673,601,0,0,1.0,0,,249,
17925280622972455,17841402627774708,atu_business,ATU LeMoyne Smith School of Business,@arkansastechjerry,0,10/24/2024 17:19,https://instagram.com/stories/atu_business/3486267909721252108,IG story,,Lifetime,661,591,3,0,1.0,0,4.0,280,
18281442655240007,17841402627774708,atu_business,ATU LeMoyne Smith School of Business,No way!!! 😱,0,10/24/2024 16:54,https://instagram.com/stories/atu_business/3486255471999314983,IG story,,Lifetime,212,200,0,0,,0,,281,
18317706154083127,17841402627774708,atu_business,ATU LeMoyne Smith School of Business,,0,10/24/2024 16:48,https://instagram.com/stories/atu_business/3486252695856562948,IG story,,Lifetime,248,219,0,0,,0,4.0,259,
17933039225945242,17841402627774708,atu_business,ATU LeMoyne Smith School of Business,@atusga,5,10/24/2024 16:46,https://instagram.com/stories/atu_business/3486251567957791717,IG story,,Lifetime,216,204,1,0,,0,4.0,273,
18046549571058122,17841402627774708,atu_business,ATU LeMoyne Smith School of Business,"The one. The only.
Good as Gold Ambassador, @josiahhcarterr 😱",0,10/24/2024 16:44,https://instagram.com/stories/atu_business/3486250711506018102,IG story,,Lifetime,676,611,0,0,,0,38.0,276,
18080664058538958,17841402627774708,atu_business,ATU LeMoyne Smith School of Business,It’s smore time!,0,10/24/2024 16:44,https://instagram.com/stories/atu_business/3486250424883523179,IG story,,Lifetime,218,206,1,0,,0,,277,
18037030121236046,17841402627774708,atu_business,ATU LeMoyne Smith School of Business,"Congrats to Emily!
You’re the winner of our networking challenge ✔️ Check back tomorrow to see who our social media winner will be!",0,10/24/2024 16:42,https://instagram.com/stories/atu_business/3486249567660669768,IG story,,Lifetime,218,205,2,0,1.0,0,,245,
18342194767127197,17841402627774708,atu_business,ATU LeMoyne Smith School of Business,,5,10/24/2024 16:19,https://instagram.com/stories/atu_business/3486237847936353255,IG story,,Lifetime,220,205,1,0,,0,,250,
18145026049350648,17841402627774708,atu_business,ATU LeMoyne Smith School of Business,,5,10/24/2024 16:18,https://instagram.com/stories/atu_business/3486237566330914994,IG story,,Lifetime,220,205,1,0,,0,,270,
18019209656619054,17841402627774708,atu_business,ATU LeMoyne Smith School of Business,,0,10/24/2024 16:18,https://instagram.com/stories/atu_business/3486237496402952197,IG story,,Lifetime,222,205,0,0,,0,2.0,280,
18051774268907975,17841402627774708,atu_business,ATU LeMoyne Smith School of Business,@atuagriculture_tourism  @arianna_morin14  Networking Challenge,5,10/24/2024 16:14,https://instagram.com/stories/atu_business/3486235654575525391,IG story,,Lifetime,325,275,1,1,,0,5.0,271,
17921552171987060,17841402627774708,atu_business,ATU LeMoyne Smith School of Business,Pumpkin painting inside Hull 🎃,0,10/24/2024 15:48,https://instagram.com/stories/atu_business/3486222381909627067,IG story,,Lifetime,225,205,0,0,,0,,262,
18080115244483743,17841402627774708,atu_business,ATU LeMoyne Smith School of Business,Come by the Hull back porch for ADOPTABLE puppies from @novastarrescue!,6,10/24/2024 15:39,https://instagram.com/stories/atu_business/3486222040593955343,IG story,,Lifetime,224,204,0,0,,0,14.0,247,
17933032835826762,17841402627774708,atu_business,ATU LeMoyne Smith School of Business,The pumpkin carving contest is in full swing!,0,10/24/2024 15:33,https://instagram.com/stories/atu_business/3486214994649850986,IG story,,Lifetime,221,203,0,0,,0,,259,
18080367256545978,17841402627774708,atu_business,ATU LeMoyne Smith School of Business,It’s BINGO time at Camp Tech Out!,4,10/24/2024 15:32,https://instagram.com/stories/atu_business/3486214075166126152,IG story,,Lifetime,224,205,0,0,,0,,229,
17908990377023807,17841402627774708,atu_business,ATU LeMoyne Smith School of Business,@atuagriculture_tourism,5,10/24/2024 15:27,https://instagram.com/stories/atu_business/3486211956036485156,IG story,,Lifetime,228,207,0,0,,0,,277,
17940686846913693,17841402627774708,atu_business,ATU LeMoyne Smith School of Business,@ashley_.m,0,10/24/2024 15:02,https://instagram.com/stories/atu_business/3486199100477829429,IG story,,Lifetime,516,449,1,0,,0,21.0,298,
18065000035729470,17841402627774708,atu_business,ATU LeMoyne Smith School of Business,,0,10/24/2024 15:00,https://instagram.com/stories/atu_business/3486198170298728515,IG story,,Lifetime,234,211,0,0,,0,,299,
18065304919661135,17841402627774708,atu_business,ATU LeMoyne Smith School of Business,@atuagriculture_tourism,0,10/24/2024 14:44,https://instagram.com/stories/atu_business/3486190134868020783,IG story,,Lifetime,249,218,0,0,1.0,0,2.0,289,
18028829174367216,17841402627774708,atu_business,ATU LeMoyne Smith School of Business,Congrats @minhtran2905 😎,0,10/24/2024 12:20,https://instagram.com/stories/atu_business/3486117566655834731,IG story,,Lifetime,284,238,1,0,2.0,0,17.0,307,
18258150442254818,17841402627774708,atu_business,ATU LeMoyne Smith School of Business,"Congrats @minhtran2905 !!!
DM us for prize info 🎉",13,10/24/2024 10:11,,IG story,,Lifetime,265,226,1,0,3.0,0,35.0,299,
18040473650151918,17841402627774708,atu_business,ATU LeMoyne Smith School of Business,,5,10/23/2024 14:12,,IG story,,Lifetime,200,169,1,0,1.0,0,,192,
18426378364077178,17841402627774708,atu_business,ATU LeMoyne Smith School of Business,"@atuagriculture_tourism 
@atucampuslife",3,10/23/2024 09:38,,IG story,,Lifetime,626,518,1,0,6.0,0,,165,
17985904961599095,17841402627774708,atu_business,ATU LeMoyne Smith School of Business,,5,10/23/2024 09:31,,IG story,,Lifetime,185,175,1,0,,0,,199,
18051305044750659,17841402627774708,atu_business,ATU LeMoyne Smith School of Business,We are at UACCM today to talk to students about our 2+2 transfer program!,0,10/23/2024 08:52,https://instagram.com/stories/atu_business/3485288098009866912,IG story,,Lifetime,228,204,1,1,1.0,0,,204,
18005647256655736,17841402627774708,atu_business,ATU LeMoyne Smith School of Business,@atuagriculture_tourism  See you at noon!,0,10/23/2024 08:37,,IG story,,Lifetime,200,191,1,1,,0,,208,
18014227313364548,17841402627774708,atu_business,ATU LeMoyne Smith School of Business,Stopping by the breakout session room to hear from @arkansasgameandfish!  @atuagriculture_tourism,0,10/22/2024 08:21,,IG story,,Lifetime,356,327,1,0,1.0,0,9.0,290,
17867549625230378,17841402627774708,atu_business,ATU LeMoyne Smith School of Business,We are at the Green Careers Expo today! @atuagriculture_tourism,0,10/22/2024 06:52,https://instagram.com/stories/atu_business/3484503102005239477,IG story,,Lifetime,296,279,0,0,2.0,0,3.0,274,
17861116512205988,17841402627774708,atu_business,ATU LeMoyne Smith School of Business,,0,10/21/2024 11:49,,IG story,,Lifetime,173,170,0,0,,0,,193,
17967352343675339,17841402627774708,atu_business,ATU LeMoyne Smith School of Business,,11,10/21/2024 11:45,,IG story,,Lifetime,183,181,1,1,1.0,0,,169,
17941063208868755,17841402627774708,atu_business,ATU LeMoyne Smith School of Business,,13,10/17/2024 12:16,,IG story,,Lifetime,141,138,2,3,1.0,0,,168,
18019206479300800,17841402627774708,atu_business,ATU LeMoyne Smith School of Business,We’re in Chambers West until 4:00PM!,7,10/16/2024 11:29,,IG story,,Lifetime,254,243,1,0,1.0,0,,283,
17950249007747719,17841402627774708,atu_business,ATU LeMoyne Smith School of Business,Keathley Patterson Career Connection!,0,10/16/2024 10:56,,IG story,,Lifetime,257,247,2,0,1.0,0,,305,
18038510333325987,17841402627774708,atu_business,ATU LeMoyne Smith School of Business,ATU COBED is at today’s Career Fair! @atucareers,0,10/16/2024 06:59,https://instagram.com/stories/atu_business/3480157975455582978,IG story,,Lifetime,433,363,3,1,,0,3.0,288,
17852071092263300,17841402627774708,atu_business,ATU LeMoyne Smith School of Business,,15,10/14/2024 12:35,,IG story,,Lifetime,145,142,3,0,3.0,0,,161,
18036737456004108,17841402627774708,atu_business,ATU LeMoyne Smith School of Business,We have homecoming buttons leftover! Stop by RTH lobby to get yours!,5,10/14/2024 09:03,,IG story,,Lifetime,154,150,2,1,,0,,172,
18245731507279400,17841402627774708,atu_business,ATU LeMoyne Smith School of Business,,0,10/14/2024 07:30,,IG story,,Lifetime,190,182,3,0,1.0,0,,196,
18050062687786045,17841402627774708,atu_business,ATU LeMoyne Smith School of Business,,0,10/12/2024 12:02,https://instagram.com/stories/atu_business/3477411090978417797,IG story,,Lifetime,263,244,1,0,,0,,262,
18024683021431398,17841402627774708,atu_business,ATU LeMoyne Smith School of Business,Dr. Bradley and the Ag Ambassadors are hard at work 🧑‍🍳 @atuagriculture_tourism,0,10/12/2024 11:37,https://instagram.com/stories/atu_business/3477398968458432101,IG story,,Lifetime,363,326,1,0,,0,,246,
18325237207155207,17841402627774708,atu_business,ATU LeMoyne Smith School of Business,Today’s chicken is provided by Wayne Sanderson Farms! @atuagriculture_tourism,0,10/12/2024 11:28,,IG story,,Lifetime,321,308,2,0,,0,,237,
18343534240131785,17841402627774708,atu_business,ATU LeMoyne Smith School of Business,come see us! #homecoming,7,10/12/2024 10:47,,IG story,,Lifetime,234,229,1,0,,0,,232,
18097197442462381,17841402627774708,atu_business,ATU LeMoyne Smith School of Business,"Congratulations to ATU’s 13th President, Dr. Russ Jones! @arkansastech",0,10/11/2024 16:14,,IG story,,Lifetime,1348,1152,5,0,,0,3.0,331,
18079942876532968,17841402627774708,atu_business,ATU LeMoyne Smith School of Business,Dean 117,0,10/09/2024 11:04,,IG story,,Lifetime,207,201,0,0,,0,,243,
17956502789826911,17841402627774708,atu_business,ATU LeMoyne Smith School of Business,that was fast!!!,0,10/09/2024 10:21,https://instagram.com/stories/atu_business/3475185915205596219,IG story,,Lifetime,253,227,1,0,2.0,0,4.0,302,
18038458250325141,17841402627774708,atu_business,ATU LeMoyne Smith School of Business,,5,10/09/2024 10:08,,IG story,,Lifetime,221,202,0,0,,0,,291,
18138574168362112,17841402627774708,atu_business,ATU LeMoyne Smith School of Business,"Project Lead series
with Sarah Payton, AVP
of Chambers Bank!",9,10/09/2024 10:01,,IG story,,Lifetime,214,203,2,1,,0,,215,
17955451844712083,17841402627774708,atu_business,ATU LeMoyne Smith School of Business,"free 
snacks & drinks! RTH 314: until 3
WMS Lounge: until 3
Dean 117: 1-3PM cozy
corners
are
open! @arkansastech @atuagriculture_tourism",0,10/09/2024 09:58,,IG story,,Lifetime,305,281,0,0,1.0,1,,242,
17875708620176548,17841402627774708,atu_business,ATU LeMoyne Smith School of Business,"come get a donut from the RTH, WMS, or Dean lobbies for midterms day! @atuagriculture_tourism @arkansastech",5,10/09/2024 06:42,,IG story,,Lifetime,1526,1312,2,1,5.0,0,3.0,230,
17877993816159297,17841402627774708,atu_business,ATU LeMoyne Smith School of Business,,0,10/07/2024 08:51,,IG story,,Lifetime,222,222,2,0,1.0,1,,238,
17881158555083614,17841402627774708,atu_business,ATU LeMoyne Smith School of Business,,6,10/03/2024 10:46,,IG story,,Lifetime,141,136,0,0,6.0,0,,143,
18044110147860375,17841402627774708,atu_business,ATU LeMoyne Smith School of Business,,0,10/03/2024 10:44,,IG story,,Lifetime,156,146,1,0,1.0,0,,155,
18045695878976907,17841402627774708,atu_business,ATU LeMoyne Smith School of Business,,15,10/01/2024 10:34,https://instagram.com/stories/atu_business/3469394302692774349,IG story,,Lifetime,196,175,7,1,2.0,0,,178,
18097206142456494,17841402627774708,atu_business,ATU LeMoyne Smith School of Business,BEHIND THE SCENES WITH @atumarcomm,2,09/30/2024 14:22,,IG story,,Lifetime,340,303,2,3,2.0,0,59.0,157,
18455976505002255,17841402627774708,atu_business,ATU LeMoyne Smith School of Business,,0,09/28/2024 19:16,,IG story,,Lifetime,176,175,1,0,,0,2.0,205,
18058038331745090,17841402627774708,atu_business,ATU LeMoyne Smith School of Business,,0,09/28/2024 19:16,https://instagram.com/stories/atu_business/3467483058939592472,IG story,,Lifetime,219,203,0,0,1.0,0,6.0,193,
17943291065857226,17841402627774708,atu_business,ATU LeMoyne Smith School of Business,,0,09/28/2024 18:25,https://instagram.com/stories/atu_business/3467457121481059365,IG story,,Lifetime,205,194,2,0,,0,2.0,200,
18092291854474919,17841402627774708,atu_business,ATU LeMoyne Smith School of Business,dippin’ dots went fast but we still have buttons!!,0,09/28/2024 14:04,,IG story,,Lifetime,170,163,2,0,,0,,187,
17941328360779053,17841402627774708,atu_business,ATU LeMoyne Smith School of Business,COME SEE US  FAMILY DAY!,5,09/28/2024 13:39,,IG story,,Lifetime,172,161,1,0,,0,,212,
18053110576846257,17841402627774708,atu_business,ATU LeMoyne Smith School of Business,INTERESTED IN GRAD SCHOOL? TAKE ADVANTAGE OF THIS AMAZING PROGRAM!,5,09/27/2024 18:16,,IG story,,Lifetime,194,178,0,0,,0,,227,
18043151624010889,17841402627774708,atu_business,ATU LeMoyne Smith School of Business,@arkansastech @thm.business @thm.fachschaft.wirtschaft  @atuagriculture_tourism @atucareers,0,09/27/2024 16:09,https://instagram.com/stories/atu_business/3466664237257362614,IG story,,Lifetime,924,822,4,0,1.0,0,,276,
17985507617719491,17841402627774708,atu_business,ATU LeMoyne Smith School of Business,@arkansastech,0,09/26/2024 10:39,,IG story,,Lifetime,167,166,0,0,1.0,0,,174,
18032387222191566,17841402627774708,atu_business,ATU LeMoyne Smith School of Business,,5,09/26/2024 08:02,,IG story,,Lifetime,162,153,2,0,2.0,0,,164,
17927330090949380,17841402627774708,atu_business,ATU LeMoyne Smith School of Business,,15,09/25/2024 08:27,,IG story,,Lifetime,162,156,0,0,,0,,190,
17892726444084910,17841402627774708,atu_business,ATU LeMoyne Smith School of Business,@arkansastech,0,09/25/2024 08:16,,IG story,,Lifetime,173,165,0,1,2.0,0,,180,
18016833293307658,17841402627774708,atu_business,ATU LeMoyne Smith School of Business,,15,09/24/2024 08:30,,IG story,,Lifetime,187,168,1,0,2.0,0,,185,
18028106654365346,17841402627774708,atu_business,ATU LeMoyne Smith School of Business,until next time <3 @thm.fachschaft.wirtschaft @thm.business,0,09/22/2024 17:05,https://instagram.com/stories/atu_business/3463068245438046838,IG story,,Lifetime,302,272,5,0,1.0,0,,298,
18032049539250519,17841402627774708,atu_business,ATU LeMoyne Smith School of Business,awards ceremony! #THMTakeover @thm.business @thm.fachschaft.wirtschaft,0,09/22/2024 17:03,https://instagram.com/stories/atu_business/3463067092986020245,IG story,,Lifetime,300,271,2,0,,0,10.0,298,
17983313216598583,17841402627774708,atu_business,ATU LeMoyne Smith School of Business,trying the new razorback nuggets at a tyson event! #THMTakeover @thm.fachschaft.wirtschaft @thm.business,0,09/22/2024 12:40,https://instagram.com/stories/atu_business/3462935054031040891,IG story,,Lifetime,301,264,3,0,3.0,0,5.0,305,
18160151437314703,17841402627774708,atu_business,ATU LeMoyne Smith School of Business,big meal: 0 niklas: 2 #THMTakeover @thm.fachschaft.wirtschaft,0,09/22/2024 08:57,https://instagram.com/stories/atu_business/3462822659946218811,IG story,,Lifetime,283,250,5,0,2.0,0,,278,
18042153299009258,17841402627774708,atu_business,ATU LeMoyne Smith School of Business,,15,09/21/2024 18:42,https://instagram.com/stories/atu_business/3462392215547342630,IG story,,Lifetime,233,187,1,0,3.0,0,,222,
18054029932683900,17841402627774708,atu_business,ATU LeMoyne Smith School of Business,arkansas tech v henderson! #THMTakeover @thm.business @thm.fachschaft.wirtschaft @atuathletics,4,09/21/2024 16:08,https://instagram.com/stories/atu_business/3462314898510746508,IG story,,Lifetime,626,572,2,0,1.0,0,,206,
17992926335700601,17841402627774708,atu_business,ATU LeMoyne Smith School of Business,fun times at David’s Burgers! #THMTakeover,0,09/21/2024 12:29,https://instagram.com/stories/atu_business/3462204638051489220,IG story,,Lifetime,223,185,1,0,,0,,232,
18041454263085188,17841402627774708,atu_business,ATU LeMoyne Smith School of Business,,5,09/21/2024 12:26,https://instagram.com/stories/atu_business/3462202856537836732,IG story,,Lifetime,231,188,2,0,,0,,225,
18021964808592864,17841402627774708,atu_business,ATU LeMoyne Smith School of Business,This morning we are at the National Civil Rights Museum in Memphis! #THMTakeover,0,09/21/2024 07:20,https://instagram.com/stories/atu_business/3462049177809510767,IG story,,Lifetime,252,216,1,0,2.0,0,,252,
18081256411465659,17841402627774708,atu_business,ATU LeMoyne Smith School of Business,#THMTakeover @thm.fachschaft.wirtschaft @thm.business,0,09/20/2024 12:36,https://instagram.com/stories/atu_business/3461483309851680041,IG story,,Lifetime,1227,967,1,0,,0,2.0,222,
18277696537240352,17841402627774708,atu_business,ATU LeMoyne Smith School of Business,touring Little Rock Central High Historical Site! @thm.business @thm.fachschaft.wirtschaft,0,09/20/2024 12:31,https://instagram.com/stories/atu_business/3461480767339930412,IG story,,Lifetime,219,189,1,0,1.0,0,,218,
18046752382781820,17841402627774708,atu_business,ATU LeMoyne Smith School of Business,bowling pros 💪🏻 #THMTakeover,4,09/20/2024 08:24,https://instagram.com/stories/atu_business/3461356742206952993,IG story,,Lifetime,202,168,1,0,,0,,189,
18048678280744068,17841402627774708,atu_business,ATU LeMoyne Smith School of Business,did you know that the school of business offers an AB2M program?,5,09/20/2024 08:12,,IG story,,Lifetime,179,172,0,0,,0,,196,
18101973073438632,17841402627774708,atu_business,ATU LeMoyne Smith School of Business,biggest burrito: 0 niklas: 1 @thm.fachschaft.wirtschaft @thm.business,0,09/19/2024 18:19,https://instagram.com/stories/atu_business/3460931360854972043,IG story,,Lifetime,261,222,1,0,1.0,0,,287,
18252662083253231,17841402627774708,atu_business,ATU LeMoyne Smith School of Business,first time at a tex-mex restaurant!,0,09/19/2024 17:34,https://instagram.com/stories/atu_business/3460908419194950184,IG story,,Lifetime,269,228,1,0,,0,,276,
18284523364231553,17841402627774708,atu_business,ATU LeMoyne Smith School of Business,COFFEE HOUR ☕️,19,09/19/2024 14:34,https://instagram.com/stories/atu_business/3460818031381809251,IG story,,Lifetime,284,235,1,0,2.0,0,,304,
18070204891579493,17841402627774708,atu_business,ATU LeMoyne Smith School of Business,Coach Shipp teaching us about (American) football in Leon’s Lounge! #THMTakeover @atuathletics  @thm.business @thm.fachschaft.wirtschaft,5,09/19/2024 12:39,https://instagram.com/stories/atu_business/3460759967526022791,IG story,,Lifetime,744,664,2,0,,0,2.0,233,
18061769806654860,17841402627774708,atu_business,ATU LeMoyne Smith School of Business,meeting the football team! #THMTakeover @thm.fachschaft.wirtschaft @thm.business  @atuathletics,8,09/19/2024 11:32,https://instagram.com/stories/atu_business/3460726428227010770,IG story,,Lifetime,704,645,4,0,1.0,0,,261,
18003381005486479,17841402627774708,atu_business,ATU LeMoyne Smith School of Business,THM students are teaching ATU students about their university! #THMTakeover @thm.business  @thm.fachschaft.wirtschaft,0,09/19/2024 10:30,https://instagram.com/stories/atu_business/3460695110776697445,IG story,,Lifetime,1240,963,2,0,1.0,0,30.0,298,
18010841522370379,17841402627774708,atu_business,ATU LeMoyne Smith School of Business,,5,09/19/2024 07:55,,IG story,,Lifetime,348,307,3,0,,0,8.0,279,
18134590483361643,17841402627774708,atu_business,ATU LeMoyne Smith School of Business,#THMTakeover  ending our day at Tyson Corporate Headquarters!,0,09/18/2024 12:09,https://instagram.com/stories/atu_business/3460020240963271116,IG story,,Lifetime,241,197,3,0,,0,,238,
18049389541913971,17841402627774708,atu_business,ATU LeMoyne Smith School of Business,product testing tour at UL Solutions! #THMTakeover,5,09/18/2024 09:51,https://instagram.com/stories/atu_business/3459950612698357472,IG story,,Lifetime,240,192,3,0,,0,2.0,238,
18336630229127659,17841402627774708,atu_business,ATU LeMoyne Smith School of Business,product taste testing at Walmart culinary office! #THMTakeover @thm.business @thm.fachschaft.wirtschaft,7,09/18/2024 08:05,https://instagram.com/stories/atu_business/3459897352368982232,IG story,,Lifetime,1126,829,0,0,1.0,0,,206,
18269224450218179,17841402627774708,atu_business,ATU LeMoyne Smith School of Business,inside Walmart TV 💙💛 #THMTakeover @thm.fachschaft.wirtschaft @thm.business,5,09/18/2024 06:51,https://instagram.com/stories/atu_business/3459860357777274317,IG story,,Lifetime,1122,816,3,0,,0,,218,
17989515212552037,17841402627774708,atu_business,ATU LeMoyne Smith School of Business,good morning from Walmart Home Office! #THMTakeover @thm.business @thm.fachschaft.wirtschaft,0,09/18/2024 06:50,https://instagram.com/stories/atu_business/3459859488038134382,IG story,,Lifetime,710,611,2,0,3.0,0,,280,
18323662456194139,17841402627774708,atu_business,ATU LeMoyne Smith School of Business,,0,09/18/2024 05:37,https://instagram.com/stories/atu_business/3459823042589664315,IG story,,Lifetime,269,206,3,0,,0,2.0,269,
18031348616247755,17841402627774708,atu_business,ATU LeMoyne Smith School of Business,,0,09/18/2024 05:37,https://instagram.com/stories/atu_business/3459822965171299042,IG story,,Lifetime,262,210,2,0,,0,,282,
18198031351290051,17841402627774708,atu_business,ATU LeMoyne Smith School of Business,,0,09/18/2024 05:37,https://instagram.com/stories/atu_business/3459822943067332835,IG story,,Lifetime,268,214,3,0,2.0,0,2.0,295,
17900699474962841,17841402627774708,atu_business,ATU LeMoyne Smith School of Business,"First sweet tea 🥤 #THMTakeover
@thm.business",0,09/17/2024 16:19,https://instagram.com/stories/atu_business/3459421236562924779,IG story,,Lifetime,255,198,4,0,2.0,0,13.0,299,
17969239049789104,17841402627774708,atu_business,ATU LeMoyne Smith School of Business,pro golfer Claire is crushing us all… #THMTakeover  @kuh_lairrre,9,09/17/2024 14:19,https://instagram.com/stories/atu_business/3459361018151741590,IG story,,Lifetime,564,465,1,0,,0,,280,
18022337777585249,17841402627774708,atu_business,ATU LeMoyne Smith School of Business,"#THMtakeover
@thm.business  topgolf fun!!",0,09/17/2024 13:55,https://instagram.com/stories/atu_business/3459348977076796561,IG story,,Lifetime,264,204,1,0,,0,15.0,279,
18040847522083635,17841402627774708,atu_business,ATU LeMoyne Smith School of Business,STARTING OFF OUR MORNING IN THE VAULT 🤯,16,09/17/2024 08:44,https://instagram.com/stories/atu_business/3459192123109574833,IG story,,Lifetime,246,189,3,0,3.0,0,9.0,254,
18017856308530075,17841402627774708,atu_business,ATU LeMoyne Smith School of Business,@arkansastech,0,09/17/2024 08:09,,IG story,,Lifetime,198,181,2,0,,0,,241,
17853499476272326,17841402627774708,atu_business,ATU LeMoyne Smith School of Business,,5,09/17/2024 06:04,,IG story,,Lifetime,193,176,1,0,,0,,206,
18095495638457851,17841402627774708,atu_business,ATU LeMoyne Smith School of Business,#THMtakeover,11,09/16/2024 17:17,https://instagram.com/stories/atu_business/3458732380353850956,IG story,,Lifetime,262,207,2,0,,0,,233,
18022903421459845,17841402627774708,atu_business,ATU LeMoyne Smith School of Business,,15,08/01/2024 09:09,,IG story,,Lifetime,119,113,2,0,,0,,138,
17913557183974251,17841402627774708,atu_business,ATU LeMoyne Smith School of Business,Learn more about our cultural learning experience in Germany ⬇️,0,08/01/2024 09:52,,IG story,,Lifetime,109,100,3,0,,0,,144,
18006858578343043,17841402627774708,atu_business,ATU LeMoyne Smith School of Business,,5,08/02/2024 08:36,,IG story,,Lifetime,158,145,4,0,,0,,177,
17962758710788784,17841402627774708,atu_business,ATU LeMoyne Smith School of Business,first group are winners!!,4,08/02/2024 09:20,,IG story,,Lifetime,143,133,4,0,,0,,167,
18234245929263980,17841402627774708,atu_business,ATU LeMoyne Smith School of Business,another round of winners!,4,08/02/2024 09:40,,IG story,,Lifetime,149,136,2,0,,0,,180,
18091575976411916,17841402627774708,atu_business,ATU LeMoyne Smith School of Business,winner winner 😎,2,08/02/2024 09:45,,IG story,,Lifetime,134,125,2,0,,0,,135,
17845024896265895,17841402627774708,atu_business,ATU LeMoyne Smith School of Business,the tech bandits escaped with 25 minutes to spare!!,3,08/02/2024 10:12,,IG story,,Lifetime,129,121,2,0,2.0,0,,148,
18065730085580663,17841402627774708,atu_business,ATU LeMoyne Smith School of Business,more winners!!,3,08/02/2024 10:48,,IG story,,Lifetime,141,135,3,0,,0,,151,
18035904386496247,17841402627774708,atu_business,ATU LeMoyne Smith School of Business,"sad day :,(",5,08/02/2024 10:49,,IG story,,Lifetime,141,138,2,0,1.0,0,,164,
18455489407058408,17841402627774708,atu_business,ATU LeMoyne Smith School of Business,,7,08/13/2024 12:25,,IG story,,Lifetime,129,124,1,0,2.0,0,,139,
18037879655090723,17841402627774708,atu_business,ATU LeMoyne Smith School of Business,See us tomorrow at the River Valley Business Expo! ATU has a SPACE for you!,15,08/14/2024 11:12,,IG story,,Lifetime,180,177,5,0,2.0,0,2.0,252,
18082521070498010,17841402627774708,atu_business,ATU LeMoyne Smith School of Business,Popsicle Patrol!,0,08/17/2024 07:56,,IG story,,Lifetime,118,111,3,0,,0,,130,
18041963713816374,17841402627774708,atu_business,ATU LeMoyne Smith School of Business,,4,08/17/2024 07:56,,IG story,,Lifetime,106,103,2,0,,0,,94,
18456655417062466,17841402627774708,atu_business,ATU LeMoyne Smith School of Business,,0,08/17/2024 07:56,,IG story,,Lifetime,104,102,2,0,,0,,129,
17913454958985424,17841402627774708,atu_business,ATU LeMoyne Smith School of Business,,6,08/17/2024 08:38,,IG story,,Lifetime,113,104,3,0,,0,,133,
17992734686674835,17841402627774708,atu_business,ATU LeMoyne Smith School of Business,,0,08/17/2024 11:13,,IG story,,Lifetime,106,102,5,0,,0,,141,
17922932150840484,17841402627774708,atu_business,ATU LeMoyne Smith School of Business,,13,08/17/2024 11:13,,IG story,,Lifetime,96,94,4,0,,0,,124,
17875136436113682,17841402627774708,atu_business,ATU LeMoyne Smith School of Business,,0,08/17/2024 11:13,,IG story,,Lifetime,99,96,4,0,,0,,136,
18352414897116133,17841402627774708,atu_business,ATU LeMoyne Smith School of Business,,7,08/17/2024 11:14,,IG story,,Lifetime,97,94,4,0,,0,,129,
18242792803256897,17841402627774708,atu_business,ATU LeMoyne Smith School of Business,,0,08/17/2024 11:14,,IG story,,Lifetime,101,96,4,1,,1,,122,
18073368916553947,17841402627774708,atu_business,ATU LeMoyne Smith School of Business,move-in day with jerry the bulldoll!,5,08/17/2024 11:31,,IG story,,Lifetime,98,96,4,0,,0,,123,
17998995278489336,17841402627774708,atu_business,ATU LeMoyne Smith School of Business,,6,08/17/2024 11:33,,IG story,,Lifetime,98,96,3,0,,0,,104,
18164557087309123,17841402627774708,atu_business,ATU LeMoyne Smith School of Business,Project LEAD is starting soon!,0,08/18/2024 06:53,,IG story,,Lifetime,160,154,5,0,,0,,178,
18043698703797000,17841402627774708,atu_business,ATU LeMoyne Smith School of Business,"opening remarks from
Dr. Russ Jones! Project Lead",6,08/18/2024 07:25,,IG story,,Lifetime,147,140,5,0,,0,,170,
18018467420446242,17841402627774708,atu_business,ATU LeMoyne Smith School of Business,#dadjokes,22,08/18/2024 07:47,,IG story,,Lifetime,148,143,3,0,,0,,174,
18040598902989103,17841402627774708,atu_business,ATU LeMoyne Smith School of Business,,5,08/18/2024 07:49,,IG story,,Lifetime,147,142,6,0,2.0,0,,178,
18247294204254684,17841402627774708,atu_business,ATU LeMoyne Smith School of Business,Learning about the conversation tool from Dr. Phillip McClure! Project LEAD,6,08/18/2024 07:55,,IG story,,Lifetime,144,137,4,0,,0,,165,
18002804252464990,17841402627774708,atu_business,ATU LeMoyne Smith School of Business,Utilizing our new communication skills!,7,08/18/2024 11:33,,IG story,,Lifetime,195,189,3,0,,0,,211,
17934471653903896,17841402627774708,atu_business,ATU LeMoyne Smith School of Business,Stop by our booth at the Involvement Fair!,0,08/19/2024 17:29,,IG story,,Lifetime,225,217,3,0,,0,,234,
17925402308941680,17841402627774708,atu_business,ATU LeMoyne Smith School of Business,,15,08/19/2024 19:56,,IG story,,Lifetime,181,165,4,0,2.0,0,,192,
18196189270290589,17841402627774708,atu_business,ATU LeMoyne Smith School of Business,our freshman are getting social and learning about student organizations within the School of Business!,5,08/20/2024 11:23,,IG story,,Lifetime,192,170,1,0,2.0,0,,199,
18017111474424582,17841402627774708,atu_business,ATU LeMoyne Smith School of Business,,5,08/20/2024 11:52,,IG story,,Lifetime,191,171,4,0,,0,,242,
18308285974087511,17841402627774708,atu_business,ATU LeMoyne Smith School of Business,,0,08/20/2024 12:15,,IG story,,Lifetime,185,172,3,0,1.0,0,,229,
17872654215091869,17841402627774708,atu_business,ATU LeMoyne Smith School of Business,,0,08/20/2024 12:15,,IG story,,Lifetime,183,171,1,0,,0,,213,
18038017007114844,17841402627774708,atu_business,ATU LeMoyne Smith School of Business,,0,08/20/2024 12:17,,IG story,,Lifetime,183,172,1,0,,0,,200,
18035443993907101,17841402627774708,atu_business,ATU LeMoyne Smith School of Business,,0,08/20/2024 12:24,,IG story,,Lifetime,179,171,2,0,,0,,200,
18053942749754321,17841402627774708,atu_business,ATU LeMoyne Smith School of Business,,0,08/20/2024 12:33,,IG story,,Lifetime,180,171,2,0,2.0,0,,207,
17846733702263265,17841402627774708,atu_business,ATU LeMoyne Smith School of Business,,5,08/20/2024 14:35,https://instagram.com/stories/atu_business/3439075336330358327,IG story,,Lifetime,271,225,3,0,,0,,186,
18452619727041379,17841402627774708,atu_business,ATU LeMoyne Smith School of Business,,0,08/20/2024 14:38,,IG story,,Lifetime,173,164,3,0,,0,,195,
17861421513214537,17841402627774708,atu_business,ATU LeMoyne Smith School of Business,,15,08/20/2024 14:38,,IG story,,Lifetime,175,164,2,0,3.0,0,4.0,213,
18099254125401378,17841402627774708,atu_business,ATU LeMoyne Smith School of Business,"Congrats
 @ethan_whitlock12!!!",15,08/20/2024 17:39,,IG story,,Lifetime,177,164,3,1,6.0,0,18.0,212,
17955254813698557,17841402627774708,atu_business,ATU LeMoyne Smith School of Business,Happy first day of classes! Stop by the Rothwell lobby to take your first day picture!!,5,08/21/2024 06:01,,IG story,,Lifetime,177,166,2,1,1.0,0,,192,
17915554385976024,17841402627774708,atu_business,ATU LeMoyne Smith School of Business,Happy first day of class!,0,08/21/2024 10:08,,IG story,,Lifetime,163,153,1,0,4.0,0,,189,
17915926703882257,17841402627774708,atu_business,ATU LeMoyne Smith School of Business,,5,08/21/2024 14:38,,IG story,,Lifetime,168,161,1,0,,0,,162,
17925969824941966,17841402627774708,atu_business,ATU LeMoyne Smith School of Business,Need a sweet treat? Stop by the Rothwell lobby today!,0,08/22/2024 05:50,,IG story,,Lifetime,173,167,1,1,,0,,177,
17936270222888423,17841402627774708,atu_business,ATU LeMoyne Smith School of Business,,5,08/22/2024 07:09,,IG story,,Lifetime,179,160,1,0,,0,,171,
18016569860250686,17841402627774708,atu_business,ATU LeMoyne Smith School of Business,location hint Business Bucks have been hidden in Rothwell!,6,08/22/2024 10:13,,IG story,,Lifetime,183,176,1,1,,0,,197,
18244521193262711,17841402627774708,atu_business,ATU LeMoyne Smith School of Business,,0,08/22/2024 12:25,https://instagram.com/stories/atu_business/3440459550317538454,IG story,,Lifetime,275,240,1,0,1.0,0,12.0,247,
18320881294198067,17841402627774708,atu_business,ATU LeMoyne Smith School of Business,Cash Cow is BACK and she’s giving away Business Bucks!,5,08/23/2024 07:02,,IG story,,Lifetime,264,246,3,0,1.0,0,,277,
18028913786056941,17841402627774708,atu_business,ATU LeMoyne Smith School of Business,@atuagriculture_tourism @atucampuslife @arkansastech @newstudentsatu,0,08/23/2024 09:11,https://instagram.com/stories/atu_business/3441086385074186447,IG story,,Lifetime,2459,1617,7,0,1.0,0,,305,
18039810176050359,17841402627774708,atu_business,ATU LeMoyne Smith School of Business,,11,08/25/2024 17:12,,IG story,,Lifetime,208,199,2,0,5.0,0,,199,
18040120469057834,17841402627774708,atu_business,ATU LeMoyne Smith School of Business,,13,08/26/2024 11:17,,IG story,,Lifetime,206,187,2,0,2.0,0,,206,
18040268084051012,17841402627774708,atu_business,ATU LeMoyne Smith School of Business,Congratulations to @allie_stoll for winning Cash Cow’s Back to Class giveaway! Please message this account to claim your prize!!,15,08/27/2024 06:58,,IG story,,Lifetime,169,164,0,0,2.0,0,16.0,190,
18199167385288833,17841402627774708,atu_business,ATU LeMoyne Smith School of Business,,5,08/27/2024 10:39,,IG story,,Lifetime,163,159,3,0,1.0,0,2.0,183,
18064878628559217,17841402627774708,atu_business,ATU LeMoyne Smith School of Business,,0,08/29/2024 07:10,,IG story,,Lifetime,186,178,3,0,,0,2.0,198,
18057845590667238,17841402627774708,atu_business,ATU LeMoyne Smith School of Business,Apply to be a member of the Business Student Leadership Council today!,0,08/29/2024 08:09,,IG story,,Lifetime,185,175,3,0,,0,,207,4.0
17876354502118101,17841402627774708,atu_business,ATU LeMoyne Smith School of Business,@taylornation @taylorswift  @marketing_taylorsversion students are hard at work this morning to earn their Taylor Nation beads!,9,08/30/2024 07:18,https://instagram.com/stories/atu_business/3446116966929305636,IG story,,Lifetime,325,290,3,1,2.0,0,60.0,263,
18024587225370231,17841402627774708,atu_business,ATU LeMoyne Smith School of Business,,0,09/02/2024 09:26,,IG story,,Lifetime,188,185,1,0,3.0,0,,196,
17852127459269470,17841402627774708,atu_business,ATU LeMoyne Smith School of Business,"What is Cash Cow up to? 🤨

Check back later for a fun surprise!",4,09/04/2024 10:40,,IG story,,Lifetime,197,192,5,1,1.0,0,,169,
18090169216473335,17841402627774708,atu_business,ATU LeMoyne Smith School of Business,,15,09/04/2024 11:55,,IG story,,Lifetime,171,165,3,0,,0,,175,
17903225340034419,17841402627774708,atu_business,ATU LeMoyne Smith School of Business,,15,09/05/2024 13:12,,IG story,,Lifetime,156,152,2,0,1.0,0,,153,
18069671974587264,17841402627774708,atu_business,ATU LeMoyne Smith School of Business,,5,09/10/2024 09:02,,IG story,,Lifetime,150,146,2,0,1.0,0,,150,
18137187796353264,17841402627774708,atu_business,ATU LeMoyne Smith School of Business,,5,09/10/2024 10:48,,IG story,,Lifetime,142,138,0,0,,0,,152,
18041431148062323,17841402627774708,atu_business,ATU LeMoyne Smith School of Business,,5,09/11/2024 10:47,,IG story,,Lifetime,147,142,0,0,1.0,0,,154,
18051445942855006,17841402627774708,atu_business,ATU LeMoyne Smith School of Business,,0,09/11/2024 10:47,,IG story,,Lifetime,140,138,0,0,1.0,0,,151,
18352457584114587,17841402627774708,atu_business,ATU LeMoyne Smith School of Business,,0,09/12/2024 11:09,,IG story,,Lifetime,203,196,3,0,2.0,0,,208,
17990348423539986,17841402627774708,atu_business,ATU LeMoyne Smith School of Business,,10,09/13/2024 09:34,https://instagram.com/stories/atu_business/3456318398483803076,IG story,,Lifetime,225,196,1,0,3.0,0,,178,
18079198867473746,17841402627774708,atu_business,ATU LeMoyne Smith School of Business,,15,09/14/2024 06:14,,IG story,,Lifetime,163,157,3,0,1.0,0,,159,
18042770197995686,17841402627774708,atu_business,ATU LeMoyne Smith School of Business,,0,09/15/2024 14:14,,IG story,,Lifetime,205,193,2,2,1.0,0,,214,
18037034651485118,17841402627774708,atu_business,ATU LeMoyne Smith School of Business,THM takeover 🇩🇪🇺🇸,0,09/16/2024 07:59,https://instagram.com/stories/atu_business/3458444607153897503,IG story,,Lifetime,296,244,4,0,,0,,264,
18073060660506415,17841402627774708,atu_business,ATU LeMoyne Smith School of Business,campus tour with our Good as Gold Ambassador @pauvgp!  #THMTakeover,0,09/16/2024 10:27,https://instagram.com/stories/atu_business/3458519224575036659,IG story,,Lifetime,1546,1392,3,0,1.0,0,30.0,272,
18035006222180306,17841402627774708,atu_business,ATU LeMoyne Smith School of Business,#THMTakeover,0,09/16/2024 10:28,https://instagram.com/stories/atu_business/3458519763702463622,IG story,,Lifetime,282,233,2,0,,0,,310,
18051844435843167,17841402627774708,atu_business,ATU LeMoyne Smith School of Business,catching up after a few months <3 #THMtakeover,0,09/16/2024 16:16,https://instagram.com/stories/atu_business/3458694784760670934,IG story,,Lifetime,282,228,1,0,,0,2.0,260,
